forecast_day,h01,h02,h03,h04,h05,h06,h07,h08,h09,h10,h11,h12,h13,h14,h15,h16,h17,h18,h19,h20,h21,h22,h23,h24
2024-01-04,53.256684761219645,50.850047920232164,44.57027954148238,43.752239524990046,46.08992943000086,60.0327843420853,75.05124410421817,88.34655434977479,90.04932231584854,88.70773052152542,94.01592872601276,94.82670317101356,97.13060891519993,105.51322430604844,117.8145310423674,120.8761683638055,137.39113826292052,148.706523014058,144.35730124697727,135.5498773495701,121.7556899481224,121.27613388550893,109.3969902171918,103.10513033788926
2024-01-05,79.57154122090328,71.13389294507051,64.1590906730375,61.062047976900914,56.748751073326574,61.729392834514044,75.94306590704377,84.23452588772032,83.76446929878806,80.16436745533332,80.97720970153219,77.57302389165287,72.88616454669787,72.05915279028565,79.54115295086851,74.50076275722415,88.75977223142422,85.26252503643168,81.02307494323495,74.47993713135143,72.14004758097892,72.07046128098642,65.3704261875802,54.51295882759319
2024-01-06,80.08644114009103,78.83917729454168,75.42419074645076,75.09795153046659,75.46602807652356,79.26511151135071,91.31175187277393,106.51722205106773,112.30858964349451,113.50955407741561,114.03100666840415,112.2692738855905,110.25628918101003,113.28830816590458,112.63618370913264,113.9771528685327,121.01558657294414,113.66635894405717,104.79503176687811,98.21187842149025,88.60990763994698,87.26482663956682,78.26583983346217,72.76997402256774
2024-01-07,77.8007733077699,73.4047310349631,68.21369100345828,68.06708216518828,70.78970611571683,63.055664149947006,71.92373490743981,81.64400964552979,88.03202320560851,92.16353193317042,89.18724040054515,83.79493222522017,79.48902317926269,80.29995533925647,87.53518783634173,96.20810452142052,105.07125934146049,114.53087894148052,109.6611717854068,96.74650637136733,90.39656778697139,88.86823285064506,77.30141737380579,73.06193265986809
2024-01-08,83.25121605034604,79.72736337886207,75.79922877852262,78.27140025779788,90.60638143181009,111.06563948898037,130.01267356430907,135.15766954623024,124.97345593561988,120.28396769601831,115.03268369104609,111.10355773099113,111.48021155765679,110.53665312673738,127.41794041234482,134.1282555154343,140.11726186327098,146.07850450145074,139.56300141787204,127.75009697777568,114.69689343193544,109.04604419841168,99.70066261828713,98.0415415938227
2024-01-09,88.58808858898358,87.74165820476675,85.36889465463841,87.14840075016238,95.17403828876547,119.37436748414262,138.3927266081948,145.34701278004752,133.26509750112535,118.92871899730467,112.46529471247575,113.0919871358102,116.35151526557217,117.33152907587957,137.41605123249994,145.5107042624771,158.81863639212366,162.1971123482611,156.88113505602723,143.5643987646166,129.00402449342238,120.20598247652295,110.61084847904729,109.96764295758544
2024-01-10,89.25057065953233,88.6768221427674,85.80461382022972,88.24534945432389,95.46422924631905,114.04049999102556,134.1752234284463,143.63729836149105,133.70331552086176,126.05556481228092,123.1937736952094,122.92604881892511,129.53196542368045,134.60543163447986,147.06471346020368,152.6084720918101,164.6389983230816,167.32158679784692,164.5722520317845,147.40014897462675,134.69559882213892,131.68981582798455,122.23613616746339,125.04795257436629
2024-01-11,89.80113494024012,88.17224825926114,84.30970422833721,85.12183697916367,92.9370905982847,112.85046171606834,128.5335468217559,136.26043565968197,128.4181331010596,117.49832227262853,117.14045855571746,114.29741677707757,118.32867571110963,120.52300343858622,132.53577413421021,136.2537271947218,152.3763454606104,156.33261630285102,144.49479855190143,129.85040924467586,121.54962412812273,117.65693452508539,110.74696963287198,108.65928885639788
2024-01-12,87.26777550947665,84.37247867936367,80.89959479634308,83.53538178153377,87.97230054960012,102.3232934767387,118.51352522122491,127.72523697716755,123.8006611910737,115.7449848061509,112.93760197972625,107.2183019871125,107.66141404926034,97.30684473721507,114.33437381651703,118.6314213001539,125.25589201148827,110.29572764261303,100.40804843236435,99.15122941647293,87.80636845774615,79.52207357971383,68.1854664954588,63.3742240037304
2024-01-13,80.59454674702653,74.06721963149681,66.8628268865783,67.06397154772007,65.36083972549153,54.853505671727206,60.74453515695427,69.37601541205566,72.68105663348759,63.47797100123405,52.70806689058996,41.591909100308996,30.58869609393905,28.082998846960635,41.57353136562602,48.05483438658368,60.48018970823928,43.38858286820425,45.7823622343756,50.81059974143362,41.714156440218375,44.83954958823614,32.37502792919355,27.13388372407239
2024-01-14,58.784129428411525,56.86795588283608,54.44160208771251,56.18905751931143,57.23006040415725,51.03081531970862,59.647375426502734,71.77785684664407,75.34023612873018,76.0401995163416,70.84325204242612,64.09080791881303,56.09040092703033,59.023279713700994,72.81213549358236,86.37173781108788,102.20371027773238,107.34308990332488,103.11168589279151,93.86970147089968,87.93502090888815,81.14980033012594,61.979437595535856,58.049143045589894
2024-01-15,60.871167051629605,56.96462094401036,51.740308617077034,53.73709330302558,66.44141434144717,88.34681390847248,108.69349387053671,115.34316294883708,110.03208318232939,104.02302091457975,99.50571438119702,97.41488207229193,98.22645863622056,99.21309129651694,108.41651097556732,113.97126103305969,131.8942926314429,135.58467024094904,132.46493400311346,120.86887046672157,114.3147031142197,113.58310475056619,101.05882099821355,101.02523575060079
2024-01-16,79.68961832674262,78.14726507418023,77.80005269409065,78.8722323193315,85.9466747015136,103.84417333581956,126.51328128671472,142.45717526830322,141.5476531375587,133.91322349146378,133.54766779850945,130.14943614107008,128.76971494764197,124.2807758477046,130.11087223890783,133.02287878614896,140.90598639607785,131.9064911953376,125.96600612877518,111.79925229364098,104.94305685365492,97.63975346277148,86.01620683710236,80.3460896397547
2024-01-17,66.84840303655625,63.32200729545899,60.5522595688243,61.20661501095599,62.855108248812506,75.03022420775352,98.02898714694885,119.53282477745975,125.49867178714686,127.69355453313963,134.43762031110413,137.45582982985079,141.79919813629215,147.90295130250027,148.3338235736887,151.52318858062148,163.24893559238134,158.76512229777538,149.78643983429254,134.43180241094922,127.46394812651688,120.51809153591107,112.56189691765819,110.28689893881625
2024-01-18,77.41200619917898,74.98377336838311,72.11685223439996,72.48790989699212,78.09737960136572,95.05045242109401,114.50639309308205,125.79359199755842,124.99687646040557,117.63385877181842,115.33151744399177,114.43004111151673,111.22239489835488,104.81265164940463,110.39828392558584,108.17221694068952,110.95447665838938,85.36265306832902,72.11236642274906,67.36960536431573,63.39416415611404,55.592526325461854,44.673172681189676,39.88526745258621
2024-01-19,62.18094933015685,56.09124142600747,53.81956618966571,54.74302094045321,59.47375215714677,71.28019774687976,95.9166594689742,107.01726031197647,96.00473212418703,88.54546495346011,80.33247249287898,70.44801811016359,67.6314219925649,65.48906725695967,74.84675687417388,76.56419922180024,76.61069518828346,60.18012352282915,51.06317203898138,52.852610298486255,43.87170614104848,45.29355272210708,33.22355938881731,30.017662054233426
2024-01-20,60.01152587784808,56.57374218052485,52.3996734773432,52.03561561405907,48.72952925313108,44.47826701021977,51.450869956098344,62.05466521933897,63.57143724577724,55.49921767856748,50.238736144223154,49.07534275510978,51.36577741922719,58.30154663198196,72.53018230797437,85.18122435912821,101.82784002384443,103.34404740764674,97.59845946044724,89.68175391556055,81.99067294214788,79.51576927485988,69.18420211552076,62.535568775850265
2024-01-21,60.16880780760113,55.56941067378449,49.14582376684604,46.04730289564652,40.45106166204147,31.168657385518827,31.81942924226047,41.34290336155331,39.53948227695554,39.77311695259262,36.38740272701501,32.97159999202264,25.316791621642707,27.830263080949777,40.32600081782062,50.6387665027529,71.05959365167747,79.43316209155262,78.50590025444927,73.53587983736905,70.88951689952121,71.76873399616377,54.028868092508255,48.13605855488179
2024-01-22,29.367694472060037,27.985307458534045,23.48619282842833,24.73852010805716,39.28178922439845,64.26206363648663,81.73052925449912,87.8406528239774,78.36497274390831,71.88855197487041,69.97148964207983,67.30550233950144,67.021631580113,70.44274285543742,76.30527288092239,78.06109719443852,93.69584445227576,97.70660941195126,96.43015370913304,85.8692130292959,74.39456127199958,71.31272944949818,54.53193855773152,50.77735062801271
2024-01-23,10.87076321966164,9.753047808417136,6.432536603926565,6.448621800920932,18.67459657791396,43.81719423319798,67.71610587383414,74.51613680359412,65.57382970391956,55.79360861059649,51.01829301343009,43.862094838289735,43.25635851296927,48.61372129073515,60.11245278212504,66.78638963093135,83.6458889061399,91.53008201164911,76.69956650658627,62.6172185559695,54.30331880782461,48.99135284885199,32.68192353934582,25.68223427131251
2024-01-24,-4.478102102697861,-7.963809607754783,-12.805778894620659,-13.139549826226968,2.0565270920738072,26.04923731339457,48.85762514298827,57.61181846664242,46.730060812997486,37.692100929672606,34.02681226716273,25.63115412033514,22.33700906360633,27.345244601963188,35.160332086621565,39.02723034645538,53.426826013310404,60.19375077880227,47.318450766857154,38.64595374813858,33.558993350762535,35.02537044216352,21.797961559243276,14.681283974440973
2024-01-25,40.827378300300055,40.23485764882932,39.02654513491575,40.6463140314493,45.156647321877465,61.95256329338775,88.09773011551596,102.04564506124659,104.93192824054873,105.2521320459903,109.92469878250064,104.15172902752276,112.45671380006246,126.04603956715998,129.9732301528922,133.64406378684225,140.54452042473156,147.4753144546146,132.35169901190693,118.04788912081523,107.71028146312118,104.53969785074293,92.03097002858495,88.34399480104567
2024-01-26,53.61130799920446,46.64325241038492,40.47129130983007,37.52427124004032,37.627296781768095,46.17066254023587,60.256820774490194,63.69996263908209,50.685311295212806,34.36159666692643,28.458304103836028,15.6017135995492,6.732996272071162,5.323239268801146,12.26571420101024,12.707367988250738,28.027629832195984,27.70882551288105,23.475233169604863,28.210379642600216,28.124466408827857,32.45019437360588,24.92211938061297,16.198181454940283
2024-01-27,55.462052249423635,56.34363296959628,55.438953847238714,56.639294516473015,56.50565230137141,51.65697977493464,64.44844011203747,76.99182357457312,79.25928074992295,71.61419019532903,71.05081915281893,60.786754045597164,60.726516117915125,72.83256426435625,88.69912645274789,104.63021106631663,119.78553875854656,130.2103108394811,115.96601545267225,108.24330679307617,99.94890141610034,98.83604347297997,94.15559403094325,91.20748767422533
2024-01-28,62.996325885331096,63.78617580626732,60.7690377812808,59.829534045851965,57.79602922187146,58.08212295646888,62.831551679904265,62.43642231445885,50.09872671051257,32.696106197278226,26.5009385879342,20.35906139120266,22.673259339247025,32.4407524034647,48.291665534638916,60.265594784379886,68.88051065567211,78.53587888807854,69.21026122907193,59.25066817084064,56.142400939025286,54.60202997593982,39.63453831576902,35.20650624883994
2024-01-29,49.58752720348528,48.18117798140147,49.0917054726073,54.66147090581417,67.45325956135909,93.99343962008462,119.15927291628194,128.81201811975274,112.3339681671848,97.52065315231086,93.20635728978294,106.30252286820503,119.67683162049639,128.01377735087584,146.38377406359152,149.75658161179507,161.9534555578328,163.47653411203598,152.49251522601978,138.58447667373903,121.38040986791405,116.41033966993265,103.03103512053228,98.72202773145236
2024-01-30,67.7667496898322,64.55140001445407,60.358990315289816,61.545855484340635,68.84219465657736,88.12524711249704,105.89152762206928,111.66970400056636,97.22778332330428,85.40389405624336,84.2948397487783,85.10752906789861,88.56026401994443,90.38633253732255,90.72359955241103,87.2887208070926,89.59757534586446,85.46207508494808,76.56051256492437,67.02114794174723,61.68742324482975,59.35233511692803,50.10077707686454,46.99281592347601
2024-01-31,70.71453026408693,72.36406713380536,74.33020094219617,78.24196993665616,90.1441671141586,112.3699583730775,131.0557361360457,139.8342119777205,127.79584033487679,111.91092537708461,100.10469821816108,90.76984822374858,84.0313065863932,86.68085229124418,93.37692694951987,97.18567944117792,100.115691330337,94.02490685153613,81.23290826674403,71.67907533679863,57.356544908570996,51.137524928204414,37.03618406474043,38.44942450309347
2024-02-01,41.838705342342756,39.67309908344563,37.97280434699292,38.13937402648744,42.54771915989693,59.96785271694872,75.06504235848973,88.78174320220427,75.73828736302477,62.33145599988026,54.44793422913783,43.1299009541909,38.53301393026472,45.58757431216029,57.93793175925098,72.72188250570835,90.0429090912051,98.67484732954865,88.44769647698108,79.82985049887333,75.17444258193422,74.38824613735369,68.12509749888325,62.834668065904694
2024-02-02,58.24321909610559,55.96985253268247,53.30772163597261,53.902612860486045,59.516947783526,71.05594406362093,87.34514750472425,92.76817068856016,83.55999815468334,74.47840715225327,65.64476262032431,51.36729185156926,41.21228022456055,32.56333623376226,36.864378795480704,42.29113899020058,51.84248758811016,41.44920204234431,50.48698637293036,50.3911125971773,44.76501400044067,47.64734130397876,33.82860635198388,29.767222122337273
2024-02-03,18.838974171689713,18.078977784645076,14.235783602655673,11.39127421731655,5.63564527051318,-6.02173978107227,0.2722050074093971,12.196659658582163,21.24848078551652,19.06342303459097,15.131269165390648,10.97618537605726,3.1080158228789116,7.8918130397464665,8.799177545872027,13.96344287555253,35.98448139391189,43.78611457934804,41.24981931603111,30.737528983776272,27.169637124927704,33.53750561061463,24.869935035966165,13.40497714889193
2024-02-04,25.315040270123234,21.22240868984106,12.136399379215831,9.968452553183454,2.8808270387578148,-8.946549818344337,-6.0284165958776015,0.6439527508813683,3.0839212987756355,5.257396017285814,3.8285212480858775,-10.826683098755169,-20.628877869828344,-18.482579308663745,-4.099649049253927,10.510992506219253,30.999798360119854,48.687585821081115,50.99449148909949,39.9286567077541,38.0912140636858,45.79066832060046,25.541376091209372,21.412760489303054
2024-02-05,-7.453367344182865,-7.051566398374604,-13.388701887831019,-12.030826326589064,2.83299568448075,36.77364231212006,60.50050822001724,62.796384377259336,42.12832398310498,22.831512148644904,11.32059008689076,7.865541063291943,-1.9607211546176444,3.991068289169931,18.226949426981264,29.16245715067599,51.63213330172945,60.289966125208224,52.745696984739666,39.66490593146612,33.50519395851563,35.07062414584777,21.794905727440224,12.695588215158622
2024-02-06,27.586331515728872,21.158394603904682,18.681218517996385,16.05413873780678,25.89093733917028,46.653874441040074,66.51422311461853,67.27890653124851,50.11385234193864,36.277504805367315,26.684325480035213,13.929743108975444,8.59365925963644,15.773277811830368,28.160305398571865,39.60019240964189,54.460642228871805,61.971396446343164,56.331224045960624,51.671305816089685,46.4687353382852,40.5859490487868,28.444557832388057,15.994177731926513
2024-02-07,41.03817769173096,40.93488280143361,42.1159289325876,46.58662377792943,48.873161627378124,64.61045986163126,93.45595603084887,103.47669464909137,100.08347487303718,105.80672279482914,107.94880796570936,104.05268103293521,108.51582620083502,116.98767820579954,125.71417813755474,133.92759810064263,154.42746946841504,164.99949162274382,152.37875331094872,138.88532729483615,126.38810308660223,122.14040994202823,109.20584665740617,107.81919012550415
2024-02-08,73.54309637187804,73.1306546106367,74.1116006936345,76.81116485382265,81.41986008921334,101.63948480650616,118.84519142032498,123.82489883767066,121.93511885809582,116.52845355839632,114.53819302325047,110.80106321646366,110.47415209580232,107.070619883986,110.06596027242034,108.49908448079157,113.2607160773728,111.55208489492301,88.57484825969337,83.06394875511407,73.15874094388613,69.93546093251076,54.44625066213668,47.801018076899396
2024-02-09,54.88576080154024,46.655223268918164,39.75758539354595,37.95479175092539,31.79882690865574,42.99071480206723,64.52561867406638,78.09501385751321,74.66843007806324,71.97649071486057,77.94805357479385,69.96045606746374,75.37736524063396,80.55135671542652,92.26767193659111,93.04925713275763,98.67992238481465,96.99843169652621,87.38761163702836,84.3290646917784,79.95470080417077,79.38310335022425,74.5547593689354,74.55658130461265
2024-02-10,63.755634416298356,66.52528627372205,65.36594264942288,67.24217964027852,69.38600072569969,72.525945613234,82.78449107608293,89.29710192343427,88.9563104779701,83.36736335174878,81.94190139449366,86.9635196965314,86.7672789277958,89.53280242550308,95.19943352765648,100.22531295522737,109.14953344644705,103.8958427416713,90.90161513644054,82.7175209707274,72.46700662177527,67.90491004853278,58.78215446060398,49.23399491502665
2024-02-11,50.18499501919129,47.355082421317185,41.33724852629714,39.71453362665942,31.422580817262414,20.43537559020858,31.79225880348001,56.141075099351994,65.47273008138654,71.3952586128723,78.40892996545749,72.72849335488519,71.35457903025141,79.10555742649564,80.61017678333954,91.26681318769188,107.26790703272864,121.50828121556299,108.6907365551004,98.48829140376498,93.16287640754612,91.00951096532576,82.14844773689519,82.33376063181684
2024-02-12,58.535941284694495,57.40109149505714,55.517742053910986,56.204164952240546,63.154684313551925,89.6665471699152,109.35844671517047,115.97770474798189,101.21974333251582,89.48172608846767,75.23291300475577,71.23912862006472,65.39607454062288,61.42861551725727,78.6449497211698,88.78053406786879,103.34981456323962,105.77941492874282,97.36046817918387,91.65737619276817,77.78954278592421,73.26719901627513,66.60343956969267,66.78627354490473
2024-02-13,64.01456413513326,61.4108878642063,60.09320800021905,61.19132902410411,64.69419213534259,83.44584870538576,97.98540165499264,102.45761723168548,87.20294449632954,69.64048014737376,50.99704410733843,52.643202584296205,50.081090454209544,59.36734186800531,81.06015917128624,99.89710454629802,118.01046315142781,122.3824365689446,112.57016296220743,100.23851511092715,87.5376558212173,81.07863190724474,68.56263952467377,63.38234855076115
2024-02-14,56.79540178120764,54.857781951055166,52.07277376179602,52.65790431699271,54.43895699022264,64.16165810071726,79.3608589878948,90.87959489103679,86.42001331042933,82.84362423874803,81.09794754766861,75.00896307353702,74.4346176442263,77.96097853035187,83.81721368726345,84.97584031908082,98.18084584000948,104.73778063095594,92.38102962182592,87.71210784477421,83.75698805609355,78.62232301558393,71.35007113400899,68.34255274042025
2024-02-15,61.794699505537864,63.33758670066785,63.60645708600812,64.59961127176149,69.06875266150846,85.04246794077739,102.85186218477465,113.13733718959196,105.49031345019115,95.30941673628061,90.69703697159609,83.37667641277524,81.79485091644071,80.02530112858878,91.13701692864812,94.19980137239747,104.4299507237152,103.36579784207537,91.97527226187387,81.06402507861073,72.79459219988505,67.17189273720558,55.86154684270157,52.790694629945435
2024-02-16,45.63089646698684,41.09463638101354,37.38239324739629,35.65843415020723,31.46875843980662,42.41965779889564,57.875548863011105,64.62056677762976,53.17147866041,41.71734216354146,33.110312298142716,32.57750323182814,34.8705296439016,34.92398033929422,51.45076777492819,48.02541065976148,57.388825699003405,48.350582736590056,48.19104360980772,47.8205377665175,47.169776028420515,53.36139918179986,52.384889242040394,51.258894344006876
2024-02-17,55.965343510990714,55.3602949644157,53.37481427558187,54.537901884656755,49.00565571329559,41.2628000353174,48.979898720608176,70.56651388927203,73.67485944864913,69.72816412063906,69.06650423440009,70.11033510779482,67.55558301148096,76.05672455119283,86.84613000293332,100.60436819418783,121.03594908758816,131.2941920679315,128.48549710215207,119.09590357073462,108.08550486133714,106.7667851682505,98.70749561981103,88.75561703293755
2024-02-18,52.41827636688527,47.41538830896899,39.18390146145239,32.300022509716804,20.693736659589945,1.1950261307382704,-9.504680649636569,0.551026536664196,5.233074190444427,1.5251805844591644,0.6869667937744595,-2.0956049393143985,1.5227211380729528,-0.4220961640212124,21.488954827109666,26.035416830817667,41.10049254066121,52.09995140875887,37.68681430037998,37.05990287094352,34.84270330973584,28.111465621973593,15.42679899536732,-12.53450803288608
2024-02-19,39.006871459811386,37.72892121759607,35.06023643017096,38.43579288862525,52.135474209037355,76.61797969707665,99.68772084745103,104.88946345704571,94.21952085567514,83.60937976285055,76.17243980915978,68.180908763647,66.0931877581065,69.00210654066424,82.31859130622782,87.59046589559901,100.06146111025163,98.28753113104716,95.30924734928001,87.68367794921635,78.69221518030474,71.33858643383964,64.71795856337636,62.182038544495974
2024-02-20,55.14817877455323,55.55338906738692,55.68528615963133,56.432448248215316,63.714240238997085,82.96662601149569,100.24924246964622,105.83724511552707,87.93492350591427,73.66558509240302,60.08341931330818,49.120108745413,41.56953728033899,40.538895298890246,49.51693997248375,55.13609123401562,70.12807522287311,70.63486286685028,61.79031199079586,57.53105327535633,50.54524385772588,46.967545202511424,41.00253765442555,38.502716534782515
2024-02-21,45.18648767839124,44.09443111635738,43.7869298636216,44.574611503774285,49.30423987314211,65.06602833321716,83.57386524376852,95.8722750506219,77.43155609527173,60.49466028602761,47.260765900053585,38.09442068924009,34.75225064737872,40.47936507962036,58.21249386054462,67.86917424262626,77.44489549481257,73.91154212251594,61.10073446624183,54.78092787669192,47.97203330884001,43.05688721225921,33.62767263423939,29.225711575429713
2024-02-22,29.2936568202296,30.855984842282204,29.464610644755673,32.71174756379594,37.60099358697411,56.149729377362775,78.88830235461566,92.15785186588816,81.42388863624191,78.37998653914866,71.86122669259659,64.50367859773073,58.043941925134334,53.058521409561095,52.84714815131037,45.454622363952936,42.85953802040754,28.929220128545467,26.2322777695436,18.020706584595956,16.38344441579615,15.597655453037405,4.553517904588901,0.7986635251161402
2024-02-23,7.6151728872282405,6.857771634326923,3.7238683966698574,8.507993119791493,18.04884955409142,38.66304532642364,56.91698584135692,62.2117182726627,42.731326072777584,25.612812492888196,11.835428148560808,10.362832930283119,5.797667593772417,17.24312032834446,35.199691347823816,54.91201964733555,74.83351320576588,82.4374604416673,82.2637737518559,72.9165878181883,67.6507523422076,74.05873088871452,72.90241649722267,78.61817461981418
2024-02-24,65.75851526720695,67.51272027628043,65.6939308320526,62.158311801138986,61.96475362147986,66.45297322172618,66.17087754434856,67.24132554036908,56.62944121823135,37.74517007745467,23.55501332032297,12.455076211828299,1.1958513721235988,0.5473062596072396,17.497677449705463,34.425023638802884,62.234210509583036,78.74126763372908,64.21176064892146,44.106988538921215,39.618554579635855,42.3763844005977,43.86736703414082,38.144187546830445
2024-02-25,53.95142734805181,53.783630928750746,52.701160721055004,54.451418119851375,55.189373853451315,51.96076475289465,50.932169431388076,52.949443240900266,42.64346740254923,33.132962199869596,27.122909327680418,26.096091113321457,28.45782245564603,37.48142088019282,60.729673638093026,88.89118702521583,115.19814272394615,137.22293416205113,130.83135686602697,112.62474051976051,104.70224898143893,99.23058935113369,93.23145346991772,95.62996536199324
2024-02-26,54.7214385199524,51.80263522169982,50.805688093984884,49.446679756538785,56.99802163144316,81.64540885520114,97.90030218741228,103.96237141264267,92.37893472870691,93.58523781554028,89.56895488290692,84.26391710395279,90.42390907335563,88.22934693686862,92.33062529503536,89.24244786434815,96.50282084905274,106.00004805428861,98.64764122540721,86.08851315700213,78.6810335544817,76.26781504829161,72.1595884340985,72.11422809619324
2024-02-27,62.09017752126363,63.33539172410916,64.98174922190151,67.84126944838376,74.87819605901407,97.53688661800649,115.39170566029237,121.4430774479261,108.81375885738616,102.23085037672442,97.06838645686135,93.04836972136754,90.63236319568365,96.00941277685554,102.61951695001895,108.43318340634163,121.39365907313082,131.16379858851857,129.93631422134797,116.81909704969145,103.87570219409379,97.00161034008539,91.12914961392418,95.53486181246983
2024-02-28,60.3560872669944,60.181823146719054,62.73047195982994,61.95582737975414,65.41002407524809,87.73186584367554,100.26246070172809,105.31924125406053,90.19265933917697,76.16476568209859,69.08210406090835,63.81917915260016,61.2121118284866,59.492722126519574,73.23649385756464,84.88028728786645,99.5283547899082,113.17752234652058,95.9936063122747,74.55329454713413,58.804243768383515,51.43012436716992,41.6437881863075,45.330940450723766
2024-02-29,48.9584206326615,43.65276646281118,38.91367941518061,38.72522356270111,36.16060909876356,50.265328086313374,62.053143155162715,66.12960522806544,46.57828110116198,32.28329959078462,24.418652316351952,16.291748547167813,21.691872538200514,33.98799599008459,53.56298201703129,65.2050226205127,77.66308214294088,78.3984351276554,66.43082882331255,53.3864822063324,45.77659518411521,44.28324723712002,39.51373097038327,41.077085673444216
2024-03-01,62.350104772125675,61.51327017881398,61.26417673863533,63.02923528864751,66.93764439390533,80.75850880096617,98.93929993012445,106.47344901197887,95.9001186922672,93.08099329980516,90.52741366083033,81.63517621932466,86.29597879086472,90.39986051387521,97.06285307722116,99.76920931596547,111.08741222051299,99.46778676369007,97.00316604198852,87.2356873487164,77.95084305553648,74.82071459765842,75.51965850177646,72.41029374493968
2024-03-02,56.09778607999691,54.52249074187023,52.11087527928859,49.79371255198515,45.4561628469207,41.873415605812724,44.90390092143065,56.266614432922495,55.82284894647601,47.883520315605146,42.06810758222446,37.88002341863945,35.08215329229791,39.62498327730851,50.56877179884543,61.808465046761604,75.69666417895445,76.4143597631723,63.691342795867726,45.20166007721774,36.50899917965907,39.17621148481204,35.426199888497834,32.3732732418566
2024-03-03,51.494240504505534,52.01023044850388,48.197769077300265,48.11874333288625,44.09135746761195,44.906945415418505,37.033761473817236,35.35536957963865,26.214571540825204,19.55250792534828,9.986849019520847,4.732632506681156,0.8399798865294201,14.33349943176016,33.29341236024993,56.363443537105944,83.94466947796022,98.38260903712708,98.17095031444117,86.88109908561032,83.30714436323103,86.24461175258433,86.66669595601974,82.33087458355216
2024-03-04,68.32599351011645,68.5173800045874,67.6951986290475,67.8797441029021,76.91125745537838,102.08262165511957,119.62906437820695,126.89671937278855,115.99422890184718,112.22390988918104,107.29705667023286,100.6803739967043,99.71513741348706,99.39915730513106,105.66555835456997,107.86465567580959,118.91133946779429,120.93696962350923,118.14818083438217,104.3148833855502,90.05575497383836,84.40898172474374,79.27210678083624,77.77216439154437
2024-03-05,59.68845712297259,58.06518438955361,54.53339237942432,52.90315846790649,52.743745995794185,66.14280040473238,81.73049613299986,89.46668136217221,78.03983218690165,76.8821975519578,71.535740708721,70.69453638603962,70.10868986330534,69.32371242217792,73.01423149011985,74.68247859205657,86.11779790320628,82.68067319329941,87.87560208237515,79.47925624083601,70.83214550950743,71.5756344364082,73.02606278088062,72.34114857091649
2024-03-06,72.0727282179943,74.16399071993887,73.23789977720077,73.94505371453134,81.20361671818958,97.87791237606471,110.71167718877311,117.15394888671001,103.9149072314835,96.63728277439152,93.09289179075336,88.5590935307419,93.6891398487674,92.8153603115121,97.20020981167049,102.78654482794707,114.080594231033,122.62260951561652,119.54091504462353,100.92083316410978,87.18951243372692,84.49530254279792,78.01059941843917,81.20659695511426
2024-03-07,71.22398025760718,69.79105386175951,68.01846392555618,67.12490162342714,67.38515141703989,88.66202294409142,99.26459639340906,101.55913260888494,84.45177208846374,70.1102483944274,63.27061877228688,56.04943496950132,52.77176572854188,54.34816742741508,58.90601078341868,61.701830649113965,71.87284376074014,83.76114796876092,71.02113991121777,47.96104418296116,37.68074199969762,43.21814668167604,40.831082621982425,44.235040939910995
2024-03-08,65.93412394937467,63.908008294580284,61.2953274474948,60.95909686761733,63.3506867472134,79.46116610654495,89.0942119697109,86.61805000337458,52.76487576876928,24.706892717685918,1.3800551797392728,-28.472769507098505,-24.139641408923183,-16.98829206114158,7.574722665049876,18.211364717403328,38.92250744984517,41.110002524205,48.16472242891015,36.96116114855387,29.48546434343315,37.09778891112448,34.946550274079385,37.64108597898505
2024-03-09,53.387640223535385,50.96324334198956,50.892913420045005,50.16341297321597,53.43922114430137,48.96649561598147,40.72050506935355,38.51480201008263,19.064509297239496,-3.0242617692322966,-18.917583014590505,-23.88590971068956,-28.611429437079593,-15.637956032590154,1.5263576501059077,25.568684390173047,56.253541623389125,70.84625109471153,68.0528118773265,55.77093503226759,45.46675666226581,48.35192553871963,48.20772022446705,40.6708293744558
2024-03-10,43.48394951267949,40.16531269001259,35.8355595840082,35.27747482257808,25.995009992576428,18.365067661618582,7.639187799811268,9.090735296780025,5.497336402941627,-7.377683434912669,-16.140933251107754,-24.067197631501813,-35.780385479914926,-30.772321144405723,-10.608744500273716,17.312187468135022,45.852855745222485,65.18306374273516,69.28582089188862,57.650428037262756,55.969943660667326,59.1169558950011,51.949619565530725,43.51357240995401
2024-03-11,47.50716772969796,47.3765648767331,45.46824976936605,47.86043573063475,58.24914090537841,80.69805349385561,96.27124315605074,97.8965897369901,79.33820279937363,67.26893425512135,58.09263353194553,50.368833995592254,52.815192896513565,61.59713240728955,76.93910230494618,94.66552849339301,118.98505756089463,142.8342571047157,140.19132679122214,123.52033158658286,112.0340669768334,109.29519018972704,108.0329362171323,111.42346473504534
2024-03-12,70.84586234541402,71.72116884579543,72.95292732868954,72.81559732389755,80.41160273063373,100.32853033012275,110.93308205600675,114.69887274079501,109.21559174402378,107.61808295989843,105.64186110741295,101.3343746628021,99.15590527933414,107.87936153554766,108.03700941834488,110.76030506613651,120.48219097026893,137.02682051134323,137.76138545929098,123.88299443720919,110.23693784214424,102.75260464518334,95.72293151249876,89.8469069197033
2024-03-13,60.38668303547289,59.12169014425557,57.242568846896944,55.139333446299815,58.796808969592114,73.9399433918702,84.68889808775569,91.02734684934521,83.3497908850417,75.67342143945879,71.306876448644,68.29720530749867,68.29384642060046,69.0402590972996,71.32639011848659,74.76178607879677,86.5862518305653,92.8943005603495,88.5529750290494,68.52535629123562,56.61783634351945,55.63297744359353,47.325957220102744,49.37729177835588
2024-03-14,61.13983110124413,60.012153642175946,58.351209738923636,59.109730856978025,62.755414404911676,81.68790275162205,92.73177841919811,95.8868600633891,77.18371168191334,60.92694580764166,50.488554167951705,34.0071281535329,25.771224953734666,39.351296337386316,55.585847463407596,70.32384139186505,85.17818670060942,99.69366323452827,81.56711313644783,59.37441066000497,47.40243893110099,46.093982275315014,34.85076997513906,37.805819831036665
2024-03-15,42.8945465995755,39.808019377880846,39.41017676671158,39.926912169896006,39.79162448160159,54.78897460223452,63.627867975726105,64.90272730865996,40.66966231669302,21.63269018831329,1.5630156819279364,-8.37418840171378,-7.124405621730773,14.036519494986067,30.188825299164506,47.61742167703406,49.369842896530415,73.95470277075887,70.37358286647142,58.37889365935038,45.876365879735246,44.27893011868242,36.11395958973495,33.75818212896199
2024-03-16,42.01967729450213,40.26416388359466,37.059611915095616,35.22488195377239,39.07107905612067,31.11563747104178,28.19376272977226,29.259938787735777,22.6253536004254,15.244075350839509,4.4854190392301945,-3.147490581827171,-13.095083049042714,-5.460059267966258,2.0192536551952998,20.201619691461005,42.24281100688529,72.77731620582985,83.52494830884078,82.7527914614566,78.42465966129987,83.91251555400798,86.066507405771,86.18428530617916
2024-03-17,64.87705211522018,67.84354893687114,68.51106372916728,68.4064391740993,70.1033594470573,78.19406178097617,72.34769291158935,62.72160286775328,55.19845465587842,48.52832121522005,47.524017084605596,40.39529129199303,40.859062734504285,50.8587755813955,61.75735118015827,78.54189691692159,97.86204247559246,110.69593862490709,109.32406647301579,91.72402295938372,80.67681575553532,75.98658621286464,68.45063741247998,60.72620587072963
2024-03-18,63.3256607911181,61.56825378250811,59.73446777686081,60.70728390371569,70.0407928472612,92.16504037307153,109.02428704368303,116.28419440660315,112.34760197255162,110.47394092082295,111.27853387108586,108.21339834031093,106.70517692384718,111.49989134516731,114.34624660168689,115.81691417661112,130.7502881752714,148.80769694618817,143.75760047325565,127.64878713149018,114.81357607545068,109.17431423483642,102.65208822998106,101.49040162567839
2024-03-19,69.67420777394695,68.15215538321615,65.61839408288328,64.25956461957239,66.33240419506302,86.76102484425343,91.77035043641082,87.77480825436118,70.69705520879512,57.180642426020064,49.513527030707344,38.36663598953906,37.49405040925937,53.6571499915388,69.32673301230368,84.20609436883254,99.08604096326971,122.05451864452542,122.02754055206236,104.20701214617102,91.11516723515999,87.33504638587259,87.3052077430685,85.28113506749658
2024-03-20,76.1947778019865,76.63368094860533,76.8234319277461,77.47773725874583,82.49010154116718,103.88712026116175,109.89029299338999,104.32850203810366,84.64428370814488,71.29391152168806,64.34594519442017,60.21236101035223,65.36720946966324,74.87605815235068,87.91610075585305,100.24103344241283,123.35744402012679,151.65361117370395,142.03210408470068,122.60639799171155,106.43588528590983,98.76379745290963,92.66723488281373,91.79264540083862
2024-03-21,72.88286451786678,69.36951243694129,65.96590803421925,67.22399089533681,70.58933463639315,86.93761210659088,92.41734108262824,94.68405252721651,82.88375099206633,71.41199651616509,64.57819919718929,53.899028180551646,44.83933914944103,47.77114355913436,54.975163389422676,67.80181706421817,96.69830358352712,130.38482793913977,121.24803181456446,100.35620391638915,82.94857952438585,77.36326109973422,66.142859553226,60.126607651965664
2024-03-22,51.695203123623344,47.031891077746536,43.13665808694164,44.40983390498756,46.27095656793484,60.74246389513505,63.62745851056688,60.501855322464124,46.767249795337,37.08178795640769,33.16054030646892,30.37620553078108,29.334232579072854,35.30307271908313,48.14770135715712,64.09733776796824,86.39830457551739,115.22984861950587,115.70436570189648,105.44939078538009,92.33790901716122,90.52734711253126,85.73522940453381,83.24648559708298
2024-03-23,72.48631717293787,68.89294716538582,65.18552960277354,63.67572048522163,69.31459357342555,69.20804014820294,59.19627110987879,53.23842876039851,43.00808301187169,25.528950592420117,12.463420055965344,1.602409235096502,-16.07683939960704,-20.58879891972832,-8.436290519331877,7.671894336525597,19.51882697942966,43.56987536467908,57.61901074306002,48.6031692736439,38.79799067783013,35.383248499230504,25.35863374109813,17.49143741877043
2024-03-24,24.433558185801772,22.138879812633974,18.302059994659146,15.91032379098678,12.71300444323714,8.807505431785202,-9.441143150070232,-18.3197020553216,-30.127935602535928,-26.29182027299136,-37.64968831528891,-48.61678983761608,-44.584164997645374,-36.90053982566985,-18.257068859365276,6.1461063918650325,37.13766977181173,52.196392852021404,56.504348339224364,48.23865672896079,42.48519829993039,43.4283748903061,37.683854033423124,36.78283836438891
2024-03-25,64.18062780065866,68.54173649348877,69.55183710751554,72.27922294754141,89.56835644750953,117.75286091155102,130.1394239517972,127.09411124762595,109.69780944863919,99.12549406731918,89.47424639352354,80.07053108309378,79.40334891051275,85.90090075163414,97.07224614704339,113.4424711292534,147.64506961050023,178.31703295620292,168.75327402464308,143.206171072454,126.4870002288738,116.7339134695323,108.05335533297969,105.45062858061578
2024-03-26,71.23382941425137,64.26294511891001,59.75619538587054,53.02013206154154,54.80119582077079,68.30225972307794,66.69726526003625,61.47872575668854,38.817688228347606,16.603255764912745,5.251822507804491,4.19856216036446,-0.11376008244899083,3.011353047769205,18.902429951176515,35.13218964237704,68.1526080923289,93.14500567512815,90.20985655123626,61.35476687760071,51.64878674309051,53.17821984711945,56.666359325139446,52.52930758355079
2024-03-27,58.160232027405,57.658381839949136,57.54057338701562,58.00135461991131,62.5060624742212,81.57452662114159,89.78077619474448,92.86377142390852,81.1916905645028,75.59174157670725,74.28931983011704,74.59114957028638,81.08307224309706,90.37934434769679,100.25495098394654,112.01862632294431,135.48005461797825,152.25888929657884,140.9090692045207,117.45866602048879,107.08331310029266,99.9140475307428,87.08628600624971,87.83496196521654
2024-03-28,72.94108543298725,67.96342973807967,62.98791588274386,60.68643754433004,66.6744804906177,75.10583083899493,81.49234976509184,78.03491503039423,59.44235904988417,38.770549124852806,19.06725844823015,-13.548005448180973,-18.348703424308198,-22.375871334483037,-9.245362329600255,-4.354277457292042,10.12648969974309,48.83820261211993,49.595193375433084,39.73864686582327,28.2438787323253,30.05986827591539,13.259590061098024,13.54804655573389
2024-03-29,14.92921827588357,13.494067222160396,14.93850359601386,13.921871941427483,-1.0045415577232575,-6.395079830536758,-18.15970126907503,-5.853710345574186,5.547578444751096,0.793738284863494,5.350685147331333,17.664006769015415,8.713501017226037,10.290170115831685,12.335220301652555,30.39514024685417,60.38657495190358,77.42667386211026,97.45955161865946,88.49824961692059,79.81751196012291,81.4651305941021,80.20638918014271,80.41299364902636
2024-03-30,64.9892205615598,62.85003537156736,59.18238041475869,56.99376480682475,59.742570163873296,59.73611819987399,48.65151504385889,42.52864137525431,42.38093826344311,30.73615505278157,32.30689429682667,31.008184944083794,20.66974600850793,22.9049593519143,37.323848606610596,60.062584006767096,89.30346022080059,106.1366731592814,106.26009377081124,94.23199801619026,82.67595835548309,86.55719465216048,88.15874886092736,88.4292346841869
2024-03-31,73.50585221445222,72.7237943084164,74.9704660211604,75.91019237078024,76.3709166984751,72.79810175442329,62.00176213330336,52.01247526924777,41.41834212370111,38.83951761964103,34.93095639154779,16.892366704065424,22.260429788852733,33.68164261547832,52.54202533598626,67.49840715128802,88.3030364036942,110.5420682122064,108.98888245344924,100.1674322351414,92.07143982780345,86.62765280585218,80.76820880307255,74.45182885404915
2024-04-01,47.040261659681846,49.62278097353405,47.84333893501563,50.84001643229835,53.02034559171038,61.18625932532297,64.70050200110549,60.67255290434878,55.32209240355307,47.20804045152547,38.65795564016893,22.81350142938686,-1.7078459638003238,-24.5233498645904,-36.26012461334106,-30.33227120925548,-3.1292020601392494,20.189061786426834,6.366698288585212,-5.761719248420803,-23.550642144801472,-22.265414760679448,-36.54120530874421,-25.428913853067
2024-04-02,-7.13207255553796,-11.970825530954642,-13.32053059318278,-4.619973604699226,23.449472766539785,41.69902135325668,34.15693218937096,9.789250073840591,-15.751680399403412,-30.602929865956796,-49.30147187200525,-58.490379424872245,-63.64088434677036,-56.39150875366818,-36.20225608983081,3.016325793306052,37.86288878762781,52.78076951066541,59.24474676741126,54.58034480612608,46.68724755665524,46.75977487821924,46.917040539928024,43.678264069916374
2024-04-03,74.34364440328454,77.56011222047694,80.02959271939324,87.54107737345943,111.15035578641678,127.49572445674492,131.5436679540364,118.03662403753623,103.33267676993948,99.83880903574315,92.87738814084396,88.01020268475978,82.36131740041455,79.48979950101904,84.44455341405,93.45005341307875,110.23365656303636,119.94125554611743,101.31552555856908,82.44099912096152,73.25899462774834,59.02202286500833,50.43188139658784,40.473681729131755
2024-04-04,46.58387585208642,42.37438256961642,43.64187976313684,50.261312947436345,64.94704753552307,81.25045501029439,79.98800758903954,64.92598256550662,50.59416440883014,45.76087220943261,35.23536827075269,30.993946215938436,27.376448315422884,24.378155807397675,20.90569198704857,38.0616307536726,49.07238134005246,60.37344418834061,57.15390340860414,56.01356862409932,56.764789495935204,50.84862988753695,44.09129684507342,37.29041287694286
2024-04-05,57.5067920637008,61.63199598008188,60.14421045309576,66.99419251649832,89.04084988176322,108.37698767708721,106.88934283961603,83.8702463745057,64.9457392621757,49.73046437988428,34.678944402537184,20.47495630192681,12.537799120745262,10.406319213415571,24.142964366011938,41.230572960628635,51.85652471398407,60.93881112973537,55.59354442668162,53.85548982242442,55.96635489240852,48.431593878303474,49.51718864290213,43.87072853895248
2024-04-06,43.36733542883614,45.03909425456296,48.51635926953486,49.280245134070505,57.15858655788224,66.83385279332047,58.459013737707295,41.322136483011604,18.758238685067965,-4.008484740162231,-25.58507715680993,-40.75502311176426,-69.0319687184667,-53.59345286350273,-27.637321350292424,8.672948696415176,37.64748060540312,50.778898697828396,39.39554116827503,28.031875123853226,30.968703005019194,23.055518445681614,19.75030134219584,9.198373877287025
2024-04-07,-3.9816202948747303,-6.088140724574686,-5.500051201774028,-1.7617056682837813,-8.458801045403362,-7.927270141915514,-20.183779931954334,-23.49653778281963,-42.87653296245789,-58.43826039909182,-80.69137128122425,-100.3985842573859,-81.75954792836983,-54.37904635750303,-15.617149910658597,34.827933515083586,82.0715090217108,114.28565850003721,108.73433071115866,86.93008987137557,82.38411688322488,75.94708121263885,74.55058426326909,69.76228648965056
2024-04-08,73.7924542607166,77.20296052813076,76.77173218377428,89.10216569906761,118.52249670755243,134.5380248286977,133.40143910935382,113.42792351813746,96.3648716601985,86.41891916139915,78.16156745492164,71.87060952497008,67.9694399362874,71.21554103712502,75.4938876681073,92.22368067490768,113.73424596420715,134.60344032888406,124.92851755211348,104.49204905177555,87.80866219663258,76.22077297575828,77.00382641393348,74.42086054039066
2024-04-09,63.82482858614898,55.69864676066194,57.54651069388853,65.0569497105361,87.81541736849691,102.92346273210202,94.48536989103474,67.69355030731968,43.14615235428535,27.536911173880753,13.624471851917619,7.256411740059633,0.3881644763018528,-0.7199042745216531,11.504352808867438,31.443511959527825,51.62783798635411,75.97909815042709,64.18819820791776,47.46134959720216,38.13407449856008,30.758639490054975,24.25502947185791,15.050036214986108
2024-04-10,10.108891508787309,16.572919481311033,24.92614766859367,42.07442677016483,69.1080059650492,95.23217874708394,96.0319520476487,78.93927323010823,62.65554870066638,54.33571804000057,50.19272238618252,41.59365861827642,34.284821519564325,44.39944392844022,54.17279417732408,81.51259960576755,114.06460063771591,145.40633499759193,137.03008070039374,117.64239367771154,101.33348218694567,82.3564631812985,74.06471574383357,66.55709589972332
2024-04-11,60.680565600061364,54.45821533382546,53.94559200875491,62.95389489570218,85.36450529150024,101.72362235694283,89.62931842131962,68.47805997585502,56.97171334348557,39.348644063825844,36.33768590045395,31.58049791669452,36.258974340779524,50.364886371155755,63.75755325060903,90.06965264854418,121.84931535983912,162.22867280346085,151.1379734633211,122.71434058077037,107.76169489183641,97.09503249569323,94.64621425779448,85.75892334733588
2024-04-12,69.78040938094054,67.93780932781185,71.11733899675937,78.659441780955,93.79924220844816,112.7198934354888,103.17605188459683,80.18303331067791,51.526141780598834,31.25780653700987,16.98650301031384,1.5615545499695571,-10.229677793007099,10.091008130102367,31.035462851467656,57.01484270712963,82.06073352757772,113.33279610052725,115.11478802321224,93.86598131329771,78.48612658007147,69.19335412090214,63.06725192173151,60.83274810330644
2024-04-13,44.075395784784256,39.58222958207383,45.42669830469351,43.151329111694935,51.993375389297285,57.67186350542966,41.000001869331754,15.888843793942954,-16.843755427024362,-47.93762424961123,-55.76287976639266,-78.17864049660615,-75.60643501927085,-56.068315052164195,-32.70005505041793,13.65338549197142,51.73471261353792,87.76826819040495,79.58086538807925,55.027502637126105,32.72083629677047,20.683272576582908,0.4025631612640552,0.5464012843597601
2024-04-14,-2.203955933087542,-1.662549327716178,0.36075592041710536,1.5156138791597442,5.721760696802278,9.795185907884004,-5.069182715317595,-21.853059898910644,-50.68884237158777,-57.60402812306053,-79.31146592798434,-86.62423196560458,-89.14516199510102,-68.43454404546051,-46.327166435938395,2.5232275537816378,59.89116646170787,108.52425736988157,115.90012893937677,108.31518747329254,98.71026154909957,98.8835423211325,97.49076346530953,94.31228456754853
2024-04-15,76.3016075796684,73.55451972116587,74.60948847635566,82.58094750355546,110.60488727449403,133.3201283625207,129.3254282604998,103.18328466934273,77.83934525008155,59.14648662050901,40.33400376286986,13.881328472149107,-6.079379673995362,-12.73517294657573,-6.50087399681874,23.78144950899899,48.769149575530264,68.19244525512575,66.10143288292339,43.216828454252365,31.288954760142914,15.899290006309627,4.232398284644205,-5.842769447098888
2024-04-16,-2.9747127285557724,-4.15443143896735,11.139387893414096,25.4459538278046,61.83008270964681,82.2727859143586,78.02582408165092,56.183423594000175,29.15321048798272,27.252862866853107,15.49407501501642,11.861735543106946,17.57873119130835,20.42144256821041,35.0828760237509,69.18387701083347,90.29578792028336,120.9580413711583,122.23357843872492,108.79903800569788,99.28671315211982,84.67167490213885,83.9992728749823,78.0921349442137
2024-04-17,84.24601623463822,85.24463629353266,89.7202419422748,96.1652007314303,124.39120126582624,148.25778401182254,153.22788723657817,133.82025514179787,119.97704104834312,112.77483600264236,111.00137532858082,101.08898561819831,94.38435134396721,92.52364970863304,97.60933529775146,112.96446772045958,139.49949180066633,167.3956219414417,160.09471603402767,140.91376055328197,125.79534541251758,115.08485291025502,114.80646204317284,111.7343535976766
2024-04-18,85.23595968002859,84.75595292392009,86.99356124152374,90.78868552745394,107.08020166306846,125.470266830199,117.95430331724788,97.18942029851962,81.20155014232905,69.18428201158383,57.48132583374349,45.74963622670237,37.0707240979497,31.632832478590068,36.036691655821,54.06066111222351,72.57862567588305,106.33736453717103,102.64938365768296,83.16384183553755,74.96581040644344,61.62611730836565,52.3545352455779,36.684333238010424
2024-04-19,49.84134622612279,40.77907738265464,43.40328790379843,50.20466697164654,71.56016819913592,89.61666478771157,82.62678335067207,59.328389663978264,46.38469867742204,44.49285771179029,30.203718721573352,19.963344291024427,22.110685468311857,17.21354835712154,18.173678672091768,40.78241850563461,51.76092349182889,67.58299533596953,72.0701336006981,62.589124134683274,57.766345965323154,51.09039669882578,39.60552775953344,32.21688112405234
2024-04-20,55.78090252528655,56.59895455565677,57.39216173004287,59.77043113812401,60.54086462939772,74.8659044778599,84.95053050625079,77.21999180915014,69.0436322131623,60.81581074154725,53.730447497395176,48.305925815699396,38.914551916559645,45.45539704969523,54.41781374970866,74.88677163036341,96.00030561087961,120.72955419022452,124.10553428884793,115.67908436132394,109.6283484363142,99.42542106645564,92.28356012939855,91.25201046268026
2024-04-21,68.07344798667543,65.72347116596916,62.395774699412584,59.020204150185194,56.08450471209043,49.692223890409366,37.060223589405055,30.03393990404743,21.70935723014206,15.224894636454493,8.963270598899612,-12.420602256781635,-21.246935003788593,-14.506881449650535,2.68717702588485,38.073419658757075,61.493200743696704,81.62424826650958,100.44852232244807,97.82665226688559,96.61009689703812,88.66693220363871,83.43613168095092,76.68468559357058
2024-04-22,78.14122443410935,77.95075123523971,81.21369574333849,93.95052456402249,116.9491183612823,143.13741885245688,143.7785683070085,120.13619351901474,107.81073552422444,103.91130285293049,98.00716397244759,95.06049684153152,89.4244233905321,88.77981427270156,95.1804884902911,115.4563844008932,133.15968115052223,154.98551354848613,153.7193561200706,137.1863520149918,124.82989250377165,111.97057055943876,108.76302646537917,105.2749240899271
2024-04-23,86.36278256575274,84.2922995861221,84.21869372513738,91.68959490152052,110.21564263721203,131.00059499261621,121.98501732235324,97.93001309706386,83.46778881633279,81.9441103272871,79.23745125826647,68.70328627845291,69.75999143443337,71.58168956412915,78.64913725015526,92.61397958710555,105.45103288364973,128.0566896210103,126.23232516494689,108.18730387676744,96.89206367267278,84.9420519914542,82.0059064260429,74.93140055502903
2024-04-24,76.8782833481684,74.70545458775001,77.7704309992122,83.60038325408863,105.91254519750669,129.71564118834297,128.30716733838904,110.93871840134811,99.22079727839441,97.33000256075326,89.10445025210892,81.71755024137724,74.75171769642289,72.09661708196339,78.5236443627307,91.6108102975564,111.15008715870204,140.23619941608726,139.0428005060053,124.22161996743357,115.32623719954093,100.90379915805903,96.68068537788982,87.95216979077982
2024-04-25,77.98835230562466,77.56333685935081,81.44991123939256,91.6043912730452,112.0573147501174,135.54912146846058,132.1006838373955,111.23415151080626,99.96531273307951,88.1175004034924,84.07858190380298,68.80302648760446,70.60254665374296,69.7953379940354,73.46408796097151,91.72071025080888,114.34212633355236,140.0091602551118,139.5215057432057,122.59298820339502,106.55752815461707,90.12154631889504,80.38344578055403,74.40134774690515
2024-04-26,71.18279550051092,69.78527155790582,72.40743964740662,80.89289789466959,98.9992961421533,113.25422145098864,106.85073256114138,91.57495285582665,80.46068850476946,70.50177146240168,66.40306527388715,61.67665209048439,62.128939497667076,68.2216464487745,80.45912933026085,101.29366765800748,119.31203243610835,143.02915147676464,145.93516728545094,128.20115077148105,116.84933348561606,106.7173928409136,105.28762619927213,99.66793664873522
2024-04-27,84.87658498307816,82.01276535413383,81.60214392458391,78.4283402937902,73.90880406365962,72.2800479685184,53.991554557922186,35.35971766058944,18.9856075661841,-10.82166807048965,-16.3043224018803,-49.879189244689954,-48.253385768572585,-28.991280569886413,-3.3972722106623365,21.891492741091653,49.772830526576925,79.26751849085439,85.17619610765094,63.29690355034555,49.5597022496226,37.70200256387143,32.28284870147735,22.210273191847833
2024-04-28,38.90576699433133,32.58889799007697,31.349044043451343,30.61318939384713,26.596002138049244,16.687618532957828,-1.8350161827935665,-13.435342807855633,-27.10872856841239,-34.64915052593501,-51.65253628378842,-65.71590153926023,-65.91743228980302,-51.42686473801115,-19.835404221511965,18.032700086245868,50.57680231347197,66.78179721028289,83.16002833766204,78.4034867221234,77.89073291438811,72.56636415814528,71.43677662954146,71.68592456430129
2024-04-29,62.98939083562598,65.94477300263384,71.08895323546513,81.58531405225742,107.7003411069045,126.53532887104714,125.08342676092958,98.0798722684321,71.00552664584163,60.5667744361954,47.8096753455882,45.34308618188004,47.78711767271432,59.28551902012623,75.23387403849216,95.94569794422277,121.88010621889538,151.50836322299287,143.3010497292624,118.33460459378264,96.9002170504612,82.7643614170648,75.47796899289776,72.93063107406762
2024-04-30,63.2020164144734,60.21563683339214,64.72347241076395,76.6494278455248,105.99566864397482,121.51732006222761,107.06183069285285,74.70726865488913,51.36648552817334,34.64219605504415,22.397496357125647,9.817705458069668,4.825691574571806,17.11975594101702,31.88212969601217,57.0949390148374,84.58909674349594,118.11436033451096,116.76867476589213,82.81619383617192,72.139056125265,57.518800707633396,59.97252205818766,52.19712043785983
2024-05-01,48.811843639350805,46.93522341447699,44.132307389963366,39.23833599816286,27.71394853044744,44.18615219772529,26.470618315149892,0.4338175526128225,-33.862222134915285,-56.5495668334507,-81.57718987592891,-108.0814991224078,-108.3145356197697,-90.75942683140704,-62.46665821480421,-27.920869558775138,14.609667569083769,58.19482435552645,82.29934041285021,49.673881531565485,35.180910526206674,23.95520085435274,16.296398277801345,8.620349322939603
2024-05-02,5.825056770428432,1.5447488576210162,11.316438441008671,30.371568712081853,60.47700249531098,74.50900579351168,67.07773576138598,39.98818107893983,9.215177872556396,-5.439696693915394,-11.422248452195262,-31.503181755752365,-15.12639320991677,-5.58696862760371,12.52220347243967,32.01000321431279,56.64097488048192,77.53712682603268,85.55862891872601,68.45978062758948,52.74853416886761,44.18485514413423,32.58592851512164,30.867244956651845
2024-05-03,57.60525578751446,55.36726514731214,60.08816931579473,71.46535853100634,95.84680381969137,103.5146921741999,101.76426221090354,85.00699556311955,67.83188953846775,64.91965297625242,60.35579923658135,48.36110526766228,48.01513621495728,49.61151794658577,59.66759458557531,77.01504957152265,96.12503102718816,112.90378329250986,116.30254708309306,109.71616706343771,102.60205124635415,95.89878863798819,103.45533544216525,100.23455205422125
2024-05-04,85.2957499629891,85.02103324423986,85.02594809742857,83.68544296981608,77.84157637822454,84.91369740890222,77.22511166182898,70.40311491061182,62.941603076034994,56.19093578690501,51.49946431912237,42.18101213756644,39.005826776339504,44.391343098782976,55.29653219008864,72.38630499523356,90.40741571338668,115.71939999135812,113.97083917595937,102.21897574018897,93.34309232486575,83.4404266775265,78.1312900684755,68.06855640725422
2024-05-05,78.90736121551414,73.16981683799995,69.86621062928697,68.08932860200598,64.76740538185925,55.56134505687423,36.08782252858889,31.079306000500665,20.884261758313613,5.441357812663398,-5.533181068342174,-32.76254303541329,-43.534514431428576,-28.752511775890525,-1.0298444940860207,31.782804182092292,61.8720756666268,95.24140875532264,114.0000169754248,111.66954744348686,107.97095434491372,101.18821508814382,92.21605515120582,88.02253239921647
2024-05-06,79.52004740540895,83.17910503218596,84.46070815966598,96.24869364224237,118.03655898025177,135.9366784606199,130.776954374531,106.8141956332908,95.89372385546022,100.23135266014515,97.03681661137509,91.74701392695346,95.02383915578294,96.04623247148434,99.82383656141111,110.54996809751552,131.38902320873044,157.70321207488897,156.60846588392064,133.9486787316725,114.0514446254749,103.56690932138882,98.65138276109029,97.7879178003971
2024-05-07,78.1283948169005,76.97071652773766,79.01250792578303,90.87364521624038,110.91007394412594,128.7712004259325,118.49435970911885,104.24656956182591,92.03208477170708,88.25749833175394,82.7474790599786,76.28536807607878,74.81576521133036,74.84197567899939,81.73022125925887,92.00300367917386,102.71345740777878,129.08914436466242,133.4068938012464,115.10745505656271,101.30138273467966,92.61705687429296,91.56035131161394,88.94413111777715
2024-05-08,81.54582581019291,85.40509273728637,85.60740675271845,90.0021802665523,108.8362753377718,130.9206001548552,121.9897799691906,103.70209858694363,91.77339633663487,82.35477146867436,74.25101719709525,70.36146260643145,67.03269201850975,72.88808942402055,79.61067580405489,95.125093633474,109.2225567076329,137.68557104179473,141.17488095833895,123.49217843848662,111.46358465277187,100.29480152539631,99.78594466078964,98.05787987447728
2024-05-09,83.71736865297639,79.73143294772538,79.81772389581252,80.73394729764377,75.85243907327461,78.71985615049584,55.165260459306594,33.86752640950483,14.91374878936341,6.69597295328245,4.8255637344974645,8.751031462471019,2.142631595947563,16.401790570157246,32.12565542136835,56.894642823530894,84.66798459712902,123.1112946837408,133.86109705919574,115.82965234018508,106.56664189628908,99.0583059472092,97.92800263638729,92.26686934361634
2024-05-10,84.79281823673435,82.0030133920935,84.70108946816453,89.97764754625912,109.2563565138905,113.69629644855412,95.34878500672123,73.79017568030287,60.86107599823516,53.718616500788,58.789175471228276,52.89183688716568,57.5116647903819,61.11791991168407,66.82129415272662,83.77855423851771,104.75670052805978,124.46444182938956,133.12206429002325,120.55972610541335,107.77914950713597,101.30449448626182,98.05177247213963,95.38911616476938
2024-05-11,89.64837450263653,88.26787758620179,88.56016068819115,90.2353540669836,94.14620621618788,91.00637094898103,68.22753098859158,50.43279143004615,26.827195347509004,8.01232653497739,-0.2575977290168652,-25.60144738278285,-18.284295915981588,-6.993280759330148,19.199404245733476,43.36669722242608,69.85707101611028,102.53302192170719,112.38341133917106,91.32726347379342,77.04421220646631,66.57232689855459,64.63215898384186,58.069547384006505
2024-05-12,50.974376773890356,49.65377390214139,49.20441562667343,44.403711522998336,36.31292204633216,24.08195577627407,-12.233170902543549,-32.9211429418897,-48.40715946625649,-49.436121946207166,-54.432961235390295,-68.9848530896614,-68.62294731779353,-56.86895766828121,-36.22043248394009,-7.745323869133188,26.00645249721019,50.44465561402107,69.54536613090238,60.44901751198715,49.66733570391004,38.32745005691625,29.508001434984948,23.692738636083618
2024-05-13,19.271121402894977,19.264470154787205,25.796443267804023,45.82705443353468,72.42742096029535,92.17219755347799,86.19724435471227,64.23599093269718,44.91871525612216,23.63375002957804,12.408661558453801,-1.4143767636012967,3.2593319145104402,17.99014068984785,33.7574600445853,48.55016360976056,69.85790160925146,100.80566967757707,108.4747110292023,79.44349357397789,63.368756435930834,53.438497897823595,45.1453161657922,40.20907192086244
2024-05-14,37.82658946628358,34.736129527163754,38.06835919141648,52.88447091336195,77.36606391496657,91.99176388429282,79.23853992805269,53.82169198959782,15.57881595474295,-6.341179832493822,-24.939837474055125,-42.14626452445846,-41.25889424094386,-27.535592117113893,-7.607165127349461,26.050685893946138,52.68495306826823,80.19881311623443,82.5846349735503,52.15309549741457,37.82788608729652,24.612139923569856,27.836756531272044,18.947772020155227
2024-05-15,27.593976834835487,25.187941299156932,31.50102237076029,42.507290502210054,67.91091029639745,86.25830788454503,72.7676456037343,47.751927591778085,14.106681889898866,-9.182566991126393,-25.223291653532186,-32.68540353457168,-26.924452851812973,-12.586330213119581,3.6915041039508196,29.591550881076316,55.08940389896554,88.02566512369503,89.08145508553304,68.60268500444225,49.29877662956311,36.75137733752601,37.84211571740585,31.711480615751206
2024-05-16,44.3352784217599,42.234715697984846,42.794126831845965,52.42312269547264,77.49077087560063,91.28733056232907,79.05858783917031,52.87043580151014,28.36841943092469,11.616761892178104,-0.05879567660329599,-1.0789707031245683,5.7998054625525555,14.854638790752034,27.445203143760068,51.56303390109009,75.18262957626871,106.5650742150431,107.1503314052637,92.09713939583627,83.06724470602191,70.18522190186624,67.0314015972815,60.32638799126108
2024-05-17,58.11291636049433,54.74763378378965,58.26064980473865,69.0409751459948,91.05091746395982,104.47696154949868,94.53137672891583,75.44205372846793,56.960866176926075,43.514102674020634,24.356224245756678,5.344884836441551,11.887933964313888,12.02743206808887,24.639074962640535,50.19489316883063,68.72600870931205,83.09294966511646,96.11380882945454,79.35489150661823,73.65520469853818,66.52876558998405,73.42293561686837,62.90598877169951
2024-05-18,61.70161744866101,64.17977396156196,66.10834231076845,68.44695269298094,72.99873125142219,72.74678644301935,67.55409139962545,50.87456702875565,36.9034441742549,25.898578761493496,14.691257046633694,0.05444569559243462,-7.368371353512089,3.9977189296091638,21.809281334918325,52.73810967468205,77.78702317331957,110.30341865550082,122.76949352029301,114.05237994407842,105.03094943974654,93.34939355645284,92.5720074420193,85.94995066652889
2024-05-19,84.04163562724545,82.26578641299207,81.3699755028967,79.93184386052279,76.29411130261775,67.65154832018413,49.08407171997473,34.350789322451746,28.107293154485248,29.49532810166525,22.581176416861382,5.045663296004932,-4.788787428774029,0.3648481481505996,14.480403523299358,44.85859225411485,73.57283699221911,104.17439336056876,121.73243807309923,116.63025740137323,109.72193067331649,101.71114037535335,97.91266718698023,91.5478983011715
2024-05-20,78.8969769111684,77.60155287610011,78.69999442902909,84.18525841904926,86.18223255289041,91.97943398724207,70.74021348935939,46.396928690863575,31.043296826742164,18.07204692952402,11.57871778398389,7.785321649323777,5.579308603485416,8.53486861050581,20.599569741076664,41.226986186218966,76.981235022523,122.6317594976217,131.7408777189622,112.75140110879565,95.84469087975961,82.25387980423767,72.85509650273373,67.36123757123065
2024-05-21,71.52534664570189,69.28990461439545,69.81726654232368,82.14743939818703,108.74812200012137,116.84339711540908,106.83147499309293,80.69326597640087,58.60869339339473,51.86006494882477,45.412055586949656,44.9674224673205,45.46044377190909,47.63371904128139,52.740329585220195,65.72162999991289,74.00792897774187,88.54820743303493,100.37335211168498,88.46039556415506,77.04328551180373,61.61410853920499,55.19912314711467,48.192826203169105
2024-05-22,66.00939371563446,65.74181441945314,69.70235794151266,79.84041297491676,103.79954594172004,122.38696997026017,118.9338270946459,105.11588893422052,92.96037212314636,81.81782354767414,73.0441038994696,70.53317627091312,73.84385092845028,79.47290915623846,89.10551652604948,104.35247857937756,127.82717761743987,154.83072322334684,161.03155108282624,146.86175938815882,124.92688685150436,113.79423470511139,112.27935929290784,105.53807197489158
2024-05-23,75.82365868293356,75.34611097709639,77.13704484555325,85.43011346695486,103.60212703573605,121.91014446745926,110.93519839427549,85.16285434443738,65.32095101647579,61.14066050988943,54.01369610858528,55.0692286635819,57.359044908959305,65.38862992965895,79.78803310388216,102.8580674535032,129.89032614746094,161.9223294087331,160.9556351056074,145.7305432611681,131.9670602896742,118.68917990594642,120.33897483952558,115.0435283452926
2024-05-24,92.39540860181583,91.52271344633901,94.35657242051059,97.63556513073786,115.10158349155901,130.0940141316815,119.08801163588025,109.40419587870355,98.7868166581044,92.67758219012066,85.98145964809373,77.01546482612657,72.14670698009809,76.07861262073492,86.27200804462376,98.96497193958079,113.14918967886783,127.86977117798587,131.82965619189852,117.09321318181023,107.32101718328833,95.32406057588666,92.46936501484532,87.10437190355186
2024-05-25,88.02794068269948,85.94205028288674,86.7745611529797,87.74410360078717,90.61489189877827,87.90838497133468,84.05518582504078,69.01132429049358,59.94737146253815,50.86719178538318,46.41241378585398,36.995708633709235,35.54697854199622,44.214347630980264,56.976634932969176,79.81583832644031,103.52652721511515,128.03487092115472,137.02537593841782,130.27773612377268,114.86978752023656,104.55659806959866,99.4841233031453,95.80803597470317
2024-05-26,93.72851654356913,91.40284270687124,88.84036153746315,87.8212847646612,85.28023975300536,74.5471440268858,49.32628195872627,35.231048858756424,16.96898346599872,13.127146019761554,11.419455170408114,-0.4160799598584788,-0.907347270475455,6.388147599156312,30.97163364471912,60.45314233631951,86.74443920969111,109.03298852769655,122.92265755690323,119.24863367074262,111.3297819650079,96.6419011604208,85.14545036669087,76.46740133693461
2024-05-27,76.34112343185387,80.6201206666534,81.36629935035711,97.7551247643243,118.95375388686374,135.23700345362795,126.4521712625761,107.38844181628376,95.27761347278584,92.40289490792719,83.98794708072202,73.98416705776323,72.36502709915314,82.70883493134896,93.68559610258504,109.79986573729605,133.19645627606442,162.16815836236248,163.67304364067957,153.7483594823634,137.87178691674046,117.87621572407946,110.6234092057425,105.47164589673304
2024-05-28,84.8753767355129,83.35159543162932,82.85306254135072,88.08933371894801,115.04297295540948,134.2748196660913,123.7371634952347,102.3513932291272,83.59464100911367,73.71558240061468,58.701674441872996,51.47612168596457,39.2255449780591,50.92887178413077,61.73607510006764,87.2562562025216,115.52865388793842,156.3116093687656,157.9010729730839,128.53861524876052,108.27397679808342,90.44439223645517,81.23996801416972,70.13357721746857
2024-05-29,53.34862786620291,52.21823850568883,54.651591573969256,62.15357486119055,89.54374436923203,102.51811843044439,94.32483722809488,74.76952022300298,61.59362196821315,62.72446283540492,52.69562869389715,48.22934099885019,51.545508351842464,60.71598235735415,73.33637709149338,91.45550957141141,115.68351029282128,137.0568642609198,147.7289243271559,131.95923136159345,115.85720683841144,102.53359701566012,100.87402034509047,97.2073905216296
2024-05-30,93.06106843199066,93.11264020410631,92.02279106033704,94.22245220569117,102.34509114886207,108.01426855219424,104.95421106758855,89.28617805831348,82.2936060064253,73.03479924550328,67.04485327600634,61.66024872175383,56.20542017709957,60.43887169782434,64.355905754959,87.68948405608123,110.16855403582512,135.7163070530388,151.47251376940378,137.80530675355203,123.1988117315461,108.20049214069948,104.66841765800982,95.05780186474595
2024-05-31,75.06099302446182,72.39259651496118,75.19650799096345,83.26139953918718,103.37861627808562,113.33217904947847,105.87732370597051,95.76277151083187,87.15591142338138,83.0420018856963,78.09904498226636,75.61672524187775,72.91845712488376,74.47047846328063,75.4907033983192,86.19042519227014,93.775913754861,100.8680697840322,113.74196623255287,102.65358650834281,90.95869029069569,82.81772457718095,79.71397906814398,74.6863225700826
2024-06-01,83.4504285418438,81.3906980062263,80.30283144342727,81.28279076018356,84.29253179633206,85.0261328191122,85.81598188109668,79.86152137346654,74.16315373277016,66.77976032394207,55.462763679487544,45.742591727888296,36.88009876011937,34.13178745255006,35.95399425741601,45.86204787541898,52.596274603254486,59.59986401359639,84.24667409396758,85.33950252110478,76.23032646891774,68.12741838661425,61.805149567616105,52.52033564433231
2024-06-02,23.098811593123997,22.695836967501037,24.222587672288142,23.459410715367042,18.56805895914742,7.609646814321053,-10.182792626775097,-18.28625374383624,-27.57059024552366,-22.790213558372685,-41.338056204164715,-68.71709758825894,-81.3376138763699,-83.18642987336162,-57.07865934034119,-14.040977560479263,17.537090671373846,39.92491394988518,60.797299376789596,66.40787323993789,71.43104248878487,60.1545823440552,59.23776137244718,55.617900569991434
2024-06-03,82.33092536990206,82.9577191019502,83.75267734271179,94.7626606525417,120.4570125499469,138.50479439350917,139.29601776009906,122.82677679408486,106.65722636237761,98.37327582627842,85.06322907017646,73.07616226838948,65.0838849464867,61.74927728927297,72.96509091949945,92.49152672270263,112.94896632726463,147.01024594064185,156.27042033736927,146.52176030667403,130.32966969024758,121.27979957541702,116.62325962313194,113.70601580185037
2024-06-04,95.72189680947184,94.98600980024553,97.4672439439189,105.72987497764129,133.43651859586677,147.93398534213327,131.49148221357686,106.2148732399468,84.19656824923875,71.78806758150634,62.13227478867682,47.82943876328383,45.72376831028664,42.30372377706689,55.9213310862094,80.54829771046732,103.47930816801878,136.50715303819266,138.39611031408708,115.32273113021398,96.40910539717696,74.02812093399116,65.39341017906598,49.07845566955469
2024-06-05,39.56528428144432,37.32320918439598,42.64433144554558,50.366161960369276,81.31670330455836,103.44392233348397,92.23779209977897,70.63888455844172,59.824213532734944,56.320804132119,47.52340452923857,39.220129350489465,33.35617420514949,38.68257205809296,47.01751952656796,77.1963448979251,103.42558014218018,145.2285673269938,157.9721564031091,137.7958380839638,120.34704227836814,103.58692917244849,97.64501823804193,91.56448779086018
2024-06-06,85.74179491809264,84.63836766587723,84.51217406747142,92.31526097082148,120.43459027034734,135.34263981358285,124.61071855242099,95.69615539233857,75.90293886110186,68.02305512972069,64.24577386317134,58.2480628429402,54.67940985471679,59.47906789007726,71.36437179794451,103.00075903746534,133.31195653726434,174.92617126630725,192.15681134971334,177.0201158827513,155.94406288239674,132.48528645622105,123.96860653370535,120.32807983598491
2024-06-07,91.1782789317085,87.79751286904386,91.60794978523582,101.56901305032662,123.61901557601686,120.28890432949322,109.1342687374165,79.2009723701898,55.62623188580861,37.01199249791415,32.64326947810279,20.037992450777324,17.920144849845343,21.5438561824282,40.11493652656266,65.21528771151472,91.37647091506227,115.5613014800708,139.7258185771088,129.67207977970426,115.76200998926201,95.8103798852595,96.33137856948369,91.12435111035559
2024-06-08,82.09812757664709,77.22711790348112,78.03943867931423,73.3502537070099,76.94445338583988,72.42189694090644,49.95500562638432,15.50444420200239,-1.5393781467882377,-19.156027759527447,-43.30760836391862,-48.44292451486585,-52.11401930720184,-47.561856582664404,-19.517426314587127,12.45259317156652,38.38441248756216,55.25358498326757,86.28703368581753,92.46925281745713,85.85915624157674,68.17655099620194,61.77512699553017,54.34696302088636
2024-06-09,58.70686903853586,54.30770795050755,54.63148236647859,53.420684301382,54.85773030160851,43.53275232509286,22.720251989015964,3.1996781071394764,-10.502930176484412,-11.805631549848698,-20.996599780630916,-39.8093528685243,-34.47250749297855,-25.32957921507709,-0.2810725186884042,31.1420133083746,59.97647268553223,81.87201702136667,109.87887888825969,114.5266727389213,109.26283986700682,99.64890116183419,89.98938762519987,82.92813414649734
2024-06-10,64.79026305094871,63.43403881167299,65.6680304750274,77.81479563414234,109.00524855046696,130.518125199772,124.39568688361148,97.66449552146518,85.87130542538769,81.23314272247327,71.25314731962095,69.59745581683492,69.30493350488017,69.62613654845441,75.7791701616905,90.90700190573061,105.28788430801238,130.12528886347383,132.2684915812577,113.69769347841944,97.43789451953668,80.4505626776061,64.3728726479412,50.372869245929124
2024-06-11,48.838809264926375,46.555590880995794,48.54706111575963,59.54618172617894,95.41374257311291,119.37648843795871,103.10419264228267,76.55379393019044,53.324797753538775,48.30659046703164,32.28511818683723,20.51053466211249,17.20136160904201,22.334816219308223,41.018868331707715,64.15918182023778,82.2527869616635,128.22129153178122,123.75674120436067,119.90680914418331,106.87682506387026,92.36553352861631,88.72240602217954,81.03147535754144
2024-06-12,82.47748273250664,80.95677835032649,82.46562067655546,90.06403770362884,114.19756923325177,135.66270078271228,125.59628103487505,96.96817680098913,76.99969890115604,64.97208122847927,56.2352472363376,46.30903452942546,38.41084859698189,46.520129185699744,61.98334598204451,87.41776030790638,111.02921836882386,148.49093561943016,155.19988681129388,150.31951065541222,137.57553628612956,120.94089785918486,114.36840796305749,108.18919503275345
2024-06-13,89.80621666270567,88.4176232860004,91.36711005942148,99.98151125086417,124.27601323140803,134.1454851490724,117.51348903297688,91.45048764561771,79.01570762614847,71.09144675436322,66.6030134039784,56.209226553554544,49.85842202438585,59.90925061550513,73.96968729647527,94.37461854402875,115.76646250729777,148.187861040088,171.26379529259003,154.68914850148434,139.91383540789235,117.32915351329774,102.33774717353788,90.04696503646493
2024-06-14,64.38345515579732,62.12487891647996,64.24199393262874,71.128693234819,94.36506921593048,108.97529245080239,102.24019809395604,86.69197238475354,77.62787491603481,65.25830079722502,52.07060898631827,31.657955038216542,30.522404051114798,28.473029570999863,39.03196829279934,61.52165854168752,78.81600714613549,103.13747159985459,117.63838450001256,104.03599813945156,90.46328656609778,66.64948362674215,62.79402792995467,51.11187188504173
2024-06-15,30.419710283522313,27.660779426634214,23.889079826135912,21.146605264619737,7.969883289808635,3.351555449314887,0.6361187106945039,-20.45489475693134,-37.153433281371534,-66.22421909704168,-95.5941036812144,-113.84099476778808,-105.74901495359516,-93.27165433354801,-50.81613668637617,-1.6823961361615574,31.87936240180487,65.94776500587714,92.74773428742867,95.1167835767373,77.21960940105348,64.19905025050207,58.54612692209406,45.63175708166176
2024-06-16,1.9187597956136102,-1.3605476259731404,-1.4055442148806634,-0.6919626878111558,-3.190235984383264,-4.964578585374042,-27.583799805050262,-42.60367815245482,-53.73735750430954,-53.634435275052894,-58.922897091517356,-59.68071192422276,-58.59163724147443,-37.01046648322719,-10.150467527137835,28.510595080707958,60.73946319083397,93.09860681569975,113.48428444754651,112.20478598659207,98.24713538874278,90.01417114093998,80.86892142542023,74.48546893635384
2024-06-17,63.04411066994897,61.0651155345983,63.805672820733676,76.9152279947007,106.89538484400325,134.5247957488674,126.39477953429996,98.6967813344711,86.67252331856835,81.86121414184784,74.64610611654463,70.42708979162833,71.21076350975017,77.12652726702768,85.23525209756457,101.75596996476041,127.35155069986773,165.28386302783818,177.66689294433525,157.01370697992442,138.90887117107195,116.70456141686022,108.23287226739282,103.29487186593886
2024-06-18,87.94036218968411,85.6712416425629,89.347185955793,95.82791497203438,121.43090032956654,137.66383606898754,117.24032714457022,87.93082759174008,72.04757488744715,64.69989647862965,60.20593018546199,56.34137653883339,60.62675620100731,71.01314273295498,85.6316471196055,103.51092600343438,119.85707323086181,147.9145735029969,158.61973214511028,137.95900796519004,116.96283533544224,98.71598886843066,97.05611028950416,90.15183951270875
2024-06-19,89.29442033804038,86.92824673371044,89.65210363409199,94.92650221315738,120.95871156505677,136.28471941571013,127.99901960555347,106.67033753060329,96.2312539804421,89.54698774868194,81.80798114996597,67.52236839894323,58.70186181422548,59.59170195081308,61.9893828796133,73.60630175843448,94.8816397521862,120.42491905249636,146.6271607389773,134.71838650154817,115.90058184682206,99.08943980184269,98.8219679374351,94.04427268861221
2024-06-20,74.10993265392477,73.25050981163108,76.26547845027739,83.71201212947122,108.41398708374881,124.61378851516885,104.65174487467291,83.23350721870176,62.73777833370778,56.78676872162165,57.073522453257695,58.45933497407486,61.43848596695183,72.0064842753408,87.49012815591966,109.26826255515859,126.39398158509644,149.8283953230467,163.54061401147817,139.4967553629412,120.79618627203904,101.49250093958054,102.53794244602888,95.50396059888902
2024-06-21,86.27843191416528,83.46794095323996,84.88676098328835,92.07082019488925,117.81306678458134,127.65550550352648,118.60095143314898,108.8156116851936,96.75360233098472,90.78788173232356,85.81176750063317,75.59613307952378,73.64993056800041,71.70405008850756,78.66224703848907,91.46032648789961,104.72000403340209,121.86594402388813,124.2558076600782,100.80805752338532,87.83045043255859,69.62684231169096,67.13498660649711,58.917019213582044
2024-06-22,65.0440891216058,60.553416110186774,55.559984844709774,54.77156361424759,46.90791238338463,43.17582076619942,40.80476224440841,35.44916465753022,24.80012869410946,6.815435241758053,-6.134421066644634,-20.806394038101132,-14.67595122760045,4.488338709709254,23.190313898324106,53.89524382989836,75.54769988056769,95.81345960573182,121.90480169682913,118.72675761257516,106.08343288972523,93.85936260394077,89.62212613626293,83.36479831030711
2024-06-23,73.54534660836926,68.35865876392276,65.92952703961208,67.11899762489087,70.10123165062959,59.42027512220038,43.28301237786384,26.871892932068548,18.226443791677525,17.740289334964743,12.08068154183907,1.3519994634642671,-8.847160564915484,-0.6071463718240722,21.41608944027726,52.820358474687865,88.57737516630922,119.93001425625036,135.89259427261737,134.54607943093347,121.85329197826914,109.38026766592868,104.83861365049945,97.70245690317907
2024-06-24,88.46676545726945,85.68010888892591,85.2735521672651,92.33369952790119,116.93017563555179,128.79342598327284,114.51316706621984,88.72892875411942,73.63193135080003,68.13388947522958,59.302970128635835,55.28908852831877,52.062947903387474,59.633863295081376,72.8494024020996,94.26764708435711,117.62961121094663,151.99264627995998,165.11654728221092,146.7392894088871,125.50903515969627,110.16888217791612,101.06515070852024,95.7070372160478
2024-06-25,80.5211996122757,79.16336529562565,79.8898457105076,86.8867153740995,118.65068970445265,133.62343929623603,104.75481304358809,74.22083874745135,55.03707213878473,42.393582146446526,29.94077130754262,17.646371948597633,13.056812066920415,27.955926295799244,48.121605714236374,67.6254710423179,89.75616880026357,135.05284334355693,144.7560471937971,114.94193577322541,98.08667533943577,81.62806909736442,84.17190940246053,77.60605246678007
2024-06-26,98.57202373838182,97.0689447103922,97.93024543876957,102.45763606051591,120.43208239275447,137.99314136461163,123.70132757762998,100.86335337647733,77.10401024143974,59.33427770085298,43.63721071514512,36.02561043742686,38.93689346900495,52.75571772717797,78.01146795538112,98.11026211006418,117.33618784488729,149.7276998295123,162.91303093968844,142.4990823073436,119.41392693495168,101.54073945399776,100.61848974896749,97.70217233723524
2024-06-27,85.38289603000561,84.50209011456164,85.95633074497336,94.03053029564256,112.56318066242866,125.48043242986856,116.87940502786876,101.5574886014968,80.33943051323843,72.60440092225554,65.44448890187823,62.24834331200714,64.42395548627546,70.52395600430691,75.7070414187628,85.01087365736066,101.7425764181676,133.25725787386088,153.7706865961754,140.20831570079332,123.23950282448783,108.43846822633667,105.06383997692062,99.41243315327286
2024-06-28,87.61785106245357,84.16113138150428,82.56330058018733,88.89656530850918,112.88982757673567,115.52685038363775,99.98410701789543,80.6716888620447,57.0051087048067,39.07486416260542,21.780751396615628,7.135357978041085,-0.9554657320922644,3.6714165086343087,24.985677947362404,49.45999963769019,74.52526891862777,99.69805280568777,132.83209771786804,129.5009489474429,117.91007376522786,108.23549161995163,108.85998961254873,104.94594429623251
2024-06-29,104.47663989379625,101.5068253417696,103.17645847566128,99.68259603871113,99.35760100713811,97.92538330461036,77.55892851125986,54.51014668131129,33.24670823919152,12.530796098578918,6.396038104076538,-2.0429000105335007,-3.763465187946423,8.007549144028474,34.06351782873182,59.42622254155786,88.29329189307961,115.6320310761023,133.7201144407528,124.06365188104287,106.65840105215304,87.97097946232829,80.87359762688193,68.23423422971314
2024-06-30,58.777299360240924,57.53951408601795,56.08074937477095,54.060765458835284,54.893840563106025,42.89157322046192,20.994609006826224,11.473251341644016,5.24900600357887,5.290888154207622,-1.7738901230773507,-2.736644587479219,-8.521273035938947,-7.443154294995722,9.254986633509418,28.98446324280023,54.09067326488628,72.85848194546108,104.36489022082122,111.39278759590358,109.97441723728144,100.04271352060815,98.35771337647282,94.76493586908711
2024-07-01,80.71334115370817,81.93093839796202,80.57507221421224,90.66068649128783,118.24829265509332,141.63083391271235,132.7026242674687,113.89110273479312,98.96000736153812,91.52131501044045,76.4828177897595,62.407216374197276,48.77735182762412,47.43495871167093,51.82105398333801,69.74066399194479,87.83778457799161,118.22031066220703,147.81103829427582,137.15336962709915,117.95132994878702,107.65585933682375,97.68386223367345,92.84117056041248
2024-07-02,74.15686940071375,71.73778966949183,73.05113063847567,83.12772788801814,115.17855295515555,120.01941248510985,108.58751839920139,91.60101540529865,80.33411032749218,74.46127599243556,67.90342600801104,63.92430407674269,59.44719163832016,60.311809905508085,65.41439732996096,83.54614927117012,99.10632914523043,116.39133190398385,127.78483140607352,111.24368899165592,100.70426427153397,85.1525180658389,83.56660091833936,73.95439583396492
2024-07-03,62.92177542934142,63.59786373178302,68.24367194537572,74.22692696931348,86.81448928694458,109.70578533466535,107.95306966541764,96.10411714876048,83.05736376118863,72.49167434756403,67.46417442630826,70.53460986147573,71.27759182993026,72.87037053141901,80.47587731241586,95.99998172871746,106.52392689845115,121.37749429272046,136.622952931027,122.41795530292278,104.70417989944391,86.29350626766478,75.13861326184947,65.85007360821427
2024-07-04,40.47411569775967,35.87469539815792,30.060506298966246,39.52412387372237,74.61550813684579,78.06012280498973,68.86931258432108,41.32893320648971,22.804292961517163,7.563660589790459,-5.678798619975197,-8.20067955669839,-16.15313845291064,-9.822690146478791,3.622421908298577,25.78323523185142,40.099375820607676,69.69515762366272,106.0927831343434,103.51779945747856,80.77653930365382,64.13798105889657,55.07621319474833,41.300097095808084
2024-07-05,10.036692117363799,9.314092261710314,14.160798329411577,26.261731571842688,45.36739174017944,61.36784445862395,51.71829396971654,26.122651864311223,2.5542252015635682,-10.749553233543963,-21.042081411155593,-28.588285316501214,-25.1651582851986,-14.827113939197943,-2.604427119784944,26.502227749810004,51.23897606312394,82.35796928157663,118.6683511847582,117.26395239349416,102.85172820843925,87.45382518985899,81.8829579782654,68.64502060291238
2024-07-06,58.9743698064,50.63520101139683,42.19591024319871,34.17929478534478,24.833983999796715,10.237307989442897,-26.15634346234981,-50.78948612460907,-63.08820713211591,-83.18869578617762,-85.1097850938479,-66.49340025690225,-78.42442261300486,-62.38068717551843,-45.695617450037716,-30.46899623711313,-7.151314100746248,14.71343196275106,37.38424941790342,50.13644219358295,44.84941972380969,31.78977116898568,24.656936416111037,-1.7066373581117062
2024-07-07,-0.49758944079809453,1.9000340462189484,4.504060273241535,3.350452024399374,-12.674571999660941,-19.51720911111633,-29.793680932304483,-44.43513097988081,-43.33816708457863,-34.644556273695656,-37.71409342790869,-32.3174619407299,-32.156383100464765,-17.337571113452015,1.1244851956873703,30.309940729223385,54.05274731608897,88.39214620833545,118.39401450880314,119.6061705481432,108.63245786022024,100.28354454345542,91.5622969973092,85.41683935624751
2024-07-08,69.1456403481968,65.0175588847414,63.306383308195706,73.81246864222241,104.19821942870615,120.16634634821952,102.95984486168558,71.02036515818455,56.13680603560912,43.585369448780575,37.71234217527186,38.230316682954594,41.26319265343165,55.4034058314983,68.51044649512187,87.12258540116355,111.907901854064,151.379846577216,175.73033733863713,156.8261008739534,126.7976243534357,110.15455349145299,102.35724088390788,96.61635919435967
2024-07-09,91.6462041819047,89.2317688814033,89.0267421070382,95.56943549978514,118.49168741499223,126.48075300844809,103.05927060852501,81.90616574616097,61.29761016377375,41.11677400503255,30.253745429417393,11.112699780968583,11.6106777115222,28.51604775599825,45.64827091686435,61.82428771250847,83.17079437301477,116.99072497777921,127.35035369504499,99.46035082296153,76.5985502681032,56.495258345208605,49.2324583752718,38.29204708517676
2024-07-10,56.56883204282324,61.61240978805039,67.79632109221166,76.61219146116255,98.01954210193698,117.7003295834292,113.31527248015114,94.39890660635062,78.19934273573705,66.23370522958899,62.76239045743052,57.07453253970144,58.11349330501073,71.02044936020458,76.34275267112665,92.11982562716261,116.69027478800925,149.2215616960012,178.71265691885014,153.42962564774137,126.20284248319675,106.87390397666894,105.48068984178195,101.56262154182568
2024-07-11,76.29029153020777,73.36277972378866,74.58478300034442,80.2588689617648,105.89911789067752,117.7899183867395,105.44024708057579,84.7335246014755,59.841600141205504,42.148129931093884,35.31904783494894,29.453830243195,25.938795393025977,32.27383147012772,48.183798190624046,72.05870122145342,92.29169752589397,135.1555857800876,160.30769358393107,146.4711513671429,122.11479072644485,104.12812579424401,104.22063196148275,94.81713049376661
2024-07-12,83.81802563435707,82.29587706121438,83.93893308339047,88.84696393664704,110.81501833129276,122.03568895783079,111.12227390559708,95.27734249930371,84.0822563143928,74.56602485291597,68.07710650026698,65.09797084763429,62.20024959199655,58.92057246694171,59.53522706607451,74.55983283851734,83.58510931736879,95.36471393771737,119.07417243317849,106.14924405349895,85.68373326912777,68.66073311831988,57.31208557769843,36.391092286548535
2024-07-13,42.8689693392169,36.60841038405096,36.3074496176668,26.091259736644332,17.75827394885937,16.53942220500872,12.1503457820519,-1.0131606605121277,-7.277499079336806,-19.87339981855547,-39.16199170072855,-43.53931073862975,-52.978519684888866,-43.68643607988116,-27.247914232936793,-3.093971041537941,21.361789930172264,33.144891042756655,75.94192351296392,87.28661781598586,81.16719482169094,68.61801266735992,71.51248535798288,61.73691814416093
2024-07-14,58.62038563191036,53.21433393192335,49.50470339832863,42.434638015139605,38.806692549044726,24.9777836703678,-9.511197734065746,-29.413634277971838,-39.963989936625154,-38.52809350610818,-36.42876486140901,-47.569770507850706,-50.969284666478345,-38.10591486727759,-13.754069009510985,19.229173792903453,52.16196597161071,83.35532035831098,111.29052514269893,112.68237118573525,101.27165790950271,89.88929047348708,83.6540702016191,72.97005717216048
2024-07-15,62.055945234388815,61.851128216272336,62.637319606920045,71.2401428184875,94.65881850010834,106.00325650965326,92.50170966688202,63.75023867850741,42.033471075095505,23.694019095400833,10.337212808625964,3.0007660845560764,6.346546709785443,23.09225065410058,41.661389603066795,72.26093845132223,104.99764535788114,147.42235717945263,162.63505432910384,131.4306687514373,101.97160681607394,82.15547224212764,65.38806847581117,49.586719944817524
2024-07-16,58.763781463827556,56.46810535593191,58.661901150767676,67.71787024297566,94.89747683867135,109.3324455305359,88.75613185147888,69.29005186341448,41.797457961591505,26.34368383068714,6.310448782423677,-4.77006952579535,-7.453174846568956,-5.773514371042424,16.067951708565005,41.88547282498773,66.84577878390564,111.43067082094564,119.82527090138734,98.65052729113461,82.38775052360876,73.58729335161271,78.72757139739336,71.29814737110456
2024-07-17,70.85425516781723,71.11828785615342,71.46934211587015,74.99589543685899,95.53007291825989,109.99221571434269,100.22401083317361,77.94765336995226,57.238152749115365,47.84025455818715,35.770886311485526,26.87191853005524,26.332919388665935,30.893745617493906,42.883886083762754,70.78294659303887,98.8882281234946,137.55204810631807,167.87330197232146,156.96233168069259,130.75296348850674,114.02877896164061,110.26533297025057,105.19007248116937
2024-07-18,75.519660340037,74.95130326277372,75.27930212018725,82.91836782224166,111.58813504524214,119.9411128634869,92.75211404569205,72.25349322398282,50.651033117045976,36.73268668377875,37.267636211778246,35.76217836740324,34.25907659511335,46.127918049998755,55.11158666873676,85.485821847765,108.4457100248014,145.38908959399595,175.16311042049628,149.23285379675005,119.32457175198483,101.4922141794716,102.43353318488339,94.64568198561089
2024-07-19,75.52507082597981,75.40516716292251,77.25079234728264,86.30220150695708,110.71864822649053,120.00504185405237,104.0779605363802,76.76874801117657,58.7418114038188,42.35599938176826,38.721742736659834,29.258251887627537,38.24446777345519,41.65151658325579,55.83423605423286,75.31191275671631,95.06145716807183,127.19996399373672,154.81615229429727,131.39170425615475,107.17978396832072,89.77304452619455,87.34607675794413,82.91158207013277
2024-07-20,85.3515214912693,81.69672744973735,80.35927751554252,79.25947465895501,82.74238989997556,84.20877765771712,62.6027855642987,41.090093454989514,24.557409723436834,4.919968490364639,-6.317748704048427,-21.61313373851533,-20.763859559138965,-7.2255765691421345,14.71014317073194,40.12210770961819,64.77205098681094,94.31230733533104,122.61343120515497,101.71204463025781,73.3642479739344,58.76232937346273,64.23928490251063,52.806838877592135
2024-07-21,53.79452283598087,54.17240943120989,56.12463299914609,55.76698279055803,59.006815340284895,49.903607839583515,27.00758605167111,10.543788111307762,-4.8234141340215615,-1.3549296977711407,-6.940521706749891,-13.730926653252752,-12.771532127482729,3.076812086306674,24.69253026156572,55.09915097869672,85.15746746849314,112.26435556265268,141.4364078627436,124.94070266039219,109.45321820146523,94.03418321994081,92.66670531622636,82.75503097849989
2024-07-22,92.59026831522614,89.4464444443207,89.33661302464262,97.53793801423764,129.88253832882057,139.22216254881616,128.09269131115772,107.49198572252497,80.75561961112766,72.5487837545303,59.30679681127469,50.15696157725068,39.50847270048133,44.09956342390448,51.30286921058835,73.30786364614147,105.5360137519986,151.7947200995219,176.9452578562349,155.45653081916103,129.3399663951348,112.25565065730349,106.67503922109726,104.5248946418056
2024-07-23,71.870015214751,71.5504961195911,73.57611696814622,81.06630613326516,108.72267468366347,116.5433892613989,97.0606186521124,76.10558208222437,59.0926494290781,53.29370585773878,43.06120650117003,39.40925894739151,37.08198838553614,40.05646221785588,50.568857371637876,72.4917405457549,93.42137333397903,120.85710755325383,147.44635612019496,127.16125635609203,103.9690019358364,83.19566952738073,82.39780292808659,72.43920120056441
2024-07-24,73.34383117028356,70.71930269381771,70.86234427354515,76.95359802963046,95.84716472766253,102.92117576082967,96.88887294323153,72.60756639704803,52.69400924004692,33.74497480779637,14.600237154286972,8.80108130732664,-2.3005477940194368,1.8704442612951766,16.993406972039267,45.60168276270501,60.329130675768596,93.83619454453326,147.2712232909793,139.60747651720038,119.1727649035639,104.74660669999314,103.00307077360426,96.8420347812463
2024-07-25,83.38209183059261,82.17749893781408,83.87611954677396,89.24737607801616,115.02688580948696,121.78332143726671,94.65643109379101,69.40841679397667,45.09201697222514,35.772897963823716,19.509574613511973,19.49331041501668,16.67704968338839,21.28496743613651,35.952550093074926,66.30891827148312,87.2165460916118,124.30656072644086,156.481760526763,138.29927008713037,110.40410862195755,92.79835846492485,91.95240267832226,79.6256786639449
2024-07-26,72.0100883870622,72.53973585426613,75.30448382543906,82.61125494270617,100.01937411284649,109.43659625758566,97.31276545047571,87.71653712798724,77.85945780005699,65.28897957074341,55.00274202568198,48.61508671718506,45.78012270639818,41.796865653015246,51.760019404143286,69.11702912577431,88.53992121336577,117.43754829663914,143.7322936234534,132.8834748215914,114.88354047475623,102.11695538271424,101.80466005879656,95.12771689745854
2024-07-27,100.04661712345462,100.18812735445093,98.15808580453422,97.25948114951316,100.02600531780564,104.2162997917323,91.26565260756966,78.78297682121524,65.79253602564773,56.33080322396895,43.87758770185923,46.906039863302176,40.858940232782416,52.469390624305085,67.62452910280246,88.98650310843772,106.18133215505311,125.60730810081239,143.57375697418425,131.9437261130649,115.99546976959302,102.04373623605953,94.35574700017,85.64419001440513
2024-07-28,88.12973621529974,80.80732475806876,77.86060781152148,78.15971397378082,77.11578798535217,64.75755965162733,52.103928318200914,29.39021897678475,5.271244061280768,-19.677424915353086,-32.86423251017854,-56.34126570562471,-70.87174717408439,-64.20198094026429,-34.60370445462401,3.825907098125356,42.11367451987263,76.74106078906219,109.67448304938267,112.39006210067531,104.70024782034035,94.06547438860063,92.75827185090711,87.17557982299374
2024-07-29,73.00386091936579,72.94798073362557,75.05260984460924,83.89148719927717,115.08911488640138,124.06071562141553,95.4141665027322,70.07619036545479,47.92808555970214,38.15272813739291,21.013352850607987,15.868829395045466,18.514380188132478,27.606958312506237,48.06573556509355,74.37061598931825,103.68067979444642,151.594102715132,183.7786322735994,156.13830135941006,120.4000808460195,110.23175382803647,104.72280492098659,100.06006311130118
2024-07-30,73.79691677097908,73.90593522334953,77.62132776542504,84.8628133316842,110.08318557626293,117.62144595378109,96.52607053303232,71.6997405592004,52.01618881460377,33.219838163922816,25.02754071820442,16.877673108917406,17.71265871956213,25.565973800038023,43.98956407356884,71.38631908332688,107.16984799180975,152.0223849241631,168.10501623984922,143.6909294862315,122.5347982586815,106.79422421601141,106.81897078931665,100.23147940053116
2024-07-31,86.2613873536953,86.8321244720137,88.56050325962147,92.80214646635854,111.58272785746888,121.17176148614085,106.36847833953871,75.42671630473811,52.248044565810055,34.08681770712303,25.606586911567632,16.056488895360744,18.8153417680999,29.39186175888844,41.46035494988642,65.74124829530675,91.28693451968158,121.39018417517457,153.14562088753536,131.13755206744915,111.89940185738085,95.08592661480904,96.09721812009103,91.6026679538824
2024-08-01,90.17341574393681,90.04523466284057,92.86776476392664,101.24608353592835,120.97731759166179,127.38849130746665,117.13045916337781,96.50413602757847,79.46011106637516,69.24729370153004,69.2153598659522,67.7855825512537,72.13575087385684,79.86589362872286,87.58240004984357,99.91462896668142,115.26224596485073,126.76863806889239,148.40716072451707,128.61826822222844,109.00782506148487,100.28012070423951,96.21743627446641,92.35275297001778
2024-08-02,87.97717503602985,87.61526253438154,90.59824608525365,96.69074818266067,118.99988997977775,123.78114203669736,116.59943616170419,103.14046891625219,90.21521564460562,81.91478524370557,75.39364231347545,65.48611445005189,61.17148382115056,63.6506028215923,69.91896118484775,86.1069110677175,98.26311352874862,115.16150482322318,142.4488944573872,130.7671114657806,110.83295315654895,102.31791980208455,100.87083805437582,97.2497710330792
2024-08-03,94.06866751568933,92.48684644292693,92.23171773669561,90.3312022374821,89.46657467467561,83.55889520432385,68.02893198546309,60.87809875480038,50.83224438887615,37.66111938248035,28.204284342464405,14.71287948835544,8.075235366456567,15.486113569841294,27.577942644580958,54.68935129487618,76.70564472649536,95.4228123839004,113.2341236218347,104.71030049671093,96.96214537111231,86.39572570882635,84.6686487278943,75.0273325962169
2024-08-04,94.9826880965084,89.50903073749411,86.92289456229092,86.36725081357409,86.45747153327353,72.45928564704772,52.98594416469156,40.18822814084626,26.323919356517507,17.20570616580821,-3.0567510145054086,-28.74792071150432,-51.99207083768488,-39.68622538511285,-9.596204206804913,30.514226356020757,65.02346909907779,90.30897057578237,118.2161290623589,119.65089983534314,117.53215593231958,106.03120746158969,100.96086508019904,94.73088238382168
2024-08-05,84.50221655922844,85.53100482016245,88.64099843138663,100.31201199832091,126.92266450483082,142.42292740025388,127.07377674695891,102.48294782231012,82.4504245706821,70.63235933420762,55.04539780253964,53.799488279069664,48.30671456938582,48.44500248488276,60.056240554531996,86.41243030411087,115.80198534970486,159.11451080422552,184.94801102884514,157.95701013757312,131.4397762532947,113.2256290995596,112.21190073388325,108.79489135623446
2024-08-06,91.05104968176393,90.53081794487765,89.74302964135492,98.04913855323154,124.57850114002207,128.92167610586674,104.39506952884568,77.7345584750669,54.008925369560906,34.077311787711,24.098553074341623,18.25085272890574,19.605725238873674,35.283230843265116,53.840643584514076,81.12199708570525,110.84731165258265,150.4848409547899,178.2105620964245,142.17586767089284,116.1262820611574,102.00806322861916,100.04586269919855,90.52415231429745
2024-08-07,81.46040395774129,81.8736861791302,84.16514531965292,91.66151637976384,112.47402641298632,121.65755080544136,105.17074481823147,89.43350270561375,72.606626375127,59.548597202212186,55.861614501771584,52.7502316874233,51.89992876874458,60.289537555170156,66.80131184495899,82.64995508696987,104.55407059668096,137.48565695268388,160.21650553966572,137.8951713364701,115.26873655191616,102.12291124393627,100.16189760923145,95.41120883528112
2024-08-08,85.89546201447052,83.9039644440395,86.86989982500707,95.73523174135983,121.49713275993663,131.7168907849892,123.82136093214169,108.0480630652721,88.49514216395247,73.25228702518164,68.63731682414559,56.16275921109875,51.132656537331506,53.5851455044645,62.364502611036166,86.23878506899655,103.59274461115825,134.88289106723266,167.520950275021,147.71605187214553,117.18981936222715,98.38343615161337,88.94128047744685,79.12419520254434
2024-08-09,74.26572656256305,66.48782604125591,64.95771481047214,69.64596326962229,89.00863290030804,89.03365314127234,73.05366055070515,49.992739429316515,23.12418008092243,6.827656404799598,-8.207472341437935,-16.885154646403876,-17.21409224308158,-14.76403414432275,0.8330015144254475,26.659483603157625,42.63547422591661,37.9982648186905,79.10601877046895,81.97479723487288,73.7851709651728,66.01528005015842,75.6950718676776,61.74874472006085
2024-08-10,86.66196936330788,84.58196581608523,83.96473278517604,87.9640534163812,94.09238410522093,86.53310753700768,69.01730594797785,44.9855248403431,15.614741888611192,-0.4738684287132884,-19.544942641156737,-28.913970621071044,-39.58527199633615,-30.375726413351742,1.6736414377501774,29.776587924698646,65.28394080772932,103.328046041068,138.5035301269088,128.46547961067037,114.2868256236787,101.72418101729744,99.30222687182828,91.91291301371257
2024-08-11,100.57555108518503,97.01013910557629,97.74412156817647,96.35772489547456,98.83575790180447,91.28756484386784,64.06892709603524,35.80673530115145,16.579795012561817,9.238498289671767,-0.9100156819997238,-18.988695490106068,-19.781311893771274,-5.368702563570878,15.097965726124087,52.946949502212796,87.75766773828303,129.65085156625548,153.50144461735673,143.58010939881962,130.13950298143698,118.00986360838502,113.1680271666501,107.78796098791592
2024-08-12,91.68904319773492,92.46252961867876,92.75557394273707,103.57396268841832,133.6584534645282,141.2837216954257,120.71189101138654,91.38602802401284,66.83841895084196,49.024849365990484,35.33259058103472,28.603711554617263,32.43763943762293,48.67592422634508,59.11345990400029,81.12202646229527,109.4678224496445,145.5344903747443,170.26837534127833,131.63986842289933,102.3231336280372,88.20050476511165,83.77767864034794,74.780024132254
2024-08-13,85.56977419705092,86.90132011786471,87.37138575147492,97.8732252925972,129.25722106363645,140.1493727095569,120.1168418536648,93.23782525104815,68.93172162350473,52.82292808157391,41.70013660172638,41.35604673262121,44.100965339653285,59.174347991126304,80.0753660373929,102.06258652852338,127.48893832218043,165.82234821384597,175.58701562517888,131.93682339913727,111.09368594546744,100.36882140114469,98.44040860153194,87.79573138029609
2024-08-14,90.34559614404785,92.52913498883188,94.6564297853128,106.07210791655255,125.89258737644839,145.21191563868157,130.90122695225222,112.90216694963053,94.78595627045787,81.15675050112618,74.50614790809902,68.82209017837117,73.7740064740525,86.84145178308692,96.73693326498731,121.12836158991261,141.23442709608287,177.04437156134188,191.01818488223154,153.65943807085185,129.81026304155318,116.23019755555285,115.48782452011652,112.62530784959073
2024-08-15,105.09018087579183,104.79394164262337,103.7886687287591,111.99259048109016,135.06057064396072,140.3993301067043,125.65407194099143,102.31979820099112,76.28007329314332,58.44756176071783,51.206981362530186,33.272486829251264,32.925396515084486,36.20499430687633,52.92898263493874,80.31271766828687,107.51683160624957,155.52710187103665,189.43568119382985,158.55987864711255,122.94080795181671,107.2908367204462,99.0696680486043,92.80635369727074
2024-08-16,83.41153025961721,82.70406763028704,84.43113932937293,93.67280460065696,111.88997449852464,120.60297803240417,104.76469821217842,80.90277745887404,61.861474058715004,49.471940270817825,44.95674727035001,43.79857647507951,52.85629177651674,55.68801452323701,72.5849623015367,98.48615027123608,131.92605491639068,163.59425593003024,186.58192032638672,161.14446384801545,136.17110089525394,119.6469940003858,119.24553305724919,111.97678369937955
2024-08-17,107.39456001811025,106.71034327723135,105.21182469015397,108.99804647002615,113.67071867570085,122.82037796939838,105.63067398270458,89.30921251179623,82.46464377714769,71.36857361881135,68.39066495298326,60.81856136124472,52.97250129279036,60.99127301393587,77.92980857868152,103.91700295645231,129.71952649142762,166.31130177261699,176.90510078599374,147.67647952020104,128.78041967842518,115.80853885134918,116.11367193371996,109.17455993879759
2024-08-18,110.41254967246958,108.20628987554474,108.21434630044746,110.6553413117727,112.11606947815231,108.48413189630142,102.56614387404686,99.13371679006691,93.85126902668037,97.29551217969339,91.96224812928234,75.46711008139599,69.88589945611476,72.74957856552346,78.67469526090915,96.58203179416239,113.68893231928926,135.5015237376368,142.9833592340393,135.46159936094278,124.87313221130975,110.94058741510135,104.27507032745802,103.45768677655728
2024-08-19,85.38099923628597,84.11488979176667,85.98726635361938,99.52208554041873,130.13754839757146,150.2372087367709,138.99026480620805,110.67360278723534,95.39589652973653,86.43643309997898,81.89409752067935,78.79465130065184,80.84784727163787,87.26307865907154,92.35572251239466,114.45754950056244,135.47722652057203,173.67780500960754,188.46246735629575,151.99466560578017,123.11906803971152,106.06149759092774,103.15828333073785,97.0506969797752
2024-08-20,83.16946761654326,81.64449098232075,82.04690894139314,89.537071100301,115.64479314150185,125.26491854702883,108.67076142576153,90.23523063285857,74.02957167611345,68.00104999237162,60.09114886822533,59.48280254669595,64.71184602252126,65.93287984074146,76.15534011676021,94.32243524598636,120.87316057047052,160.98655645652107,160.54206283259214,121.39048557458825,101.01834051638549,90.26969492718904,85.17314345756725,72.84583695039521
2024-08-21,73.80009496588404,66.31282763770976,62.58435084829075,69.23221071954754,90.24954481755174,100.54190204776418,86.22550501765241,63.10475584380616,39.46352853885415,18.593674461250075,-4.2426102448302885,-15.079842850681985,-15.865209890204298,-0.7029605505307472,24.54028112179752,50.662816727616104,77.0231124326391,119.18829462960113,137.34659897897447,118.46606178893413,101.69364067657514,88.90738257992511,85.91209433053174,78.42975218035264
2024-08-22,69.60684618494723,70.07006153615657,73.03998812411167,79.72917953023811,102.08942912381849,110.96015978572946,91.42459995326263,64.48667998241133,33.51798220604255,15.238020752328325,0.28610981647982214,-17.64034544817808,-14.569373399500705,-1.9320287679383483,18.18297970892324,50.224042629484686,80.5454107083803,124.20980277342609,137.72539632499246,108.32974091385341,84.51946808200891,70.55664457888298,66.23786188351323,54.93551838163549
2024-08-23,39.2683340351501,37.40644175709306,38.6919106857613,43.78879990530664,67.6966116827948,79.9739843323482,65.41758787587972,42.13596896356239,14.818487308403732,-4.37708110793379,-20.05379351527324,-24.21623074329196,-21.509122361019408,-19.21176627558617,-9.162934719182957,21.55947013399667,60.00403548844922,96.45446748571061,116.64455620729537,108.71832949486785,100.7807745828658,96.42236977930953,101.52190808161984,100.42161196167453
2024-08-24,97.20385967155224,92.8219181249727,87.49383811659041,87.11834556624471,88.31625023536019,85.4296147341538,64.8539394531692,42.669250748583664,15.12270284848573,-1.7087156102695218,-14.481767582003357,-30.525698971231648,-44.235074598328154,-41.05913572569855,-24.640405011766234,-6.480679473410888,34.721109235558444,68.88430567596416,78.23181168585083,61.264674310367084,55.03501069301751,48.96465603435374,42.60306715104696,28.414929182241423
2024-08-25,-3.5188531000478207,-0.8845022014859296,7.539090715490303,11.091129281496023,17.09696998169032,5.019532256988697,-14.60168455562453,-19.12556017829226,-33.91424714283497,-40.64031960557544,-46.871739262235494,-60.792125618558686,-62.23434944192964,-35.51911128124436,-5.356867956778487,33.50001771835123,81.43423568444285,125.69285067890303,134.50426171469744,124.8877397660366,115.49868766181649,99.02982206032449,89.22786214024093,86.24746677476367
2024-08-26,81.18920237184597,80.0938440309193,78.39231311592833,86.91699622835156,116.5918857880287,133.84793027586366,122.38263817549036,95.41795253437942,79.16002416561435,67.68552679456526,64.4911763045192,56.72725352046354,63.111217817313964,72.64993537436455,83.28556105263884,99.1966933285845,132.5754459360799,180.01807458891116,190.24977958431742,155.4992224076282,130.26797785572742,118.64991243145231,118.11346352635657,109.89183710251527
2024-08-27,87.19979230899375,85.55980341745904,87.98325009233025,96.42902238725445,124.60935936307415,140.71763659186496,121.1621886467759,95.36376657258882,64.99912721573696,39.87549665698759,28.00196672543784,28.092765494797376,30.523027474273434,47.343498682597456,70.57817814517213,92.8868300430945,127.22665420761686,173.9517825673454,167.80749680617248,128.89682571357375,99.87899339619813,82.98070768645104,82.46854680862667,72.7909755370035
2024-08-28,89.6311913412126,88.71909616174067,91.05712403728835,99.54493424433169,119.38368728452708,141.72213824553432,122.94844450399866,96.97411180816815,71.11996268431926,48.273244443186584,33.16898267786093,25.77776998704031,30.697367986257134,47.285728832183715,64.23608417426614,98.51068370684749,129.28088383355697,177.40317141528251,187.2430039138136,134.44522672517252,106.01370956496777,90.92144890437643,86.69713935466669,82.14432329809917
2024-08-29,94.44730588476139,94.91126057667066,98.69872150515167,110.67757467799987,135.84816354743865,161.93734797569152,144.20983161970972,116.50826371045846,84.66987730761426,69.61885384019554,58.404861934383,58.250446060093175,63.424345810483835,68.46598191675719,87.99678038606085,108.588795198346,139.4178693126236,195.03756940017558,210.99330134503413,167.53727484678726,138.94875490218527,122.52382851457352,122.54173651499462,121.84455942273274
2024-08-30,99.0666894483136,96.59421621403789,98.03118968174078,108.29955452611973,135.6044065295474,155.79397008100926,138.87242760766728,116.76711562947983,98.79649069735439,85.4412103050893,76.10402617498663,65.35750805544743,66.32150797144566,72.77400294130504,87.62436423330996,114.296664628151,137.86218744168642,182.20555686068437,185.0860746779712,141.9083563698703,116.50941902536567,103.70627076860826,101.84697666270031,97.29727586941623
2024-08-31,101.03759710935259,96.94252260871762,97.67691586729951,98.81626374081111,104.34715095218496,112.71340150813917,101.07148640748304,79.13611951109806,55.29323916207678,41.59757588866763,24.594208613121197,9.423923977295871,14.29121744393153,22.175053882931934,41.63713169964262,73.25684977860561,103.73344821944855,140.9160165934939,141.0928058209793,109.5158753685964,92.40187294827565,81.5634031099149,78.60844233550506,75.43107590095498
2024-09-01,82.2926000420365,77.83405372950862,76.50262531372547,79.50618732492006,87.10422802224289,80.08617835070501,66.46062561693132,46.04497725974113,14.834811318517012,-0.6618751776373415,-10.093764701428157,-26.413329552078864,-24.800726905837422,-9.180816669321317,14.73743474497472,58.13155467374269,103.37908331812255,134.7493924000685,122.26095258021051,98.71193689284816,90.36861960694581,83.05772245579158,85.00115369263449,81.3038631757653
2024-09-02,94.15971711173223,95.22074609820562,96.09829580011807,104.7032793456205,138.7584515764242,158.522206922827,147.6368546265712,130.21548061795593,103.31807997667933,88.74648180489106,73.0542244885281,69.26919949196409,69.06460051351647,87.88008229789743,104.50490843387279,133.21759065012282,159.83987403932935,196.492061476537,199.44628628718408,152.9540997488278,129.0977927929502,115.25338096462244,111.07010698691285,109.85566897906143
2024-09-03,91.42054187215832,92.12083780024203,94.11433545592558,103.02032074119377,131.09276338968175,157.02576202017144,146.208179870013,123.51880343108144,100.07526938363716,86.20366360890928,76.3423694098727,68.94974523424642,68.26362054848201,86.55451724775543,98.63447207361016,122.69742108030084,151.11726179943278,209.90533509285828,196.1718480904277,149.03712357397683,128.38165746854378,118.93165740937454,117.58238633842828,111.07861194535249
2024-09-04,98.7333244569576,98.25365269621828,99.74274769938262,106.53309262420598,140.8919558010017,170.50330017148931,156.0151242560899,139.63716406110103,119.6815948353503,107.34081334407703,98.81615535094687,91.69663766106544,83.39220922857213,98.90010702086087,108.63334502020382,128.52532654315746,181.1090349572067,235.55904023062402,202.66451488863558,135.62606650149743,108.80279090504936,99.52848334068906,93.76747386721432,88.85555339415893
2024-09-05,87.5165419153772,81.38907352485373,77.27986719871328,79.27420842870171,101.55910353605235,126.19558360925525,116.40188718709864,93.96061643566588,62.33227830613729,41.6752076058243,23.484406266279592,9.008486062668851,1.909319230951695,13.137746906910792,34.6218536046899,71.72236216329833,108.45427949067762,164.07774594480028,142.1944417689545,93.9852232044785,65.76568806780432,57.693853843494864,45.98408497558781,42.11824749614962
2024-09-06,60.1098890889953,58.191202421438405,64.64666948453251,77.59485669985148,109.76550591698827,132.19508954533455,134.48034744116654,109.29120606104804,80.85815315652927,61.48433038082745,50.659552686167444,37.17523799378777,39.099380663861716,52.39370687030203,66.4122949042544,102.94369425713477,140.71236800727408,178.702732132445,155.88764721601703,134.0375045434783,112.77625097096491,101.25148563543779,99.84023334225454,105.41087744387124
2024-09-07,96.19646883278544,96.03455558959541,97.2587723438723,100.55926077559657,109.58430872238227,118.53206325606598,107.56216190544934,86.13322514590942,58.01962933953728,31.841214541768707,15.062134089492076,-2.1030056018930736,1.1678583835629155,11.98835402059511,45.11270621588874,89.85681263929834,126.18131533232092,165.50334922666434,154.88981493859532,119.1250570150525,104.98231781385319,94.46093927841389,95.59229774003278,88.55137842446294
2024-09-08,85.04115252288577,84.75175995067217,85.97399011879526,88.95172248768314,88.75186998405107,88.37826933637326,79.13095138501816,70.17401791281065,52.208710160417525,39.049482849966324,26.618999890551194,13.945032283067604,10.406875193046716,34.93085785038392,64.20252995442479,98.3920577838082,133.00076675068675,162.15366959635278,150.04062680864857,132.05745897300224,122.08572060945617,111.41217067027483,108.46833483640496,100.76115768535854
2024-09-09,82.70118006034544,81.38563028482268,82.35618789654599,90.39368371817203,123.0287492620821,146.60784730647123,141.476945845488,128.23603748769477,112.33214063223024,103.56905118572674,98.7099283367682,94.0530769494778,89.81848981476782,83.09503869449428,82.47700374941795,90.64875461017161,113.54847467980471,140.90177770514367,125.94177227495773,97.01044272891914,79.73162240972752,68.01183956312175,62.67549117225743,58.283858402964675
2024-09-10,54.176212099571856,53.5999434076075,57.418462891559614,57.462620341212336,94.14790675478096,119.40500157596293,119.88509903376669,97.31967201654848,67.50391893462374,53.35099953849111,33.00687601092443,26.676621378932758,29.232089596291004,33.57263240970977,41.68656710260828,64.7522806379763,95.73824713501735,128.1026136154097,120.24683118436806,71.69940961345833,54.29082369494489,52.84210843690398,34.31662400489846,37.68826562208619
2024-09-11,37.72854311193951,37.6219962807199,48.11954399742592,55.723468610829066,84.63065389457189,108.92678809998417,112.70434237427521,96.68228345315306,80.16854116624512,73.80547165923706,67.16291958755582,62.64386369510778,61.293348388474854,66.43615300354976,71.71971746789617,93.59282645614198,133.98610207841776,166.35446522951057,144.75118772590568,122.13180587924411,111.8709197026586,99.7049952197421,96.03610297399976,91.22777097425976
2024-09-12,84.62280374390815,85.66268404983731,87.76512323291634,97.21403295696821,116.50637861811279,142.64490443462032,142.35154421666624,121.92247108847008,101.7708574020117,97.06370597180872,98.51664369447388,84.90728432920785,96.12092506061589,105.06771217703093,103.62649511505883,127.67468573479792,148.89730574451514,181.08102066554633,173.8518266959909,151.62201969569674,134.44579254963753,120.88512170473551,118.77711916844419,110.46499137916844
2024-09-13,88.3247428989447,85.35977736754003,88.71502100391653,94.01911223093909,116.54857441511672,149.65206942721403,138.958627933324,119.17854750581581,104.70386256392179,92.03771861131251,79.80092441911557,69.97270767111675,63.85324516331339,64.72495990952258,63.81884583757305,76.24247689212476,96.001989782647,126.8520319344807,102.22238689680005,58.62964767019345,54.73222263892326,47.872036571465735,42.34012053672159,37.1911874212694
2024-09-14,47.60991435402894,48.42564303393908,50.15870000204955,52.35865376913215,50.16799544612329,65.12079259353723,72.34507091754995,60.999646874062684,37.31371804990579,21.327190099280813,9.834936532349388,0.29752821641965,-0.021351318923777285,14.335373140996666,25.371767708241435,63.3847467530768,92.50920681068834,126.64070335794744,119.51909995498244,104.45218400757793,92.36656131478375,79.84239330376937,74.97108470930368,76.15048498921075
2024-09-15,65.08007051431403,61.86362477129939,62.25258774228244,64.89463650547142,66.32945643473857,63.73005803791857,56.55473730003118,39.872393981982896,17.49794154471111,8.534217450037744,-3.3667088063904487,-9.007860281254224,-10.7906668545575,-8.46691811646562,29.016963000230916,67.89755225839757,104.79351977210044,134.4299153472412,134.33669098888763,116.94341904895677,102.06561946923486,95.75922268498748,95.19879665764542,91.74013532441303
2024-09-16,85.91826688260764,82.65746347413857,83.82536802593519,92.01627976749796,122.97710465918883,146.36274809018488,143.71203101794606,128.72251123646453,118.20380147410812,111.3881204647007,103.5718139527217,94.4165088245024,88.15009472519444,80.62482767223884,79.84255547139477,94.64854053703482,109.34978009172892,125.7592494181977,115.6212337185116,102.18762232753959,90.48971618749053,76.91083704356399,78.15120060210154,76.81546850253312
2024-09-17,80.73446901780946,79.01069535547052,80.9265785669495,89.44085693064464,113.4160968063275,137.27679576421602,138.86713562266434,118.79633367416179,99.47243419249249,87.52927298733992,74.33061099075083,58.498131519958235,49.095498987446256,54.61362330433161,60.67563651971301,89.72440456706786,108.16157973518891,129.40559440282877,118.13345707117608,98.03927897175546,92.03194324476682,82.04978478955788,81.42456916091683,79.91283039642312
2024-09-18,78.22662241481609,76.53653191987796,78.61844670624009,88.65991255368813,116.01248759835188,132.4511030317357,126.44616468454097,101.15040335716627,65.02770620663756,41.36667352770705,17.144542005538142,1.704540017910503,-8.172591415764899,2.82849303398433,29.423920947982865,67.40312806563234,95.2009870811946,113.99377592971058,93.32094530082779,77.185621698365,71.48430224717728,64.57380667246807,69.58930599277082,67.94157331135953
2024-09-19,76.10112526287122,76.34703875334584,80.97974375152947,84.88406585304185,108.66837141291448,125.1226338169225,119.51847400631682,91.4848793548869,63.61581548653485,37.620107018711664,16.005878245856977,-0.4197037880892367,-4.681586616640416,7.375428794289334,28.27926473233819,58.51742532605856,98.56828075728814,130.71975966244273,106.05173885566788,70.392783503553,61.00108176077417,59.810119910819196,55.09760677046178,52.33452946235947
2024-09-20,72.30200320465366,69.65605485138212,75.50068899517156,84.25017571499235,103.27305114207763,115.53408249552987,116.0535772144083,88.56119590576264,62.00883599494179,32.01243856626437,1.9296564957741964,-16.56369139832323,-20.901951789293904,-9.625029783045662,30.182704824724738,75.59043358510348,105.66585965594913,126.65702710309304,100.29463176573557,81.45123013965653,81.51217181248923,74.65671825553031,79.63586930277924,79.02106277853801
2024-09-21,85.57125889871735,86.03972099206251,88.6319928348163,91.88893263539688,94.42968828446901,107.7114955485022,96.34936733238698,78.12412198908831,47.61124752292581,19.51786711317014,-1.75211187582876,-18.797240028387066,-20.16308067281217,5.03727871943201,44.21194497259271,92.25530522583198,129.30650468535265,158.13607961190675,131.18687421505985,109.4481856852437,104.47908424158446,97.466903020596,100.90318103050858,96.96215070892089
2024-09-22,89.5183907351572,88.00238400750777,89.42095479410689,93.86041176364749,97.60379007452184,101.74747888289455,89.08443031808733,67.02021924948903,40.77079829670033,21.648823363093328,5.617760173455622,-3.1125038399877525,-2.8408200046092418,17.75527713272136,56.54363093919798,96.19345300347507,138.99295336300688,171.70244966551482,148.69969030642648,129.55121665630105,123.74453872521664,112.20886310580568,113.85066835151925,107.9699515341108
2024-09-23,83.62731504740673,82.43571844679576,85.9335258100556,96.41658649227837,124.98473080954953,145.74827492351318,141.21763979049948,124.6819408296264,108.83555999288355,100.39507336743246,96.96117166932126,94.44797644424305,98.5153955002576,104.14108955825655,115.27568406108395,131.37651493535404,152.99444002404474,177.20070874471227,162.65002115223834,132.97190875811057,113.85606907307157,101.10140400418035,100.83711111175917,97.0968182923035
2024-09-24,79.6614822382158,76.69901665659401,79.67245880002699,88.59153272179374,111.16286799815879,142.61862812091007,137.64201792393135,120.40185810063967,99.82463653121692,84.27397777384786,70.92592564816329,60.11123475601754,54.88382636502217,58.029318225743296,72.02138853599224,93.78245023773428,133.55380787146737,152.65556058982818,87.4299174668105,51.53677400950586,55.21420677293535,41.53568719666022,39.12910803309467,28.785955511162513
2024-09-25,40.28809259973889,41.01175795750796,44.5998192546009,56.706491962310274,82.27195933616743,111.96761059320981,109.33493846949277,93.1082018654121,68.59625484314701,51.75893657176347,43.44860051735569,40.824643804347076,53.00746555491564,72.60616435244778,95.80827710798823,123.30078197263076,152.05389037508385,176.01373326704766,131.07249454219868,107.7332202242258,95.89985269282793,82.47126924336064,67.65620055940812,65.20256339779864
2024-09-26,47.7798951914316,38.216299749443856,34.6234709952129,43.64729308122448,68.50086824686312,88.91296597228117,94.43070492809082,75.74539751597518,57.360365530029206,41.49937529741481,30.350320514913363,20.414606227353175,20.949948548287537,40.537952888582744,52.383556560678144,73.18174265753223,102.23453448710777,122.99217590982914,81.79460663833434,59.86513964644993,61.824273411990966,47.371473178475696,28.10025444739226,14.986357781563314
2024-09-27,-5.797301798654615,-8.544023792701807,-2.7708158450861617,11.081379996248359,42.99958605265884,61.71825201951316,61.07340734313992,39.69326435319648,9.27733774034796,-10.7473367158142,-26.769750763559387,-30.295451934142662,-25.22176686895459,-2.898883211922069,5.702179758240206,35.45224203530131,62.97959392387908,89.5954548792495,60.97162650653739,31.441738849095614,44.721122244888974,36.871982936166035,16.177990728243827,10.688410013722944
2024-09-28,2.977729440671098,6.7769477935711535,14.991358897881682,18.350734709606456,18.845508580665893,27.130271114777784,33.27409313521403,25.084359028200794,8.272924964611647,-11.906730123593633,-15.20597430366692,-21.668510810159816,-19.99486464076307,-8.874560508146601,14.679389978728608,43.320525821814655,83.1525261484233,104.62290734734846,93.70001311595641,72.99361589386811,69.51137985515001,67.14821629606377,61.485282628162466,55.99974887707417
2024-09-29,45.35964454176458,47.35192600527634,52.82241812805538,57.660943389869814,62.19781717679857,72.09362590486683,60.8959202775179,42.86736794621379,16.25185265654153,3.4703621200929717,-1.253200109675106,-5.06477294992537,6.545094328248155,24.89703437992926,46.378390740007895,79.37331378629926,113.63783237702248,132.83794028219094,106.79193172019478,72.59022072017736,63.9177649459281,53.051018484793666,38.39422662563904,21.515339318182484
2024-09-30,0.55921679080069,-9.524707814534267,-5.210534462305205,13.585623346463294,64.50810543680763,99.28576337128085,97.83903850103091,77.08009145879517,51.28671553574203,37.88122411083178,20.245663687293373,20.17496581910882,28.63926308914464,36.55083768190831,39.813483584504425,62.382277083666075,92.35067401536733,113.45252060332211,62.38848306199323,21.884253765961915,18.044491242175226,6.755467626703677,-8.087312225485789,-10.219929587778026
2024-10-01,4.565146239510497,7.792979562934562,15.025059617793914,28.694501258231696,57.39360793363941,93.84948622255811,101.44689296044142,83.24172097162725,68.75655918979567,59.14115399815527,50.92013810001244,49.76338046386504,60.03932365521736,70.40564631582531,82.68996500340195,107.966233636533,125.90608590478465,139.1874910968946,120.32384116875592,90.55394630834859,82.28947157899304,73.48965947757286,71.8807909481839,70.8008218160214
2024-10-02,78.59573410237668,75.43503049751325,77.10933056238572,83.00515457190912,107.21308633298449,125.0602210891146,135.44181209297312,121.47428045627068,106.91185641562464,96.71617178890817,92.3655465404437,85.77488677028933,82.45341592214392,88.08635325498834,93.69829590822873,110.653219142284,131.6312562966609,140.10602065194146,102.08604345234357,88.2273990464256,82.64091635036513,72.83692735660088,73.53276020678595,68.40878822514472
2024-10-03,62.375287040468976,58.364223077075366,60.23206095793485,60.27750932132222,52.424203612386385,68.86693430451056,70.59781939763413,59.600700081156425,48.36281262839633,38.03718781522601,31.372462456891142,18.762054914597698,8.232802886193596,27.9397216339282,51.5093744200482,80.52348673970847,94.78914258457492,111.57919436168335,98.82450662350539,91.61469784578796,84.32187392188045,71.16824022776488,71.63816099365506,65.6932444894504
2024-10-04,72.44443299585531,71.97348565239452,72.79811249641168,81.16900968327118,107.51951022841818,132.39860539654362,131.8380402969014,122.66855465632642,111.7742558599605,104.71259034975813,99.49482001506742,97.19693983813681,97.75809729721973,105.77383817242183,109.38102825251353,133.49825015919095,143.90501355357293,159.1305730537467,155.96155620967843,129.8446024127166,114.68468044444597,106.96572691940129,102.49869173637443,101.15394956774621
2024-10-05,84.50518352823688,82.4536767161492,83.82266812762671,84.8246236566557,85.33466848202283,92.96535300705963,95.47218373369904,84.70089655493507,74.6749468327491,62.02776549035647,59.54711357352726,53.5813193235489,48.890335940708034,54.33610614177335,72.94242090661936,94.50292605783105,116.67917925088028,135.65203262842584,107.93831677236929,90.33512709323043,87.18629114273214,81.71756855432122,77.6762109948379,72.16727886885286
2024-10-06,58.80880981320563,55.2185309893912,56.840915069105485,59.819765246501056,53.30024270474538,62.836650252066,53.14581051630621,34.89691899105908,2.5072513676024215,-16.453991209075326,-34.804558804542964,-50.063810791458096,-45.083111481783476,-25.032899870592075,14.377055722451814,59.712946245596754,97.16912830270958,98.28781513279033,41.647480210827055,27.14036882876313,36.93452977449452,28.20999901888287,22.091660588217024,20.66710118672762
2024-10-07,34.86853563415266,30.876580667023802,34.79969834304796,47.47920180001174,76.2660478926199,106.76683042843263,112.75526739004702,100.81386401155822,80.4942032930037,69.49125934109733,64.22115560870509,57.60443361957428,63.77529615641279,79.64888902441942,101.43290823438583,132.80543260054947,149.9390187687959,162.55384255438784,138.16795592955606,108.68935910364047,93.46855902642956,81.7992370909668,78.212410158206,72.92303774570206
2024-10-08,62.682661021627595,54.470448264538334,52.37275276509913,57.68454546475991,79.80958107777683,106.65579710043136,111.88151585891563,95.91341154340489,86.79672340705885,80.90202227615677,79.428064761209,79.34497442387361,90.21648447328086,104.5893377813781,116.96590996877224,131.97550014301828,165.93974969796892,177.6697331164759,135.5087964017313,106.33043970204731,95.51380136340967,83.09044662768814,75.522799743677,64.80583247567418
2024-10-09,56.5380412975624,51.86619481614055,49.81937114351323,56.517467932700164,79.85233499197498,100.35067360720416,99.96645588668106,82.48285636784394,64.34540900653488,53.70468206958126,48.76675261565469,49.76079219521691,59.0367101587257,69.0012074161203,85.00980091745578,102.99906456288937,122.04155331327802,132.87163448835895,90.79458753795463,76.7903481760664,70.54723952897487,58.281336510664254,47.201888733119745,39.94237648587272
2024-10-10,40.52469809958799,35.24907836530309,29.162092971691898,37.2573649217937,72.64844422854942,94.91351358021934,100.11536707408429,87.28170596623056,65.15438340197917,50.9823754570914,43.41016163744135,33.316136516345324,38.86551203523049,58.717604494505665,73.88567583744715,104.24206466736992,127.08050229103272,143.0368242897527,121.9057662954177,101.76815987179776,95.72849596913521,82.36053350097298,77.28531249924211,70.75412235513289
2024-10-11,72.4384340360318,72.45826498674862,76.78852540275201,83.78416010728863,109.77434666310442,138.48820296982814,136.9668722606356,115.66940947136919,94.4937268662308,78.92368299714087,64.06979124507356,52.31575882429756,52.17214203805757,64.64134065948448,86.53684242316316,115.2474935815006,147.3448700509205,164.52431335023314,142.68840030369083,114.23765761978142,106.09700798121715,96.444304447441,91.1681575537974,87.30304914387737
2024-10-12,71.93152576784263,64.86050918577598,59.78557202405439,56.407940420898036,51.61936336395936,59.76268462471718,54.80756735555693,27.61608578877039,11.084023957831661,-2.149682607099834,-8.899015908695716,-8.187029248953252,4.795988199689802,18.529210751447053,46.08376283552806,69.35641345521181,88.89226200461036,79.1987803417147,19.358634365344386,-2.503608423574093,18.75059254713426,4.079543375187839,-13.993103388645906,-31.703552895875163
2024-10-13,-10.567012267515352,-23.46707173029324,-31.271712306339097,-28.863653929256074,-44.57599511766972,-42.84925284835272,-38.73000940386447,-46.521640542056886,-72.05256328870179,-93.24147506923138,-103.33458934119734,-111.74353957346825,-116.97840101627912,-85.53537227364345,-38.61377595347088,8.262552749961955,39.08378009069993,47.68082952667493,20.859820501408535,29.45623941327848,41.20789521238382,41.251255704161736,36.339278948575085,32.647043508166284
2024-10-14,42.526181694434364,47.07181028211304,56.53070000227795,69.85655449510304,107.24274264137973,148.78944866205273,160.0694409094269,140.16779841142292,127.65408740389378,128.3858251352229,126.79730376134967,131.46806746524695,147.59980431971593,152.90540270598103,147.004289118969,162.55428139231043,185.09523479015866,213.54947149427366,172.90415179111605,146.35755294709423,128.94440581669687,117.98245648644951,115.01247275059941,114.33881219453937
2024-10-15,84.2606563962265,81.58553846192206,81.59572467669416,88.96514552234795,111.01044000078623,138.46721169544762,141.41942045875797,117.26756953753156,94.98931013752171,82.5980737667888,71.61995980942048,64.90764048529877,68.67205039657475,72.77831537646777,89.06507544533645,112.41753344599024,129.66511553773339,128.17375115857823,67.23894742153881,24.050211801725354,27.480165656654577,8.260757813610766,4.12738258378603,-10.581656438523112
2024-10-16,10.312975079301538,6.113219065176011,11.179465783953304,20.304723982721,51.49889109678712,79.56384570790345,83.86773133707962,61.88644671564287,30.174429664589397,13.002920931031753,-3.1139336776201247,-10.16229580376141,-0.5469448456561281,19.03834290331885,43.12655338328322,69.94357570695604,83.72085330228455,80.88762670028618,57.2524174030122,33.9118150348406,34.48061302629824,22.630425924508927,20.07614316857378,13.808767164420132
2024-10-17,11.00777629736443,6.2413162964796385,9.5521205600744,27.531295447478755,62.71573655439612,91.45629864092786,97.54185359084225,79.01845047449113,64.71209702338058,55.39092671296204,54.07450335509306,53.67544774527653,67.33187227359215,89.15012626111239,111.80816816215139,139.99459111042586,165.77166860677232,178.24121008512358,149.23751689198173,124.11493721545247,111.42845877480144,101.86309999320095,99.08441268825152,97.94351543922456
2024-10-18,81.07125623560039,78.55456165270485,81.0963552498031,87.2869759416945,111.09501340633096,136.29291849109455,139.81005702579543,116.3207840535833,100.34985447438707,89.59363903796253,84.7208670131379,81.93248517275126,89.36524746509477,93.82866553328412,104.4174638983975,129.07887340764017,151.9666079661214,157.75301736389105,112.47234188435837,91.63136820799008,91.00169928450549,83.72765596994932,82.69683823971428,78.60544345477554
2024-10-19,80.39656008526893,77.7083576539075,76.20439406561609,76.16964876749421,72.46310252925383,86.53336091917247,90.52899927358798,83.48085314639876,72.63976968619042,60.31484940389271,54.26898604247414,46.32017633561205,45.773315608636445,60.915212607184145,82.51338689769256,102.92503557119643,121.43671266587835,117.7805677650401,87.03826219496392,79.53492399904945,74.1089229521794,62.67530494328616,58.92260151012616,52.28140161704132
2024-10-20,52.63404000997878,51.905044388271996,50.890292491217615,57.5073837470675,57.18514880030249,70.05616284122372,68.28726378589943,55.186989605754334,40.70757610643277,27.83235208113973,15.206032392936393,0.6169304692719635,4.373207983170147,20.634689214108747,48.232514698448405,73.10918282173773,93.3749152929617,78.2859312116954,33.85566822314631,42.516285809384215,45.222074189905484,26.652284593237056,11.49649651395147,7.739096897814036
2024-10-21,3.173376096208031,2.569543553902605,13.963403633873966,35.944711980533015,72.99617832854119,106.5697184109707,112.46494622450246,97.83797176359651,80.06366991678358,71.88563098881703,67.91221623345747,72.29913979132039,82.47464233036739,97.8374780271828,116.93735247110766,147.40645063785422,181.2433929042213,196.07450070501585,149.823223818475,119.59947085580846,103.99967999995279,95.43801147060123,88.80459587124125,88.80980117850751
2024-10-22,86.63534825380488,81.31640021530797,80.77578075120404,86.14303390996393,109.39977709813317,146.67186558517,149.51960807374982,125.21714267653616,108.337969216014,98.65907120745959,87.85053841748088,80.51677617102006,79.55787952151721,85.11742240842622,97.13317811336594,122.85979587381973,150.34950678381787,149.18652130945358,122.83752386387835,103.88020107009135,97.23184031044681,84.44032259068906,78.40089330314488,76.92425711647064
2024-10-23,86.34933824809653,89.29872175396063,94.64914776627688,103.74259259280723,121.79764696498931,151.55893968881344,156.64463667474465,139.5725251832717,115.89015284138398,98.98540319868249,90.84468805630094,86.79460966102278,90.14649168364392,97.86846033227745,117.91487565088387,137.3150137005137,154.93816666163193,162.6726996177104,129.06099001815255,115.38475453197508,103.69642817148346,92.00730098815384,91.39433022001619,91.77407873714266
2024-10-24,79.64809093480062,74.9839479659306,75.47357175279119,85.02866946985421,108.00507193873746,142.22989400612653,148.480544061639,121.95418124414545,102.15966722662056,92.59007407267285,80.28851465746612,72.97052175433927,76.92367741439475,90.39015739690139,105.32915376803088,131.75615667619795,155.14317032352176,143.79741168689034,103.58028100248224,81.57720701436648,86.14554179522602,73.73791191351663,73.4019467497493,72.40857943145478
2024-10-25,82.71305342839813,81.21927161529568,85.00476488968101,94.27813116832097,117.53769529144054,153.87058955022073,158.68187932710293,136.06615199197537,114.87750301196657,100.16719242553887,88.79045034496531,80.59802829284283,86.60473213996822,104.3114100397717,126.6357453541284,161.03636742235543,188.98401006618067,175.09846949944577,144.0435597147773,124.03750660091117,119.24841805129545,105.48858500704026,104.75674126736763,107.4610418342303
2024-10-26,106.75652359000082,105.2035362080408,101.24977904511198,102.86398842896921,101.54005628508165,114.41922926079809,120.3074658132808,105.82815400815704,91.9665128095471,73.99264582290846,57.81996818921631,43.90248055906378,45.44950877892938,62.99125638590368,90.59413195809478,134.03787143263997,159.69706201062954,140.98814995752778,108.04747067664644,100.67217347917867,95.62494373552852,80.43860462985327,81.31351919138767,71.2913784875451
2024-10-27,83.7846420538906,84.6350046368759,84.10865127403133,88.85679685531566,88.64200267084466,96.08640944778509,93.09011136348856,86.7635918630742,75.48559099846891,66.88743258702416,58.11652211239166,49.91042733414866,54.864590601882824,65.16213179018554,97.1740080410298,125.2766774775309,149.62599306167985,155.2494074200027,136.5853044847328,141.4356658473801,119.92666044435524,108.88708450400962,102.83125566776631,101.59367147461856
2024-10-28,90.972430209471,87.13262446856615,84.44307239968967,88.37104914963803,102.30912755592144,136.4932458034823,149.90394168981015,140.16199970018047,124.2923736505455,107.74483199811363,96.29005756749595,86.42495999118164,90.96440828919414,96.36500526270143,120.2679401506762,140.1380294722846,177.9627999473206,181.475009184772,147.70985646295307,129.11332413398148,118.76508529625305,107.43710233190907,100.12957502276046,94.74008105467605
2024-10-29,100.35825332582037,97.80625020424883,98.77466892504167,100.91345751938158,108.44262066049268,128.3677842095561,150.2823018576876,155.7505366456811,145.88070592368626,139.81645169708048,132.52866679600925,130.70025750436832,142.49714187694175,145.9987510000195,147.06113174882717,151.56676069194543,172.50900054624987,184.60334037575586,164.12874121924352,146.6959427445422,132.15119336948135,122.37728742574987,113.20596296518146,106.89282831241401
2024-10-30,96.36284173346729,89.25397936195955,90.12655004076595,94.75081896484433,108.62468912795607,131.2676057115284,152.0687804405661,146.92314419069908,130.53264912834936,120.34275169430681,117.41587534166183,117.23609836988595,116.86689610689191,121.65705108688219,132.7420426984944,151.1476169113921,185.37297347929933,198.14753316701595,167.57393320471368,141.00238994589665,127.85397577735426,118.66009190121488,116.10654500108399,112.73167603494302
2024-10-31,101.04665442184334,96.79271909923196,96.09848170780293,98.64267264763961,101.48755628476572,122.30267268546716,136.56156736127076,138.89615369206035,126.41451801429197,114.86809029080237,104.53251342316452,91.89968545429731,89.05597670333378,99.79834291061862,113.564412032543,132.1263568336699,146.41074308365683,136.2161707041675,117.57559193218478,99.93517272928992,89.73281870547967,82.86204682584231,68.78888795857108,65.26105490925958
2024-11-01,57.30490516996858,49.58140313427186,51.76345781930738,55.70154693475897,62.09254619690266,56.207640784736725,77.48313501992531,82.37911573368535,74.13956519930582,61.11390872430957,53.24219266501514,50.89335216955598,45.421303611660804,62.6384296862598,78.14730047905707,99.7358477700109,125.8868629363079,128.69332414907345,90.26879281696202,78.7845732528697,76.92986355403183,81.39881097666657,73.91887781020496,73.22289702498168
2024-11-02,93.53299765691166,93.67612966395441,95.07519916580904,102.07910645538772,110.84302690188416,121.65532049657062,129.0163561596643,129.18401406940333,116.94646343621685,107.82187773396892,102.79457105069156,99.60594433924075,102.04163465431918,109.81220171289272,122.86179844645498,141.48811542496458,163.2981390730322,166.70921539608906,153.67351758038376,142.3223850492403,127.2579456992229,117.83290565744022,118.11847680193216,116.27491712735731
2024-11-03,96.667092312864,92.86335969810996,90.79534044868981,91.2874317393008,91.08739630254605,90.18681677743736,94.09639251439636,90.57868494338489,79.62685027180757,70.54884026919758,63.27876785935304,57.46820390798206,58.10857055839314,73.82673287650152,93.4007480171772,114.3969312729718,136.95671544769633,137.44585292181992,125.89136675357089,116.47666902443872,109.05495045875372,106.26342093844553,101.34128239978946,97.85079535252815
2024-11-04,89.3947069010754,90.53096196855616,89.98041183619709,93.11043838766446,103.28675265229661,131.94518112944004,149.59242853576814,150.25633210603388,135.25002512096728,121.93990358628605,115.1164339813968,107.5664017068606,109.79498768446607,119.79916427264823,138.07105208316887,146.33574319751455,168.25334258328985,175.18964871067223,159.81511297800856,136.57925430847132,119.3907706075256,113.053408383959,105.38952478179306,101.45905198491774
2024-11-05,99.26296582554701,96.23987663426483,93.92791238022893,99.5087232586008,106.22844698343987,129.77268116420646,147.9356188846036,146.8127984037414,130.1132083875833,116.14323725407051,111.06556621188201,107.95252765228807,116.23166281155574,126.04171486027911,145.6386540438717,165.5800789696943,209.38488482561365,210.1364115416587,177.2073759985015,153.45351839254263,132.86127258251463,128.76916442834832,122.95371902425482,122.63625335989947
2024-11-06,104.40079334718634,103.75458951936386,100.22192376871185,104.70652206672194,111.20587651795692,135.85092860407207,152.02505506991167,155.95671289251518,142.28709143397134,129.13831401028102,127.76548652208193,124.63304671915273,128.30534601993202,132.17607745075782,158.1909121799102,199.84071884214273,242.07839732367478,242.26342484157925,203.09123649328097,156.5533377914784,135.51813207500024,131.64786635124807,126.6276747388326,126.67911167819432
2024-11-07,105.29074729674257,102.56860721650474,97.5761211581125,105.78975871167964,116.34324556001724,157.04863582683618,178.1881097989757,173.7515067930631,166.95147148515505,153.50665075869452,152.2927918230605,144.57113920350884,145.48116252307517,162.23715424195854,208.83729197277245,297.0099529316981,354.794955478157,365.057551816466,286.45368279375657,192.57296409084773,146.75752789377054,136.63320661319875,122.14516156066037,122.27633042686377
2024-11-08,96.12750886707737,94.54984885078007,91.98507123887475,93.9702890763865,113.83095341262887,145.82784333303258,169.6350511406264,160.82596684449834,152.1185780258823,142.67257693691252,136.85382370775682,130.9323294530784,119.59629460011223,131.70362394934943,156.2925210664012,202.05438757353318,253.2310273532026,221.10606732951243,175.50512125788833,152.35232367575506,130.57341483133345,132.29883008945504,112.78700093055863,114.01012230817781
2024-11-09,102.09892632334963,99.59756695384648,97.84503776823738,104.66187577630014,112.81498387723857,119.47255381474925,127.34980947374599,125.2718366171072,125.17727333858427,109.68537439551989,107.64920837292917,105.84405772195902,107.42565227925235,122.14767070535217,140.38553660498263,164.7250066492931,203.42845501487693,203.48129279340907,178.8254011228451,153.3297187858278,132.97535354615408,134.64579732082214,120.72879507295164,124.43788844157372
2024-11-10,101.10352134097006,97.93302314803658,96.13221054226388,100.49783400204576,102.7349063211521,106.9418801326789,110.5937143392422,107.00202126857849,107.53272703424578,105.12230263623411,101.63005160492064,96.7448056744575,95.89369558562927,107.4730478131378,116.75572041883018,136.38298843882416,163.63954377007204,175.29670636262537,164.6094966012144,143.20655177135282,127.47383679459213,121.06942926697951,110.4830525455499,105.53517368556788
2024-11-11,103.09413662686387,99.04103494715224,96.09750366131365,96.44285693124822,103.03601225352753,124.76319432279702,143.94812585597248,150.352364279963,140.9018083097124,137.77091450159975,134.4546767841953,133.2382529784206,133.59497858604487,132.47663972238877,140.22694306147696,150.57758918614377,166.90200819872658,164.08522043466147,137.57147396266217,123.77496792882755,115.40675091506733,112.42623585601487,104.19553537000465,103.936994847423
2024-11-12,107.47734493319938,105.45167518777177,106.19655030016659,108.25584279054854,117.19415113925506,140.39839917974695,154.52373184977597,166.88093824605664,147.5592410113549,139.71663691363068,135.46953660416528,139.2438064928271,137.42344887561387,142.12826464039844,159.85361171758922,179.62888131927198,192.6617121167846,197.10806758736393,172.02539277220953,146.88236562078708,128.70972431049015,119.1694621289613,115.65819745053031,117.12424669690307
2024-11-13,109.64305736206573,102.58350651714125,101.671874116517,103.84832606124947,111.85606359954963,139.65332376111937,163.4592448160562,175.16887831924117,153.04797642246876,134.42922380043612,124.0917997006359,135.09311578670594,127.3293634161657,133.21096270953518,162.31969142466156,203.67782189277466,231.77164390154508,210.59196733461286,164.15043452872925,131.51101390314605,106.7924394815112,96.32874006352695,85.25137973696937,83.08512293311877
2024-11-14,95.19745817995307,90.18221149037235,89.52574742024147,88.55729537163322,95.81202786289752,117.23972452998238,144.53136758009708,163.7804118742906,160.38999904139092,152.85470814783906,142.2517390707066,142.52759843105522,142.51941255190556,147.9380551367879,169.2808941870177,176.70520063612867,196.25812076482902,180.14747152487834,146.9583559643777,129.9588348258271,125.60524413588473,123.6323211014663,113.63234896285095,117.05630767105852
2024-11-15,107.14361434867884,105.40651709190071,103.47115682919215,106.92250467997538,115.02648250508867,134.4489979255123,153.27827935900189,160.0336965277702,153.90811790889032,143.99946150955233,139.02484610872966,134.0323116406437,132.47419072634307,136.85770453867232,147.40391395917217,158.8223179196085,171.30044320819243,164.9790104307978,143.45229249509927,120.64040527426124,109.70866567511753,100.96410982984105,88.68493117643752,86.68886309560189
2024-11-16,94.60247444446875,87.76095549764199,83.77732470282508,81.67855164118116,82.75804266761831,76.99950050438844,86.76125817372468,98.65477573613676,97.42675751049845,89.43250162059594,81.56917131587777,74.48747936992724,72.66855500264072,79.43092011785359,86.1190823737396,94.67754042223963,102.71523173798207,89.9224245015773,74.95442791983078,75.79354274508287,75.02600095241041,72.94163764735568,58.5324406460367,53.36542580950132
2024-11-17,71.051844657788,67.11430305796905,60.985032710501805,61.97666121864478,60.45202418547482,49.046800077940176,57.58496620573956,65.13700489571893,61.854665050006005,55.50480255049831,45.65766177488086,36.25300364248642,30.7665938909458,41.06576431750468,57.13615895488591,76.63452922908064,90.60243079395514,85.14929196438351,83.57791419010543,75.4469347579925,73.44301048927494,73.9525259811782,59.35447080353039,54.53935592299902
2024-11-18,58.863099174907234,56.107460617206904,51.41194257224687,51.891554976660636,63.545303861239574,88.99857494551351,112.97276436296073,115.96079017279384,107.19056214753633,97.07043500033132,89.61945785834112,84.55721360009562,89.05310787573877,99.6124955620102,115.45564943854976,126.57827807375548,150.77999498403062,150.4460505158187,145.35743998980675,131.86315414271093,120.37890377607863,115.79799375722558,109.04191017573154,105.55813013969077
2024-11-19,102.09175152504984,98.36281106358142,94.89189028247296,96.48578253341199,101.0038803151164,119.05594158827192,138.14234437753174,146.047244127188,138.0761935883545,128.60687047656674,121.96840231297882,116.12859739803874,114.38383772928933,118.66143789285051,126.91451099510448,137.63949302705117,156.406310658681,154.90120347160675,132.0641570812151,119.23118949478825,109.83705259761237,108.93640528773386,102.95403437983973,102.52462944481064
2024-11-20,94.53352109567875,90.69954488373811,84.35718506747922,83.96278776025294,83.34567342118021,89.98720164895144,107.19345111788022,122.6571592508373,114.54481885510417,104.43162404822742,97.72818356364331,98.17705140671083,95.41230968776057,99.30324367005765,108.0994275902779,118.90063263669624,131.73183511456804,128.65014490858414,123.11783344245906,109.69360790619879,98.97005884630312,96.69422378097454,85.95232171816775,81.80617206540171
2024-11-21,86.63786734379877,82.43011265232956,75.74415546027406,80.00418397487245,89.75650112628199,109.28223800968472,130.85216007377886,139.41020488851944,128.75242632835,121.47937132232659,116.04132383387102,114.05004203896627,119.88441836111133,132.85946762552712,152.5310901532797,157.1936479516336,170.21086278261896,168.51232771956654,158.36424223007265,142.82621501813094,133.8830573445092,131.69584195549174,124.60150063203803,123.30514073639085
2024-11-22,106.81300461961136,100.22450267463769,92.42657278133346,87.82586451831526,93.49941185430686,108.85134931066665,130.3072804678791,134.72761969742695,121.36994349230439,106.15949975522095,90.57840484541026,76.88451908056906,66.0387949555873,71.14195557459668,83.40117677639532,96.08920079340875,110.32832614427134,97.97728669236889,89.24878839366642,85.25822851979206,89.82436644940569,87.62003195521166,74.97519254270267,71.58234874895876
2024-11-23,73.6306471075257,70.88558715998701,68.00272345437831,69.24811715682715,72.82067119949724,76.95599568703364,90.67144902693703,99.1668706069762,96.57403869331445,92.30925960334905,87.45274076240916,83.52203573746974,86.34345762344127,95.86753106697995,100.74856367002714,106.8377658262517,121.4397001315869,108.24611645703078,90.72803430918353,80.81141863342847,75.76261845491122,70.54388654671719,53.8085532302657,44.517133177303634
2024-11-24,-11.37509511493802,-16.561935416918416,-29.02355662576396,-41.21486053683813,-34.43641683170269,-40.71052396798325,-21.538406596464455,-2.552114461852611,-0.6172892819556068,-5.041219345376362,-9.014079609006416,-16.124044683514455,-15.133886029307718,-4.234372215858883,15.88797387940349,43.7871684115004,71.69546594806894,72.78937514614186,68.6012200145529,65.00264792642893,63.38845483835284,58.97988324167408,45.37221516059952,38.9175443487141
2024-11-25,-8.120116765063415,-9.792128892139033,-14.189369743624226,-19.344832777833545,8.051438719560593,45.190943818923756,67.90881013020334,66.87307187104231,53.94452915111088,42.56539574422414,36.22249195191258,35.04653474598311,40.947844144825645,52.265051336006955,62.687327653969824,78.5103220530179,105.41916517395052,114.96114603504716,110.2953880170891,90.08917309008001,79.99897960830333,79.37621131818696,69.16251357038735,66.70420285070449
2024-11-26,86.13628934374107,83.41773422259915,80.13169019609624,81.7599512702778,86.18002565875626,103.2810031781138,128.14382549993366,134.64485230561814,125.3132464577893,111.62682023664604,105.18107788302213,97.07627906565129,102.3096799642596,117.13247708837714,134.02302582945825,138.0814748276751,150.24136688494264,149.35838005429693,139.96793748121226,121.88163054707515,111.21418618389103,104.9249083387802,96.26068067279985,91.99660486294492
2024-11-27,104.10719418651925,103.83603405140973,104.54640721495858,107.01279596439952,116.27543822746357,143.2854305890189,167.53919507748128,174.97636315238253,156.18508424329428,144.8206962797193,134.13172056034855,121.51296372015534,110.32370811025855,106.31514882243651,105.57312820477829,103.8591698466542,105.48386146832368,99.04925016509449,94.17641389741328,83.36000636804368,74.05658830112418,67.99374684197315,51.90994034287286,46.437619598566506
2024-11-28,41.18185294494006,36.89283261881864,36.830176944274676,36.25753763932828,50.65290956439518,69.77673348803299,98.08728876132605,104.33725281042571,96.95564427483124,93.35117138338735,86.81471684685093,79.13758978404206,79.44016190036501,90.16731637401992,103.11246011130213,117.13268508822273,134.59673817039544,137.12483405847587,149.6730220405547,132.55651333390048,117.88100513200871,118.79041658269728,110.73774265204091,113.73249344297354
2024-11-29,109.74509881086847,113.03969025131562,113.29552855459698,118.04489375380575,125.32409397885044,158.28213546590996,180.68838272809813,187.6547002029522,178.26316356689048,161.9092971613348,155.9127261961168,149.1365130211294,143.6581967205969,147.66599844739847,157.0209724304171,173.31892790246985,187.15270980090492,189.93869305244007,169.92978175162287,141.32228757277664,121.05964606376503,115.18234634078995,106.3650381469946,97.18712408373206
2024-11-30,94.22444606389024,89.05826874701184,87.03956771490158,87.74761903743621,83.36229654927575,80.01461251955274,89.19886241358311,97.28845185292185,86.77640296044243,73.2909036574376,67.71662756279197,68.5845211282033,78.8927533557314,94.43591433087859,112.23496368921815,121.21599881932734,133.1866911315243,127.403669273181,120.38582584979225,115.6589622365635,109.51398921373939,104.15788000361668,100.97865194802596,98.73434715336435
2024-12-01,96.37292366636258,94.90838948559048,91.21077489452354,90.92802843791196,93.31276772539887,102.36109851000842,105.9620202439668,104.98521284153249,95.65144109002914,89.75593254094994,85.67712950539502,81.14256690289612,79.37016207546137,86.56754092749986,101.81317517855797,109.66650889773591,120.1788173782507,112.74907250906425,97.48368070197034,92.33071342679422,88.42737940352579,83.64599820684984,73.49611969633538,67.06317976265952
2024-12-02,69.41092558943896,66.65097084852982,62.80021439107756,62.72495299270055,71.98671403979816,97.55724535705069,125.29347092562922,141.36498306035034,134.3593455122774,129.0100671641863,127.92368780078337,125.77480947843294,133.40602650937177,140.23746020218346,141.9124807821074,144.20215900357994,160.24060380667265,158.1652708594106,138.06816855084676,118.42604166757377,105.03226855037954,106.34535921568425,93.49755503257279,90.80202433507775
2024-12-03,105.27057027652467,100.93753639920706,98.3305295011373,96.32696255984183,103.19117052241242,129.2238046399374,158.2264883746219,174.91047947059872,173.0993759910376,171.42648445568523,167.48229356384252,168.95221696918847,176.35337280442366,185.31958192471757,189.2732915464249,190.29817841385278,197.79891039797891,193.45468689066547,180.4601678597837,163.4368825234918,149.0979679197181,151.0822420319032,137.6500585188058,133.58683373749489
2024-12-04,118.54895044264748,118.76276600802481,116.49664377377202,123.18731404595034,127.32198797790564,146.90822201033723,168.07647439900754,188.76558774592652,177.7819184125259,174.5174298639779,168.60578790310203,175.6691497171568,171.92016698447992,176.3636048841683,184.1179022533541,198.7776329039365,207.75888036928785,210.96029598568057,196.1170214018417,171.3124581811466,148.91313455691005,140.63950420378904,132.6931812603529,130.00234618777355
2024-12-05,105.53475539615135,99.51193013986645,94.65458015530629,90.78985350991547,98.8349512983227,118.56941966314065,145.28484005484546,150.62214562222147,136.064348045534,123.80757749208603,113.92289314875535,102.75604311862861,97.23396518027019,99.99452350663346,106.05813280041893,114.6616028994288,127.80945113490954,115.92659138144437,107.57972497688044,93.97861281189704,82.0046634049614,77.92896067463617,57.16447193708154,46.61317319452522
2024-12-06,5.550678633318583,5.134774938099838,4.209532405724076,10.707028343056649,20.110141571687237,50.45694289805611,82.10197277508931,90.69584988027378,81.72292394931391,77.63195732919394,78.27200481746932,79.96815650549274,74.95523418290813,80.12489343837866,90.54774242002622,105.43813140528452,135.30584174679748,137.41091089840523,126.51698793281574,117.54622253514135,110.80685528753109,104.3568052452995,95.20090603395106,92.85909898276671
2024-12-07,78.31166374869395,70.28692784327711,62.9842903253902,61.37108960924688,60.041052092214194,61.28238994703171,76.864405026556,82.90539798152369,88.15840289583731,85.95737301420877,85.35947635970831,84.03269042104004,80.24895250049875,80.21598501856614,83.10395319092764,91.69473375078019,111.18656406120328,113.30131083012779,111.54331079378403,100.43122315264938,92.76996943205135,93.97712722968456,83.76095719508301,78.70073123832663
2024-12-08,90.5536868316318,91.77673792592424,90.17675469612055,94.49259168748114,88.80968497626739,89.85356821702896,103.88683705964696,110.53867643526661,111.30707300295973,111.68016454325374,111.38423276771081,105.78387895801893,102.49169419729145,105.95882954134807,109.99534964766634,113.17843552719127,115.23630329570418,99.79776998372247,94.67020159802948,92.51616249099271,92.03751787578598,91.25976068684592,78.50031878575155,77.52540089205708
2024-12-09,62.63784293857816,57.44016528538945,51.553511377489905,52.67281311507018,69.92756828784303,95.0104182528087,115.18291166135901,121.11175299680863,122.28221225760565,119.42219356189972,122.1784180838743,121.50485863675533,122.75991410581565,120.90552454408038,115.23425783525386,112.3018014535901,123.24935182817329,118.71758860526509,115.52373857696041,104.0350765929334,94.73376384569387,88.87598667295289,77.84462287338607,72.33460142869475
2024-12-10,90.49500968046817,90.48243142381736,88.20424855014153,92.7624989763178,102.39927458359132,123.82158899495016,150.78776231555403,172.607585685047,174.37660493179231,183.49264752557428,178.17404041765553,180.07054740127384,178.35946017568722,178.24489503312816,182.5718061871799,184.62533637403934,195.5597009842724,193.39127871279558,181.72075761367057,166.63705331120963,154.01364358025015,151.05862813509626,140.53953934720747,137.82145612339184
2024-12-11,112.3489054076867,111.85393131192315,109.81965533211337,110.72795555422233,118.99663852052906,140.30327626807482,164.31649707504727,186.77589859355948,181.2961308964334,173.90900673594382,176.32502378661457,179.16519601654085,178.88345451520598,181.61125922487145,179.64842829038452,193.45426537992523,197.8269773402078,196.839564231358,192.24945374264558,169.06987882289883,144.2749598941487,137.12794794452947,131.7044086563373,125.66905388628365
2024-12-12,117.49423313569908,115.85173063483956,112.73247964803684,113.14836887804442,123.26745830316499,159.65006443043757,187.7236317438446,203.59184474038472,199.82649817801314,199.57538978545352,199.80493041193404,198.99297018628016,191.03211527910642,195.04339578688464,213.60380592066485,217.2739166595023,241.50982735990135,241.32741496892965,218.79722639862393,174.2995607143112,147.28926547896546,138.105644269226,124.68816977514008,119.87091878068313
2024-12-13,124.62991052309657,120.011336257483,116.07807362502504,112.20991004826388,125.34700982615529,168.1515449489308,224.96682272895288,249.7136658493145,227.19448538087937,209.60914285133418,195.71586058865654,189.0115820254856,186.15922850014132,206.1937488412825,246.1139398138344,314.7968345448897,372.6944248186055,312.20207916637736,258.91388366299395,195.94104556528782,154.59890072133845,147.28674949312938,128.7970173769356,116.73780556773832
2024-12-14,107.62632173883794,102.74069033801575,93.82836765078524,94.75355399424528,90.7482086054438,102.00177686810652,119.17704439197111,124.05585111688535,121.33859712947717,108.30014705869989,102.61990481913183,95.81999568373604,87.27377191559931,92.69840229553391,102.90303720504178,113.64016816725228,131.66151488777493,132.61491703386093,122.5450477452711,107.94264407890333,95.03397885953066,87.25183150504529,69.56500267610545,65.65248805629015
2024-12-15,65.44660983332899,61.66881006520998,57.62261018051107,58.17766973497852,59.44314460381244,62.706068456635776,71.9436450202799,77.47206065180268,82.24834321451362,76.08345184277788,69.48303279456077,62.3008589618686,55.29768963713488,58.765297039280256,67.85804952246335,80.70606969533858,100.40435693845478,98.33422097357837,104.24353044942265,98.53465805563346,87.207312830274,81.1927774609834,63.796587850028644,59.89052285921141
2024-12-16,-13.0857624312588,-12.678160365891515,-22.515172379151792,-19.24610032691342,13.064590211435274,45.96554436228787,65.99308726219414,71.70684260930474,69.90969020396984,63.81729487942925,60.164547646929485,61.49572032571744,61.632277280991495,63.34221249324413,69.2595585448854,80.61984758768321,103.27848369787553,104.67021824180233,108.84739879349061,94.87665672650587,78.68139306320037,73.14198802263684,60.52082819909038,56.14355459214556
2024-12-17,35.85792363523668,35.014482279917054,30.971285406805656,33.78607336265879,36.1358699100458,51.32329318554929,85.23635033456605,100.87673321551868,104.67070772739433,104.34607701267916,107.00451104723524,107.79431917565316,113.48751972475661,123.75462000135319,128.90495757072355,132.04204604621333,147.68842393938485,138.8974503840585,132.9448533458168,114.40022002208039,100.8637451099909,93.67465174495064,81.95041523375961,74.47729647753651
2024-12-18,58.87351961355546,50.299785718134366,44.02647166274449,35.66958607892311,42.01260060623453,58.12470736796546,83.07939009795766,92.03205583284216,78.8951831813518,63.768319126313514,53.348884948651964,48.16525606227552,46.77186247021454,47.964134783463464,53.79731180420399,68.66469312672189,87.25051468964237,80.87332097668589,77.25369967691886,74.10670643303783,55.39160936074312,51.01175591150383,30.069441411891034,24.818168751818533
2024-12-19,-3.01345140533509,-4.335892524358158,-9.213994234593258,-13.934737851211551,-0.7066464819224052,30.350301487759666,63.677739413454375,79.13354454704745,69.52251934775717,60.465850984320426,56.85960376330968,58.77354007595333,67.36890916525871,72.01129199653994,77.2078799031664,94.32064350369724,110.83284941491581,118.80354117218411,99.16616370457514,79.15952025105055,61.16599907370639,58.001367272513825,25.856108302988375,27.26411605870622
2024-12-20,40.25481909892084,37.312984024469316,33.46426382366371,37.47624709300087,39.7950130593816,55.10047651774721,82.26057407803616,93.92011128467743,88.91420939124431,79.36778108524884,74.13927557486511,70.20792986519211,69.1053656195472,76.00288084604693,85.4016922629454,96.572894136685,103.96436971556744,103.2868040086978,95.3924923554085,79.61532713711195,76.54894736158187,72.72297872471881,57.68827688610338,51.31044573670573
2024-12-21,17.823007915786988,10.062400443904338,3.5763581255767747,-4.618017060085577,-9.073513320120085,-12.63423262366868,11.930975899902947,34.46096443656005,41.10822007715244,38.67835661530091,34.138951866868155,29.254005834770673,25.856708088893683,26.91994949318147,26.800727234381696,27.525741560109452,34.95322601085462,26.926128778417734,20.280720147224258,21.313926727963633,12.30294624166001,21.286282229630586,2.632257737411294,-13.621350097961624
2024-12-22,-5.959462298023027,-5.037582304086513,-12.378866021982901,-9.543447485820053,-20.827684856899026,-22.80702511729814,-15.472817372975555,6.7738309750036905,24.620016977586175,30.714922232351007,33.362311071870145,26.10264662506315,24.529287448546654,27.087798481952106,34.61207246522012,41.56826707476223,48.36891066210279,48.69534929964807,45.229808319278646,48.70566925724829,50.79537245775038,51.7577635962868,44.92218137951848,44.89068066313882
2024-12-23,21.305713375568175,19.198416627210705,6.969156055847435,4.877062197583271,13.81548035262486,38.11282344578939,60.190083568705035,66.26358648861667,69.08477739997039,64.67944821446697,65.1314678056502,61.84623427354688,61.818188288133626,63.036009464853706,66.39792539565205,75.16957549366603,91.61306273849678,99.66631265149735,99.33957578606125,83.02000636979346,75.53715891430022,70.71456621346186,69.32928885084826,66.6235278145341
2024-12-24,87.73497822475868,88.94467106902829,87.6733704559017,90.27952984300552,94.46632381811483,106.26826029063089,122.96220696222693,124.34336365099827,124.54702081326623,122.92879380195674,122.78396407678758,121.2630525830806,117.13783225848661,115.08003868816664,114.36134897141814,115.05929847945605,130.61220217168844,132.29181388842724,128.0557083974342,118.99869544369469,111.2249698996255,104.02230073476109,100.69171774116764,94.10536988587326
2024-12-25,86.86248272788018,84.09672562385569,83.0497764531742,82.29424579496151,80.49914970644187,81.43445943875324,92.35741102477886,99.40717908219955,101.7751017360778,97.6627897219693,98.35388107906508,96.56595121996683,99.48598051898811,105.62502302842509,108.05646432452052,110.05628831191775,119.03788938084253,121.55802490301987,124.8552806510651,117.57013737493031,105.06373733398311,101.39648775325138,101.65397764553303,94.36617924758158
2024-12-26,97.23156603510577,94.951204634388,92.29704807416593,93.32946680302489,92.53866721996394,97.89439454516878,104.82863218222604,109.07537972520625,106.6896384246706,101.42390141299136,101.60514493718108,98.26515976850808,97.79994093306145,101.54598382033546,107.69684260897726,114.1199506518533,127.68994285447693,127.98202543626455,123.10635575269849,119.36193205949765,115.5102215714026,110.47112509782947,107.58773718058147,101.4722554862974
2024-12-27,104.91650544170706,101.87047425103295,101.45677909246776,102.59357869460659,107.63265959793078,118.74959736614767,127.15506114932084,133.40389164933566,125.30480374237386,116.40736544944801,114.0325221013938,112.57107831050699,110.01973407006744,113.05063773418782,125.5967528044009,136.95041088413237,151.7974137703705,155.30487892576684,146.74790434814832,137.65117047979734,126.7809737936691,120.40382490827868,117.58898927092824,112.21987488146162
2024-12-28,123.07433952490192,121.76597393150513,117.59328186533978,119.40204413702247,124.64718591624343,131.35459878430547,130.86903284047372,135.46897908137686,130.46386643179014,123.68920470202994,121.03354231695089,117.41733157072542,116.87808239770169,121.70534597710697,135.34477123140843,143.3845099446276,154.08385020468808,157.4792036932459,145.45679730540445,131.96869563216103,116.80457799072161,111.54304949260438,107.84774074490653,100.90032216145612
2024-12-29,120.12546012444366,114.78852594171877,107.46737722976091,104.10788137085775,102.41223410246492,99.97615710218828,103.38338626232877,107.6232906696246,102.82234871952112,99.02227146497904,94.82352472965965,86.43619913935854,83.95204606691865,88.50090862082824,99.39289140026652,103.16171117669612,100.60522863571816,87.23565907439438,80.5953575010079,85.29328182017534,84.44226583445534,82.12410068068921,70.46293583830854,66.15901676157868
2024-12-30,63.58736756558268,59.414957571288724,53.198001172802044,53.838679660195616,61.89038323006977,67.39130217932211,86.06778554179053,97.38643924686596,97.66306961825045,94.8465138356542,92.58438037940465,88.42709736862226,84.97219606420347,87.93358968876154,93.3485765880797,99.57845479559414,117.03114107397823,112.90473669496996,100.91971655171193,92.31045241412207,87.98089907016366,85.46305711054777,72.73077687486919,66.69961644273856
2024-12-31,45.29146638541498,44.503178934529274,40.300275790497075,42.83116145644405,48.80678383742264,59.51741845774306,74.80778305858499,88.06724276586537,86.96471653183944,85.34565697316037,80.51202875590397,73.26129687426658,67.70496660238548,74.13992106927324,76.80343721386924,79.53738906856042,84.32373699446052,73.35493383125814,63.277222891409565,55.66687364025245,51.03454721134316,53.570499574995246,31.327450611601577,24.722583443232026
2025-01-01,-10.913460196482134,-15.306227483312469,-25.323521779430607,-30.19638382254132,-28.575960969097153,-35.340890416296375,-20.44884230330321,1.8080547238200353,-1.2845112526858742,-9.426715770619793,-19.029031410849583,-19.222474153413984,-19.098339298873128,-6.9267490566623025,4.74143739097407,13.441628485045257,43.32451073913131,33.14306001745288,34.00936311410739,22.843558079963245,16.241745427663602,22.853072881835203,-4.035939289878698,-7.257802213297765
2025-01-02,2.690795749515388,5.699093097093197,7.914834182286356,13.120430506873177,33.697908375389474,50.608586499518864,70.51074168935538,93.82101380259472,97.88697472416914,103.65772207004383,106.90953557826582,106.79201586937857,111.8966057992906,114.69373125279598,114.97203422654695,107.82116546986124,111.26094107869724,112.35417449040744,100.28535465234569,90.65695674631067,86.33522127915398,82.138691615239,65.63741727405727,63.47872437199382
2025-01-03,90.62703887223122,85.3338252525221,78.63442334894596,79.15328604314948,88.44087141161212,99.5344478301962,109.34049845712018,113.70690339072857,99.83392105080705,85.27726986414125,75.56189750226459,68.61960452117233,68.29213173714236,79.03810239165233,86.77672396839759,100.6854301994828,110.99916152802678,118.99106138979946,115.23416338062216,95.67374697179756,86.89697795606656,84.04472159379736,76.6706569288979,67.18679228666585
2025-01-04,90.0978722647215,94.36951445255309,95.32796387851678,98.30438363231437,102.0969283641331,110.09030521309715,122.90889345928505,133.95253130057066,128.06940772204072,125.09349317279225,119.25163942114744,115.8265517895534,113.85880493452952,121.56321042290978,128.88393281872618,132.35920967105608,145.5854000791606,148.8405615456668,140.99772246156581,130.64691076658892,115.63131548916517,109.80501498891634,105.18770760218243,103.00369096410499
2025-01-05,104.38943198088805,100.68820328873878,95.48521452865806,88.94872259486444,93.21995636795401,95.92699017922249,97.34220866067304,94.27868498313225,94.38820856838029,92.82887112582517,88.46867821019583,78.42392275176381,68.0282053989085,64.71554776285804,63.55624772362518,64.09376957663095,67.05284310307064,65.97663380820633,78.04855295683214,77.17338221466568,71.55626619596782,67.5969893216002,54.62027034903788,47.471715002933905
2025-01-06,18.927512706599188,16.86693549442741,11.363991326580503,11.223359034681252,21.17074845489627,40.14275569553055,48.085322898142806,54.170361055267136,53.255974814270004,50.009234669439756,45.420363751571024,41.12065994384537,37.98812490729991,42.628488833074655,49.97245778444617,57.551953505394025,79.37539660842242,86.12511580401383,83.81442145097378,65.20133182695199,59.24357210697542,58.32590321281298,43.70229603159581,40.818479288797995
2025-01-07,14.059741031533832,13.05251164943752,8.03197915478728,17.968392427453892,37.83479832257498,57.196320363233916,69.78916789715618,75.76440936914419,71.89606481135507,73.40306382541007,68.27444172322704,63.24591896610097,64.9293855206427,68.51607813599975,75.13715580287993,78.39203808255138,79.84571469246133,88.78181922150382,86.37393386582221,72.62722622554378,61.69265615724458,60.590547193574736,47.477949307830826,47.762272921531505
2025-01-08,68.44745808355506,66.16661373785864,63.816969834459854,67.041457822493,73.65836113668935,87.17316831512599,102.87308968603897,111.246437423771,107.89253520187842,106.5253969435536,108.65243932231427,109.5459911467056,116.28484338760934,120.53562095896905,127.4693170093668,123.0807784165849,131.1619707770102,138.33737704302857,133.9521757469099,125.7504967564438,113.1908049469375,108.72669132470715,102.87983916931651,100.96159794009951
2025-01-09,98.59371270275408,98.64036189813156,95.81720398216696,98.23667748014141,107.84459695577581,123.62118266230738,141.52178219029759,150.55784984521634,146.02084855929212,141.37431533688422,141.43921570691302,139.0412203001125,136.02312244960552,136.40379575529897,129.5078671958436,119.36572100145551,122.74554721457143,115.38234007760886,107.69751124220105,98.57312950858349,92.28044181075025,87.3079611864454,74.87515149795044,69.11199702756184
2025-01-10,80.0010689876633,76.66978101288665,75.45404915953178,78.73891792968895,90.97404712835989,108.15628465225528,127.36043923233379,135.59675308576726,131.1593832714726,127.43134017413679,127.12794492545906,124.9052932298656,124.87254806594896,133.92895722942586,142.43896988976755,143.75970432623487,154.45042503772999,154.1425858952805,149.3331616047372,133.8944255258036,121.26362474966318,116.4869158467676,108.33629378505286,102.61994739834282
2025-01-11,99.8106722818553,96.12128494824303,90.37484354673745,90.48309982556445,90.08420993198595,93.92116699215798,101.23511191165682,112.16773739660299,110.6272377924331,103.74593853139037,101.91593575069663,97.51476601811177,89.00639660240932,93.15288739912387,100.96757082900298,105.54832648488002,113.4096802508572,110.79988062797408,113.89234860006616,107.44238842055027,100.86531387313815,97.45931866900303,88.39249990159159,83.76820325262068
2025-01-12,81.62827293438447,80.5101886219111,78.65597794985132,80.90949999722685,83.39716035516493,88.39218577576605,100.65661965669659,109.6339159732299,111.13102455134128,112.7787798593535,115.22508041418736,113.76204950109569,111.69066602232277,117.77532981434696,127.24302259246167,141.12697554738602,165.0725925599278,175.3164761031009,170.45626582194004,157.24140384182505,141.85443599928527,139.65102323286203,136.25655110088638,137.62844074117174
2025-01-13,107.92968150803318,106.57278083363346,103.86007826098465,107.69523927896154,121.83432405482488,155.87716538279906,170.9920786982953,174.17055531836257,158.08204924997148,147.88590464096978,144.8977912261335,133.8550716068178,131.03407785634607,130.19943767696725,139.80754825803146,149.6366495594201,151.00633151774605,157.39402728656518,149.21255496840766,124.72556868213482,107.880310123826,100.19474239879086,87.9247396959994,84.77206423598135
2025-01-14,101.26647141318449,97.91302774131509,95.00805557404594,96.07402538074645,102.48873767854192,124.45974142705082,147.63792677068665,159.5662408024956,132.67449571600434,121.63498252611762,110.60568974095303,104.2436764980989,104.84756562008492,113.19978605473003,126.37180780087976,135.22446698747876,145.199593355111,145.56685218018632,132.43940573966512,122.94371558115063,114.27062386927555,108.32248007304989,94.97489921571974,90.27415693476968
2025-01-15,109.39383663354214,109.92324080580268,111.12248559878405,115.70756547591778,127.71884918719958,160.20857924114398,198.11369391058543,227.66706190594925,223.09748739687873,218.00185546660012,216.71969373092395,216.0761123193496,210.984663603296,209.9721317840851,224.21686551535623,230.54993150815528,241.72621165647357,238.77070502159086,218.87048617794656,195.4323669768268,178.28571987863376,175.74955817374914,163.34624565256388,162.42059738245456
2025-01-16,120.97156224822943,118.4005448315639,115.36611106443493,117.16848334537343,125.25209634677759,157.50871736865793,195.11089762890666,217.28088310496133,196.4193860170406,182.04444927706072,184.0216248071726,176.13730835332325,177.33845614675232,187.42029595971746,206.2923149689493,223.65574812618632,245.50606404755675,230.61569400602315,211.88844309393303,173.77377938120196,154.55501442492212,150.50107632614873,134.86948579431825,129.97048758448008
2025-01-17,118.41410295401955,119.22344225750555,118.33470253254632,122.43368442266862,131.45764201406774,157.49609870335658,192.6552245181407,214.44229997140545,192.31425808767113,175.61564465743186,168.9262440488028,157.5120018954959,151.14692277126937,156.0467458078765,179.17404267238183,190.2567354834003,212.7967454582393,208.6629254482254,190.4117507016293,171.47115388711086,158.1613503588161,155.353912716813,142.0968424560377,141.73284115465185
2025-01-18,122.40049295392168,118.46005780921755,118.11651534176724,117.25068973363273,119.11860060274185,121.88556905793766,131.4154315218889,139.68740543570078,137.94730847937876,126.20639263804952,123.38988335844738,118.523590501016,116.30679337101677,121.36181146274478,140.89449026465564,155.11036673784466,176.2494869436726,181.9058326078225,171.91954343312958,151.46493480908526,130.772962800675,127.1376903684564,118.47857064335642,117.4268918097629
2025-01-19,124.17878079007625,122.43989296614058,117.71248253935794,117.00341668234657,115.15377252298182,114.91391513416403,117.66189347395107,125.84370043744146,119.50184395103585,109.58992451639725,102.49483549069512,97.54284655267674,93.03561272203407,105.17219731179911,121.09060594713365,138.34720688435652,163.53138474696945,167.47223882974316,165.38121636137598,151.60467496561785,142.17833963417027,140.36653622788438,132.97900306176425,131.4726022191007
2025-01-20,118.10058548990898,116.64121153293274,117.02648059631267,122.37569649814976,141.2266003174061,171.37415932857692,200.69325746795602,212.43204339700023,195.49433018968486,178.3945042472139,169.21438050042906,167.2879820870381,168.09803657131255,177.09124708240438,189.96174286932015,195.21178377600603,213.82917530873834,221.52420777848096,210.51507056229372,180.7117447045003,159.82583547416408,155.1936410778442,141.281758423609,138.6920632684308
2025-01-21,122.91543478953855,119.75838102277379,119.07621879179142,119.64481807874341,132.70380649636778,171.33032963171203,217.11801141580042,236.83912429164522,202.28287886964665,176.43477201320638,166.94238059875096,157.15799831379795,157.85009812207645,168.08320591083532,199.6435670907686,248.4947699106794,291.5541533959515,272.1397329291293,223.57603957175053,181.95528241234723,154.7414137413199,145.0290450706836,128.8841399499797,127.14377814327067
2025-01-22,125.4038839575797,124.48751219854108,121.43646393986677,119.5770734059747,128.702708046157,155.96901529357564,190.3505351784828,214.94008874697056,189.49249552963,167.13477451845995,161.12361159932652,158.1324805845603,164.67085270297116,168.24549026432828,190.14562975236805,198.87567403517818,215.5486897837655,195.83554374866924,166.4208913458407,141.64612486573486,123.38415342289403,113.58591644266177,99.29247544184899,95.81213005429764
2025-01-23,105.3339575049958,100.36592113092553,94.8779089788921,95.10293747052857,100.36131838939245,117.58316330620747,142.32491973472605,149.8621850922105,139.8658667153098,124.31347594589035,114.25911529411111,104.6281974087459,98.32176153707286,103.42106887520801,116.16475783488843,128.9178035204045,152.09644855447428,147.50799467979212,128.5257181747772,113.26181167238579,108.02858950723034,101.06132706173122,88.3451842183448,83.6129195153167
2025-01-24,64.98148385196802,64.03219305317029,65.2254237238759,67.04902954110682,77.74826869775809,97.51325000080942,114.82288128638449,118.09460536164532,106.30612093721132,91.64028652149088,75.43824963688495,64.15495300168436,53.75659866045778,58.4377108566509,67.07942920078962,82.02624606509069,105.62336937120342,109.45850491230428,104.41803977098651,96.54590624463171,95.27817331660924,92.73565604777407,82.69305588186963,81.4914932794058
2025-01-25,56.81111564984816,54.66842064714534,54.76844975003583,60.881788980421994,60.22421827221633,57.05539024147065,76.00894816745603,87.0974303813736,82.22703837424085,75.56403914200605,75.33702557534644,72.92148435387318,63.5911096395942,66.61774833644792,86.36996450893581,104.63474191658634,132.6910006754003,145.92267892215906,145.59691938279704,130.2241716992221,115.76276067980439,115.17636536194237,112.05522701191337,107.25223165187066
2025-01-26,119.05032180381262,115.63211660007923,109.52612987148581,108.81129848672396,104.84800756835048,105.48721296192012,109.49066351583195,118.6210790480375,117.84144800086776,111.673424759917,108.34430469988818,99.26431995321275,92.51000125225106,96.2493501989939,105.07223308280749,120.32637590282702,133.96908242027268,127.96790900644766,111.40527989457527,94.6093829784739,91.76272238650058,89.67123719387006,79.5308643869499,71.61483304919199
2025-01-27,24.07176145461365,16.504200239559125,12.78866250639419,11.696409128018587,23.03569387079139,54.647219307865896,82.83417698699937,90.74125897154573,78.0313507453518,58.44293008685411,53.30588463462602,50.207163634342095,53.524520535687415,65.55742543459233,82.6211866511136,101.79108387536665,127.64459362869557,131.61989673657914,114.66153549181735,92.47742323172122,79.17586997712007,78.65857425552375,60.39530949405151,57.03366186569023
2025-01-28,71.95969794163489,70.62375982048641,69.04301807104065,71.21099889605026,78.01858897925177,101.2008132863196,128.78431627360524,140.54946441499766,132.8901683685832,125.44580918797712,119.81303559677542,117.28543831941133,117.2200568750269,119.38558566202073,133.15514668258282,138.53966793664674,146.26450427264965,137.00382230380956,117.22728688396766,103.59028706944957,97.17543606490658,94.19938722409216,78.37939484951923,76.56113549811684
2025-01-29,81.7649759013036,79.16588232472088,78.0736791883922,80.02720896217484,87.47437501986077,104.38857730476681,134.02968761535644,138.6143811023211,120.54265172863157,101.36856366115455,88.3817296336345,78.19337949354724,70.7197955617841,76.713883359702,96.07176873773584,116.58303913421427,138.44322607816176,139.0532307032888,132.38950587354674,115.39927323571646,104.95730337250264,97.62495277313816,90.17427993755402,85.55963007582385
2025-01-30,91.79239486967796,93.61004040212907,96.23445922852713,100.16179678173383,109.09653876418703,136.5883569930288,170.16507108800212,181.49386312411914,168.21894235233134,155.3555237977448,151.6009161713127,145.76327487020592,150.64008781668363,155.56259658991877,167.87836666059297,173.06928608500334,187.32411740189036,190.92509480891195,171.66106845437469,146.0815593824825,126.4438867425567,116.65346959103624,103.36923515859156,95.04476538713845
2025-01-31,116.55420102930154,114.27416665796568,112.05119454126996,113.1825088861436,120.99421166732739,139.22581596265059,161.68951141821478,177.1193872144571,164.15033741624174,147.8972479367182,133.9116788288771,128.1042637961088,124.81465246015728,133.26319432178633,150.5945311017689,170.28317822325354,185.48116597542176,190.1782699029839,180.87440322736376,165.88100072589242,150.39858305753012,149.0070484731536,139.99970557441998,140.53453009373982
2025-02-01,133.24419471311504,132.19752036091785,129.31033834776372,130.73052416502568,129.25181223880818,134.4740600425606,141.32369438445983,148.08003025428744,137.36261438493787,121.70858137743603,113.05499453706665,106.12144865814989,100.92589995766875,111.73072796956845,133.19849602696934,154.85608806550493,180.8583064665724,181.22556005252818,175.66399769792764,158.98153552166121,141.2316638980557,140.16883409437276,131.23497514772126,128.4824314490134
2025-02-02,128.37029407456993,127.76426808787251,124.86826047618378,122.75925698335982,121.38128590703266,124.30661245867805,128.5096928945583,131.60427825317333,122.93139858703945,113.05325194011672,109.74524127975684,101.56460945393198,101.59886923041958,109.97281672699661,126.54947695459221,142.89856432923818,171.71731690787237,183.01849554860172,177.46236077134915,160.4334141535954,146.40736786282483,142.69664497952527,139.42185563796,137.81087453327245
2025-02-03,125.67588452338484,124.2688727244026,122.68515412123607,124.72765446005133,138.7436837093361,170.24625562512543,198.94042081590015,212.91639952172432,186.46946306227403,162.51638344032494,146.7052982893688,136.1495298575494,131.5090618590408,141.48539980975784,166.0805879215143,188.6204048532683,213.6176111126029,217.76912504420494,202.56044747219286,177.06669253750417,153.23537970921274,148.35849677631,137.67132138370926,134.4306760212715
2025-02-04,128.93906361649766,126.66831583611562,124.97316860746689,124.89830139504912,131.65861081739192,159.91141734121732,190.2186114394914,198.44858336546866,170.7614518588497,146.363311025594,131.5631780934101,121.09260980643498,118.45744227225802,123.8141308571757,147.36360886790388,168.5868690395567,190.38349145923743,183.56669826437746,162.26356592876178,138.97481391012195,123.60162908198467,114.86132568956843,101.93831997237484,95.68466496301538
2025-02-05,110.81131217239391,107.37857976581559,107.39269582422405,109.50929488601469,118.56334201046747,141.85436036526002,173.35619790577377,194.18908522703452,175.90548829716874,162.07957225327925,156.487383818341,153.14241131070474,155.95608714553745,160.13906235545085,174.2711352476872,192.8964331417002,220.8315421336997,218.17458202711828,199.8762927217176,185.5115347518359,172.01045379067864,169.40354407883862,156.61801037019794,169.3966717053047
2025-02-06,131.28711323140175,130.16588252827617,129.05586866115252,130.80173638523695,136.3257548029728,163.00440335520477,188.06413083575114,197.6442153532335,186.1127953390664,170.53628328339,162.17221753684143,154.56314401325557,148.68131602979457,147.73776261845387,154.94916784285095,164.9762091376503,173.99266336659832,171.45424842522897,159.97919951832765,139.82454002276776,125.83792194644674,115.31930314035431,104.76756785325121,100.13114667144359
2025-02-07,117.39579453399816,111.48233173316483,106.43086709012775,107.13855635586103,115.02119205404206,128.1136311774123,145.4817913724737,156.4927509951777,140.7676170698033,121.31385605084037,109.49541188549055,100.76552097368274,96.49533599909326,99.93775859463851,108.73197510759971,126.38150833841624,145.53064148204245,143.36957076400338,135.03365518165467,122.97817439511718,118.46333384919477,112.9055469118687,101.48679146120163,95.86792986808733
2025-02-08,77.34728986756045,74.62536036753713,74.31244298687874,78.25455025111664,78.16313000426999,81.0310002635115,96.35712466255322,101.51044244985181,89.08882657620158,73.01878317862152,65.0955272888982,63.10236399465229,64.0767958833389,77.54845891300498,103.55725957204952,125.7656672330954,153.97958292130045,155.436593646996,147.73902185904637,134.91690959544206,124.01321986864652,122.62360045022372,115.46227945240786,119.90680170771674
2025-02-09,129.24108679344172,126.20181042737809,119.46558421367953,119.41943806125508,116.84193670178779,122.74410963180777,129.04210805543295,136.01808872131735,125.55279057345457,113.8673617184848,107.43097158884552,99.66160497220628,95.45930136422054,101.44175685954197,115.75180753974917,132.3715894086386,157.28487578908332,161.2283989752926,154.91436278135998,138.85193272387573,127.67591836903328,123.57545653954509,110.54263844254282,108.3346559396775
2025-02-10,111.17930235885821,106.28836412373211,101.81427801962188,101.57481511920746,114.78074486749853,140.29378287274423,163.3145892057213,174.37476894966886,154.95526418786062,133.84797705349408,118.43721467069044,109.83940428145843,102.14904427920217,105.64989717052167,116.00092268284068,123.16032028999234,144.24789060570973,148.30261975073776,140.44411675606017,123.49706545288608,105.33299003737827,98.14893164691966,87.1956437732467,77.36341272894472
2025-02-11,71.90860206789486,68.10776635637853,68.5149221812666,69.28729063778299,77.95699692756708,102.87621435795946,125.01172812247286,130.94372438612868,119.97088429402008,111.02014368626932,107.85065403784726,106.28573979164678,113.18374413202625,111.33379371163987,123.52496491899088,133.0699522201884,148.04275021899454,153.86396585332102,144.0098286416793,130.73218727656558,121.58604398212076,118.3670137767193,105.9636136697798,104.29100613818824
2025-02-12,125.6917719479051,123.39409005125714,119.34413952589594,122.60956779928294,129.95928276974746,154.8972665312058,186.9934834437087,208.3272264233018,194.92806484031766,180.6725830357521,171.78015263066055,166.34473163331896,158.8254309223707,164.76894863481033,176.3302929039869,188.21831411470572,199.54111128638738,198.49916268091914,190.50233308006577,178.8457805616859,170.74335080408173,170.7788036315868,163.50313027229498,168.5465488089692
2025-02-13,138.34176338602205,136.42809440522805,134.5267421536647,135.3403867244458,137.85544427305163,161.5264986653155,194.55444434861977,208.13567979137088,197.51568755685045,183.02783912951213,175.95727165620673,166.49662955900232,158.50650361374167,152.5907191351622,166.35306677767838,174.32086492917966,190.67937588231842,194.9734918004905,190.53249528994274,169.22875223548905,152.24477156351043,144.3744368057134,136.99334851210995,134.01115257419798
2025-02-14,137.23618582155478,137.41936472441353,139.1381085075832,139.72835968228875,151.3905580181063,178.13418032016716,212.42588213075862,223.8888361557814,218.58360933068658,204.71156886376542,196.62268328036805,190.91923227775604,187.38464936501913,179.07611983234273,203.2918573871136,211.24346440715584,230.8245488032183,236.049028914857,227.24108973094394,198.89220812760806,173.03837418401366,168.75924713324213,169.5137078478693,164.9814125197747
2025-02-15,130.93191018412162,128.72552687535898,127.6503320617343,128.81646817784895,130.32459214285802,140.8933557936385,152.38651819942106,156.07538506001532,144.7253854774711,130.77610237525136,128.01478585432696,121.57561589604083,114.90279010572492,123.46905987377193,143.92180493133853,168.27275500968258,205.03513014177827,208.8800678078338,189.43940697456782,163.48946472700896,138.62076360900116,130.51265044324776,123.58485418908981,120.36435859985662
2025-02-16,127.39100390238457,123.67648215621949,117.02201878459789,114.1610026066785,110.99738030683493,113.85373336429423,122.42751127170125,132.2305440364588,127.03946598594186,119.07393672313067,115.19554092137997,109.33880821683763,108.85003629584955,117.67332487877226,135.6357149318993,149.68552690837993,175.1922944751548,184.48417222915515,174.80143699826021,162.92728018716494,157.63290070011868,167.76289669662222,146.87937799155554,148.09743209740816
2025-02-17,126.36139063848594,126.94286590113578,127.80138868894602,130.12977013413303,151.9645357743236,194.4849738977061,223.5610408665359,224.5895140184408,197.55335293867842,171.51787641564596,154.97999781346834,150.2524446890318,141.67347169981014,155.0561822691774,173.1891532827609,197.33493171532794,233.05283974860782,256.0950833967013,228.6239191025797,193.08962481329115,163.843379125526,159.13620280186112,158.63164411546234,162.0412427426291
2025-02-18,128.57218356128575,125.8584203537763,125.76557345489437,126.32844070319794,138.44855948051432,173.3177738177847,193.66006418505935,194.20816751405255,154.13889510870567,124.35274313246308,108.72983593558709,98.3041492282042,102.20381780803096,117.89818143796033,130.9567534682117,160.27307996292043,193.77705210553944,203.10619033974254,171.38942713383298,145.84055285464885,131.3636316185949,119.75704393159182,105.43434754101989,100.26238261241369
2025-02-19,101.28622022080357,98.8539155033332,97.80055108270689,99.13262440435746,111.64100992397144,133.18139453392482,153.95791191236185,147.34355830999806,120.24601169408592,100.77921990656952,83.40568806388534,73.71087169919966,74.40563709287339,84.230801565652,100.34856242763296,124.87738961058588,153.67382243746516,164.03856218528165,149.21444838324874,130.1556433305515,117.2605655292159,109.47957453835085,96.89741685668824,94.80475327671313
2025-02-20,83.1084645988636,80.74911406102356,81.01520364328914,82.71222684371614,91.24684806022343,110.43060942005607,132.49133205574043,134.68618594414124,119.13389211169141,106.92522935104522,98.65597488001336,91.25067840340209,91.27279943080889,96.84098222039104,110.52118323893006,122.02167926451605,142.8149785895844,148.80020493383248,141.4296796784574,125.27075177898777,117.29723440157318,110.92454708927367,96.21794358152856,94.67001329948133
2025-02-21,74.60303309149639,74.2948750962223,76.01359922781542,78.90479405687671,89.45460104100366,110.63657196769658,132.2535866021758,137.41579074624036,119.09705390529291,102.85792903512707,91.49810683056897,83.116585338008,72.86954658171442,78.09571009580135,89.83836107429909,106.5983263097303,122.61810270199564,122.63151285942371,113.36807537129445,96.43914831633344,96.95593014722573,94.25714168660656,78.80909517330818,76.40286543551329
2025-02-22,45.88775509754668,41.658051623916414,40.6340619599012,39.414966900802334,34.23570741860148,27.105290897721815,48.244148948238475,56.35677532986846,49.655064629880954,38.23644785081694,37.08117922197959,37.06998730382777,42.22065604246858,47.444871846931484,65.34870721901348,81.24347016731873,97.14285794769594,94.83381749823727,84.08311959434215,73.80734262420127,71.0491299579873,74.03489030842877,65.74717596388803,64.84299371608522
2025-02-23,88.18826785483895,89.44108673669676,87.97305149398002,93.11238386842817,93.88111614115368,98.37985276278762,104.36964247717414,109.48569753803659,101.474027455429,90.95005940641256,85.87500498586509,74.0241241265991,61.43041062551346,69.93382343643106,85.48348771521765,107.40133903163292,131.38691365350738,140.84564959491001,125.53289890304012,106.50751048107003,95.53680439475829,92.50218712282572,83.72989547251125,77.94928940345422
2025-02-24,62.01929499222727,56.664666186703826,56.707591220495146,53.83873175483636,67.30899963386382,87.64058714550669,109.97798681722925,99.91344007027763,86.48275401205072,71.1560272130552,57.38799000083647,53.13549411767628,53.977117977310215,61.848861200321345,75.85395963069021,92.36171005067847,121.91377401667505,132.5114438872347,121.91019380672628,101.35005378439962,90.56346356685783,90.75820378011578,80.52219092735558,73.36709353830675
2025-02-25,92.07756486356959,93.97868960763515,95.75066166796977,105.40736962293165,116.12209718509996,143.3344589490399,165.69077590525808,177.9482958232989,158.5693585171885,147.72279467925927,144.95020845446876,143.454294783667,150.1171893545155,152.63479732680105,167.86822793128505,172.476031307244,197.56343260870477,213.9599709843587,196.49598762102497,165.21214916834364,145.69035321609897,145.18772010261637,130.55508989679822,128.7043881612044
2025-02-26,117.57848573344191,113.06232305774785,113.18269568413271,110.17205353902983,116.8782711476277,140.39298442239541,162.85968009015107,170.66692214714914,158.8189657855141,145.6625670973669,139.71617954051894,133.1888362226116,122.62917842772951,127.2581835822589,133.87479178143957,140.61608827242245,166.75185601393054,183.88738571803006,166.94979007384254,140.8067884282505,117.2229256861808,109.75233931619911,100.11548660568643,90.67134724666843
2025-02-27,99.00796976142571,98.43011288173746,98.28163455841661,98.93971295783152,104.79821760881656,124.08498937447918,146.26062662247398,158.30841102512704,145.8483324982306,135.4310276118197,128.82428453534624,120.20391805584704,114.77871696376386,123.29630425466655,137.16614243338265,143.1948953830865,165.25807048462372,173.7096575397812,168.69168893845594,149.20826697860133,125.35841183721818,127.2196596474551,116.81461280288514,116.03724942891307
2025-02-28,113.5072174461219,112.05065968664995,112.59696737195006,115.21064695228395,122.31466853137603,140.12281561234764,160.71351906651944,168.37345724564307,157.40489247695533,144.57645044566314,137.070319050043,130.40947202565124,123.53856982539854,121.77449625912249,134.5289464396811,143.9623240802798,169.26535590277558,183.17414243350856,172.04678217906596,154.8935501814761,139.50705327926065,137.69385110202512,129.82080185400574,125.14761951876237
2025-03-01,125.05985767769283,122.7597265328398,120.576002366193,123.20768541230433,125.4697005897718,127.87628215693113,132.5687452278697,138.11210575788667,129.20854123329673,115.15158986600136,113.38933180331662,105.65393369037096,100.43011188121042,103.01601408166678,110.51896627195953,125.78513765248744,146.0778618200675,156.55111905664953,150.7216547231801,135.9945112233226,122.81448471684706,117.28965512455018,112.11314886741354,108.60899413520282
2025-03-02,117.18850209200428,114.39148753721307,111.2254184508052,107.83579021155113,108.51415667947172,114.77465293653448,115.19546179301749,112.7284515900502,93.45961059021842,73.14125516017656,56.22073964306173,44.18162788800135,31.92940631770066,43.09206939978852,66.25268496864453,97.55147250942896,136.0138096406091,159.87649719051882,149.2406279487895,130.57569637500762,118.20230741973064,110.83335869143552,103.94837366921658,99.60353127362853
2025-03-03,102.55089222785888,99.90814245616069,99.10745472263463,102.77610758688202,115.7584937931462,145.8793583683325,157.08533229946687,147.3770772524778,110.41313674461708,86.69687479857026,62.9582974630587,51.69271834505469,44.664049462426476,59.24004280808601,84.47147009324642,117.44342466342246,162.84225672578575,194.48469421227918,187.9807684919287,156.43838308056218,136.15891169194512,129.29890237885297,117.03878104300472,118.26472866368101
2025-03-04,119.51707331339823,117.91362265884335,119.16416923641643,118.0692040839814,129.26489075099317,161.85811350364304,173.08902639502054,157.35574655997823,118.20227002424,86.30551348827835,60.26329253247529,46.85214613846402,46.026146290727304,54.2906725350177,81.95505413056691,115.94631050329045,162.0298054178407,194.61546769933864,172.80839005486246,139.75429599636118,124.87785259840933,114.1111924392819,104.55429302273596,101.50135169748839
2025-03-05,86.06925454766555,82.53470019160775,83.26344669516214,84.20706863379745,92.40960363605957,109.9508904120356,123.73388785261652,111.89357226530068,81.35269226231993,56.45024420632672,33.34217351461471,19.352688933007528,20.107770570378413,36.70533338435959,61.08776900338951,98.24814360949102,137.7550366324701,169.36071686851417,154.53182459488852,128.88463043107566,109.2395100257006,103.72590498225586,96.30820034315238,91.55725296252807
2025-03-06,82.2483081884759,82.1228090845271,83.7695403319316,86.39837404844813,92.15834081346648,115.42201310294288,127.39449056419996,112.44671112106758,81.8719766810989,59.18160557411382,40.590187083444874,29.182124674948845,29.108380641633765,44.61402549771799,70.15029553122106,107.21644572630217,149.41669447877234,178.436795802758,159.1270032847027,128.91849205002814,117.48405369839074,110.23200308268315,103.54521140078158,100.72209861088564
2025-03-07,88.68763265789357,88.15540118493462,91.3035098891209,93.72796743821992,102.43681224770957,128.85201930285422,143.28205065400454,126.65563926776892,96.19517667431882,67.41602860309251,46.644493727740816,34.526401825077556,31.964279543005702,48.43857943736814,81.2438424208275,124.96772784737539,168.22448644237116,195.48308969670393,180.11304859162652,150.73265966883517,137.34793566806866,131.40970578681114,130.8636012363907,132.6959493816845
2025-03-08,119.92415995907228,118.01837879994343,117.96649689968717,117.48185061083808,118.37181590934007,125.3108785424973,119.05255987946684,100.15827711328457,71.65054635056552,40.06956953028621,22.36103150418672,9.237024736280176,7.633640046668674,22.939072146013814,59.776557880980015,94.06132494349644,130.4563403364889,152.15112651207244,130.85892218256188,108.11364113920285,99.91374644783784,92.28046722381035,90.90960976704687,88.24440206559677
2025-03-09,92.91699530344971,92.63368641948765,93.65749784994614,98.19475484293923,102.76318333542763,107.40684675491826,105.70488109704807,84.95078066720497,60.46564839090692,35.12395006382278,19.844020992005298,8.551495044344463,11.41835489162058,27.70893710250663,64.38946252024152,103.03594335891141,150.35602267420214,184.01458676865383,162.5778377587307,143.50136270741197,129.7063001399927,131.30673480874177,126.1546613750338,126.90592670149138
2025-03-10,95.73800095832694,95.22851963513996,98.39444625065835,99.2719370464326,112.25657050275382,139.6382937714053,153.02999760511486,138.93230225459772,110.05794039399761,84.38235508880831,76.99129418458261,61.311990794053926,59.58056207948735,72.27674189195248,95.86191811696644,128.6303940484,165.67030625320456,194.64048800446452,183.9118239982011,154.13282346135767,137.39323809770346,129.93150352586676,123.45540583944712,123.25315665885724
2025-03-11,102.17899032415384,101.02247129722512,104.78193641179149,105.02375695126695,114.84284065595679,138.08680959141907,151.72733228583152,146.70059883062135,120.40699692736055,99.62785687902527,90.55476680059792,84.87981268142468,89.66120337738948,94.25059446458556,108.90321292108023,135.02992167637237,166.7056279730418,187.3641766590259,171.7224005059784,148.97423025231066,131.76199951111445,126.22456871320941,113.64086906544053,112.88534972656213
2025-03-12,99.7952851479426,98.62394835417132,100.97018765336631,105.76582803577769,111.72788845440134,136.62928186215888,152.8676779504387,151.34598578229705,130.86745533681912,120.56268771244953,114.63497991874425,108.70748149448997,107.09950167497796,109.98159397052794,121.61366082728507,141.44789434949615,169.59770069795323,189.62036448810116,175.58991839496812,154.56967718090826,138.7157791139261,128.69175973386442,120.18759007805474,118.20469850814996
2025-03-13,105.4774566549863,103.45106202028859,103.57993034806879,106.64282182247291,111.31706526526926,135.6483252555036,150.0396930316397,146.96711150281587,128.35061683077754,116.04994792546539,111.38660252126165,103.44678163136537,101.1673365025502,104.90957308760174,117.46237574247876,132.66581230834953,161.31605830664247,184.4630706054516,174.77008464736844,153.5844990204415,137.7458106931645,127.77651189415117,118.32637373417933,116.93173131399686
2025-03-14,106.24615631920442,104.01730253040307,105.32236482626689,108.40998965106758,117.84731283906905,138.84394127575825,152.1930602523431,153.7883671273771,135.50881559196873,121.82012789259991,113.91315438949441,106.71439498739122,103.72750360862918,106.11976852037732,113.5812476025311,128.9344366528147,146.53908332434094,170.08318037092155,160.33950073524377,134.02486260300424,121.29815400243103,113.14303637148494,104.62536075171919,100.05513080346081
2025-03-15,106.31853494769457,102.78218850129447,101.51104687261443,101.72517751046328,104.755530082954,109.10935070017598,115.75794073282002,112.51776688710916,101.0799524559351,86.4778572728686,78.1654896729555,71.19698077307156,72.61936876777789,71.87113864321908,84.85013088181549,100.51373138023908,119.25223609199175,136.2553845204427,131.37877348362193,118.29498274148663,110.28170767345176,106.16946830826718,100.77451352537093,102.07230652436593
2025-03-16,85.53304219282093,84.63738009602642,83.8455975658445,84.50682144631894,85.76017817515178,89.06396774991376,87.90225468468194,75.02722329372972,58.50305963018648,41.39968886731423,31.605430901493143,21.362794359004504,15.819792375234059,23.74756249505618,45.05216890944178,67.40657138549992,103.37884353944222,125.41188992972236,123.00550686734225,103.48590732125886,93.99470607250508,85.93625838572285,77.44593288392514,72.96095235231458
2025-03-17,73.80193504186593,71.86072639289601,73.55471648440749,79.65323781454461,93.86515483380259,125.3541875831032,137.60062944748447,126.38570570438257,98.19940543590167,74.15243399714079,56.158885908978064,49.13158031851536,44.86697356945212,58.394975453052815,81.61047898775897,113.94643157227684,160.14052588988477,198.46381996600294,183.12235781271715,147.52818454417624,127.07062307554237,117.85357210056765,109.31991149965381,106.13674977720694
2025-03-18,88.42941259255585,86.07560103891858,88.26654031359111,87.46504352230858,100.06030037868791,128.5735376814563,130.82994232950898,108.34301750013158,78.96160567463212,53.30877499230879,34.30681323495191,25.331573346162294,34.06538830565854,47.778305814624346,70.28375185858675,101.80796304027805,149.62770808007912,194.11789366329396,180.2493787425442,141.92330286029969,121.45178598981698,112.09894602148732,106.92142785860398,103.59045083492902
2025-03-19,105.01820197805894,105.51812908041033,108.30498349133741,111.58902465465135,122.80534391657719,146.346655903954,148.17159536546208,122.35211430925828,89.18902182912825,59.09872247249048,42.84493062112418,33.41660291161223,32.02797104086457,43.51090452698867,70.47931598808948,109.43913799255844,153.74754575434474,200.0241813864963,189.1731431262436,153.22529741348112,131.40268987711246,120.67369275719831,116.52999879695153,112.1457159505282
2025-03-20,112.24187867946978,110.33865749163101,110.62880758475718,113.36797546076642,126.24184507935674,144.3348238425201,140.45113494689036,117.7884840728741,93.51090229096076,65.65938172433712,50.7771985893336,40.98056397952809,40.917404796470564,54.059803883250815,84.15918504127049,117.84381676784048,163.80442773323824,214.47831511806856,206.58760782585642,169.02624056059273,146.85794903022745,135.84893843595643,130.2471112567215,128.10474881234347
2025-03-21,116.91565843130725,113.63681067167755,112.45050908296798,114.12399636576771,120.2534288747735,140.7885535408304,132.67282893233474,103.7502666786173,77.28661927622846,43.878395583473285,19.209638542869897,0.7632896305533734,-2.3872454218718815,0.015291772563685413,33.986599723989855,64.79081924910152,92.54973324828869,121.34402236866498,112.05593763231238,87.37737006135133,78.83910221596676,71.3174391519744,60.14085940196682,58.814002511100604
2025-03-22,20.079382385940804,15.278025373912556,22.987957982701545,26.686859511389756,36.27874077431153,33.9613395528591,33.828832248083046,14.198207403896134,1.8274993896534255,-25.569436011238523,-27.893539239037693,-34.22962147948162,-23.64341383727887,-24.939282366720263,-7.063379670567258,32.023946579114764,69.30455059850875,94.14824213969081,81.08544217494375,73.94853033388142,68.60872152829663,62.80918359830435,52.10639713718972,56.90474213220254
2025-03-23,10.796976908236402,11.968008273881026,15.336379072363584,18.8964966324574,22.89978348189679,21.577559532163008,23.20323200288685,24.139359332085718,25.659919067853608,31.887215899962804,34.183252592918556,33.75111003898964,42.210911777957776,47.42832466375665,63.73129127176129,88.66295565974573,116.12024812018251,141.19247663285114,143.06557701709738,128.5520750706026,116.45286922458439,112.49750898239687,105.20355562488001,104.80215294260697
2025-03-24,107.95468859378246,107.70508226679402,105.74270652398532,110.39544440966378,119.65381805255262,141.13529426340122,149.54681157858627,138.00363868625934,113.11760871516111,92.04651755108932,83.94681889400084,78.21128251433448,77.66553859084331,84.56343934385582,93.7654156542715,120.59489665432514,152.94044162617402,182.12016868923973,176.9701357877037,155.2225752248344,133.87743263705286,126.73580949910907,119.94653228572749,114.36609730164162
2025-03-25,97.44683444025165,93.9932327054623,93.24536851819825,94.24690178928898,105.17070492623499,125.8225541748397,130.13722349608318,123.3497790971775,100.92385605156798,84.7800584052622,71.35657401381911,60.443301144373095,50.39359991322761,56.6379317785709,66.2497049271125,89.94253658716917,121.49445304271065,148.43442127898928,146.62029863201028,124.95602181806383,108.14866664578894,96.8153503357229,91.07703574010677,82.06514010558631
2025-03-26,95.35978600587366,92.48430822906867,92.96225186590179,94.72667396489446,104.93766180054276,127.51485828499521,139.99840824260502,136.70141850677427,116.18041626826164,106.94866009236166,94.72769357869556,88.4574885877588,82.16758509679201,91.30629456597067,95.08047094489689,117.19538533120446,143.02637059954208,180.0387837588151,180.5645623548952,155.86590258641345,134.16312843683912,127.56521932316613,113.28377202361297,112.46139744425733
2025-03-27,99.86432376752454,97.90819494279219,97.55345961986043,99.18033236040071,111.15391040427549,132.3111658167173,139.61243431132715,125.07041852821106,101.02321052239807,80.13157522307631,60.42919673264865,50.18753299194283,39.16429788624475,47.89273562711869,62.847618005134954,94.7449725866355,136.66274597677616,181.53691406680758,191.48050770660083,157.9660937881656,128.2079920365895,116.33573135514794,109.513773414011,101.79420813954428
2025-03-28,85.44517212924137,82.5874616737457,84.2319251418761,87.77217209688347,98.02034520392816,112.61099721326296,112.12852337216444,94.94382604479605,68.3203399632839,39.91985548904667,21.167606361714014,14.515281812695157,14.13629338642648,30.042972669691764,62.93797458181636,95.46527648811369,134.06687287549968,179.6703812036334,175.30236508897127,142.9832138942117,123.3347293478829,113.82091419411073,108.05552750760373,108.08560240435426
2025-03-29,108.98454982528884,107.46788344508855,103.40455018006898,103.15574146148269,106.7034853499571,112.79524609483003,108.91633328230886,100.94464180997666,90.60781885889475,72.16657668825205,60.99967366820306,54.56620205471779,36.850812835206085,30.090889504278323,46.55340926932209,69.38424634671102,98.91757009450856,129.77636561178932,133.3349001188254,122.57024948451722,108.55406382835955,100.55676683264133,94.00799522504687,87.07197442639486
2025-03-30,31.102746131989022,14.217661955056911,9.99363387891539,5.966688888386571,-3.360189978908963,-19.370246956837875,-38.80270649204927,-43.18613334450181,-44.57324667178882,-36.24515255114474,-41.90277430173816,-46.69194975517067,-50.03462724549236,-48.32664013271818,-33.49278050574628,1.4693983410425062,37.57795733322729,66.85587869403987,81.44166012978815,76.418239432284,69.66869005242592,58.10434558865532,44.50075093420435,38.67049791683444
2025-03-31,61.93107713566417,62.476714787461454,63.971586278363084,75.18246970038135,101.66216312767746,134.8755393370061,141.66067104810855,125.27105551261961,111.89380073257716,103.13313996735143,95.89990494822952,90.74203993750778,78.24808581501443,79.20258142437054,79.78460352549882,102.30750619086986,136.59132525289914,180.52688998631476,174.02453971033822,144.085648661093,129.35235358181083,119.22076598702873,113.91561870665949,110.64488318089755
2025-04-01,91.92129423183347,91.96627238421564,92.0243867408972,98.26245257470175,123.18518042554919,151.6210313760704,148.4523259047552,116.49455999684201,90.12238620548571,68.13585830784076,47.486289286260984,33.760429677318015,26.003470531282183,30.227271797544013,47.70489411261452,81.03471301458322,110.46310401401988,143.93877087866403,130.98038097977533,103.74350429644977,86.66142199640942,70.22685479683787,74.4969797981713,65.65663022519153
2025-04-02,64.41498730044896,66.28545962809753,67.69467116344212,74.15944738533507,92.71526643376407,116.15711758690534,113.52864281145439,86.1273933583715,53.91221596143051,21.34381948015566,-9.625778478729146,-29.17265916616114,-30.61174023689253,-21.010832602536084,5.28651307968839,45.14982015701615,76.5969982157228,110.79105685102823,102.04633889467097,83.14796422213874,77.08987905050722,66.51718847605918,61.113653161034975,57.52719289051819
2025-04-03,67.52856659073727,70.76319626878498,74.56042978375844,84.55688865606122,107.40528643757105,131.19497419659635,122.89428092326962,89.65157908629467,60.16054117812895,32.85621565180273,14.466568913812338,2.2435333115962948,5.876717564374246,15.859263480089155,43.58694031848279,82.82814815175823,127.5286833289055,169.24699713717754,161.04026679123592,132.38456911112854,116.51542672844775,106.5069865976312,108.74884235708552,105.57338548125837
2025-04-04,101.24953687426924,102.99602643884833,105.27847840682631,117.27772957751114,141.77557001412958,167.1850048919868,144.9031616656592,99.60881898068295,68.36114909518216,37.220991486306716,16.460372222616655,-0.6232558946179125,-0.3960758593404705,12.516272003921415,37.50241734230438,79.99248290972096,123.83913705606557,160.23602561612753,148.89210559482515,119.81701535170689,109.80846519534013,99.17691834077034,97.54554487831763,94.27689619202636
2025-04-05,97.93311291714981,95.88697027244014,94.27116441581201,93.4331594009871,94.8886249627339,96.395068912374,77.5172227133089,46.03758315839487,16.757931516881385,-22.524070805717244,-38.36597372626508,-52.44537043138561,-41.84830254471488,-36.99204208268294,3.2629038947221147,29.379987071661276,72.19764068541824,96.17436399259188,90.74851654977277,80.09872479119335,80.06091363359457,76.06714646031817,70.43192921708864,64.67694206001761
2025-04-06,61.08975690100338,63.317267544773756,67.0300066644298,73.15358207713041,83.6177627023039,86.59964257282313,69.12300771523516,26.828365153126896,3.9504035612089297,-6.087458697997846,-10.71764913526998,-20.09747419542738,-24.261336757103805,-6.647873388709343,11.488362221670585,59.74256152208604,116.113475341147,151.85052299272758,148.07830677915365,130.82422962093983,116.6259426860333,103.958039382875,102.81891356737027,98.90546910671013
2025-04-07,83.75192355630139,84.43960260847038,87.49090306104591,100.90895905445132,136.6688166139536,165.7678513078452,142.85823555196598,101.25530089012463,73.87693782341,53.66399855285298,37.1115555079,29.299139242966255,27.076554528840028,35.71607037793282,53.971329221363355,92.94497050436118,137.49634610075466,193.972217721545,187.28021919169404,147.62612726707792,131.11667657887384,117.70794524385893,113.37165789894459,111.97243541219083
2025-04-08,88.02028038830704,87.89630998287346,91.48802189255463,99.79121926502255,128.57676863840138,156.21966265814325,141.60497352948553,106.30709647860041,76.92912857731069,51.214386048494504,38.69377445173512,32.98759328151938,47.199951074729825,57.73502150213726,79.4761422043289,106.89963926643198,134.09119448245883,182.05696023304588,176.08689819694843,141.8786730618105,124.05403243108825,109.13978787303961,105.82247772253093,100.80574488261615
2025-04-09,93.9706104900121,92.08679155863406,95.5664450241715,103.54205367471975,129.67718894073133,158.35766183678624,136.89952890204702,99.41501084866636,69.54842559482132,45.83770918756744,28.43957554190689,18.425747233645126,29.483710627007532,37.55865047764973,45.74892488480696,70.58183130574217,96.18439470195486,136.5893161899226,134.01756736539954,110.4103702767207,99.53110721604287,86.5725013300466,80.53201365802633,78.03939536086874
2025-04-10,88.02109797292916,89.41091153046523,93.65588241240789,104.95976961194589,130.8805557313204,159.76482006570527,145.46690918162474,109.31796000018021,82.64672540278684,56.05611155328367,36.92077830647001,19.813963990051064,26.993897558832302,29.61878500005075,42.912731691684016,81.03441935008401,103.17463547056755,133.12293838296216,131.62215168810945,102.90462307784561,91.02113712071366,77.17214210454098,66.30266250263949,60.71747511442777
2025-04-11,54.495392862279566,50.84029807072476,57.10791699906184,70.21852928745109,97.65078344421514,118.56337072033732,100.92800978707514,67.47159787893895,42.75639902621774,15.818853686047547,-7.909033513972247,-23.048255442478194,-10.51677025739265,-1.1259411310849288,20.37054459997981,68.80425428305227,103.20281998366795,142.88266634825763,153.87326692620599,129.01277687646277,117.15854604184695,106.67354919378488,107.69962156780107,104.44479995115888
2025-04-12,100.69343517306369,101.23989282999983,101.03950261575729,104.20435899304297,110.95024239573465,119.26143621253796,102.52919502662851,70.95197088942564,42.948277075794486,8.135753426374137,-9.080739158945434,-27.611085468806706,-28.256117973738654,-16.727888126362657,23.356774697995746,63.61394445242109,102.27257303807164,130.51410225962874,124.23615619225413,96.31318784553955,86.00079264446421,72.23731297461778,62.75967591788309,53.766234577252625
2025-04-13,50.5396346950373,45.72584782642131,48.30482711389192,48.609320369601974,48.86845496925992,43.141737982480805,27.86739803575543,7.366894367057299,-10.802553859096875,-25.7867239279379,-37.97300662524128,-53.88251222325515,-54.69722954804077,-28.2770714317396,-0.45198375431266413,44.85252857350864,99.31470678932456,134.57460281353724,140.3534061665978,128.59974077191907,117.43295449743438,110.84224623463587,102.55012215299061,98.82779362902905
2025-04-14,80.0369070652511,79.74703262851776,81.32649975604969,89.92307081796426,121.79067314250165,161.44559157241662,146.26916260491646,108.02437940548639,79.01253925432698,61.72601210923732,43.83135865199424,37.28910033201624,22.33176834367716,43.32025692142309,57.70451539268177,92.08636555377527,117.95001704537918,169.95549697690237,160.40682366071704,107.49010216856422,83.4042074819346,67.25629006635259,54.7108218588952,45.527750510387825
2025-04-15,68.23190647649568,64.24767025673665,64.5036220116744,74.08404952028104,99.79389004648753,115.04609785806728,107.46852695570826,83.36802610797659,61.33769128771998,42.58768729446662,25.264974377867006,23.361813738524752,21.669956901198063,37.73737417832386,53.01733791905947,76.22021417026342,97.64057723904126,134.12776952992468,132.11405778581874,114.93201129521056,103.18769813277115,93.01006065948563,90.4640101877105,86.82292099210233
2025-04-16,81.03138703869247,82.63064161052424,85.0326090586084,94.18918174825636,115.83409831761499,140.58470851300677,134.20618611170033,107.08170555262804,77.60704065806321,55.44845610431799,38.85042983062043,27.505692165774647,24.993269388544803,43.522347557764874,74.7771527179372,98.38227042095744,117.98719555213,150.6582415913106,145.89577811550618,110.54217511570326,93.72687939742724,80.09561077612724,76.98878887620656,72.69952330816567
2025-04-17,81.8584743811361,79.8234219433136,83.44593453313828,90.42147640207293,105.11798583509297,119.19213835196737,118.15079284059658,106.39436106068769,87.85548403309619,73.62935413625156,63.799084196867994,53.523222242020104,48.85338249397286,52.90707123513015,67.72857427862505,82.34739926642456,95.94090936073029,117.32256323600404,118.53796620993757,105.75736586347121,94.65503201693895,79.12204074752775,76.48868658086477,70.23635371704697
2025-04-18,77.72523666237686,75.9369250450438,75.99891729194333,76.85970696064713,82.73889971364646,81.5952473812441,86.06089547150734,85.04746128517239,81.56315225593924,76.14189101143646,69.42151103971432,62.70083487108218,57.512528452206965,63.419485647104935,71.8695015148421,94.31369892883146,113.13680351990456,131.50760962579983,137.18623052507724,126.74148049920045,113.86076394939147,107.47878247617139,102.0537606067513,93.06748537916556
2025-04-19,75.32373636559144,73.77658752409177,76.12301138858311,79.85979526377248,89.01846270243331,99.47206328220769,91.9902308076889,77.74395578775022,60.18281424920251,43.76280193801562,28.19943280022946,19.07087259207799,4.912111788169838,17.792760740964795,34.08018736914977,75.29514375702603,111.56880936457377,140.48147586660934,142.15634176373268,123.67400424321708,108.98870689860588,98.49299455588334,96.2929498025083,91.0402212707665
2025-04-20,90.34045425558939,86.69661306547654,88.01453522231228,88.44033169844715,90.18914951558547,82.26311045909489,60.832478713123116,37.60583182183167,12.562771053042923,-5.54503882789561,-11.045385765089051,-20.898955800173255,-13.186554854867168,5.662024208718734,35.9198874739823,77.18067332271504,114.60791760440877,136.24085876161843,141.57835408053933,125.69254223567881,112.64967668536245,104.8338337824468,100.29102876794703,93.89355345941053
2025-04-21,94.66074704968452,93.37545660524712,94.58552931580806,99.27491227393357,109.58551761074501,113.7819052958585,100.98075818754852,78.71829124118332,59.712993537885495,46.65533390112908,35.88712996267692,26.29204574802003,17.837872119344013,24.151174994191813,46.2472500677185,79.02164300683118,117.01972142133422,152.5618895304665,159.04337338340778,134.6048637164302,116.97165755099968,103.26457064772033,103.63707216488291,94.84139852590894
2025-04-22,86.69168819561072,86.4548133653228,89.30962213173359,98.73921221635754,116.82717308520212,129.56250996907855,126.20309027803273,112.57980866007647,93.92680778010876,80.34636526286621,67.78405875365203,60.91919374754263,56.142891824214,63.2430881141941,72.4039107331719,101.25252041754784,124.42876142509941,157.42511376982642,165.14475957153934,147.6099690345461,126.38619374711969,113.85718839872726,112.28157723971472,107.18622957597663
2025-04-23,96.38562680364805,94.77926663120097,97.93058867759221,108.17652864331119,127.6519868097793,146.9635036819085,137.83497388046197,115.18177820848396,97.52018484595392,86.62437052121744,75.91654600544925,69.2948644685275,69.59365862618272,77.04570894424411,93.06984877877841,113.04673569525207,129.7421288682373,161.60074197754142,162.46917911552856,129.30040838442764,110.09116199199234,96.06162108814905,90.43798362000364,85.1560340132663
2025-04-24,87.57590272418862,88.84827345870787,88.51168424488786,99.0794522171109,110.62859665216243,129.6509772069455,134.78031356177598,124.60494059034177,113.22678365978689,108.7228485363781,102.58920809025126,97.30233593536158,97.5432366508515,100.15274818003064,104.94511531631737,110.02705379023858,129.59644962257997,140.2432445207908,138.9233135530583,126.0265025871036,116.87217781532678,108.37118982193944,99.38980957915423,98.39836075435367
2025-04-25,82.1917206636851,83.80308383254798,84.77581328542784,91.33472162457805,108.57229822385167,128.00660121570695,124.87752213390893,109.95467766000043,98.4760616645723,88.4962146184815,80.1747026321528,69.54293653237532,67.28193855833084,67.93302054016667,73.08071839541401,95.51902761722135,107.92220207058631,137.31962537836787,140.50829790690162,120.87576556119554,106.86161604636163,94.12667872206264,95.56303234543725,92.6797041999055
2025-04-26,86.84306804925761,83.60578601387833,81.95791990352724,82.07016314995265,80.97049947845267,69.61656139093071,56.80257805515224,41.06704370573158,15.999966804072159,-15.976846775317625,-30.343366735933486,-42.13609998146114,-39.29797856513727,-27.09547234437457,2.8067172087794745,31.71118024089128,60.98408814197892,85.4817224369683,89.34129001010672,73.3443760389093,60.37266995030273,51.32325063159114,48.49285481788955,42.137867962810034
2025-04-27,60.86015839284633,60.845695105271474,62.93983706244127,66.81996824764849,70.49904760807323,57.096881131823295,42.212121404740955,24.471561244368885,-0.14881962907274726,-14.637163819529718,-24.92228690725804,-37.17853473113149,-38.087319852157904,-15.752789935392912,24.05985144437369,59.43240709620894,107.3687918078056,139.29859742908852,147.42742914895368,127.67729297777377,114.30005899882332,103.18088662953316,103.05722716998726,99.10307742827545
2025-04-28,85.57161988895083,86.77944938161568,88.24838890413484,97.79302132261998,119.5042212444112,136.07326843535267,118.66993556479972,86.07245248384551,58.29223594809108,39.52882274014629,22.605209518428694,10.634753043440796,12.510207826802755,24.210875811296717,46.530319514421606,79.16109936636937,105.76815074043557,159.1740427899902,174.53319771217434,139.39894144136125,120.73897989366166,110.90615195789569,108.142202211468,104.75495736184222
2025-04-29,85.30095263705785,86.1019414808157,87.35261529070283,96.05237406495502,121.58839656381876,130.13350219684753,107.78452452742629,77.01608056170576,53.82253921866394,31.866946730892465,16.670066557536757,12.327076458794252,12.740217482394726,24.472008878646726,46.765007918513845,77.3848034130537,117.21047758831025,161.37898182836602,182.4232349633033,137.03256295672892,112.35593090211631,96.22170962373782,96.85754630657033,91.47015174450624
2025-04-30,87.3458385320385,88.55895090073415,92.20664443983742,100.84742049434902,120.56897419341801,131.7623966491329,116.61896797816945,85.38081843320165,56.66383121767872,34.28430588339842,19.117511077176644,11.007412793626784,10.897154341974954,22.06133813757713,47.382127900341516,78.47938981132803,113.02420120518356,156.83255851392545,172.489717098744,136.28460975095982,114.07891034930515,100.93923448203876,99.24906108762892,93.7081614628575
2025-05-01,87.60946421571514,86.56648256169974,89.27027795650001,90.72659881024295,91.27636047030569,76.93950397934242,48.50387324709905,13.986210657974055,-10.130842699623045,-33.49062557621491,-33.57851007484324,-45.50485921905151,-50.291818252925324,-45.00260782667249,-4.644755453941613,35.60829248146591,80.1354724007847,121.78713536115923,133.78717671177935,109.58046330369093,87.27179334891558,74.42869266727547,74.123177295387,59.80162320464624
2025-05-02,72.57866295290901,68.86094282598205,71.46771834503065,77.96767276018481,93.79063401941232,94.4522543749566,84.15001006503152,59.65101184370222,38.7368691159403,16.605639296636454,-2.631045395322289,-17.865797963003573,-18.310723076840432,4.062785397571503,25.391720448147254,51.970083369807455,90.70096643576031,127.22567000456776,142.90459722673543,124.27099849125547,106.86664496847463,97.2226070447534,97.62055854479648,92.87637010194963
2025-05-03,88.57985096763721,87.6560276916626,86.50748174410924,90.15181718242782,91.0710121777731,85.01719671823936,74.70608853406549,55.385186465754124,39.63758638445177,24.190240524418435,17.10074492880714,5.675789016801602,-0.4667460101990173,4.241679611117391,20.48751638556554,43.71697787907524,55.2411176250789,71.25092867160774,94.16753733512715,83.70444558129735,70.05914829293216,62.635483218227556,52.00755856381458,41.48498514215238
2025-05-04,40.87735038030976,37.287853513089416,38.242840730932485,35.30676358448974,33.819681117103926,16.47485489606663,2.4364485001027134,-14.631246403556219,-17.31508087194446,-22.019041153798412,-27.164645803393,-36.208000129293424,-39.86506792801076,-19.230587989440423,4.523018138078299,35.403885759444634,74.96687505552111,101.8798017394111,112.56279375203516,103.60635926540598,93.96814548429919,83.42677915571124,77.48797080140912,71.79136924013328
2025-05-05,65.67704652239803,63.51807496304237,63.103905008490116,71.17284626750393,92.02759475985705,108.98949062743442,97.02091423653232,71.4529326266984,55.04901200966858,47.73567987856356,32.513869598388055,38.90701337563707,39.37732426866313,42.10800272233039,49.68129414149033,70.2388366956962,91.62285054979844,130.7400589137919,150.8148668505608,121.7457022169467,101.23486814160043,91.72496218419555,86.21550596229564,80.7558079840093
2025-05-06,78.57683837026829,76.50764686529838,76.06371071197509,81.71533739492054,97.95922240849241,106.02633136078849,92.20834245149257,68.99707035775836,54.49323086776437,41.628394478876054,29.10080036450144,25.871706208562124,26.373177509714893,33.559184674179,49.72853197360245,72.32101527380661,93.97427431913664,127.23385253621352,143.78267963438927,122.7968009435136,105.91248319434204,94.76728619607005,93.60624491714665,86.74610732424178
2025-05-07,84.55987580608455,85.51540226995093,85.7000393037504,95.80180099810717,114.26694957944896,124.4716551898267,108.87670635243767,85.68777591757926,71.2514712238032,57.84258469081543,42.3945286096343,36.778068844160536,39.12340403309014,52.13094121570483,72.37502473427301,89.45125091308924,105.42787791254247,129.50336240117758,148.44618046949105,120.19614515791058,102.84359615342979,91.74453530203724,84.82629455490658,78.36646006961601
2025-05-08,89.97722654493701,91.42789760430324,91.30592331325583,96.86344505234746,115.91562022987569,126.32304465131236,120.79015014500105,101.65278676101154,83.463735781634,73.86191965117378,68.92081176632671,64.68605325440686,66.97666887975758,73.79023771055196,84.24996696570373,101.54072545141517,121.6565581835496,144.64095458753602,166.169723793027,141.3866837219428,124.56796997906977,110.33382140122686,105.58929956543946,101.00093403661245
2025-05-09,93.09968084256994,93.57648240444398,93.91449980061186,100.86794960003355,121.58146034284275,128.1544993767989,109.00580864508534,83.7843486976301,62.37492285397426,47.597075315869674,38.4739736003197,32.60088458392675,33.20082410254184,39.40096920887182,56.32839930638251,79.19619510888742,103.6767418485627,138.69244618101814,164.3135054243533,133.15855265249564,110.27277163786829,98.40185353761473,101.09619667122863,94.7454537504854
2025-05-10,99.12917279617369,99.23421425732592,98.56787805714893,99.90661388933353,101.04426340002244,90.69971651749299,69.2714457524446,44.49422337414875,26.313946261714108,3.9016009266730833,-10.741788164148957,-22.774347123986587,-25.572319163662982,-11.598478405280531,23.046150687258233,53.196283518951496,85.90155892871057,118.59487465768271,135.08588244262344,117.48163033338983,99.81355185998775,87.75138503047079,91.4204791602052,84.95214937582458
2025-05-11,89.77725383881774,87.71862009787117,85.53865723356492,85.14086807991423,84.86711478214374,71.94794109372027,47.13718992685821,18.024973431998376,-1.2190331048432341,-16.975603354395986,-28.6042609416359,-49.604815913391704,-45.118464647892665,-21.093861051565085,12.941011370721299,37.32051657362406,74.11986251746768,102.35635030186998,119.32357230177031,99.09071730065169,90.27521856212685,78.02266880696145,72.95707982032285,66.57054601494912
2025-05-12,78.92112561514264,78.60557909961615,80.63094092977161,94.01967377901832,113.57448831101387,126.06792383913724,108.14795201505515,80.37821418004717,57.59804486398076,41.75108143420407,25.774744539782937,17.44146899766725,23.525157495752623,36.9364495367212,41.99242335921823,70.70354595030415,98.91597402193285,145.5737793612021,156.02174349245533,123.63249233894491,105.52775881702627,93.98935141418428,90.74696190537026,88.17816412115023
2025-05-13,87.95550832271395,91.77506842340603,92.85828358226159,105.46245928173336,134.0266348522086,138.30233772555363,117.79410486755643,86.04722864039911,63.51630526359126,41.94809485583247,26.966050706128158,18.934173681713446,20.466102061908444,34.84990146427249,58.60015619789439,90.80717768129514,119.67735528739732,166.66286037390097,188.9982524241579,146.3965257823641,123.42568710273059,110.37627442470207,112.28480432515875,105.70333961486297
2025-05-14,93.3903408020586,94.18969711309916,93.70856897700455,102.87564784142913,127.10888083776288,128.07137687949734,103.49257469171516,71.51893881814125,44.39385520965632,20.073531679428285,3.45179694990901,-6.126019560431587,-4.692216147777486,1.702454968463286,21.963631222540798,53.51801591085956,89.57726637964953,119.71706130319933,150.8232164410757,121.90259687144894,104.11348728671327,90.63951446677034,85.37664396696846,80.3032065185005
2025-05-15,86.15967531123094,85.72495254953463,87.00270952147604,94.19746289101852,115.80022737285324,117.95997035340574,101.46647021505999,67.87379771637785,45.55299764056476,29.032540804021288,15.299965860837581,6.657762016655525,6.1764115053643,13.087524735877722,24.447675167938478,47.69060417461708,83.09877192650848,115.0445308380786,150.6445591355478,133.63303374955987,112.34723677139482,98.86179915849945,94.31328494044892,87.43470317479276
2025-05-16,84.9705860779093,84.93970272431345,87.63198969763872,96.96938927035816,120.18480722836138,122.4222438615589,102.80254872476785,67.16798607329847,45.776190055586355,36.156053194291395,21.207951573836397,9.101609794896873,4.64572961176863,9.703677323203365,5.945899050511983,46.31981401916621,69.93320619598637,109.68394236719806,138.09786001293432,127.7907505650502,109.49207336439609,98.16098810920789,94.43877794576869,85.94357915334601
2025-05-17,87.31685579858761,86.31696595278272,83.87110338011469,83.81415359919919,88.74983264455048,77.96306905626426,61.42624718488022,35.18399550969015,6.1905064939810615,-15.9747916873863,-31.878637721134623,-46.809372826978986,-50.90030923145194,-32.725501931902315,-1.9072089603363054,41.97105955143071,76.75474764950064,95.94683333660646,130.45529976951494,129.38958295841826,116.30757533852966,103.6771510222286,99.86804042761435,92.79176925015327
2025-05-18,96.6813722312689,93.66076622894865,94.76955567357518,92.2573371369673,92.37222580903418,88.44405689824583,72.58312580486796,45.17887412068267,25.701416171625056,16.876404557225996,-0.4459699635411454,-18.949519390581088,-34.970936420777804,-17.260471285243085,7.4551155264421,35.64864146718833,77.96847034609532,107.18300625681124,138.0420216596708,138.40141510354647,124.63329041170346,113.00633052447593,109.89217567791557,101.47243764758085
2025-05-19,100.12927875822547,100.22151693104618,101.01182104630561,114.12984976048972,147.53719388581834,159.26190464949732,133.2615538385722,97.81605338684821,78.59490884434302,73.30127423686511,63.69192028918128,62.7453477426421,61.77458634598022,67.30844475039258,74.54657319096599,94.62071113153883,125.97412617536976,169.35306704563646,195.16281710546167,164.10714394562825,134.76637901487538,119.0738034922097,122.24849760202547,117.59342356122869
2025-05-20,103.04739319237372,104.67537064766286,104.1914730293878,112.91572849458692,134.58126943010302,136.62999708555483,114.26609474588298,86.82150601602409,61.836941965744174,42.709148717398655,30.50812624824882,22.90661506663094,20.88590792818217,33.53361324221391,58.17534182268249,84.62151341050665,100.66385110287862,141.83195515448955,177.3592080595499,141.52681675121568,114.16027006950299,99.8897177945387,93.71721495557277,84.6556154888967
2025-05-21,96.94429379005095,94.42243572392015,92.30341412538515,99.53238310750756,115.01937673405776,115.93795779676037,100.87039981395914,76.78062675812514,50.053072728596995,27.229921203178044,7.341558581087952,-5.696164475771539,-12.943329496909953,-1.229276705983409,27.13319003699383,57.166484927350226,71.52846108232058,98.11381766957976,133.12634311136568,118.11211301892277,101.64051021371206,86.41942371772713,83.07153140282315,75.12875102839767
2025-05-22,84.09827939101105,81.49708293179641,82.37938750838305,89.20137037889283,105.47204514751057,109.90619955588318,101.16893526102574,74.82390137160289,47.54669535125901,32.565628328212576,20.579423035072338,11.338402283603948,6.019715899044115,0.6117066745555348,18.031417223972213,41.53777187855191,71.29904054145635,95.5706180282296,126.20023784524085,121.58370065860437,107.62475659907726,94.03695244937192,94.07246749439078,86.85407036791621
2025-05-23,89.31362364413732,88.48833195200758,91.04428291627103,100.19141652876175,120.03560204751861,121.25837869572896,104.07457933407782,74.85433195783052,50.524812263830185,37.96746683990584,23.13835800169514,12.81170881569465,4.977725464301415,1.3865590520010471,22.228885848932364,45.019922220218284,75.5765612646729,106.78322356075498,132.3057836650467,129.18462673826428,117.40339640278148,104.17159820087836,105.11454215408773,96.98446742622662
2025-05-24,89.20133973000769,87.10075619528546,87.481231675336,90.64899300430983,95.11967029390566,90.64261488667857,70.72193590816127,46.96837046504099,31.82597046050968,17.9621098657923,0.33026200582384035,-15.22790237370647,-26.497456695207944,-7.7143988692612595,24.25113800653152,53.166211890366604,80.06957722466859,102.02602421050779,111.77725108902595,107.86677061773989,98.80688106863848,84.81751669812606,76.00690247180749,64.23016466846254
2025-05-25,12.534241237308834,11.659951160821805,13.275509412106857,15.545784590366779,7.913430761910149,4.721915845976483,0.16334573831774435,-3.51681412038927,-0.7336428094547074,1.547503299698377,-6.7263389324887015,-23.035356557791715,-40.35997355692756,-34.83086245887212,-26.242667314170674,4.460611208079115,48.456760530219086,61.47758478423518,87.06957860174614,99.70028458515034,94.09951102511793,81.78010366567361,75.00852458646399,66.99114844090363
2025-05-26,73.52724037655162,70.44678101490364,72.09842101999834,80.25369759648503,107.97121187425098,131.60910908135185,118.69780461747496,89.42157825613792,63.28147085053244,49.31876810581125,30.80140455855195,23.406539341661038,18.667089786624274,21.615624822838285,30.58904624786574,64.47044486542333,96.42083460885873,139.98076344208536,165.80400249879332,142.4985704811806,117.13013816314235,101.65782019457423,91.0814617181197,82.10894976352974
2025-05-27,66.06685372487462,60.51691716601201,59.66712872848072,69.0989348340962,94.13845756313378,101.75666895190577,90.30586360080736,61.37249108533364,32.640236874770686,20.877212426374953,3.852827867298771,-4.725591660127677,-7.494564760060584,3.6375353335763094,23.241819084079715,53.73246031563031,84.00081259982271,112.88414690101173,139.43600809843335,119.12229829758674,98.53415845938777,80.58509971073704,66.19416202878412,52.23684344085442
2025-05-28,64.65473643950575,63.36996284427546,62.07868638502282,68.17297933584143,78.95853205820771,97.67169219066956,99.71577029744253,85.65390548113899,67.50872597342288,54.45785941581654,39.47818483508184,30.27681535652185,21.13272757758034,13.010401546049295,27.682009066738637,56.122099481338225,78.19458145815108,93.78617290268714,124.22986244688839,119.87804096144602,108.33734618351849,94.77257566189238,88.70600182372907,81.72584090036372
2025-05-29,90.7911411419076,88.79746820934605,90.34196189209857,92.10972870047839,101.41642431355115,98.38252597725497,89.72884818710595,70.17462137463805,51.62422502779436,37.322492500100786,29.670288248970806,13.04941469126043,5.415871912482629,21.757727201912346,48.1238623632923,63.89943956904407,80.94750424820029,98.92996871764336,108.64361657024965,107.97843684320549,96.055866761383,78.98504633953573,72.08389820933667,56.51833881859223
2025-05-30,19.82577259863622,13.474515226048581,21.460267746939735,33.75174810442154,48.273704775036165,47.96058655881984,40.69176107879281,21.048422238965884,-2.3650133033412004,-8.110666734669948,-34.08130109678844,-38.29603708433369,-55.39794090513132,-50.00902244148763,-24.17921306757664,7.190079680473872,42.70103692472132,83.92553526192626,115.87787728915237,117.96138527159906,105.1531219199108,93.90697500523825,97.65600142765551,90.03773299573726
2025-05-31,96.54723409348082,96.78920547352485,98.06279439648382,100.5356427353012,108.56509191668904,107.71376412396971,89.46767154173833,59.96253400297077,39.58507971949618,29.51026278946928,16.464797089968464,8.62517691733764,5.135646664532132,19.35524213261111,42.25101805037889,74.82313253706894,111.20961660666819,145.5371996477079,161.34646620210577,142.26754090143623,119.7442263901411,104.07755794904858,99.59249550007829,87.44185531782564
2025-06-01,79.84021429105304,76.725779063045,72.88062756763392,73.81414986895624,76.48445135410952,59.05449672938217,38.3548584556049,35.56812252189813,15.270568730143282,10.01299921287189,-17.08731625829975,-33.88574193188468,-54.91621609146269,-34.399825566759986,-9.724543151526191,18.002084923547613,55.34399289075536,88.14130023968974,121.17510353895997,125.0344937689113,115.12571279940944,98.63139682498712,90.3570866989875,82.14146877306474
2025-06-02,71.39547386192761,70.22293106173832,70.98697900088621,79.94247149045067,100.12541885134733,118.34254934649763,108.80636069604616,82.69373920109854,59.77585881655731,50.968851250150266,39.966863367098064,33.153560370856034,28.495502939557348,35.97128443425516,48.19771272476768,65.70391226244874,90.9437618833608,132.32649885268023,171.01237881014904,154.38220197614754,129.15278056837263,112.66595572840752,106.97208969160175,99.3260939755895
2025-06-03,103.4301141157438,101.01067560875715,99.36750242900342,104.1337674883622,120.76217502086143,117.60979770954751,98.83721621197657,74.47111998733979,44.15787624108629,22.700985828451728,10.438481591297844,1.588789806507009,1.777310011607554,5.722863307896034,33.864457373019484,62.543219320698945,78.37226993291424,110.77242544675069,143.38046302923266,131.34620092905365,107.47516839673281,84.83961397428469,83.79442498458926,72.16507637148861
2025-06-04,65.23329388500049,64.92955077397184,67.20050999646023,75.21304471876127,89.2847751029747,95.07534460374683,91.66228294661167,80.26612887295855,61.40697104487391,52.842727194463365,37.43711218095726,32.175260655854515,35.39994462991084,49.443724461340686,65.63325083024615,85.1036938915962,105.19021885726961,125.92193452432471,148.32349671474014,137.3998389367358,121.5170145523563,110.53676157302762,108.01442535970635,101.76850721589864
2025-06-05,87.17923156351083,84.7057545309967,83.85907226867408,86.01498685034822,95.048645133389,108.07596852201904,99.38101726668813,78.95086364457012,55.14446483510972,35.428899724739686,23.178634724544125,17.382009592526202,16.413931804886374,17.239373407196688,38.19543326184425,62.03451971158316,88.40168479429391,117.75057127920962,131.97941870326295,113.16683919671445,98.20865654846571,80.59653227245508,71.18923235655494,56.25714559642101
2025-06-06,59.59715078989082,54.247232681938655,53.09415044362585,62.20202822381527,83.42509682936337,91.28682603991602,80.94085573124335,63.164463176297154,38.15817771869322,22.730398117397833,6.178018011544992,-5.538918066799724,-12.001647550944469,1.9036037708244749,23.80122089362441,55.785590564958234,82.7561544261857,102.86144802680923,124.55131637834236,120.722466164408,106.69781414018269,94.16870150169231,90.73980302574452,86.64184801499964
2025-06-07,79.62866336754672,80.39556889041413,80.0737960562735,81.85029811091148,86.68202722365628,85.25136444637944,74.00078623251407,51.75696146449965,38.07633289839022,25.617694245083626,1.9321513426260708,-6.769945700963632,-27.15151108845815,-26.37289658763494,-10.851399223397124,14.120943804835477,41.20020620601282,75.86334912297107,118.23863887717556,118.07765150398224,96.64968999784689,77.57747347237854,76.04436105834132,65.74632484259573
2025-06-08,75.5065999328799,69.643628737344,65.86826470413675,63.48269212566528,52.82395463595982,33.94014719931805,15.52527580924955,-3.3077080719597802,-17.823703325875655,-21.541935728023375,-39.513297966439566,-49.61077075253726,-61.17661901844603,-58.566861777906794,-42.20047473744192,-13.393651269340154,18.28653620885514,37.80507346572156,63.01051168732508,81.04095617510609,79.39533342416217,69.86624624496451,54.74454884007388,42.73429244668492
2025-06-09,-1.4830104118116054,4.999621340650037,12.777699891526154,31.58993807942091,47.232363473047215,39.60081275769268,16.244574506261372,-6.630064673065775,-15.219130638781081,-17.731817802463056,-31.661958641089342,-37.503980806930926,-46.7562815225492,-31.388300832771137,-7.061159669216963,24.70995470197741,59.93155511394457,100.880729822151,139.1913419751792,129.51278694130409,108.45192824334583,91.18943194523105,84.45795585765374,73.03917712998027
2025-06-10,68.42730923583468,61.2969282711944,57.920748649484736,63.686822635259325,80.02348097884732,87.12809161462582,77.61555002357994,52.691453205910975,29.019799107644722,14.580701641455093,-0.9177213668308184,-3.9439062052008325,-8.045924470670997,-7.140429726953272,3.14411206146238,19.96682429703482,38.188248525792545,70.5332731895667,101.7175343356884,99.66860814168285,91.96693196206793,74.29751124798045,55.90737645509078,45.263587651963284
2025-06-11,69.92218294363505,69.08111655172635,72.0494255487576,79.6241824371348,93.86921399546773,102.98463034216573,96.35405608127135,78.53730634514876,54.202428460931756,39.34152007966756,20.6371397985628,12.596742936395323,7.68619175005859,14.002255831262566,32.88199669511115,62.963475593020654,93.11671294032614,132.85175158436175,151.76092139631018,134.39526131347415,107.66742201431556,95.98734988796912,97.03351345678377,87.8096664983994
2025-06-12,81.79426995933916,80.58719206241459,80.53575043370435,84.75152490390713,104.7145694233821,104.88523436258939,83.88064887230834,54.72881351144148,24.330052511738373,6.893128289980524,1.1383106994289847,-11.113382161842907,-12.594971238552077,-5.252940989636869,20.902552736857743,44.5265098665116,74.66718449245514,99.45533364019187,129.44246753723496,103.58692366996931,88.82754799523275,69.56240379944475,58.14874321349796,49.27416460876736
2025-06-13,52.154251381020515,50.7850357341874,55.08630977990486,60.54151605794798,73.90037804377756,78.8028575970095,67.17739969169611,38.42059709850186,16.22864894458752,4.711479399976909,-11.214030347603313,-24.194162606805378,-24.27410177468272,-9.032601635064523,0.21589845653132045,17.149542752404443,46.21320660751887,90.31271695436658,100.52126125135592,91.3897732987462,72.65641376067755,60.14530303754239,58.618428108745036,44.97559477522868
2025-06-14,66.64549026797157,65.21293470602366,64.62368177327443,67.02232997342479,73.86149667697092,64.67478252259083,47.82676566756879,20.950261715733816,0.1921519827660063,-12.153011508099098,-20.91779329815914,-31.64657728070044,-25.00370271668949,-13.944676478057417,10.23115608430011,45.58101023451932,85.32959161820608,117.30599682533804,129.7028499385947,116.3824413520236,103.9249376737602,90.05002738773683,91.26805072002358,85.7628208951964
2025-06-15,86.48506459531019,86.69218857852975,88.06995023177083,89.46856437403773,88.48750014968915,78.75844535740704,64.75512493123044,46.22102237269849,38.93179333497753,31.1263885292567,22.98868893099423,14.478164581110057,9.666000907235741,20.336435285155467,31.961651971854344,52.192158188108465,69.66933307369337,102.130714024185,115.7159518252142,113.05310492837451,105.59735584851884,96.3377293534049,85.65577787884257,77.74459083925487
2025-06-16,88.64846108591757,87.01308423840352,86.04551737826067,95.4464255915939,114.4101704164792,123.66967206798935,111.46515846467003,87.6273977257559,62.08264494559018,51.32179126139677,36.51160360397122,26.889241922679496,23.463189605223313,30.12897560302529,39.94155144996914,73.65094362529672,97.22924897447305,134.91642950803399,164.94666942357415,154.2602213962029,136.7392049436097,116.96623827171462,109.72680724151367,102.60526750239997
2025-06-17,94.86151429087101,94.81649929176724,95.19822925364136,99.8933188126158,114.40403257966688,114.52493566627027,97.53979065927855,70.78405039980497,41.593436759872745,23.362975871367688,7.080179988849196,-2.089852657143183,-3.7216271707467854,7.582642986562973,39.48485798186874,75.2868803192801,110.98614298523366,141.90229452129483,173.45037520114408,157.54143874600567,143.5125032829699,124.08110879479668,115.28161347840613,104.63113151414947
2025-06-18,102.279041641364,102.48767721759262,101.1444634258946,108.32582822195076,130.94020724773853,126.59603287672357,102.82003661684344,75.08882916092506,39.71314073718227,19.838806087269276,-7.908874949870622,-16.84499651183799,-22.70569233236934,-11.01181036653233,20.75163353327001,62.28334597065983,87.81310299359781,115.77251581074128,164.83915969271703,149.23884090730743,120.561500436494,102.92119738713787,101.55001503284541,94.90396291804988
2025-06-19,98.32280548506967,93.38210447993994,92.80618514611452,94.18898119115568,95.19235911790155,84.01621939194072,68.31098447950826,36.56415353639407,5.2042398437061905,-15.222055384058407,-27.22634365007248,-36.48259977404044,-43.39747507244883,-28.81691497622994,-2.9814530193308997,33.55710405114044,84.54944097897733,105.55407449288148,144.7684045487971,144.42766203225472,127.08298090826547,110.16900442197283,104.63382366544526,94.991914168075
2025-06-20,101.98408678187602,102.89977794834664,106.43989289820797,110.43849596112113,120.060456650014,117.17840943542679,93.68716766219143,64.40662580779963,36.366014094132524,17.958451957066757,0.29518549573941755,-7.623476432867847,-8.177759692297144,1.4937383080967521,22.76998094840446,54.650687729252255,105.11135517042602,141.93791952093062,168.8940324094959,159.03600292614203,136.61113788027257,118.7551221874221,120.23081544078653,112.38348373239378
2025-06-21,105.57746809952826,104.70701999850772,103.14172230309022,104.4181135833711,108.18553227178505,102.48715793369894,84.63810380466128,58.282621883314654,25.17311696817802,5.793925898622817,-9.242811463297897,-20.154974415558158,-25.307509766722717,-9.913070195637118,17.35982499113915,65.98006879112748,105.48272253016671,139.58904780330602,168.92912655887739,149.26730221937615,128.88323420318284,112.9859346920735,110.57731638970756,98.38810813549472
2025-06-22,93.94788625890261,90.8365134036239,89.52027264323654,89.01492215738696,84.58211734438876,68.70657283811607,53.85238974761119,29.322638973350465,3.7275884879527865,-11.477723446952993,-28.93656060212099,-44.51749331125259,-47.748481959999694,-25.981240628610422,5.902522302528908,40.76889159741378,79.54309261960893,106.8392104818531,130.03903442109936,128.1066247694327,118.14711300391613,100.4536665461022,84.89749040941547,75.39234913848472
2025-06-23,58.700436275834136,59.70680670225244,61.27778486644614,70.53787844488717,86.98479594843205,97.94708755237538,81.21306600539205,55.819506066063994,22.369441156460212,-10.85180806839709,-34.38052355860992,-41.23776807999084,-44.55121498909379,-34.651744923575606,-18.588295777520088,17.58181669230669,31.041618548545472,77.88118892080661,117.55379871180112,118.08666704441237,97.04864834792642,81.49668295037128,67.55942869639046,58.237944752459136
2025-06-24,61.894813734522664,59.04850244171264,59.05429047416999,65.09829013461497,78.03442238114276,83.13377438626758,66.3993958479207,34.17048612865105,6.031568226349776,-18.442010047231093,-30.969780811978026,-36.055511749611924,-35.77747176828326,-32.935630093022,-12.769778587732432,23.77446002752791,45.94388872258422,80.8581380811047,115.13766933402604,111.2504006823197,94.473398276892,80.53500092593058,64.62526147449566,55.92929444526169
2025-06-25,63.71810548307845,61.62273912407229,65.67454925788043,74.50650769656185,91.84779872019007,95.24984123903445,83.75446290699165,57.96268208489266,32.75137400303631,5.64528073737975,-13.370024544121478,-19.866457511002324,-20.499492678122778,-12.06888633953389,15.783391308012696,62.07814570713668,96.75553639558542,135.31031531525448,173.15389329522452,170.24119598172973,142.4116059097727,125.41986037646295,125.06562787566808,115.07236045982303
2025-06-26,101.49597378090628,100.84549634690943,98.6390371001762,102.09013181554351,116.23895351491944,120.51033184621441,109.30203984266643,87.06779219838984,67.25234998960146,58.324998445568966,51.00661183483349,42.089532984101425,38.93740446392808,42.79896335768533,51.1841183209928,69.93197304962757,89.08172258976391,104.42123042242697,131.38777392115284,127.07108652626818,111.09341467379824,92.23608963361366,78.21315156985142,71.74177187501672
2025-06-27,75.52896844664055,74.74813184196985,77.27911747002624,83.98789831592033,102.03599511096705,110.21508607483747,99.25144560699209,83.05975645687741,68.87532724224235,59.40074794051887,49.843912947692985,39.50452009604609,34.12523265964034,34.19110061029543,39.3047967987695,65.92404585510596,82.84766611563413,107.9588580516595,144.54745076841184,145.16693683152528,125.34183669529651,112.08877033016125,104.37306691339069,92.89964016135633
2025-06-28,81.06413491088615,75.77994487379459,75.59129828114088,74.9719132996246,74.84990075602896,64.98063762483451,44.80052024218294,16.925255198636236,5.788453235390193,-10.960870381375102,-24.61370626123346,-36.060134041665975,-40.837225207566334,-41.8289061073374,-20.66777456497384,24.734847202749393,54.8472434629406,76.43461075305609,112.08006450962202,124.53504069837209,113.83897835173637,94.03078372479027,87.5071727527009,76.20117247803086
2025-06-29,84.92713313203491,82.44270719662988,83.74757198586626,85.22244563679513,83.91773509244219,72.69842852463248,55.744972741354275,34.351602863573746,15.197703927306293,3.881410229559947,-11.544079674196468,-24.255315880863463,-35.02569863050384,-24.14722181743683,-15.057294162753351,24.234017442000038,70.36463684872342,97.20742356789563,126.17370124655672,132.7529301198839,123.07050966817204,107.39724438667469,103.5978172528232,95.31942538179739
2025-06-30,87.4270003123351,86.93552929840557,90.22118360595452,100.8280731618081,119.22414265636556,129.20158033845516,111.78090875574652,81.20748458953877,57.438620706177936,45.11726950832775,30.865894168584923,21.046515713890436,21.569284727582513,33.59814934311109,40.37997568015914,74.20963060992918,113.584733107387,152.98707601921467,171.35696093216345,147.33204753885008,123.80359651685097,109.1967686737253,97.85766031217054,88.47967870909434
2025-07-01,92.21579460781855,91.20987575436853,92.44363910376494,99.18926317805929,115.70989019641985,122.64199727550235,109.03355952406854,86.57756681262951,62.23962831452185,45.02750231169633,28.951349189366134,18.160336199905522,23.43496694406351,41.6367294796892,64.34432901387484,91.3272248965974,121.86454684200275,172.19998475500546,206.23942420625133,165.88710597763884,133.58218789895943,111.53383999061519,96.01579842300744,84.1720795766654
2025-07-02,98.23471074616633,97.42824533108981,96.21638769150611,107.77156521629036,134.47844463802068,144.72972383629326,131.76642529217625,112.14395558504637,80.00212842578645,61.72733738797156,41.43801773257478,31.714235181746304,34.43622592985132,55.43256199997428,75.03240694439057,100.13036750458473,124.46717074621588,173.38874955502908,206.56842501014455,180.13511537158556,139.3190656412458,112.0510080237794,93.28476776100416,79.53029433736785
2025-07-03,75.47499015087999,72.3229485534016,73.21623548004035,80.89597873831588,96.03202894139108,104.45874412980785,102.09353673221972,83.97545539295712,68.73315761643184,54.524743082397315,43.84317345989743,35.04402605938021,33.262463159873064,46.97045575320263,59.882424400553084,78.65712238443793,112.92249306692155,158.81457392682518,198.3015326532247,185.2122563084916,159.5493154893694,135.19591980775658,128.23895197160707,119.86457326056532
2025-07-04,101.02127106924505,99.13721428784588,101.9687715388322,109.91783412130563,131.14671206797954,135.73353439482224,119.1124969706552,89.90903287230599,68.15929041498804,48.44335762364356,34.33675734609641,25.70450233713902,22.852712237834716,25.614712727699185,38.63876893066424,72.26154756315316,87.64570315242878,117.00550572684813,167.8728120771652,168.22970454144564,143.78022416925506,119.96022574003169,110.66382478559103,100.34462907807855
2025-07-05,87.7344989419934,81.72903950746675,81.02379334477648,80.41915376182799,76.09608703119645,61.19428045891169,42.294666720998734,18.127694071142372,6.265421747623833,-10.121018548938594,-18.82012152878002,-29.587795989331966,-37.083712367994025,-39.16805597769752,-28.882138011067724,9.46386202437155,42.92456704631192,76.75028922975756,111.92647507405142,126.11813251872474,118.14521684444875,99.65942238915171,92.56576892191316,82.99229192841351
2025-07-06,85.41993037717238,83.26110931586153,83.96757451328192,86.15383817689221,82.91329257947075,74.1570453168471,63.09641716511365,50.11378489585692,43.70438849933179,39.59685625364651,32.1725014479181,25.14229930744395,25.676454250948495,38.355183461035416,52.50768534736602,72.10659039267307,101.83694179164503,125.56221862966603,144.50014952569344,142.24346557429158,131.6705191052445,116.46508609513444,108.92749303986626,103.44727827851504
2025-07-07,103.12776311246479,101.77903097431425,100.43546978872324,108.66390697921739,131.60968421685513,151.35240841012137,140.6316790377968,121.87614790530418,103.9607569326108,88.10729451595972,73.87194618797393,64.66206916050632,57.31365869769013,60.2925281004151,64.95952729415404,87.7233977116521,101.39117018965109,123.74712022064247,147.04820482203394,141.7718638085127,124.48182860403881,107.20458560601193,100.26985173107282,95.98204016725386
2025-07-08,89.46602250984694,87.05368387714108,87.35790331922368,90.72623117030776,105.99562071581504,122.71916188464438,117.75483418720208,98.23716671349054,81.88138959564151,71.44266269997509,57.814551791955225,47.744540443131655,44.38945409939369,44.4648881953995,50.779168689548875,73.98631713507639,91.24825182905485,116.85158705523966,146.60752924880427,146.83122231344282,126.242981064551,108.88605229019932,99.11044304014226,92.14046479729464
2025-07-09,84.3647484006074,84.91474669943638,86.26635014504605,92.3373886971337,110.2290332426781,118.02244346123896,109.60168652598387,90.30288505198837,70.10642173972496,56.234657984291715,39.8239203351901,34.51391318634585,29.64825616650051,34.20866223390834,43.340889533432644,74.47529797398667,92.48935694691976,118.99137739169295,159.2967525042606,155.51429609974394,133.49662974746212,113.54001781694268,113.91973427404218,108.30358866502247
2025-07-10,92.62825480535244,91.34951966363778,91.83003100616511,100.23529596516572,111.91996078403935,116.02547196316526,106.60042451570577,91.33060414174415,76.33797302416544,65.93297885456548,56.21410485646349,43.63162590229605,42.49106329171317,47.25027893823406,61.36329797111522,80.63619238882097,99.71712343632778,117.47126020595987,148.63727339446282,145.89993670212513,127.64552179861587,113.09260192889852,107.95710001316026,100.08612973322427
2025-07-11,95.47295496924899,93.12586192830783,94.07740020878684,101.85420655561886,116.21885210823957,121.5694724871085,112.59754228246271,93.17400235157245,77.19128702849515,63.74969920194754,51.42033459455586,41.533758583915144,35.64281730222401,36.572095053493236,51.44999734285388,67.05729385122274,79.53368202092443,91.71758652404475,121.09538931718994,121.71381640613275,110.39783383252212,99.26202823322609,98.80050218053971,92.04381896975269
2025-07-12,99.71759941115813,96.0312088454031,94.6195664375295,93.42734095173743,89.85877347951208,82.37915861427975,73.31351712684841,63.726975018942376,56.20493468592947,47.460140447690684,40.42621136927859,28.59710012438996,27.11563456372371,34.9507127729681,48.388883179170385,68.96904741968817,87.4886883289939,102.98633574016492,125.1277710834609,129.63931613034356,120.36644254975235,108.90866387327489,103.33488960447642,98.05869795605062
2025-07-13,104.95835853409699,103.45430459826636,103.19303594283227,106.05493818329322,103.10159547566212,99.16338985059257,89.41934851636091,71.78131782477834,50.27330028579068,38.386265463524424,26.971739997085372,13.87919669420149,4.845577612996287,16.558211429737703,39.63160755252577,77.87152686027906,106.11307574955015,126.4619653302085,149.6395690398693,148.94428737516822,139.45302149698625,125.45794019282388,121.32206915557062,116.05915154141749
2025-07-14,101.18641941532526,99.95557192641537,101.07140375426621,108.43462167236146,119.03263804880963,132.58194266424172,126.27130789634482,107.5555806428655,86.78572240796692,77.13286505852133,69.88250869001892,62.352278408099785,59.29358160854679,58.65079151346573,64.95553394895171,87.86337219546544,110.33205154714878,132.09101874048113,160.85096128644955,149.84932322747028,137.51611389624932,120.40065932444516,116.33573672893648,109.07771233320199
2025-07-15,97.76481803828044,94.4933811842263,93.65392446602912,97.79455792618523,108.54311434857969,111.61997867784683,102.5121950008682,85.54251952965122,70.93642932041834,60.510001326241174,46.924827254120416,38.68926629407841,32.97523760010979,37.62443112018328,50.821805623764604,71.72472544748238,89.40689953238187,114.4944549067269,149.2129453185229,148.33949450166523,132.10200480639145,118.72556071772485,105.81441033591622,97.92733812367682
2025-07-16,88.98348793235363,84.61751833898934,84.29998002854269,90.12255079564926,100.01955324681738,106.51813185073195,102.64720410775791,89.00065059150566,78.83183999305587,70.01371239603515,58.39564659820805,51.49298944195547,45.764310866152826,48.47476571444296,56.268616740951714,77.34637729287168,86.39094998588166,94.4524699132098,124.21082126937881,130.95172612113652,113.73093902846355,101.44873531165469,96.38971162888491,89.22334653402874
2025-07-17,92.40834275056866,88.06252976675152,87.31682996122146,91.51399917003965,102.76393128286257,101.15574284867276,95.0507139253282,79.14484547470862,68.1953612425931,58.82695314627948,49.26878273614835,41.42683600312617,37.53710317150376,42.74890665108686,57.084716458644166,75.54430362932482,93.91923200014143,110.72668719297684,135.52295393553797,136.77655946995642,124.79940692974455,115.09935760171281,110.75539774614379,105.31553568164966
2025-07-18,96.77974085606077,94.73462198196017,98.06211047001527,106.73481236890882,121.50026311129547,130.2140100891799,120.99666474189256,106.48604238291769,92.43584949537802,83.348761929379,75.37839780402712,65.69260964239588,61.10935035833681,67.52340656717199,76.49884345144301,93.93288396325295,111.69178257780467,134.12596744087688,149.46912869647608,143.22651804752644,129.6979816075258,116.92904196515477,116.10562322017569,108.4720468086617
2025-07-19,99.65606543288905,97.59871882894254,97.14822085751182,97.20140467744423,95.18596826169933,84.85070961500168,68.04270484558427,48.69507803422522,31.05870642288231,17.460076118781735,7.079716363992517,-6.310121277474423,-3.4259476370609434,10.39313843223578,31.239115185599175,57.65321360538729,84.79720723704733,105.35103349772817,117.63303154694479,108.49252293838833,100.07080311355293,89.7513027023402,81.28625155628653,74.81486863417464
2025-07-20,86.03361095061504,85.17807602185988,87.08623559551792,90.26379562869677,89.24261368885777,83.64225841543359,75.34760781006358,61.41515590510671,39.51067397983464,28.566472481117387,19.68965504904604,7.931988959353355,10.862671437786098,27.86135578746339,53.95754915237147,83.82320155573834,110.73907201301111,136.3581896679401,137.56841307984166,127.44184652306456,119.9873351165484,112.12872981956893,98.0436480654,93.28373235740477
2025-07-21,78.34950768362276,78.08307366069222,81.39078024978373,88.57222004658867,104.58047021571498,122.17135196933467,125.32400140033602,114.97948246618233,105.1962779939697,97.68887255003482,91.10862104836544,83.15219374447354,76.31677129053655,72.46217519917846,78.70823921347761,93.33497411550024,102.70813667064915,118.44487147961316,134.22816713655936,125.9009281344277,113.94341896822282,101.56545690844223,94.25937831417724,91.07517127642373
2025-07-22,81.95334749029867,77.67872890122366,77.41718307469692,80.60235731955265,92.09523685487883,100.42286420187358,96.02007582280623,79.6167087651348,62.35478069610332,42.41352577834864,28.63186261895477,19.205776416606945,13.323771295750888,17.963414771329433,34.727355049344695,61.428253629436426,76.20389966893467,94.42912131917076,111.68481393864263,107.84087600983624,92.65125714500948,76.76525716811275,58.63549952645987,47.48635117512808
2025-07-23,75.05481242647971,70.5926405257791,72.09482280187949,79.34679335554885,94.53693723222297,95.5232752491613,92.49065922042269,75.43814079104536,54.05271023827746,37.96560626030697,18.584388345665317,12.41064000190007,12.939530261608297,21.992322757696094,42.92185875641128,74.37222296791977,94.50558774537637,113.12810839770891,134.2360904999885,138.00016249598863,127.18018113542736,118.08531112904005,110.76525374658026,107.4829366785827
2025-07-24,92.63090126151155,91.62481180031973,94.27830584491468,101.73462909366448,114.7491252814426,124.10092074618377,121.48149969449442,111.05521529115308,101.92466043617507,94.5884776144589,88.08396218532236,79.58677683837452,77.85289080684278,80.42401591840753,91.62930038784404,105.49726335924056,120.70270155970523,136.15887299385042,151.9690533217978,144.49177817290877,131.15269008046567,119.502220927643,113.53684036250203,108.35373264519019
2025-07-25,99.04603607074867,96.24713538986674,96.61147752087102,104.5275718268642,118.54340100810873,121.33224525831001,112.0605666023225,100.89265590271913,88.51291796245742,81.06329262046674,74.0120859824387,65.07755427271229,60.21942573288644,60.81720867651627,69.71032467542587,83.43138251603031,99.77158387781331,117.02510728416883,135.99657374862693,131.6051816909958,118.48321929235615,106.92837355948781,104.40568489228212,100.48795592803486
2025-07-26,97.54205252652571,96.05018963964807,95.50461840774922,96.41078111119484,97.07283206185413,94.38457317350071,90.93896035140878,80.32297499467329,69.45751606008507,63.214183704929795,56.673570936362374,48.2946784836126,44.163424390613514,49.04381276061822,60.70987624139691,79.11439058083107,97.79931263409726,115.72612580148378,131.41895921514285,132.0736120494008,122.88890073711444,114.18385238083869,110.35040446243167,105.13979335013231
2025-07-27,94.80498961555766,91.48882565265123,90.92092173299255,93.43917027288099,90.7723125614373,88.1004231439455,80.48546191169451,71.94021860100223,62.734176176736,58.783052219904846,53.35887789695195,42.124127820434836,35.83353156365005,42.717313631455184,55.9561985770498,75.38867712066099,89.43526896547749,98.03252242086822,121.71784309279376,123.23182549773014,114.85413106374588,103.91214864254927,101.46562548153013,94.65390103020943
2025-07-28,84.38667085017264,80.04984099414212,79.52555322846128,87.44331420508749,100.02846508035167,120.11363320981131,118.1878800241882,104.4177757958605,89.62853529670235,80.56642027494144,65.2559668924712,53.98823510963761,44.53186079273135,43.04991173157569,52.6847124458654,72.66671867344898,82.7216310967453,96.31908119729479,119.35858398573299,112.64822863840486,99.43786638141822,87.79619183099,78.19331735277376,70.22019244135443
2025-07-29,80.34850427848247,78.3342529060469,80.10425380033651,85.92970370760617,101.46481395338913,107.70493653601439,104.33228565646573,89.45006417614086,71.99156187927538,59.50031749970073,44.97508254721258,34.988070434137306,31.541692122944234,37.69995638290043,55.28368819954806,77.58132164828204,97.12837443240059,114.07084191499251,136.45529251023905,133.88017251942256,119.05747015147004,108.19385941348676,99.24103452198868,93.01317805978269
2025-07-30,86.40838788440993,82.3731691240764,82.88012198758217,87.87511920643648,97.61046938911035,102.87958504557264,95.45926349379707,80.31967468613874,65.53925149107852,54.256378571712574,38.312622763360835,25.728392937087975,20.9343249582299,27.662963794479495,43.79718942775867,68.06435919536536,81.11486236102924,87.09288874707138,107.38688279021602,110.57103963220014,99.773193773609,89.26673173880691,80.6922351969213,73.39938653568528
2025-07-31,78.16557670645857,75.13412361178827,75.77565512655423,82.17098824424896,94.52674325195012,99.64286804410018,99.69943329158042,87.06756312991772,71.10407531611534,61.77412411789358,51.62024909131324,42.162117736252945,39.52171927964694,43.192965103504434,57.1341453467141,79.0805610193081,99.71238679167486,114.96407225468603,136.2533483927801,129.77548672345225,115.1912377060395,103.6852013212175,102.21054280154104,95.63314637163371
2025-08-01,95.67151029940877,92.7462055837313,94.3716752651364,100.1951526102306,112.54805031448365,120.36449505076425,116.53427499115033,106.58059990472151,95.86061255727228,86.03872087632023,74.33732742552945,63.47965136355899,54.37137293805024,54.755324145604845,63.1809827989144,79.82203055804473,94.5946526449364,109.18039093052597,131.24465255549623,128.05338853993717,114.41722616111745,103.61270430520653,100.0543004549254,94.88442435916983
2025-08-02,95.40224039427073,91.79181971966605,90.00961165134335,91.35563329173291,92.64855401141975,88.71163705185651,84.69566565311723,77.74812602379195,67.86501585367918,56.90979896406302,43.292198613852946,30.222026664701907,21.57650279537613,25.448973498167703,35.63213741547634,56.13139682881463,69.51083275403823,75.10911447621012,96.0457270679827,104.29400754946029,96.88496726397432,88.37850354349071,79.27332926774824,72.1916196722743
2025-08-03,72.27026542992829,69.21357393586095,68.62746520880432,70.7652032599706,66.77127922989322,61.09348149603691,53.22335056069042,43.989988614832825,27.03184606987478,11.22107566611578,1.7557576329405862,-13.850374368105804,-23.36365211126416,-18.756732302585547,-0.657723287323563,36.370962289574365,64.1974374535744,75.88387368422931,96.19445848033497,97.65967362020959,91.4608098738235,77.92286227330523,67.36540231629179,55.95181659673087
2025-08-04,66.99229144299741,66.62806075195482,68.01696696940135,76.75338077558557,92.35627672416425,108.70174383811003,114.85152279731274,103.14087172726387,86.19823068809595,76.44772710850049,59.81173434213367,45.77504257720115,35.16119074860707,36.17504042579391,46.974182548879604,63.2413021449905,83.12878481007763,103.2470422638844,109.33627747205661,97.06508627487301,88.53359952532715,79.56875716440202,66.14309862721785,64.34804278387873
2025-08-05,14.511546426131417,16.240000584681027,22.842864836835197,37.12225272188853,56.361528227927366,64.91557639708569,60.51886229550463,42.85771564833379,23.418678055621186,1.5214895895623357,-17.250941195402106,-29.623701175926115,-35.82264861439889,-34.351994693349596,-11.993355918712325,26.816890999595756,39.851819923870295,40.08522615302188,68.33036370424529,78.80959621525963,70.81384878882477,60.771430871341984,47.8378325743752,39.50566062753252
2025-08-06,58.37580281757884,58.15437521787781,61.76609867096137,69.8852811036823,86.78530217416228,84.81934560153974,72.12925731443812,40.84350939737897,8.735994698474684,-7.25700891885343,-21.871268100169246,-27.859948331434964,-23.620626459346965,-10.621030632060538,11.548109674115466,44.243852360889775,75.22402510032282,105.87589953858081,135.04800132253823,135.55494626336218,117.20038149355761,102.81354902232535,103.89196308089535,98.24195120754507
2025-08-07,92.62003372152752,89.89592709021213,90.22873688918024,97.51332101416124,109.52526114167563,109.45422743126765,93.15118493204149,66.17829548722511,40.240150149211175,21.48548133264726,9.767040974879784,-1.756893503415185,-5.042533487444388,-0.32192027299275594,27.829490816105945,63.647420422962966,96.82286651630307,126.7069965891757,152.92552669194794,138.7086477400428,118.4413707720822,102.58208357356524,103.71416424970535,93.87459224963185
2025-08-08,85.55702725115503,82.46606241814183,84.67851077000756,90.75327223762491,102.41015799900549,106.43904633819577,95.7715678988945,73.9750456141748,48.17578156722535,30.007417074887577,16.54373023140959,5.466912049276097,-1.6096734415848317,7.686311960794264,26.20703402631809,56.771682668392586,86.80975551302325,114.87888053114563,145.08770161806362,133.72147347307927,121.8720912016988,110.9630608692554,110.26026446310468,105.57307225393222
2025-08-09,96.13429089891287,95.50490694484523,97.38694487557446,97.77718422240346,100.356118716949,95.89013384323985,74.84888504740636,41.63563662579304,8.834219356653037,-16.25520016619305,-28.221548326526218,-37.362755846674474,-40.7884217384766,-36.108741934209206,-10.615095152719618,34.856549097025194,73.86223645000379,106.49563948298531,124.02388570562636,117.85118883220376,103.93867120645595,89.57537389387694,83.23780100571449,71.97871745845829
2025-08-10,79.84298627897724,78.37885070619753,79.66180599493646,84.00019480448678,85.43575147274439,74.68118889222617,55.16627932909005,12.091945251383649,-14.338688295081141,-23.30974118642969,-40.37462572048483,-51.65565434820475,-54.01299247601142,-40.205267746576666,-5.390741789902862,22.73298724148502,84.63783700583139,120.57605157101037,139.46793535595398,133.840750978212,120.24458740943754,107.90794964882335,104.76555993817676,98.54186053196716
2025-08-11,90.06179860014248,90.50370261487504,93.79176505650511,103.676812407422,117.63434625050087,126.78582090916643,105.61742383795892,72.56421174494942,44.45301998320011,22.05293206555335,3.5971868861755496,-5.075944195137879,-4.220965284699375,9.079853176609575,37.487246412005554,68.48741159023406,105.95434481553447,142.7422662847895,166.95326623229772,141.89014689940842,119.29188416922703,107.6791065760928,104.42297629343415,97.73257806925979
2025-08-12,87.09586211006032,86.92423303189385,87.80274341580412,97.53036617830344,111.70071614026904,115.43306024298555,92.31547209848534,61.081490518773066,34.749033619624434,14.093304095277105,-4.160708297840856,-12.786843360517793,-10.817526997632768,8.366083151045046,37.01357143083958,68.02341448285462,96.13651579425452,142.7736614443185,149.895653217918,119.37511156586007,103.447997601473,90.62000466395997,85.79648973998516,77.66003717646514
2025-08-13,88.0667684893142,88.25821909821681,91.65668023290816,101.78882812401693,115.40312197919069,120.17463167609912,103.21785487138,82.22339410790454,54.23465538107034,30.83413727397089,5.696294336360069,-3.999693867066412,-1.1765891694695227,20.873760644001983,52.32654467916579,84.32789946414121,110.12833950430749,156.18576614851438,179.84761670287673,147.29359159171517,120.58784904733925,105.02153237937861,101.66463089692965,98.44877001248787
2025-08-14,89.21461579896223,88.09455094196501,90.20129763851223,99.09406171666247,117.77920036674323,121.22930295559121,108.68378160985499,89.20618184226363,62.170085435187616,40.66431065499058,28.37054698434263,21.168068497249394,24.39880407750497,43.262950618955465,68.54356048067197,94.37554655654706,125.2437533115137,175.30610264740054,196.20930527329773,151.4965947190175,123.7028093475419,111.40461454290815,103.30067941474263,97.29258991892529
2025-08-15,93.71153941764818,90.14886935801344,90.26244059443457,97.12669644544482,108.43006266187663,112.22106551220415,98.69157891871406,81.8577862379674,57.5083280414447,35.55004835667465,17.35393091691499,7.853405107080221,5.316131441415401,24.162437018178174,45.11748250509316,68.77913401954847,95.79742572428833,134.9443116916704,146.59218045864006,120.3774008743399,105.01730218715544,94.83567610174018,90.42618938411984,84.7877578290011
2025-08-16,86.95353269603866,83.67240477643932,83.11454257794065,85.07977693541498,88.46039745410602,89.39673049972505,81.63107560678012,62.05257232955913,38.79426858346087,16.562121218101865,2.524504833164073,-11.936146458018541,-21.350960464086583,-15.865547938716531,-5.358492027478604,33.893322373912284,68.95309915539377,93.12573284951999,115.01832715462953,111.1824014271536,102.25689629402902,93.31108191464776,88.90416767873053,83.2343214361902
2025-08-17,83.78922000624385,83.80215326884841,86.86497410726703,90.51599211821335,96.37248294086456,93.38187686839292,73.44075493701885,50.57287730456031,29.751621000141483,18.032538796158974,8.82050288674089,-2.6303539944948824,-7.486458279105719,-0.47609789717969875,18.518784869732023,55.60483977510835,96.73729355031502,130.63677008216325,147.1136945763229,133.2953448793369,115.45648525164636,104.42649535619184,106.05368636823101,102.38411894498347
2025-08-18,84.35848322411918,84.60880173984229,86.62024186545166,97.50295562268586,116.12233421274081,126.94531290652891,106.30643239777132,74.6328919151855,41.53750860839011,19.11105567149029,9.791691956082062,6.201430983533598,5.3165115761735535,16.703253114780914,40.60173632255859,79.94602723870526,108.95169221766264,150.98754745478192,170.87359891592936,138.3627990738657,115.72730853058881,105.66802099749032,101.58199327855091,95.96258622189899
2025-08-19,91.78599469687052,90.24328935145778,92.28884244155468,99.46757401874262,116.67425615680193,128.3303137807722,109.50524238899024,83.02211946847414,56.11388895300779,31.52568322471062,13.317543391389577,4.137142929376367,5.292389022849022,24.69285712000476,51.50898970726291,82.79868003511045,111.73764010789253,155.67876548914953,167.66666195327954,134.4497594956057,112.84386322984824,102.81402095715454,101.2081063316495,96.39105406692339
2025-08-20,89.67832413059355,87.5232767223431,88.63521170892461,92.47919387169702,103.66620987701947,113.42837721099998,99.5965896801887,84.58561246728763,64.459220185344,44.845689915547126,31.034141190207343,24.578981965631854,26.85115666806677,41.70257550415915,59.82688961699023,87.24903119145355,106.23684404712486,135.57144915590735,143.68597383869857,123.46432141771872,105.79887241185087,97.41789600423964,95.97985087322104,92.33871234456736
2025-08-21,87.31707975828041,84.75746661245167,86.92282936400096,91.00244520036658,108.46431178655212,119.63502052233024,106.83269320795534,89.5717130953053,73.07176299939285,56.3977824089896,44.24678962740119,35.78332331542411,33.401557810229825,39.24798015040871,47.313445609641015,69.21537719449827,79.79632768188327,103.2139317609012,117.85760765334666,98.64416189990706,86.75944076003266,77.6195704333788,81.19326133765118,78.45713590820404
2025-08-22,79.18304250089898,77.03712879760951,79.57837056718337,88.68515969168578,101.00603353642755,106.94067610518914,95.3611658892487,78.33558322575666,56.08080722688216,41.760927021495206,30.653948934420804,20.83011401525379,15.93001545979299,21.57818807083899,37.53604152768015,67.10006971410279,89.01672653294756,100.23662619964244,115.25005056716319,110.71686544165001,102.84704207935356,94.65258440904016,91.12224487382069,85.14105387576123
2025-08-23,85.19939550359922,81.66825083982137,81.53338214354378,82.38856581432226,85.6088550795754,83.23631298012312,72.68913047128038,52.977533145909774,33.61536661081552,14.575093137342286,-1.0151920821784586,-9.870235476716218,-9.24714304093716,1.5460408845137152,25.5582197805972,60.32499107618964,93.34200339504656,116.88615110795813,131.07159658234562,125.14964882437596,110.95884062659621,106.94552030476191,102.94507024408223,98.23233601797502
2025-08-24,91.0007488622382,87.97761561504086,88.47381749345092,91.94151575503106,90.59421248119845,86.53488190902833,68.31923605532387,43.765025225896494,21.238472736697958,7.491539923708558,3.7348008325557345,-3.3972563321743507,-8.97762147853183,-0.047756914295575825,25.681180628184684,65.88582145996506,98.9431232678116,120.80823987958945,133.97808012804404,123.2133215891065,114.47242753294941,103.07501084165939,99.046021197931,92.85290435016651
2025-08-25,84.38098349283197,83.43857082349206,85.87518001486606,95.00980389010303,115.36519836044762,129.05943637462298,112.03155790156407,78.16053460423495,50.42986082957114,29.680195283348027,17.17678141541699,9.716490893220147,9.450428792580283,22.412580039814408,42.59916944851993,80.71168417202787,115.00168964973008,154.97949871965048,179.80083511672194,145.99665841639933,122.09003422989771,108.4239620452135,106.23431940557047,101.39079670171836
2025-08-26,97.08488588344454,95.42106373422503,97.64871205720779,106.51249261662474,120.76695110837996,128.8192563661669,109.41092956540226,83.77249460549442,59.141007180821234,35.38196203620546,14.804176831368451,7.460311625315896,12.433927493713597,31.758774849734202,63.229232225856485,98.47935319562826,126.57704951699064,160.84811831111261,163.1868774408443,118.00314720595875,99.75857329260485,91.00959348929543,84.48078468419737,79.97842303321534
2025-08-27,88.13938668380861,87.3998619135094,90.55251196896678,99.3100387162738,109.7969620098461,122.11776640507898,117.98995002543086,103.02804162274015,79.97934216792645,59.52567958539815,41.557887352975975,31.441543825348433,37.68342397117357,57.600638599245706,79.83597092405662,106.60474009146185,133.2608384321242,173.14688646303375,174.9923815751397,137.06010003442137,118.2047287171639,107.17475259947302,102.94138095643277,101.55236868479572
2025-08-28,89.72104288481498,86.85957953299508,90.30642614666401,99.90616286354322,114.86588914610817,130.49972975289288,129.4263664198557,121.03278205635051,112.02725710615096,109.72607577465297,104.83363559740913,101.43385831099314,104.16069885186184,112.45897764665386,116.97710263250991,125.23309247955908,143.09196577597743,166.28181985891658,170.0665130043081,134.44083913295225,117.94831702402858,109.92660858901941,104.04399509561928,101.54574728457473
2025-08-29,79.93360868410221,78.71109136042125,80.70792214836402,87.44743482851254,100.542252744207,120.15934339395551,117.31452000696024,101.32974934341648,82.34066267220385,66.24089987102482,55.269967679768214,46.032360003498,46.0417775756509,54.01967680060642,63.705610397685895,96.45475552016697,120.07559817931148,146.37835890250756,137.7663163409479,112.6834925412549,98.73215483304632,86.6020038162838,81.88699261130805,77.03554953811059
2025-08-30,83.57401751527075,81.96664864068035,83.54913943581595,85.55231567319284,90.11415064028141,87.82066679565474,83.03264342021234,68.88996962836583,45.36555658722241,26.98941476075347,15.696430912570946,4.660040219054295,3.749761335574462,19.026439487869496,35.88430752179124,72.37085071870841,103.44733403620043,137.5932262207421,133.61436295451722,114.90612268492481,100.53011688026916,87.9916824383572,86.01840502379555,79.731748316973
2025-08-31,74.24765787423821,70.25686892241697,70.48257997272236,73.0218114276268,73.46283515246509,64.25656932788692,48.82983342398942,28.74190671996918,10.2410200985139,-4.579457258953852,-7.8387747148371005,-13.837495946658272,-8.130979942177703,12.165723407615673,38.24151601575462,81.90227249723394,115.96613390947685,148.0890679012286,137.73471100069443,116.66662163524707,105.92827440251062,96.72662331745545,81.86771904522733,75.0689127327237
2025-09-01,78.57916973634069,79.45552085606504,81.12703121502643,91.73419172473804,109.82334209351775,121.76405731572571,111.0774010420326,99.14949024646297,79.85146821696509,67.73115751479908,54.66030445697801,49.584142320992974,52.35655624622299,66.69455269996006,81.5770506344963,109.06704417441465,133.05723823909383,174.31965216681158,174.70396575552272,140.6405085124929,117.0754898854945,104.3924046010151,98.7060698834346,94.81457085723143
2025-09-02,87.57456587980599,86.26736036107036,89.16286051911841,94.39953251786511,114.9439746651668,135.24621494294868,132.0548850438475,111.17210272554979,94.28764909672093,79.85056838517133,68.84805508286904,58.05145949915959,52.795544766930334,63.122048863937195,77.29587931341518,103.48367628850987,134.1716654734381,175.2359939093612,173.72689944816588,124.4014554445432,102.47757507799987,90.04078305167185,77.74493643923914,74.55289946225366
2025-09-03,83.80684482890685,79.10412273554938,77.86976490273214,80.41615331661825,97.88662147010542,109.68953661722655,102.58077276064118,81.22923884638662,53.11159670814254,30.07350972610596,15.171539916482942,9.427379347208316,12.444883629401744,29.01334058575752,43.60024893458509,72.52261835035361,108.06636480641079,141.05147266426343,133.62584515503474,100.45916392897182,84.00269726112472,71.06071085058574,58.837752548065865,55.687152395625155
2025-09-04,23.03794890840568,30.024109514384,39.40984672843817,54.42442754870009,80.32734578453245,97.93510224062534,98.96308502556428,76.82308307168095,50.95301590432617,37.929320425631865,31.76943281796123,28.651915393666386,36.34719754529297,51.52261231376813,70.0844375406943,106.51556400087497,146.1265665712887,199.238370005307,181.94192690053575,143.39072636003647,118.2271619140302,104.41837685528803,99.5588796759572,91.01246587939
2025-09-05,83.9212527454224,82.4124725571024,84.67425352467566,92.9144569666147,112.8502271279665,136.89595214992946,135.01416465069852,109.42936017626504,88.1018029094401,73.38096594802535,61.415325041998116,56.8019601776676,51.83555473324414,58.944856731584466,66.61190885618575,102.81979246740194,132.6004226006878,169.2290877902814,169.49539544178296,129.25668258160627,111.510173647483,100.3932873589077,106.81357222735137,104.4081852335751
2025-09-06,98.77739324062952,98.4260895526252,98.74246019858995,99.49964526728819,103.10864012363793,107.34393111951428,97.61560641431792,73.44337074167609,40.058470824293465,11.633619256330334,-6.265825591009175,-14.650361677915612,-15.453171185008685,3.9813166650856147,34.235279194143835,75.11957559283607,111.42049094869994,148.1371057850104,139.34345526238624,112.26282516018159,95.0118930315304,84.37755177537373,81.48328024006041,73.64931619938802
2025-09-07,78.271510495362,73.90197232124805,73.6458236914738,74.32697973804991,76.50860674841536,68.65299936087936,51.09260700479811,23.14234344343292,-18.088699611822292,-42.808266646043336,-51.670254712571676,-54.75668435706834,-52.8969528845826,-35.76154181189082,-7.790865166622979,41.902568873472326,87.89012711701925,116.03441562106569,102.52345808486504,89.41138058329315,85.84152201775078,80.80743536444623,71.77531370687515,65.49012527288659
2025-09-08,84.66534471961509,86.15913449317966,89.26690879604821,99.88809940258922,128.89636992072474,144.61845840969397,132.84296397144226,105.93195764322842,87.516582518583,75.86823026876172,64.85263344180632,62.286343705420414,71.8262824718074,90.22101146161731,101.13885518246022,125.31469625668385,164.5453586027333,219.9440885909154,208.84994560075341,149.42856624757573,130.24840644165118,119.1675483189659,119.07880306472767,117.31177751485154
2025-09-09,110.20090393348215,110.14950774278309,111.25117786822015,117.18658307898215,144.53960073327949,169.97553341263358,158.05258577266127,129.98089576099918,109.8299676321064,99.01299368879637,85.93597237657647,83.30466682050172,83.48150630021428,93.21842551625096,106.96415013462314,132.39558802558483,170.67065733393133,224.15288492654253,207.09141290836905,151.71702136575064,125.2508791100049,111.3185676000015,109.34338083013584,108.67190767483109
2025-09-10,107.20169754183392,109.51145829904213,112.84827121476118,119.06299313616123,149.96730305669968,198.94442387300907,182.17253581092666,140.54925556890672,108.99423586579941,95.86148751493214,82.28674066519044,74.70528360941725,76.01486131310573,89.27047154589874,103.23357613357273,132.56100200285786,175.991380166181,234.29491717347258,182.92662703198215,141.7695813363662,115.50515765555575,103.12616971114251,96.368158114221,92.77232067195307
2025-09-11,78.82214135729906,73.53594608182925,73.69911432699988,78.17625571387595,96.618531484551,118.26665375915917,113.51469250940632,88.76518224139699,59.53411712509064,38.9206270637476,24.79968616564019,11.042790680555107,7.656009439337623,23.985789381442878,47.08032659688046,78.52732808403266,113.38049844428912,154.40449413633021,139.75413993489187,103.55400259628752,85.32106129301727,72.90459390347476,65.44994497180784,58.44141549315828
2025-09-12,30.708289025655624,31.36225366141818,38.18599757784451,54.71289147255338,82.87448269082941,98.3213473613013,93.66984249195275,69.20423209802686,42.613886052723814,18.86494518198886,4.451863588706857,-2.4374476169455264,-3.095502384159232,13.146173095043025,29.90193205323468,67.09860976170125,105.99715580324767,148.38296458148528,135.46450774773092,108.74909643465035,89.73484178324466,76.41937980214132,74.02327204308085,67.16662811318668
2025-09-13,69.81336113839886,69.83138465032853,70.1427655540193,73.94065747142176,81.72134219657094,89.75652279084562,82.87790071472412,58.62292369032022,26.349222139585784,3.1386790782136984,-20.518298211013757,-31.149465644308286,-31.76112083309806,-18.596555715047515,9.23571828066136,63.40156469982075,104.89947925539948,135.35154023366135,126.52725486274826,102.41121030867465,93.15898584096162,87.69746423235912,81.43415167554411,76.58589092093439
2025-09-14,76.35177555231857,76.65520797736926,78.79590277357524,80.04654688737524,84.33955893641476,91.77070814691328,89.2536522524734,70.51075332552858,38.134036606400024,16.571532490793388,-0.9334505360319412,-22.156989908039975,-38.848284364833674,-30.743295531271727,3.6300546977635406,57.22301589372613,108.8425090222901,142.18829896113576,124.35621181948054,96.03414777057324,80.2577863686381,62.00328579456845,52.78227138730159,34.24753889555468
2025-09-15,-12.814106309669029,-30.08739455782299,-21.94442434634672,-0.6611599189885453,59.24818775620686,84.48067227602613,79.8561527156784,50.977039914162525,23.06361993783257,-3.91417031620405,-16.568900063956093,-22.972577848354483,-19.225760812597677,-6.083331309987244,4.763122677742629,49.44194347828644,83.02077301084994,115.916841791782,104.961447182051,68.99030890330081,55.09033242063802,33.168187745120846,13.404171699830641,3.0177366399176293
2025-09-16,-5.26724011469112,-6.705346007946844,-3.111967788066295,6.6537761169499845,48.306003954095495,77.70157558064838,69.02420290409769,36.89185684973063,7.189396524502044,-7.978478396384716,-22.26471257905439,-25.083032754822142,-18.335356288651887,-10.256857077641186,6.899468697635271,36.08472074608411,60.32944400037073,97.2135482762867,92.73291444768093,60.279219700866214,55.568276271858764,41.60112044155873,37.25147862431165,36.50024580447308
2025-09-17,61.08647480401717,58.786502207874975,61.48048663370382,67.95004402051433,86.86337892935343,101.20947882868394,96.45352960427944,72.77197844762964,47.12124828106098,29.794858309742366,13.480738072529682,9.675754728716846,14.237389584126547,22.06959051835795,32.979976347167096,68.64226556668578,102.63768552528566,132.7890668440508,121.73545404949182,89.62204062176397,80.21086546770618,64.29343145245663,58.94001195958679,49.398389728179374
2025-09-18,46.13459233624375,42.55654610638085,48.182308469996165,62.50510457943109,83.27527042338292,103.78620097082943,99.4176636906286,79.02786086252254,58.60097924332092,34.07202884637842,10.967971548270427,0.2170399305030486,-0.4067437543360839,17.47670855763534,46.04631851685625,77.42533124191752,104.34735192506278,132.96009647094118,126.85861445119752,103.96560276526245,84.44371830687929,75.30743454875528,66.80110054684093,61.83357493054335
2025-09-19,71.88378816574655,72.8337744854418,76.672633753935,85.5826658241598,113.59290329655694,136.95465440806743,127.63173960492716,95.99204310014402,61.177591201742274,35.70764930565412,12.170217390564602,1.2967184121014483,3.8405586238491622,19.421128158556897,56.20667202416563,97.13561826867131,134.64848902677366,183.39175981534623,156.68799954246737,118.91901669610502,98.72011259104698,83.6282133255414,77.08673111752744,70.51070479391066
2025-09-20,74.38135385661515,71.6112547268715,73.60191252111596,76.40376780620979,79.56440032159423,87.43913975710147,77.00741367080217,54.71061870862771,18.73361518555174,-17.279821700104847,-42.23362809662669,-51.08007760790045,-46.89339458259581,-23.82285257592042,23.763222447973497,83.8950783675842,131.42024772729974,155.47273003944065,119.26321019886721,88.27975481194167,83.4734161408213,69.73326629620271,66.33833529748186,59.70120567504907
2025-09-21,0.8626550728437934,-2.712389935967323,5.602321753835369,11.586484503486076,16.85038293110503,36.09799153888041,33.448208981910625,10.40805326826127,-13.237938376496487,-38.42310884212192,-39.57356010312658,-39.15692513998129,-38.82361782886486,-21.2895331697908,18.201365465609612,70.42174638420477,111.26458884772399,129.61653270322827,109.62569308573833,89.94963984208272,82.56400510001386,71.94736991914112,65.5898521567911,58.7789797221574
2025-09-22,81.80302924027066,79.79253104131817,79.7652694603464,85.77501011848757,109.81825879712866,131.31714747937875,130.9018208451493,111.14985904530359,94.90885698666352,83.12073741924105,73.18471250745601,71.83641382320322,67.90375623961552,74.80058239121207,78.78850719320826,103.09470657923887,128.17336705836155,154.03478595554787,127.94605916290949,108.49612391432444,99.97985703802523,89.05502097131388,86.93231328961441,81.36519007214685
2025-09-23,89.861994223595,88.9909532731451,90.2359036331189,95.6231786457609,118.74996258382617,136.81019062318683,127.62408365674962,102.2955748958169,86.47001583782702,70.74898741037904,62.14320203255016,56.50762752413222,53.70739779365152,60.979480702737725,73.24630013433504,93.9792196158346,123.21035518652313,138.53553825793014,111.75996567339334,98.61604744291408,90.31492336319587,80.15143972633311,77.44704296202278,72.71131022035365
2025-09-24,78.68907146966956,76.83406201440357,77.92266143880859,83.66360435392824,102.16312663282953,126.33525850316383,122.68788919900989,101.16277716760521,77.40248771287769,59.83433794313604,44.28439466841882,35.34576167415254,32.65718421505976,41.4176387274067,57.19692201439274,82.29505674591604,104.3852254386854,113.74912792212295,93.83288336052759,77.43914725596093,73.83086603595592,68.8641823310168,57.49323838354283,55.03545622797879
2025-09-25,67.0188688083486,64.83305061738133,66.96443869346977,74.68273794307099,96.63109546398641,111.80371937323176,113.48262175937896,100.73224694634358,79.66458190248632,59.72125653978345,42.46479894366605,32.648514365604115,32.704953389505405,41.903965727285154,67.08966264265867,91.33053704552589,119.43968412903844,131.20567314195458,120.51190700964102,107.15736730042869,98.03918952352181,89.9955006038938,80.85593927180149,79.00829821411875
2025-09-26,74.35902979903148,72.05907050704499,75.61968410470861,81.53856747635044,105.64008645987413,128.42999849293435,133.03329090143393,112.02565223700702,89.83567417859103,75.93878197017698,62.4646986238249,53.157088730550456,54.5749572653902,61.21270238801408,78.44301325439343,108.25377120895804,139.3327215591282,145.1362994397651,127.16629882276177,103.93884127734209,98.96362980382523,94.61056491904505,88.20500574382287,87.80632109386143
2025-09-27,81.91707639206501,81.0213367481287,82.09287005488974,84.34152140722982,87.5493207688873,96.32167269955555,99.33122969321548,88.17153612371,71.39719564645581,61.81999361730877,49.9746284340953,47.3528698763115,42.04046500091508,54.69002493370311,72.08892414443737,106.31125396758156,137.93544047651505,146.04929404411226,131.1746025501747,114.6821436741133,107.25522460064073,96.23138295243038,96.67106607343774,93.5024600537155
2025-09-28,92.70015368151184,89.51698216655713,89.67992175053622,92.59596453584356,97.48551450981586,106.39454174335296,103.501271603056,89.6204959436866,69.781372402149,49.94946863434211,35.368895709981885,24.442094537909462,27.6081215472178,46.03470624441756,75.7121905447475,106.9679463712375,142.3606253452057,154.16552749461687,131.68182034429813,119.04756049189227,111.30842562458271,106.5655686261496,98.92557361986073,98.35735907203154
2025-09-29,87.38550277100407,87.17184659959783,89.54879448383761,101.72647085846492,129.6725813019868,160.0020039952737,156.5738516948308,131.7843283900662,109.11364605376293,91.09348455172608,76.19648238346574,72.20604353531809,76.52716800484784,93.44526321648678,114.36637198517008,139.54974484251622,168.19846357610646,198.08606642881512,167.53877225980892,127.46299821428364,113.96446487552569,103.68844382279329,104.511832662151,102.02273614552861
2025-09-30,96.67370537942547,95.41904292224356,96.91131074175692,104.48934187540688,130.15906977625025,174.3431148875866,171.3685592432406,137.7695019875173,113.85427353001639,101.18355335694177,90.25614754190573,88.33548694599537,94.4236192836193,105.82673081430352,122.69499621583337,153.0063048501021,211.0592315269688,217.94493990974087,157.41548932066326,123.75901531576362,113.03774796952386,101.1934682833661,100.9639224831344,100.97856658901742
2025-10-01,89.63007267126524,89.50124628559136,93.67412752122793,102.24951061753995,135.06356629044558,171.1444263900275,165.0344244504773,121.19987991687637,89.04091096778753,65.70570357667219,53.80235900846434,53.59038023476902,61.11303776144988,81.93011854768329,107.0222541303094,151.5504067054319,213.81032980135683,247.31951363133135,172.52052585295175,132.26188767988629,114.82460424004273,102.64714976398729,100.53675341104523,99.79758041451146
2025-10-02,91.94005599697904,93.11533380958048,93.61966816522445,101.2388742507273,121.71892943873746,155.41120887797337,144.10413593016926,108.79343426987118,74.95688351243255,55.72374129911805,36.676444793799625,35.37762205654889,41.02847928798492,63.94662000715714,85.98517282695067,112.65212610001032,168.85686722485536,244.40891424315413,163.48266273821866,117.629812419652,101.19664410526224,90.2067712585678,85.0260510104312,81.51138861344228
2025-10-03,80.92402580626427,77.9902029880387,77.97126276003235,78.56029226790488,80.3115408526437,97.88174945987582,94.20584394210175,74.28433067408046,53.39269726397267,33.74401152577314,16.259692696464583,2.127765427008171,2.292860096476929,25.966856085969127,43.86456365744636,64.8176229753922,91.27492077264989,120.51620518435337,81.93124241774902,54.6990028248444,62.35477328674668,70.12872824152883,47.024986414777665,41.92082457986245
2025-10-04,-22.417399888294938,-42.941817907001436,-38.08805074162446,-40.57316673297838,-10.773277992669776,13.756741682407807,37.31274846019555,33.820177617097684,15.973854102959535,-2.09665202370752,-11.036196790362837,-16.18488865555095,-25.197994703460154,-12.667772055428358,-19.744663468850646,10.291326728625023,58.12895370116046,73.0060451869464,34.69807843493716,23.781849435786597,42.89733493682258,33.704875139590946,12.895031513373056,10.789974634826706
2025-10-05,-8.30297544805886,-15.237306999727082,-18.085012957847113,-15.762699414019991,-20.171432721517462,-11.174449321138653,1.222231116664176,3.559595014104872,-9.604324734280368,-23.959768181107464,-25.98144940912374,-32.57620967531237,-32.05077771224099,-20.36307051246736,-2.562423232713158,10.9231051584525,47.88112696671997,49.37370072520444,32.80589751493335,26.890970496563085,31.63233509658022,40.55360090828788,23.216375609896843,14.09898590292137
2025-10-06,12.935425683375954,7.260678669667641,13.052456820611226,34.83519168749604,75.33609925432992,101.39308152297444,104.46947413182711,88.84617672752978,75.6757099644004,67.88366869292567,61.35101665544428,61.248687346335956,67.88525728235363,75.90085670367871,89.40164512388482,104.98335932046336,124.55518632439366,147.91485943006373,136.0199313545523,111.75648248829869,99.37888079258552,92.6743221740188,89.83024380555358,90.35687210911374
2025-10-07,99.36191869523645,97.99744051945405,99.43624649589563,104.26296643497831,127.8805747919245,185.58965963488524,199.28375211516834,178.2941846692899,159.89813538713014,153.22476018765224,136.10939433964003,125.69208645533789,125.9663128108547,127.6673585017801,134.03305379215573,140.3570407512489,164.49620197960647,198.45938200107963,168.840457070646,132.85036079810263,116.55441903772619,108.97194325248788,98.85994889136167,93.64216378519353
2025-10-08,89.80815424119595,87.58542542202161,89.41352827262334,92.04547535711569,116.75861857477882,169.9543010536151,191.1772125700853,169.69996627633338,136.2679123766507,116.01101896137112,101.71531910229109,92.94914516000173,87.17446808466778,95.74447033281511,102.55676964069923,118.81515265990375,148.50163701102997,202.17945480774216,164.95079652173618,137.52216100746054,117.68770635871246,108.43619112844658,102.46592573262808,94.26316159301206
2025-10-09,88.30533135524126,86.71085342263179,85.92954606513909,88.67122775020827,105.25574241335393,148.9242960244183,170.52350184829902,148.38166679850076,123.1871134266325,98.72055809840278,78.1312637287302,67.16911982416127,58.99635983898967,62.889818582586386,73.59454811193606,88.57260675757492,112.05305847859645,140.3537051772051,117.29991721068659,103.72560451450947,95.69088057891204,88.02837866017954,78.70215256031987,70.59081641784107
2025-10-10,88.98236222022189,87.61926865027591,86.72770260626349,90.9276344143576,113.43428252980584,136.04404416371372,148.7921577075078,139.90857217927598,116.10866956260756,91.09842961697869,84.01189809809367,76.93813006528009,75.96337631993147,79.00991961676242,94.10339904749253,109.04488605517925,136.73081694649858,155.37870135291206,137.89520449020375,118.93106270940912,108.67123120128745,103.64659210055241,97.94313522309264,90.98206252509708
2025-10-11,89.13277493601612,87.23982046594101,85.78962859877213,84.19659490648274,87.08056521176363,90.88808767974254,101.90531342580255,98.81808487982148,87.07583467383019,72.81590558804558,57.563870732515156,49.89887952298213,45.48315838149902,54.93593475286522,74.50221183642623,94.75175602590556,115.32164216381865,134.51379525717573,128.23068574469292,124.31404452225911,112.83416170066518,105.85323588300163,99.81653946603642,93.85873424166066
2025-10-12,96.25624477553369,91.44535955692902,87.85888761062995,87.16091182381201,91.06774750276966,95.72724791581587,97.41507464941863,94.06008129894664,85.32813384682632,80.05185140695319,68.33776469822492,60.858649331797125,55.86521164261004,65.38488774783447,81.85545729979998,96.11340088457312,123.9422261894464,142.50189469787153,142.19602999648896,132.40764648443718,124.63097927550635,111.97595762151684,109.96556764901231,105.02070387404994
2025-10-13,90.89896267993777,90.91444540847625,91.41843712684052,99.01100583585202,124.5312964383417,165.90542125003725,173.2348172811059,167.24978567333523,140.77421106344843,125.27032404011044,110.14129316478234,104.22212212398725,102.5810417247863,110.76638679630527,111.65745860041062,121.8431094396517,136.39060362293284,173.1406536320063,162.7570350789739,141.09967656184094,124.36214946644476,109.57697551725664,106.86403508315125,102.00019841016159
2025-10-14,101.78323107873635,97.63904955848662,96.55755182663371,97.8392089519989,116.17519724395584,160.26723808794526,194.88237392990527,166.59954793472986,133.17485413183692,119.1323227770437,99.97868498132667,93.45413423985676,91.81304485834094,101.60096252996888,113.8564136930029,128.11498685919884,178.6282736844748,242.29032027362297,194.07330811475714,156.60977256761842,147.57418526709233,130.5349495311494,122.20861381622652,113.68792730269888
2025-10-15,115.54697784046287,114.58455860908391,114.1377846954877,112.42877492443739,125.83185621827323,179.7811646278907,245.90806152991877,212.81816118751607,161.55085018738038,136.81004521068064,115.03734947518265,103.96892896576233,96.08236787194414,103.93868456557675,110.11958026684843,125.89183567813782,181.15543184701187,243.1941414422575,186.04292816135202,146.117867861728,127.92205625919402,105.41592957436018,103.25525077292481,94.34090409586389
2025-10-16,88.5576796774242,85.87832335192815,85.30624079056093,87.99456695806738,103.57747503335356,141.99408401086694,178.30869979905103,156.04863903254844,127.44208563118892,109.93609485438739,93.89633904754422,84.26135358508931,78.9485371033029,84.70829409874399,92.1185974414334,100.2691383861432,131.68812796359035,174.38954692117082,149.80250636557733,129.21737760006823,115.7931828210873,105.8161087928744,100.0606982745138,94.92874419921154
2025-10-17,85.59231826996883,84.867829162008,84.6100939259117,87.54748940506899,98.59620657547637,124.1251077974777,152.9956546654235,143.2360442245637,117.47827261590098,98.99783606571008,84.73299808426707,76.67971867628981,70.07962994735391,72.34723563084768,78.49402584563553,89.07570555423217,109.39281800725689,138.85427582497422,127.64603269061419,120.33448227039392,106.6361795183879,101.09127484319548,101.52588411896346,97.30481242182455
2025-10-18,94.98433885445647,94.69142138625949,94.20833620248557,92.4281256349462,92.6848407014333,105.33608341190867,116.07694856876564,106.50082817034686,87.83429474844465,64.7592666854416,49.02563419812081,40.7893362281151,43.24617942725267,55.89838428820784,73.87367033474551,95.04777884973305,126.6466902303739,149.30369508611471,136.22037593796958,113.5247428086169,100.46787779742321,93.06244073744628,88.82929170006668,81.79163853654305
2025-10-19,90.78925330079818,85.96412666652468,82.17476412544849,79.11551511682808,69.86775535590633,77.46840871188192,88.65048403746938,85.3625305602514,76.07882755549055,63.995681744580835,43.37105565614095,32.80381222753754,31.90701013701409,44.43864856591543,61.94094105224988,72.03924346983021,87.73329536126418,86.97030190014023,69.36892583440829,66.75995032061013,74.90522511038081,81.27227122623106,67.98159817305395,59.63241379516984
2025-10-20,66.50934323752556,62.12739120801676,60.00725430125914,62.76290572482815,76.38509366479104,107.10777572022806,118.61788857847463,107.70239115785787,89.67453234868371,78.34758553946685,64.37812878197789,61.34923450263805,64.64371849052895,76.01912503065182,84.41725349619901,95.46575456306117,121.78290009382088,135.18067224760466,112.61565591999415,94.73192872224388,87.70700682495799,74.26906012361746,62.5951814094935,54.478946122558625
2025-10-21,52.03092623259664,48.06509858841438,44.60668726017271,42.685516208864435,50.74738871278202,83.63680234424285,112.14348496799157,96.92295927119149,73.52151196448393,54.606663391163984,34.212412782480406,24.44304400540377,25.761745136577787,41.57591826487938,60.06744964400542,88.12538510711533,122.0333096824398,134.6333056284642,111.23266982282342,94.14697883450086,87.9714258460055,77.8050034181743,74.25421064428252,66.09847550388875
2025-10-22,87.52865014252536,84.48179721848264,85.03195096772097,88.33790056618797,100.22406273744882,131.19337803901973,162.51137456941007,165.03664076318623,145.48203322546135,136.1197229037116,111.86546315309172,104.18960669000145,99.77152927616012,106.69228279420915,117.96335604414986,130.5910111014802,169.8359077466826,225.26099255546882,178.6567568620737,147.33453762241976,128.43667213398095,114.75006284411948,104.89449460930226,95.84137326073669
2025-10-23,93.74783532193783,83.80710042855422,77.73853801807417,74.7162065112535,76.00985571057578,91.35855712980609,101.20344168053883,95.44402808002661,76.22737192973626,62.89391572335692,55.287564940433555,47.50157764849446,35.76345509358147,46.20579353280159,49.50259376409477,72.08897671551482,105.39973547430715,125.26109517584356,112.6043280804335,89.32800709604756,89.42559686883659,71.32517706780061,62.02835829576037,42.41476025688447
2025-10-24,13.970776351747531,10.678768237978318,5.400742177540735,13.500149185913003,32.303486496690525,67.77819350805521,91.73475072540882,84.48811901169967,64.10796035879335,42.51986381035491,29.090351747156596,20.502119460439467,16.860621875647674,23.438023561107542,26.723448138489424,35.922423505493626,68.22745125484613,90.84395817506021,77.4889645139763,66.15426229520207,65.27276535167394,49.40372998280638,45.63595648872559,35.843048436394
2025-10-25,-3.1812044784373654,-11.194339219496555,-18.109819601313404,-32.16556848957359,-43.96312640423312,-28.657009934236385,20.607452955561953,30.680868838575492,11.612587735868047,-7.578982523834782,-15.92128176120147,-22.496602035051623,-27.6930008400957,-25.174371652087487,-20.88568012220543,13.884721169523687,53.24640615169152,52.183754254093444,38.04503589576183,59.71591605662988,59.046001256782674,40.22920468753428,68.59200267191147,21.61712379968381
2025-10-26,-3.3597323458167665,-12.021341106702764,-33.31553508394394,-46.956479903429056,-85.95304740233306,-37.727744769828874,-13.083858565804874,-44.39366919383927,-45.743905827718294,-47.00023411863302,-36.375623055340824,-31.145887466973768,-33.31964681062955,-44.818638695434345,-39.59539372368751,-30.338985649000918,41.49994603783951,37.32827467017839,28.074189858710184,25.896003417042195,3.504566402065308,12.412938288220715,-5.651867354651927,-6.374137738739478
2025-10-27,-1.7898016420308664,-6.098752016009854,-6.798727392575458,1.689740120856058,9.892334810953315,58.524077475097364,85.38594379140761,84.70353168015123,69.0584523937886,59.88838948470582,52.46271807701453,45.92105213403692,43.80846607558085,47.32405206719464,51.22862920834564,58.890273527560474,85.09972545394906,100.07934658199022,88.98843285826139,67.45087010483928,59.584775366396705,51.20847072724826,30.60871095352065,24.85850199796306
2025-10-28,49.278391320145964,44.093730753864506,38.7840996876714,37.27840385367156,40.717842739158044,60.953250621363864,83.84192022269075,93.37717740862676,87.34219376200791,77.04010794221894,66.5597920525411,59.622107057572876,51.086489220856706,49.97107913086913,55.76692910928727,64.58337080891248,79.41526821911188,99.99977305965271,106.59261436360659,94.2226871826311,81.67843250269266,69.60480633847045,55.38415095318318,46.766252598348494
2025-10-29,63.40661636141655,61.930260932127034,58.71100706966945,58.90822088470841,61.062732345920914,80.98828216301257,103.6722738096766,104.74008078112665,90.3485537730153,75.76026825589202,62.38837909028198,59.029764202540164,63.56857336256166,71.61890793050897,79.61636787906855,98.77005277896967,112.37901787566132,126.758832685419,128.78184643502345,114.32406467745479,99.97107292918471,94.47265422720807,84.45091547256281,73.26666611971056
2025-10-30,83.98943966828337,78.32535078227525,73.10749771371576,70.87579475445094,66.26854249320155,73.33237224707449,98.84454759302238,101.15666193753886,82.79241458428233,62.972582665039354,47.34367034540145,40.30081537923792,36.93795841546914,43.564336188525886,66.18799620964433,96.1645505308699,119.05512123788671,133.3982438340496,137.09112155748386,123.18266857709399,115.9049386990298,109.31194948423368,106.47536253724854,101.03876578933189
2025-10-31,99.74975128419862,95.2663669512489,93.37929132327619,91.72992138596534,88.87212370170762,100.48961846690989,111.95502572979072,116.0157813026083,99.68750533676341,84.73971532748607,65.89780964892655,61.85194987256127,67.0587649234232,76.4306870494248,89.95467701212003,100.85065822308795,112.8191662753834,115.20829588531161,104.49523245549062,90.81951406034536,91.21117695764602,87.10725494696717,79.68333481621534,75.74024618101177
2025-11-01,58.45410558237755,52.865086370072234,50.579103591436635,44.478816325781004,34.29758575517073,38.605937288306876,49.630509450359426,49.769112152362574,50.96259206029887,39.759369281347766,33.325343143091466,34.69404379392227,31.449886644406,43.27716669234485,52.89391511275359,72.72968079634768,80.39943213352393,86.08642916975388,70.43597919713694,57.61237432723918,65.67599955205897,46.05476745326786,54.88813371668917,55.5745054050652
2025-11-02,56.07298017569455,55.06788579160893,53.71374956551563,54.14658922550331,52.30234762798539,67.24538040138634,80.51822948220382,87.37075022259059,82.79641633516319,78.13113746546605,71.71133014444945,69.18292269417005,66.62913111164178,80.96667500057397,94.21753140479217,101.72490724978202,123.16261150423055,135.94005862958466,117.80105747197118,106.29721473693608,99.24100959748455,95.90306309349276,85.17875439983399,72.44593050758365
2025-11-03,79.30845020465595,74.03792362886969,70.78842580360299,68.95000719010201,72.03722245693959,88.71246599910921,104.52185894382563,102.20911506591733,86.90899835460286,72.10607052144302,59.262298236350176,47.518436164299715,49.26178572882964,64.81938642896702,77.45995292433145,91.54358289151708,106.33934256902812,115.3470781179688,108.43582424540625,93.69469157944155,84.22317840668263,79.15159494094947,65.45394626051451,64.12351003636206
2025-11-04,33.226111173750944,32.06897881212448,31.964306921011854,31.947642079924123,30.541980781741785,52.991737514870145,85.71744650098867,96.7784290927158,83.51646831362935,68.49732370656716,54.3384211529184,48.157670446946256,53.58576701051485,66.31604539847397,87.11077272933268,103.2391790886073,121.53352991603855,124.00913157104354,112.39130472589243,99.0558104869467,93.86661670536793,90.2933853229165,80.26605155056374,68.24418932793031
2025-11-05,75.80823123406428,72.2585296998979,70.5039898658641,70.62959230803436,71.75787520041641,88.66485075669664,112.49633480438507,113.43251596513821,92.29604249349897,74.84348869271473,61.628153057338565,61.952277467413545,71.04291270865974,87.34260973858926,105.59352366243635,129.29352605909384,162.33484399245316,166.12496907327505,144.0404187074106,124.68140641291733,111.86017987615483,112.40618620097247,102.1443976158776,98.5151765417061
2025-11-06,95.27082743933998,91.94509482390873,90.89226589215846,90.15887136981264,87.50367636357362,105.27475783655834,134.04860734215208,148.04074477009792,119.14099825060416,99.72931692050284,86.16585201952671,79.07479782076713,82.51552427939161,93.39524936749403,108.6009068181338,126.56031244960624,158.16971130757727,160.1583106411112,138.1768682456315,122.28827002103209,115.05671040465108,117.26376686138737,112.78556301526142,103.7927944506651
2025-11-07,89.31155311320651,88.35157241849835,88.81840517170693,91.23276462773191,93.7745186489419,117.87114232597975,148.10928767662702,162.57320740935734,135.1141925141489,117.16733951562459,106.78099076443837,101.09466455191284,101.51598934635862,110.16174431842896,127.83931180323782,155.27547399283705,189.0574440092495,183.68537879883493,167.04490016971795,139.10330262985713,123.97519266627656,117.16437315471714,112.86444603079988,112.94450745477042
2025-11-08,100.02529120329193,98.99708011115789,97.556556882527,94.04075453756155,90.6705446316831,94.46053196912897,108.69103471266239,112.62359085567093,104.9557599248187,98.00553421068096,93.26386415964356,91.15081560384529,87.24854837959987,92.8235652985498,102.19736587768072,120.20805308521334,147.9127899332888,155.7212476721374,146.05790477093868,133.35702631244402,119.41476660621306,112.4130836843888,105.17072325178657,102.29868839481242
2025-11-09,97.11767689636304,95.54528031628492,92.88526507738501,91.05439920788726,88.62080352516226,91.3238793964082,98.51756848095518,102.15019131436354,102.36032409703104,101.47415929214826,99.87059542607977,93.92208137309736,86.39422393064812,92.60181980534988,99.15338283460352,109.07560131960805,123.25367749172119,142.29447955078746,141.93338998866506,130.84583055820204,116.9104182519637,110.00630332086664,105.79734207837271,101.69257239620381
2025-11-10,90.03358488150172,89.24476639399018,87.58777802831891,89.42723335444386,94.63787418975939,115.9143499526475,139.0108326108812,154.5719944675688,140.17813756030588,131.7310169801026,125.25941423101825,117.00087697883461,115.31893628599123,117.02712608115709,118.59114304705116,122.56855601450559,132.33481846705985,142.15477440997216,129.84008268769156,105.92321682824162,92.03079966925793,87.26710919903178,78.56560692503298,74.46947863384787
2025-11-11,83.87148507949891,78.70840356088111,76.97238121189508,75.31649283258993,63.18345470366868,84.51583739600876,113.11310681470346,139.50507964884082,125.99082028157372,107.55822371722735,94.24762117634772,86.55732029145949,88.4655518051979,99.67605080748399,114.11813049532861,128.06638797152374,153.65488549110785,156.2377354580927,131.6430109110403,112.31766224315167,107.54738742390283,101.34671725926117,93.36310482312473,86.44138303363384
2025-11-12,83.46196151502532,78.89481783986656,74.98639042280547,73.2235155977502,64.87351273886344,75.8826365441022,100.24163489492868,107.78545236050218,86.53071655727315,67.73175647945627,55.80407628740064,49.29231686883445,54.37886654432568,62.50915403472406,74.13011197621053,96.62698164456025,111.87522800269649,103.91210295443301,92.50330448751771,84.65920498754224,85.08574105841859,83.05091342201408,72.02093328442692,65.46839913815604
2025-11-13,39.058685472072874,30.642827490002517,29.476988438750816,31.479656475959622,28.212088528939034,42.330945700042896,83.9160031228053,97.12519297768839,71.91222389804808,50.3629034462756,33.7324325270592,28.075306411286782,31.917780937558657,47.443715167145925,65.54482236639042,93.63591679590792,118.20855314773218,121.86094165058054,120.83009898602826,113.51954761072149,105.90358900608624,102.5153321006407,95.25373326880461,88.86102311119897
2025-11-14,95.2826984943856,93.7247111406383,93.0686136650139,94.53860599127826,96.86980105578344,111.55682758986629,132.95552489191186,144.82032042825924,119.55231799012351,105.80055628844015,93.23908385765813,89.72482343063675,90.6276131540943,95.33561368446243,104.65574181156066,121.52764843101987,144.7142813802138,139.88301031373928,126.85099543032209,110.62711962991298,100.0738824835738,96.03624806668451,84.51023136003232,74.1268287295066
2025-11-15,80.07769132771277,74.87278886949481,72.28250331773094,67.39927328607257,50.82391016635361,39.29545686704846,71.63082702521487,89.74481069291745,91.05976088875555,82.73804775266652,76.8773826476262,71.54957248827732,70.94544503664854,79.04559821252737,92.36086724681006,98.00369766434649,109.60829218533475,100.535001120652,104.31885313084753,106.5273031795512,104.3612586567887,101.96064352939449,93.99917503283453,88.27999817702558
2025-11-16,93.62199742646209,94.2868321995316,91.11177073146774,90.27017348843172,89.03448579123369,89.95447484192297,101.66615431955948,103.3430731022122,105.37367381935343,102.08629122013733,99.14914416519022,94.83013635216432,94.4451497707264,101.95641157930802,110.37797645144721,116.5433634462932,133.57309854315685,141.72074135299042,135.52593208258455,117.16358204741157,105.260689741466,100.26552018618693,90.34621959870732,86.1947998138239
2025-11-17,85.41652345248524,81.14815101069544,77.23444864971283,76.69017852992988,76.23921368093599,91.25082379094377,118.42121876986587,137.83444810563697,123.00907149134503,113.86087119671451,99.66316564588683,86.91389875348234,78.64360448063125,81.80955559968393,91.21021020562213,103.71261062230465,116.22806571941712,113.73972063268228,109.49131033120389,97.73278665269777,94.0876407240524,92.96830082388611,85.53274854473177,81.98024052227315
2025-11-18,85.39237053934416,82.25091799337406,79.76066259696736,81.72698653636593,82.41485016220975,92.88790346747508,118.06076738663583,133.10348543282166,121.68951892991493,109.55139088309843,97.8496628140668,93.11024012517676,92.02206216762744,99.78999319096636,113.7055110594067,124.76968069042299,142.9530451443003,136.14217926149212,125.1338371399878,117.32960480580235,112.76325577549012,107.27428236709127,97.38138109480334,93.1180984921167
2025-11-19,88.27670858738443,84.98291103493256,83.60836739643274,83.66396005938344,75.25995738550024,88.82856736572022,110.37340508971617,121.1524696431118,109.79442069910516,100.77327051292593,92.68456191138432,89.11513372365366,92.698947823787,96.53449825058499,99.20979788802092,116.30720352154445,130.02241030462915,132.7864859704406,122.52733917011027,113.98710162151494,107.68385277240432,102.705863156507,92.29431813007959,85.05694234279669
2025-11-20,91.08553658281582,88.17148385158295,86.26891084905188,85.92955813624498,88.24664656911587,105.88395213950523,141.31811473531258,175.99378606607706,157.375408397327,143.64406345712678,128.97762195193621,120.42555994733334,120.15774302358288,126.1774796797234,133.82909460181298,137.5660393386908,158.20640146534265,158.1217936235298,149.9963782573425,141.41353996808078,129.21794954783172,127.83015872878127,116.49987651150283,115.0948590298883
2025-11-21,102.00715985589216,100.65564955337383,98.78751173045052,100.86590301582437,110.561260770019,127.32659578852886,157.82129935578317,182.18003356051622,164.3104787728867,142.88774074568315,127.40709510384679,118.73979215316102,121.47430686071186,125.88155890935114,136.04555834456414,157.21395386722784,176.24471485479077,166.78268374682443,159.59422091283201,139.04572102062158,124.80733632681606,118.36558288446322,112.1582643872463,111.87678938422269
2025-11-22,113.52100471124434,106.73241406125689,99.06586310054305,93.50405549725342,89.2955211776726,95.3036261447906,113.76428687246192,118.58426988715526,109.22675006694688,90.7923350545722,77.48500848516034,71.63196246212988,73.6645295389801,82.55969410438863,101.59818377089111,113.86289881865873,138.81209558392945,129.9380662434768,114.68711171132708,101.5548421574462,99.31353289389752,92.49493534803352,83.75926213944847,78.18054453667818
2025-11-23,89.03635935942084,85.11548825430339,81.2964958166858,78.45267663202755,72.23284785204558,65.77860499470628,80.14528631217784,84.82121151232049,75.54754976426555,63.904596483176476,57.69003035013998,55.36404997206475,54.38749909318562,60.31264535944287,70.5940830753574,78.86212198439073,97.55011477450944,91.44960444818149,90.40508464811691,88.96358664460875,90.2833333795463,87.75412302403561,82.45496745056589,78.49040288650731
2025-11-24,77.19549469426292,76.14711610304443,75.38520877805722,77.83787223560932,83.62735546304307,101.05748050330945,129.3134945225522,151.94281398796377,163.49934236299697,166.864639105462,163.47900398978243,166.26488262493237,167.36533032719706,167.52529357816064,165.67918622094558,165.98355090301328,182.700690475094,184.52159228564648,175.6119450775946,151.10426065646863,135.945534691102,133.47087699976936,127.8997828535044,128.9196186211086
2025-11-25,99.59743365292503,98.68029066027724,97.23673962026463,98.39367677791608,108.31884927592343,133.06880698862162,166.38462082146165,187.32164580480438,177.83251121061292,169.88027583492112,162.92220708132362,157.43046589610407,162.06064855751453,162.28493918480336,166.61770849779964,180.12206428114018,210.0109879325313,213.516348592581,187.2401959366554,152.70413924184686,133.621198160939,123.27516924719228,120.39644903468968,118.06525644758995
2025-11-26,99.27127081691502,98.11358115990005,95.86943266273965,97.75147174086423,105.68924172528159,121.76106297181539,165.50968759600477,223.26784161395847,221.5954800696405,211.21430306186042,221.8623741885733,215.44298384485631,206.70115033152956,191.18903522596986,194.2672441499619,186.87646684790147,205.20170234303345,221.57487704902968,201.24447187705206,156.9133803635933,129.1874267068208,114.44692345530052,103.30938581424732,94.87317091232603
2025-11-27,87.11359153240183,82.17514686805985,77.53294150536651,75.76232584727002,77.07712257716544,91.08575567622059,121.9522299767878,136.39103061946196,130.24392634594176,115.33163436991387,102.74860883697102,96.64516059769007,93.54342527381704,93.49235492269291,90.74807221043731,98.59521793353689,109.06156243987621,112.97821620936745,114.03413760957369,103.00087238223774,93.10750964737082,84.3312513149342,68.90037855103232,63.99628539233751
2025-11-28,65.87223767174683,64.32436860785084,62.875206841994554,64.12999572745586,62.65360346651515,72.33402545715634,109.67130125951834,123.69854115965059,120.17943396600401,117.06166085336572,113.94023473732716,115.2522661194827,114.39890279969646,111.24102666986329,105.23655820008747,111.04049068604927,112.16364413041329,111.88616085303329,110.18597995603918,101.29117821270259,92.21636582201937,90.30908852749522,82.14783603499369,77.56920405796477
2025-11-29,91.33645043306574,89.32967168121141,87.21244481759192,85.06714854930125,84.16605819797583,76.918967297731,99.1885689975937,115.49148026607526,116.80023878981942,111.7748075775982,109.57409331988835,105.32518866854852,101.2965651663568,96.04763387463484,99.11973765588746,102.44926072497663,113.12788216749634,107.36543811512648,96.3378390703993,97.52849945614048,95.26774150881636,91.90598696950487,84.79424613315143,77.66460036605656
2025-11-30,79.7600530218048,76.0375784909671,74.00111134969531,69.09328393094725,67.37848875344474,55.274824250522535,74.79852003037315,87.80588032655828,90.7614994818147,89.05927580055821,91.91276727103059,89.65215306776811,87.7673609632403,91.87128938879732,97.55521709858994,98.43387200724037,115.11395806956949,110.42719290220214,104.12960668478686,103.23567895697589,99.96816745287022,97.17777934048587,91.25763604340972,86.51144055215198
2025-12-01,86.46732198394872,84.53272351023097,82.00702374054178,81.0949575196217,87.93095193963146,108.13314968409655,125.82450634732106,129.94516575406857,114.80396561247115,108.35983823831073,97.49793106298839,89.63635754810261,92.022493277303,94.14677093543429,97.29346913186353,104.17096011586942,113.74633667152308,114.27459266224207,110.25183262541248,96.48018487429691,89.53767371184975,86.33216320230451,75.32272575191925,68.86698470627475
2025-12-02,69.35691296917747,66.25232647735078,66.68769604154899,68.63186443189338,69.7357205767936,72.55209115151379,104.78963364521182,125.8191639010715,121.03866301693736,115.31969409350907,115.41032700350047,116.87159431637268,124.9088798997253,135.62015745555584,146.7034848351518,156.1802187872463,159.5078660890288,163.41682841593388,158.73437654985779,143.28353434088476,134.98191691232492,130.60973324067888,120.44942870654425,119.473836412228
2025-12-03,90.11290841018992,90.3908277977233,89.67243906696423,92.52769545721335,100.15950345657848,115.57530113565933,142.78608903972795,163.70017243627896,153.95577690251798,147.5676249216634,138.3415357203952,137.1282383072216,136.50735318629359,131.83010123219776,138.2987267552556,155.29353064559373,162.2133695543318,175.28267330346836,172.96638316864212,150.01445783390074,126.06739405152463,116.37405777031809,113.89103220633986,107.94170676205145
2025-12-04,97.0707362638248,93.57542259339388,91.9178716302328,92.19978546143831,96.71193445242244,117.89095324336766,154.86604728055724,183.5316522293021,180.73670483156974,174.00570783112607,157.76356695387454,151.60820381990632,150.9628284502682,150.637630264152,157.51018783418047,158.36243123181248,156.3670886908681,154.11103846252044,148.53025970417116,135.22545190284805,121.4654576423457,113.86166627264372,108.18727909002696,104.79781310225012
2025-12-05,98.09782322418533,99.14406805103653,97.83405825542368,96.9201803571096,104.61031003906469,123.7293282751749,149.15943204805083,162.99805420008335,166.01426300283936,156.02845710651374,150.8002575696116,146.52851011048892,140.96632122787497,133.735440299508,143.14068964964468,151.35209366233585,158.79003189033733,156.85081098473478,148.8082949231815,129.22653895034114,108.1804065399858,102.20795544536534,92.95276834594311,86.18197799124108
2025-12-06,85.13999272895019,78.53975852243931,73.19920846273813,65.25433689982071,53.47855635275369,40.529370387169266,62.36955985940126,75.48030575564856,84.01209558381564,82.23960853081313,81.87298555569357,82.7970333681211,81.37111627088599,82.91540941220542,86.19561130431943,84.39109234124871,94.45332405404085,79.35833264021907,79.13288380515499,80.1308311308488,81.14871357565934,80.24907183243657,70.91006004061722,67.79914089601712
2025-12-07,72.28225917852318,70.04350873221259,68.01410808645957,60.9325173521448,56.901984860039114,54.12974364986611,73.91667074157961,92.47475924550172,99.33734830866328,99.89379361431136,100.98661583855723,97.92415441820584,99.05986046764866,103.94549458777547,112.59168011058001,109.81562727104915,124.95769202976851,124.47667131083658,108.93751575494944,89.84405322726313,84.75587126337564,82.53215919642264,69.01103574968884,59.91262596335442
2025-12-08,11.737071742577882,4.265850759715974,-2.8585729558087394,-5.100339225224943,-7.723361409457382,17.982269220891823,60.92629482876903,82.79697582971319,74.18559590825652,72.52849059124603,66.73622253888857,67.48540263429004,70.2245688259302,72.24155733784582,76.52313096502077,83.83745946600845,85.03247758251678,87.3376994207797,90.2735457400214,83.20457744743925,76.76820579152108,74.7669054417823,61.058627402155,56.4146012368762
2025-12-09,73.52875763621286,71.99635395223011,70.9248249296747,70.14860795692503,71.67497481151415,86.94004906050516,111.71605650386229,125.00836283585329,119.50752809103199,108.83732168029512,98.87129946945944,94.56022925103417,93.92364974785274,100.64411801468404,108.10016879926897,109.49763595164316,109.75592630679424,100.6106740185369,92.91653374549443,90.90505809238903,85.61334437869522,83.25757336628273,70.8625142293195,63.379301217841224
2025-12-10,48.870505915880315,43.84049245213723,43.06269644557157,44.91344235659513,47.13648333109305,67.29170827703828,97.00529691049589,115.68633086531213,112.267926150909,103.50923632900576,100.56985260528118,98.19975280988103,102.74183722783525,98.9157741419091,104.54967362786213,110.80507183765681,116.70432001724953,110.83512970412154,105.0050857758855,97.35265577125085,89.96529627404932,84.76788353703307,70.70698180673159,63.2084773562569
2025-12-11,76.82629332331419,74.85141123079649,72.49408858921218,76.18059894188256,79.25171571968696,86.39542329431832,108.22028677778515,122.48828683388048,120.91190927440783,114.28322938733734,103.11122631883728,95.52026340677219,98.34019360541565,103.98068903880706,114.88659675934852,116.66100737458584,123.45245148111582,120.00602956376189,122.34435810985504,119.56040797818464,108.86316190294156,105.09747910693068,98.85543259679807,96.68044246200304
2025-12-12,86.81801052328878,86.68987612538413,86.61957799708506,89.28264773971334,93.98117950343078,104.30216327965799,126.25243814497202,141.87094745868632,136.41761821537915,126.91916514783159,123.13025899770292,119.57097150125102,119.03707726562911,120.6790131282676,129.2013517337719,140.2546624942304,146.2767581949307,149.96062585557428,146.88287366657534,131.15277285442576,114.71010439108916,108.71110150514532,106.61130976671565,101.22435870768409
2025-12-13,96.83198405729802,92.83813545794577,89.00820652406766,83.9610573153131,84.88021450108027,80.36821611185486,92.8345849472586,101.14791013219482,105.73548042017413,107.04513289709814,107.88532695286634,105.02655913688154,103.8536618465653,101.82928923105956,107.44059674611363,110.4411254930225,121.36884099943288,119.96378766169822,117.00166593950064,110.64730426920238,102.74895965011966,95.44351701965549,88.27281123950084,83.2698354482265
2025-12-14,90.94271091569712,88.26035092743236,84.35243599248413,79.29084931385259,77.87965482920319,71.28440113237056,74.79418262839287,82.02351809450138,88.99068523836632,86.82537377516154,83.58672586943771,79.02816792496675,74.97896276960961,76.67260537328463,87.58003014858944,92.67461605002065,97.65907700377892,80.30382670631657,84.78138683939756,87.3157955966519,87.2503420507164,86.90658383275587,77.58514005880875,72.55144478786498
2025-12-15,66.46194293923683,64.38395474437502,62.49727956928441,62.22766232664178,70.42603760361347,85.73296202805108,109.67833148061652,123.16715189200201,113.56970176443016,109.1144405818348,102.26688316450719,103.69444025817225,113.6541700775214,117.1305593805283,122.85680103106776,121.26960952172553,125.27923129746047,124.6075381107568,117.65258862034187,104.50689371491627,96.79849401612952,94.28147907512462,87.48670439541269,85.46875769982297
2025-12-16,77.63207781835709,77.26861535386548,78.50889721126954,79.01747373401473,85.41069731291014,95.85363028705106,117.78536736279085,142.03284630785544,136.056074492586,121.020126943949,111.42552920149427,108.60688922587397,116.4704026406395,122.05996188137007,143.88367644618717,155.61782065754778,176.21411243111086,166.0477769835345,152.94550575862098,142.73840023891563,125.64083021322882,121.4071067680061,109.4794827000002,103.10650458014376
2025-12-17,87.98356372391588,86.69588558046668,85.43808503042402,85.88605460758853,90.842490285126,100.23919274235524,117.7610475486568,126.28674712700607,122.22162879175693,115.18801998675991,103.43597885350437,100.4692618077085,105.4274838818194,110.84265314040846,120.59236010869907,128.80902911640277,130.8546606494474,131.67031175540185,124.10042856548516,107.66474164365707,97.25691765543438,89.90729996006435,78.69413025624205,72.6103877078568
2025-12-18,76.59072509999324,70.3725940896873,66.7685702009688,64.04769383305917,59.83754069963113,51.75423548740787,72.25019618815494,89.30727850060708,84.40513809384808,74.3175489327173,62.425298439694224,57.90903564932855,63.60703001540493,74.2209361750495,83.78278967635246,87.43445510512261,85.53265546224767,71.46611148266689,61.891879168620974,62.74659676892434,69.63261504892293,71.14963958150773,53.961178544147096,42.797330935502735
2025-12-19,8.6524391649982,3.0134087957858355,1.2421555879914763,1.8577139731120695,3.005716277202012,12.710402818867095,57.880746889373505,81.09491785092331,91.77907282424837,85.62369129949775,82.04201063762021,80.99438666325315,86.96470052524697,95.36898213599754,107.83873609845998,113.63213431253925,119.64416937589414,114.4733636312943,109.61106605854869,105.5636216524073,103.65754953266469,100.36755217250783,95.9012882538057,89.20798288128239
2025-12-20,88.99944856810022,87.83363367912213,87.21442527213652,87.90517465065938,89.38759698452476,89.77686352012321,100.21849379302448,108.42551987947454,112.60533436942082,111.26112072260469,106.58934208452382,101.36969594748393,99.93705560754188,103.20586886535492,105.30439624782275,111.1634475486346,125.24138259815703,128.67118411258068,120.36984235210487,106.03225770511852,96.07686516300834,95.09117738186185,91.11534362917827,91.16219075602827
2025-12-21,96.9290307711292,92.027080817858,87.97744585768578,83.03385158224715,82.87637455777076,77.6603149994498,87.603588520362,93.56982478836926,97.6644423879342,93.27039760953315,90.16729534641401,85.20589692175989,82.30423195860246,83.77201926849958,93.25129195729987,96.05341768845784,98.33949681435762,85.2581216272292,70.54247655875751,75.61061568174587,77.91290987519719,77.81574459809761,67.81681056240727,65.11283789401718
2025-12-22,68.5632058368487,65.4463755958132,64.33742013474198,62.49022428687741,62.144951924379924,70.39038011459391,97.43078809975698,116.19906141105797,116.46776135822869,113.79042167662169,109.78618395560535,104.65349343365617,104.95084261640345,104.43939763113059,106.5257752474173,102.98356754894967,108.96410999412306,109.57285462727808,106.530452497612,97.40256066440713,91.33233990446278,90.26960307598698,80.22790388431622,76.47340302441194
2025-12-23,75.84184878954422,70.01868369466645,67.72723763464768,64.67145660679645,59.98723432656184,60.11008958969749,79.17671438606641,91.86034354085648,89.41571004665252,84.41383352644277,78.22595841136167,73.39312530545415,70.29097828414,70.06122534786421,75.99569900209852,80.67049993587199,89.292807762774,74.53222074982693,68.29315932897632,79.42680390782053,82.40582373745835,82.28922321662856,69.6989520920387,62.46259080703658
2025-12-24,62.11355441281542,58.9732422840169,55.35369699134924,51.06541067238832,41.779978330063095,25.203578969006074,49.33139723008398,71.32750539134075,72.58624215466831,65.33253540556824,55.81783559586463,48.813753374000626,47.650981218985464,50.53770033388436,60.10260037547887,66.77242110945927,69.67474713462535,58.783779779175006,40.689869402702115,63.798732828853254,69.77606381047914,72.71473840875824,65.67951056128857,56.64052399370905
2025-12-25,61.362031677414315,57.467539362704464,58.029195448315036,57.22701272863793,51.915654032860566,40.21343163396775,56.174818024480615,71.3927143688404,78.23443918860659,72.82295469546716,65.86648670774709,60.38774715822277,63.824016850953285,75.38861893042292,84.29374077940449,92.17740539600533,101.50721674339175,95.16822722267098,87.05626595540384,92.68236101365196,91.87594975310435,91.20556667391433,89.4671607407274,86.80469563772458
2025-12-26,102.32158876180364,98.46537546201965,94.34954073072494,92.9589814200377,91.88693953930375,92.45948879767185,100.32886469698477,103.5121788566479,100.69433158119455,90.8218333217826,79.84826203064794,76.28234508675988,74.23000686621366,82.42314377149744,96.91042937941444,113.3678157607413,126.69772887350126,126.13018698823973,116.38407935554649,115.90895795175611,112.68452051854852,109.8422432259478,108.4845256359045,105.67173186414314
2025-12-27,97.26541192162358,92.62100587117362,88.26017767476151,86.9463311352064,86.38073311723068,86.44674994791187,95.63333733696825,97.06215565203563,88.49009562445146,81.08355585143951,74.73252634867787,68.93050050869566,65.74244209268672,68.86011597128278,78.41136885618353,90.6553127320655,99.25812278881058,88.62418900520836,94.77947745172735,105.70405020030013,103.25889568066387,96.15423639807116,92.28175346884713,89.60057894119936
2025-12-28,87.82085551789194,87.03667398791761,85.288906316613,85.22056705810765,84.99859979306005,91.63589677407292,104.45842941474264,107.83230764516922,107.43373838248442,103.19793479561821,95.64822830271744,91.09461366682675,88.98608263740896,92.3468708109146,101.69058221756278,109.55768174254099,122.96237433881447,125.28216156859295,113.34818637292264,102.16390535361039,95.04374539774055,93.17000092308392,83.04577538778972,79.24266043341872
2025-12-29,94.19581257598139,89.32244949222789,83.69284788957877,83.99884413373083,83.74698237744585,96.24553499068209,114.99996340586006,125.88431173309198,126.91754513038312,118.5873161329873,103.47813223427826,95.1737622883613,92.30115712702613,94.29093723707012,99.97614208771257,101.43668131759254,111.35542825601857,114.37573325220744,107.9899169581771,105.06698086553612,101.7161874036301,98.44969762160234,89.58940386695475,86.0966722045871
2025-12-30,82.897085434947,79.94970245176515,77.80379336914724,76.06304551322809,75.46585740385576,81.81178815068684,100.73315824011131,115.19544219959295,114.30724746470072,101.07157924975974,91.4065503565892,85.48637218806422,84.59296797892563,90.23115620919802,106.4418884341476,117.25836842147,129.02190642815214,124.10281876788363,120.56587478003696,114.57969914112526,108.71658326710823,104.19965609746973,96.2721221372354,91.32281030363134
2025-12-31,86.39507975626638,82.5371648225642,77.60209325080389,74.87045671856815,77.49993816760589,69.59161669125803,75.67866525524553,89.78698320391986,91.2233026553757,82.06792677994588,80.01097129251913,79.36468606096213,75.20776022968657,75.17881741114758,77.11688001643776,86.25233503896517,98.50518006924172,99.11589924540431,96.47111104989357,90.11651211590572,87.03894640764027,84.4546747936411,71.13261343326744,68.76416283210392
