Date,h0,h1,h2,h3,h4,h5,h6,h7,h8,h9,h10,h11,h12,h13,h14,h15,h16,h17,h18,h19,h20,h21,h22,h23
2024-01-04,16.249717712402344,18.220409393310547,16.09637451171875,24.761363983154297,32.81536102294922,53.02885818481445,73.858154296875,77.23529052734375,72.1831283569336,66.25260925292969,68.802490234375,68.65255737304688,69.37789916992188,76.38976287841797,85.13490295410156,97.69012451171875,111.053955078125,118.75601196289062,116.57318115234375,99.81912994384766,88.94046783447266,82.86763763427734,76.29841613769531,77.65191650390625
2024-01-05,60.56455993652344,58.61921691894531,54.911800384521484,54.55001449584961,56.784576416015625,61.620628356933594,69.40048217773438,73.15569305419922,73.66342163085938,70.03463745117188,70.3429946899414,68.3475341796875,64.79693603515625,64.21851348876953,68.43829345703125,73.03986358642578,80.24897003173828,81.248779296875,77.92408752441406,70.59244537353516,63.04458236694336,63.82184982299805,54.034271240234375,50.314903259277344
2024-01-06,65.72769165039062,62.70049285888672,60.75105667114258,60.58769989013672,65.7027587890625,73.8226089477539,85.18555450439453,88.46434020996094,86.99308013916016,82.47724151611328,81.58531188964844,78.43199157714844,77.62918090820312,78.15096282958984,83.02216339111328,88.12279510498047,98.84812927246094,102.18528747558594,98.69963073730469,90.36384582519531,82.35954284667969,80.17631530761719,71.8981704711914,67.40300750732422
2024-01-07,53.417724609375,50.637203216552734,47.268009185791016,45.35990905761719,45.299991607666016,43.658447265625,53.252471923828125,62.16889190673828,67.0066909790039,68.34284973144531,67.48079681396484,64.07721710205078,59.75015640258789,59.93556594848633,65.92371368408203,70.87157440185547,84.23692321777344,82.21855163574219,76.9268569946289,72.82288360595703,65.81901550292969,64.42041015625,53.73491668701172,49.07734680175781
2024-01-08,63.854148864746094,61.28535461425781,61.725807189941406,61.906410217285156,71.14790344238281,82.4065170288086,98.89446258544922,105.5571060180664,102.51264190673828,99.3211669921875,97.37510681152344,97.442138671875,95.48871612548828,96.83495330810547,98.7469482421875,104.93499755859375,113.64947509765625,116.9528579711914,114.00975036621094,103.80157470703125,92.12602233886719,88.26922607421875,79.15966796875,74.46514129638672
2024-01-09,72.36672973632812,71.69599151611328,72.13761138916016,76.86543273925781,90.64851379394531,110.01119232177734,122.6512222290039,121.42131042480469,114.57783508300781,108.8254623413086,106.52286529541016,101.28844451904297,101.29005432128906,108.81040954589844,115.65188598632812,127.23823547363281,138.55245971679688,145.329833984375,138.42730712890625,120.83594512939453,108.63056945800781,101.09687042236328,92.28256225585938,90.3858642578125
2024-01-10,87.317138671875,85.7462158203125,84.37435913085938,87.1032485961914,100.73734283447266,114.1502914428711,126.77128601074219,128.9627685546875,118.8546142578125,115.18115234375,110.94242095947266,107.42692565917969,106.4007568359375,109.80430603027344,116.51606750488281,122.48189544677734,138.31304931640625,141.69332885742188,136.2348175048828,125.85942840576172,112.96001434326172,103.90530395507812,96.19738006591797,94.08119201660156
2024-01-11,91.3344497680664,88.06706237792969,89.32501983642578,90.38410949707031,101.50668334960938,118.10929870605469,130.42489624023438,134.62254333496094,126.75157928466797,119.49494934082031,117.13963317871094,113.3582763671875,112.15492248535156,115.8126449584961,121.37677001953125,127.93412780761719,140.74525451660156,145.13348388671875,138.7694091796875,130.52032470703125,116.14950561523438,109.36680603027344,99.8795394897461,97.73040771484375
2024-01-12,91.9214096069336,90.73711395263672,87.75241088867188,87.08545684814453,94.62810516357422,107.01044464111328,123.22677612304688,131.24696350097656,127.10647583007812,122.94624328613281,119.12918090820312,112.3162841796875,109.90715026855469,111.49160766601562,111.65458679199219,115.64158630371094,125.34074401855469,125.80474853515625,120.04193115234375,108.69381713867188,98.24404907226562,90.80673217773438,81.8436508178711,74.96623992919922
2024-01-13,67.01277160644531,64.00601959228516,61.74342727661133,59.14527130126953,60.76018524169922,65.27082824707031,66.73275756835938,66.63785552978516,60.118927001953125,55.004581451416016,50.390167236328125,39.4134521484375,36.00287628173828,39.11215591430664,45.138607025146484,52.003570556640625,66.54557800292969,71.23774719238281,65.5970687866211,56.057010650634766,50.17319869995117,47.59109115600586,34.85200500488281,29.91126251220703
2024-01-14,41.85932922363281,39.32831954956055,37.441497802734375,36.08855438232422,40.63667678833008,49.0434684753418,59.63614273071289,65.9642105102539,64.28209686279297,63.35646057128906,60.68043518066406,57.170440673828125,56.68208312988281,61.253719329833984,68.60838317871094,75.62434387207031,85.06990051269531,83.77558135986328,78.76124572753906,68.84270477294922,63.05925369262695,60.818416595458984,55.00334930419922,48.11375427246094
2024-01-15,21.91684341430664,21.558692932128906,19.307777404785156,25.46005630493164,39.23064422607422,62.95988845825195,79.57647705078125,84.90959930419922,81.91815948486328,79.18447875976562,76.00959777832031,75.54763793945312,77.71481323242188,87.47815704345703,99.12379455566406,108.83830261230469,125.90243530273438,127.88392639160156,122.1995849609375,106.44243621826172,100.80301666259766,94.81682586669922,78.00232696533203,76.97457885742188
2024-01-16,67.09082794189453,65.68386840820312,62.27204895019531,62.32712936401367,71.5017318725586,87.24867248535156,102.3390884399414,109.04244232177734,105.3931655883789,101.55098724365234,99.8149642944336,94.86981964111328,92.61164093017578,94.07074737548828,97.48594665527344,102.75249481201172,113.05785369873047,111.93257141113281,100.81947326660156,90.90144348144531,82.41337585449219,77.31742858886719,68.74112701416016,64.14661407470703
2024-01-17,68.96923828125,64.50431823730469,62.17900085449219,65.3106689453125,72.7916488647461,93.04093933105469,119.32941436767578,139.15223693847656,139.69821166992188,136.7431640625,138.15151977539062,134.71372985839844,129.70346069335938,133.0360565185547,135.16705322265625,140.1826629638672,154.6230926513672,149.69969177246094,134.21163940429688,116.79684448242188,102.80052947998047,97.79039001464844,83.51850128173828,84.61713409423828
2024-01-18,76.20623016357422,73.24950408935547,72.20136260986328,72.04302215576172,74.69050598144531,90.23660278320312,112.51565551757812,123.81654357910156,124.00389099121094,118.01141357421875,115.15126037597656,111.2798843383789,108.221923828125,105.7645263671875,105.96448516845703,107.73341369628906,112.26243591308594,107.37247467041016,91.72447967529297,82.22669982910156,73.99250793457031,69.262451171875,57.86870574951172,58.716712951660156
2024-01-19,47.19269561767578,47.491188049316406,47.740928649902344,47.51940155029297,58.200645446777344,69.0284652709961,76.2894287109375,76.60905456542969,71.62368774414062,69.75200653076172,71.81983947753906,67.20552062988281,63.150211334228516,64.08335876464844,64.76203918457031,68.36848449707031,73.75041198730469,73.72323608398438,64.80889129638672,60.284027099609375,53.78150177001953,47.037315368652344,40.54612731933594,37.9455680847168
2024-01-20,43.8259391784668,43.76276397705078,40.15215301513672,40.214237213134766,43.99052429199219,52.415557861328125,65.06527709960938,67.20320129394531,67.33860778808594,63.46173858642578,63.7793083190918,61.09084701538086,60.5771369934082,64.01439666748047,70.51327514648438,77.48860168457031,91.61512756347656,93.6074447631836,89.72259521484375,82.72488403320312,74.25045776367188,70.97779846191406,65.00823974609375,58.30229568481445
2024-01-21,45.42620849609375,41.893611907958984,38.07367706298828,34.750465393066406,35.78413772583008,34.5743293762207,34.34449005126953,37.621829986572266,33.34758758544922,31.74022674560547,30.902355194091797,17.827651977539062,14.451858520507812,14.519485473632812,25.410633087158203,34.54990768432617,51.32054138183594,60.551368713378906,56.54230499267578,50.98795700073242,45.90519714355469,44.650535583496094,36.24474334716797,26.125301361083984
2024-01-22,19.980152130126953,17.567764282226562,15.33559799194336,18.475814819335938,27.731964111328125,46.55101013183594,61.128326416015625,63.82613754272461,58.85569763183594,53.22985076904297,54.674095153808594,49.633663177490234,49.04164123535156,52.376075744628906,59.483741760253906,68.49129486083984,82.7208480834961,90.62665557861328,80.42341613769531,75.623046875,69.17453002929688,65.28121185302734,56.30997848510742,47.91936111450195
2024-01-23,8.861053466796875,4.4940948486328125,0.24369049072265625,5.5423431396484375,16.410064697265625,36.55630874633789,58.034629821777344,57.56163024902344,49.489681243896484,43.18880844116211,38.10826873779297,40.15314483642578,38.400428771972656,49.29334259033203,46.03928756713867,57.12750244140625,67.97830200195312,67.41536712646484,53.802581787109375,47.94453811645508,41.01081848144531,39.02626419067383,33.14298629760742,26.07927703857422
2024-01-24,16.39474868774414,13.599590301513672,11.422344207763672,10.875679016113281,19.31267547607422,33.51115798950195,46.83888244628906,49.34798812866211,41.474124908447266,39.81636428833008,35.852203369140625,29.718891143798828,31.356338500976562,34.5521125793457,38.26100158691406,43.61161804199219,49.192840576171875,54.112464904785156,51.390113830566406,42.43653869628906,40.01787567138672,36.305213928222656,29.134185791015625,24.421947479248047
2024-01-25,9.854263305664062,12.608596801757812,8.068153381347656,12.949424743652344,18.856842041015625,43.43830108642578,73.59806823730469,89.78423309326172,90.92745208740234,85.17841339111328,95.97604370117188,91.33794403076172,95.98477172851562,102.32980346679688,115.72172546386719,117.16293334960938,139.0963592529297,137.280029296875,119.34073638916016,105.93575286865234,91.55010223388672,88.64044952392578,75.4249496459961,76.19326782226562
2024-01-26,37.34654998779297,36.491153717041016,32.33282470703125,35.12650680541992,41.93783950805664,52.071434020996094,51.25168228149414,52.17070770263672,44.89936065673828,37.04088592529297,35.54466247558594,28.948780059814453,22.414451599121094,26.1796875,25.447505950927734,35.151756286621094,41.789695739746094,52.253387451171875,49.63983917236328,41.15179443359375,37.654239654541016,30.814510345458984,27.890274047851562,22.172740936279297
2024-01-27,39.489471435546875,38.86780548095703,37.27262496948242,40.2471923828125,42.18207550048828,46.49531555175781,53.193851470947266,50.586395263671875,50.0687141418457,47.14773178100586,48.09667205810547,44.13050079345703,43.121726989746094,46.671573638916016,50.066043853759766,58.65298080444336,76.55787658691406,84.79634094238281,85.89934539794922,79.24339294433594,70.9389419555664,65.68511199951172,59.060821533203125,56.502784729003906
2024-01-28,65.19541931152344,62.671295166015625,59.12760543823242,58.659786224365234,63.3415412902832,69.67039489746094,72.53592681884766,70.42759704589844,66.02314758300781,57.671424865722656,54.605770111083984,49.215240478515625,45.621978759765625,44.578678131103516,46.57297897338867,55.60886764526367,63.33247375488281,69.94593811035156,67.05616760253906,58.23320007324219,55.25200653076172,47.997947692871094,41.9810676574707,39.56180953979492
2024-01-29,44.052879333496094,42.268577575683594,43.28241729736328,52.406429290771484,67.55779266357422,90.68917846679688,110.8719482421875,110.90061950683594,103.87421417236328,98.03694152832031,96.18810272216797,93.07551574707031,95.73097229003906,105.59999084472656,116.69291687011719,134.616943359375,148.8039093017578,154.3082733154297,142.4449462890625,125.36976623535156,111.77364349365234,106.117431640625,94.81788635253906,89.54568481445312
2024-01-30,69.03550720214844,68.08645629882812,67.07390594482422,68.92682647705078,76.33147430419922,86.78570556640625,95.0652084350586,91.85086822509766,83.4611587524414,80.43963623046875,75.35032653808594,71.29601287841797,67.68343353271484,69.59693908691406,71.88861083984375,79.06107330322266,89.26274871826172,96.63016510009766,94.72703552246094,85.60211181640625,78.46952056884766,73.40608978271484,68.12919616699219,63.98976135253906
2024-01-31,64.92910766601562,62.449180603027344,61.51924514770508,61.31712341308594,65.6457290649414,81.32964324951172,92.04898071289062,96.38216400146484,89.83077239990234,84.45123291015625,79.60125732421875,72.06330871582031,70.6913833618164,70.48876190185547,72.39960479736328,75.56698608398438,82.42037963867188,81.12413787841797,74.22764587402344,61.67512130737305,55.58648681640625,51.90966796875,42.14229202270508,37.17441177368164
2024-02-01,32.75065612792969,32.10527038574219,30.453575134277344,35.60036087036133,48.6733283996582,64.01258850097656,77.57775115966797,77.86204528808594,70.46463775634766,63.597190856933594,59.372459411621094,58.17021179199219,59.53382873535156,65.23138427734375,76.48957824707031,90.07185363769531,107.08320617675781,112.69705200195312,105.61027526855469,93.43263244628906,84.61285400390625,77.36354064941406,70.35456848144531,64.46697998046875
2024-02-02,39.474700927734375,38.1461296081543,35.12409210205078,35.76900863647461,43.26975631713867,49.6026725769043,58.536319732666016,65.99592590332031,55.315059661865234,58.136192321777344,56.23548889160156,50.96113204956055,47.04043960571289,44.425506591796875,46.034000396728516,42.542213439941406,44.559326171875,44.116371154785156,41.719383239746094,32.683197021484375,30.67609405517578,28.118194580078125,19.837738037109375,12.647499084472656
2024-02-03,13.588264465332031,9.201004028320312,8.175506591796875,3.1794662475585938,7.7591094970703125,14.209091186523438,19.71521759033203,20.396263122558594,17.370582580566406,14.893951416015625,14.906452178955078,15.39251708984375,9.026287078857422,7.569969177246094,14.292228698730469,22.302963256835938,31.031326293945312,34.534820556640625,32.471031188964844,33.1868896484375,29.55681610107422,30.17572784423828,22.34564971923828,12.279609680175781
2024-02-04,3.8714447021484375,-3.1986007690429688,-6.774696350097656,-15.653938293457031,-1.8851776123046875,6.964408874511719,10.227157592773438,7.110572814941406,-0.5863723754882812,-1.3544540405273438,-13.241584777832031,-14.671699523925781,-21.41754913330078,-26.03742218017578,-13.348716735839844,-0.5242919921875,13.799362182617188,26.5709228515625,18.657089233398438,15.813217163085938,17.489669799804688,21.121047973632812,3.5259857177734375,-8.920654296875
2024-02-05,-8.65283203125,-10.416213989257812,-6.8266754150390625,-12.168594360351562,1.4951629638671875,16.313865661621094,27.948211669921875,28.36627197265625,19.256622314453125,12.53253173828125,5.4714508056640625,9.559288024902344,10.72293472290039,10.767017364501953,11.597671508789062,20.709938049316406,35.43876647949219,36.240814208984375,34.26502990722656,31.842056274414062,17.935707092285156,18.893997192382812,15.169883728027344,5.889190673828125
2024-02-06,9.535476684570312,8.052940368652344,3.6394805908203125,4.5424346923828125,10.4549560546875,22.240875244140625,34.07215118408203,37.741859436035156,31.477191925048828,27.457500457763672,25.438312530517578,21.833995819091797,18.870651245117188,25.06158447265625,31.73577117919922,33.83414840698242,45.76582717895508,53.2989501953125,42.78661346435547,36.474449157714844,34.23333740234375,31.969608306884766,20.39760971069336,13.544883728027344
2024-02-07,23.391345977783203,22.47643280029297,24.32004165649414,27.587879180908203,37.412376403808594,57.69472885131836,76.93124389648438,81.35518646240234,77.53643035888672,75.01484680175781,73.13092803955078,71.67247772216797,78.04774475097656,80.48436737060547,87.78053283691406,102.30652618408203,115.80658721923828,117.45890045166016,107.03604888916016,96.19510650634766,89.4270248413086,82.99219512939453,71.08671569824219,68.12494659423828
2024-02-08,74.34269714355469,72.91619873046875,72.52567291259766,74.56770324707031,83.74639129638672,98.17919158935547,112.83682250976562,117.8565673828125,108.56523132324219,102.47991180419922,100.14457702636719,95.18692779541016,91.48297882080078,92.63783264160156,92.38555908203125,93.47135925292969,101.64423370361328,102.45951080322266,95.24534606933594,84.18988037109375,75.39932250976562,67.9493179321289,62.64885330200195,58.56311798095703
2024-02-09,45.49879455566406,44.94920349121094,43.61437225341797,44.53841018676758,48.465274810791016,59.32689666748047,65.58723449707031,66.18749237060547,62.67999267578125,57.472618103027344,55.878028869628906,52.48613739013672,50.66474151611328,53.329566955566406,58.555938720703125,64.85054016113281,75.20863342285156,82.3619384765625,77.53694915771484,68.57972717285156,61.87144470214844,58.993961334228516,52.895896911621094,51.884666442871094
2024-02-10,55.37165069580078,53.28468322753906,53.45017623901367,52.821693420410156,58.30659484863281,61.16596221923828,65.94593811035156,65.12355041503906,64.33877563476562,62.11082458496094,62.01911926269531,56.661434173583984,52.4328727722168,54.487510681152344,59.414756774902344,64.57603454589844,72.9904556274414,77.6133804321289,77.98127746582031,70.82841491699219,63.52668762207031,60.70817565917969,54.48167419433594,49.75918960571289
2024-02-11,39.848941802978516,39.05824279785156,37.0307502746582,37.35490036010742,42.22344970703125,48.13501739501953,56.33425521850586,57.828468322753906,54.99260711669922,52.705894470214844,50.72270202636719,51.67224884033203,49.61955642700195,52.81249237060547,59.19328308105469,66.85704040527344,76.87281799316406,81.11660766601562,75.73209381103516,69.57394409179688,65.84159851074219,63.81687927246094,57.233192443847656,52.7518196105957
2024-02-12,48.55950927734375,47.825782775878906,45.51634216308594,46.87358474731445,55.022216796875,64.53190612792969,73.8964614868164,77.48924255371094,72.84541320800781,67.20356750488281,66.13484954833984,62.74799346923828,60.644493103027344,62.15702819824219,65.06986999511719,67.71517944335938,75.98127746582031,78.10395050048828,74.55014038085938,67.2506103515625,60.41473388671875,57.28449630737305,51.701541900634766,46.26523208618164
2024-02-13,58.24940490722656,56.11161804199219,55.47529602050781,55.62751007080078,59.881832122802734,67.44254302978516,73.28152465820312,76.10008239746094,68.47840881347656,63.38020706176758,61.501766204833984,54.865211486816406,52.99995422363281,58.035369873046875,64.23031616210938,74.332275390625,88.37479400634766,94.81048583984375,93.31861877441406,82.87687683105469,75.92520904541016,69.67383575439453,64.529052734375,57.1851921081543
2024-02-14,47.63448715209961,45.870086669921875,46.192115783691406,49.56499481201172,57.605712890625,71.28084564208984,79.85619354248047,78.91146087646484,78.10294342041016,71.22462463378906,68.54258728027344,66.52381134033203,64.93455505371094,67.67288208007812,73.49847412109375,80.63279724121094,90.89549255371094,96.55794525146484,92.17278289794922,84.88504791259766,76.72029876708984,70.23941040039062,64.17060852050781,62.67089080810547
2024-02-15,51.81363296508789,51.16753005981445,50.392860412597656,53.211181640625,61.10727310180664,72.1678466796875,79.67048645019531,79.97010803222656,73.77567291259766,69.50999450683594,64.70146179199219,62.47468566894531,61.24704360961914,62.642608642578125,66.90835571289062,70.90713500976562,76.61451721191406,77.97174072265625,73.95079040527344,65.45306396484375,59.25436019897461,54.605525970458984,48.40390396118164,43.33446502685547
2024-02-16,47.56602478027344,46.791839599609375,46.58484649658203,47.454071044921875,55.27783203125,63.32802963256836,69.19937896728516,64.71878814697266,58.316566467285156,55.45530700683594,52.11820983886719,46.474571228027344,46.202125549316406,45.84864807128906,49.96542739868164,59.61324691772461,68.24313354492188,73.5545654296875,74.49654388427734,66.52440643310547,61.81370162963867,56.01669692993164,52.975250244140625,47.293731689453125
2024-02-17,42.67189025878906,43.47197723388672,41.398155212402344,41.57966613769531,43.626548767089844,48.66349411010742,52.482818603515625,53.018226623535156,52.679107666015625,50.788394927978516,51.550323486328125,50.90208435058594,49.267662048339844,53.60157012939453,56.43040466308594,68.03853607177734,78.22309112548828,88.99772644042969,88.22484588623047,84.54874420166016,76.79222106933594,75.02489471435547,68.11668395996094,61.45207214355469
2024-02-18,31.49514389038086,28.010025024414062,30.979686737060547,30.09042739868164,32.7309684753418,35.6150016784668,33.36619567871094,29.449501037597656,22.09307098388672,23.819549560546875,24.840530395507812,17.907142639160156,12.617069244384766,14.458744049072266,24.861492156982422,32.98025894165039,39.09059143066406,48.302772521972656,57.54867935180664,50.81275939941406,45.67835235595703,43.456451416015625,38.03287124633789,32.319576263427734
2024-02-19,42.821048736572266,41.72026443481445,41.30804443359375,43.80550003051758,50.879539489746094,63.00845718383789,70.63796997070312,74.18524169921875,70.44048309326172,65.78372192382812,64.64612579345703,62.79214859008789,62.993961334228516,64.39183807373047,66.63479614257812,72.04320526123047,81.03382873535156,84.27163696289062,81.28189086914062,71.33843994140625,64.62779235839844,61.28434753417969,56.974815368652344,53.37982177734375
2024-02-20,52.55895233154297,49.690975189208984,48.59443283081055,51.41709899902344,58.649078369140625,71.49411010742188,80.39952850341797,78.04008483886719,70.24649047851562,64.4214096069336,61.20935821533203,57.154239654541016,55.093013763427734,56.93070983886719,59.82963562011719,67.2396011352539,79.68201446533203,81.255126953125,80.55120849609375,68.40980529785156,61.037864685058594,57.78206253051758,51.54106140136719,46.19880294799805
2024-02-21,29.445781707763672,24.462806701660156,21.054412841796875,20.764251708984375,31.005817413330078,39.06841278076172,49.77517318725586,43.33558654785156,42.77521896362305,43.13079833984375,43.85306167602539,39.55085754394531,36.681732177734375,42.09650421142578,45.871826171875,56.68553924560547,63.744625091552734,61.33045959472656,49.78553009033203,52.972660064697266,43.83997344970703,43.370094299316406,35.92752456665039,29.982994079589844
2024-02-22,50.1876335144043,47.96348571777344,45.90612030029297,46.20421600341797,53.31541061401367,66.94007873535156,81.53916931152344,86.42478942871094,84.9236068725586,81.27392578125,74.74117279052734,69.87092590332031,65.8329086303711,63.1054801940918,61.93902587890625,61.96338653564453,64.64909362792969,62.688480377197266,52.680702209472656,43.10999298095703,38.214576721191406,36.6046028137207,25.512535095214844,21.312625885009766
2024-02-23,-6.473114013671875,-6.572746276855469,-8.8031005859375,-4.7347869873046875,10.235992431640625,35.621402740478516,52.90863037109375,52.385459899902344,51.474674224853516,46.30179977416992,45.528900146484375,44.280391693115234,49.203956604003906,51.31260681152344,56.79792404174805,72.36910247802734,101.87959289550781,112.22028350830078,105.53388977050781,90.99491882324219,75.65692901611328,78.85225677490234,65.66351318359375,60.94154357910156
2024-02-24,47.62301254272461,47.3028564453125,44.329288482666016,48.08964920043945,51.96889877319336,55.492496490478516,56.91563034057617,54.423614501953125,45.00624465942383,39.56917953491211,34.76108169555664,31.427799224853516,28.487091064453125,27.927692413330078,35.37238693237305,46.90153503417969,55.35090255737305,62.95743179321289,64.90281677246094,58.128257751464844,53.54450988769531,47.39258575439453,42.875370025634766,38.261573791503906
2024-02-25,42.883934020996094,41.13074493408203,41.545589447021484,42.649070739746094,47.065185546875,51.99924087524414,54.204071044921875,53.241661071777344,46.630767822265625,41.641807556152344,37.62825393676758,34.442623138427734,32.94505310058594,37.62197494506836,46.82854461669922,60.767757415771484,79.4490966796875,90.59485626220703,94.94448852539062,89.36740112304688,84.65447235107422,77.11087799072266,72.80469512939453,65.67485809326172
2024-02-26,46.66977310180664,46.01410675048828,45.26025390625,48.269004821777344,57.57356643676758,67.94389343261719,73.2811508178711,71.19320678710938,64.63300323486328,60.69578170776367,56.64789962768555,53.12105941772461,49.72539138793945,50.928375244140625,52.18600082397461,57.9533576965332,64.82780456542969,72.96437072753906,72.05422973632812,64.71881103515625,59.9595947265625,53.58599853515625,49.432586669921875,46.83438491821289
2024-02-27,52.584442138671875,51.21654510498047,49.46955108642578,49.85884094238281,58.877532958984375,66.31417846679688,77.9244155883789,78.97623443603516,75.7279052734375,71.9657974243164,68.77857208251953,64.67149353027344,62.18980407714844,64.39055633544922,68.0131607055664,72.11658477783203,80.10493469238281,82.72444915771484,78.53739166259766,70.05145263671875,65.87307739257812,62.133399963378906,56.05788803100586,54.18248748779297
2024-02-28,52.319297790527344,50.570919036865234,51.570960998535156,52.890647888183594,62.79808044433594,72.52508544921875,74.62019348144531,70.8368911743164,65.3173828125,63.01422119140625,59.944618225097656,53.02459716796875,49.684730529785156,51.16868591308594,57.73210906982422,65.52232360839844,75.02420806884766,80.19612121582031,75.73934173583984,68.88459014892578,62.855613708496094,58.30573272705078,54.136268615722656,51.991180419921875
2024-02-29,49.07030487060547,46.04351806640625,42.63861846923828,45.2210807800293,52.42554473876953,66.43658447265625,74.50206756591797,75.74461364746094,69.2335433959961,63.470706939697266,61.359413146972656,57.276832580566406,55.39139938354492,56.01288604736328,63.13572692871094,74.34043884277344,85.79125213623047,94.07269287109375,89.177978515625,81.96263122558594,75.50003051757812,70.20347595214844,61.408573150634766,56.1727294921875
2024-03-01,50.332942962646484,47.76502227783203,49.1783561706543,50.988075256347656,60.57392883300781,70.24169921875,81.50442504882812,78.42172241210938,70.8666000366211,66.9637451171875,63.93095779418945,59.26286697387695,57.636634826660156,60.600101470947266,62.687782287597656,68.90629577636719,79.16162109375,83.62308502197266,81.08404541015625,73.41314697265625,69.03951263427734,63.5928955078125,58.14963150024414,56.403038024902344
2024-03-02,46.13917922973633,45.414058685302734,44.21762466430664,45.20145797729492,50.076290130615234,56.62917709350586,60.064247131347656,59.32236099243164,54.13717269897461,51.190059661865234,48.80951690673828,45.871273040771484,42.851287841796875,42.39986801147461,47.8888053894043,54.31416702270508,63.13711929321289,67.39619445800781,66.0870361328125,63.37767028808594,56.607269287109375,49.8174934387207,46.2134895324707,42.23394012451172
2024-03-03,53.72785186767578,51.492408752441406,48.900054931640625,48.008811950683594,49.338748931884766,48.312904357910156,48.36240768432617,44.460838317871094,40.152557373046875,37.92121887207031,33.49908447265625,27.160533905029297,22.673072814941406,24.722148895263672,34.65408706665039,47.340457916259766,64.5428695678711,78.66326141357422,81.93099975585938,77.27552032470703,74.66434478759766,67.76995849609375,63.16286849975586,57.64717102050781
2024-03-04,54.096656799316406,53.52302551269531,51.29846954345703,52.34844970703125,57.615020751953125,67.70352172851562,80.16804504394531,84.48065185546875,79.70573425292969,77.59263610839844,73.59979248046875,70.35753631591797,69.76292419433594,68.98696899414062,73.40055084228516,78.04845428466797,87.08195495605469,89.91781616210938,84.6859130859375,75.96905517578125,69.69756317138672,64.8845443725586,57.718528747558594,55.021671295166016
2024-03-05,49.09218978881836,50.16551971435547,47.98060989379883,46.893165588378906,53.27806854248047,61.936885833740234,67.57452392578125,65.64991760253906,60.80480194091797,61.341678619384766,58.442893981933594,56.341407775878906,53.796875,54.77141189575195,58.802345275878906,64.28691101074219,73.1900863647461,76.30075073242188,75.83999633789062,68.72441101074219,64.659423828125,60.627716064453125,53.344032287597656,49.21158218383789
2024-03-06,67.79876708984375,66.03494262695312,65.39885711669922,67.63090515136719,77.70906066894531,90.67139434814453,97.90420532226562,96.41077423095703,89.76625061035156,85.92597198486328,83.76992797851562,79.45553588867188,77.83995819091797,79.22898864746094,82.47003173828125,87.41868591308594,98.58439636230469,105.8257064819336,101.72019958496094,90.50779724121094,83.21846008300781,76.97456359863281,71.49687957763672,68.20832061767578
2024-03-07,63.01629638671875,61.349464416503906,60.3034553527832,63.966434478759766,70.90867614746094,78.49090576171875,87.01629638671875,83.52328491210938,75.42375183105469,71.38182067871094,67.02558898925781,63.623260498046875,61.045204162597656,62.179256439208984,66.04409790039062,74.23815155029297,83.5568618774414,90.73316955566406,88.74738311767578,79.7287826538086,73.58792114257812,65.78358459472656,61.15129089355469,57.102394104003906
2024-03-08,55.01087951660156,53.02461242675781,52.51389694213867,56.68843460083008,70.58158874511719,77.83793640136719,76.12630462646484,60.352500915527344,44.37805938720703,33.30482864379883,24.74959945678711,12.344390869140625,10.232341766357422,15.40896987915039,27.915237426757812,45.437171936035156,65.376953125,77.72337341308594,73.18852996826172,63.172203063964844,54.77296447753906,47.40424728393555,42.14555358886719,36.705997467041016
2024-03-09,44.89008331298828,41.30891036987305,38.854976654052734,40.56938552856445,43.68124771118164,46.890296936035156,44.37028503417969,31.404579162597656,15.3035888671875,4.656486511230469,-3.6402053833007812,-16.350563049316406,-17.390472412109375,-9.651947021484375,6.894073486328125,25.228805541992188,58.08612060546875,79.31292724609375,80.16062927246094,70.63809204101562,63.6931037902832,54.1094970703125,50.11159133911133,50.15190124511719
2024-03-10,27.52587890625,24.499412536621094,18.683746337890625,13.84499740600586,15.977363586425781,14.739356994628906,13.178695678710938,7.0079498291015625,-1.504486083984375,-4.4658050537109375,-15.148880004882812,-22.87853240966797,-28.876014709472656,-20.711959838867188,-9.810554504394531,5.156318664550781,34.181236267089844,46.420616149902344,50.24620819091797,56.396358489990234,55.074275970458984,51.751380920410156,50.78907012939453,40.43229675292969
2024-03-11,36.282073974609375,36.19509506225586,36.257171630859375,38.42173767089844,47.45126724243164,60.15182876586914,63.53511428833008,58.321048736572266,54.214317321777344,52.23272705078125,49.11284255981445,45.87506866455078,45.937774658203125,48.406578063964844,54.456233978271484,66.22145080566406,79.14724731445312,89.33174133300781,92.22559356689453,81.6939697265625,75.98783874511719,70.07611083984375,65.56550598144531,61.441932678222656
2024-03-12,54.26591110229492,52.874267578125,53.000762939453125,56.70420837402344,65.95050048828125,77.5746841430664,86.1386947631836,83.70530700683594,74.7886962890625,69.76966094970703,65.42755126953125,62.7672233581543,62.476070404052734,65.0462875366211,68.4786148071289,75.91758728027344,90.62615203857422,95.23001098632812,93.6614761352539,82.18352508544922,76.13162994384766,69.3809814453125,63.88761901855469,62.21330642700195
2024-03-13,49.11903381347656,46.66277313232422,47.68473434448242,50.366310119628906,56.950233459472656,68.02182006835938,74.8572006225586,71.0934829711914,67.3645248413086,61.00855255126953,58.71812438964844,54.73043441772461,52.50513458251953,56.72441101074219,59.38794708251953,65.65180969238281,73.0983657836914,77.46795654296875,75.16021728515625,66.76179504394531,60.554744720458984,54.46650695800781,49.48259735107422,45.099246978759766
2024-03-14,63.66316223144531,62.13278579711914,61.46266174316406,63.08164978027344,69.99484252929688,77.3202133178711,83.33671569824219,81.7537841796875,74.43543243408203,69.04750061035156,63.492645263671875,59.31287384033203,58.58997344970703,61.05805206298828,65.4910659790039,71.39761352539062,81.69520568847656,86.48622131347656,83.01780700683594,74.42977905273438,68.28156280517578,61.5155029296875,56.979461669921875,53.24823760986328
2024-03-15,46.3637809753418,44.854209899902344,44.86085510253906,48.171600341796875,60.45446014404297,72.06877899169922,73.929443359375,66.87126159667969,58.53070831298828,52.4154052734375,44.98746871948242,38.950782775878906,37.19269943237305,44.20660400390625,49.45960998535156,61.532196044921875,74.98519897460938,85.82632446289062,83.1913833618164,71.852294921875,65.13887786865234,60.788543701171875,56.798641204833984,52.91795349121094
2024-03-16,40.2232666015625,36.88343048095703,35.82313537597656,37.77373504638672,38.621158599853516,38.84800720214844,39.22574234008789,38.00325012207031,30.12175750732422,23.86983871459961,16.067428588867188,12.390800476074219,9.666122436523438,12.429645538330078,26.802188873291016,44.15945053100586,64.50279235839844,84.12841796875,88.31270599365234,83.79216003417969,81.05931091308594,71.50875091552734,66.83888244628906,57.97679901123047
2024-03-17,59.515830993652344,58.75801086425781,57.30664825439453,57.49872589111328,60.711341857910156,64.56855773925781,65.373779296875,63.502342224121094,56.581695556640625,50.448097229003906,48.11674880981445,42.47859191894531,41.05982208251953,44.93027114868164,51.43540954589844,58.44635009765625,71.52227783203125,81.63198852539062,82.70146179199219,75.87291717529297,70.06378936767578,65.19913482666016,60.917144775390625,55.13592529296875
2024-03-18,55.710296630859375,53.76655578613281,53.726436614990234,57.78044128417969,67.7444076538086,82.48552703857422,91.92494201660156,93.02659606933594,87.9992446899414,83.199462890625,80.3944320678711,77.76747131347656,77.99946594238281,80.96839904785156,86.81397247314453,95.77503967285156,108.00749206542969,114.41081237792969,108.38922882080078,94.5117416381836,85.39521026611328,78.95674896240234,73.36394500732422,68.8471908569336
2024-03-19,67.03300476074219,63.469146728515625,64.04368591308594,66.40606689453125,77.39561462402344,88.69404602050781,91.64540100097656,86.8024673461914,79.38477325439453,74.27519226074219,71.20149230957031,67.01082611083984,65.91132354736328,67.66337585449219,68.93566131591797,78.20132446289062,89.36750793457031,102.0348129272461,103.30650329589844,94.25347900390625,86.95579528808594,80.64625549316406,75.28201293945312,70.13111877441406
2024-03-20,80.05760192871094,79.65384674072266,79.8358383178711,84.78941345214844,99.175048828125,110.68087005615234,111.64319610595703,100.67478942871094,89.37310028076172,82.50262451171875,76.9327392578125,73.41622924804688,72.19842529296875,75.30470275878906,80.5343246459961,91.73841857910156,106.2447280883789,122.1146011352539,123.31196594238281,112.33527374267578,102.86544036865234,91.16043090820312,87.4398422241211,81.40685272216797
2024-03-21,70.61653137207031,68.63199615478516,69.98804473876953,72.47323608398438,85.64787292480469,96.94405364990234,103.01133728027344,93.935302734375,81.49749755859375,75.46160125732422,69.88934326171875,65.24745178222656,65.7957992553711,70.44951629638672,77.3026351928711,86.97278594970703,100.26791381835938,116.96510314941406,113.00296020507812,98.77471923828125,88.17171478271484,81.40900421142578,76.33902740478516,73.53424072265625
2024-03-22,50.85073471069336,49.88324737548828,50.430397033691406,54.95378875732422,66.64611053466797,77.46076965332031,79.90266418457031,71.78148651123047,61.485595703125,53.147457122802734,47.703346252441406,42.09136199951172,40.967918395996094,44.668853759765625,54.331634521484375,68.81917572021484,87.63606262207031,100.12928771972656,100.5289306640625,89.31034851074219,80.0772933959961,73.36538696289062,69.82479858398438,67.55389404296875
2024-03-23,60.96063995361328,58.84331130981445,55.193443298339844,55.321319580078125,53.37852478027344,60.653690338134766,56.441619873046875,45.88098907470703,33.212650299072266,27.131290435791016,22.844757080078125,6.861789703369141,-1.3671493530273438,5.326225280761719,18.960067749023438,29.834022521972656,43.54957580566406,62.26259231567383,65.23359680175781,59.307273864746094,52.86842727661133,48.265174865722656,44.01182174682617,39.17558670043945
2024-03-24,11.237102508544922,8.278938293457031,6.72589111328125,6.927276611328125,1.8222732543945312,-0.03517913818359375,-9.402381896972656,-6.7112884521484375,-11.123420715332031,-14.381019592285156,-22.866355895996094,-31.36229705810547,-38.90806579589844,-34.49253845214844,-22.89977264404297,-9.912017822265625,14.2008056640625,33.30205535888672,33.8912353515625,34.817962646484375,37.55255126953125,32.91510009765625,23.581573486328125,17.168590545654297
2024-03-25,30.22930908203125,29.47317886352539,25.794269561767578,32.38911056518555,37.50522232055664,51.22787857055664,57.109840393066406,50.6619758605957,42.56824493408203,40.25202178955078,36.14997482299805,29.855266571044922,29.664165496826172,33.26080322265625,37.9920654296875,45.01654815673828,57.405765533447266,67.40849304199219,74.9224853515625,64.79548645019531,57.51663589477539,49.64265060424805,49.11210250854492,47.67723846435547
2024-03-26,55.57250213623047,53.695526123046875,54.263668060302734,57.42900466918945,65.64964294433594,73.73286437988281,76.70248413085938,68.06166076660156,56.290794372558594,45.37548065185547,36.345245361328125,28.18993377685547,26.029747009277344,33.16801834106445,44.41566848754883,58.821224212646484,76.54226684570312,90.63593292236328,94.69717407226562,86.06206512451172,75.49835968017578,69.67479705810547,64.62957763671875,59.68608856201172
2024-03-27,53.50871276855469,51.71324920654297,53.02428436279297,58.04419708251953,71.0864028930664,85.01985931396484,89.57902526855469,81.2086181640625,70.86197662353516,66.04501342773438,61.93135070800781,59.05158233642578,58.49666976928711,61.46925735473633,65.84870147705078,78.06209564208984,91.47457122802734,105.0503158569336,103.88805389404297,90.1624984741211,83.12771606445312,74.11250305175781,71.09524536132812,65.46415710449219
2024-03-28,68.97850799560547,65.49946594238281,65.89996337890625,70.96961212158203,87.41108703613281,103.4273910522461,98.73783874511719,81.54216766357422,63.046661376953125,50.770301818847656,38.515724182128906,24.841609954833984,20.44266128540039,19.921844482421875,31.963241577148438,52.458194732666016,74.14768981933594,89.28787994384766,84.89170837402344,69.69439697265625,62.83518600463867,52.58832931518555,44.89337921142578,36.189422607421875
2024-03-29,21.399063110351562,19.846683502197266,18.090858459472656,18.5599365234375,17.73619842529297,18.446128845214844,25.731536865234375,25.756072998046875,25.606887817382812,23.310596466064453,22.553081512451172,21.702991485595703,19.77271270751953,21.19525146484375,29.558929443359375,46.938899993896484,68.77880859375,77.42254638671875,86.77796936035156,86.504150390625,83.49597930908203,80.26301574707031,70.49728393554688,66.67919158935547
2024-03-30,56.738670349121094,52.12138366699219,51.76494598388672,52.264129638671875,58.274452209472656,60.19621658325195,58.63584899902344,52.440006256103516,41.591941833496094,32.6478271484375,23.76901626586914,16.65860366821289,11.061466217041016,15.297103881835938,27.24872589111328,42.877235412597656,60.68612289428711,72.46235656738281,81.34007263183594,74.95751953125,69.06163024902344,63.18271255493164,58.12777328491211,54.15050506591797
2024-03-31,57.52600860595703,53.091026306152344,52.68621826171875,52.10021209716797,50.63185119628906,50.33249282836914,47.55437088012695,43.41334915161133,36.71017837524414,32.614524841308594,26.959774017333984,14.281150817871094,9.914710998535156,14.936264038085938,27.40771484375,44.38301086425781,61.50108337402344,72.61187744140625,73.7606201171875,69.94055938720703,66.76783752441406,61.36643981933594,57.73059844970703,50.603851318359375
2024-04-01,43.96241760253906,43.01271057128906,41.12635040283203,38.01167678833008,44.478572845458984,45.15439987182617,49.585365295410156,43.2357063293457,36.26137924194336,31.647754669189453,29.470012664794922,21.6905517578125,13.912891387939453,21.685283660888672,27.745079040527344,36.37560272216797,35.547210693359375,43.09088897705078,38.88782501220703,34.060813903808594,33.62785339355469,28.650779724121094,21.050148010253906,16.110191345214844
2024-04-02,0.6235427856445312,-7.289161682128906,-5.761077880859375,-1.5283050537109375,5.952003479003906,8.139495849609375,12.193466186523438,0.47980499267578125,-13.000228881835938,-22.520111083984375,-37.134300231933594,-51.119712829589844,-59.945098876953125,-50.66527557373047,-38.715599060058594,-16.51123809814453,36.069374084472656,52.310386657714844,53.19587707519531,50.569766998291016,60.02076721191406,41.53262710571289,39.53099822998047,36.98646545410156
2024-04-03,50.187435150146484,50.58744430541992,50.644920349121094,55.37789535522461,66.95210266113281,78.44092559814453,89.2276611328125,79.46226501464844,70.57073974609375,64.48040008544922,56.066612243652344,51.52888488769531,50.43562316894531,51.35163879394531,53.6840934753418,63.32811737060547,75.6004638671875,80.90618896484375,74.38912963867188,64.87158966064453,59.08063888549805,51.6898307800293,45.34319305419922,41.582637786865234
2024-04-04,37.53387451171875,35.73354721069336,35.66588592529297,39.58770751953125,45.9901237487793,54.029354095458984,58.51077651977539,56.233543395996094,49.97624206542969,44.67887496948242,43.091495513916016,41.247215270996094,38.22649383544922,41.52605056762695,42.9492301940918,50.62189483642578,58.94304275512695,66.95282745361328,63.44465255737305,56.340431213378906,53.09737014770508,48.492645263671875,45.56944274902344,43.3309211730957
2024-04-05,55.65318298339844,52.490604400634766,53.65556716918945,55.9534912109375,70.35398864746094,78.33392333984375,73.19801330566406,58.09623336791992,44.83056640625,32.371219635009766,22.549564361572266,12.485485076904297,5.909690856933594,15.950149536132812,22.799362182617188,36.836570739746094,52.23637390136719,64.51692199707031,66.94072723388672,57.80194091796875,51.52289962768555,41.57102584838867,35.738258361816406,29.58873748779297
2024-04-06,41.854736328125,36.805599212646484,37.32378005981445,36.73991012573242,44.52473831176758,49.02677536010742,40.737491607666016,31.17896270751953,19.15386962890625,9.875999450683594,-2.2805023193359375,-9.672996520996094,-14.868621826171875,-9.772132873535156,1.7486953735351562,14.168113708496094,38.921295166015625,50.247886657714844,54.92475128173828,49.19829177856445,44.93977355957031,37.75477600097656,34.058837890625,25.725364685058594
2024-04-07,5.581207275390625,1.058441162109375,3.7104415893554688,4.901649475097656,12.07684326171875,9.73956298828125,6.264427185058594,-0.2699432373046875,-1.9312210083007812,-9.627891540527344,-11.864501953125,-21.161544799804688,-19.788108825683594,-15.147117614746094,0.18067169189453125,25.039215087890625,62.83058547973633,78.75537109375,86.42611694335938,82.43573760986328,80.36309814453125,68.53762817382812,64.0048599243164,58.46018600463867
2024-04-08,68.94071197509766,67.8050308227539,69.94384002685547,75.5201187133789,96.85871887207031,112.29920196533203,110.23802185058594,94.32103729248047,78.58409881591797,67.55642700195312,58.782127380371094,52.58560562133789,50.711204528808594,55.07822799682617,61.67588806152344,79.9686050415039,96.4044189453125,112.04420471191406,105.79090881347656,89.2863998413086,79.02271270751953,66.85348510742188,63.813533782958984,59.89727020263672
2024-04-09,34.250396728515625,34.93840408325195,37.78714370727539,42.11539840698242,60.805885314941406,71.7192611694336,61.68885040283203,55.6143913269043,35.12836837768555,24.629535675048828,17.95315933227539,12.538887023925781,7.175418853759766,7.2833404541015625,11.304710388183594,33.05973815917969,41.80000305175781,55.64607238769531,56.904136657714844,47.891902923583984,45.6678466796875,37.69451141357422,32.64535140991211,27.288990020751953
2024-04-10,23.926166534423828,22.908580780029297,26.289894104003906,35.4113883972168,52.35652542114258,65.85196685791016,69.49917602539062,61.38067626953125,48.44364547729492,41.92253875732422,39.299400329589844,35.08340072631836,34.924102783203125,41.456417083740234,49.267311096191406,66.232666015625,86.80371856689453,97.6268310546875,91.48908233642578,75.51853942871094,68.97906494140625,61.36252975463867,58.94133758544922,56.39112091064453
2024-04-11,53.67176055908203,53.08821105957031,52.89638137817383,61.26506805419922,77.96369171142578,94.18177032470703,94.46623229980469,82.60164642333984,68.24432373046875,56.280479431152344,49.91693878173828,44.89793395996094,46.87590789794922,54.60014343261719,66.20081329345703,91.64010620117188,120.26451110839844,143.94622802734375,140.87237548828125,121.65274810791016,110.7419662475586,100.16712951660156,93.7048568725586,86.674072265625
2024-04-12,74.70659637451172,71.91233825683594,72.72167205810547,79.79058074951172,96.60108184814453,104.15657043457031,97.8752670288086,80.17869567871094,64.82081604003906,51.52201843261719,41.67810821533203,32.7396125793457,30.314773559570312,35.30937194824219,46.78824234008789,63.48493576049805,86.76040649414062,104.42890930175781,113.1613540649414,102.98827362060547,94.79634857177734,83.78009033203125,79.51342010498047,74.51249694824219
2024-04-13,64.3257064819336,55.92619323730469,57.33715057373047,55.723602294921875,63.59885787963867,67.08921813964844,58.94856262207031,37.872066497802734,11.771858215332031,-3.0240554809570312,-17.851478576660156,-35.295860290527344,-41.01683807373047,-32.995361328125,-10.419898986816406,22.621246337890625,53.826847076416016,79.01055908203125,86.35417175292969,76.35977172851562,67.37210083007812,55.01353073120117,48.7388801574707,43.86086654663086
2024-04-14,-3.9211044311523438,-7.902061462402344,-2.9502410888671875,7.154457092285156,15.719375610351562,18.37249755859375,13.458503723144531,1.3236083984375,-22.19695281982422,-45.003143310546875,-56.19127655029297,-67.8943862915039,-66.78453063964844,-48.34907531738281,-26.88372802734375,23.833877563476562,96.34659576416016,127.47581481933594,139.3380584716797,126.80032348632812,128.74462890625,106.85844421386719,97.48016357421875,83.43997192382812
2024-04-15,67.51277160644531,64.31072235107422,61.80750274658203,68.27396392822266,83.78097534179688,92.0194091796875,90.00982666015625,81.51423645019531,57.674354553222656,42.98973083496094,37.91511154174805,25.049240112304688,20.874366760253906,16.40747833251953,21.173221588134766,34.652706146240234,44.07353973388672,60.136802673339844,56.599388122558594,46.137699127197266,36.12969970703125,24.069915771484375,18.04114532470703,9.382942199707031
2024-04-16,14.523681640625,15.21358871459961,17.147567749023438,23.082359313964844,34.67979431152344,50.8955192565918,55.216392517089844,48.893898010253906,33.830543518066406,30.94891357421875,26.90178680419922,23.019847869873047,22.76410675048828,29.052387237548828,35.405948638916016,50.417625427246094,71.60165405273438,88.17918395996094,86.36563110351562,70.28356170654297,63.74463653564453,56.27259063720703,53.75932312011719,48.01935577392578
2024-04-17,86.10809326171875,84.18376159667969,84.82109832763672,90.49887084960938,105.82170867919922,121.31212615966797,123.73682403564453,111.4594955444336,100.10381317138672,90.64257049560547,84.73090362548828,80.42037963867188,78.37830352783203,80.54947662353516,86.17288970947266,101.47602081298828,115.44447326660156,132.27110290527344,129.42860412597656,114.99918365478516,103.85820770263672,94.0507583618164,91.63176727294922,87.24844360351562
2024-04-18,84.10317993164062,83.363037109375,81.67413330078125,86.20055389404297,102.72108459472656,113.59468078613281,111.51779174804688,100.00928497314453,87.50684356689453,80.05960083007812,73.69087219238281,65.67815399169922,62.501190185546875,64.19879913330078,68.23860168457031,76.4375228881836,88.69841003417969,103.38287353515625,106.28913116455078,99.73564910888672,92.50489807128906,81.58207702636719,76.19132995605469,70.40943145751953
2024-04-19,47.05070114135742,45.495689392089844,44.069664001464844,47.87556838989258,62.41514587402344,71.93254089355469,73.01789855957031,65.14894104003906,51.678646087646484,43.48441696166992,34.865604400634766,28.787857055664062,27.324020385742188,30.790088653564453,39.04954147338867,53.34566879272461,67.42404174804688,80.1510238647461,77.93199157714844,66.117919921875,62.96630096435547,51.37297821044922,45.477928161621094,40.970977783203125
2024-04-20,49.8892822265625,48.50040817260742,47.809478759765625,49.89238357543945,52.55504608154297,57.243934631347656,62.70161437988281,57.98640060424805,56.16108703613281,52.94703674316406,51.99638366699219,49.5178337097168,46.75889587402344,48.07342529296875,53.68168640136719,63.508094787597656,76.02889251708984,83.42976379394531,82.07137298583984,74.49729919433594,71.01278686523438,66.89972686767578,62.55963134765625,56.618804931640625
2024-04-21,72.84164428710938,70.76333618164062,69.3428726196289,67.77800750732422,67.2615966796875,69.8579330444336,66.91799926757812,60.16416931152344,51.56297302246094,43.93143081665039,34.79634094238281,22.543949127197266,19.70302963256836,27.017982482910156,41.133392333984375,56.28166961669922,82.26561737060547,95.08129119873047,101.02848052978516,94.91851043701172,92.05645751953125,84.01911926269531,77.30233764648438,72.84849548339844
2024-04-22,69.48584747314453,68.55425262451172,68.53657531738281,74.01495361328125,90.54903411865234,103.21681213378906,104.30004119873047,92.82913208007812,82.46312713623047,77.22150421142578,73.84190368652344,69.41350555419922,68.74665832519531,69.96249389648438,73.26825714111328,82.63914489746094,94.2568359375,110.69981384277344,107.93389129638672,95.58662414550781,87.56034851074219,78.63128662109375,75.54129791259766,71.95533752441406
2024-04-23,75.34427642822266,75.34039306640625,76.0732650756836,78.43599700927734,89.90673065185547,100.91204071044922,98.93632507324219,89.3769302368164,79.41801452636719,75.01176452636719,71.74066162109375,65.9264907836914,60.50038146972656,61.39093017578125,66.27982330322266,76.25617980957031,89.8179702758789,103.77345275878906,107.56450653076172,96.94439697265625,90.7772445678711,80.96227264404297,75.64241790771484,70.61383819580078
2024-04-24,82.17021179199219,80.1994857788086,80.08977508544922,84.22428131103516,96.50841522216797,105.39339447021484,107.1889877319336,98.01038360595703,88.493408203125,83.6681900024414,79.05252838134766,74.20956420898438,72.10037231445312,73.38870239257812,77.0291519165039,86.34246826171875,99.96879577636719,113.60729217529297,117.52799224853516,110.5284652709961,101.98297119140625,92.38706970214844,87.13851165771484,84.01570129394531
2024-04-25,82.20309448242188,80.78048706054688,81.84597778320312,85.82295989990234,103.61514282226562,115.96611022949219,116.5732650756836,106.2103500366211,94.63358306884766,90.48714447021484,83.9205093383789,79.1385726928711,75.82061004638672,76.87718963623047,79.70639038085938,90.8456039428711,103.09752655029297,118.49629974365234,119.13018798828125,108.78821563720703,98.52472686767578,88.07965087890625,86.24351501464844,80.65109252929688
2024-04-26,75.40718841552734,74.37960052490234,75.02238464355469,80.96930694580078,95.89582824707031,106.70232391357422,106.49642944335938,93.74836730957031,84.44528198242188,80.08165740966797,75.47824096679688,70.85031127929688,69.14031219482422,70.4581069946289,77.00871276855469,89.92816162109375,106.60850524902344,123.9171142578125,126.56713104248047,115.57810974121094,105.87578582763672,96.33174133300781,92.4791030883789,86.6193618774414
2024-04-27,63.85151290893555,59.486854553222656,59.14283752441406,61.66571807861328,64.46859741210938,68.9779052734375,60.59823226928711,44.444576263427734,30.285057067871094,17.528480529785156,-2.324127197265625,-18.488075256347656,-21.62847137451172,-14.705421447753906,3.8789825439453125,27.430068969726562,52.1005973815918,68.3170166015625,76.38168334960938,66.47198486328125,65.99911499023438,57.753055572509766,50.40113067626953,44.56061553955078
2024-04-28,25.19074249267578,20.72861099243164,20.41301727294922,19.240108489990234,19.59502410888672,14.029457092285156,12.504142761230469,9.795295715332031,2.2982254028320312,-13.588943481445312,-19.04449462890625,-31.649070739746094,-36.66343688964844,-31.524864196777344,-15.388992309570312,10.944602966308594,40.42010498046875,59.097007751464844,76.546875,69.38098907470703,69.53446960449219,68.25086975097656,57.7281494140625,55.31945037841797
2024-04-29,52.65516662597656,50.49873352050781,51.73541259765625,58.31639099121094,75.1964111328125,88.1690444946289,84.08819580078125,70.91748046875,58.75004959106445,49.60663986206055,43.796409606933594,37.963897705078125,38.021339416503906,43.84101104736328,50.239322662353516,64.389404296875,75.73735046386719,92.01589965820312,90.32774353027344,81.09898376464844,70.18882751464844,61.047149658203125,57.71748352050781,55.0948600769043
2024-04-30,73.92526245117188,71.89700317382812,73.67002868652344,79.69448852539062,95.70191192626953,104.55976867675781,98.2453384399414,79.83854675292969,57.73106384277344,44.52711486816406,31.34073257446289,21.341552734375,17.892833709716797,25.812889099121094,40.72871398925781,66.7098388671875,90.49054718017578,111.70603942871094,113.41069030761719,102.8917465209961,94.16836547851562,80.18473815917969,73.46922302246094,68.01905059814453
2024-05-01,58.165565490722656,38.057838439941406,37.495174407958984,40.04157638549805,56.310096740722656,57.101837158203125,28.812294006347656,11.628120422363281,-5.3517913818359375,-16.5452880859375,-36.97023010253906,-57.79399871826172,-63.57183837890625,-54.156959533691406,-32.147865295410156,3.1602783203125,44.56623840332031,71.47331237792969,79.62150573730469,71.92424011230469,74.78004455566406,45.76276397705078,48.710899353027344,38.77113723754883
2024-05-02,18.24138641357422,15.40871810913086,17.228416442871094,19.640438079833984,34.54475402832031,43.99818801879883,47.04207992553711,30.240341186523438,20.295455932617188,3.6115036010742188,-1.0942153930664062,-10.882843017578125,-14.361221313476562,-4.410102844238281,7.235450744628906,32.30803298950195,54.745758056640625,66.07992553710938,68.52951049804688,56.4139518737793,51.48859405517578,43.737239837646484,38.71675491333008,39.040035247802734
2024-05-03,41.586036682128906,41.50288391113281,45.81175231933594,55.26494598388672,75.5962905883789,93.5594253540039,93.389404296875,78.8201904296875,66.6839599609375,54.460872650146484,49.360198974609375,45.19782257080078,47.108219146728516,53.908077239990234,63.33103561401367,82.52765655517578,102.25011444091797,118.55518341064453,113.54813385009766,95.69496154785156,84.52113342285156,75.85276794433594,73.76995849609375,69.35569763183594
2024-05-04,68.76696014404297,65.79488372802734,65.31885528564453,68.54666137695312,74.13191223144531,76.53659057617188,72.6358871459961,64.88528442382812,54.554805755615234,48.04256820678711,41.07299041748047,34.15139389038086,31.54665756225586,36.21560287475586,45.1218147277832,59.98823928833008,72.45338439941406,87.76741027832031,92.60743713378906,87.65669250488281,79.04292297363281,71.73493957519531,68.00817108154297,62.005950927734375
2024-05-05,79.3907699584961,74.071533203125,75.57524108886719,77.72542572021484,78.58122253417969,72.98255920410156,65.31491088867188,51.11896896362305,34.66292953491211,24.01259994506836,9.011383056640625,-3.8813858032226562,-13.350906372070312,-3.1009140014648438,16.74236297607422,48.72812271118164,84.16217041015625,107.50963592529297,115.28885650634766,113.98804473876953,110.76299285888672,101.89425659179688,92.29537200927734,86.76966094970703
2024-05-06,82.19779205322266,81.58039855957031,82.98576354980469,88.305419921875,108.90133666992188,121.69366455078125,121.4046630859375,108.30332946777344,95.43629455566406,90.86927795410156,85.91230010986328,80.34841918945312,77.87789916992188,79.95137023925781,85.18890380859375,97.82913970947266,112.94893646240234,131.92636108398438,132.09054565429688,115.98619842529297,106.52595520019531,96.9095687866211,92.23670959472656,87.6238021850586
2024-05-07,79.1085205078125,77.27153015136719,78.71672058105469,83.4883041381836,98.39299011230469,110.00947570800781,112.66067504882812,101.85726165771484,91.60916900634766,84.418212890625,79.03815460205078,75.65986633300781,71.66853332519531,74.23426818847656,78.8780517578125,88.93608093261719,101.86095428466797,116.30860900878906,117.94441223144531,103.62268829345703,93.85446166992188,85.43590545654297,81.12168884277344,76.4859390258789
2024-05-08,69.06990814208984,67.76049041748047,68.603515625,73.56060028076172,92.84815979003906,105.78894805908203,106.23168182373047,94.11322021484375,81.86504364013672,77.62156677246094,72.80848693847656,68.8915023803711,66.72097778320312,69.6436538696289,73.365234375,84.63482666015625,97.1580810546875,112.86602783203125,111.01152038574219,96.17710876464844,87.83554077148438,77.6876449584961,74.44690704345703,69.81448364257812
2024-05-09,84.95329284667969,81.55094909667969,79.4056625366211,80.55382537841797,77.54354858398438,73.09783172607422,64.69200897216797,51.97842025756836,36.78717803955078,21.896770477294922,7.595146179199219,-1.5825729370117188,-7.9659881591796875,0.04344940185546875,22.005138397216797,51.485511779785156,80.28196716308594,99.97093200683594,113.5515365600586,114.68902587890625,104.77071380615234,99.26603698730469,93.45696258544922,85.98424530029297
2024-05-10,77.18071746826172,76.46198272705078,78.02648162841797,83.44737243652344,102.0239028930664,113.3504409790039,106.12118530273438,91.61451721191406,77.7260971069336,71.10116577148438,65.0435562133789,58.88481140136719,58.77313232421875,61.28886413574219,68.56578826904297,86.601806640625,103.50576782226562,125.61994171142578,128.7267608642578,113.73831176757812,102.48866271972656,92.15475463867188,88.05558776855469,81.39155578613281
2024-05-11,81.13512420654297,78.83931732177734,78.6495361328125,81.51992797851562,92.1376724243164,91.7267837524414,82.09066772460938,64.97969818115234,50.341922760009766,40.83940505981445,26.646045684814453,15.468830108642578,10.707439422607422,17.595890045166016,35.148433685302734,60.129024505615234,78.19203186035156,102.31744384765625,109.45753479003906,102.49054718017578,91.53062438964844,81.54722595214844,76.35755157470703,70.40502166748047
2024-05-12,61.95195007324219,54.674354553222656,50.07423400878906,51.3226432800293,50.30228042602539,50.323307037353516,35.10284423828125,13.82562255859375,-4.645957946777344,-24.024078369140625,-40.057838439941406,-57.75367736816406,-63.758697509765625,-54.38677215576172,-25.641571044921875,10.209854125976562,57.11127471923828,81.38443756103516,86.56333923339844,78.89945983886719,68.92251586914062,61.12619400024414,53.07564926147461,49.41993713378906
2024-05-13,34.76472473144531,35.227298736572266,37.49018096923828,45.036537170410156,63.502010345458984,76.81365966796875,72.39158630371094,55.176719665527344,37.681983947753906,23.229114532470703,13.847434997558594,7.064727783203125,6.91705322265625,16.00012969970703,28.98272705078125,51.355587005615234,76.41957092285156,99.15380859375,98.62480926513672,82.05451965332031,69.53523254394531,61.72199249267578,60.975921630859375,56.82017517089844
2024-05-14,35.47709655761719,32.63522720336914,30.28022003173828,35.5394401550293,53.19816207885742,57.37879943847656,50.92234802246094,33.704246520996094,10.749397277832031,-0.4926300048828125,-17.34093475341797,-18.892288208007812,-25.192764282226562,-20.905967712402344,-9.570579528808594,23.260452270507812,51.819786071777344,74.320556640625,75.44731140136719,72.35330200195312,63.536109924316406,51.282928466796875,40.09374237060547,34.738346099853516
2024-05-15,21.458282470703125,18.677249908447266,21.598648071289062,31.654541015625,51.495689392089844,59.73035430908203,55.796051025390625,28.43474578857422,6.9708404541015625,-4.481163024902344,-13.82110595703125,-27.58820343017578,-28.498001098632812,-20.578025817871094,-13.051399230957031,15.918098449707031,49.74622344970703,70.96723175048828,83.01846313476562,70.39404296875,62.767086029052734,51.63981628417969,49.38844299316406,42.81355285644531
2024-05-16,48.220741271972656,44.562625885009766,45.83913040161133,53.28089141845703,67.7373275756836,73.60323333740234,71.51097106933594,57.645809173583984,31.790267944335938,19.16460418701172,1.553985595703125,-9.390129089355469,-7.408851623535156,2.8395004272460938,22.430706024169922,51.93218231201172,82.04834747314453,104.59202575683594,110.8930435180664,97.5987319946289,86.73336029052734,76.01380157470703,72.05516052246094,66.46858978271484
2024-05-17,54.07610321044922,53.34983825683594,52.64583969116211,56.4207763671875,70.85736083984375,80.71986389160156,83.68461608886719,74.0958023071289,62.76005554199219,54.3155403137207,50.028236389160156,42.405426025390625,36.65700149536133,35.96080780029297,39.64894104003906,47.67826461791992,60.326454162597656,71.65853118896484,77.42753601074219,72.99880981445312,67.9426040649414,59.28927993774414,56.39838409423828,51.4354362487793
2024-05-18,63.09199905395508,61.29181671142578,62.09817886352539,63.691749572753906,71.34111785888672,77.4698715209961,73.63433837890625,63.03624725341797,51.690025329589844,46.007301330566406,38.90962600708008,31.25531005859375,30.18560028076172,33.498661041259766,42.78455352783203,57.58903503417969,74.0882797241211,88.14308166503906,98.1263427734375,93.72052001953125,85.49042510986328,76.88958740234375,72.71147155761719,66.1676254272461
2024-05-19,79.86058044433594,74.97212219238281,74.04730987548828,74.77031707763672,70.99275207519531,67.0498046875,62.106849670410156,54.4582633972168,40.46916961669922,28.261478424072266,21.705001831054688,10.923816680908203,6.089653015136719,12.825614929199219,30.79913330078125,52.5694580078125,77.38822937011719,95.10025024414062,106.77428436279297,106.54056549072266,99.18692779541016,90.02389526367188,86.50899505615234,78.5628433227539
2024-05-20,74.68247985839844,73.82959747314453,68.71017456054688,75.41716766357422,79.4234390258789,79.824951171875,69.8403549194336,56.60074996948242,38.74074172973633,27.42495346069336,10.363838195800781,-0.449432373046875,-8.887924194335938,1.3038101196289062,25.121509552001953,49.19742965698242,86.43297576904297,103.66259002685547,114.26868438720703,105.25283813476562,94.92598724365234,81.24569702148438,69.7130126953125,63.59727478027344
2024-05-21,66.4574203491211,63.765201568603516,64.28446197509766,68.61123657226562,82.80740356445312,90.1300048828125,87.36589050292969,73.72798156738281,62.17105484008789,53.731719970703125,44.570106506347656,38.27436447143555,35.22920227050781,35.61618423461914,41.96511459350586,58.60697555541992,73.967529296875,92.0871810913086,95.07998657226562,84.11717987060547,76.9754638671875,65.37950134277344,63.112796783447266,55.86004638671875
2024-05-22,70.71259307861328,68.99921417236328,70.12275695800781,75.6384506225586,94.13359832763672,105.79566192626953,106.00743865966797,92.98046112060547,82.60179138183594,77.70785522460938,70.6464614868164,67.17703247070312,66.33088684082031,70.66641235351562,75.77796173095703,86.95841979980469,102.20663452148438,119.62699890136719,120.79312133789062,110.47418975830078,101.64368438720703,91.13208770751953,86.4127426147461,81.41098022460938
2024-05-23,86.6330795288086,84.42631530761719,85.46136474609375,93.25361633300781,114.4776611328125,124.92741394042969,116.57693481445312,99.85889434814453,84.84297180175781,78.29364776611328,70.818603515625,64.93920135498047,64.24942779541016,68.6421127319336,77.01689147949219,94.49036407470703,112.94804382324219,140.00054931640625,149.54965209960938,134.50177001953125,125.96488189697266,111.19075775146484,108.95001983642578,101.71012878417969
2024-05-24,77.4591064453125,76.76801300048828,77.08468627929688,82.27095794677734,98.73175048828125,108.2691879272461,106.79584503173828,91.47985076904297,80.81742858886719,73.64818572998047,70.89164733886719,63.59478759765625,60.44709777832031,64.33568572998047,68.20738983154297,81.01968383789062,97.88040161132812,112.11184692382812,114.78279113769531,103.78002166748047,95.89508819580078,85.5814437866211,81.79142761230469,75.94123077392578
2024-05-25,73.09910583496094,71.7188720703125,72.60176849365234,74.72295379638672,84.9839096069336,87.1412353515625,84.95257568359375,75.61329650878906,68.28614807128906,59.938331604003906,54.989959716796875,47.6920166015625,43.099830627441406,50.96753692626953,60.60988998413086,77.13256072998047,95.204345703125,111.52307891845703,117.90742492675781,111.42015838623047,102.16319274902344,91.98050689697266,88.52351379394531,83.11225128173828
2024-05-26,87.49813079833984,84.69760131835938,84.82390594482422,86.16368103027344,82.5370864868164,79.79338073730469,70.07841491699219,55.166934967041016,39.776161193847656,27.579395294189453,12.963611602783203,2.8900604248046875,-1.7867813110351562,11.36590576171875,26.862213134765625,54.524539947509766,86.28703308105469,109.39242553710938,119.61622619628906,113.05235290527344,107.36681365966797,93.6708984375,92.16473388671875,84.05008697509766
2024-05-27,80.9401626586914,79.17327117919922,82.2289047241211,87.490478515625,112.33013916015625,129.315673828125,127.72970581054688,113.7127685546875,99.60762786865234,91.24154663085938,84.78099822998047,79.93394470214844,79.74577331542969,85.49138641357422,91.8690414428711,107.75569152832031,125.3705062866211,145.55728149414062,143.2001190185547,124.59380340576172,112.34477233886719,98.81591796875,96.403564453125,91.66879272460938
2024-05-28,90.95318603515625,89.48704528808594,91.60858154296875,99.80221557617188,122.68128967285156,137.51837158203125,129.65679931640625,107.09640502929688,88.30960083007812,76.4388427734375,66.8475341796875,58.82928466796875,58.216941833496094,65.65933990478516,78.37909698486328,101.17915344238281,124.54771423339844,144.9766845703125,146.44346618652344,129.1856689453125,113.0483169555664,101.06147766113281,97.44091796875,91.9568099975586
2024-05-29,62.02928161621094,61.322425842285156,63.07585144042969,68.31022644042969,86.05480194091797,99.10798645019531,100.08275604248047,89.19691467285156,77.45682525634766,70.03681945800781,63.66842269897461,61.05137252807617,60.40851593017578,65.80644989013672,73.28707122802734,88.56520080566406,102.08439636230469,118.30521392822266,118.33202362060547,105.90689086914062,95.37039184570312,83.94408416748047,82.91870880126953,76.71076202392578
2024-05-30,86.44300842285156,85.2816390991211,85.06221771240234,85.16886901855469,89.181640625,93.60590362548828,96.64107513427734,91.51449584960938,83.58297729492188,75.84587097167969,73.24972534179688,65.60640716552734,62.85171890258789,66.58259582519531,74.02713775634766,89.85243225097656,106.6316146850586,122.7187728881836,129.60284423828125,122.22840118408203,112.4572982788086,103.39974975585938,98.4134292602539,92.01506042480469
2024-05-31,78.20475006103516,77.67548370361328,78.83928680419922,82.49830627441406,95.92819213867188,107.759033203125,109.39081573486328,100.50296020507812,92.70575714111328,87.32496643066406,83.00370025634766,77.93505096435547,76.26094055175781,78.16334533691406,81.06805419921875,92.61808776855469,103.22407531738281,114.77496337890625,115.59532165527344,106.65229797363281,97.82841491699219,89.31749725341797,83.99301147460938,79.75640106201172
2024-06-01,67.31615447998047,64.04130554199219,64.04742431640625,65.40697479248047,71.39433288574219,72.03984069824219,70.77616119384766,67.51021575927734,58.655818939208984,54.93189239501953,48.690406799316406,42.7083740234375,38.39546203613281,43.414005279541016,47.838829040527344,61.86231231689453,71.82536315917969,82.46943664550781,86.94738006591797,80.94596099853516,74.6300048828125,65.91759490966797,62.8848991394043,55.923057556152344
2024-06-02,43.605064392089844,41.08074188232422,41.976898193359375,42.75922775268555,39.94837188720703,40.76362609863281,40.04167938232422,27.45653533935547,14.533714294433594,9.187568664550781,2.6554183959960938,-9.652976989746094,-13.8848876953125,-5.56939697265625,6.2906951904296875,27.764686584472656,52.624061584472656,67.67449188232422,75.16206359863281,72.51177978515625,71.17975616455078,62.55474853515625,56.749168395996094,52.18524169921875
2024-06-03,76.06147003173828,74.99799346923828,76.53343963623047,83.32975006103516,100.32218933105469,110.94929504394531,110.89469146728516,98.01370239257812,84.40780639648438,75.56350708007812,69.05064392089844,63.7297477722168,63.874794006347656,68.47200775146484,75.42196655273438,91.16726684570312,110.12667846679688,133.12176513671875,140.33375549316406,127.02142333984375,116.11300659179688,105.13528442382812,100.2230453491211,92.95614624023438
2024-06-04,94.05816650390625,92.109130859375,93.40869140625,98.325927734375,117.17390441894531,131.53338623046875,127.27366638183594,109.84235382080078,96.74776458740234,85.2909927368164,78.52777099609375,69.48441314697266,66.3893814086914,71.19898223876953,78.91859436035156,94.03618621826172,114.5287094116211,131.1424560546875,131.0242919921875,116.40591430664062,104.72212982177734,93.34449768066406,89.4552230834961,81.20285034179688
2024-06-05,57.191673278808594,54.7955322265625,57.32612609863281,65.5097885131836,86.50341033935547,101.24921417236328,99.9079360961914,82.75413513183594,69.4212875366211,60.750465393066406,55.025142669677734,52.579750061035156,52.362709045410156,59.49545669555664,68.70906066894531,86.68389129638672,104.46162414550781,124.72991943359375,122.89370727539062,109.52650451660156,96.55876922607422,86.09432220458984,82.99053955078125,77.20854949951172
2024-06-06,98.46146392822266,96.42010498046875,98.09765625,106.3499526977539,126.47998809814453,142.46397399902344,134.68556213378906,117.76850891113281,100.59722900390625,92.03033447265625,85.2217788696289,81.46672058105469,80.81828308105469,85.29017639160156,93.01596069335938,112.72500610351562,134.4535675048828,163.53448486328125,175.44796752929688,160.93128967285156,148.24977111816406,133.49627685546875,126.6541748046875,119.62068176269531
2024-06-07,92.15614318847656,89.45455169677734,91.3674545288086,97.863037109375,116.07955169677734,124.70585632324219,115.13595581054688,90.77909088134766,73.9207763671875,62.39650344848633,53.48146057128906,47.52470779418945,44.96957778930664,52.78173828125,61.79485321044922,82.13806915283203,104.8030014038086,134.36724853515625,144.615234375,132.49192810058594,119.99627685546875,108.61262512207031,105.37895965576172,98.4324722290039
2024-06-08,70.66017150878906,65.69490814208984,60.396881103515625,63.53136444091797,59.17679977416992,52.15313720703125,43.85965347290039,27.55736541748047,7.578422546386719,-15.886421203613281,-30.9432373046875,-46.42340087890625,-53.21253967285156,-44.449012756347656,-21.683624267578125,12.769615173339844,45.25767517089844,61.80097198486328,81.70361328125,87.9332046508789,82.60022735595703,70.3653793334961,60.264678955078125,53.78984069824219
2024-06-09,49.50120544433594,46.41667938232422,45.620018005371094,49.25868225097656,50.65464401245117,45.03903579711914,33.46904754638672,18.458023071289062,5.5806884765625,-10.433181762695312,-22.082748413085938,-37.883033752441406,-43.107269287109375,-31.27014923095703,-14.466812133789062,14.351547241210938,50.635128021240234,76.978271484375,95.66184997558594,95.2811050415039,91.30131530761719,79.42613983154297,71.83757781982422,66.31962585449219
2024-06-10,72.06947326660156,70.884033203125,71.92900085449219,76.86842346191406,96.55760192871094,107.6251449584961,105.607177734375,86.98407745361328,72.9214859008789,68.9990234375,60.57341003417969,53.55055618286133,52.08769226074219,54.65843200683594,59.06097412109375,71.46163177490234,87.32614135742188,104.04879760742188,104.92597198486328,92.56248474121094,86.15765380859375,73.52873992919922,70.82415008544922,66.9372787475586
2024-06-11,51.531890869140625,50.28217315673828,51.415367126464844,59.67335510253906,73.99058532714844,80.37491607666016,69.73114776611328,49.59649658203125,29.96841812133789,20.91750717163086,9.749214172363281,3.606292724609375,-0.8968505859375,9.056045532226562,17.998706817626953,41.700218200683594,70.58809661865234,93.07781219482422,103.90564727783203,95.80309295654297,85.55903625488281,76.8608169555664,73.84678649902344,68.52799987792969
2024-06-12,66.5810775756836,65.64881896972656,64.97803497314453,70.67922973632812,85.13607788085938,92.9832992553711,93.02758026123047,76.11302185058594,64.51010131835938,57.12629699707031,49.644073486328125,44.39202880859375,43.771095275878906,46.055442810058594,55.158729553222656,70.17849731445312,86.31610870361328,107.08580017089844,114.22108459472656,103.6510009765625,92.64602661132812,84.5976333618164,79.32621765136719,73.88951873779297
2024-06-13,92.25828552246094,90.37895965576172,92.83232116699219,98.4139404296875,116.62940979003906,124.04483032226562,119.29207611083984,101.87384033203125,87.47860717773438,74.83753204345703,66.13048553466797,58.93848419189453,56.250396728515625,61.46842956542969,71.84487915039062,91.95655822753906,111.72494506835938,135.93235778808594,149.8878936767578,139.64691162109375,125.01185607910156,111.35692596435547,108.85494995117188,99.85584259033203
2024-06-14,71.9443588256836,71.19310760498047,69.96415710449219,75.00942993164062,88.83206939697266,98.90178680419922,100.29739379882812,86.6090316772461,76.27169036865234,69.43258666992188,64.16959381103516,57.76012420654297,55.720787048339844,58.383277893066406,65.7514877319336,77.0284194946289,92.29362487792969,107.30223083496094,106.20428466796875,94.30545043945312,84.88990783691406,75.12252807617188,70.75677490234375,67.41407012939453
2024-06-15,29.677310943603516,23.660205841064453,29.227394104003906,24.767414093017578,36.76239013671875,28.398056030273438,7.8049163818359375,-3.6245803833007812,-20.02819061279297,-30.518814086914062,-47.50530242919922,-61.28472900390625,-67.98210906982422,-57.30987548828125,-38.452049255371094,1.17498779296875,36.690956115722656,66.04185485839844,75.11566162109375,84.26856994628906,80.0813980102539,75.251953125,62.12840270996094,56.81885528564453
2024-06-16,23.064926147460938,18.204490661621094,19.158973693847656,19.380638122558594,13.117835998535156,13.336997985839844,8.350067138671875,-1.1492996215820312,-5.589179992675781,-9.03436279296875,-20.511268615722656,-34.19610595703125,-37.074501037597656,-28.182403564453125,-12.225700378417969,15.871932983398438,41.31318664550781,70.09233093261719,79.83746337890625,79.05223083496094,77.9328384399414,64.40582275390625,62.23650360107422,58.713077545166016
2024-06-17,71.96117401123047,70.79447937011719,71.3993148803711,78.48779296875,93.53050994873047,106.4892349243164,101.67723846435547,86.47467041015625,75.25623321533203,68.42733764648438,63.9130973815918,61.30126190185547,61.418304443359375,68.27082061767578,72.89293670654297,87.8719482421875,102.99681091308594,126.66609191894531,129.27548217773438,116.69403076171875,104.54984283447266,94.20352172851562,88.86280059814453,83.4472427368164
2024-06-18,89.54146575927734,87.61079406738281,88.25676727294922,94.54193115234375,111.56208038330078,118.4525146484375,111.69884490966797,94.7088851928711,80.73884582519531,73.5354995727539,63.781558990478516,59.10820388793945,56.733436584472656,63.92701721191406,72.84786987304688,88.47006225585938,105.53987121582031,128.56288146972656,141.4536590576172,132.52877807617188,119.7998275756836,108.84574890136719,102.26813507080078,96.72947692871094
2024-06-19,77.39443969726562,75.5495376586914,76.64302062988281,83.75614166259766,102.8707275390625,111.7042465209961,113.00848388671875,98.93555450439453,87.26721954345703,79.42642974853516,71.68634033203125,67.6674575805664,65.8882064819336,67.94134521484375,74.51306915283203,87.68553161621094,102.75283813476562,117.9095687866211,122.12163543701172,111.39270782470703,99.44254302978516,85.4127426147461,83.6939697265625,77.6549072265625
2024-06-20,85.8420181274414,84.37498474121094,88.2718734741211,95.45437622070312,120.26373291015625,134.45425415039062,125.62612915039062,106.019775390625,91.60482025146484,84.24856567382812,77.65604400634766,71.94751739501953,70.00466918945312,75.53168487548828,81.33563232421875,98.69773864746094,116.35221099853516,142.03427124023438,146.82957458496094,130.97271728515625,116.17153930664062,102.63081359863281,98.18277740478516,91.00794982910156
2024-06-21,84.76300811767578,82.59223937988281,84.66614532470703,90.53694915771484,109.2129898071289,122.38427734375,118.6125259399414,105.61631774902344,94.01219177246094,87.2922592163086,81.08706665039062,74.5735092163086,71.49093627929688,73.98111724853516,78.4954605102539,89.68235778808594,105.65782165527344,119.46269226074219,120.19112396240234,107.33325958251953,99.15829467773438,86.07847595214844,82.23544311523438,76.4093017578125
2024-06-22,64.45875549316406,63.152225494384766,64.35360717773438,66.16098022460938,76.82978057861328,77.91926574707031,68.40148162841797,57.15192794799805,44.48574447631836,38.38431167602539,31.63759994506836,23.62920379638672,18.651935577392578,24.80345916748047,37.56564712524414,57.79625701904297,79.56736755371094,103.65412902832031,113.308837890625,109.19422149658203,99.83631134033203,92.78782653808594,85.0084457397461,79.30404663085938
2024-06-23,79.25355529785156,75.15470886230469,73.4769287109375,75.98363494873047,71.92781066894531,72.09101867675781,62.9427490234375,47.86576843261719,36.53364181518555,23.732242584228516,17.279170989990234,5.424560546875,-1.4947586059570312,7.745429992675781,28.434085845947266,56.61229705810547,87.0516586303711,105.36590576171875,119.46813201904297,119.51924896240234,111.5347671508789,101.47152709960938,95.60285949707031,87.46280670166016
2024-06-24,81.56719970703125,81.06562805175781,83.34780883789062,91.11566162109375,119.38162231445312,130.03990173339844,119.17434692382812,100.95791625976562,86.06941986083984,78.3877182006836,71.93387603759766,68.51875305175781,66.24007415771484,70.28968048095703,79.06169891357422,95.10399627685547,109.54261779785156,138.1416473388672,147.2466583251953,131.56655883789062,117.37361907958984,104.31463623046875,101.10047149658203,92.48884582519531
2024-06-25,80.52111053466797,79.24939727783203,81.72706604003906,90.29686737060547,115.86479187011719,123.2732925415039,103.98440551757812,70.968505859375,47.9967155456543,36.78928756713867,22.831092834472656,11.76364517211914,10.939888000488281,17.334190368652344,32.36037063598633,59.68616485595703,89.88304901123047,126.33783721923828,136.9365234375,124.87875366210938,110.40585327148438,94.41512298583984,93.04664611816406,82.64346313476562
2024-06-26,88.57383728027344,87.21085357666016,88.4939193725586,95.98957061767578,117.33421325683594,127.59187316894531,113.62065124511719,93.22394561767578,74.66107177734375,66.38162231445312,56.16049575805664,48.39335632324219,46.53645706176758,54.521141052246094,63.667755126953125,84.33198547363281,103.82134246826172,133.42176818847656,139.8904571533203,127.91226959228516,113.90123748779297,99.59294128417969,97.31178283691406,90.91273498535156
2024-06-27,83.830322265625,81.9088134765625,84.16714477539062,87.96056365966797,107.20875549316406,115.81199645996094,109.59081268310547,97.17506408691406,84.11592864990234,79.68926239013672,75.50334167480469,70.34151458740234,68.35072326660156,70.67546081542969,76.30767059326172,89.25262451171875,106.64228820800781,126.43981170654297,134.37596130371094,125.52876281738281,113.49494934082031,101.97428894042969,98.56452178955078,90.9960708618164
2024-06-28,86.50591278076172,84.93002319335938,87.35582733154297,94.5694808959961,109.0095443725586,113.55479431152344,92.46238708496094,66.41790771484375,38.33576965332031,23.466819763183594,7.5416107177734375,-8.13543701171875,-14.090599060058594,-0.8517913818359375,17.53118133544922,56.524906158447266,94.46868896484375,129.10707092285156,145.46885681152344,137.47988891601562,121.03974151611328,108.99723815917969,102.00450134277344,95.86235046386719
2024-06-29,78.42029571533203,73.64481353759766,73.4226303100586,74.1336669921875,72.49102783203125,68.66279602050781,53.49814987182617,40.126983642578125,20.775718688964844,4.40655517578125,-1.946502685546875,-12.466476440429688,-23.14251708984375,-12.945602416992188,5.208793640136719,28.334869384765625,58.7018928527832,81.02339172363281,89.84416961669922,96.73563385009766,90.35830688476562,80.66812133789062,76.78192901611328,64.91996765136719
2024-06-30,65.53995513916016,62.35826873779297,59.603118896484375,59.23663330078125,58.59543228149414,56.76071548461914,49.43231964111328,34.275794982910156,21.67487335205078,12.794029235839844,3.45709228515625,-9.643020629882812,-13.753059387207031,-10.820030212402344,6.020408630371094,28.280197143554688,64.04415130615234,88.73928833007812,105.27410888671875,103.23055267333984,98.66692352294922,86.32508850097656,78.49642181396484,73.24813079833984
2024-07-01,76.32575225830078,75.41683959960938,76.32745361328125,83.47308349609375,107.99237060546875,122.34580993652344,114.1460189819336,95.3835678100586,81.97040557861328,77.31949615478516,69.8365707397461,65.15161895751953,59.82199478149414,59.06621170043945,63.5801887512207,76.54882049560547,90.56193542480469,112.42332458496094,123.41783905029297,118.02857971191406,106.82447052001953,92.95819091796875,89.99736785888672,83.35209655761719
2024-07-02,65.71085357666016,64.56968688964844,65.52921295166016,73.84605407714844,91.04501342773438,101.06410217285156,98.43707275390625,77.50827026367188,65.25653076171875,60.58407974243164,52.77232360839844,48.68012237548828,46.72883224487305,49.490055084228516,52.177711486816406,65.61711120605469,80.02886962890625,93.94136047363281,98.37478637695312,90.34921264648438,78.77291107177734,67.45059204101562,64.80355834960938,59.46167755126953
2024-07-03,67.53031158447266,66.9388427734375,66.62154388427734,71.85009002685547,84.48448181152344,94.70869445800781,94.87438201904297,84.55072021484375,77.11075592041016,71.30178833007812,67.27999877929688,62.955101013183594,63.23347854614258,64.77594757080078,68.07467651367188,76.9874038696289,86.9034423828125,99.25016784667969,101.88137817382812,90.89717864990234,83.86056518554688,74.62726593017578,71.1402587890625,66.46327209472656
2024-07-04,48.40241241455078,46.872867584228516,46.110069274902344,48.13735580444336,54.381736755371094,54.834800720214844,55.69342803955078,45.3763313293457,37.34481430053711,26.433124542236328,17.517677307128906,7.3664398193359375,3.231964111328125,8.514930725097656,20.07928466796875,35.08914566040039,57.50215530395508,71.74699401855469,78.59484100341797,77.26469421386719,73.70338439941406,64.1248779296875,58.500511169433594,55.72767639160156
2024-07-05,19.91307830810547,18.115314483642578,21.018600463867188,25.92644500732422,44.49645233154297,57.943721771240234,52.84619140625,36.41731262207031,13.095542907714844,4.449378967285156,-2.5483551025390625,-7.967201232910156,-11.851669311523438,-6.9753570556640625,2.895172119140625,30.159713745117188,59.378414154052734,87.50279235839844,94.85965728759766,84.15478515625,75.79745483398438,69.61161041259766,65.36178588867188,60.17102813720703
2024-07-06,52.95311737060547,45.149139404296875,37.76552200317383,40.05104064941406,42.65949249267578,29.420265197753906,20.542823791503906,8.957389831542969,-4.816459655761719,-16.88982391357422,-31.07141876220703,-50.00634765625,-61.2071533203125,-53.74737548828125,-38.61809539794922,-9.457176208496094,33.77326965332031,55.64263916015625,64.84786987304688,65.12666320800781,59.85722732543945,47.80536651611328,34.96773910522461,27.38858413696289
2024-07-07,1.561126708984375,0.672088623046875,-1.464324951171875,-3.5368499755859375,-3.2794113159179688,-4.228553771972656,-1.122039794921875,-2.1369476318359375,-16.326004028320312,-14.832710266113281,-18.474205017089844,-26.19353485107422,-27.32550811767578,-27.745895385742188,-12.974945068359375,4.1711273193359375,25.39525604248047,37.414703369140625,43.89586639404297,41.49151611328125,49.13032531738281,41.03725051879883,33.60896301269531,35.009037017822266
2024-07-08,62.518890380859375,60.62513732910156,61.615753173828125,67.67896270751953,84.07856750488281,91.02068328857422,86.26937866210938,71.84705352783203,60.478729248046875,56.40761184692383,48.800445556640625,43.50434112548828,42.680809020996094,46.43532180786133,52.38397216796875,65.92987823486328,83.95265197753906,107.21540832519531,116.71095275878906,111.36614990234375,97.76131439208984,87.6298599243164,85.15592956542969,78.25277709960938
2024-07-09,90.1065673828125,87.9530258178711,88.23546600341797,94.7292251586914,111.42428588867188,118.97845458984375,109.5963363647461,86.50047302246094,65.67143249511719,49.96302795410156,38.9122314453125,25.44240951538086,23.413806915283203,31.65594482421875,44.41291809082031,68.59275817871094,92.36009979248047,116.4401626586914,127.77552795410156,112.97789001464844,101.65766143798828,85.7728271484375,80.4160385131836,73.64117431640625
2024-07-10,73.01895141601562,70.36287689208984,70.70919036865234,75.43597412109375,88.10272216796875,96.22994995117188,94.45602416992188,83.36788177490234,73.88955688476562,67.23710632324219,62.16656494140625,57.14928436279297,56.310245513916016,61.06793975830078,66.46507263183594,79.74800109863281,98.83546447753906,117.26066589355469,125.96868133544922,115.91956329345703,107.08601379394531,96.384521484375,90.1435775756836,85.65252685546875
2024-07-11,84.79254150390625,84.43922424316406,85.43968963623047,92.07991790771484,114.65391540527344,124.96082305908203,114.91117858886719,93.22367858886719,75.13337707519531,65.9217758178711,58.81879425048828,50.63248825073242,49.179969787597656,56.836814880371094,67.5019760131836,87.3366470336914,110.52384948730469,136.18667602539062,144.56736755371094,134.2059783935547,120.7177963256836,105.34453582763672,100.96688079833984,93.59329986572266
2024-07-12,79.09475708007812,77.43915557861328,77.78450775146484,83.15141296386719,100.59150695800781,112.87584686279297,111.82709503173828,100.02938842773438,87.46336364746094,81.6795425415039,74.41539001464844,68.04879760742188,66.76006317138672,67.67743682861328,72.45051574707031,82.98249053955078,94.09326171875,110.10865783691406,113.22709655761719,102.34396362304688,92.10198974609375,81.04228973388672,75.77867889404297,68.9608383178711
2024-07-13,38.9472770690918,35.74868392944336,34.44765090942383,38.19776916503906,37.03900146484375,35.90839385986328,30.9720458984375,19.381454467773438,4.2354736328125,-6.423484802246094,-16.77562713623047,-23.95892333984375,-31.1591796875,-22.396812438964844,-5.3036651611328125,13.180732727050781,44.52733612060547,73.60783386230469,92.58084869384766,87.2216796875,82.72840881347656,66.33372497558594,64.37074279785156,56.053375244140625
2024-07-14,27.58386993408203,28.864078521728516,29.30108642578125,29.988567352294922,22.16289520263672,18.47614288330078,12.629676818847656,5.324211120605469,-10.936256408691406,-17.017127990722656,-21.245704650878906,-32.59239196777344,-45.40221405029297,-31.84033203125,-14.310493469238281,20.67749786376953,55.69807052612305,79.92585754394531,107.53518676757812,95.60037231445312,95.23085021972656,90.22969055175781,87.34844207763672,75.37699890136719
2024-07-15,58.535797119140625,55.489707946777344,59.87169647216797,67.22821044921875,86.75755310058594,93.11077117919922,85.29572296142578,63.950714111328125,42.10252380371094,31.76091766357422,23.21978759765625,15.885345458984375,13.659812927246094,20.195049285888672,27.905536651611328,52.57929992675781,75.40787506103516,99.53681945800781,111.49543762207031,101.088134765625,89.34687805175781,75.36277770996094,71.53921508789062,63.834327697753906
2024-07-16,59.35101318359375,56.32224655151367,59.14232635498047,66.60443878173828,90.14586639404297,97.77806091308594,87.0270004272461,62.441925048828125,37.812870025634766,26.587657928466797,13.56927490234375,6.896156311035156,4.3648681640625,12.098075866699219,25.21917724609375,52.088768005371094,82.42176055908203,114.29277038574219,122.178466796875,110.37489318847656,98.02032470703125,83.89666748046875,80.56431579589844,72.08575439453125
2024-07-17,75.77435302734375,74.00175476074219,74.70498657226562,82.92192077636719,101.25015258789062,109.11357879638672,100.0965347290039,75.85872650146484,56.91720962524414,43.45517349243164,33.126495361328125,26.1966552734375,23.666526794433594,34.59251022338867,46.125614166259766,75.17835235595703,99.51614379882812,135.2750244140625,153.1523895263672,141.96604919433594,128.26800537109375,113.63160705566406,108.87359619140625,101.48604583740234
2024-07-18,88.76235961914062,88.27676391601562,90.9322738647461,98.66407775878906,123.81926727294922,135.3377227783203,119.03516387939453,94.16815948486328,73.46495819091797,60.55619812011719,50.23004150390625,43.95102310180664,44.41426086425781,53.06659698486328,66.3794937133789,90.03942108154297,118.31004333496094,154.6192169189453,157.59576416015625,138.0763397216797,120.686767578125,104.49297332763672,102.76455688476562,95.00961303710938
2024-07-19,87.14718627929688,86.0171890258789,87.85936737060547,96.76202392578125,125.25477600097656,137.2831268310547,122.72689819335938,97.03064727783203,77.79518127441406,67.8781967163086,57.47662353515625,51.439273834228516,50.53340148925781,54.97713088989258,67.14124298095703,85.86093139648438,104.81614685058594,134.92703247070312,144.30410766601562,126.69568634033203,112.0930404663086,93.59693145751953,92.98214721679688,84.64959716796875
2024-07-20,79.03927612304688,72.41517639160156,71.53008270263672,76.03636169433594,69.21539306640625,69.29689025878906,59.05660629272461,44.29948806762695,23.62841033935547,9.011146545410156,-2.5288543701171875,-21.78137969970703,-29.745086669921875,-17.406387329101562,0.5922470092773438,29.09095001220703,62.7024040222168,88.44139099121094,104.17251586914062,102.0420913696289,96.3012466430664,78.6133041381836,71.37353515625,66.08060455322266
2024-07-21,53.32710266113281,50.549381256103516,49.09954833984375,50.26242446899414,44.10192108154297,40.32670593261719,36.96208953857422,27.889114379882812,16.550750732421875,8.504310607910156,-1.5717544555664062,-11.088752746582031,-11.931327819824219,-5.500358581542969,13.791847229003906,43.286563873291016,72.45349884033203,97.11932373046875,116.80276489257812,109.57624816894531,101.7161636352539,91.8929214477539,87.56192779541016,79.06768798828125
2024-07-22,80.6199722290039,79.81948852539062,80.09989166259766,85.69914245605469,104.86115264892578,114.801025390625,105.02677917480469,86.23445129394531,70.2593765258789,60.56009292602539,49.0596809387207,42.3492431640625,39.98258972167969,46.3673210144043,60.86968231201172,79.22818756103516,100.31627655029297,127.77025604248047,141.45034790039062,130.52073669433594,116.31501770019531,102.73056030273438,97.78390502929688,91.38516998291016
2024-07-23,80.30960845947266,79.758056640625,80.58418273925781,85.6282958984375,108.0032730102539,117.07307434082031,109.52266693115234,93.15558624267578,79.60492706298828,73.95526123046875,67.58828735351562,61.97749328613281,59.419742584228516,64.38399505615234,71.48841094970703,85.92862701416016,101.33924865722656,122.32315826416016,127.84651947021484,115.94475555419922,101.25273895263672,87.79972839355469,83.95382690429688,76.83687591552734
2024-07-24,75.72335815429688,73.27558135986328,75.71078491210938,82.58447265625,101.43205261230469,108.03216552734375,96.36573791503906,72.21491241455078,52.44608688354492,44.95398712158203,34.307647705078125,26.029582977294922,21.396259307861328,21.826732635498047,33.161617279052734,54.68667984008789,77.70500183105469,104.77079772949219,128.49839782714844,127.6121597290039,113.09283447265625,96.57618713378906,91.9451675415039,85.41670227050781
2024-07-25,80.3071060180664,78.71088409423828,80.76751708984375,86.9755859375,111.23181915283203,120.47140502929688,105.5228500366211,81.19029235839844,62.905094146728516,51.94759750366211,41.94315719604492,36.632789611816406,36.277061462402344,42.16495895385742,56.18377685546875,78.52804565429688,97.45256042480469,126.01853942871094,143.22787475585938,129.8384246826172,112.54473114013672,95.82695770263672,92.07026672363281,85.57523345947266
2024-07-26,75.67962646484375,76.05986022949219,76.25397491455078,81.26332092285156,102.02389526367188,111.95559692382812,109.48135375976562,95.24364471435547,83.60041809082031,79.02696228027344,72.68794250488281,67.92916107177734,64.99332427978516,66.3857192993164,70.76361846923828,80.74834442138672,93.92774963378906,111.28147888183594,127.43091583251953,118.69660186767578,106.63066864013672,92.44511413574219,89.36153411865234,83.70084381103516
2024-07-27,94.64195251464844,92.31730651855469,90.73762512207031,91.78795623779297,96.89604187011719,99.54405212402344,94.78973388671875,85.15704345703125,75.3319091796875,67.70563507080078,61.21967697143555,55.443931579589844,52.055450439453125,55.932586669921875,69.90864562988281,85.68843841552734,102.124755859375,117.3287582397461,124.51892852783203,118.8309326171875,110.28973388671875,98.33582305908203,93.41236114501953,86.17569732666016
2024-07-28,71.48817443847656,67.2472152709961,64.32648468017578,60.783836364746094,55.180259704589844,47.032752990722656,35.02973175048828,18.9276123046875,6.604606628417969,-8.132545471191406,-21.004844665527344,-33.439239501953125,-41.20414733886719,-28.230545043945312,-6.6971893310546875,21.52093505859375,64.72647857666016,92.49192810058594,114.36529541015625,111.774658203125,110.85388946533203,102.7452392578125,94.2962417602539,81.51058197021484
2024-07-29,62.984596252441406,62.56776428222656,62.820106506347656,68.83203125,84.10964965820312,86.9093017578125,75.27667999267578,52.55341720581055,35.567874908447266,28.812236785888672,19.10570526123047,10.917274475097656,4.917793273925781,13.662548065185547,23.676044464111328,45.66879653930664,74.19731903076172,103.51571655273438,120.73316192626953,114.90914154052734,104.00342559814453,89.83964538574219,88.87284851074219,80.04129791259766
2024-07-30,76.52903747558594,73.63224792480469,76.29048919677734,83.82600402832031,106.44160461425781,116.38825225830078,100.10672760009766,71.67323303222656,52.783203125,39.4454231262207,31.696483612060547,22.775062561035156,22.003955841064453,28.35942840576172,40.09181213378906,62.06440353393555,86.97244262695312,116.5840072631836,139.97964477539062,130.9272918701172,110.41238403320312,93.51900482177734,89.16561126708984,80.41516876220703
2024-07-31,84.010986328125,84.5849609375,85.01476287841797,94.15536499023438,116.34225463867188,124.73231506347656,108.41858673095703,82.2652359008789,63.969146728515625,51.20881652832031,40.788124084472656,33.06003189086914,32.97063064575195,37.734825134277344,53.03559112548828,75.07386016845703,97.79125213623047,129.68695068359375,144.91326904296875,130.77987670898438,111.67198181152344,94.8741226196289,93.82208251953125,83.58843994140625
2024-08-01,86.58515167236328,86.23155975341797,87.86438751220703,96.86027526855469,117.69572448730469,131.41744995117188,121.45489501953125,101.04747009277344,87.38130187988281,78.49718475341797,72.10348510742188,65.02318572998047,64.54247283935547,70.32766723632812,78.36441040039062,95.1473388671875,111.61973571777344,136.876953125,145.42030334472656,129.2108154296875,113.4249496459961,99.02271270751953,97.40189361572266,90.75091552734375
2024-08-02,87.7863540649414,87.46991729736328,87.69120025634766,94.7478256225586,114.68622589111328,124.96022033691406,124.47663116455078,104.875732421875,93.96540069580078,83.83152770996094,76.07728576660156,68.68939971923828,68.7743911743164,71.73904418945312,79.97301483154297,94.84769439697266,115.23255157470703,133.27609252929688,140.83445739746094,123.87294006347656,112.09464263916016,99.57276153564453,95.86830139160156,90.22493743896484
2024-08-03,80.07367706298828,78.74188232421875,79.66231536865234,81.5491943359375,86.82940673828125,88.22747802734375,77.7513198852539,60.35624313354492,45.73634338378906,33.86336898803711,20.45061492919922,10.490707397460938,6.174751281738281,13.159175872802734,31.731468200683594,55.57376480102539,82.88809204101562,107.19503784179688,117.94615173339844,112.75739288330078,104.30664825439453,90.55474853515625,86.71768188476562,79.88800811767578
2024-08-04,90.42552947998047,87.28646850585938,83.5971908569336,89.09805297851562,80.57398986816406,67.2025146484375,48.7072639465332,32.752891540527344,19.548606872558594,7.367645263671875,-5.006858825683594,-19.11590576171875,-30.313858032226562,-14.524490356445312,3.3197555541992188,41.35284423828125,77.06813049316406,105.59451293945312,121.1082763671875,127.2295150756836,114.85173797607422,102.04735565185547,100.44341278076172,88.0494384765625
2024-08-05,93.18759155273438,90.94129180908203,93.80349731445312,103.80801391601562,130.99212646484375,137.89138793945312,124.15966796875,99.16764068603516,82.02864074707031,73.66604614257812,65.47698974609375,59.546016693115234,57.51725387573242,63.33769226074219,75.15975952148438,94.372802734375,110.84561920166016,138.59738159179688,156.61007690429688,144.49876403808594,128.70030212402344,112.8305892944336,109.36650085449219,100.26488494873047
2024-08-06,95.53057098388672,93.09112548828125,95.62615966796875,102.08460235595703,125.41889190673828,131.3465118408203,110.66696166992188,85.92172241210938,68.55829620361328,52.801849365234375,40.185489654541016,34.80133819580078,32.1941032409668,40.592689514160156,53.74742889404297,80.447265625,103.011474609375,136.12843322753906,160.13385009765625,149.68324279785156,130.22344970703125,113.91822814941406,110.44644165039062,99.96651458740234
2024-08-07,88.27491760253906,87.78422546386719,89.66470336914062,95.05499267578125,111.89552307128906,121.1039047241211,114.58214569091797,95.37833404541016,82.40330505371094,71.54338836669922,63.6668586730957,56.20690155029297,54.444435119628906,61.44126892089844,73.30254364013672,91.27206420898438,112.12643432617188,133.1732940673828,146.21188354492188,130.47146606445312,115.18358612060547,100.06360626220703,95.66445922851562,90.09878540039062
2024-08-08,89.49246978759766,88.32464599609375,89.74366760253906,96.81491088867188,116.44609069824219,124.39476013183594,112.88095092773438,91.52729797363281,73.61007690429688,62.98772430419922,53.653045654296875,43.852256774902344,42.839393615722656,50.89080047607422,65.15388488769531,83.76728057861328,107.32015228271484,133.9317169189453,148.30401611328125,131.58090209960938,113.8448257446289,98.75249481201172,94.56868743896484,88.2226791381836
2024-08-09,71.97300720214844,68.9755630493164,67.33847045898438,71.30461883544922,85.14395141601562,89.55088806152344,74.43733215332031,49.44326400756836,27.422691345214844,12.991569519042969,-3.8136749267578125,-12.153717041015625,-18.627662658691406,-9.55584716796875,7.622703552246094,35.12065887451172,67.4708023071289,93.1956558227539,111.68832397460938,105.03304290771484,93.95352172851562,81.28153228759766,78.67742156982422,70.39608764648438
2024-08-10,59.86338424682617,56.372962951660156,56.578792572021484,56.36848831176758,63.40422439575195,58.069576263427734,49.45039749145508,25.895484924316406,0.6870956420898438,-13.602920532226562,-32.510520935058594,-45.01173400878906,-51.64942932128906,-38.84938049316406,-13.85418701171875,22.404624938964844,65.1387710571289,104.8093032836914,131.09825134277344,124.9661865234375,114.8893051147461,93.95330810546875,87.63268280029297,78.8329849243164
2024-08-11,90.10908508300781,87.22142791748047,85.7857666015625,89.1304702758789,88.29750061035156,78.3881607055664,57.639732360839844,31.832672119140625,10.233230590820312,-2.710479736328125,-15.279869079589844,-38.17707824707031,-41.23346710205078,-32.117271423339844,-6.8294525146484375,33.01603317260742,75.86679077148438,109.68150329589844,135.18743896484375,138.68798828125,120.23152160644531,108.3189697265625,99.11280059814453,83.89836883544922
2024-08-12,92.03477478027344,89.83595275878906,92.02787780761719,99.1430435180664,124.22689819335938,133.26536560058594,113.80123138427734,87.48497772216797,67.12509155273438,56.49287414550781,46.4540901184082,37.22352600097656,35.868350982666016,44.51885986328125,58.464691162109375,80.60538482666016,107.0676498413086,137.8209686279297,148.27227783203125,131.89356994628906,111.769287109375,94.60971069335938,94.0587158203125,86.80059051513672
2024-08-13,80.41542053222656,80.13932037353516,83.11077117919922,91.82575225830078,115.87626647949219,124.8003158569336,112.47399139404297,86.7988510131836,66.5882568359375,53.486351013183594,42.07155227661133,33.45697784423828,33.27449417114258,42.1668586730957,55.39826965332031,79.27596282958984,105.08560180664062,135.2810821533203,145.72463989257812,132.2376251220703,114.43365478515625,99.70993041992188,97.5120620727539,89.25589752197266
2024-08-14,83.59727478027344,83.7652587890625,85.26290130615234,94.48736572265625,119.32708740234375,132.55203247070312,117.55941009521484,92.94905090332031,78.610595703125,67.28854370117188,59.162689208984375,53.82738494873047,53.729251861572266,61.5383186340332,72.31031799316406,93.09691619873047,114.45980834960938,145.7136688232422,156.6436309814453,138.4627685546875,118.96350860595703,103.1066665649414,101.60071563720703,94.89730072021484
2024-08-15,97.25422668457031,93.31036376953125,94.43447875976562,102.0051040649414,114.08634185791016,118.68617248535156,107.66458892822266,88.18617248535156,68.94520568847656,51.370933532714844,38.18465805053711,29.728012084960938,25.15927505493164,35.24123001098633,52.92549514770508,82.14378356933594,109.90995788574219,135.7210235595703,150.64952087402344,138.94137573242188,124.86357879638672,108.69577026367188,103.05638122558594,95.36659240722656
2024-08-16,82.28367614746094,81.08809661865234,85.98527526855469,96.93536376953125,129.36514282226562,136.80056762695312,114.48505401611328,82.33539581298828,60.67332077026367,48.66398239135742,38.51435089111328,31.772201538085938,35.38386917114258,46.242095947265625,59.99957275390625,89.47722625732422,109.4305419921875,149.59835815429688,167.50677490234375,144.605224609375,122.79283142089844,103.03813171386719,105.64887237548828,94.71954345703125
2024-08-17,106.66531372070312,104.8505859375,103.89984130859375,108.24972534179688,114.23570251464844,114.18592071533203,102.55426025390625,84.86004638671875,67.29475402832031,52.71927261352539,43.113853454589844,30.728485107421875,29.41677474975586,39.372802734375,60.915077209472656,90.9180908203125,119.32804870605469,143.38209533691406,149.88360595703125,140.25625610351562,124.49374389648438,110.7370834350586,107.30887603759766,100.52180480957031
2024-08-18,98.19160461425781,96.1910171508789,95.84635925292969,96.72560119628906,101.16578674316406,106.45709228515625,104.16751861572266,97.2876968383789,86.14665985107422,80.1932144165039,73.8610610961914,64.41857147216797,63.157501220703125,67.19461059570312,79.34630584716797,98.07051086425781,112.62185668945312,127.74677276611328,132.2669677734375,120.47859191894531,111.7796859741211,103.3191909790039,95.6557388305664,88.83513641357422
2024-08-19,75.07536315917969,73.98113250732422,77.42156982421875,83.9776840209961,114.92753601074219,132.46395874023438,127.3565902709961,107.2708511352539,87.23226165771484,75.33362579345703,67.14093017578125,62.7044677734375,60.491580963134766,65.65768432617188,76.58556365966797,96.20861053466797,115.19364166259766,139.62020874023438,145.84640502929688,127.17838287353516,110.1524887084961,96.08122253417969,93.9007339477539,87.19669342041016
2024-08-20,82.30030059814453,79.41425323486328,79.79268646240234,87.88744354248047,108.12061309814453,122.63348388671875,119.71106719970703,104.6958236694336,87.49301147460938,76.89018249511719,66.24562072753906,59.15495681762695,56.457763671875,63.034454345703125,74.31527709960938,92.81104278564453,112.63914489746094,133.80943298339844,132.797607421875,113.59739685058594,100.61436462402344,87.79624938964844,82.1362075805664,74.07393646240234
2024-08-21,70.13838958740234,64.5990982055664,66.8813247680664,71.28440856933594,84.35562896728516,88.55294799804688,70.78422546386719,41.457942962646484,15.652961730957031,-6.018157958984375,-19.45917510986328,-34.88194274902344,-39.905029296875,-28.796417236328125,-10.801155090332031,24.00048828125,68.87619018554688,104.84056854248047,127.20890045166016,125.51354217529297,112.24958038330078,94.74563598632812,85.94139099121094,76.26094818115234
2024-08-22,67.80040740966797,63.96550750732422,64.42974853515625,73.06440734863281,92.7750473022461,105.50094604492188,85.68278503417969,48.32667541503906,19.53186798095703,9.320388793945312,-4.056770324707031,-14.0675048828125,-19.989845275878906,-9.890899658203125,6.484832763671875,39.38865661621094,75.6903076171875,114.27490234375,125.45140075683594,108.68315124511719,90.26078796386719,73.71375274658203,70.30199432373047,65.78483581542969
2024-08-23,39.101924896240234,36.654510498046875,35.86753463745117,40.650394439697266,57.0239143371582,64.6644287109375,46.71443176269531,18.747085571289062,-12.614501953125,-32.921966552734375,-49.635292053222656,-59.93701171875,-64.33240509033203,-57.785057067871094,-41.623504638671875,-8.329231262207031,43.08454895019531,92.14527130126953,116.06143951416016,113.67375946044922,102.31982421875,88.20468139648438,79.9833984375,71.30522155761719
2024-08-24,90.33346557617188,84.50515747070312,82.87992095947266,81.74388885498047,85.22093963623047,81.50425720214844,64.93731689453125,49.15163040161133,16.367164611816406,1.0493545532226562,-19.079002380371094,-37.73713684082031,-53.13103485107422,-40.572998046875,-25.07178497314453,7.1102294921875,41.070472717285156,60.32550811767578,73.50611114501953,70.11418914794922,62.84172821044922,51.782508850097656,38.57910919189453,30.905513763427734
2024-08-25,12.627731323242188,11.827438354492188,11.035232543945312,16.965904235839844,21.762344360351562,28.509429931640625,12.236869812011719,-4.184196472167969,-17.845718383789062,-23.37053680419922,-34.36866760253906,-40.213584899902344,-41.56317901611328,-26.18804931640625,-15.82745361328125,15.726882934570312,59.768035888671875,97.32768249511719,110.9988784790039,103.77835083007812,97.07476806640625,86.45881652832031,76.70763397216797,67.48575592041016
2024-08-26,83.10182189941406,81.91046142578125,83.57482147216797,93.30523681640625,119.68617248535156,132.7769012451172,120.41261291503906,94.75933074951172,71.03907012939453,57.25554275512695,48.917625427246094,42.53466796875,43.46724319458008,49.34558868408203,61.21784210205078,88.60515594482422,115.08184814453125,150.5843505859375,168.85047912597656,151.88375854492188,131.3065643310547,113.43348693847656,109.86092376708984,102.86896514892578
2024-08-27,90.4783706665039,88.52371978759766,90.3336181640625,100.40505981445312,126.90873718261719,135.551513671875,110.3625259399414,77.75263977050781,54.42582702636719,40.261966705322266,30.334823608398438,20.699012756347656,23.317821502685547,30.113643646240234,45.19980239868164,76.4127197265625,105.23887634277344,144.49118041992188,155.03407287597656,128.880859375,109.19432830810547,90.38404846191406,88.9622802734375,80.17195892333984
2024-08-28,83.69281768798828,82.36832427978516,83.62411499023438,93.53717041015625,120.16087341308594,132.14183044433594,113.97713470458984,86.38272094726562,62.29664993286133,45.983924865722656,34.63438415527344,26.784175872802734,27.064876556396484,37.83987808227539,54.09953308105469,81.6250991821289,107.98017120361328,140.34326171875,146.88836669921875,125.9037857055664,107.9812240600586,93.45914459228516,90.13731384277344,80.97583770751953
2024-08-29,101.10136413574219,99.9481430053711,103.57267761230469,114.87593841552734,146.86672973632812,158.38514709472656,143.00799560546875,111.38219451904297,83.72746276855469,70.19410705566406,57.8926887512207,49.13167190551758,49.397281646728516,65.12621307373047,82.96864318847656,116.24752807617188,147.3286895751953,187.01840209960938,190.6134796142578,165.01446533203125,139.85987854003906,121.81778717041016,119.21247100830078,112.99717712402344
2024-08-30,104.88250732421875,103.1759262084961,105.21824645996094,114.51651763916016,143.10574340820312,157.9392547607422,143.59390258789062,118.07101440429688,102.18517303466797,88.36155700683594,78.51485443115234,72.49273681640625,73.64336395263672,80.06715393066406,94.50556945800781,118.22718811035156,139.19107055664062,173.4235382080078,172.3417510986328,139.38938903808594,120.03047180175781,104.71842956542969,100.6450424194336,93.96659851074219
2024-08-31,85.2369384765625,81.58379364013672,80.13917541503906,80.95525360107422,78.0379867553711,76.82245635986328,65.06143188476562,51.21763610839844,36.52922821044922,23.926559448242188,9.295280456542969,-3.9932327270507812,-5.738517761230469,1.201934814453125,21.506237030029297,49.36320495605469,80.01237487792969,96.61494445800781,106.91959381103516,95.53512573242188,83.56605529785156,72.49444580078125,66.70063781738281,56.53197479248047
2024-09-01,63.128753662109375,56.02604293823242,58.21923828125,59.15933609008789,61.720558166503906,53.17656707763672,37.60186767578125,20.21674346923828,5.55792236328125,-10.92840576171875,-20.501083374023438,-35.690704345703125,-45.14060974121094,-38.22041320800781,-13.421981811523438,24.391921997070312,65.41366577148438,101.57305908203125,119.22089385986328,116.8541488647461,108.92521667480469,90.25796508789062,81.51294708251953,75.41661834716797
2024-09-02,92.20156860351562,91.11724090576172,93.1369400024414,103.23558807373047,131.80728149414062,145.79513549804688,137.81173706054688,117.4603500366211,100.06651306152344,88.42289733886719,80.5459976196289,74.7696762084961,75.50553131103516,81.32365417480469,95.02605438232422,112.26129913330078,130.4748992919922,162.56192016601562,166.1883544921875,145.34503173828125,127.42926788330078,112.25029754638672,109.1443099975586,100.64005279541016
2024-09-03,94.2412338256836,94.61424255371094,95.0467529296875,103.70024108886719,132.65170288085938,147.9812469482422,139.37619018554688,114.94770050048828,95.65681457519531,84.25769805908203,75.33140563964844,69.8897705078125,70.67230224609375,81.15158081054688,92.60968780517578,112.89952087402344,132.3310546875,166.62208557128906,170.31494140625,147.1916961669922,125.99574279785156,111.93606567382812,107.48229217529297,101.90579986572266
2024-09-04,111.88904571533203,112.14845275878906,115.0687255859375,126.67816162109375,159.9466552734375,190.52987670898438,178.78192138671875,149.7531280517578,128.69973754882812,110.3056640625,96.88130950927734,91.42476654052734,93.97859191894531,106.36149597167969,119.42524719238281,147.64263916015625,170.42172241210938,204.07760620117188,187.9540252685547,148.36619567871094,129.73362731933594,109.05709075927734,112.60438537597656,101.849365234375
2024-09-05,72.29944610595703,66.23886108398438,65.80473327636719,73.60499572753906,102.16365814208984,116.91096496582031,101.67153930664062,67.65873718261719,22.417373657226562,-3.2728195190429688,-25.099838256835938,-42.78181457519531,-47.053993225097656,-39.091941833496094,-13.153160095214844,20.438003540039062,63.866180419921875,94.77086639404297,90.51251220703125,68.74392700195312,57.9904670715332,39.20519256591797,20.724334716796875,17.18938446044922
2024-09-06,52.16041564941406,51.40419006347656,54.84299087524414,67.00071716308594,92.87560272216797,112.62491607666016,105.08689880371094,80.24243927001953,55.70596694946289,35.71937942504883,25.465030670166016,19.045860290527344,20.60335922241211,37.86487579345703,61.997276306152344,102.22295379638672,142.3072509765625,185.55650329589844,178.76651000976562,143.41619873046875,117.41606140136719,105.1362533569336,101.72473907470703,93.04192352294922
2024-09-07,87.08190155029297,84.41951751708984,84.1153793334961,85.11821746826172,98.12175750732422,103.31011199951172,89.94300842285156,70.66676330566406,50.689292907714844,36.21693420410156,21.220504760742188,9.579299926757812,6.886444091796875,13.910774230957031,32.38515090942383,63.85893630981445,90.84314727783203,118.90177917480469,123.73290252685547,108.70899963378906,98.08633422851562,84.61378479003906,78.81562042236328,70.49283599853516
2024-09-08,82.03302764892578,79.48371124267578,80.61739349365234,82.45425415039062,82.3019027709961,80.81999206542969,75.91088104248047,65.75288391113281,50.280738830566406,38.484588623046875,27.20726776123047,16.5155029296875,13.509841918945312,26.167278289794922,47.73007583618164,78.02532958984375,112.2537612915039,139.3048553466797,138.2581024169922,129.37161254882812,117.24252319335938,102.29795837402344,100.65695190429688,92.35315704345703
2024-09-09,90.27925872802734,89.2470703125,92.58421325683594,104.28376770019531,136.23033142089844,165.4897003173828,165.19969177246094,142.75880432128906,120.02096557617188,105.39755249023438,94.38289642333984,85.80799865722656,86.36627197265625,90.49615478515625,99.24858856201172,119.21762084960938,138.08265686035156,159.77561950683594,145.4054412841797,118.42512512207031,103.51602935791016,88.38452911376953,85.09756469726562,80.48075866699219
2024-09-10,71.6195068359375,71.04118347167969,70.3958969116211,76.52581024169922,97.91204833984375,111.97140502929688,109.31036376953125,89.18851470947266,67.28724670410156,54.59181213378906,45.50306701660156,35.26752471923828,32.05668258666992,36.54692077636719,48.002010345458984,63.98609161376953,87.71989440917969,107.90579986572266,110.65043640136719,93.86518859863281,80.751953125,69.04524230957031,61.3648681640625,58.752437591552734
2024-09-11,52.20420837402344,50.68017578125,50.976295471191406,57.44001007080078,75.99395751953125,87.51724243164062,87.39448547363281,77.12203979492188,67.53974151611328,61.79456329345703,55.98779296875,53.343414306640625,53.020103454589844,54.89997863769531,58.66781997680664,68.50796508789062,80.635009765625,96.94252014160156,101.16595458984375,92.27339172363281,83.52818298339844,73.30805969238281,69.89727783203125,66.6807632446289
2024-09-12,92.22607421875,91.12825012207031,91.64486694335938,101.06640625,123.9678955078125,137.72328186035156,133.93316650390625,121.20578002929688,106.5497055053711,98.70742797851562,92.18182373046875,87.72447967529297,85.58901977539062,89.47994232177734,95.65850067138672,109.78971862792969,124.63255310058594,145.96041870117188,148.11245727539062,131.41844177246094,115.4473648071289,103.414306640625,99.42215728759766,95.70341491699219
2024-09-13,91.24266052246094,90.46385192871094,88.23812103271484,93.77201843261719,111.92449951171875,126.8863754272461,125.43317413330078,112.09989929199219,97.64295196533203,83.66765594482422,75.80109405517578,67.16260528564453,63.91164016723633,62.99678039550781,66.04032897949219,81.77958679199219,91.62266540527344,108.79778289794922,105.88216400146484,89.94026947021484,81.2750473022461,71.78176879882812,61.889984130859375,55.00543975830078
2024-09-14,45.04955291748047,42.881900787353516,45.17469024658203,50.99409103393555,65.8435287475586,72.21112060546875,66.50604248046875,49.3462028503418,31.463760375976562,24.954303741455078,10.8543701171875,1.77734375,3.735260009765625,14.212753295898438,30.556655883789062,53.580753326416016,86.18907165527344,112.77618408203125,122.13018035888672,112.27164459228516,93.9979019165039,85.19410705566406,82.1201400756836,73.84219360351562
2024-09-15,67.44929504394531,63.614593505859375,64.87369537353516,64.61714172363281,65.84632873535156,64.44635009765625,53.81180953979492,42.26075744628906,29.876239776611328,20.80327606201172,11.510955810546875,-1.931671142578125,-4.922637939453125,6.0989532470703125,24.952617645263672,51.28281021118164,85.80856323242188,109.64057922363281,122.56837463378906,114.36714935302734,103.28484344482422,93.33513641357422,87.21308135986328,81.74153137207031
2024-09-16,77.27967834472656,76.96819305419922,77.3966064453125,83.44036102294922,102.56517028808594,116.88883209228516,119.86033630371094,108.9521255493164,98.26515197753906,89.3268051147461,81.945556640625,77.22747802734375,74.9038314819336,76.99182891845703,81.50128936767578,92.2547607421875,102.73939514160156,116.09323120117188,114.02347564697266,97.91275024414062,89.10011291503906,77.8780288696289,73.6212158203125,68.6412353515625
2024-09-17,81.00688934326172,79.83119201660156,80.92755889892578,86.68772888183594,108.65766906738281,125.83407592773438,121.83311462402344,104.19775390625,87.45646667480469,77.29554748535156,68.72447204589844,59.861968994140625,58.45314025878906,60.64785385131836,67.462158203125,84.8725814819336,100.28550720214844,117.63409423828125,120.09638214111328,105.42459106445312,93.80333709716797,82.20313262939453,78.97724151611328,73.80699920654297
2024-09-18,81.93116760253906,82.97468566894531,82.26960754394531,90.05084991455078,106.72943878173828,118.80509948730469,116.76322174072266,91.42082214355469,71.11859893798828,52.01216506958008,40.46176528930664,32.927040100097656,27.89175033569336,33.835418701171875,46.4815788269043,70.7982406616211,93.15279388427734,115.52439880371094,112.91897583007812,99.75340270996094,89.37326049804688,74.73973083496094,68.17150115966797,64.73234558105469
2024-09-19,83.36783599853516,81.7291259765625,84.29798126220703,92.35626220703125,120.77890014648438,140.1390380859375,126.38597106933594,96.86857604980469,73.05995178222656,54.45429611206055,40.60311508178711,30.346149444580078,30.225513458251953,37.91938781738281,52.56236267089844,82.25910949707031,109.58993530273438,134.87574768066406,128.2355499267578,106.42784118652344,91.3996810913086,77.73196411132812,74.2127914428711,66.77276611328125
2024-09-20,82.21185302734375,80.16639709472656,81.57386779785156,90.07256317138672,115.86373901367188,127.93928527832031,112.97666931152344,86.59921264648438,63.03424072265625,45.97056198120117,29.420143127441406,21.827919006347656,20.489765167236328,28.485450744628906,48.083499908447266,76.49848937988281,102.11412048339844,128.23666381835938,129.13677978515625,108.8509750366211,94.13697814941406,80.8873291015625,75.57882690429688,71.9898681640625
2024-09-21,89.73468780517578,89.41477966308594,89.19554138183594,91.51780700683594,97.03829193115234,98.84271240234375,86.17110443115234,65.7392349243164,46.66685485839844,31.00714111328125,16.58173370361328,5.002388000488281,0.83355712890625,14.087516784667969,36.956817626953125,69.05767822265625,94.14607238769531,119.12671661376953,128.2626953125,116.20928955078125,102.97949981689453,90.1808090209961,87.24787902832031,81.25047302246094
2024-09-22,89.87144470214844,87.94660186767578,88.36841583251953,89.23249053955078,92.46694946289062,90.5255355834961,80.81063842773438,65.58297729492188,46.291107177734375,30.151317596435547,19.01055145263672,7.102455139160156,8.998817443847656,23.044994354248047,45.42040252685547,81.12824249267578,110.50910186767578,137.29685974121094,135.62754821777344,120.20435333251953,106.95172119140625,95.72489929199219,92.49443817138672,87.85189056396484
2024-09-23,85.12286376953125,85.24202728271484,86.00948333740234,93.13507080078125,119.6676025390625,138.25877380371094,133.93045043945312,112.37197875976562,99.20149230957031,87.89571380615234,82.33236694335938,77.30278015136719,77.69519805908203,82.2320556640625,88.53571319580078,105.2023696899414,120.97708129882812,142.29934692382812,144.29718017578125,124.90425872802734,112.07567596435547,95.78291320800781,93.68821716308594,87.1559829711914
2024-09-24,84.75230407714844,83.31581115722656,85.33734130859375,90.67111206054688,117.42835998535156,142.3877716064453,142.77964782714844,117.04583740234375,96.54776000976562,82.70024871826172,73.0936508178711,65.61726379394531,64.34418487548828,70.4085693359375,80.80525207519531,101.2944564819336,120.22438049316406,135.88999938964844,113.44432067871094,89.257568359375,78.95567321777344,69.53150939941406,61.575496673583984,56.248077392578125
2024-09-25,43.40744400024414,41.38270950317383,45.87181091308594,54.11519241333008,77.79844665527344,104.0734634399414,104.65890502929688,93.47286987304688,75.65409851074219,63.22986602783203,57.55246353149414,51.85945510864258,54.24334716796875,67.05874633789062,86.91366577148438,114.74954986572266,137.99855041503906,160.82183837890625,132.49009704589844,101.56900024414062,89.6792984008789,80.07282257080078,78.20491027832031,72.13822174072266
2024-09-26,35.987388610839844,32.301944732666016,32.558448791503906,38.9512825012207,61.64848327636719,79.53191375732422,86.11717987060547,69.19402313232422,52.89334487915039,41.80519104003906,29.406707763671875,22.80663299560547,23.56003189086914,29.911540985107422,43.55592727661133,61.44910430908203,76.18525695800781,84.09173583984375,70.83383178710938,57.881141662597656,51.36050033569336,41.41697692871094,31.8065185546875,24.616188049316406
2024-09-27,-14.065528869628906,-13.61102294921875,-14.727409362792969,-8.197135925292969,10.67620849609375,19.452407836914062,16.34667205810547,11.579437255859375,-14.240142822265625,-21.213455200195312,-28.840606689453125,-37.316436767578125,-39.31342315673828,-33.88086700439453,-14.015922546386719,5.909431457519531,43.71668243408203,62.164649963378906,53.043128967285156,43.35028076171875,32.974334716796875,34.077335357666016,23.333984375,8.506393432617188
2024-09-28,22.963638305664062,21.49523162841797,19.255020141601562,22.633121490478516,37.07664489746094,27.25273895263672,31.317420959472656,29.22063446044922,23.610824584960938,5.7446746826171875,1.9848403930664062,-2.0687713623046875,-5.1697998046875,6.0536346435546875,16.667694091796875,29.765907287597656,54.67568588256836,80.56128692626953,78.53158569335938,70.53913879394531,62.033512115478516,58.72658157348633,51.299896240234375,50.09916687011719
2024-09-29,50.56281280517578,51.15900802612305,48.7224235534668,55.18590545654297,64.27930450439453,73.2934341430664,66.87142181396484,51.64706039428711,31.842605590820312,24.165035247802734,12.550674438476562,7.565666198730469,3.0173110961914062,13.750076293945312,33.22964096069336,57.41550064086914,80.35576629638672,98.82594299316406,87.22280883789062,64.21788787841797,57.89790344238281,48.57293701171875,47.81071472167969,43.87458038330078
2024-09-30,33.88679885864258,30.376419067382812,33.95521545410156,41.33543395996094,54.446739196777344,64.96368408203125,72.19635009765625,58.0949592590332,47.578975677490234,39.18836212158203,31.14023208618164,24.985164642333984,27.67310333251953,30.614089965820312,32.36957931518555,48.270835876464844,61.52494812011719,62.293312072753906,57.569793701171875,49.44091796875,38.38611602783203,32.7171745300293,24.637062072753906,21.869487762451172
2024-10-01,7.08673095703125,8.034347534179688,12.444625854492188,23.613025665283203,47.14628219604492,68.52815246582031,75.1143798828125,60.438629150390625,45.660064697265625,33.509830474853516,31.97030258178711,32.19816207885742,34.337467193603516,43.01057434082031,55.636680603027344,74.00871276855469,93.45696258544922,112.95600128173828,99.82756042480469,73.33015441894531,61.50322341918945,53.62816619873047,51.496421813964844,43.938472747802734
2024-10-02,76.70220184326172,75.48744201660156,77.04586791992188,81.5757064819336,98.34396362304688,116.52806091308594,116.02149200439453,106.35014343261719,93.12857055664062,84.36082458496094,76.68922424316406,72.90263366699219,71.23677062988281,76.77051544189453,86.32019805908203,100.14178466796875,115.82707214355469,129.96551513671875,119.76004028320312,100.78641510009766,91.1882095336914,82.5848159790039,77.80622100830078,71.52120971679688
2024-10-03,65.46304321289062,63.59294891357422,62.846622467041016,65.30435180664062,64.09729766845703,64.69442749023438,59.28577423095703,51.16735076904297,40.88889694213867,32.82085418701172,26.124588012695312,17.195331573486328,12.964241027832031,18.75601577758789,32.00829315185547,52.86017990112305,79.03624725341797,92.35212707519531,94.89395141601562,86.53764343261719,80.5663833618164,73.25148010253906,70.10647583007812,65.97603607177734
2024-10-04,82.2408447265625,81.25501251220703,83.35331726074219,89.60506439208984,112.44761657714844,133.83543395996094,141.8376922607422,128.944580078125,115.90036010742188,107.91808319091797,102.71351623535156,99.43235778808594,99.46299743652344,107.03440856933594,116.7879409790039,130.6008758544922,148.93441772460938,166.61366271972656,153.89138793945312,130.7152557373047,114.93213653564453,104.5060043334961,97.24987030029297,92.64836120605469
2024-10-05,85.96347045898438,83.82490539550781,82.7764663696289,83.35481262207031,88.68013763427734,91.85733795166016,91.03473663330078,85.33445739746094,77.10281372070312,70.12946319580078,66.60649871826172,57.59564208984375,53.27391815185547,57.254974365234375,67.4764404296875,80.92984771728516,93.52616119384766,106.59603881835938,107.69611358642578,98.97492218017578,92.98341369628906,84.01249694824219,76.91934204101562,71.46941375732422
2024-10-06,66.2193832397461,62.80419158935547,63.60040283203125,65.59860229492188,69.11430358886719,73.61894989013672,63.080684661865234,51.130775451660156,37.12385559082031,27.51178741455078,14.415756225585938,6.6577911376953125,5.919898986816406,15.194129943847656,32.03392028808594,57.66238784790039,78.27352905273438,88.8980484008789,79.5894546508789,62.899166107177734,52.19889831542969,45.091670989990234,40.34367752075195,37.48531723022461
2024-10-07,38.75932693481445,38.415348052978516,41.888301849365234,50.99264907836914,72.48318481445312,99.95513153076172,102.33265686035156,87.53672790527344,74.1582260131836,65.3659439086914,60.2169303894043,58.57297134399414,63.84821319580078,73.59611511230469,84.88754272460938,109.07121276855469,131.88656616210938,151.10879516601562,127.8875732421875,102.8984603881836,88.36248779296875,80.09980773925781,73.37528228759766,69.97467041015625
2024-10-08,60.38832473754883,59.099403381347656,60.40618896484375,64.09244537353516,83.09810638427734,107.99830627441406,116.7419662475586,110.28994750976562,98.19580078125,87.27242279052734,82.37538146972656,80.11774444580078,85.34226989746094,96.56702423095703,112.26067352294922,133.222900390625,154.7626190185547,176.4825439453125,147.41864013671875,115.01782989501953,100.112060546875,89.47866821289062,80.57404327392578,74.70376586914062
2024-10-09,61.70355987548828,59.99506759643555,60.52024459838867,67.08438873291016,85.3216323852539,109.28556823730469,114.25025939941406,101.85494232177734,84.74540710449219,76.07967376708984,69.42439270019531,66.69674682617188,66.04531860351562,76.12828063964844,90.31119537353516,109.63897705078125,126.76100158691406,141.54298400878906,114.24832153320312,87.92078399658203,73.56745147705078,65.08716583251953,59.227386474609375,53.51789093017578
2024-10-10,32.228302001953125,30.91960906982422,32.00596618652344,39.70139694213867,56.32538986206055,76.08783721923828,86.72576141357422,74.79403686523438,58.60750198364258,47.50492858886719,43.29978942871094,39.158111572265625,39.663753509521484,49.25566864013672,63.51575469970703,88.69696807861328,111.39674377441406,129.64474487304688,120.3291015625,101.62613677978516,89.0245132446289,83.62574005126953,75.06137084960938,72.35297393798828
2024-10-11,65.733642578125,65.48826599121094,69.44132995605469,81.29937744140625,109.3685302734375,135.9660186767578,133.8609619140625,112.67852020263672,92.44483184814453,79.89751434326172,71.03712463378906,64.79486083984375,66.27020263671875,74.99694061279297,86.46003723144531,113.3136978149414,135.69931030273438,163.2420654296875,143.3756866455078,115.33348846435547,102.030029296875,88.8117904663086,86.862060546875,82.05000305175781
2024-10-12,70.76863861083984,68.09681701660156,65.47904205322266,70.08049774169922,75.87994384765625,89.26443481445312,90.55428314208984,80.70140838623047,67.85333251953125,55.561737060546875,46.97547912597656,38.16963577270508,34.91188430786133,42.99348068237305,51.19339370727539,66.96600341796875,81.01156616210938,82.7686767578125,68.94158935546875,54.884681701660156,44.35820770263672,34.886959075927734,25.139633178710938,16.969627380371094
2024-10-13,-15.297805786132812,-21.13343048095703,-19.797393798828125,-27.583145141601562,-18.93915557861328,-24.380943298339844,-32.68394470214844,-49.18248748779297,-57.467063903808594,-76.74372863769531,-76.18834686279297,-80.08464050292969,-83.0560073852539,-80.81140899658203,-57.14158630371094,-23.639862060546875,25.632484436035156,47.836021423339844,51.39745330810547,47.80841064453125,40.901756286621094,38.34231948852539,28.026260375976562,23.855144500732422
2024-10-14,45.14313507080078,44.00424575805664,47.803932189941406,53.926490783691406,77.90978240966797,97.94209289550781,105.8252182006836,95.17102813720703,82.5287094116211,75.70861053466797,72.90316009521484,69.59019470214844,72.98056030273438,80.74899291992188,92.68197631835938,108.87419128417969,131.20919799804688,141.96507263183594,121.55082702636719,99.88506317138672,87.50281524658203,76.36103057861328,71.11419677734375,67.94054412841797
2024-10-15,82.26126861572266,80.26547241210938,80.43156433105469,83.67559814453125,102.42171478271484,128.305908203125,133.26760864257812,123.01696014404297,105.64186096191406,93.66688537597656,87.77079772949219,78.73567199707031,75.98526763916016,79.39694213867188,83.51644897460938,94.75175476074219,108.41495513916016,112.01614379882812,91.82460021972656,70.5946044921875,63.874019622802734,55.058719635009766,40.3661003112793,32.88698196411133
2024-10-16,21.352012634277344,20.180648803710938,19.705398559570312,29.61640167236328,47.26558303833008,69.18338012695312,67.32720947265625,51.59799575805664,32.89315414428711,22.049636840820312,8.188995361328125,7.154670715332031,5.930450439453125,16.600688934326172,40.65217971801758,73.60859680175781,92.57294464111328,110.50865936279297,87.52558898925781,61.780975341796875,53.10231399536133,44.81851577758789,34.63833999633789,31.52874755859375
2024-10-17,16.24871826171875,13.819549560546875,20.242778778076172,33.699546813964844,59.747806549072266,87.94686889648438,98.43669891357422,83.97087097167969,70.8375015258789,65.07377624511719,58.38597106933594,58.676597595214844,63.744056701660156,70.34600067138672,90.2033462524414,119.12787628173828,144.79714965820312,167.08729553222656,134.74996948242188,107.00825500488281,94.42504119873047,84.36721801757812,76.79413604736328,74.16988372802734
2024-10-18,80.83494567871094,81.35734558105469,83.14115905761719,91.93036651611328,117.3010482788086,142.94725036621094,145.28125,125.59525299072266,108.1056137084961,98.0913314819336,91.14386749267578,85.75909423828125,88.72797393798828,95.03868103027344,104.89582824707031,123.72089385986328,143.90963745117188,160.629638671875,135.7097625732422,110.20014953613281,97.54859161376953,83.92044067382812,79.46289825439453,75.54180908203125
2024-10-19,68.8768081665039,66.33001708984375,67.45721435546875,70.21295166015625,80.09883880615234,91.08078002929688,90.26838684082031,80.12408447265625,71.75253295898438,64.36722564697266,59.285255432128906,55.602943420410156,55.746673583984375,62.439308166503906,74.39186096191406,89.0003662109375,101.46003723144531,114.36573791503906,102.723388671875,90.3902587890625,83.08724975585938,75.45082092285156,70.58396911621094,67.30989837646484
2024-10-20,54.02214431762695,56.36237335205078,52.72997283935547,54.68998718261719,58.40522766113281,63.66394805908203,61.835060119628906,56.53860092163086,43.36956787109375,39.09171676635742,34.63618087768555,30.945995330810547,26.998119354248047,29.168384552001953,37.754234313964844,56.95957565307617,65.30828857421875,74.46648406982422,65.65604400634766,56.5411491394043,47.42875671386719,38.478118896484375,29.697124481201172,21.269775390625
2024-10-21,7.5627288818359375,6.05047607421875,8.845672607421875,21.825057983398438,47.024253845214844,75.9480972290039,84.64840698242188,70.88076782226562,58.64315414428711,50.231834411621094,49.05725860595703,50.67804718017578,55.83960723876953,63.571327209472656,76.11871337890625,102.09121704101562,135.5500946044922,155.17633056640625,126.15013885498047,102.03175354003906,87.31108093261719,79.9416275024414,76.43887329101562,70.36661529541016
2024-10-22,90.59416961669922,90.44819641113281,91.6007080078125,96.32793426513672,115.34523010253906,135.67164611816406,139.19741821289062,126.1696548461914,111.83316802978516,102.23622131347656,97.31668853759766,92.83987426757812,92.34890747070312,99.9976806640625,105.3224868774414,120.3186264038086,136.33770751953125,149.7640380859375,135.45606994628906,117.77799224853516,105.42129516601562,95.50093078613281,88.15367126464844,82.28659057617188
2024-10-23,76.96920013427734,77.18002319335938,78.26671600341797,86.15613555908203,111.47230529785156,131.94168090820312,133.90890502929688,116.25474548339844,98.37409210205078,88.24744415283203,80.4140396118164,77.74040222167969,77.8569107055664,85.29808044433594,93.7939453125,114.44111633300781,133.31460571289062,149.76455688476562,131.7476348876953,112.45035552978516,101.59461212158203,87.94493103027344,83.83827209472656,77.46665954589844
2024-10-24,92.38629913330078,89.41573333740234,89.69220733642578,93.51713562011719,108.4091796875,127.86382293701172,135.18017578125,124.68788146972656,112.3115234375,104.04020690917969,92.84491729736328,85.54174041748047,82.4955825805664,88.60758209228516,97.66658782958984,110.64726257324219,124.62153625488281,128.88003540039062,116.64373016357422,102.90493774414062,93.56568145751953,82.93889617919922,75.4903335571289,68.97373962402344
2024-10-25,85.4511947631836,84.82190704345703,85.14961242675781,93.0179672241211,112.58042907714844,132.6175537109375,137.57608032226562,123.61458587646484,108.90389251708984,102.73370361328125,96.2262191772461,90.79873657226562,90.41490936279297,96.0545883178711,103.85144805908203,119.98954010009766,135.22666931152344,152.31979370117188,143.7754364013672,127.02435302734375,112.45411682128906,101.08020782470703,96.17938232421875,89.84698486328125
2024-10-26,100.9968032836914,99.54264068603516,98.39424896240234,100.03523254394531,108.09957122802734,118.73592376708984,119.19384765625,110.99725341796875,98.500244140625,88.11052703857422,81.59207153320312,74.7809066772461,73.21223449707031,81.69969940185547,96.36289978027344,114.41706848144531,138.429931640625,148.91859436035156,132.4510955810547,114.16365051269531,104.85709381103516,96.77715301513672,90.00057220458984,84.91920471191406
2024-10-27,81.9150390625,80.60413360595703,79.40862274169922,79.1099624633789,78.89453125,80.4308853149414,83.18603515625,79.2431640625,75.67739868164062,71.17134094238281,68.82708740234375,62.59673309326172,59.77478790283203,65.39346313476562,74.37686157226562,93.18083953857422,110.34235382080078,123.25406646728516,119.81855010986328,109.64990997314453,103.06179809570312,97.7724609375,92.71795654296875,87.42291259765625
2024-10-28,88.27616882324219,87.6316146850586,87.8240737915039,92.31836700439453,106.69429016113281,121.97084045410156,125.66202545166016,117.38662719726562,107.83990478515625,100.16407775878906,95.62890625,92.25503540039062,91.62152862548828,96.93731689453125,105.09091186523438,117.36405181884766,132.05654907226562,148.55401611328125,144.7170867919922,126.0890121459961,115.4097900390625,104.68923950195312,99.79000854492188,94.30352020263672
2024-10-29,87.99258422851562,86.70877075195312,86.56658172607422,89.61139678955078,102.64680480957031,120.30345153808594,134.67477416992188,136.61090087890625,129.82037353515625,122.91267395019531,120.58968353271484,115.95878601074219,117.66017150878906,122.34132385253906,131.32998657226562,144.22952270507812,163.43739318847656,171.9517059326172,155.494140625,137.34100341796875,123.36466217041016,115.29422760009766,106.39579772949219,102.25445556640625
2024-10-30,102.41368865966797,100.51949310302734,100.26437377929688,105.54034423828125,118.61933898925781,139.3154754638672,153.0452117919922,148.41668701171875,141.2652130126953,135.43258666992188,130.08111572265625,124.08430480957031,122.35847473144531,127.76644897460938,133.15313720703125,147.24484252929688,164.27877807617188,173.3903350830078,163.6220703125,141.8779296875,129.35760498046875,117.1944351196289,108.99897003173828,106.9579849243164
2024-10-31,98.97032165527344,95.57505798339844,95.0606918334961,97.85163879394531,112.52714538574219,129.3408203125,141.73922729492188,130.78860473632812,121.39347076416016,111.82947540283203,104.37855529785156,97.18159484863281,93.95146179199219,96.64668273925781,103.9524154663086,115.150146484375,130.4892120361328,134.4093780517578,122.7686767578125,106.17645263671875,97.51639556884766,87.69205474853516,80.46768188476562,72.26673126220703
2024-11-01,60.120445251464844,58.81623840332031,57.382659912109375,60.47093963623047,65.15097045898438,72.99327087402344,78.85179901123047,76.60722351074219,72.95946502685547,70.97744750976562,65.47807312011719,63.460060119628906,59.58099365234375,66.50592041015625,75.627685546875,89.82966613769531,106.93647766113281,119.34622192382812,117.31179809570312,102.73908996582031,96.5472183227539,90.37488555908203,84.68994903564453,77.60315704345703
2024-11-02,81.9723892211914,80.12355041503906,81.18608093261719,81.4432373046875,92.26354217529297,102.46382141113281,110.87159729003906,110.88460540771484,104.04741668701172,97.7699203491211,94.61909484863281,90.09912109375,90.6607437133789,97.17786407470703,103.5959701538086,115.20711517333984,129.16006469726562,142.5796356201172,134.6211395263672,121.1434097290039,110.17225646972656,104.05364227294922,96.41305541992188,92.84571075439453
2024-11-03,89.21927642822266,87.52935791015625,87.10110473632812,87.0075454711914,90.53173065185547,95.01400756835938,94.08460998535156,86.52842712402344,74.08342742919922,66.97598266601562,61.76687240600586,57.112586975097656,54.350502014160156,60.23100280761719,75.98721313476562,92.9478988647461,111.27261352539062,128.93295288085938,129.6056671142578,117.14871215820312,106.91239166259766,98.31571197509766,94.86563110351562,87.06843566894531
2024-11-04,87.51478576660156,88.03490447998047,88.7420883178711,92.99454498291016,107.65449523925781,124.31874084472656,127.87165069580078,116.15780639648438,107.09146118164062,98.82110595703125,94.07244873046875,89.77700805664062,88.79134368896484,91.87765502929688,98.00325775146484,110.403076171875,124.51408386230469,143.46372985839844,138.7745819091797,124.48324584960938,110.70879364013672,100.48877716064453,95.69328308105469,92.67313385009766
2024-11-05,84.034912109375,84.19613647460938,85.699462890625,94.58568572998047,120.40269470214844,146.23312377929688,159.1154327392578,159.13714599609375,144.8369140625,133.03024291992188,132.26312255859375,128.11476135253906,129.90919494628906,136.00930786132812,148.40859985351562,165.21595764160156,184.60751342773438,198.08837890625,182.51126098632812,160.72645568847656,141.52804565429688,128.00596618652344,122.56977081298828,113.48448944091797
2024-11-06,112.80369567871094,111.5567398071289,113.63203430175781,120.9993896484375,145.92630004882812,178.05364990234375,197.78701782226562,193.09567260742188,177.64718627929688,167.31588745117188,157.10858154296875,156.30624389648438,165.3975830078125,179.05987548828125,198.1887969970703,217.1982421875,242.23171997070312,256.37103271484375,220.817626953125,186.45773315429688,164.15377807617188,151.45159912109375,141.20167541503906,137.56600952148438
2024-11-07,96.1048355102539,88.83216857910156,97.70452880859375,122.54067993164062,168.83749389648438,240.67648315429688,278.3697814941406,260.3743896484375,233.24649047851562,201.64993286132812,200.71334838867188,193.708251953125,213.00975036621094,233.70425415039062,272.0518798828125,314.7223205566406,359.09649658203125,371.8415222167969,289.4775695800781,221.42686462402344,181.89337158203125,156.38490295410156,138.0435791015625,142.87596130371094
2024-11-08,70.44595336914062,66.31096649169922,73.14105224609375,87.23162841796875,118.22728729248047,163.89573669433594,186.7047882080078,168.12965393066406,148.18609619140625,129.62803649902344,117.72146606445312,114.7635498046875,114.14764404296875,137.45404052734375,161.92623901367188,199.68963623046875,240.4204864501953,230.84323120117188,174.49447631835938,140.05661010742188,121.23328399658203,103.26261901855469,95.55238342285156,90.96731567382812
2024-11-09,88.2773666381836,87.47542572021484,88.25761413574219,92.81318664550781,103.4229965209961,119.66079711914062,128.79083251953125,128.23228454589844,120.76849365234375,116.51152801513672,115.3765869140625,109.27490997314453,101.642578125,109.84815979003906,127.37576293945312,152.62648010253906,175.1393280029297,189.63504028320312,171.94898986816406,151.07614135742188,143.72239685058594,133.57321166992188,124.22616577148438,113.53996276855469
2024-11-10,99.63318634033203,97.45123291015625,93.47940826416016,92.31441497802734,84.93803405761719,84.12926483154297,89.05470275878906,91.87680053710938,93.0786361694336,91.93722534179688,90.57535552978516,86.67071533203125,81.54591369628906,85.26205444335938,97.58441925048828,113.92305755615234,132.8075714111328,135.04376220703125,131.39361572265625,124.77948760986328,118.24678802490234,113.7646484375,105.3931655883789,99.65238189697266
2024-11-11,94.50825500488281,92.94606018066406,93.57711791992188,97.35355377197266,107.99418640136719,125.82933044433594,140.07081604003906,141.9883270263672,134.5309600830078,128.23721313476562,123.47423553466797,117.15994262695312,116.07096862792969,117.97276306152344,121.60110473632812,128.82276916503906,141.5211639404297,147.89170837402344,140.4275360107422,127.25756072998047,117.60637664794922,107.68843841552734,100.07283782958984,97.22789764404297
2024-11-12,112.62643432617188,111.214599609375,109.22301483154297,109.4989013671875,116.42256927490234,131.3920135498047,153.75498962402344,163.81712341308594,161.53163146972656,157.77264404296875,153.84957885742188,150.60247802734375,147.0098876953125,149.30715942382812,153.8115234375,160.22686767578125,171.1772003173828,172.63040161132812,164.30715942382812,150.81039428710938,135.07362365722656,127.08164978027344,114.38270568847656,113.57390594482422
2024-11-13,104.4564437866211,101.6170883178711,99.15550231933594,103.99844360351562,112.95030212402344,131.2002716064453,154.08908081054688,161.2932891845703,155.5539093017578,144.5506591796875,144.20755004882812,138.36639404296875,132.29742431640625,133.72010803222656,134.20120239257812,136.572021484375,148.51251220703125,150.00193786621094,136.51583862304688,122.84091186523438,111.47502136230469,102.68544006347656,96.39652252197266,93.12117767333984
2024-11-14,101.30866241455078,98.45648193359375,97.6908187866211,97.80004119873047,104.84918975830078,122.65290069580078,148.4103546142578,160.862060546875,155.61068725585938,150.06089782714844,145.24485778808594,140.25082397460938,138.61651611328125,143.2921142578125,142.97750854492188,151.65789794921875,162.71014404296875,158.19436645507812,149.4569549560547,133.57069396972656,120.72537994384766,116.72814178466797,103.48677825927734,100.62100982666016
2024-11-15,101.49578857421875,98.64898681640625,96.7048110961914,99.34070587158203,110.5806884765625,133.3717041015625,158.8470458984375,161.7406463623047,153.3870849609375,146.8686065673828,142.84176635742188,135.49525451660156,133.2933349609375,133.5508575439453,137.3617401123047,145.17103576660156,155.45188903808594,151.13656616210938,135.8152618408203,120.97404479980469,108.79120635986328,100.90751647949219,89.02415466308594,82.34912109375
2024-11-16,88.39082336425781,85.00897216796875,79.6184310913086,78.46771240234375,77.49488830566406,80.64216613769531,93.5421142578125,101.46802520751953,99.18257904052734,97.68228149414062,93.49726104736328,87.24890899658203,83.975341796875,88.47801208496094,96.14300537109375,100.96232604980469,112.57483673095703,111.20147705078125,100.95405578613281,92.66407012939453,83.42051696777344,80.55390167236328,68.84175109863281,65.55805206298828
2024-11-17,52.650390625,48.97431564331055,45.2308464050293,42.10488510131836,35.58372497558594,34.46324157714844,37.742156982421875,38.19026184082031,33.75486373901367,26.684524536132812,22.129013061523438,14.422401428222656,15.151580810546875,17.63186264038086,31.376407623291016,45.326560974121094,71.21940612792969,84.81207275390625,85.79234313964844,72.89645385742188,67.34303283691406,64.38490295410156,50.66551971435547,45.87896728515625
2024-11-18,39.82565689086914,39.44187927246094,39.38836669921875,46.1745719909668,56.80437088012695,78.83784484863281,97.61502075195312,100.25707244873047,95.15689849853516,87.25336456298828,84.23065948486328,82.89024353027344,81.739013671875,87.87931823730469,96.43403625488281,113.30811309814453,134.3574676513672,145.7052764892578,140.6691131591797,120.4625015258789,110.92012023925781,104.09430694580078,93.87873840332031,89.24561309814453
2024-11-19,87.23886108398438,84.88420104980469,84.1656494140625,85.47813415527344,92.3765869140625,103.15899658203125,113.54814147949219,118.02557373046875,113.99315643310547,108.72708129882812,105.31201171875,101.40998840332031,98.23745727539062,100.30399322509766,105.60184478759766,111.91278839111328,122.8819351196289,128.37261962890625,129.41188049316406,118.92349243164062,109.6166000366211,104.63367462158203,95.66801452636719,90.78620910644531
2024-11-20,71.31171417236328,71.00992584228516,68.49799346923828,68.83350372314453,74.665771484375,85.13699340820312,91.53621673583984,95.25530242919922,88.63417053222656,84.31623840332031,80.83425903320312,76.77494049072266,73.30843353271484,76.2759780883789,78.34339904785156,84.53887939453125,95.59381103515625,102.36720275878906,100.86408996582031,93.30765533447266,85.10368347167969,79.60355377197266,71.52462768554688,68.2762680053711
2024-11-21,87.22052764892578,85.03443908691406,83.12688446044922,86.24649047851562,96.86210632324219,105.59819793701172,122.29791259765625,125.63726806640625,120.14462280273438,114.67557525634766,112.52616119384766,107.10846710205078,108.12155151367188,114.44277954101562,121.92558288574219,129.63356018066406,147.28567504882812,154.61761474609375,145.61500549316406,134.65489196777344,122.06849670410156,115.99861145019531,107.3328857421875,104.38885498046875
2024-11-22,89.72716522216797,85.72857666015625,84.952392578125,84.72163391113281,92.9449234008789,105.72581481933594,115.33296203613281,113.51850891113281,103.31565856933594,95.5405502319336,87.30259704589844,80.03813934326172,70.61727905273438,69.72689819335938,73.27281188964844,80.05872344970703,92.79640197753906,100.82921600341797,97.12075805664062,87.25846862792969,77.14654541015625,72.4796371459961,58.967777252197266,51.834964752197266
2024-11-23,68.83964538574219,63.1988525390625,59.29167938232422,58.72435760498047,58.17704391479492,65.96158599853516,76.28839111328125,82.77117156982422,80.58170318603516,75.43951416015625,73.79094696044922,67.02469635009766,64.89840698242188,69.27686309814453,77.09540557861328,82.7220230102539,89.08135986328125,82.51512145996094,70.33766174316406,63.354637145996094,52.30242156982422,50.61985397338867,35.31035232543945,26.604671478271484
2024-11-24,-8.661277770996094,-10.036933898925781,-20.263824462890625,-16.91303253173828,-25.0208740234375,-27.324668884277344,-6.738090515136719,-1.632720947265625,8.202125549316406,0.3920135498046875,4.930412292480469,3.7916946411132812,-6.344329833984375,-1.0078659057617188,3.4994583129882812,26.920272827148438,63.2965087890625,71.93462371826172,57.80244445800781,43.36512756347656,46.552825927734375,46.23228454589844,25.498291015625,19.27404022216797
2024-11-25,-12.108467102050781,-12.777114868164062,-14.383651733398438,-4.70648193359375,7.018470764160156,26.10089874267578,44.72804260253906,52.81032943725586,49.3593635559082,43.419002532958984,40.656742095947266,37.04011535644531,39.11238098144531,48.826255798339844,57.455406188964844,74.30197143554688,91.95379638671875,102.51370239257812,94.65834045410156,82.27250671386719,77.8667221069336,73.65106201171875,64.34803009033203,59.40303039550781
2024-11-26,69.44573211669922,68.3094711303711,68.39798736572266,69.4417724609375,77.61714935302734,89.90414428710938,99.73511505126953,100.80543518066406,93.66950988769531,87.75418853759766,82.61287689208984,76.91321563720703,74.32131958007812,74.56929779052734,80.66050720214844,85.66864776611328,96.47718811035156,104.45108032226562,103.60147094726562,93.34719848632812,85.15547943115234,80.38485717773438,73.27607727050781,70.89997100830078
2024-11-27,106.97242736816406,103.52818298339844,101.41678619384766,105.88990020751953,118.11581420898438,139.71774291992188,160.93768310546875,157.51504516601562,144.828125,131.6060791015625,122.54154205322266,114.41868591308594,105.29702758789062,98.0895004272461,99.39141082763672,99.77884674072266,112.26654815673828,116.80735778808594,105.013916015625,90.66998291015625,85.91661071777344,76.30946350097656,58.886512756347656,52.66382598876953
2024-11-28,20.922779083251953,18.911216735839844,20.936004638671875,30.163997650146484,49.620418548583984,76.34779357910156,95.99430084228516,96.24188232421875,88.0438232421875,80.6432876586914,79.22888946533203,79.67860412597656,79.2725830078125,87.78678131103516,99.77468872070312,113.75054168701172,138.81639099121094,151.13070678710938,146.2535400390625,131.96884155273438,117.73481750488281,115.85073852539062,103.7613754272461,100.34575653076172
2024-11-29,112.64813232421875,110.54571533203125,109.97966003417969,113.67767333984375,127.56974792480469,147.40756225585938,171.01617431640625,171.99615478515625,165.29034423828125,157.14559936523438,147.74261474609375,143.31809997558594,141.41404724121094,140.91232299804688,140.9064483642578,147.79226684570312,158.08999633789062,160.21815490722656,150.66598510742188,136.88087463378906,124.57049560546875,116.41896057128906,107.10923767089844,104.9985122680664
2024-11-30,81.50460815429688,79.01233673095703,77.50067138671875,77.05166625976562,81.7179946899414,89.15354919433594,94.60607147216797,96.2903823852539,92.11249542236328,86.11244201660156,82.8258285522461,79.81951141357422,75.43020629882812,80.40359497070312,90.86865997314453,108.20915222167969,124.1939697265625,131.58169555664062,128.31759643554688,113.54280090332031,104.72654724121094,98.52957916259766,91.59724426269531,86.05564880371094
2024-12-01,90.2328109741211,88.31471252441406,83.90489196777344,83.33097076416016,88.72099304199219,95.28911590576172,98.63766479492188,95.35429382324219,86.79037475585938,79.67140197753906,74.01641082763672,68.1212158203125,64.45954895019531,70.4737777709961,79.8631820678711,93.66938018798828,110.268310546875,112.58818817138672,101.25416564941406,88.86570739746094,82.60800170898438,75.05241394042969,65.92031860351562,58.35890197753906
2024-12-02,66.02398681640625,62.70494079589844,62.746795654296875,68.22666931152344,80.6036605834961,102.03394317626953,121.93270874023438,129.51023864746094,125.2737045288086,117.31698608398438,112.530517578125,108.95736694335938,110.32195281982422,118.44525909423828,130.0518341064453,139.22525024414062,152.2860565185547,151.90322875976562,131.62860107421875,117.2251205444336,106.44005584716797,103.12197875976562,90.88394165039062,87.34358215332031
2024-12-03,101.06982421875,98.370361328125,94.77471160888672,97.3603286743164,105.48930358886719,123.6977767944336,140.86251831054688,149.39169311523438,143.1794891357422,139.2126007080078,137.9833984375,133.86607360839844,131.4324951171875,137.88626098632812,145.04327392578125,152.37083435058594,168.71754455566406,166.8251190185547,159.59042358398438,145.2091064453125,134.2093963623047,126.53430938720703,116.1746597290039,113.052978515625
2024-12-04,121.0707015991211,121.50066375732422,118.66070556640625,120.61219787597656,126.75157928466797,150.10507202148438,172.14285278320312,186.67294311523438,187.13226318359375,179.29849243164062,173.319580078125,165.52740478515625,168.59169006347656,162.8562774658203,168.65615844726562,178.96749877929688,182.4456024169922,184.70555114746094,166.0552520751953,147.15829467773438,134.11373901367188,132.14112854003906,116.81441497802734,116.85089111328125
2024-12-05,102.64674377441406,100.81763458251953,99.25382995605469,96.65955352783203,106.57471466064453,129.63302612304688,147.33226013183594,151.79627990722656,144.57667541503906,133.0732421875,125.61305236816406,118.18701171875,112.18588256835938,111.2085189819336,112.64497375488281,113.83079528808594,123.03880310058594,112.14030456542969,94.28289031982422,80.31228637695312,73.39527893066406,64.09149169921875,47.400394439697266,40.4857177734375
2024-12-06,22.273624420166016,20.718189239501953,18.089584350585938,20.40435791015625,32.097816467285156,52.02352523803711,78.72592163085938,94.15141296386719,93.4239501953125,88.10317993164062,92.48686218261719,91.47135925292969,87.82071685791016,96.74298095703125,106.1448745727539,120.88427734375,145.39712524414062,150.9938507080078,138.90269470214844,123.68971252441406,116.48880767822266,113.6670150756836,97.412841796875,94.82376861572266
2024-12-07,82.4775390625,78.43663787841797,76.07267761230469,74.53604888916016,76.759765625,76.14818572998047,87.72280883789062,95.79523468017578,97.61185455322266,96.05855560302734,96.0832748413086,92.26740264892578,87.74360656738281,91.98033905029297,96.6585922241211,105.91441345214844,119.929443359375,119.90213012695312,114.63129425048828,104.40452575683594,97.84636688232422,94.00542449951172,83.05374145507812,79.31025695800781
2024-12-08,64.93890380859375,62.03926467895508,61.05733871459961,58.96162414550781,59.47794723510742,65.37678527832031,77.83197021484375,87.0823745727539,90.2919692993164,88.39096069335938,88.46574401855469,85.71377563476562,84.70440673828125,86.08771514892578,89.43608093261719,91.56231689453125,101.70281982421875,102.54908752441406,95.87488555908203,84.6690902709961,78.5479736328125,75.32266998291016,68.95226287841797,61.115760803222656
2024-12-09,61.98143005371094,59.95014953613281,58.42603302001953,59.382118225097656,62.76326370239258,75.78823852539062,91.48713684082031,97.4516372680664,99.02906799316406,96.72479248046875,95.06631469726562,91.4175796508789,89.94459533691406,89.99491119384766,89.72209930419922,90.03966522216797,98.693359375,96.18234252929688,93.25886535644531,86.01936340332031,77.61287689208984,76.23771667480469,63.62519454956055,61.55744552612305
2024-12-10,101.37263488769531,97.88651275634766,95.86148071289062,97.43146514892578,105.2671127319336,122.94520568847656,146.93008422851562,160.7891845703125,159.16302490234375,154.1471405029297,152.409423828125,146.86355590820312,146.85037231445312,154.60618591308594,159.4554443359375,165.76536560058594,181.01959228515625,185.1552734375,175.70848083496094,156.55702209472656,142.40711975097656,135.77435302734375,122.5444107055664,119.64059448242188
2024-12-11,111.10151672363281,108.81037139892578,105.23470306396484,106.89029693603516,118.96214294433594,134.61325073242188,158.2464141845703,169.31837463378906,165.45736694335938,155.825439453125,156.01409912109375,151.472900390625,152.18850708007812,155.52352905273438,158.94525146484375,166.74920654296875,171.5615692138672,171.1518096923828,159.96681213378906,140.93048095703125,124.52708435058594,117.95652770996094,108.5701904296875,107.54801177978516
2024-12-12,112.52191162109375,111.32439422607422,109.64138793945312,108.64921569824219,118.41173553466797,148.8700714111328,183.04043579101562,204.83782958984375,205.71217346191406,187.8060302734375,191.96768188476562,179.95799255371094,178.86158752441406,183.66741943359375,190.4862060546875,197.488525390625,202.3591766357422,198.1436309814453,176.07469177246094,155.90841674804688,133.72145080566406,124.239990234375,109.05619049072266,109.12477111816406
2024-12-13,147.032958984375,143.43560791015625,141.6680908203125,149.25445556640625,174.838623046875,220.7342987060547,287.69427490234375,298.62139892578125,302.6070251464844,286.65643310546875,279.2510986328125,271.80072021484375,271.6337890625,291.27923583984375,305.2939758300781,329.85516357421875,353.6761474609375,324.4498291015625,282.78643798828125,228.90609741210938,193.81649780273438,165.39097595214844,144.70179748535156,143.73431396484375
2024-12-14,112.06248474121094,106.76405334472656,97.10920715332031,87.9086685180664,82.0803451538086,85.94648742675781,89.50666809082031,98.60433197021484,92.24971008300781,89.94883728027344,77.44309997558594,78.07404327392578,67.70809173583984,72.89993286132812,84.68006896972656,103.88605499267578,124.62532043457031,108.05512237548828,75.56004333496094,47.57514953613281,37.81268310546875,31.619277954101562,4.3822784423828125,-3.163787841796875
2024-12-15,52.215126037597656,47.411102294921875,32.551639556884766,30.53078842163086,25.3343505859375,27.54401397705078,49.018516540527344,61.410030364990234,69.4630126953125,55.20748519897461,57.885955810546875,51.75354766845703,48.700992584228516,51.19861602783203,65.41690826416016,81.53141021728516,106.71161651611328,91.36611938476562,67.4525375366211,43.38957977294922,41.041114807128906,43.95381546020508,18.93938446044922,9.316200256347656
2024-12-16,-14.209121704101562,-14.88360595703125,-14.120536804199219,-9.42767333984375,-6.31597900390625,16.06884765625,41.64911651611328,60.0409049987793,63.88071823120117,57.76363754272461,66.80101013183594,68.13096618652344,66.62901306152344,71.76602935791016,73.88169860839844,78.7112808227539,86.34564208984375,88.04976654052734,72.44375610351562,71.00634002685547,65.61148071289062,58.56584167480469,51.45384979248047,46.21929168701172
2024-12-17,26.717872619628906,22.65643310546875,23.505149841308594,25.833152770996094,36.12290954589844,55.909690856933594,78.70405578613281,76.24044799804688,75.27994537353516,68.23739624023438,60.542606353759766,61.8622932434082,60.500579833984375,68.79354858398438,73.9740982055664,84.59835815429688,100.75895690917969,100.17135620117188,95.05416870117188,82.60910034179688,74.1375732421875,70.21454620361328,59.73048400878906,56.85520935058594
2024-12-18,52.495182037353516,46.189857482910156,41.94950485229492,45.43525314331055,48.50802993774414,56.94511413574219,70.11944580078125,69.97920227050781,55.64278030395508,49.77378463745117,44.18391036987305,40.18781661987305,27.837886810302734,36.438541412353516,39.89536666870117,48.01390075683594,56.40748596191406,59.19373321533203,62.94084930419922,55.949249267578125,46.399269104003906,40.83149337768555,24.057952880859375,20.99859619140625
2024-12-19,-2.3474960327148438,-6.727058410644531,-13.156898498535156,-8.281944274902344,1.6598968505859375,26.632781982421875,53.29576873779297,63.09537887573242,62.70768737792969,56.193458557128906,55.8482551574707,56.892494201660156,44.771907806396484,54.80598831176758,59.444244384765625,66.52655029296875,73.73820495605469,81.81815338134766,64.86286926269531,52.18474578857422,47.88846206665039,51.586299896240234,32.73210144042969,26.939128875732422
2024-12-20,40.79990005493164,36.75749588012695,35.74018478393555,42.00831604003906,58.518394470214844,84.79378509521484,104.18560791015625,111.00056457519531,105.00540924072266,98.74061584472656,98.75045013427734,94.95848846435547,93.04507446289062,99.31805419921875,105.97413635253906,114.07486724853516,125.41917419433594,123.15837097167969,111.28511047363281,95.95118713378906,85.68699645996094,80.24806213378906,71.2523193359375,64.69010925292969
2024-12-21,21.340927124023438,15.90875244140625,8.456474304199219,7.410194396972656,4.5349578857421875,10.448226928710938,10.68145751953125,12.893562316894531,16.4166259765625,17.861007690429688,15.768379211425781,10.069801330566406,5.9415740966796875,7.780426025390625,10.374809265136719,12.07269287109375,14.41314697265625,22.087791442871094,10.883346557617188,7.054351806640625,5.4178924560546875,6.796905517578125,-8.829414367675781,-19.00312042236328
2024-12-22,-2.8094558715820312,-7.347480773925781,-10.354476928710938,-13.630134582519531,-11.360725402832031,-9.231475830078125,5.196540832519531,17.016647338867188,24.24254608154297,26.390193939208984,29.741573333740234,32.74180603027344,24.680889129638672,20.237571716308594,21.778968811035156,26.608901977539062,34.42720031738281,32.66314697265625,30.078285217285156,31.204246520996094,30.01007843017578,25.0638427734375,12.412826538085938,10.913406372070312
2024-12-23,27.85242462158203,22.083553314208984,22.396018981933594,22.727622985839844,26.75446319580078,34.122222900390625,43.44927215576172,52.97544860839844,53.15333938598633,51.201690673828125,39.37164306640625,40.961769104003906,43.633060455322266,48.13544464111328,48.42764663696289,58.95082473754883,72.38191223144531,77.35317993164062,73.00616455078125,65.59385681152344,64.18721771240234,63.04364776611328,56.948638916015625,50.17020797729492
2024-12-24,51.560272216796875,16.22015380859375,32.56407165527344,-7.766517639160156,17.178863525390625,39.06560516357422,-9.156608581542969,82.17132568359375,85.94972229003906,91.59918212890625,26.575210571289062,-23.94048309326172,-35.19590759277344,41.03549575805664,104.2514419555664,38.75627899169922,40.07855987548828,65.47530364990234,31.99054718017578,80.0223388671875,39.433494567871094,26.83496856689453,12.050895690917969,12.105270385742188
2024-12-25,86.96163177490234,86.12709045410156,82.1723861694336,77.95819091796875,75.52500915527344,71.59835815429688,80.07884979248047,89.27466583251953,95.51242065429688,96.70782470703125,95.97637176513672,95.54122924804688,92.17139434814453,95.0241470336914,106.2586441040039,113.18383026123047,123.79597473144531,124.98411560058594,116.96728515625,105.96804809570312,95.97915649414062,94.12962341308594,85.68162536621094,81.14783477783203
2024-12-26,79.12001037597656,78.90479278564453,78.63833618164062,81.48333740234375,82.6751708984375,84.84231567382812,87.29329681396484,87.74568176269531,86.38172912597656,84.15380096435547,79.7374496459961,74.96289825439453,74.91974639892578,75.45440673828125,87.35436248779297,97.07703399658203,112.7366714477539,116.60733032226562,113.87052917480469,104.80701446533203,95.2757797241211,89.84898376464844,82.2602310180664,81.50028228759766
2024-12-27,35.63837432861328,90.96926879882812,91.92337799072266,34.29181671142578,57.33329772949219,68.36076354980469,92.42281341552734,55.76154708862305,27.149986267089844,83.19309997558594,46.71144104003906,55.329383850097656,51.31041717529297,80.07909393310547,25.998672485351562,34.45429992675781,82.57084655761719,64.93335723876953,78.01373291015625,109.34420013427734,16.428604125976562,57.86433792114258,78.12405395507812,20.58715057373047
2024-12-28,106.74462127685547,105.48480987548828,100.41226196289062,101.19017028808594,102.42916870117188,105.43228912353516,114.32524871826172,117.64159393310547,114.25848388671875,112.13056945800781,109.40191650390625,106.25015258789062,101.58735656738281,106.18705749511719,114.47911834716797,123.02173614501953,137.0983428955078,143.27944946289062,136.9869842529297,127.16876220703125,116.45793914794922,113.2730712890625,104.54582214355469,99.13438415527344
2024-12-29,99.22257232666016,95.28627014160156,91.81208801269531,91.41712188720703,88.99989318847656,90.13821411132812,94.80311584472656,97.6341781616211,95.70042419433594,88.08868408203125,82.25365447998047,74.17761993408203,70.76756286621094,74.50653076171875,86.78424835205078,100.15086364746094,111.11157989501953,110.24665069580078,98.63580322265625,84.27922058105469,80.83937072753906,73.95897674560547,63.5863151550293,57.83686447143555
2024-12-30,63.84062194824219,62.32099151611328,58.34149932861328,57.804107666015625,65.082763671875,77.23593139648438,86.30274963378906,94.60277557373047,93.66644287109375,91.89159393310547,92.3936996459961,89.43816375732422,88.63935089111328,91.88377380371094,99.16110229492188,103.55519104003906,116.88898468017578,118.83724212646484,108.76832580566406,97.25294494628906,85.99845886230469,84.69267272949219,74.45062255859375,72.00953674316406
2024-12-31,50.287818908691406,46.337730407714844,39.028892517089844,37.573753356933594,40.71027374267578,47.97361755371094,58.86697769165039,65.00574493408203,64.07647705078125,60.83203125,57.58026123046875,55.504852294921875,52.40675354003906,54.2330436706543,51.00912857055664,47.35293197631836,54.542564392089844,51.09320831298828,49.048553466796875,42.848480224609375,35.06910705566406,34.13636779785156,19.131942749023438,12.837867736816406
2025-01-01,-17.17192840576172,-25.14202117919922,-31.6697998046875,-25.721168518066406,-28.501487731933594,-27.234146118164062,-28.291114807128906,-23.756919860839844,-20.124969482421875,-24.35112762451172,-28.811080932617188,-36.289276123046875,-34.70481872558594,-28.38774871826172,-27.39360809326172,-23.799720764160156,1.2543258666992188,29.803489685058594,28.487525939941406,18.507278442382812,13.809707641601562,13.061737060546875,-0.8340377807617188,-4.451141357421875
2025-01-02,8.452980041503906,5.104179382324219,4.7798919677734375,10.753631591796875,12.834030151367188,35.13269805908203,59.60768127441406,67.40238952636719,71.17422485351562,68.43397521972656,67.80225372314453,66.03724670410156,68.06838989257812,74.11943817138672,77.31134033203125,81.02710723876953,91.62109375,90.16520690917969,80.01583862304688,68.3414077758789,64.65288543701172,60.85869598388672,50.133445739746094,48.56855773925781
2025-01-03,73.80422973632812,70.4249267578125,67.32633972167969,67.93158721923828,72.16378784179688,83.73734283447266,95.57845306396484,100.86021423339844,96.06221771240234,91.8721694946289,86.60121154785156,83.60516357421875,82.16600036621094,85.76885223388672,90.7710952758789,94.32525634765625,104.68330383300781,106.68666076660156,101.20319366455078,92.07511901855469,82.442626953125,82.25598907470703,71.0738525390625,65.84861755371094
2025-01-04,84.72521209716797,83.51740264892578,81.52149200439453,82.67937469482422,87.19239807128906,96.34496307373047,107.97671508789062,113.41744232177734,113.33130645751953,108.43141174316406,106.68128967285156,102.21625518798828,98.78439331054688,102.77131652832031,107.61082458496094,113.5379409790039,124.50552368164062,129.90628051757812,125.80268859863281,111.00083923339844,101.27490997314453,95.53733825683594,85.71674346923828,81.40721130371094
2025-01-05,91.80830383300781,85.9073715209961,83.1565170288086,76.00881958007812,75.87673950195312,70.71957397460938,74.34838104248047,74.93443298339844,70.44757080078125,61.51988220214844,59.89636993408203,55.0538444519043,46.40753936767578,51.07386779785156,57.948394775390625,56.38978576660156,69.89739990234375,70.195068359375,55.33329772949219,46.94171905517578,41.42140197753906,39.44305419921875,23.77147674560547,17.51581573486328
2025-01-06,11.652839660644531,7.278099060058594,5.126869201660156,1.8765792846679688,5.355506896972656,17.88897705078125,34.33036804199219,43.151668548583984,48.28053283691406,47.05254364013672,45.06979751586914,40.505126953125,38.32074737548828,40.07643127441406,43.23136901855469,37.25865173339844,42.13011169433594,44.56733703613281,36.79370880126953,30.116111755371094,26.67723846435547,25.470687866210938,17.207427978515625,7.185066223144531
2025-01-07,10.283821105957031,10.134468078613281,8.022026062011719,8.896705627441406,28.92015838623047,43.82212829589844,56.23723220825195,58.973262786865234,53.91717529296875,54.25006866455078,49.967777252197266,49.07904052734375,41.943363189697266,45.34205627441406,53.172542572021484,58.49123764038086,62.00371551513672,63.398773193359375,57.23937225341797,47.0286865234375,38.42334747314453,38.853912353515625,31.648529052734375,26.343597412109375
2025-01-08,51.77501678466797,49.792762756347656,45.88792419433594,47.45822525024414,55.0168342590332,69.97688293457031,81.69317626953125,92.14759826660156,90.41006469726562,86.59892272949219,81.92562866210938,81.17301177978516,77.50910186767578,84.32334899902344,92.05779266357422,98.23637390136719,108.78530883789062,113.74613952636719,107.5404281616211,94.50751495361328,82.68608093261719,83.93415069580078,74.45150756835938,73.29310607910156
2025-01-09,97.3355484008789,94.1455307006836,93.42449188232422,94.95834350585938,100.5510025024414,118.229248046875,133.07546997070312,138.0621795654297,131.0332794189453,122.32527160644531,116.60638427734375,111.6348876953125,107.61727142333984,105.57939910888672,104.28509521484375,107.92821502685547,114.99079895019531,113.6471176147461,108.29753875732422,97.78913879394531,88.38204193115234,82.35684967041016,68.85964965820312,64.14009094238281
2025-01-10,87.56002044677734,84.05399322509766,81.16154479980469,82.60172271728516,86.17582702636719,97.83404541015625,115.18254089355469,123.73239135742188,119.10986328125,114.49569702148438,112.16969299316406,108.91410827636719,108.7071533203125,115.755615234375,127.03357696533203,136.46124267578125,153.46766662597656,154.54312133789062,145.80062866210938,134.78842163085938,126.24739074707031,122.06856536865234,110.24665069580078,107.90182495117188
2025-01-11,91.76026916503906,89.31754302978516,86.94711303710938,87.5389404296875,91.62226867675781,96.88897705078125,106.98919677734375,111.90837860107422,109.70531463623047,103.33709716796875,99.57860565185547,93.005615234375,87.98822784423828,90.39769744873047,96.48170471191406,104.20552062988281,114.91699981689453,119.7048568725586,114.75010681152344,106.50352478027344,100.41058349609375,96.83934783935547,88.8037109375,84.88489532470703
2025-01-12,94.15705108642578,89.81844329833984,85.18975067138672,83.39790344238281,84.81666564941406,86.1101303100586,95.1052017211914,103.49848937988281,106.53582763671875,105.28890228271484,106.39744567871094,102.57652282714844,103.1599349975586,109.02777862548828,118.21113586425781,128.6332244873047,149.40789794921875,151.79083251953125,148.94691467285156,141.50936889648438,131.5006866455078,129.40325927734375,119.20475769042969,117.49142456054688
2025-01-13,94.28340148925781,91.46476745605469,92.64765930175781,95.01918029785156,105.2436752319336,120.64816284179688,136.82789611816406,140.68609619140625,131.073486328125,121.60836029052734,112.1993408203125,107.4813232421875,107.69578552246094,106.86138153076172,112.38214111328125,119.08842468261719,130.8587646484375,130.39601135253906,124.99853515625,111.44170379638672,102.22505950927734,97.34898376464844,87.6283187866211,83.81744384765625
2025-01-14,102.21056365966797,99.63524627685547,98.47016143798828,100.67056274414062,108.53601837158203,120.15312194824219,132.38162231445312,135.89390563964844,123.88642883300781,115.21624755859375,110.89897918701172,105.29963684082031,104.13694763183594,104.964599609375,112.71438598632812,125.52391815185547,144.03932189941406,149.96945190429688,144.30604553222656,129.6439971923828,120.67958068847656,117.54475402832031,108.94506072998047,103.98220825195312
2025-01-15,117.54910278320312,111.98749542236328,110.53474426269531,114.18942260742188,123.44121551513672,146.89303588867188,185.74172973632812,201.12521362304688,195.7395782470703,192.01690673828125,190.41046142578125,183.18862915039062,183.67308044433594,192.0438995361328,198.80694580078125,202.58468627929688,218.24908447265625,219.62498474121094,211.03843688964844,188.6851806640625,163.40301513671875,160.71859741210938,139.7390899658203,138.61106872558594
2025-01-16,116.43050384521484,112.64945220947266,110.6947021484375,113.61760711669922,123.79867553710938,144.4212188720703,171.8821258544922,179.65716552734375,165.30963134765625,159.88043212890625,154.9251708984375,148.78428649902344,150.53500366210938,158.7556915283203,168.01553344726562,174.10467529296875,185.59027099609375,184.54013061523438,167.63021850585938,149.4463653564453,134.04806518554688,123.69184875488281,115.85885620117188,112.45765686035156
2025-01-17,120.61517333984375,118.6511001586914,117.51396179199219,121.15776062011719,138.44647216796875,164.93101501464844,192.20693969726562,196.11395263671875,187.7002716064453,178.8401336669922,170.7305908203125,161.10107421875,157.567626953125,165.53619384765625,171.64588928222656,182.25314331054688,198.65524291992188,196.6702880859375,181.05050659179688,156.81524658203125,144.09283447265625,131.31224060058594,120.98689270019531,120.83641052246094
2025-01-18,124.71229553222656,120.81099700927734,118.21598815917969,116.30802154541016,119.59654998779297,128.38299560546875,139.38198852539062,145.95175170898438,147.29476928710938,142.9226531982422,136.84368896484375,131.9313201904297,129.52577209472656,132.95587158203125,142.06951904296875,155.5734405517578,173.64013671875,180.82301330566406,173.33956909179688,163.0110626220703,152.50152587890625,146.71844482421875,134.99746704101562,130.2021026611328
2025-01-19,123.66786193847656,121.93508911132812,119.06976318359375,119.04495239257812,122.00646209716797,122.45974731445312,131.2063446044922,131.69888305664062,128.45680236816406,122.41036224365234,119.2909164428711,110.799560546875,105.1073989868164,110.99913024902344,120.9105224609375,135.4794921875,154.80340576171875,167.88771057128906,164.78976440429688,154.85972595214844,143.65011596679688,137.1761932373047,128.06556701660156,123.3931884765625
2025-01-20,111.71553039550781,109.3179931640625,108.93133544921875,118.13496398925781,135.2118377685547,163.3406524658203,204.7664337158203,216.70703125,209.7925567626953,197.68385314941406,192.4326171875,188.1383819580078,193.068603515625,199.4266357421875,212.85269165039062,225.73696899414062,239.69993591308594,240.32638549804688,211.77630615234375,186.86163330078125,166.03306579589844,149.48199462890625,135.71607971191406,133.46128845214844
2025-01-21,126.97149658203125,123.06310272216797,121.1769027709961,123.5556640625,141.92547607421875,167.27340698242188,196.2439727783203,205.17672729492188,190.8312530517578,173.587890625,168.2207489013672,162.70755004882812,161.11923217773438,168.683349609375,187.29122924804688,206.2177734375,225.89773559570312,231.2098388671875,208.45643615722656,181.20147705078125,160.32763671875,148.48568725585938,133.14480590820312,135.3308868408203
2025-01-22,121.35734558105469,120.84684753417969,119.7774658203125,123.47807312011719,135.03585815429688,166.89889526367188,193.47613525390625,197.9593505859375,187.22525024414062,166.87950134277344,156.229248046875,146.45303344726562,140.77056884765625,142.6591339111328,153.88693237304688,165.77719116210938,180.66116333007812,177.29006958007812,153.25120544433594,128.55575561523438,112.89740753173828,104.61101531982422,90.6421890258789,88.87586212158203
2025-01-23,107.97966766357422,103.79547882080078,103.63725280761719,104.50347900390625,118.83766174316406,139.85064697265625,160.63282775878906,159.1953887939453,145.58958435058594,128.08680725097656,117.7806625366211,109.91905975341797,109.36299133300781,109.05913543701172,114.74852752685547,127.53524017333984,141.88113403320312,139.65110778808594,115.13214874267578,89.13150024414062,79.29450988769531,72.07035064697266,52.541194915771484,43.97919464111328
2025-01-24,62.596946716308594,60.2663688659668,55.72509765625,53.80438232421875,67.78510284423828,82.92012023925781,106.2386245727539,116.63558197021484,107.32101440429688,101.20291900634766,93.84487915039062,89.35284423828125,87.2935791015625,89.2997817993164,90.11381530761719,92.81090545654297,100.55587005615234,99.04608154296875,90.17861938476562,82.23448181152344,73.07962799072266,72.41740417480469,58.005950927734375,50.395931243896484
2025-01-25,63.89808654785156,61.80933380126953,61.82017135620117,63.133056640625,66.49514770507812,71.20622253417969,78.02222442626953,84.82125854492188,83.71492767333984,81.4487075805664,79.2715835571289,77.72793579101562,73.53573608398438,78.81212615966797,85.24897003173828,103.81611633300781,126.62235260009766,136.8919677734375,136.96090698242188,131.83871459960938,124.55767822265625,119.18331146240234,109.70915222167969,104.57271575927734
2025-01-26,92.41905212402344,88.06072998046875,85.82172393798828,86.88458251953125,92.87177276611328,104.29064178466797,115.4031753540039,114.30501556396484,107.30096435546875,98.85604858398438,90.6650619506836,83.77330780029297,81.04743957519531,80.25431823730469,84.64256286621094,92.07361602783203,103.84259796142578,108.11343383789062,94.25068664550781,80.72413635253906,72.28067016601562,65.78952026367188,54.16314697265625,45.609886169433594
2025-01-27,3.098785400390625,0.4874420166015625,-1.7580337524414062,5.4599761962890625,17.79163360595703,42.4892578125,62.17607879638672,56.83333969116211,55.83975601196289,49.43901062011719,39.62218475341797,46.24534225463867,36.082313537597656,39.94493865966797,49.07482147216797,64.59507751464844,90.60853576660156,90.57160949707031,82.82711029052734,74.69061279296875,65.07963562011719,60.94805908203125,50.35960006713867,44.285091400146484
2025-01-28,61.680912017822266,62.10337829589844,61.99320983886719,66.64634704589844,76.5163345336914,94.27227020263672,112.1990737915039,117.43600463867188,111.57728576660156,103.7427749633789,100.3348388671875,98.56880187988281,97.12855529785156,98.41940307617188,102.17536163330078,108.01876068115234,117.9432144165039,120.34319305419922,107.3345947265625,94.13248443603516,85.1469955444336,80.10594177246094,71.15151977539062,65.67960357666016
2025-01-29,69.00724029541016,66.99444580078125,67.63017272949219,70.84999084472656,80.37553405761719,90.26669311523438,98.35340118408203,94.68622589111328,86.84130859375,81.62487030029297,75.54885864257812,71.6871109008789,68.49482727050781,68.43911743164062,73.19676208496094,79.96287536621094,89.39856719970703,97.99044799804688,101.11030578613281,94.75286102294922,88.03511047363281,80.99357604980469,77.13436126708984,71.40645599365234
2025-01-30,91.37370300292969,88.0781021118164,88.1387710571289,89.6702651977539,96.78357696533203,120.57006072998047,147.08453369140625,154.53173828125,144.76876831054688,133.7835235595703,126.97417449951172,122.9088363647461,123.7981185913086,129.51052856445312,140.1951446533203,148.46971130371094,162.0933380126953,165.28233337402344,151.12791442871094,134.49990844726562,118.24225616455078,111.26292419433594,102.00770568847656,100.25260162353516
2025-01-31,103.57218170166016,103.48143768310547,103.51873016357422,109.75955200195312,124.64724731445312,146.80433654785156,170.34068298339844,169.70645141601562,158.2281951904297,147.46188354492188,136.81317138671875,131.26724243164062,130.26425170898438,137.752685546875,149.26881408691406,166.15548706054688,184.8431854248047,195.62289428710938,182.3769073486328,159.28546142578125,146.82968139648438,137.25735473632812,127.30366516113281,123.25640106201172
2025-02-01,116.958740234375,115.66566467285156,114.03096008300781,116.15071868896484,124.98814392089844,134.07521057128906,142.0886688232422,136.25640869140625,125.85154724121094,117.0909194946289,111.37702178955078,106.85287475585938,107.3130874633789,110.48628234863281,121.04731750488281,135.95245361328125,154.52609252929688,168.75335693359375,167.4159698486328,152.0496826171875,140.8115234375,131.78631591796875,124.49356842041016,120.41183471679688
2025-02-02,126.43527221679688,123.31596374511719,121.26240539550781,119.38328552246094,118.74559783935547,122.13915252685547,128.2532958984375,130.17979431152344,125.16145324707031,118.67700958251953,115.93006134033203,109.06309509277344,105.9429931640625,113.02896118164062,124.29165649414062,142.79067993164062,164.36912536621094,174.64532470703125,170.0756072998047,160.83660888671875,153.84121704101562,147.77008056640625,139.11134338378906,130.90206909179688
2025-02-03,126.17778778076172,123.44766998291016,123.63434600830078,127.7232666015625,148.05320739746094,168.98605346679688,191.40184020996094,184.89877319335938,170.74346923828125,156.94869995117188,146.31292724609375,140.80941772460938,138.81353759765625,140.98367309570312,150.8833770751953,167.3946075439453,190.50350952148438,198.05239868164062,186.73391723632812,168.32359313964844,155.233642578125,142.42471313476562,132.0276336669922,130.0546417236328
2025-02-04,120.2256088256836,118.93777465820312,119.3386459350586,121.2294692993164,137.7086944580078,162.2359619140625,177.4158935546875,167.1416015625,158.3596649169922,142.30374145507812,132.56712341308594,123.853759765625,119.54574584960938,123.22388458251953,132.9082794189453,144.8858642578125,163.37225341796875,163.337646484375,145.26844787597656,130.3847198486328,118.5332260131836,104.66243743896484,95.37486267089844,90.76224517822266
2025-02-05,119.78688049316406,117.75405883789062,115.67311096191406,117.07835388183594,131.2251739501953,149.14405822753906,168.1844024658203,175.1893768310547,162.8525848388672,152.65682983398438,148.9221649169922,145.56033325195312,142.83811950683594,150.9560546875,162.23306274414062,177.44082641601562,198.07199096679688,204.72439575195312,202.93270874023438,185.0894317626953,170.01956176757812,160.54098510742188,146.3970184326172,143.32315063476562
2025-02-06,135.15005493164062,131.34396362304688,128.85205078125,132.087158203125,147.77813720703125,170.22003173828125,194.74166870117188,204.50369262695312,184.3901824951172,168.0128173828125,161.34115600585938,146.35646057128906,143.98046875,145.28448486328125,154.50808715820312,163.63111877441406,180.08241271972656,176.25144958496094,158.4897918701172,141.79156494140625,125.44102478027344,117.22555541992188,99.80155181884766,98.87211608886719
2025-02-07,93.57615661621094,90.85897064208984,91.7700424194336,96.41585540771484,111.54740142822266,130.95372009277344,145.82440185546875,144.73094177246094,134.05709838867188,124.39833068847656,117.20945739746094,111.98380279541016,110.3994369506836,114.84178161621094,119.67037200927734,132.4697265625,146.9317626953125,152.1045379638672,145.0247802734375,132.2664794921875,117.52574920654297,111.11283874511719,101.48721313476562,96.27037048339844
2025-02-08,78.55801391601562,76.94905090332031,75.18109130859375,75.908935546875,78.33328247070312,80.91895294189453,86.95054626464844,87.13172912597656,80.10877227783203,74.5218276977539,72.16971588134766,67.25084686279297,65.83169555664062,70.31940460205078,84.98961639404297,104.26626586914062,131.3169708251953,142.32810974121094,142.00938415527344,134.1628875732422,125.14730834960938,117.89959716796875,111.85285186767578,105.45082092285156
2025-02-09,131.4846954345703,126.07795715332031,124.03409576416016,121.41667938232422,120.11167907714844,121.24346160888672,125.2421875,121.34681701660156,121.3314437866211,116.51446533203125,113.27188873291016,106.24050903320312,99.58299255371094,101.01177215576172,112.32575225830078,131.00286865234375,152.21029663085938,161.67428588867188,159.0385284423828,148.2464599609375,141.95974731445312,135.6671142578125,125.53279876708984,117.62545776367188
2025-02-10,116.64299011230469,113.11949920654297,110.93896484375,115.41303253173828,129.78163146972656,154.4401092529297,172.74322509765625,175.31643676757812,160.38623046875,144.01385498046875,135.90509033203125,124.8497314453125,119.25157165527344,119.02339172363281,119.67639923095703,130.5746307373047,142.02459716796875,137.4816436767578,124.6564712524414,108.64505767822266,98.32755279541016,88.52586364746094,72.29393005371094,68.34994506835938
2025-02-11,62.30897521972656,58.99759292602539,58.66864013671875,61.39278793334961,73.96012115478516,98.03960418701172,118.65013122558594,127.18649291992188,120.61119079589844,109.67040252685547,107.48704528808594,102.58793640136719,105.778564453125,112.61790466308594,122.53788757324219,137.11813354492188,155.4333953857422,160.8155059814453,145.46507263183594,129.22532653808594,117.74439239501953,114.54443359375,102.02532958984375,99.37591552734375
2025-02-12,129.47381591796875,126.75465393066406,124.03404998779297,128.53738403320312,139.2920379638672,156.3883056640625,171.45201110839844,177.39218139648438,168.6395263671875,155.64816284179688,149.8754119873047,141.03712463378906,135.21356201171875,140.00326538085938,148.0081787109375,157.43844604492188,173.05397033691406,180.49728393554688,182.9525604248047,173.24847412109375,161.47433471679688,151.95736694335938,138.57156372070312,136.05923461914062
2025-02-13,135.24954223632812,132.9605712890625,131.54934692382812,134.5587921142578,146.83299255371094,169.59609985351562,190.04754638671875,193.74700927734375,183.0832061767578,174.46832275390625,165.8560791015625,152.398193359375,149.35752868652344,149.04788208007812,156.3306884765625,164.36337280273438,185.0222625732422,188.47933959960938,180.43356323242188,163.84439086914062,150.49478149414062,141.28787231445312,129.04830932617188,125.0435791015625
2025-02-14,141.6923828125,138.9815216064453,134.44659423828125,136.63906860351562,148.8470458984375,164.61082458496094,189.98130798339844,206.60565185546875,201.43260192871094,201.5649871826172,193.44662475585938,187.35421752929688,182.65036010742188,179.72418212890625,190.58688354492188,207.48635864257812,219.9895782470703,218.32034301757812,205.8162078857422,188.47877502441406,170.80557250976562,158.55149841308594,143.409423828125,142.4661865234375
2025-02-15,128.32205200195312,125.69032287597656,123.73638916015625,126.40685272216797,130.90074157714844,143.14511108398438,153.75025939941406,152.62692260742188,142.6623077392578,133.8031005859375,129.25526428222656,124.84649658203125,120.36189270019531,122.71829223632812,136.4180145263672,156.57725524902344,178.75680541992188,189.46372985839844,179.3214111328125,158.69517517089844,144.5504150390625,137.0645751953125,125.95111083984375,120.73426818847656
2025-02-16,128.0088348388672,126.37467193603516,121.48008728027344,119.49516296386719,115.48385620117188,115.54808807373047,128.84226989746094,136.9851531982422,131.38217163085938,126.73068237304688,123.533203125,114.68986511230469,114.24417877197266,119.81877136230469,135.43646240234375,150.10140991210938,172.33802795410156,180.33950805664062,172.80880737304688,167.77468872070312,159.11245727539062,155.92117309570312,143.91506958007812,140.65785217285156
2025-02-17,121.59547424316406,119.55049133300781,119.88198852539062,126.30471801757812,141.52316284179688,173.75059509277344,200.096435546875,193.64901733398438,172.45126342773438,154.68402099609375,145.24270629882812,136.919677734375,136.5155029296875,148.70974731445312,166.39894104003906,193.72479248046875,215.76449584960938,233.45074462890625,207.79722595214844,178.9610595703125,162.99871826171875,150.13784790039062,137.6275634765625,138.7117919921875
2025-02-18,116.62649536132812,116.31912994384766,117.42868041992188,119.010498046875,137.74940490722656,165.1765594482422,174.5581817626953,162.49639892578125,138.74209594726562,119.015869140625,104.76634979248047,96.18425750732422,96.638916015625,103.7563705444336,123.16272735595703,148.59051513671875,172.69615173339844,185.3703155517578,164.4246368408203,136.42666625976562,120.14250183105469,111.68643951416016,106.46573638916016,102.09588623046875
2025-02-19,109.72423553466797,105.7022476196289,104.4516372680664,107.24288940429688,116.31672668457031,135.4242706298828,149.75914001464844,144.82730102539062,123.54026794433594,107.0477294921875,98.04475402832031,89.95664978027344,85.7157211303711,91.49794006347656,102.20304870605469,119.8270492553711,142.4397735595703,150.6430206298828,142.90301513671875,128.01991271972656,117.27413177490234,114.00376892089844,107.47050476074219,104.33059692382812
2025-02-20,81.03425598144531,76.63113403320312,76.4843521118164,79.72249603271484,89.53025817871094,104.84790802001953,118.81178283691406,118.93712615966797,110.97665405273438,104.28861236572266,96.17205810546875,91.64666748046875,89.42869567871094,93.61837005615234,99.96385955810547,109.72177124023438,123.06137084960938,128.89784240722656,124.12047576904297,113.29632568359375,106.38178253173828,102.83619689941406,92.76252746582031,88.12560272216797
2025-02-21,76.4615249633789,74.98153686523438,75.44058227539062,77.93959045410156,91.37200927734375,108.91960144042969,128.82064819335938,131.80018615722656,120.99054718017578,111.59497833251953,103.7381591796875,95.21151733398438,91.81536102294922,91.9540786743164,95.40367126464844,102.14046478271484,113.4925308227539,115.58827209472656,108.38494110107422,95.39317321777344,91.1319580078125,85.26932525634766,77.33531951904297,73.52564239501953
2025-02-22,44.528594970703125,42.7175407409668,42.25180435180664,40.899322509765625,44.82658004760742,53.4793701171875,59.59016036987305,60.030906677246094,55.54446792602539,50.518768310546875,46.49104690551758,38.483436584472656,34.54354476928711,40.552982330322266,49.6691780090332,62.5901985168457,84.98802947998047,90.87844848632812,94.75629425048828,82.93441772460938,76.26445770263672,70.14332580566406,64.77642822265625,57.99925994873047
2025-02-23,70.79071044921875,70.36137390136719,68.81410217285156,68.45645904541016,72.67742919921875,79.63160705566406,85.1553955078125,86.14027404785156,81.70330047607422,79.34626770019531,74.56687927246094,77.82260131835938,72.59196472167969,73.05563354492188,79.90972137451172,92.03952026367188,105.90188598632812,108.83497619628906,106.56114959716797,95.73766326904297,87.84294891357422,81.63124084472656,77.94891357421875,70.61256408691406
2025-02-24,54.25007629394531,52.0624885559082,52.54924011230469,55.366241455078125,66.75079345703125,78.89762115478516,86.5382080078125,82.11309814453125,74.40780639648438,67.19844055175781,62.419654846191406,56.88772964477539,55.830997467041016,59.886871337890625,67.30136108398438,81.87255096435547,93.80699157714844,106.71626281738281,103.98649597167969,91.99404907226562,83.2959213256836,77.18795776367188,71.92094421386719,66.44950866699219
2025-02-25,99.89185333251953,96.9549560546875,96.77632141113281,101.7870864868164,119.82128143310547,147.82212829589844,178.5156707763672,185.20648193359375,173.74229431152344,162.5062713623047,153.25909423828125,148.05332946777344,149.55926513671875,153.5525665283203,163.042236328125,177.75830078125,194.25257873535156,200.26751708984375,186.61338806152344,161.5095672607422,141.92752075195312,135.49298095703125,119.05409240722656,118.29676818847656
2025-02-26,96.87202453613281,95.51856231689453,95.53152465820312,97.58346557617188,108.06584167480469,124.86333465576172,139.54571533203125,140.15472412109375,130.86410522460938,122.775390625,116.9306640625,112.15811157226562,111.94477844238281,114.97398376464844,121.25927734375,125.9263916015625,137.03155517578125,142.689208984375,135.30075073242188,120.98682403564453,109.20539093017578,102.88724517822266,92.38286590576172,88.41410064697266
2025-02-27,89.17170715332031,87.10073852539062,87.93260955810547,91.08287048339844,107.74920654296875,127.82514953613281,144.4482879638672,142.8460693359375,130.1860809326172,121.21781158447266,114.42912292480469,108.67005920410156,108.84122467041016,116.3920669555664,124.86856842041016,140.50714111328125,159.69142150878906,169.1729278564453,159.53109741210938,139.3601837158203,123.88880157470703,115.4957275390625,106.97620391845703,103.58771514892578
2025-02-28,109.51022338867188,109.1209716796875,106.66187286376953,110.86784362792969,121.71894836425781,138.3115692138672,156.11753845214844,156.65179443359375,143.3984375,133.16104125976562,127.44761657714844,122.7791748046875,120.71142578125,125.06346130371094,135.30032348632812,148.85641479492188,168.64283752441406,178.4173126220703,168.1352081298828,147.69857788085938,131.83175659179688,123.4657211303711,115.98442840576172,112.6033935546875
2025-03-01,103.53509521484375,101.90160369873047,99.56103515625,100.29753112792969,104.0972900390625,109.50545501708984,118.63836669921875,116.94107818603516,111.86819458007812,101.24334716796875,99.15769958496094,94.0047607421875,90.00277709960938,94.50198364257812,100.75497436523438,110.31859588623047,124.52103424072266,130.91213989257812,130.90249633789062,120.73526000976562,113.315673828125,106.46543884277344,98.0977783203125,93.3617935180664
2025-03-02,107.6231460571289,104.97515869140625,103.454833984375,104.45755004882812,107.03117370605469,109.36839294433594,106.77925872802734,95.00593566894531,81.38153076171875,65.99703216552734,55.18483352661133,44.36155700683594,41.11801528930664,50.07520294189453,69.28951263427734,95.17294311523438,123.61676788330078,146.30735778808594,149.628662109375,137.40357971191406,125.51849365234375,116.5475082397461,109.05022430419922,102.81915283203125
2025-03-03,66.2159423828125,75.59457397460938,39.62015914916992,75.68952941894531,119.59027862548828,82.83116149902344,185.02835083007812,64.97203826904297,63.404972076416016,26.348495483398438,5.8891754150390625,71.05500793457031,2.409210205078125,113.00737762451172,65.46098327636719,55.16719055175781,121.10073852539062,119.04926300048828,100.26165008544922,121.28465270996094,80.29527282714844,53.57279586791992,62.340091705322266,107.35244750976562
2025-03-04,115.38470458984375,112.69950103759766,112.57720947265625,121.23314666748047,142.53323364257812,157.38865661621094,151.887451171875,129.79689025878906,110.59559631347656,94.54264068603516,83.79581451416016,73.13190460205078,70.7718505859375,76.41436004638672,87.95079040527344,109.61732482910156,137.20614624023438,166.71533203125,172.18643188476562,152.5384521484375,135.02105712890625,122.08439636230469,116.279541015625,110.70034790039062
2025-03-05,83.55059814453125,82.79054260253906,83.5163345336914,91.23148345947266,113.72274780273438,128.4718017578125,122.14403533935547,94.04188537597656,64.50497436523438,43.83506393432617,28.142974853515625,14.64324951171875,11.805908203125,23.569416046142578,45.40311050415039,80.3302993774414,119.08056640625,147.96176147460938,146.95486450195312,119.3180923461914,101.4478530883789,92.7066650390625,85.48593139648438,78.98602294921875
2025-03-06,87.15666198730469,86.17707061767578,90.76131439208984,101.95325469970703,128.14053344726562,148.89894104003906,137.6818389892578,105.99590301513672,77.54066467285156,54.7966423034668,42.09351348876953,32.904884338378906,35.40974426269531,49.870567321777344,73.37361145019531,112.39669799804688,145.67074584960938,188.573974609375,177.39645385742188,138.9792938232422,118.72297668457031,104.60498046875,102.61141967773438,94.6866455078125
2025-03-07,98.82391357421875,96.20132446289062,97.92225646972656,106.13082122802734,124.46609497070312,136.60594177246094,131.63107299804688,113.73834228515625,95.71549987792969,84.6457748413086,72.76554107666016,68.46560668945312,65.23495483398438,73.58425903320312,87.01166534423828,108.6539077758789,134.133056640625,162.4769744873047,170.70167541503906,154.60382080078125,138.15997314453125,124.0621337890625,118.63973236083984,113.7164306640625
2025-03-08,104.05448913574219,101.40892791748047,101.65071868896484,105.6141357421875,109.3971939086914,117.25346374511719,107.81056213378906,85.68135833740234,58.00508117675781,32.073463439941406,16.83300018310547,7.355216979980469,5.975425720214844,19.801952362060547,47.45236587524414,86.50872802734375,123.4365234375,147.75535583496094,137.31158447265625,110.92552185058594,94.17164611816406,86.18439483642578,77.68380737304688,72.53733825683594
2025-03-09,97.78546905517578,93.86214447021484,92.25043487548828,96.13555145263672,97.44811248779297,99.65437316894531,88.69737243652344,69.92092895507812,44.071571350097656,26.670074462890625,10.651145935058594,-6.254280090332031,-8.156356811523438,7.744529724121094,36.094879150390625,78.65882110595703,114.78475952148438,145.7679443359375,155.1632080078125,138.6983642578125,125.75508117675781,115.00538635253906,108.392333984375,103.61198425292969
2025-03-10,96.2255859375,95.78170013427734,98.56023406982422,106.36936950683594,126.09172058105469,146.37403869628906,142.50465393066406,121.71085357666016,103.55001831054688,89.33121490478516,81.04869842529297,76.36649322509766,76.79316711425781,85.7685317993164,100.60845947265625,122.06159973144531,145.9104461669922,173.96401977539062,161.0125732421875,133.66403198242188,116.88764953613281,105.48090362548828,102.51815032958984,99.90989685058594
2025-03-11,104.52825927734375,103.55081939697266,104.54435729980469,109.86546325683594,133.531494140625,154.0745391845703,156.609619140625,139.6961669921875,123.4780502319336,109.99459075927734,100.71443176269531,93.5843505859375,94.09020233154297,100.41022491455078,110.36376953125,127.5091552734375,149.13026428222656,173.64361572265625,168.9432373046875,142.27272033691406,126.38182830810547,114.17295837402344,110.43084716796875,106.43407440185547
2025-03-12,102.40573120117188,100.43061828613281,101.24413299560547,105.6355972290039,123.30398559570312,140.54779052734375,146.66290283203125,137.9439239501953,123.46235656738281,112.31407928466797,103.6881332397461,100.13130187988281,98.93441009521484,103.4774398803711,110.84906005859375,124.97874450683594,139.62484741210938,160.59762573242188,158.3491973876953,140.5921630859375,127.72958374023438,116.80470275878906,110.97052001953125,105.6488037109375
2025-03-13,97.93917083740234,96.25857543945312,96.11048889160156,97.56658172607422,106.45378112792969,124.12919616699219,139.52056884765625,142.3332977294922,131.68861389160156,120.59822082519531,113.47203063964844,105.76446533203125,105.9461669921875,107.85980224609375,116.58409881591797,129.8724365234375,145.45497131347656,152.6210479736328,145.490966796875,130.1554718017578,118.0198974609375,110.51567840576172,102.92292022705078,100.07952117919922
2025-03-14,99.50847625732422,98.99390411376953,98.56340789794922,102.49397277832031,113.97329711914062,132.51446533203125,149.3982391357422,152.2277069091797,139.96310424804688,128.6256103515625,121.80160522460938,116.55807495117188,112.7980728149414,116.5675277709961,122.62511444091797,133.84713745117188,147.3667755126953,152.36256408691406,144.7772216796875,129.14419555664062,115.62861633300781,107.6512222290039,101.63582611083984,97.6880111694336
2025-03-15,95.37704467773438,93.7623062133789,91.73326110839844,93.79898071289062,98.7796401977539,102.45639038085938,102.64129638671875,96.57186889648438,87.49440002441406,78.07002258300781,70.83365631103516,61.67585754394531,58.88986587524414,60.750465393066406,72.24778747558594,88.49781036376953,106.82798767089844,118.43248748779297,121.06793212890625,113.56912994384766,104.52762603759766,95.84040069580078,88.38204193115234,81.91548919677734
2025-03-16,86.18756103515625,83.50840759277344,82.6678466796875,82.43632507324219,80.56025695800781,82.91943359375,79.42253112792969,67.60133361816406,47.38892364501953,33.91120529174805,25.15030288696289,14.312103271484375,8.41741943359375,17.488372802734375,42.56013107299805,71.59798431396484,101.0726318359375,119.15510559082031,115.03343200683594,99.43587493896484,93.14899444580078,84.90789794921875,77.97662353515625,71.42698669433594
2025-03-17,76.3144302368164,76.58544158935547,78.4009017944336,87.02356719970703,107.86610412597656,131.60076904296875,138.7596893310547,126.30206298828125,107.1004638671875,88.70813751220703,79.9891128540039,74.25017547607422,77.13138580322266,86.78223419189453,102.71831512451172,123.81835174560547,151.23541259765625,180.1702880859375,170.38290405273438,146.45803833007812,127.82894134521484,116.55047607421875,109.71537780761719,105.62682342529297
2025-03-18,81.2325210571289,80.00823211669922,81.05818176269531,85.80492401123047,101.7554702758789,114.19141387939453,109.74605560302734,97.33766174316406,75.86863708496094,61.68989181518555,48.4621467590332,42.06507110595703,41.46019744873047,51.99835205078125,70.42964935302734,97.08983612060547,121.11809539794922,150.1900634765625,153.69219970703125,129.12713623046875,110.94501495361328,99.74720764160156,94.4489517211914,90.28103637695312
2025-03-19,100.44376373291016,98.94856262207031,100.86273956298828,108.92010498046875,130.6472930908203,141.9127197265625,133.60446166992188,110.2464370727539,86.23424530029297,69.52847290039062,57.2196044921875,47.71112060546875,47.47422409057617,60.326393127441406,81.51973724365234,111.0396499633789,140.79910278320312,178.28060913085938,180.1338653564453,157.95965576171875,137.82485961914062,122.22327423095703,119.04537963867188,109.69144439697266
2025-03-20,109.96142578125,109.47254943847656,110.71958923339844,117.89315032958984,141.79241943359375,156.27821350097656,148.74703979492188,128.86245727539062,98.93084716796875,71.41736602783203,61.885520935058594,54.82714080810547,56.83771514892578,69.9802017211914,91.48607635498047,127.44965362548828,166.4773406982422,210.86056518554688,213.30665588378906,180.18743896484375,158.7728271484375,141.48472595214844,135.09478759765625,129.6345977783203
2025-03-21,106.48753356933594,108.63038635253906,105.181396484375,110.78950500488281,126.82682800292969,141.4998016357422,139.44525146484375,108.67901611328125,86.8788070678711,65.02444458007812,49.34799575805664,36.08334732055664,27.39189910888672,32.70204162597656,40.95613098144531,63.67652893066406,82.53361511230469,94.83953857421875,86.73604583740234,72.76483154296875,60.292884826660156,45.76728820800781,37.93473434448242,25.8173828125
2025-03-22,18.734909057617188,12.99005126953125,13.968711853027344,14.730995178222656,19.33904266357422,21.629684448242188,11.898826599121094,-4.304695129394531,-9.997299194335938,-22.776702880859375,-27.9617919921875,-30.35511016845703,-34.585350036621094,-32.410614013671875,-20.377883911132812,-0.9620285034179688,37.94872283935547,71.18917083740234,78.08648681640625,68.01591491699219,62.472347259521484,55.01161575317383,50.00008010864258,46.327674865722656
2025-03-23,24.602569580078125,23.153743743896484,23.934024810791016,30.027366638183594,33.710426330566406,47.28856658935547,51.073394775390625,42.91419982910156,38.7255744934082,39.80766677856445,41.718875885009766,34.780113220214844,36.422157287597656,43.1787223815918,58.39722442626953,84.74930572509766,123.85314178466797,143.4844970703125,130.72109985351562,115.83843231201172,106.06664276123047,100.82486724853516,92.31388854980469,85.87467193603516
2025-03-24,111.03546905517578,110.25576782226562,109.37825012207031,113.26348876953125,129.7059783935547,151.552001953125,155.05496215820312,143.4234161376953,128.2506866455078,116.95004272460938,108.62619018554688,102.23527526855469,101.92816162109375,108.19892883300781,121.79308319091797,140.19557189941406,163.5086669921875,193.4601593017578,185.29135131835938,155.98658752441406,138.74716186523438,128.5675048828125,122.07312774658203,119.93411254882812
2025-03-25,86.46707916259766,85.00694274902344,84.94834899902344,90.58087921142578,108.46772003173828,123.45404052734375,121.9156723022461,106.55309295654297,93.79220581054688,86.20922088623047,77.98204803466797,72.93034362792969,71.23828125,75.47183227539062,83.40535736083984,96.93695831298828,110.07722473144531,131.55165100097656,136.8159637451172,121.72320556640625,106.47089385986328,93.78297424316406,87.88813018798828,86.08023834228516
2025-03-26,86.75407409667969,85.11959075927734,85.80467224121094,88.29975128173828,101.4048080444336,114.20740509033203,120.8537826538086,117.1363754272461,105.50392150878906,97.1781005859375,89.82981872558594,84.98871612548828,83.12364959716797,86.89290618896484,93.74305725097656,107.24918365478516,123.03517150878906,136.9772186279297,136.75830078125,125.99012756347656,116.066162109375,107.40663146972656,100.26132202148438,95.29190826416016
2025-03-27,95.22335815429688,94.74960327148438,96.220458984375,102.765625,125.34239959716797,140.6259765625,135.97445678710938,115.58837890625,94.7280502319336,81.50056457519531,70.50389862060547,65.47140502929688,64.65742492675781,73.54093933105469,85.38694763183594,107.4730224609375,131.0341796875,161.5267791748047,165.18182373046875,141.47874450683594,123.17024993896484,109.77487182617188,104.7217788696289,99.74235534667969
2025-03-28,87.96102142333984,87.66846466064453,90.62540435791016,96.44625854492188,113.8743896484375,124.58699798583984,112.03871154785156,87.5950927734375,60.40013122558594,39.501277923583984,25.909358978271484,14.844261169433594,17.525543212890625,33.22978210449219,61.69478225708008,96.8597412109375,128.95468139648438,167.6049041748047,172.4611053466797,140.36814880371094,116.97781372070312,103.80035400390625,101.9762191772461,97.93151092529297
2025-03-29,90.62454223632812,86.20574951171875,86.8370361328125,91.1870346069336,98.02444458007812,103.2436294555664,93.39517211914062,81.64173126220703,66.08512878417969,51.41417694091797,44.66191482543945,31.792564392089844,28.871383666992188,32.28999710083008,52.95553207397461,73.73902130126953,97.63304901123047,115.96821594238281,123.20030975341797,112.45244598388672,101.56855010986328,92.28219604492188,86.1292724609375,80.86115264892578
2025-03-30,20.60419464111328,15.735992431640625,17.089500427246094,12.647178649902344,15.104583740234375,17.543739318847656,8.601112365722656,0.318023681640625,-0.6634597778320312,-1.1107864379882812,-4.907325744628906,-11.842193603515625,-14.56988525390625,-10.076484680175781,-6.049354553222656,10.905479431152344,29.27405548095703,47.85032653808594,53.747901916503906,50.715171813964844,44.90205383300781,45.4535026550293,39.34107971191406,26.94017791748047
2025-03-31,72.35096740722656,69.9334716796875,73.5618896484375,80.56774139404297,101.33329010009766,125.53181457519531,133.543212890625,124.11285400390625,108.91796875,99.6905517578125,92.86954498291016,90.5180892944336,90.69691467285156,97.93830871582031,109.69940185546875,129.32730102539062,153.46432495117188,177.37716674804688,163.483642578125,144.364990234375,127.80078125,118.20639038085938,109.57821655273438,106.83914947509766
2025-04-01,91.08216094970703,91.3154296875,91.60521697998047,98.5511474609375,120.60187530517578,138.72479248046875,132.01016235351562,107.28761291503906,86.90724182128906,69.67822265625,60.01392364501953,49.2203254699707,47.81161117553711,54.742584228515625,70.24372863769531,94.44953918457031,116.78907012939453,137.998046875,131.1035919189453,108.0540771484375,94.22032928466797,82.47235107421875,76.232421875,70.86902618408203
2025-04-02,67.89958953857422,66.42805480957031,68.85496520996094,73.64740753173828,94.94727325439453,106.91561126708984,99.85946655273438,75.06524658203125,46.41666793823242,26.482582092285156,12.97882080078125,-1.0816802978515625,-1.2844390869140625,2.8472137451171875,17.627967834472656,44.14950180053711,69.12763977050781,93.78242492675781,97.08512878417969,81.13602447509766,69.17329406738281,55.313594818115234,47.9576416015625,44.337181091308594
2025-04-03,80.77685546875,78.64952087402344,81.44795989990234,91.13031005859375,116.124755859375,130.8805694580078,120.54893493652344,93.156982421875,68.31298828125,49.783050537109375,36.69792938232422,29.844558715820312,28.04888916015625,37.87343978881836,59.08776092529297,87.9349136352539,117.31466674804688,149.4127197265625,155.21873474121094,129.5182647705078,113.83724975585938,98.75325012207031,96.02623748779297,89.87606048583984
2025-04-04,106.17807006835938,105.427978515625,108.18636322021484,115.9077377319336,141.2445831298828,159.66989135742188,148.38522338867188,112.2242202758789,81.5672607421875,55.77024841308594,40.3870964050293,28.36541748046875,30.216163635253906,40.295719146728516,64.70028686523438,98.90376281738281,135.11012268066406,171.04234313964844,171.98507690429688,143.39505004882812,120.54011535644531,104.47533416748047,100.5169677734375,95.91256713867188
2025-04-05,93.4960708618164,84.57770538330078,83.51557922363281,87.59308624267578,92.09274291992188,89.92387390136719,77.00395202636719,53.01121139526367,29.954612731933594,5.592323303222656,-9.311058044433594,-24.85248565673828,-31.58216094970703,-29.945236206054688,-5.1308135986328125,31.324905395507812,63.844749450683594,88.27885437011719,93.75051879882812,89.05516815185547,79.4610595703125,68.65081787109375,59.86820602416992,50.79347610473633
2025-04-06,54.12251281738281,53.68278503417969,53.00312805175781,57.13727951049805,61.70880126953125,67.06289672851562,52.596771240234375,24.61035919189453,3.163482666015625,-9.985015869140625,-19.018760681152344,-28.201324462890625,-35.78948211669922,-19.645164489746094,1.313934326171875,40.766395568847656,83.3287582397461,114.98665618896484,132.8817596435547,115.66641998291016,104.9813232421875,92.72015380859375,86.89482116699219,84.81085205078125
2025-04-07,92.54237365722656,92.90906524658203,96.91509246826172,112.1946029663086,151.6830291748047,173.49180603027344,144.5698699951172,105.04183959960938,74.84158325195312,51.14113235473633,36.27301788330078,30.93417739868164,33.691436767578125,44.01897048950195,70.7811279296875,105.21275329589844,140.90725708007812,199.18031311035156,197.4642333984375,155.92263793945312,131.46153259277344,114.00762939453125,115.85887145996094,104.8955307006836
2025-04-08,101.9301986694336,100.59932708740234,101.37159729003906,108.60379791259766,133.4771728515625,148.38034057617188,137.14456176757812,108.81387329101562,84.78767395019531,69.24388885498047,56.95103073120117,47.63560485839844,49.803401947021484,58.684173583984375,77.07881927490234,103.59703063964844,130.79522705078125,169.05369567871094,173.61561584472656,144.49798583984375,122.78694152832031,106.67644500732422,104.61841583251953,99.73722076416016
2025-04-09,101.88818359375,100.37451171875,101.3671875,110.58534240722656,133.87107849121094,148.27037048339844,134.76858520507812,103.99004364013672,78.44091033935547,57.59282302856445,40.09101867675781,29.418716430664062,25.298046112060547,35.56575012207031,51.56399154663086,82.7295150756836,110.22479248046875,144.93161010742188,145.77561950683594,127.43063354492188,108.75300598144531,94.3638916015625,87.17122650146484,81.675048828125
2025-04-10,93.77625274658203,91.74314880371094,94.88927459716797,105.2247314453125,135.149169921875,161.84072875976562,150.32485961914062,119.88611602783203,93.45365142822266,70.818359375,51.91532516479492,40.545658111572266,37.88944625854492,46.47954177856445,66.94198608398438,93.7371597290039,122.7823715209961,143.49420166015625,127.6348876953125,100.60916137695312,87.46431732177734,75.11236572265625,66.64204406738281,63.44828796386719
2025-04-11,42.572731018066406,38.796382904052734,44.13752365112305,55.99961853027344,80.11540222167969,98.5652847290039,82.2576904296875,58.570987701416016,27.778099060058594,13.367225646972656,-6.263946533203125,-11.648880004882812,-10.050071716308594,3.210357666015625,26.814125061035156,66.46622467041016,100.25971221923828,148.6724395751953,161.61141967773438,142.1234588623047,119.40564727783203,105.13896942138672,103.0093002319336,95.97229766845703
2025-04-12,100.81480407714844,98.32632446289062,97.43087768554688,99.85345458984375,103.88113403320312,110.1726303100586,92.2252197265625,63.11643981933594,37.544464111328125,8.884056091308594,-13.497421264648438,-31.5545654296875,-34.739585876464844,-17.90583038330078,16.300567626953125,58.048484802246094,92.4898681640625,123.35452270507812,111.34546661376953,90.93869018554688,79.16835021972656,65.25199890136719,59.20602035522461,52.46592712402344
2025-04-13,51.41925048828125,43.0475959777832,28.99338150024414,36.203773498535156,31.015464782714844,107.90097045898438,64.97642517089844,71.5240249633789,15.734664916992188,-13.904212951660156,-59.458648681640625,-68.04366302490234,-40.88011932373047,39.52649688720703,-3.5657577514648438,72.72142028808594,61.03466796875,99.38806915283203,105.3692855834961,110.74343872070312,113.71427917480469,78.49860382080078,103.98847961425781,77.31243896484375
2025-04-14,81.39959716796875,81.39691925048828,84.7256088256836,92.96845245361328,125.49185180664062,150.8704376220703,133.3683319091797,102.02935791015625,78.4400405883789,61.24806594848633,47.10990905761719,41.929935455322266,43.91918182373047,51.06796646118164,69.65740203857422,94.98446655273438,125.15042114257812,156.43470764160156,135.17462158203125,104.20150756835938,89.67023468017578,76.25167846679688,73.3960189819336,67.2877426147461
2025-04-15,68.35204315185547,68.12751770019531,69.12490844726562,75.45787048339844,92.33157348632812,104.63072967529297,99.16838073730469,84.7283706665039,64.17379760742188,49.683467864990234,40.273929595947266,32.0804328918457,32.37145233154297,37.577880859375,51.005149841308594,75.20296478271484,101.28665924072266,128.3148193359375,138.51670837402344,124.48983764648438,111.2147216796875,99.4293212890625,93.83789825439453,88.2899169921875
2025-04-16,84.13697052001953,84.53430938720703,85.16130828857422,94.29199981689453,122.00238037109375,143.35992431640625,130.6161346435547,104.46578979492188,86.06248474121094,70.7847671508789,61.531776428222656,55.781253814697266,58.7579345703125,69.06459045410156,84.21168518066406,105.46279907226562,129.78257751464844,159.66871643066406,136.94078063964844,106.22471618652344,92.17855834960938,79.45913696289062,76.87783813476562,72.06705474853516
2025-04-17,70.45186614990234,69.31269836425781,71.44802856445312,78.11544799804688,98.61510467529297,116.7801742553711,117.76727294921875,101.46286010742188,87.55986785888672,76.44251251220703,67.90815734863281,60.35694885253906,57.47428894042969,64.81578826904297,70.6092529296875,83.62139892578125,97.54371643066406,111.04767608642578,112.90271759033203,97.50662994384766,86.99109649658203,77.6278305053711,72.88858032226562,69.59759521484375
2025-04-18,59.40631866455078,57.40911102294922,54.59511184692383,57.808433532714844,64.45085144042969,69.4140853881836,65.50572204589844,61.41709518432617,61.02445602416992,64.57240295410156,57.09098815917969,53.64018249511719,41.57494354248047,53.886810302734375,62.323585510253906,75.16049194335938,85.1070785522461,99.43763732910156,102.5486831665039,95.65264892578125,89.46865844726562,73.41356658935547,71.1026382446289,72.84151458740234
2025-04-19,77.0433349609375,73.03517150878906,75.97681427001953,76.71849060058594,89.31048583984375,90.0250244140625,83.59846496582031,72.02394104003906,55.981590270996094,49.26612854003906,48.083946228027344,38.88471984863281,37.343570709228516,42.739341735839844,56.24445724487305,71.09857177734375,88.91015625,110.22099304199219,119.93034362792969,107.97838592529297,96.87675476074219,85.27200317382812,81.9004898071289,76.09849548339844
2025-04-20,79.02643585205078,77.56758880615234,77.6104507446289,76.25981140136719,70.68972778320312,58.498600006103516,47.01515197753906,23.595794677734375,2.9718704223632812,-8.154411315917969,-23.598838806152344,-36.666290283203125,-47.885154724121094,-33.54689025878906,0.1612091064453125,31.868194580078125,79.01873779296875,104.70822143554688,121.47837829589844,117.91485595703125,108.6285629272461,97.86475372314453,89.92987060546875,79.34095001220703
2025-04-21,98.6999282836914,95.24848937988281,94.64652252197266,98.74349212646484,104.5693588256836,102.7576675415039,91.81680297851562,75.08250427246094,55.585140228271484,42.15299987792969,30.019527435302734,17.57811737060547,14.640525817871094,25.839218139648438,50.77334976196289,76.24833679199219,107.6961669921875,133.3778839111328,144.59349060058594,131.51715087890625,114.5159683227539,103.05712890625,99.19828033447266,89.0765380859375
2025-04-22,91.03697967529297,89.90800476074219,91.70441436767578,100.02814483642578,125.33361053466797,138.83018493652344,131.6115264892578,111.30619049072266,96.507080078125,86.24954223632812,82.74440002441406,80.80902862548828,79.45663452148438,85.54822540283203,92.36679077148438,110.67500305175781,126.46826171875,154.3922576904297,162.71224975585938,144.39292907714844,126.13421630859375,106.74031829833984,106.5934066772461,101.57563018798828
2025-04-23,93.35447692871094,92.66927337646484,93.99864959716797,101.26708984375,126.97544860839844,148.85418701171875,138.82147216796875,116.36112213134766,99.6827163696289,88.63699340820312,83.22225952148438,78.68315887451172,78.8218994140625,82.26876068115234,92.56510925292969,112.17536926269531,130.96112060546875,163.1155242919922,152.814697265625,127.74177551269531,110.09001922607422,95.26917266845703,93.63568115234375,89.35472869873047
2025-04-24,88.11644744873047,88.99983978271484,89.07904815673828,94.7109603881836,112.86033630371094,133.7869110107422,138.55584716796875,128.6319580078125,115.96763610839844,104.03597259521484,94.4688720703125,87.45340728759766,86.00757598876953,91.71047973632812,99.04527282714844,112.68151092529297,129.5853729248047,146.89886474609375,139.99269104003906,121.45039367675781,109.29440307617188,97.15689086914062,91.02415466308594,85.78804016113281
2025-04-25,86.73921203613281,85.50450134277344,86.2064437866211,90.61003112792969,109.27555847167969,124.50142669677734,126.10706329345703,112.97112274169922,98.85417938232422,88.47283935546875,80.13773345947266,74.50724029541016,75.58244323730469,81.16590881347656,91.12670135498047,107.82386779785156,124.70021057128906,143.29330444335938,137.84812927246094,120.6370849609375,107.88640594482422,98.7579345703125,92.75335693359375,88.87882995605469
2025-04-26,78.49378204345703,74.33131408691406,75.15794372558594,76.35284423828125,78.34249114990234,77.79155731201172,66.17919921875,50.25923538208008,30.66259002685547,12.337356567382812,-6.3300628662109375,-20.1566162109375,-26.605262756347656,-11.347824096679688,15.699775695800781,47.39126205444336,78.69027709960938,97.55853271484375,98.3150634765625,81.79692840576172,72.69371032714844,64.00271606445312,54.40771484375,51.27174758911133
2025-04-27,70.58450317382812,65.75016784667969,64.11114501953125,68.80653381347656,73.12879943847656,69.52006530761719,56.98181915283203,43.30348205566406,16.445640563964844,0.26840972900390625,-12.816612243652344,-23.531387329101562,-24.44585418701172,-9.708267211914062,14.445198059082031,52.03125762939453,90.47294616699219,129.05599975585938,145.9459686279297,129.62835693359375,117.44876098632812,105.77486419677734,95.2391128540039,90.68043518066406
2025-04-28,84.47587585449219,85.1718978881836,87.64830780029297,96.62162780761719,124.58833312988281,139.36187744140625,120.31438446044922,91.99505615234375,62.831207275390625,36.39494323730469,14.823432922363281,7.5475311279296875,9.268150329589844,19.344589233398438,48.545494079589844,83.4910659790039,119.19911193847656,159.53993225097656,161.6549530029297,132.8316192626953,110.81108093261719,96.95783233642578,92.4918441772461,89.21278381347656
2025-04-29,78.82376861572266,78.14739990234375,81.18260192871094,90.83663177490234,115.49027252197266,127.50653076171875,105.21893310546875,67.38372802734375,38.271583557128906,17.89482879638672,2.781158447265625,-4.033233642578125,-5.075309753417969,13.215774536132812,33.15531921386719,68.26536560058594,104.45072174072266,149.95770263671875,157.90599060058594,130.0907745361328,108.08651733398438,91.88135528564453,91.77765655517578,86.89318084716797
2025-04-30,83.94589233398438,84.15743255615234,86.34858703613281,95.82130432128906,123.54145812988281,137.2154998779297,110.11573028564453,77.29742431640625,56.76996612548828,42.700218200683594,31.353229522705078,25.260818481445312,29.008167266845703,39.147823333740234,56.13691711425781,80.43510437011719,107.42267608642578,153.8603515625,171.41015625,139.48866271972656,116.2394790649414,98.65618896484375,99.83092498779297,92.79005432128906
2025-05-01,85.330810546875,85.40804290771484,85.61336517333984,85.50360107421875,81.59660339355469,77.73939514160156,56.02129364013672,30.274612426757812,6.964851379394531,-5.3943328857421875,-32.312408447265625,-41.38043212890625,-46.263702392578125,-32.81114959716797,1.0750045776367188,40.809715270996094,81.37812805175781,111.519775390625,122.16732788085938,107.70256042480469,97.63251495361328,85.17848205566406,83.39605712890625,78.72532653808594
2025-05-02,76.8089370727539,75.88333892822266,79.51124572753906,87.15005493164062,104.60887145996094,109.89644622802734,89.9588851928711,58.38737869262695,29.733123779296875,8.174758911132812,-9.564773559570312,-14.519889831542969,-23.4803466796875,-8.107086181640625,18.96782684326172,62.4043083190918,96.91758728027344,132.81410217285156,153.2060089111328,133.92715454101562,112.487060546875,97.2326889038086,94.16987609863281,87.44898986816406
2025-05-03,84.49267578125,80.84352111816406,79.30706024169922,79.49322509765625,81.18617248535156,82.43701171875,71.71566772460938,56.46845245361328,25.281089782714844,2.7400054931640625,-9.785118103027344,-20.27184295654297,-22.550636291503906,-11.214797973632812,12.243095397949219,48.05331039428711,80.46522521972656,101.43144226074219,97.10184478759766,80.123046875,72.75347900390625,63.102691650390625,52.26704788208008,48.21601486206055
2025-05-04,39.51777648925781,38.022552490234375,37.07249450683594,39.045188903808594,39.46564483642578,35.13221740722656,27.124130249023438,10.43560791015625,1.6011199951171875,-3.8380661010742188,-11.263694763183594,-18.949447631835938,-22.33013153076172,-13.909675598144531,5.4071502685546875,32.742820739746094,68.32610321044922,89.76849365234375,102.75958251953125,99.35697174072266,92.02684020996094,81.23120880126953,79.83418273925781,74.41685485839844
2025-05-05,111.25238037109375,53.06074142456055,50.65652084350586,26.505966186523438,52.06308364868164,44.43482208251953,87.74356079101562,48.94306945800781,81.43075561523438,-46.39404296875,-5.5488433837890625,31.281490325927734,2.9672164916992188,10.148124694824219,25.562911987304688,104.85639953613281,133.89743041992188,152.5081787109375,120.82832336425781,122.48201751708984,113.2457046508789,46.02861022949219,69.31487274169922,74.07918548583984
2025-05-06,72.58637237548828,72.32331848144531,71.95088195800781,78.62340545654297,94.9547119140625,101.07945251464844,91.85809326171875,76.70858764648438,59.44091796875,52.002017974853516,43.30869674682617,37.32101058959961,34.71125411987305,44.2242546081543,50.93198776245117,69.0188980102539,86.873779296875,112.14903259277344,133.78436279296875,120.2664794921875,103.94745635986328,92.60712432861328,89.25337982177734,83.1146240234375
2025-05-07,86.66045379638672,85.72738647460938,84.47917175292969,90.85270690917969,107.7841796875,118.0890884399414,109.46529388427734,93.03632354736328,78.29908752441406,72.26555633544922,64.82115173339844,56.786705017089844,54.26063537597656,58.24974822998047,67.59519958496094,83.05391693115234,101.71949768066406,122.54373168945312,131.2408447265625,118.5823745727539,105.61914825439453,94.28219604492188,91.34302520751953,84.04315185546875
2025-05-08,91.60031127929688,91.15957641601562,92.2520980834961,98.74534606933594,118.18327331542969,126.84700012207031,120.01490020751953,101.73674011230469,86.1911849975586,76.56033325195312,70.57948303222656,61.0114860534668,59.352142333984375,65.26405334472656,73.86580657958984,92.13523864746094,112.74441528320312,137.98773193359375,143.7199249267578,126.95520782470703,112.38463592529297,98.51187896728516,96.29627990722656,90.48274230957031
2025-05-09,93.56409454345703,91.96399688720703,92.69205474853516,97.89270782470703,112.50059509277344,120.46452331542969,106.71038055419922,87.32920837402344,64.07818603515625,47.638729095458984,36.1176872253418,28.21102523803711,23.381084442138672,32.75007247924805,50.642112731933594,76.82174682617188,104.31816101074219,134.614990234375,148.16659545898438,129.59994506835938,111.67428588867188,99.02940368652344,96.76400756835938,90.29822540283203
2025-05-10,96.7305908203125,92.7774658203125,93.08596801757812,96.34725189208984,93.6786117553711,88.88148498535156,75.02363586425781,49.07150650024414,17.395431518554688,-7.637237548828125,-23.19365692138672,-33.12481689453125,-35.633338928222656,-22.233192443847656,7.010833740234375,49.37003707885742,92.19097900390625,117.66548156738281,130.51776123046875,117.75464630126953,105.52293395996094,92.98591613769531,88.69707489013672,83.85340881347656
2025-05-11,87.33318328857422,84.48155212402344,80.69892883300781,79.83329010009766,79.00013732910156,78.85578918457031,60.42425537109375,29.587890625,5.736991882324219,-22.32813262939453,-34.45294189453125,-46.77263641357422,-49.87841033935547,-34.67144012451172,-6.8434600830078125,31.682655334472656,78.77306365966797,107.79067993164062,115.47960662841797,97.69725036621094,88.11517333984375,72.6126708984375,62.773162841796875,59.24403762817383
2025-05-12,69.11259460449219,66.878662109375,70.84320068359375,80.78611755371094,105.07421112060547,110.9123306274414,94.86255645751953,65.39321899414062,31.138710021972656,12.146247863769531,-5.4756011962890625,-13.666496276855469,-16.45733642578125,-5.04669189453125,18.18798828125,52.575740814208984,92.95100402832031,130.08653259277344,151.17649841308594,128.79989624023438,107.59494018554688,96.64744567871094,88.6827621459961,83.90792083740234
2025-05-13,93.65958404541016,89.92094421386719,90.87184143066406,100.76712799072266,126.20703125,134.94996643066406,106.7818603515625,68.05470275878906,34.080352783203125,10.221794128417969,-7.91094970703125,-18.743759155273438,-15.614341735839844,-2.6089096069335938,22.328628540039062,64.15005493164062,102.60507202148438,153.67581176757812,177.00112915039062,144.71026611328125,119.81224060058594,104.65086364746094,100.5199203491211,95.0116958618164
2025-05-14,89.58528137207031,87.8076400756836,86.32444763183594,94.46514129638672,115.69720458984375,116.30335235595703,90.205322265625,57.56615447998047,20.70232391357422,-10.986518859863281,-27.73548126220703,-37.224365234375,-37.98844909667969,-32.269439697265625,-4.070716857910156,29.758834838867188,80.01544189453125,116.44419860839844,145.03399658203125,124.14417266845703,106.72054290771484,90.86640930175781,87.14427947998047,77.00714111328125
2025-05-15,72.94332885742188,74.65829467773438,74.24024200439453,78.6189956665039,93.2164077758789,95.66070556640625,76.53257751464844,51.74681854248047,24.51300811767578,7.369651794433594,-7.919837951660156,-22.157501220703125,-18.887680053710938,-15.898460388183594,5.253936767578125,33.08308410644531,69.02310180664062,100.52919006347656,135.17425537109375,121.41931915283203,108.61550903320312,94.24150848388672,88.99576568603516,83.52876281738281
2025-05-16,77.6962661743164,76.56420135498047,80.4972152709961,85.96736907958984,110.72512817382812,111.81242370605469,90.31016540527344,59.88913345336914,30.538223266601562,15.536231994628906,-4.0709228515625,-13.317977905273438,-14.916069030761719,-3.8708724975585938,16.88024139404297,51.55915451049805,91.24284362792969,130.25392150878906,155.9915771484375,133.56552124023438,113.7266616821289,100.24701690673828,98.20372772216797,93.91727447509766
2025-05-17,81.09795379638672,77.84628295898438,77.10718536376953,78.52352905273438,77.95903015136719,70.29002380371094,51.89674377441406,24.23968505859375,3.4780502319335938,-12.58837890625,-28.444847106933594,-46.654144287109375,-48.97248077392578,-38.37071990966797,-16.559593200683594,19.350341796875,64.06138610839844,93.04940032958984,120.94029235839844,119.85980987548828,113.93901062011719,98.30522155761719,92.88098907470703,82.05354309082031
2025-05-18,88.4901123046875,84.44197082519531,85.52003479003906,87.6637954711914,79.9354248046875,72.75536346435547,55.18146514892578,18.270912170410156,4.6122283935546875,-21.08002471923828,-35.623191833496094,-46.959938049316406,-50.496673583984375,-39.426666259765625,-17.245338439941406,16.923812866210938,72.32754516601562,103.00686645507812,128.85165405273438,130.9418487548828,120.00787353515625,98.5013656616211,97.88609313964844,92.52080535888672
2025-05-19,95.9974136352539,94.31700897216797,95.6082534790039,102.9434585571289,122.88431549072266,130.79873657226562,119.95672607421875,97.36610412597656,78.0944595336914,65.82568359375,55.89595413208008,50.15458679199219,49.74058532714844,59.078277587890625,74.48812103271484,100.70542907714844,124.89646911621094,156.3165283203125,171.3317413330078,149.57864379882812,127.4864730834961,114.31200408935547,110.361328125,104.61595153808594
2025-05-20,95.4432373046875,95.76925659179688,96.88932800292969,105.94924926757812,131.16299438476562,140.12225341796875,114.06061553955078,86.46734619140625,58.967506408691406,46.584617614746094,35.9461669921875,27.365886688232422,28.455581665039062,36.31502151489258,52.101844787597656,73.73696899414062,101.59774780273438,139.7888641357422,163.3578338623047,138.79812622070312,118.13922119140625,102.05609893798828,100.77533721923828,92.96739959716797
2025-05-21,93.88848114013672,90.93893432617188,91.58924102783203,95.98796081542969,111.39183044433594,115.71514129638672,97.4085693359375,69.42382049560547,36.051822662353516,19.307762145996094,0.31812286376953125,-11.051193237304688,-15.321029663085938,-8.749763488769531,10.102890014648438,40.42761993408203,76.90222930908203,107.58294677734375,126.52372741699219,116.09082794189453,102.46399688720703,88.22683715820312,83.7365493774414,76.05140686035156
2025-05-22,68.35957336425781,65.57392883300781,63.58544921875,68.4708480834961,77.40005493164062,74.57867431640625,60.079837799072266,33.164024353027344,10.475753784179688,-5.549919128417969,-21.68659210205078,-33.221466064453125,-40.783416748046875,-29.281478881835938,-17.093223571777344,12.522689819335938,55.262855529785156,85.30318450927734,119.36810302734375,117.26486206054688,107.10455322265625,90.0965347290039,88.32373046875,82.33211517333984
2025-05-23,87.9396743774414,85.41380310058594,83.98693084716797,91.32919311523438,104.7690200805664,105.38919830322266,89.12469482421875,64.62401580810547,39.269447326660156,25.98155975341797,6.340118408203125,-0.00502777099609375,-3.6548614501953125,0.00316619873046875,15.3953857421875,45.69040298461914,78.06512451171875,109.42277526855469,139.2195587158203,129.69464111328125,115.96495819091797,102.39512634277344,100.35161590576172,91.85443878173828
2025-05-24,90.79607391357422,86.50704956054688,88.10071563720703,90.42507934570312,92.63079071044922,85.90032958984375,61.695159912109375,34.909568786621094,7.826301574707031,-8.991737365722656,-26.338661193847656,-43.753807067871094,-48.67790985107422,-36.60437774658203,-10.275413513183594,27.389793395996094,69.54129028320312,98.28414916992188,111.14675903320312,107.94690704345703,95.06365966796875,81.20329284667969,78.66448974609375,69.6357192993164
2025-05-25,35.08011245727539,30.99429702758789,30.621883392333984,30.41378402709961,33.32758331298828,25.712425231933594,13.191444396972656,6.029273986816406,1.62750244140625,-2.2886123657226562,-4.574562072753906,-13.013389587402344,-24.598854064941406,-19.093124389648438,-19.11077880859375,3.6097564697265625,33.583396911621094,59.64037322998047,79.47286224365234,83.33876037597656,75.1619873046875,66.25007629394531,66.82939910888672,60.28562927246094
2025-05-26,81.32650756835938,79.642333984375,83.22335815429688,92.330810546875,118.95673370361328,131.3407745361328,110.2934799194336,80.05612182617188,50.981170654296875,36.373722076416016,19.951675415039062,11.991867065429688,12.148338317871094,17.73743438720703,29.165374755859375,56.64567947387695,93.99226379394531,128.53955078125,156.9964141845703,138.04226684570312,118.29586029052734,106.27381896972656,102.00407409667969,96.69385528564453
2025-05-27,62.03810119628906,60.78751754760742,61.90327453613281,67.32405090332031,82.26394653320312,89.84073638916016,83.93592834472656,64.62503051757812,41.7037353515625,31.008865356445312,20.80297088623047,11.9324951171875,9.721199035644531,12.475593566894531,21.153541564941406,45.56636428833008,66.78730773925781,98.85236358642578,121.43535614013672,109.1435546875,98.98822021484375,82.45992279052734,80.68266296386719,74.09911346435547
2025-05-28,60.777931213378906,59.88468933105469,60.3437614440918,65.09874725341797,84.9825668334961,95.32211303710938,85.34821319580078,73.99822998046875,58.56449890136719,54.31624221801758,50.84696960449219,46.989341735839844,46.02366638183594,45.42967224121094,49.30815887451172,66.02101135253906,76.44572448730469,97.67698669433594,116.26091766357422,106.5514907836914,95.82294464111328,84.57479858398438,79.32027435302734,73.63492584228516
2025-05-29,82.28494262695312,76.37786102294922,74.82479095458984,75.19454193115234,72.6737060546875,70.45098876953125,65.49253845214844,50.5582160949707,36.18522262573242,26.59949493408203,16.556495666503906,11.93890380859375,3.3124313354492188,12.863716125488281,24.80901336669922,47.730403900146484,77.70451354980469,92.3818359375,94.56880187988281,88.17608642578125,82.19713592529297,71.65098571777344,66.44403076171875,55.93865203857422
2025-05-30,31.22964096069336,28.193195343017578,24.674400329589844,31.545028686523438,29.89159393310547,29.574874877929688,17.88678741455078,11.417900085449219,-14.859275817871094,-18.6746826171875,-26.16791534423828,-33.089378356933594,-33.13420867919922,-34.707908630371094,-29.715866088867188,1.58441162109375,50.898406982421875,71.86372375488281,99.93830871582031,107.66152954101562,105.71159362792969,91.02397918701172,85.69475555419922,73.20036315917969
2025-05-31,86.22881317138672,84.04812622070312,84.10296630859375,87.04053497314453,88.65972900390625,84.94956970214844,65.51850891113281,46.59153747558594,21.95111083984375,6.314414978027344,-7.74530029296875,-16.982955932617188,-18.13092803955078,-9.701301574707031,15.583297729492188,44.66704177856445,83.73193359375,106.1148681640625,120.79043579101562,106.8785629272461,95.078125,86.3296127319336,83.13870239257812,76.284423828125
2025-06-01,77.48163604736328,73.30950927734375,73.75674438476562,74.2492904663086,73.905029296875,63.4970588684082,54.959571838378906,31.285545349121094,15.118919372558594,8.197914123535156,3.8901901245117188,-2.9611740112304688,-12.553962707519531,-10.175247192382812,-1.8992843627929688,22.424659729003906,58.633697509765625,80.7325210571289,102.73370361328125,118.02721405029297,111.47982788085938,97.8563461303711,90.81330871582031,84.51055908203125
2025-06-02,76.46357727050781,76.01420593261719,77.49019622802734,86.27729797363281,112.60064697265625,121.5689697265625,107.01544189453125,82.03767395019531,66.6479721069336,58.9202880859375,51.2974967956543,45.39052200317383,41.225093841552734,44.84126663208008,55.677024841308594,70.99514770507812,84.83170318603516,115.21939086914062,144.0873565673828,135.26553344726562,118.7583236694336,100.98981475830078,98.70498657226562,89.39839935302734
2025-06-03,93.08429718017578,92.45430755615234,92.5684814453125,100.88804626464844,115.40345764160156,120.61487579345703,97.30110168457031,64.03964233398438,35.546234130859375,10.415382385253906,0.40152740478515625,-9.440475463867188,-12.851043701171875,-4.491111755371094,14.459671020507812,48.8234748840332,85.77643585205078,117.38038635253906,138.4763641357422,123.90861511230469,108.2137680053711,91.67572021484375,88.83660125732422,82.8127212524414
2025-06-04,60.20810317993164,61.099822998046875,61.277374267578125,68.64523315429688,82.09212493896484,89.1884536743164,80.811279296875,69.14649963378906,56.00847625732422,44.551597595214844,36.49483108520508,36.77899169921875,32.60969543457031,37.28177261352539,47.142513275146484,59.98659896850586,76.5562744140625,96.5427474975586,116.46495056152344,109.37277221679688,96.05242156982422,85.1855697631836,80.75645446777344,75.77239990234375
2025-06-05,76.26396179199219,75.38131713867188,75.8327865600586,80.94017791748047,92.1309814453125,100.44227600097656,86.81758117675781,67.23501586914062,42.83963394165039,25.52826690673828,11.558082580566406,0.5008544921875,-3.61920166015625,7.9808807373046875,26.06562042236328,53.9287223815918,81.5811538696289,107.6249008178711,113.62794494628906,97.36309814453125,86.8298110961914,75.81358337402344,66.2541732788086,63.54774856567383
2025-06-06,37.30530548095703,36.91382598876953,40.05978012084961,42.88386535644531,60.18433380126953,64.89939880371094,50.584381103515625,27.766693115234375,5.872383117675781,0.8700408935546875,-10.190406799316406,-18.46593475341797,-20.060714721679688,-11.274856567382812,-2.610443115234375,22.72888946533203,64.17601013183594,100.48522186279297,127.08155822753906,122.16039276123047,107.67668914794922,99.97039794921875,94.15074920654297,85.48479461669922
2025-06-07,71.14319610595703,69.24534606933594,66.70307922363281,71.74229431152344,72.4598159790039,68.75883483886719,55.47112274169922,38.392616271972656,19.315155029296875,8.668495178222656,-3.6575546264648438,-11.275642395019531,-17.368797302246094,-7.892539978027344,7.923370361328125,30.383567810058594,64.45207977294922,90.4195556640625,107.51270294189453,99.60230255126953,93.80343627929688,79.49760437011719,72.69029235839844,70.11981964111328
2025-06-08,57.92341995239258,51.0989990234375,46.22631072998047,42.732269287109375,34.84503173828125,25.880760192871094,8.190361022949219,-9.895561218261719,-25.784324645996094,-31.854347229003906,-42.08177947998047,-56.411834716796875,-60.81256103515625,-54.88800811767578,-44.20550537109375,-22.466453552246094,26.140060424804688,51.8870849609375,65.69670104980469,69.82596588134766,64.34007263183594,49.234527587890625,41.42224884033203,32.86576843261719
2025-06-09,6.5586395263671875,1.4955291748046875,3.1575775146484375,6.525718688964844,4.4252471923828125,6.9934234619140625,-1.6075363159179688,-15.929801940917969,-24.858009338378906,-31.83880615234375,-37.631980895996094,-45.17796325683594,-55.04960632324219,-42.46497344970703,-19.24396514892578,4.603912353515625,50.25926971435547,79.44535827636719,88.22557067871094,98.3218765258789,92.61898803710938,73.89869689941406,71.31449890136719,70.00773620605469
2025-06-10,58.013587951660156,56.22574996948242,56.19274139404297,56.30986022949219,65.8846664428711,61.75740432739258,49.99071502685547,32.54011535644531,14.214492797851562,5.956596374511719,-8.488693237304688,-16.161270141601562,-20.72662353515625,-16.61676025390625,-10.241111755371094,10.887168884277344,38.20006561279297,57.71991729736328,82.48406982421875,79.24623107910156,69.48652648925781,57.89263153076172,47.9642333984375,40.27238845825195
2025-06-11,65.49253845214844,66.89051818847656,68.41633605957031,73.42626190185547,91.9903335571289,101.08706665039062,96.60511779785156,81.92082977294922,58.6285400390625,46.32281494140625,35.001827239990234,31.64458465576172,31.918155670166016,37.676029205322266,51.8358268737793,68.91738891601562,91.68559265136719,117.9571533203125,141.13809204101562,129.6353302001953,109.66069793701172,95.90752410888672,92.46124267578125,87.08539581298828
2025-06-12,76.45685577392578,72.65972900390625,72.11129760742188,73.67277526855469,80.43170928955078,75.69436645507812,58.65802001953125,33.92559051513672,9.3726806640625,-1.7497177124023438,-18.043869018554688,-31.322914123535156,-34.29435729980469,-24.158248901367188,-9.101364135742188,19.82274627685547,50.92413330078125,71.56231689453125,84.06388854980469,77.3748779296875,65.91836547851562,54.94561004638672,49.848548889160156,41.07126235961914
2025-06-13,32.99516677856445,37.66560363769531,37.10765075683594,40.52680969238281,65.01676177978516,88.13664245605469,68.59831237792969,47.05975341796875,17.543960571289062,7.8538665771484375,-11.9423828125,-2.820526123046875,-7.1320648193359375,5.225303649902344,18.21601104736328,31.950271606445312,61.0821533203125,85.59449005126953,97.7460708618164,63.83198547363281,54.935211181640625,42.24489212036133,36.538475036621094,30.250240325927734
2025-06-14,39.479068756103516,39.4289436340332,39.961666107177734,38.800758361816406,39.92853546142578,34.07481384277344,25.998451232910156,12.114967346191406,-1.8839492797851562,-12.7275390625,-22.758750915527344,-34.09149169921875,-34.11285400390625,-28.98155975341797,-5.1335906982421875,21.468414306640625,60.56121826171875,84.72932434082031,109.67404174804688,109.81473541259766,101.90330505371094,88.86129760742188,82.62371826171875,77.50910186767578
2025-06-15,85.00856018066406,79.86644744873047,77.44440460205078,78.79894256591797,76.96728515625,66.56397247314453,56.07225036621094,41.44624328613281,28.29737091064453,18.55060577392578,6.489021301269531,1.0673904418945312,-4.873321533203125,-1.7027740478515625,15.060264587402344,34.84120178222656,63.92424011230469,86.93585968017578,108.41192626953125,109.54792785644531,100.37493896484375,84.21659088134766,80.6999740600586,72.64671325683594
2025-06-16,87.0606460571289,85.61182403564453,87.93605041503906,96.22314453125,115.68018341064453,121.06476593017578,105.94467163085938,81.54871368408203,59.1954231262207,46.23389434814453,29.541603088378906,21.82445526123047,19.56871795654297,28.087581634521484,43.93828201293945,68.78309631347656,96.41566467285156,131.73019409179688,164.32949829101562,152.3701171875,133.2418212890625,117.22693634033203,111.38963317871094,102.22295379638672
2025-06-17,80.33161926269531,80.32058715820312,84.32548522949219,87.30345153808594,107.71733093261719,112.10189819335938,90.99848937988281,54.54745101928711,29.386032104492188,7.605232238769531,-5.720512390136719,-13.719009399414062,-9.6002197265625,-0.032257080078125,24.48509979248047,54.993892669677734,83.06929779052734,119.30255126953125,146.91307067871094,130.97877502441406,111.55770874023438,95.29495239257812,90.09205627441406,86.7101821899414
2025-06-18,103.16410064697266,100.8348159790039,100.24774932861328,106.8048095703125,121.92069244384766,117.97079467773438,98.89118194580078,72.34651947021484,36.20677947998047,19.096946716308594,0.6807327270507812,-15.553817749023438,-18.808380126953125,-10.6925048828125,15.072273254394531,49.29303741455078,93.92584991455078,125.43310546875,152.54776000976562,144.5592498779297,126.6602554321289,109.75418853759766,105.84346008300781,94.23528289794922
2025-06-19,76.59834289550781,73.96534729003906,68.9925765991211,70.2211685180664,66.18284606933594,46.175392150878906,22.882949829101562,3.0409393310546875,-35.10554504394531,-59.727134704589844,-70.01761627197266,-76.83685302734375,-88.5237045288086,-69.63048553466797,-41.38738250732422,1.8833770751953125,62.94591522216797,99.99481201171875,127.5325698852539,136.73074340820312,124.57968139648438,108.3935546875,97.7339859008789,90.79108428955078
2025-06-20,91.77233123779297,89.30235290527344,92.53153991699219,95.45845794677734,106.56515502929688,95.41370391845703,75.00120544433594,46.71759033203125,20.476852416992188,-1.5742874145507812,-20.278518676757812,-29.23102569580078,-30.349266052246094,-22.53925323486328,4.0502777099609375,43.044036865234375,83.11505126953125,124.54850769042969,152.278076171875,143.07281494140625,122.84516143798828,109.7722396850586,96.39091491699219,91.60078430175781
2025-06-21,105.01237487792969,105.4832763671875,106.88274383544922,105.56651306152344,109.38433074951172,93.7608871459961,71.84831237792969,41.86901092529297,2.2163772583007812,-21.146530151367188,-35.36053466796875,-39.01350402832031,-41.876373291015625,-32.348167419433594,0.25727081298828125,48.9232063293457,93.73699951171875,132.0697021484375,159.5102996826172,148.49330139160156,129.3063507080078,110.05107879638672,112.3602294921875,102.12278747558594
2025-06-22,83.2578125,80.27276611328125,79.14845275878906,81.74215698242188,82.7897720336914,68.97433471679688,54.542198181152344,27.530776977539062,-1.1256256103515625,-20.097610473632812,-30.903907775878906,-46.91255187988281,-52.85804748535156,-35.7496337890625,-8.467048645019531,32.00208282470703,69.77720642089844,98.41172790527344,114.3078842163086,110.34135437011719,102.67611694335938,87.43338012695312,81.3990478515625,74.23876953125
2025-06-23,59.85397720336914,54.831668853759766,57.979270935058594,58.6959228515625,73.1729736328125,71.16860961914062,55.70433044433594,21.313369750976562,-7.942039489746094,-21.68621063232422,-34.00825500488281,-41.860801696777344,-51.158103942871094,-52.84149932861328,-50.90052032470703,-19.774520874023438,32.339744567871094,59.938018798828125,93.48294067382812,88.90774536132812,86.25975036621094,66.67359924316406,63.7840576171875,60.35823059082031
2025-06-24,69.64924621582031,70.29776000976562,67.48382568359375,65.21003723144531,78.45321655273438,71.85038757324219,55.52867889404297,28.750762939453125,-0.8947677612304688,-13.106254577636719,-33.21080780029297,-36.93003845214844,-45.66180419921875,-38.142784118652344,-28.81598663330078,0.6471405029296875,49.34662628173828,68.83160400390625,106.843994140625,115.36090850830078,104.0830307006836,92.18546295166016,90.92680358886719,83.51570892333984
2025-06-25,87.17393493652344,83.1766357421875,86.57775115966797,94.25835418701172,108.42517852783203,101.77791595458984,73.94940185546875,39.37830352783203,8.604507446289062,-4.192474365234375,-16.501930236816406,-26.2760009765625,-25.017616271972656,-14.972877502441406,-0.1034088134765625,41.32823944091797,92.71434020996094,138.5807647705078,180.39639282226562,177.30319213867188,156.5747528076172,137.71810913085938,134.3037567138672,122.2081069946289
2025-06-26,89.09239196777344,85.71694946289062,84.12042236328125,92.81009674072266,107.97431182861328,125.1131820678711,112.11068725585938,94.48355865478516,70.7368392944336,53.07455062866211,44.98843002319336,38.5827522277832,33.30653762817383,40.86559295654297,44.853851318359375,66.90333557128906,95.9826431274414,114.03077697753906,118.72250366210938,107.59241485595703,95.67029571533203,84.18853759765625,77.50728607177734,70.73314666748047
2025-06-27,72.88726043701172,70.3172607421875,70.27555847167969,77.09991455078125,91.89260864257812,100.24935913085938,89.11944580078125,69.0143814086914,51.248287200927734,40.75492858886719,27.642356872558594,19.85334014892578,18.76834487915039,24.442466735839844,36.81253433227539,57.76687240600586,92.6504898071289,119.7962646484375,139.9957275390625,129.0647430419922,111.22957611083984,100.05545043945312,92.90221405029297,88.58113861083984
2025-06-28,70.46975708007812,64.55009460449219,61.56886672973633,63.33291244506836,56.45195770263672,50.036643981933594,34.9326171875,11.318649291992188,-7.652183532714844,-16.295814514160156,-25.410614013671875,-30.60668182373047,-35.473533630371094,-38.61151885986328,-19.83404541015625,3.58978271484375,54.71564483642578,81.30953216552734,105.38634490966797,112.44955444335938,103.70323181152344,92.72754669189453,83.33734130859375,72.64082336425781
2025-06-29,72.14905548095703,70.77731323242188,71.65774536132812,70.1940689086914,74.37335968017578,66.21100616455078,45.40946960449219,13.358222961425781,-0.6657867431640625,-12.228172302246094,-24.975486755371094,-31.617599487304688,-39.165870666503906,-37.17510223388672,-19.928512573242188,10.486221313476562,64.71975708007812,91.998291015625,125.63207244873047,127.29236602783203,116.18318176269531,98.8241958618164,96.05796813964844,85.3429946899414
2025-06-30,81.57882690429688,81.88336944580078,84.71551513671875,93.48268127441406,119.1036605834961,126.30001068115234,101.47026062011719,70.36042785644531,43.846248626708984,28.217926025390625,20.826431274414062,14.885696411132812,15.359848022460938,22.930187225341797,42.633201599121094,73.9576416015625,99.83839416503906,132.15603637695312,155.95150756835938,133.21250915527344,112.90262603759766,95.52864074707031,93.38646697998047,83.9865493774414
2025-07-01,92.06101989746094,91.99735260009766,92.67080688476562,98.01741027832031,112.17278289794922,118.08002471923828,104.25531005859375,80.73240661621094,55.67500686645508,41.19968795776367,30.040000915527344,24.770095825195312,25.306541442871094,34.194549560546875,51.79959487915039,84.98931884765625,113.98082733154297,145.25863647460938,162.9088134765625,144.51156616210938,125.05753326416016,109.96797943115234,108.58628845214844,100.29907989501953
2025-07-02,102.45284271240234,102.30203247070312,104.65472412109375,117.44071960449219,160.13565063476562,188.22055053710938,168.83180236816406,123.88105773925781,82.90838623046875,56.95452117919922,44.74437713623047,37.32862854003906,40.798919677734375,54.03862762451172,78.35466766357422,122.90047454833984,167.03892517089844,208.90585327148438,207.41282653808594,167.7061309814453,141.81930541992188,121.91126251220703,116.47931671142578,108.62078094482422
2025-07-03,67.93987274169922,67.96054077148438,70.88422393798828,78.46292877197266,96.22471618652344,110.99419403076172,104.54249572753906,83.20997619628906,57.49448776245117,41.68120574951172,31.413047790527344,26.032726287841797,27.606216430664062,39.4998664855957,53.30058288574219,90.6553726196289,135.58404541015625,170.20335388183594,181.98851013183594,161.35330200195312,141.15293884277344,123.3416519165039,120.2965316772461,111.03836059570312
2025-07-04,97.49485778808594,93.90653228759766,95.39111328125,102.45817565917969,120.82215118408203,121.1881332397461,103.25068664550781,74.09130859375,38.99103927612305,23.586257934570312,7.340850830078125,-2.0420150756835938,-4.217109680175781,3.3006820678710938,22.759239196777344,54.935909271240234,95.35014343261719,128.67724609375,157.11265563964844,151.70953369140625,130.85084533691406,112.75971221923828,108.82771301269531,99.84048461914062
2025-07-05,71.07798767089844,69.45884704589844,70.42163848876953,70.65037536621094,66.27372741699219,50.370872497558594,36.28868103027344,7.5308837890625,-19.42547607421875,-27.216445922851562,-37.56920623779297,-61.008453369140625,-65.56841278076172,-58.58061218261719,-40.7177734375,5.8653564453125,66.22180938720703,89.6153564453125,121.5342788696289,124.74356842041016,120.26913452148438,95.88426208496094,90.52197265625,83.77269744873047
2025-07-06,70.2994613647461,68.54769134521484,69.02361297607422,70.40450286865234,72.04315948486328,66.328857421875,54.85005187988281,40.71098327636719,26.621437072753906,16.287307739257812,8.158935546875,-0.2821044921875,-2.8555450439453125,3.8185653686523438,17.749771118164062,40.78257751464844,80.74073791503906,104.82606506347656,125.39884948730469,125.41856384277344,116.78131103515625,101.8230972290039,99.63745880126953,89.7831039428711
2025-07-07,97.4392318725586,95.57455444335938,97.20738220214844,104.25668334960938,122.89959716796875,137.59283447265625,135.6660614013672,117.8104248046875,102.2874755859375,90.96051025390625,80.56864166259766,71.62791442871094,62.95365905761719,67.05976867675781,73.40159606933594,88.96590423583984,108.32652282714844,130.2420654296875,143.6772003173828,134.91197204589844,122.20105743408203,107.50847625732422,101.46157836914062,96.00653839111328
2025-07-08,88.88409423828125,86.68777465820312,86.11023712158203,89.54527282714844,99.94251251220703,107.45928955078125,106.38923645019531,97.22013092041016,80.72021484375,70.7587890625,63.21553421020508,57.82440185546875,54.020790100097656,57.52900695800781,66.70269775390625,80.26174926757812,102.2723388671875,117.02688598632812,130.87594604492188,125.04119873046875,112.55886840820312,103.42135620117188,97.46392822265625,93.43729400634766
2025-07-09,85.83057403564453,84.27294158935547,84.41876983642578,88.68341064453125,100.34466552734375,105.31306457519531,100.35469818115234,86.38236999511719,70.21247863769531,60.48426055908203,51.00316619873047,46.00641632080078,41.01719665527344,44.8242073059082,54.5267219543457,72.59495544433594,94.92401123046875,117.46923065185547,137.26133728027344,135.0784149169922,122.28790283203125,109.1482925415039,105.21556854248047,99.26719665527344
2025-07-10,84.2030029296875,84.37930297851562,84.64354705810547,90.07476806640625,109.36896514892578,112.64251708984375,107.08138275146484,85.97233581542969,66.1392593383789,53.159507751464844,43.61839294433594,35.30472183227539,32.850162506103516,35.797821044921875,47.7594108581543,66.2423095703125,84.53253173828125,110.47389221191406,136.39700317382812,124.7464599609375,105.78779602050781,92.84784698486328,89.35497283935547,84.54862213134766
2025-07-11,94.54496765136719,92.89990997314453,92.48420715332031,100.66493225097656,118.15215301513672,123.33991241455078,115.60587310791016,92.89399719238281,73.62374114990234,60.72209930419922,50.82830047607422,43.06708908081055,36.91869354248047,36.42287826538086,44.39430236816406,63.4449577331543,83.2169189453125,105.70294952392578,127.99920654296875,122.682373046875,108.84053039550781,94.4005355834961,89.24409484863281,84.76632690429688
2025-07-12,96.99329376220703,94.1166000366211,92.92388153076172,94.66094207763672,97.45010375976562,91.18098449707031,79.39161682128906,60.26160430908203,45.737388610839844,37.47318649291992,25.914363861083984,16.41374969482422,13.597984313964844,17.730323791503906,27.53649139404297,51.1031608581543,83.05335998535156,104.58729553222656,123.2947006225586,126.55596160888672,119.70339965820312,108.73502349853516,105.27351379394531,96.80529022216797
2025-07-13,81.161865234375,83.9780044555664,90.91427612304688,87.83626556396484,87.78581237792969,90.28390502929688,62.27131652832031,47.43461608886719,25.042640686035156,14.631568908691406,9.80108642578125,0.16968536376953125,3.592254638671875,15.322608947753906,27.564186096191406,53.818843841552734,90.12279510498047,108.598388671875,138.5307159423828,127.72586059570312,106.97428131103516,93.96890258789062,90.68326568603516,82.39093017578125
2025-07-14,92.84552764892578,92.24331665039062,92.70513153076172,98.14850616455078,112.32716369628906,119.29785919189453,111.24867248535156,94.62750244140625,77.57527923583984,64.56533813476562,54.456233978271484,47.949039459228516,48.51362228393555,54.81591033935547,68.70796203613281,90.5970458984375,111.9500732421875,137.69381713867188,153.89439392089844,136.70355224609375,118.3855209350586,105.43693542480469,103.87777709960938,97.49403381347656
2025-07-15,97.42925262451172,95.28324127197266,95.8473129272461,101.75279998779297,116.05044555664062,121.21634674072266,110.07195281982422,87.99065399169922,65.428466796875,50.8227424621582,40.7319450378418,31.788280487060547,29.046634674072266,31.538875579833984,42.86585235595703,66.4978256225586,92.1982421875,114.23570251464844,143.40638732910156,139.94090270996094,123.67449951171875,107.19257354736328,104.39839935302734,96.34712219238281
2025-07-16,80.75940704345703,79.13330841064453,78.90906524658203,83.5949478149414,101.13599395751953,110.68474578857422,102.76333618164062,93.95543670654297,80.45835876464844,68.74842834472656,63.63232421875,57.63505554199219,55.78187561035156,60.476722717285156,75.58594512939453,89.3373031616211,105.93199920654297,127.23225402832031,130.60562133789062,120.12651824951172,103.61445617675781,94.089599609375,89.00751495361328,84.40476989746094
2025-07-17,90.54977416992188,87.19546508789062,87.17058563232422,90.24103546142578,97.54032897949219,94.5101318359375,83.90201568603516,66.35740661621094,47.296329498291016,38.710304260253906,31.613388061523438,21.65523910522461,18.673431396484375,18.663658142089844,35.92482376098633,62.288516998291016,93.15585327148438,115.60009765625,140.2500762939453,137.97433471679688,125.39249420166016,110.66405487060547,104.99270629882812,100.08390045166016
2025-07-18,97.72191619873047,96.00090789794922,97.20738983154297,105.01856994628906,126.61178588867188,135.1951446533203,122.20539093017578,104.91242980957031,89.79966735839844,83.93264770507812,74.16226959228516,71.08472442626953,67.53703308105469,69.69322204589844,78.8268814086914,94.6399917602539,108.73722076416016,138.40821838378906,169.02410888671875,151.41323852539062,129.9330596923828,113.93023681640625,111.32594299316406,102.89505767822266
2025-07-19,87.92606353759766,85.99435424804688,84.8431625366211,88.69049072265625,84.35836791992188,75.40589141845703,64.50438690185547,40.370689392089844,21.23596954345703,6.157157897949219,-6.605308532714844,-17.878639221191406,-21.424072265625,-10.23956298828125,11.324981689453125,39.17250061035156,79.48928833007812,104.93815612792969,111.20437622070312,107.69673919677734,99.93889617919922,85.04501342773438,80.29913330078125,73.32252502441406
2025-07-20,86.2332992553711,83.63827514648438,82.84467315673828,84.63074493408203,91.17198944091797,92.51395416259766,79.07474517822266,58.00407791137695,38.44927978515625,25.24170684814453,15.364715576171875,6.1520843505859375,2.8965835571289062,9.882133483886719,28.935317993164062,55.28523254394531,92.07968139648438,113.61285400390625,136.4013671875,127.37672424316406,113.25302124023438,101.64071655273438,97.7607650756836,90.36207580566406
2025-07-21,80.6756591796875,79.13875579833984,79.28748321533203,84.69194793701172,99.25479888916016,111.17514038085938,116.06127166748047,105.55911254882812,96.38623809814453,90.6739730834961,83.39166259765625,79.02935028076172,78.3149185180664,80.85216522216797,88.82551574707031,98.54591369628906,110.71756744384766,124.55432891845703,125.94583129882812,114.88754272460938,103.67424011230469,92.96166229248047,88.20967102050781,83.37008666992188
2025-07-22,73.78269958496094,72.1085433959961,72.47013092041016,79.43824768066406,98.77758026123047,105.13770294189453,91.52710723876953,67.76921081542969,46.28623962402344,31.132041931152344,21.09967041015625,12.432357788085938,8.971534729003906,15.238273620605469,29.014732360839844,49.631290435791016,76.821044921875,99.47557067871094,121.31771087646484,114.19969940185547,102.68482208251953,86.93993377685547,87.1585693359375,78.98060607910156
2025-07-23,71.0581283569336,71.1356201171875,65.80274963378906,72.49754333496094,85.30448913574219,82.93748474121094,72.31694793701172,56.79581832885742,27.294944763183594,16.49591827392578,7.529487609863281,-6.6322021484375,-8.845710754394531,-0.3319854736328125,17.46460723876953,48.95747756958008,89.85126495361328,123.43663024902344,148.54812622070312,141.00982666015625,124.72996520996094,108.469970703125,105.8951187133789,99.19317626953125
2025-07-24,82.10365295410156,82.27458190917969,83.93310546875,90.81388092041016,111.03820037841797,121.62930297851562,121.73397827148438,101.19691467285156,86.18372344970703,76.8880615234375,72.64578247070312,64.19544982910156,64.7001724243164,75.67534637451172,83.82640075683594,101.00926208496094,117.6760025024414,142.5210418701172,153.22666931152344,133.1671905517578,115.58781433105469,103.40484619140625,102.01627349853516,95.55577087402344
2025-07-25,99.60841369628906,98.22225189208984,98.72296905517578,103.03853607177734,115.63945007324219,119.8167724609375,114.75738525390625,103.95500946044922,90.52606964111328,80.14454650878906,71.46943664550781,64.68740844726562,63.055747985839844,67.4105224609375,80.47213745117188,96.81996154785156,110.46473693847656,133.43988037109375,143.75909423828125,132.96875,117.95709228515625,106.96195220947266,102.15592956542969,97.39696502685547
2025-07-26,90.41036987304688,87.9601058959961,89.5531005859375,92.18634796142578,97.84925842285156,97.39583587646484,88.43885803222656,74.85247802734375,61.576290130615234,55.34333419799805,49.448421478271484,38.831504821777344,35.02458190917969,44.388160705566406,59.8365364074707,81.55615234375,105.96366882324219,124.07396697998047,139.71873474121094,131.38302612304688,117.35888671875,103.52667236328125,100.2369613647461,92.87211608886719
2025-07-27,99.10784149169922,95.87093353271484,95.31946563720703,97.5891342163086,93.4045639038086,90.93843841552734,85.13652038574219,72.12776184082031,59.253170013427734,48.50257110595703,40.244441986083984,31.30194091796875,25.299842834472656,34.8505744934082,47.95417022705078,73.64726257324219,100.92511749267578,112.39280700683594,123.16180419921875,119.7320785522461,110.9859390258789,100.3829116821289,98.14584350585938,92.11017608642578
2025-07-28,85.64129638671875,83.43436431884766,85.18921661376953,91.5104751586914,108.11744689941406,120.62150573730469,116.76593780517578,102.76871490478516,89.83100128173828,81.07841491699219,72.6693115234375,63.86698913574219,61.990074157714844,63.43869400024414,69.35784912109375,83.11283874511719,95.23745727539062,114.11109161376953,123.67752075195312,114.30009460449219,102.98443603515625,90.40284729003906,88.38487243652344,81.65937805175781
2025-07-29,77.53778076171875,74.43576049804688,74.9794692993164,84.51719665527344,103.88139343261719,109.96067810058594,101.0081558227539,82.0015869140625,60.634605407714844,43.098854064941406,33.520259857177734,24.006088256835938,21.557723999023438,26.779071807861328,43.360469818115234,64.26087951660156,85.15260314941406,108.14714050292969,135.1763153076172,131.23312377929688,116.35315704345703,102.02249908447266,97.99629211425781,89.83448791503906
2025-07-30,87.39042663574219,85.33219909667969,85.68247985839844,92.22787475585938,103.5764389038086,108.74463653564453,99.20712280273438,80.66744232177734,59.10675048828125,42.700355529785156,30.69709014892578,21.512489318847656,17.75790023803711,24.566444396972656,38.894168853759766,65.32245635986328,88.00003051757812,111.27374267578125,125.09156036376953,115.17611694335938,104.650634765625,92.37117767333984,86.40516662597656,80.3262939453125
2025-07-31,79.76786804199219,79.31173706054688,79.46170043945312,85.24142456054688,101.52326965332031,111.52255249023438,108.57328796386719,95.8981704711914,77.37357330322266,68.24029541015625,57.75568389892578,51.540645599365234,47.627159118652344,53.219627380371094,64.37519836425781,83.2190170288086,101.57447052001953,124.85221862792969,141.8997039794922,133.58815002441406,120.19059753417969,108.068115234375,102.3705825805664,96.81327819824219
2025-08-01,87.98820495605469,85.10946655273438,87.9166030883789,95.95504760742188,114.47830200195312,123.84651947021484,112.99498748779297,97.31742858886719,86.50091552734375,80.74578094482422,72.90682983398438,65.34040832519531,61.60486602783203,65.09394073486328,72.56845092773438,87.54627990722656,99.1424560546875,124.93885040283203,141.12144470214844,131.0408477783203,113.26333618164062,100.87416076660156,98.68326568603516,92.72549438476562
2025-08-02,79.45364379882812,76.62765502929688,75.80168151855469,78.5379638671875,79.30435943603516,77.17579650878906,72.95114135742188,61.86619567871094,44.792728424072266,32.05805587768555,22.517196655273438,16.205703735351562,11.979698181152344,16.325393676757812,31.28641128540039,52.28070831298828,75.1602554321289,90.7593994140625,102.22764587402344,101.94032287597656,94.65202331542969,87.53746032714844,85.25938415527344,77.22213745117188
2025-08-03,49.21049880981445,47.1192626953125,49.113807678222656,52.03683853149414,52.472084045410156,55.39370346069336,51.14720153808594,35.734092712402344,20.56946563720703,9.161491394042969,-0.9921493530273438,-9.753868103027344,-4.9048309326171875,5.16162109375,24.22026824951172,40.52580261230469,77.47731018066406,94.40585327148438,97.51202392578125,89.31454467773438,77.52281188964844,68.07588195800781,67.42051696777344,63.102760314941406
2025-08-04,59.3667106628418,58.18510437011719,59.66351318359375,65.02813720703125,81.23725891113281,97.20703887939453,101.40155792236328,92.94010925292969,83.7868881225586,76.52490234375,70.45838165283203,63.663360595703125,63.73627471923828,69.51081848144531,80.50041198730469,92.12939453125,101.89186096191406,114.50723266601562,114.22163391113281,100.25128173828125,89.322265625,78.96757507324219,74.71985626220703,67.9333267211914
2025-08-05,24.67658233642578,25.605350494384766,24.703598022460938,32.919342041015625,54.859073638916016,68.13140869140625,62.77668762207031,44.76141357421875,34.689666748046875,24.655128479003906,17.88469696044922,11.719718933105469,7.2190399169921875,9.616363525390625,13.493827819824219,29.98601531982422,44.12274932861328,60.48052978515625,79.9226303100586,76.9218978881836,69.31289672851562,59.27525329589844,54.29902648925781,48.06963348388672
2025-08-06,67.65084838867188,65.67771911621094,66.07405853271484,72.49773406982422,87.37336730957031,88.84063720703125,73.49317932128906,51.65959167480469,24.8018798828125,11.940994262695312,2.2253036499023438,-7.169700622558594,-9.750411987304688,2.5826339721679688,18.582839965820312,43.54048156738281,84.56536865234375,118.26382446289062,153.64405822753906,143.40293884277344,125.5124282836914,108.9806137084961,104.93201446533203,96.29849243164062
2025-08-07,96.58480072021484,95.42073822021484,95.94363403320312,99.25201416015625,108.30059814453125,102.0012435913086,84.28927612304688,59.08449935913086,35.10980224609375,20.45618438720703,2.8727264404296875,-6.7149810791015625,-12.531005859375,2.2411956787109375,21.97899627685547,55.15036392211914,85.27254486083984,120.16744995117188,149.3612060546875,136.1807403564453,117.8647232055664,103.41325378417969,100.43943786621094,94.60423278808594
2025-08-08,81.21101379394531,81.26890563964844,83.816650390625,92.88975524902344,113.45740509033203,110.5191421508789,89.68767547607422,56.458160400390625,24.52074432373047,10.780654907226562,-1.6978530883789062,-11.015327453613281,-11.969741821289062,0.9968490600585938,16.039886474609375,49.92823028564453,80.37066650390625,118.46711730957031,162.79962158203125,142.6810302734375,116.81355285644531,99.359375,98.38263702392578,89.12615966796875
2025-08-09,100.86543273925781,100.61550903320312,103.90574645996094,107.1368179321289,111.58007049560547,102.82914733886719,78.91793060302734,44.564979553222656,3.4205551147460938,-25.0228271484375,-44.395599365234375,-55.826019287109375,-54.942726135253906,-52.03044128417969,-23.093414306640625,24.0595703125,76.0902099609375,103.61936950683594,133.28652954101562,122.27774047851562,105.99546813964844,89.02818298339844,88.2470703125,79.781494140625
2025-08-10,79.5531997680664,76.2152328491211,77.43267059326172,76.68307495117188,72.72267150878906,65.06201171875,40.08056640625,8.276435852050781,-20.84752655029297,-34.626441955566406,-43.63543701171875,-55.909088134765625,-59.66010284423828,-50.82410430908203,-32.37286376953125,22.55219268798828,74.51630401611328,111.68122863769531,144.98202514648438,143.31503295898438,125.56291961669922,112.54850769042969,103.9920883178711,97.06017303466797
2025-08-11,91.79192352294922,92.36759948730469,93.59803009033203,103.73426818847656,129.6159210205078,141.09149169921875,114.68638610839844,77.99708557128906,42.684959411621094,18.96385955810547,1.352569580078125,-10.531349182128906,-7.080329895019531,5.67498779296875,28.276351928710938,74.6785888671875,108.27911376953125,150.64434814453125,168.970947265625,138.34140014648438,113.70455932617188,97.31909942626953,96.8857650756836,87.70218658447266
2025-08-12,81.84846496582031,81.0480728149414,85.1574478149414,93.2431869506836,110.89154052734375,118.01461029052734,101.23839569091797,71.5113754272461,43.2835807800293,23.830589294433594,14.858207702636719,2.2042465209960938,1.3154830932617188,9.729988098144531,34.220340728759766,68.96995544433594,100.25975036621094,128.1098175048828,137.7930908203125,116.7419662475586,99.41160583496094,86.61805725097656,83.5613021850586,78.20321655273438
2025-08-13,84.61714935302734,83.35043334960938,84.63063049316406,93.38882446289062,112.82929992675781,116.18525695800781,101.92036437988281,72.2755126953125,45.905338287353516,29.797718048095703,17.13311767578125,8.622161865234375,12.998222351074219,17.697914123535156,38.847023010253906,73.74301147460938,106.28245544433594,140.34710693359375,159.11639404296875,137.79908752441406,116.61564636230469,103.12547302246094,97.85263061523438,91.3388900756836
2025-08-14,89.29351806640625,89.81831359863281,91.42427062988281,101.77264404296875,128.50306701660156,136.6956787109375,112.33462524414062,78.8114242553711,50.350975036621094,28.06787109375,15.113235473632812,8.118011474609375,10.798683166503906,26.62778091430664,52.501922607421875,93.16632080078125,127.09300994873047,176.6562957763672,183.86923217773438,152.15382385253906,121.74110412597656,104.07888793945312,101.48577117919922,94.4133529663086
2025-08-15,95.38687896728516,92.05389404296875,93.22581481933594,98.90323638916016,103.93440246582031,100.32233428955078,87.09262084960938,61.44657897949219,37.0650749206543,16.113059997558594,1.6612167358398438,-8.885269165039062,-14.682991027832031,-0.26621246337890625,21.17388916015625,56.740230560302734,92.38778686523438,120.20158386230469,137.1118621826172,126.44265747070312,108.94134521484375,95.49279022216797,89.49628448486328,82.32040405273438
2025-08-16,83.06529235839844,81.87548065185547,81.89885711669922,85.72505187988281,84.25330352783203,77.906005859375,53.14337158203125,28.23847198486328,3.724365234375,-13.643524169921875,-23.978408813476562,-33.443443298339844,-37.95404815673828,-33.530982971191406,-19.616310119628906,19.077133178710938,57.37598419189453,84.35384368896484,104.10299682617188,106.81693267822266,98.99343872070312,85.28434753417969,82.53408813476562,78.57978057861328
2025-08-17,58.114830017089844,39.22663879394531,38.07007598876953,20.86096954345703,114.04113006591797,41.51964569091797,120.67753601074219,48.81368637084961,20.68842315673828,-44.51409149169922,57.529296875,-121.71537017822266,-79.4094009399414,-13.837440490722656,-26.122756958007812,61.15707778930664,70.1035385131836,136.31298828125,151.50486755371094,90.54489135742188,131.00820922851562,122.12989044189453,81.94136047363281,105.37980651855469
2025-08-18,90.9957046508789,89.73507690429688,91.35486602783203,99.04552459716797,119.9941635131836,125.98828887939453,105.20054626464844,79.26715087890625,47.33477020263672,27.24847412109375,12.341361999511719,4.932670593261719,4.007621765136719,14.360374450683594,38.550174713134766,77.95951843261719,106.88690185546875,142.1471405029297,162.22332763671875,140.68325805664062,118.34478759765625,101.89190673828125,97.59756469726562,90.6252212524414
2025-08-19,85.52468872070312,86.62626647949219,87.99832153320312,97.1691665649414,117.89167785644531,125.51998138427734,107.12864685058594,74.2594985961914,47.384368896484375,26.95153045654297,11.954185485839844,4.956306457519531,8.6451416015625,16.17938995361328,39.60060501098633,73.4811782836914,104.65888977050781,142.52317810058594,166.00782775878906,138.4263916015625,114.66435241699219,99.23971557617188,93.71785736083984,87.80792999267578
2025-08-20,93.33600616455078,91.92095947265625,92.96598815917969,99.51545715332031,109.3625259399414,116.4107894897461,107.07454681396484,88.2256088256836,61.83098602294922,40.80965042114258,28.810794830322266,21.08902359008789,21.17955780029297,29.318756103515625,52.639888763427734,84.64444732666016,113.36868286132812,139.97010803222656,147.55230712890625,127.89032745361328,112.00794219970703,99.88209533691406,96.0219955444336,88.3025131225586
2025-08-21,88.4465103149414,88.4144515991211,87.90536499023438,93.87940216064453,108.64652252197266,113.7531967163086,104.37020874023438,84.59432983398438,63.03874969482422,51.224884033203125,37.32235336303711,28.95562744140625,22.802520751953125,27.991107940673828,41.282249450683594,64.92426300048828,84.93539428710938,106.73019409179688,120.83848571777344,114.39290618896484,104.5636215209961,92.37652587890625,86.40402221679688,81.06710052490234
2025-08-22,84.46131134033203,82.46107482910156,85.12179565429688,91.29165649414062,109.04214477539062,116.28678894042969,105.1430892944336,84.07598876953125,62.012733459472656,45.937137603759766,29.69497299194336,19.103450775146484,15.51861572265625,25.392574310302734,38.69940185546875,62.53110885620117,87.47454071044922,113.52008056640625,128.96551513671875,119.39799499511719,105.80863189697266,94.19706726074219,88.2260513305664,80.4971923828125
2025-08-23,76.319580078125,75.16471862792969,75.4764633178711,77.93220520019531,79.90574645996094,67.95719909667969,51.995887756347656,29.358627319335938,12.363105773925781,-1.5801544189453125,-11.576820373535156,-23.712623596191406,-24.01624298095703,-17.621444702148438,2.593292236328125,34.640220642089844,69.14231872558594,92.44015502929688,110.66163635253906,112.3297119140625,104.97700500488281,93.18009948730469,85.77369689941406,81.92955017089844
2025-08-24,89.29833221435547,83.98726654052734,83.95682525634766,88.38496398925781,88.2770004272461,80.67939758300781,61.56560134887695,38.30352783203125,10.470901489257812,-2.1634521484375,-14.221855163574219,-26.835777282714844,-30.402328491210938,-18.882965087890625,-1.1572494506835938,39.29864501953125,80.0860595703125,107.25140380859375,121.86125183105469,115.68128204345703,104.43804931640625,92.42716217041016,87.82719421386719,82.54142761230469
2025-08-25,87.9543228149414,88.37727355957031,89.12602996826172,99.53536987304688,122.27098083496094,132.2524871826172,115.28418731689453,85.34805297851562,55.26750946044922,35.09340286254883,20.194568634033203,16.0185546875,16.286327362060547,25.10535430908203,45.152103424072266,80.73513793945312,113.61874389648438,151.53451538085938,172.93161010742188,144.34315490722656,119.7120361328125,105.75663757324219,103.1662826538086,94.90913391113281
2025-08-26,89.85419464111328,88.55155181884766,92.45762634277344,99.79463195800781,119.35385131835938,127.73982238769531,103.65052032470703,76.48795318603516,44.91350173950195,21.623992919921875,8.686103820800781,-0.00194549560546875,2.0081100463867188,13.853363037109375,37.306114196777344,75.49751281738281,108.67899322509766,142.15113830566406,154.3699188232422,123.08938598632812,101.55097198486328,86.86981964111328,85.70317077636719,81.33383178710938
2025-08-27,69.25865936279297,69.29529571533203,73.96554565429688,80.65036010742188,101.18589782714844,111.15809631347656,99.88424682617188,78.11119079589844,63.44749069213867,46.94894790649414,40.856544494628906,37.296783447265625,35.91522216796875,48.26972198486328,65.89546203613281,87.95401763916016,107.24263000488281,138.25439453125,149.98081970214844,123.66791534423828,102.46630096435547,92.67604064941406,90.99962615966797,84.66337585449219
2025-08-28,86.42411804199219,85.27047729492188,87.16570281982422,94.51040649414062,110.8197021484375,131.53285217285156,135.4246826171875,118.87814331054688,105.74011993408203,95.59516143798828,88.53247833251953,82.73223114013672,83.57804870605469,90.92680358886719,103.71435546875,118.41596984863281,134.33401489257812,156.8013458251953,151.97764587402344,127.7034912109375,111.88854217529297,101.73982238769531,99.06803131103516,93.97150421142578
2025-08-29,84.12734985351562,85.90066528320312,87.97966766357422,94.19000244140625,111.9564437866211,124.91942596435547,118.47065734863281,95.67105102539062,76.31163024902344,64.00520324707031,54.68620300292969,48.52545928955078,46.73769760131836,56.986297607421875,71.2655029296875,93.96617126464844,113.55965423583984,141.8776092529297,142.93882751464844,115.43678283691406,99.5678482055664,87.84971618652344,85.29415893554688,79.6798095703125
2025-08-30,79.34013366699219,76.65817260742188,77.76325225830078,80.18399810791016,83.76947784423828,79.49093627929688,64.57715606689453,46.36724853515625,26.855140686035156,16.85504150390625,8.784515380859375,1.4309921264648438,0.9101943969726562,4.102165222167969,19.988937377929688,51.896263122558594,86.38902282714844,107.95317077636719,120.74417877197266,113.32891845703125,104.23768615722656,91.66449737548828,89.13133239746094,84.05014038085938
2025-08-31,70.20056915283203,69.25883483886719,72.65385437011719,72.54146575927734,76.94861602783203,75.42222595214844,68.07540893554688,52.11440658569336,31.978553771972656,15.287353515625,12.202507019042969,2.8938064575195312,6.2557220458984375,15.530120849609375,37.56703186035156,72.07667541503906,105.6914291381836,126.86182403564453,123.89385986328125,107.83185577392578,95.26586151123047,86.91355895996094,82.7568130493164,78.14700317382812
2025-09-01,67.606689453125,67.83383178710938,67.86672973632812,76.49441528320312,97.55488586425781,115.7101821899414,119.3768310546875,102.2054443359375,87.22838592529297,73.58900451660156,65.23715209960938,62.3277587890625,65.36314392089844,70.65076446533203,84.90924835205078,100.3854751586914,117.38778686523438,144.65342712402344,145.21189880371094,121.95065307617188,103.33353424072266,90.94134521484375,88.84973907470703,82.28526306152344
2025-09-02,85.28805541992188,86.21905517578125,86.74712371826172,93.72471618652344,114.774169921875,129.23130798339844,116.37718963623047,93.62652587890625,76.26372528076172,64.14432525634766,56.611515045166016,51.419677734375,51.98643493652344,60.905426025390625,73.86480712890625,93.5562744140625,117.26858520507812,154.87188720703125,156.13162231445312,123.04667663574219,105.67362213134766,92.40335083007812,91.0349349975586,86.68635559082031
2025-09-03,72.7859115600586,68.13108825683594,68.47274780273438,73.42871856689453,85.10852813720703,100.70250701904297,93.87494659423828,70.45648193359375,41.4867057800293,16.968093872070312,2.8376617431640625,-8.706802368164062,-8.418930053710938,-3.07000732421875,21.57592010498047,50.70854949951172,88.799560546875,110.6668701171875,103.84363555908203,84.72889709472656,73.66209411621094,63.409236907958984,50.7160758972168,44.640811920166016
2025-09-04,23.913909912109375,24.03253173828125,29.709293365478516,40.882083892822266,67.34300231933594,94.54520416259766,95.69205474853516,74.53587341308594,53.36152267456055,39.88576889038086,34.017005920410156,32.73916244506836,34.6419792175293,51.74662399291992,74.8045425415039,111.9273452758789,158.76544189453125,191.51283264160156,179.68714904785156,141.39645385742188,124.86688995361328,115.55580139160156,106.92379760742188,104.16807556152344
2025-09-05,80.21994018554688,82.04745483398438,84.15013122558594,93.7032241821289,119.35890197753906,136.0902099609375,122.18989562988281,100.74639892578125,83.50825500488281,72.19425964355469,63.64634704589844,57.4133415222168,60.5777587890625,67.84465789794922,80.5464859008789,99.40008544921875,121.36468505859375,161.568603515625,164.97105407714844,132.68743896484375,112.05591583251953,96.54657745361328,96.27505493164062,87.91930389404297
2025-09-06,93.95960998535156,93.95504760742188,97.12797546386719,102.78399658203125,113.20101165771484,118.99658966064453,95.06951141357422,62.46446228027344,30.340713500976562,6.7978363037109375,-12.202957153320312,-20.170372009277344,-17.063377380371094,0.6503448486328125,32.66621017456055,78.76803588867188,118.69367980957031,155.960205078125,157.31585693359375,123.06034088134766,105.88899993896484,91.46785736083984,91.13358306884766,83.97569274902344
2025-09-07,58.58371353149414,55.86384201049805,56.89204406738281,56.662757873535156,61.82410430908203,63.80433654785156,48.10536193847656,23.26866912841797,-4.4881591796875,-22.546157836914062,-41.95372009277344,-50.80986022949219,-54.04393768310547,-41.84809112548828,-10.710884094238281,25.3818359375,71.76603698730469,103.42317199707031,100.18804931640625,85.89257049560547,74.69766235351562,61.95408630371094,53.071563720703125,44.80170440673828
2025-09-08,75.83436584472656,77.2132797241211,80.66917419433594,92.44835662841797,125.05612182617188,149.00048828125,137.7985382080078,110.80948638916016,91.2131576538086,80.5287094116211,68.22908782958984,65.17283630371094,68.68362426757812,80.03235626220703,95.7845458984375,117.31241607666016,142.99559020996094,190.72024536132812,186.1599578857422,143.20196533203125,121.98600006103516,105.08982849121094,103.76103973388672,95.7597427368164
2025-09-09,101.12494659423828,100.36943054199219,101.38713836669922,109.00813293457031,126.50545501708984,142.1039581298828,134.66612243652344,116.41720581054688,99.32474517822266,84.68756866455078,78.87474060058594,74.9149398803711,75.65325164794922,85.8399887084961,97.21775817871094,119.09691619873047,141.6664581298828,177.28073120117188,169.8699188232422,138.92471313476562,121.96145629882812,108.98513793945312,106.42774963378906,100.19522094726562
2025-09-10,97.23829650878906,97.238037109375,99.51597595214844,110.9659423828125,142.51036071777344,169.75811767578125,163.19003295898438,131.28207397460938,109.34425354003906,95.22027587890625,83.20358276367188,79.98062896728516,78.49609375,89.90428924560547,102.88919067382812,126.08563232421875,151.70169067382812,187.116943359375,170.3741912841797,131.35336303710938,114.85228729248047,99.13511657714844,96.5070571899414,91.7254638671875
2025-09-11,75.9239501953125,74.94781494140625,75.38133239746094,80.99839782714844,108.00080108642578,125.58072662353516,119.28534698486328,85.25189971923828,55.70661544799805,29.017513275146484,10.81060791015625,1.7063369750976562,-1.7544479370117188,6.6095123291015625,27.090900421142578,65.2098159790039,101.73493194580078,123.60699462890625,102.62635803222656,84.48029327392578,72.31370544433594,57.790283203125,50.216880798339844,43.941322326660156
2025-09-12,40.0745964050293,33.531333923339844,40.187049865722656,50.69635009765625,74.23615264892578,98.936279296875,96.43352508544922,63.395320892333984,32.78131103515625,18.367202758789062,5.466926574707031,-1.2230911254882812,-0.7943649291992188,12.163131713867188,29.671974182128906,68.06458282470703,113.36833953857422,140.8335418701172,133.5185546875,108.22866821289062,97.32996368408203,83.02027130126953,76.49349212646484,70.70843505859375
2025-09-13,43.987430572509766,61.584251403808594,29.435810089111328,34.945152282714844,31.118263244628906,99.37310791015625,125.218017578125,45.161643981933594,64.08484649658203,25.85987091064453,30.353168487548828,113.00367736816406,61.964988708496094,74.66464233398438,111.27703857421875,31.47657012939453,76.1902847290039,90.4112777709961,72.1218032836914,96.8187255859375,67.54032135009766,77.60797882080078,113.8656005859375,90.18083953857422
2025-09-14,75.36923217773438,74.4525146484375,75.83204650878906,81.08370971679688,90.27192687988281,97.43769073486328,85.44189453125,53.421287536621094,28.389869689941406,3.8868331909179688,-11.52935791015625,-19.20917510986328,-19.72900390625,-6.1937103271484375,26.041748046875,73.60687255859375,107.95533752441406,129.18434143066406,102.49597930908203,70.55767059326172,58.91525650024414,48.81221389770508,39.28635787963867,35.3931999206543
2025-09-15,-0.6341629028320312,0.7027206420898438,1.27239990234375,-3.440093994140625,21.477706909179688,33.60364532470703,32.722381591796875,18.144760131835938,-8.55609130859375,-21.646812438964844,-21.42041778564453,-23.887588500976562,-20.67913818359375,-18.2054443359375,-12.9539794921875,-1.8279800415039062,16.58582305908203,38.316070556640625,41.14845275878906,38.640830993652344,36.94029235839844,16.994781494140625,8.046127319335938,2.6938400268554688
2025-09-16,-5.493194580078125,-12.384384155273438,-10.098106384277344,-8.124435424804688,4.308845520019531,10.5845947265625,15.280929565429688,2.3868942260742188,-5.833580017089844,-17.955650329589844,-21.88866424560547,-26.50395965576172,-25.676132202148438,-19.30785369873047,-15.432746887207031,2.61163330078125,46.29206085205078,71.05937194824219,82.7734146118164,79.00361633300781,74.10612487792969,61.43177032470703,56.75819396972656,49.541446685791016
2025-09-17,48.234275817871094,47.14609146118164,47.974388122558594,55.00468444824219,77.07049560546875,97.15038299560547,96.64495086669922,72.60699462890625,57.40416717529297,44.74179458618164,31.186691284179688,26.138103485107422,29.649555206298828,36.728431701660156,50.09462356567383,69.06417846679688,96.15126037597656,120.40023040771484,107.26856994628906,85.33216857910156,72.36131286621094,64.77743530273438,56.38810348510742,54.810943603515625
2025-09-18,42.761962890625,42.33610916137695,43.244728088378906,54.38603591918945,75.3955078125,89.6389389038086,84.73262023925781,59.598148345947266,33.799259185791016,12.109764099121094,-4.1767578125,-9.204338073730469,-5.918190002441406,4.704902648925781,22.885398864746094,54.30768966674805,88.55511474609375,115.46653747558594,104.91921997070312,80.531494140625,69.40283203125,58.834083557128906,54.144874572753906,49.44639205932617
2025-09-19,85.43851470947266,86.46654510498047,88.46644592285156,103.50025177001953,139.79458618164062,164.2710418701172,145.0523681640625,104.80293273925781,72.2646484375,47.492347717285156,32.74006652832031,23.406147003173828,24.175174713134766,44.68949508666992,67.18636322021484,104.46849060058594,143.18882751464844,187.27818298339844,167.49179077148438,125.26953887939453,104.6307144165039,88.68608093261719,86.72254180908203,79.72047424316406
2025-09-20,68.1784896850586,67.989501953125,67.77130889892578,72.69813537597656,83.09407043457031,97.97203063964844,85.39196014404297,54.687347412109375,25.312271118164062,4.519950866699219,-8.356956481933594,-19.411117553710938,-16.114593505859375,0.46881866455078125,30.444766998291016,67.55522918701172,115.03803253173828,142.57965087890625,121.4419937133789,84.85714721679688,70.32182312011719,59.470577239990234,51.007328033447266,45.15034484863281
2025-09-21,12.714347839355469,9.716636657714844,16.04265594482422,21.93415069580078,27.845970153808594,29.711380004882812,30.22686004638672,12.731742858886719,-7.486701965332031,-20.11231231689453,-32.76702117919922,-40.26001739501953,-37.96907043457031,-24.750022888183594,-3.01983642578125,33.77832794189453,84.42539978027344,118.86785888671875,112.25366973876953,99.36141967773438,85.94924926757812,80.70742797851562,74.42768859863281,69.38128662109375
2025-09-22,68.68869018554688,66.80916595458984,69.15315246582031,75.15324401855469,94.44855499267578,112.18550872802734,114.40299987792969,101.24674987792969,89.1250991821289,78.23072814941406,70.10668182373047,67.96715545654297,69.36186218261719,78.26818084716797,84.33794403076172,94.60762023925781,108.2150650024414,126.13365173339844,122.96509552001953,106.788818359375,95.06112670898438,87.4332046508789,82.13175964355469,76.70942687988281
2025-09-23,84.92729187011719,84.3214340209961,85.2842025756836,94.12798309326172,117.37600708007812,145.63818359375,138.55035400390625,112.84943389892578,94.88162994384766,81.8804931640625,70.9522476196289,64.88919067382812,66.91838836669922,73.37134552001953,85.99308013916016,105.78795623779297,129.14556884765625,151.6273193359375,127.70585632324219,98.60333251953125,88.04085540771484,76.20516967773438,72.73092651367188,67.61063385009766
2025-09-24,79.20257568359375,77.72411346435547,78.45184326171875,86.99549865722656,107.63587188720703,125.0257568359375,122.37934875488281,102.09595489501953,79.6863784790039,63.41651916503906,50.78485107421875,41.18265914916992,38.206382751464844,41.155208587646484,48.589088439941406,63.88481903076172,84.18092346191406,98.55400848388672,88.60165405273438,70.8114013671875,60.951812744140625,49.362815856933594,38.12263870239258,30.80408477783203
2025-09-25,61.541786193847656,60.032814025878906,62.19206237792969,70.71613311767578,95.15745544433594,117.40518951416016,120.29212951660156,99.83283233642578,80.72846984863281,69.94032287597656,57.54802703857422,52.50853729248047,50.215614318847656,56.447662353515625,71.56776428222656,93.20671844482422,117.59407043457031,132.3465118408203,123.12720489501953,107.41696166992188,97.98959350585938,87.44441986083984,81.3070068359375,75.68631744384766
2025-09-26,70.79053497314453,71.04669952392578,73.492919921875,82.40411376953125,108.63322448730469,131.11087036132812,127.60990905761719,107.59518432617188,92.20366668701172,82.01475524902344,71.11244201660156,62.3458251953125,63.744171142578125,66.28217315673828,76.34515380859375,90.96465301513672,105.02471923828125,127.84373474121094,130.2796630859375,108.82805633544922,96.46602630615234,84.97171020507812,82.24191284179688,78.43234252929688
2025-09-27,82.97175598144531,81.05918884277344,81.44068908691406,85.3996353149414,93.01499938964844,100.172119140625,99.95052337646484,90.78620147705078,78.62171936035156,68.30123901367188,61.63866424560547,56.674041748046875,55.624664306640625,62.75803756713867,76.4541015625,98.79940795898438,119.25109100341797,132.6627960205078,127.41311645507812,114.20448303222656,105.02806091308594,95.6581039428711,91.39285278320312,86.21614074707031
2025-09-28,94.13713073730469,92.64275360107422,94.60163879394531,97.52416229248047,105.01213836669922,113.33588409423828,100.91618347167969,81.71592712402344,63.16737747192383,50.52418518066406,40.835575103759766,34.57007598876953,34.7618522644043,46.60212326049805,65.25222778320312,95.27385711669922,123.52235412597656,147.4217071533203,140.05516052246094,117.89949035644531,104.98587036132812,94.64334106445312,92.85957336425781,87.20053100585938
2025-09-29,85.5821762084961,86.23793029785156,87.37410736083984,94.3919906616211,121.7779541015625,148.3376922607422,146.72555541992188,123.26834869384766,104.6949234008789,93.54606628417969,85.76970672607422,80.14600372314453,80.97097778320312,89.34117889404297,99.52980041503906,118.00701904296875,142.98255920410156,169.08685302734375,154.86264038085938,123.9901123046875,108.34794616699219,95.5529556274414,94.43638610839844,90.86463165283203
2025-09-30,95.71025085449219,94.91714477539062,96.02740478515625,103.85986328125,127.78071594238281,158.36795043945312,151.36611938476562,124.26715087890625,107.29462432861328,95.55797576904297,87.1104736328125,82.5815200805664,86.5932846069336,93.4800796508789,106.49397277832031,126.9185791015625,159.41078186035156,191.38592529296875,161.91334533691406,120.65581512451172,107.01435089111328,95.47354888916016,94.4588623046875,88.25164794921875
2025-10-01,83.79547882080078,85.3707046508789,89.04374694824219,100.25411224365234,129.67166137695312,154.22866821289062,149.60882568359375,121.40072631835938,98.0173110961914,85.025634765625,73.56562042236328,67.84017944335938,70.6808090209961,83.61029052734375,98.16838073730469,124.56669616699219,156.29315185546875,190.90257263183594,167.6791229248047,130.61062622070312,112.44493103027344,99.87003326416016,96.57293701171875,90.47412109375
2025-10-02,86.33221435546875,86.99530792236328,90.7100601196289,97.3350830078125,125.03932189941406,152.0277099609375,145.61277770996094,114.13937377929688,78.63294982910156,47.28820037841797,34.23751449584961,24.154247283935547,29.008380889892578,42.4454231262207,79.12383270263672,126.35706329345703,165.84396362304688,203.90426635742188,158.2917022705078,114.44419860839844,99.62627410888672,84.75022888183594,80.7175064086914,75.29684448242188
2025-10-03,76.29794311523438,72.3868637084961,70.62910461425781,74.109375,82.44971466064453,96.16910552978516,89.70783996582031,70.3216552734375,46.47159957885742,26.635173797607422,16.91545867919922,5.378089904785156,4.072029113769531,17.775634765625,44.06299591064453,67.91561889648438,96.18353271484375,112.377197265625,75.42839813232422,47.27527618408203,38.485626220703125,29.302078247070312,18.34308624267578,10.341590881347656
2025-10-04,-4.4831695556640625,-4.532073974609375,-13.903350830078125,-15.319740295410156,-6.25518798828125,-0.21103668212890625,-6.412994384765625,-11.465766906738281,-15.182014465332031,-17.478591918945312,-19.013816833496094,-11.882728576660156,-19.281410217285156,-25.39879608154297,-30.087661743164062,-26.641822814941406,-8.122512817382812,0.1613311767578125,0.42034912109375,-3.9922561645507812,-3.7859725952148438,-15.392982482910156,-39.68505859375,-33.4857177734375
2025-10-05,-33.63843536376953,-30.310462951660156,-36.00489044189453,-36.05723571777344,-17.37220001220703,-12.097259521484375,0.0985870361328125,-22.268165588378906,-32.2755126953125,-39.541900634765625,-51.681976318359375,-56.614479064941406,-42.47364807128906,-51.72941589355469,-44.445587158203125,-30.11058807373047,3.8379898071289062,19.301963806152344,23.19049835205078,11.109245300292969,5.0113983154296875,-3.4109878540039062,-23.392555236816406,-12.579811096191406
2025-10-06,17.222763061523438,14.336158752441406,17.698379516601562,24.92597198486328,37.52710723876953,65.75901794433594,82.17984771728516,85.75657653808594,72.87796783447266,63.9975471496582,61.78587341308594,57.788578033447266,60.36814880371094,64.33611297607422,83.45462036132812,99.11454772949219,121.00810241699219,132.3159637451172,128.11416625976562,104.76773071289062,88.55183410644531,77.6175537109375,66.37867736816406,64.9259262084961
2025-10-07,95.66093444824219,95.06592559814453,95.60195922851562,100.32589721679688,117.12317657470703,139.8734893798828,150.99029541015625,143.75674438476562,129.58895874023438,119.46214294433594,112.876953125,109.10771942138672,107.8252182006836,112.92803192138672,121.98875427246094,134.47764587402344,152.36485290527344,168.96554565429688,155.8598175048828,133.68504333496094,116.95490264892578,107.8878402709961,100.45360565185547,96.73609924316406
2025-10-08,91.24455261230469,91.39041137695312,93.76849365234375,100.40094757080078,123.17924499511719,151.86500549316406,157.8018798828125,140.7191162109375,116.80633544921875,103.00702667236328,95.50230407714844,87.06036376953125,90.00019073486328,101.14251708984375,116.7959976196289,142.5125732421875,168.22006225585938,192.41705322265625,160.86380004882812,125.50019073486328,109.31427001953125,97.31736755371094,95.39693450927734,91.12095642089844
2025-10-09,97.92403411865234,96.2396011352539,98.95308685302734,106.14662170410156,129.0980224609375,158.06771850585938,160.4724884033203,140.96253967285156,118.32240295410156,104.6822280883789,92.104248046875,80.71955108642578,79.41961669921875,81.32633972167969,91.43903350830078,109.5625,125.6314468383789,141.61183166503906,117.46265411376953,97.49232482910156,84.44070434570312,74.68411254882812,65.17599487304688,60.523109436035156
2025-10-10,88.47459411621094,87.95401763916016,90.60672760009766,100.20690155029297,126.51652526855469,149.34893798828125,155.233154296875,136.4407196044922,114.5753173828125,100.75570678710938,91.25870513916016,83.46095275878906,84.14645385742188,89.07310485839844,99.10291290283203,118.09747314453125,137.94041442871094,159.30613708496094,145.37356567382812,122.88990783691406,111.23560333251953,98.98039245605469,95.0924301147461,89.20159912109375
2025-10-11,84.74044799804688,83.41156005859375,80.8870849609375,84.27059936523438,92.10682678222656,97.4571304321289,104.44967651367188,103.5206069946289,96.61076354980469,90.90390014648438,87.10124969482422,81.60285186767578,78.5359878540039,83.46670532226562,92.24580383300781,106.32389831542969,117.08770751953125,128.79368591308594,130.41734313964844,119.8841781616211,109.53961944580078,103.27779388427734,96.80685424804688,91.85013580322266
2025-10-12,86.1126480102539,85.0126953125,84.38228607177734,85.59375762939453,89.73021697998047,93.3675537109375,96.23506164550781,91.25752258300781,83.44844055175781,76.62947082519531,71.53742980957031,64.01890563964844,62.7901611328125,68.41278076171875,79.6224365234375,95.91691589355469,115.50792694091797,128.98196411132812,127.8751449584961,118.14217376708984,107.21913146972656,100.18004608154297,96.34941864013672,91.93058013916016
2025-10-13,93.74718475341797,93.57659912109375,94.9310531616211,102.35174560546875,127.05870056152344,152.41246032714844,155.72622680664062,140.34033203125,124.15451049804688,113.38983154296875,105.23612213134766,99.9240493774414,98.3629379272461,102.79975891113281,111.16328430175781,129.69317626953125,151.1341552734375,182.15170288085938,165.74600219726562,133.04856872558594,116.70195770263672,104.6114273071289,102.66555786132812,96.44940948486328
2025-10-14,93.83202362060547,93.15824127197266,94.79685974121094,101.61693572998047,120.42803955078125,142.98956298828125,145.7810516357422,131.70440673828125,116.55622863769531,107.12300872802734,101.64361572265625,95.14262390136719,94.0856704711914,102.24396514892578,110.49832153320312,130.07777404785156,149.95578002929688,176.77542114257812,162.52674865722656,137.5162353515625,119.25608825683594,108.19344329833984,103.69160461425781,98.12471771240234
2025-10-15,109.35816955566406,109.26172637939453,111.7483139038086,117.1583023071289,146.1570587158203,184.68521118164062,200.14581298828125,173.76806640625,149.0627899169922,134.3673553466797,123.40380859375,118.49945068359375,115.00151062011719,123.75494384765625,137.23828125,162.0874786376953,195.75778198242188,216.93984985351562,179.37271118164062,141.712890625,124.23599243164062,111.40742492675781,105.594482421875,100.09483337402344
2025-10-16,83.74898529052734,83.15735626220703,85.43415069580078,94.90605926513672,116.92210388183594,146.07591247558594,152.6240234375,133.74325561523438,112.76680755615234,99.38194274902344,88.6468505859375,81.8791732788086,81.94039916992188,89.92424774169922,102.66749572753906,127.16201782226562,152.20254516601562,178.57725524902344,148.36952209472656,122.43236541748047,110.22786712646484,98.86475372314453,93.74515533447266,88.68207550048828
2025-10-17,84.86820983886719,84.6756820678711,84.78519439697266,90.42155456542969,108.27971649169922,126.885986328125,132.2249298095703,120.65821075439453,105.44894409179688,97.74148559570312,87.9898910522461,81.51692199707031,81.28925323486328,85.84910583496094,93.50338745117188,104.88335418701172,120.22087860107422,138.58921813964844,138.49017333984375,122.1551513671875,109.72566986083984,100.02981567382812,94.80477905273438,92.38355255126953
2025-10-18,91.3479232788086,91.0363998413086,90.74862670898438,92.87598419189453,102.87857818603516,109.37287902832031,109.10064697265625,101.00670623779297,89.93855285644531,80.84687042236328,74.27891540527344,66.04386138916016,66.32601928710938,72.14710998535156,85.1792984008789,100.39021301269531,118.658935546875,133.98394775390625,128.22413635253906,114.0167465209961,102.79629516601562,93.72381591796875,91.74573516845703,86.71759033203125
2025-10-19,81.29889678955078,78.22875213623047,77.82994842529297,77.67457580566406,82.22624206542969,88.11568450927734,91.27679443359375,82.51073455810547,66.86038208007812,51.5963134765625,39.46289825439453,31.988178253173828,30.431549072265625,39.42580032348633,56.60734176635742,76.90376281738281,96.3707504272461,97.9233627319336,84.9931869506836,74.30037689208984,65.66850280761719,59.83915710449219,48.94021224975586,43.55279541015625
2025-10-20,64.71591186523438,63.705535888671875,64.3329849243164,72.39482116699219,93.16798400878906,122.13045501708984,135.1153106689453,121.91004943847656,108.01631164550781,98.2786865234375,87.5450668334961,79.02735137939453,80.37529754638672,85.82958984375,96.62158966064453,111.71129608154297,126.56622314453125,132.36923217773438,107.90695190429688,89.80916595458984,81.33319091796875,68.84703063964844,59.86080551147461,54.744110107421875
2025-10-21,39.05501174926758,36.551734924316406,36.96244430541992,43.39234924316406,65.35398864746094,92.42271423339844,102.523681640625,89.73187255859375,67.06269836425781,62.81338882446289,59.47854995727539,49.25721740722656,55.642478942871094,64.34942626953125,75.99710845947266,92.67843627929688,120.11357116699219,138.0706329345703,129.01268005371094,108.32987976074219,93.28169250488281,82.802490234375,78.43122100830078,75.94906616210938
2025-10-22,86.27212524414062,82.14981079101562,83.70630645751953,90.41746520996094,106.62052154541016,132.96533203125,148.29832458496094,143.20303344726562,129.7303466796875,122.37486267089844,115.96754455566406,111.12495422363281,112.75669860839844,120.06544494628906,127.53466796875,142.16726684570312,163.6466522216797,178.11192321777344,163.36143493652344,140.60423278808594,128.23146057128906,117.4692153930664,112.56471252441406,108.58380126953125
2025-10-23,67.46698760986328,63.54175567626953,60.28351593017578,60.55216598510742,68.85699462890625,83.93113708496094,94.92095947265625,90.57205200195312,78.23497009277344,62.248085021972656,58.89848327636719,51.38962936401367,45.44845962524414,52.14063262939453,58.37646484375,68.98273468017578,84.48092651367188,88.69451904296875,73.5754623413086,57.038917541503906,46.55908203125,37.94268035888672,25.183258056640625,15.05523681640625
2025-10-24,19.707992553710938,15.671524047851562,13.171714782714844,14.271942138671875,29.770187377929688,50.086692810058594,62.158992767333984,57.14794158935547,49.90074157714844,45.017459869384766,41.0151481628418,35.22548294067383,28.172969818115234,34.87934494018555,37.494293212890625,47.492408752441406,64.92179107666016,64.27716064453125,54.444786071777344,39.840309143066406,38.03187561035156,31.70903778076172,21.241539001464844,10.409332275390625
2025-10-25,-8.228317260742188,-12.513458251953125,-14.081039428710938,-9.639511108398438,-0.04798126220703125,2.5299453735351562,-0.36966705322265625,-9.909431457519531,-11.592330932617188,-15.521812438964844,-23.62677764892578,-23.88642120361328,-25.055084228515625,-23.65288543701172,-18.863197326660156,0.21248626708984375,34.945960998535156,50.90068054199219,69.14344024658203,63.346954345703125,57.34479904174805,52.12321090698242,52.23223876953125,41.62245178222656
2025-10-26,1.076263427734375,-4.719451904296875,-9.641838073730469,-13.707595825195312,-14.202827453613281,-18.16364288330078,-12.699661254882812,-22.647361755371094,-18.005393981933594,-6.141754150390625,-10.222427368164062,-19.35478973388672,-20.90789794921875,-26.269752502441406,-27.715538024902344,-23.885971069335938,-6.9538116455078125,6.8498382568359375,2.6739501953125,6.580680847167969,6.690101623535156,2.9302597045898438,-18.25885772705078,-20.888351440429688
2025-10-27,2.5647964477539062,-0.5075912475585938,-3.9632110595703125,-2.5059661865234375,10.727828979492188,30.662498474121094,45.894775390625,51.375736236572266,51.69253158569336,48.99273681640625,45.30399703979492,39.65793228149414,42.236785888671875,43.18001937866211,47.54021453857422,45.81684494018555,46.453392028808594,48.91584777832031,30.770919799804688,30.665550231933594,30.4197998046875,24.56499481201172,13.213035583496094,8.584381103515625
2025-10-28,41.49549865722656,37.662513732910156,28.786163330078125,31.89676284790039,42.41366958618164,63.374961853027344,80.802978515625,86.90763854980469,73.18002319335938,71.03230285644531,67.27212524414062,67.6279525756836,68.23644256591797,73.46803283691406,72.18829345703125,73.84125518798828,83.58695983886719,91.58631134033203,79.24547576904297,66.06456756591797,54.47089385986328,52.90467071533203,40.3653678894043,36.341888427734375
2025-10-29,58.135986328125,56.421485900878906,56.38292694091797,61.732208251953125,74.28340911865234,93.52642059326172,108.83259582519531,106.71454620361328,89.70287322998047,79.81766510009766,71.66764831542969,68.88739776611328,69.41277313232422,74.07048797607422,87.35686492919922,100.44246673583984,119.22004699707031,129.904296875,121.58113861083984,101.88926696777344,90.47169494628906,85.50299072265625,78.00641632080078,75.44481658935547
2025-10-30,64.65510559082031,62.48118591308594,62.62496566772461,67.39115142822266,76.6112060546875,90.43344116210938,90.63473510742188,76.18113708496094,54.86497116088867,40.52876281738281,29.66228485107422,23.02573013305664,24.54843521118164,32.389217376708984,46.69520568847656,67.23001098632812,95.44160461425781,117.61107635498047,135.24795532226562,121.93641662597656,108.52493286132812,96.70571899414062,93.57659149169922,88.26212310791016
2025-10-31,97.70209503173828,95.177490234375,93.69168853759766,94.11384582519531,100.43461608886719,113.4554672241211,121.05802917480469,117.01419067382812,103.65449523925781,90.38192749023438,83.81275939941406,76.38583374023438,72.42237091064453,78.98834228515625,89.62592315673828,103.90299987792969,121.47444915771484,128.96678161621094,117.08432006835938,101.67579650878906,93.20426940917969,84.79361724853516,76.35162353515625,70.06116485595703
2025-11-01,56.22035217285156,57.24543762207031,53.35993194580078,48.76530456542969,48.879032135009766,51.034332275390625,49.33783721923828,48.378238677978516,47.63640594482422,47.29947280883789,42.0533332824707,38.6337776184082,38.81632614135742,41.18046188354492,46.62331008911133,57.98556137084961,79.18754577636719,89.79716491699219,88.86857604980469,78.45072937011719,69.92723083496094,69.53559112548828,62.02586364746094,56.639530181884766
2025-11-02,61.281551361083984,57.17728805541992,55.13935852050781,53.8013801574707,54.80588150024414,65.14625549316406,77.63951110839844,87.32848358154297,84.0367202758789,77.89307403564453,73.1937484741211,73.67572784423828,74.7068099975586,82.52716064453125,99.363037109375,113.06603240966797,127.8432846069336,123.09614562988281,108.55461883544922,98.8156967163086,89.98033905029297,88.32572174072266,79.83558654785156,76.71504211425781
2025-11-03,70.05552673339844,68.68021392822266,65.4795913696289,64.90665435791016,71.42908477783203,83.48218536376953,96.91459655761719,102.89122009277344,94.50294494628906,88.5920181274414,84.7337646484375,82.6216812133789,78.75830841064453,80.69523620605469,83.49217987060547,89.17902374267578,97.93327331542969,100.38994598388672,93.45712280273438,83.68875122070312,76.55259704589844,69.37605285644531,61.078895568847656,53.37294006347656
2025-11-04,38.696624755859375,37.635284423828125,37.92684555053711,39.080623626708984,51.20626449584961,69.38563537597656,86.92723846435547,85.33329010009766,72.23392486572266,62.90288543701172,59.322593688964844,54.982025146484375,56.64906311035156,68.95649719238281,80.54442596435547,93.13208770751953,113.9324722290039,116.08973693847656,101.87272644042969,84.94457244873047,76.69798278808594,70.7030258178711,62.8303108215332,59.336280822753906
2025-11-05,59.62841796875,58.852691650390625,58.52462387084961,63.787147521972656,76.14264678955078,92.19526672363281,104.12903594970703,101.49089813232422,91.08023071289062,82.95458221435547,75.53145599365234,70.81847381591797,73.79762268066406,83.6985855102539,96.99874877929688,110.20902252197266,127.82276916503906,143.0692138671875,138.1763916015625,117.76288604736328,104.13560485839844,97.0738754272461,90.55040740966797,86.19622039794922
2025-11-06,79.63143920898438,78.63510131835938,78.299072265625,82.77401733398438,98.30314636230469,117.35214233398438,127.9959487915039,124.84486389160156,109.32801055908203,99.3452377319336,93.08187866210938,87.23886108398438,87.77141571044922,94.58902740478516,104.27902221679688,115.47964477539062,131.14334106445312,146.31668090820312,136.86659240722656,116.06939697265625,103.85417175292969,97.02035522460938,91.19383239746094,87.50992584228516
2025-11-07,94.35649108886719,92.31905364990234,90.91947937011719,93.26969146728516,102.82109832763672,124.11963653564453,137.3764190673828,139.61131286621094,129.5201416015625,115.45841979980469,111.34297180175781,102.78903198242188,104.86228942871094,111.93714141845703,126.90409851074219,138.88043212890625,163.5648956298828,172.76416015625,158.9061737060547,136.3779296875,115.7603988647461,108.87669372558594,103.18668365478516,99.12892150878906
2025-11-08,103.0151138305664,102.24288177490234,100.78438568115234,99.29896545410156,103.9842529296875,108.15252685546875,117.275146484375,122.73541259765625,117.37745666503906,111.94129943847656,106.41230010986328,100.15541076660156,98.13555908203125,104.84854888916016,118.15252685546875,129.99903869628906,143.1420135498047,147.82095336914062,137.72483825683594,124.5614013671875,113.6224365234375,108.4275131225586,103.14175415039062,99.40048217773438
2025-11-09,96.33651733398438,93.6122055053711,91.02622985839844,89.55060577392578,87.9390869140625,89.59403991699219,92.72276306152344,102.94673919677734,109.12071228027344,102.08614349365234,103.01814270019531,96.36019897460938,93.71344757080078,101.80303955078125,110.929931640625,119.50784301757812,124.70308685302734,125.62982177734375,125.30411529541016,116.00044250488281,106.44506072998047,102.509521484375,94.87396240234375,91.94087219238281
2025-11-10,92.59320068359375,90.66436004638672,89.97247314453125,92.48403930664062,104.94696044921875,131.5177001953125,160.5069580078125,164.938720703125,149.95977783203125,134.59205627441406,126.68034362792969,122.06683349609375,122.09640502929688,126.6090316772461,135.19351196289062,143.46286010742188,158.45748901367188,154.9574432373047,131.2983856201172,110.73928833007812,102.079345703125,98.02086639404297,85.49040222167969,84.21814727783203
2025-11-11,70.42326354980469,67.55021667480469,66.28567504882812,70.17790985107422,78.95475769042969,99.25595092773438,110.85308837890625,117.35406494140625,113.0551986694336,103.33737182617188,99.95240020751953,96.56060791015625,95.24604797363281,94.18948364257812,110.67354583740234,118.38786315917969,126.2292709350586,130.39796447753906,123.49210357666016,110.18192291259766,97.44105529785156,89.84788513183594,82.54110717773438,77.46002197265625
2025-11-12,79.30657958984375,77.78230285644531,75.50770568847656,76.42300415039062,84.74583435058594,102.5699462890625,115.63526916503906,115.44554138183594,107.0084228515625,94.20867156982422,86.71106719970703,80.4384536743164,78.02647399902344,83.41932678222656,93.59010314941406,102.62779998779297,115.51368713378906,112.77488708496094,99.73158264160156,86.07070922851562,76.7228775024414,73.51541137695312,61.34405517578125,54.78059387207031
2025-11-13,29.65524673461914,28.36682891845703,26.937698364257812,34.063472747802734,47.01384353637695,64.13079071044922,79.7767562866211,73.58297729492188,65.51811218261719,61.406097412109375,56.22198486328125,47.012245178222656,54.255130767822266,68.6353988647461,71.66926574707031,89.73282623291016,114.14944458007812,132.9981231689453,136.9275360107422,123.57274627685547,114.03022766113281,102.1817855834961,94.22699737548828,92.06658935546875
2025-11-14,90.41870880126953,87.51012420654297,86.30938720703125,88.75511169433594,99.81629180908203,122.67839813232422,137.3734588623047,139.62525939941406,125.71871185302734,115.52229309082031,112.9024887084961,104.3226318359375,101.30266571044922,103.10741424560547,108.2279052734375,117.02654266357422,132.9800262451172,138.36904907226562,126.57610321044922,110.69698333740234,101.63907623291016,92.70158386230469,83.26959991455078,79.00244140625
2025-11-15,64.51332092285156,59.24327850341797,58.659584045410156,58.05073165893555,57.9207649230957,65.1504135131836,77.46511840820312,89.46607208251953,96.54609680175781,92.28401184082031,93.42974090576172,90.46922302246094,92.16587829589844,98.49517059326172,110.53579711914062,120.2320556640625,141.14527893066406,143.01368713378906,142.3150634765625,131.23049926757812,121.0816879272461,118.49955749511719,106.596435546875,103.31153869628906
2025-11-16,89.08353424072266,87.01039123535156,85.41856384277344,84.2694091796875,87.25325012207031,93.46031951904297,102.00924682617188,111.35017395019531,110.94095611572266,105.68346405029297,103.23833465576172,99.053955078125,96.76314544677734,100.97526550292969,107.12944030761719,114.15625762939453,125.29947662353516,133.59808349609375,129.6589813232422,119.35803985595703,110.22347259521484,107.13758087158203,99.4937515258789,94.35350799560547
2025-11-17,82.87939453125,81.72989654541016,81.02201080322266,81.45502471923828,86.98760986328125,103.95369720458984,123.06901550292969,133.04698181152344,122.61588287353516,111.62139892578125,105.93019104003906,98.04446411132812,96.83226013183594,98.05989837646484,107.1514663696289,113.67095947265625,124.05856323242188,131.05137634277344,123.64934539794922,112.26628875732422,104.87796020507812,102.37477111816406,92.91468811035156,89.9767837524414
2025-11-18,75.53804779052734,71.22102355957031,69.71202087402344,70.73019409179688,77.52349853515625,94.50865173339844,114.6572036743164,124.75942993164062,116.47634887695312,108.16084289550781,102.4465560913086,97.19876098632812,99.1393051147461,102.31106567382812,112.85025787353516,117.6872329711914,128.87478637695312,129.55615234375,121.23841094970703,108.58463287353516,99.09188079833984,94.14754486083984,85.22303771972656,82.07564544677734
2025-11-19,83.06000518798828,81.02643585205078,77.93006896972656,79.12996673583984,84.01046752929688,94.9293212890625,108.82652282714844,120.6400146484375,116.77151489257812,111.04056549072266,103.78407287597656,101.20052337646484,99.12705993652344,101.6236572265625,109.6277084350586,112.18531799316406,122.3493423461914,125.55780029296875,122.53103637695312,111.55320739746094,103.82484436035156,101.35172271728516,92.6784439086914,87.47671508789062
2025-11-20,85.97845458984375,83.2953109741211,81.62053680419922,84.31455993652344,91.5830307006836,109.78636169433594,133.71311950683594,148.8115234375,139.83016967773438,128.0713653564453,124.33909606933594,122.91090393066406,124.02156066894531,128.613037109375,140.79917907714844,148.96511840820312,167.14523315429688,171.18455505371094,159.3633575439453,141.8181610107422,124.76750183105469,121.73002624511719,108.19429016113281,107.01434326171875
2025-11-21,101.68912506103516,100.39259338378906,98.22588348388672,100.81134796142578,108.97100830078125,128.4998321533203,148.688720703125,153.62559509277344,140.5377197265625,129.74554443359375,118.50828552246094,113.84768676757812,113.77706909179688,116.20526123046875,123.91817474365234,134.1880340576172,150.9630584716797,159.53384399414062,154.48057556152344,134.63401794433594,121.00328063964844,113.70057678222656,106.40489196777344,104.70431518554688
2025-11-22,101.73265075683594,98.25020599365234,95.56790924072266,93.78028869628906,96.1852035522461,100.20062255859375,106.93484497070312,109.10073852539062,102.12619018554688,92.08140563964844,86.72900390625,80.47280883789062,80.15594482421875,84.58878326416016,92.75576782226562,104.4014892578125,117.78544616699219,123.77210235595703,113.35698699951172,101.20459747314453,92.78356170654297,88.79183959960938,77.42469787597656,72.11878204345703
2025-11-23,72.27748107910156,68.82647705078125,65.998046875,64.20735931396484,61.9290657043457,65.05122375488281,71.46295166015625,76.99952697753906,71.32894897460938,63.41868209838867,55.59877014160156,50.36457061767578,44.38996505737305,47.73200988769531,56.33769989013672,71.28732299804688,87.29049682617188,93.48136138916016,89.58926391601562,84.41311645507812,76.95500946044922,74.23777770996094,64.13945770263672,58.04762268066406
2025-11-24,71.67644500732422,67.00273132324219,68.57002258300781,76.76166534423828,96.67740631103516,124.91950988769531,169.7064666748047,181.94580078125,176.4235076904297,166.37770080566406,165.93910217285156,160.56637573242188,163.27951049804688,174.2406463623047,189.21536254882812,205.78370666503906,226.16766357421875,225.17306518554688,208.34521484375,176.04513549804688,152.49026489257812,142.5782470703125,124.1619644165039,122.33069610595703
2025-11-25,114.71749877929688,109.9762954711914,108.13525390625,103.85652923583984,113.07527160644531,133.81121826171875,179.21002197265625,207.0350341796875,194.236572265625,184.0872039794922,179.77011108398438,169.66806030273438,174.00201416015625,173.76966857910156,186.87191772460938,195.20516967773438,209.6492919921875,202.11288452148438,182.92913818359375,160.25436401367188,139.50082397460938,132.62332153320312,120.33450317382812,122.83565521240234
2025-11-26,106.09690856933594,100.2297134399414,100.24024200439453,100.09070587158203,108.42021179199219,138.91543579101562,180.9951171875,198.52008056640625,189.53240966796875,181.4136505126953,175.22714233398438,170.1756591796875,168.67323303222656,175.95489501953125,185.03369140625,198.9420928955078,218.56735229492188,210.33004760742188,184.95993041992188,156.5707550048828,131.86514282226562,121.1252670288086,107.00062561035156,102.78083038330078
2025-11-27,78.95921325683594,74.9954605102539,71.34561920166016,68.0927963256836,74.75269317626953,92.6504898071289,120.78147888183594,137.48020935058594,130.24197387695312,122.23103332519531,117.24205017089844,112.77666473388672,114.89283752441406,113.43678283691406,117.33056640625,113.42880249023438,114.2511978149414,104.97412109375,93.74722290039062,84.13480377197266,75.30734252929688,74.5799560546875,61.53680419921875,59.732906341552734
2025-11-28,72.84828186035156,70.03643035888672,67.43424987792969,67.7579574584961,74.48175048828125,96.32533264160156,133.62298583984375,152.77130126953125,152.17718505859375,146.77398681640625,142.99171447753906,140.5523223876953,141.70556640625,141.29454040527344,150.45626831054688,152.22787475585938,165.0127410888672,158.65353393554688,146.5359344482422,128.73855590820312,116.66508483886719,114.95532989501953,100.29134368896484,98.87922668457031
2025-11-29,86.00357055664062,82.61599731445312,79.50582885742188,78.6205062866211,78.9215316772461,88.72715759277344,107.69866180419922,122.5230484008789,118.7225112915039,110.861572265625,105.8848876953125,101.69574737548828,99.4259033203125,102.0444107055664,109.86007690429688,112.9665756225586,117.8074951171875,114.45365142822266,110.63871765136719,103.12427520751953,93.42913055419922,92.58256530761719,82.64851379394531,79.45523071289062
2025-11-30,67.48550415039062,65.61848449707031,61.41926956176758,61.83039855957031,67.26111602783203,72.34693908691406,86.323974609375,96.33031463623047,99.06363677978516,96.0394058227539,88.86453247070312,85.88925170898438,85.71833038330078,90.12691497802734,97.6148681640625,105.18431854248047,116.68157958984375,122.82715606689453,121.45514678955078,108.99577331542969,102.81478881835938,101.4228744506836,92.22441864013672,89.3067855834961
2025-12-01,87.94377136230469,85.96841430664062,82.23247528076172,81.93135833740234,88.0300521850586,101.48948669433594,115.7502670288086,126.68016815185547,117.16756439208984,106.09120178222656,98.43891143798828,93.78842163085938,89.56233978271484,93.94537353515625,100.1217269897461,104.58133697509766,112.52767181396484,112.89723205566406,104.36306762695312,92.90351104736328,85.33309936523438,80.44192504882812,70.78279113769531,65.29995727539062
2025-12-02,75.30978393554688,72.8995590209961,72.5206069946289,75.69210815429688,83.060546875,107.11261749267578,133.5845489501953,144.65802001953125,139.32928466796875,128.29580688476562,125.34107971191406,125.66917419433594,127.3182144165039,137.3009796142578,146.98300170898438,160.79310607910156,182.38412475585938,192.1326904296875,186.69650268554688,167.6547393798828,150.23074340820312,144.60780334472656,129.09808349609375,126.50170135498047
2025-12-03,113.16542053222656,111.6954345703125,110.35836029052734,110.23828887939453,115.28253173828125,136.50782775878906,170.7255859375,185.49795532226562,174.0924835205078,162.36590576171875,152.98370361328125,146.80416870117188,147.31048583984375,153.1872100830078,156.70797729492188,168.9803466796875,188.190673828125,187.29998779296875,168.83587646484375,145.3753204345703,129.81558227539062,122.29493713378906,112.63053131103516,113.43541717529297
2025-12-04,105.21273803710938,101.46865844726562,99.92094421386719,98.34544372558594,96.4895248413086,113.23832702636719,151.12808227539062,183.79360961914062,180.50018310546875,170.15687561035156,163.8394775390625,159.04278564453125,160.69705200195312,166.2430419921875,172.40328979492188,177.97698974609375,199.28851318359375,186.0345001220703,168.9530792236328,148.8987579345703,127.90472412109375,125.00354766845703,111.03679656982422,111.4568099975586
2025-12-05,87.88848114013672,85.07801818847656,81.80123138427734,82.5553207397461,83.37295532226562,102.33566284179688,138.27047729492188,166.87338256835938,166.0461883544922,158.5446014404297,153.37353515625,149.87216186523438,148.46115112304688,146.88250732421875,150.97767639160156,153.5819091796875,164.2030792236328,151.75790405273438,143.00791931152344,123.17530822753906,109.96466827392578,108.94090270996094,94.36558532714844,91.40033721923828
2025-12-06,74.03779602050781,70.04064178466797,65.4620590209961,63.31911849975586,63.90641784667969,66.89227294921875,78.02854919433594,96.76577758789062,100.73202514648438,99.94183349609375,101.05359649658203,96.98179626464844,96.03611755371094,98.10859680175781,99.14857482910156,99.66361236572266,102.41775512695312,98.37632751464844,91.56626892089844,86.422607421875,78.03564453125,79.87994384765625,66.8409652709961,62.17445755004883
2025-12-07,56.29299545288086,50.7145881652832,48.38383483886719,48.41922378540039,48.42936706542969,57.815185546875,83.42607116699219,100.3337631225586,102.7118148803711,101.68172454833984,99.38985443115234,97.26139831542969,103.25843048095703,101.12431335449219,106.59176635742188,117.05819702148438,121.53284454345703,106.77619934082031,89.95899963378906,82.71096801757812,75.76033020019531,75.87091064453125,61.20533752441406,59.557647705078125
2025-12-08,65.68844604492188,55.597145080566406,2.8619003295898438,17.164413452148438,74.22711944580078,51.48401641845703,84.79786682128906,35.134429931640625,36.782997131347656,69.88166809082031,45.35548782348633,23.115985870361328,29.144908905029297,100.8311767578125,91.45426177978516,108.3370361328125,121.76313018798828,132.21836853027344,147.5553436279297,95.23493957519531,90.34405517578125,88.52593994140625,63.81320571899414,53.44645690917969
2025-12-09,84.37625122070312,80.7928695678711,78.0328598022461,78.92862701416016,89.85103607177734,115.54210662841797,140.03729248046875,146.42111206054688,137.5955047607422,125.80165100097656,117.48780822753906,113.2948989868164,113.23558044433594,115.31720733642578,121.34272766113281,122.12783813476562,132.2557373046875,127.29425811767578,110.48250579833984,98.25885772705078,90.59321594238281,85.93202209472656,74.59432220458984,69.93572235107422
2025-12-10,51.8770866394043,48.28993225097656,47.887908935546875,49.129642486572266,53.077354431152344,73.33578491210938,103.58554077148438,119.64112091064453,116.90357971191406,110.6544418334961,105.46026611328125,101.68208312988281,103.36790466308594,111.17221069335938,121.05867004394531,121.93618774414062,131.33665466308594,121.81204986572266,111.15797424316406,100.37991333007812,93.38285827636719,89.97732543945312,80.1484146118164,74.88894653320312
2025-12-11,84.59324645996094,80.54640197753906,77.45071411132812,77.7578125,83.99382019042969,94.42449951171875,117.8342514038086,137.6253662109375,134.68898010253906,126.86151123046875,121.85942077636719,118.9664535522461,119.70777893066406,122.8992691040039,133.16014099121094,134.43247985839844,145.75897216796875,143.08370971679688,139.27731323242188,127.65682983398438,117.2689208984375,114.99629211425781,103.57457733154297,101.59100341796875
2025-12-12,94.90350341796875,91.5975341796875,91.07734680175781,89.74616241455078,92.49755859375,110.71432495117188,142.7417449951172,157.17132568359375,151.7909393310547,142.1919403076172,133.62548828125,131.9461669921875,133.36666870117188,134.13943481445312,144.1540985107422,150.67758178710938,168.1192626953125,171.13980102539062,155.61622619628906,131.85458374023438,113.54661560058594,107.69559478759766,97.39900207519531,93.57789611816406
2025-12-13,87.68488311767578,84.23319244384766,81.2605972290039,80.8894271850586,83.14032745361328,93.096923828125,106.08641815185547,116.51868438720703,111.01888275146484,104.6104736328125,99.90776824951172,92.55134582519531,92.10336303710938,98.97346496582031,107.23519897460938,111.32882690429688,122.26968383789062,123.85006713867188,119.15770721435547,110.69581604003906,101.5078125,99.81367492675781,90.73760223388672,88.42579650878906
2025-12-14,76.63976287841797,74.03638458251953,70.26191711425781,67.71631622314453,64.8144302368164,64.54644775390625,73.78595733642578,83.2691650390625,81.29393005371094,79.40055084228516,75.28596496582031,71.93800354003906,67.47588348388672,74.6031265258789,86.52070617675781,90.50183868408203,96.72564697265625,99.86837768554688,98.51242065429688,91.31615447998047,85.20204162597656,85.52643585205078,78.46651458740234,71.65098571777344
2025-12-15,69.79197692871094,67.8223648071289,66.0782470703125,68.76590728759766,76.61385345458984,94.05978393554688,113.6499252319336,123.60179901123047,111.31063842773438,99.6187515258789,93.4578857421875,86.6573486328125,85.79680633544922,93.89666748046875,106.92227935791016,114.76191711425781,127.21621704101562,129.41387939453125,123.3189697265625,111.91252136230469,102.26441955566406,96.96033477783203,88.37210845947266,83.83271026611328
2025-12-16,84.15770721435547,82.055419921875,81.41117858886719,84.23937225341797,91.34176635742188,110.0977554321289,134.54238891601562,146.36485290527344,137.46710205078125,127.81710815429688,119.656982421875,115.6903305053711,121.33958435058594,126.92587280273438,140.2865753173828,154.36265563964844,174.5742645263672,175.86404418945312,162.4554443359375,141.76168823242188,123.39897155761719,116.17453002929688,104.36653137207031,101.26661682128906
2025-12-17,90.58878326416016,89.27208709716797,88.7246322631836,89.52462768554688,97.89730834960938,116.44900512695312,136.04220581054688,139.41448974609375,129.5033721923828,114.54515838623047,111.12023162841797,103.97948455810547,102.40353393554688,108.12206268310547,115.03451538085938,124.56471252441406,139.68927001953125,142.75706481933594,127.48289489746094,108.60385131835938,100.17487335205078,92.48688507080078,83.21694946289062,80.05302429199219
2025-12-18,64.08519744873047,60.362640380859375,56.972572326660156,55.28274917602539,56.99910354614258,71.29049682617188,87.81462097167969,100.63031768798828,92.78395080566406,80.43951416015625,72.14811706542969,67.85352325439453,67.35324096679688,75.57136535644531,87.8892593383789,94.71490478515625,101.60380554199219,97.97904205322266,83.18910217285156,74.35369873046875,66.78912353515625,61.79648208618164,47.82868576049805,44.1578369140625
2025-12-19,11.146629333496094,7.1273651123046875,7.4818115234375,15.055397033691406,24.896255493164062,44.16288757324219,78.16160583496094,89.2519302368164,84.51992797851562,83.25918579101562,84.92266082763672,77.54972839355469,82.3359375,87.95938110351562,94.60475158691406,105.61943817138672,122.37360382080078,129.31304931640625,124.30066680908203,107.17101287841797,93.74592590332031,87.08776092529297,79.3661880493164,71.4969253540039
2025-12-20,85.72653198242188,83.67326354980469,81.29242706298828,80.61614990234375,79.93386840820312,84.65107727050781,94.64839935302734,107.12384796142578,108.99980163574219,102.78206634521484,100.9271240234375,97.98833465576172,96.06039428710938,99.9232406616211,107.86949920654297,115.99041748046875,123.03475952148438,119.86480712890625,117.24640655517578,103.88819885253906,93.88851928710938,91.28923797607422,85.50492858886719,81.86685180664062
2025-12-21,88.54795837402344,85.59329223632812,82.44770812988281,79.66688537597656,77.33000946044922,80.20213317871094,91.3702392578125,99.05497741699219,99.36024475097656,97.68757629394531,96.84298706054688,91.27658081054688,88.26007080078125,93.07788848876953,96.38894653320312,98.37386322021484,103.33917999267578,100.00420379638672,87.20219421386719,80.28327941894531,75.05274963378906,73.18661499023438,62.33621597290039,58.7078742980957
2025-12-22,55.860939025878906,53.415679931640625,50.7014274597168,50.53310012817383,54.304649353027344,66.51719665527344,92.12886047363281,109.56736755371094,106.97027587890625,101.34962463378906,94.59430694580078,92.19732666015625,93.3739013671875,96.42134094238281,104.13844299316406,106.95260620117188,110.65147399902344,109.05541229248047,104.4466323852539,91.9281005859375,85.34619140625,83.98950958251953,76.18698120117188,68.24293518066406
2025-12-23,61.53718566894531,58.709449768066406,54.73198318481445,54.739105224609375,60.590309143066406,69.9381332397461,84.37346649169922,96.34103393554688,95.76303100585938,90.58634185791016,85.93455505371094,83.58795166015625,79.41248321533203,81.35303497314453,88.75621795654297,88.13801574707031,91.42605590820312,94.3291015625,90.52290344238281,86.03814697265625,78.85231018066406,77.36051177978516,66.8043441772461,62.282752990722656
2025-12-24,53.77397537231445,50.47247314453125,47.960472106933594,47.13811111450195,48.635467529296875,53.28693771362305,62.56739807128906,69.56932067871094,69.8070068359375,68.25021362304688,68.45954132080078,62.239990234375,65.53199005126953,62.223716735839844,65.98578643798828,66.46074676513672,73.3021011352539,70.6456069946289,70.83478546142578,66.23909759521484,58.702667236328125,57.548126220703125,45.75189208984375,38.57146453857422
2025-12-25,59.681556701660156,55.93910598754883,52.86214828491211,50.560733795166016,46.995513916015625,48.06135559082031,58.145355224609375,65.8811264038086,67.22240447998047,63.7663688659668,59.400115966796875,59.96932601928711,58.2147216796875,62.625545501708984,73.47750091552734,83.46600341796875,93.39671325683594,98.79566955566406,97.28739929199219,92.78387451171875,88.12389373779297,90.67655181884766,83.55574035644531,80.02540588378906
2025-12-26,84.03660583496094,81.87703704833984,78.07861328125,78.1109619140625,81.2616958618164,81.78626251220703,89.11026763916016,98.83019256591797,104.2258071899414,100.77178192138672,96.82131958007812,92.24559783935547,90.1920166015625,93.12028503417969,102.69731903076172,109.46592712402344,117.61637115478516,120.87525177001953,116.82908630371094,110.22781372070312,102.10597229003906,100.61968231201172,94.70928955078125,90.36044311523438
2025-12-27,97.1134262084961,94.80740356445312,92.27141571044922,90.47291564941406,88.55584716796875,84.93508911132812,86.28886413574219,87.76666259765625,87.43191528320312,83.53014373779297,80.05851745605469,73.47158813476562,69.7770004272461,74.05945587158203,85.7717514038086,98.94960021972656,110.83438110351562,120.01875305175781,111.02851867675781,106.58683013916016,99.40425109863281,97.83736419677734,92.45780944824219,86.1295394897461
2025-12-28,88.48471069335938,85.65303802490234,83.51543426513672,83.78364562988281,85.38680267333984,92.60334014892578,100.66427612304688,103.62364959716797,100.88040161132812,94.70849609375,92.17361450195312,86.61570739746094,86.12969207763672,92.0196762084961,101.57723999023438,108.54126739501953,118.3572006225586,120.71479034423828,112.81539916992188,103.17619323730469,96.6930160522461,91.47845458984375,84.13274383544922,80.11639404296875
2025-12-29,90.7107162475586,86.34193420410156,83.66334533691406,83.44998168945312,87.33000946044922,96.03565979003906,113.76924133300781,132.00106811523438,131.07862854003906,120.16862487792969,114.68708801269531,108.99195861816406,109.0325698852539,109.14053344726562,117.08572387695312,121.77252197265625,128.30642700195312,126.40087127685547,123.28797912597656,116.06240844726562,107.53824615478516,107.54784393310547,98.30416870117188,96.86145782470703
2025-12-30,77.09657287597656,73.73934173583984,72.73692321777344,73.14096069335938,77.80496215820312,86.55499267578125,101.20869445800781,109.42980194091797,105.33541870117188,97.76264190673828,92.2233657836914,88.48583984375,85.40092468261719,89.384033203125,98.9984130859375,107.98265075683594,117.29438018798828,117.84231567382812,116.5634536743164,108.98600006103516,100.78153991699219,100.0546646118164,93.37777709960938,89.60065460205078
2025-12-31,67.44351959228516,63.92558288574219,61.822261810302734,62.02428436279297,65.82260131835938,70.80174255371094,80.58853149414062,86.8927230834961,88.74378967285156,83.24127960205078,76.75493621826172,73.1721420288086,72.76075744628906,74.53611755371094,82.9110336303711,92.34209442138672,99.81410217285156,102.88310241699219,99.67625427246094,94.25225830078125,85.66249084472656,83.23597717285156,73.36466217041016,69.76005554199219
