Date,h0,h1,h2,h3,h4,h5,h6,h7,h8,h9,h10,h11,h12,h13,h14,h15,h16,h17,h18,h19,h20,h21,h22,h23
2024-01-04,46.496437072753906,43.450828552246094,39.68805694580078,41.02775192260742,45.936744689941406,54.811424255371094,63.3114128112793,63.712528228759766,61.896263122558594,58.44416046142578,57.27668762207031,55.326290130615234,54.48789978027344,54.5930061340332,54.958473205566406,55.142112731933594,62.998470306396484,67.31695556640625,66.55165100097656,58.820594787597656,52.446624755859375,48.86741638183594,47.50904846191406,43.67697525024414
2024-01-05,70.89030456542969,67.95330810546875,61.08409881591797,62.082515716552734,65.71589660644531,73.70164489746094,78.97138214111328,81.2847900390625,82.94288635253906,79.3547592163086,72.45423126220703,73.73933410644531,69.5953140258789,71.64984893798828,73.21790313720703,73.27589416503906,90.02505493164062,91.0948486328125,91.00625610351562,81.13993835449219,75.38749694824219,70.7252197265625,66.74907684326172,63.60654830932617
2024-01-06,72.21666717529297,69.70519256591797,65.81166076660156,64.22384643554688,67.7351303100586,76.60507202148438,84.0145492553711,86.94052124023438,91.43143463134766,86.20295715332031,83.05280303955078,81.6532974243164,79.26754760742188,80.56686401367188,80.58425903320312,85.31082916259766,96.22093963623047,100.22138977050781,97.03234100341797,88.4071044921875,82.09967041015625,80.1339340209961,74.18285369873047,69.71661376953125
2024-01-07,75.34832763671875,70.1414566040039,65.34580993652344,64.0625228881836,68.80631256103516,70.97222900390625,76.90060424804688,79.75022888183594,86.15186309814453,86.28942108154297,88.05870056152344,86.53549194335938,80.52725219726562,80.32720184326172,85.1211929321289,91.052734375,108.49308776855469,114.81120300292969,110.82368469238281,104.16577911376953,97.57402801513672,92.36927032470703,85.90119934082031,83.77404022216797
2024-01-08,87.521240234375,84.49789428710938,77.32670593261719,78.46932983398438,88.019287109375,109.60064697265625,145.34263610839844,164.03262329101562,172.6357421875,167.275634765625,172.9842529296875,172.77340698242188,168.87911987304688,175.1669921875,183.84088134765625,174.03030395507812,187.4810791015625,186.07882690429688,183.07313537597656,169.3729705810547,146.38645935058594,131.68321228027344,126.93824768066406,117.04530334472656
2024-01-09,92.92518615722656,91.80982208251953,92.6418228149414,87.43567657470703,94.96088409423828,114.98241424560547,135.57003784179688,143.94125366210938,149.4681396484375,140.49708557128906,136.295166015625,125.34866333007812,123.68864440917969,129.503173828125,134.1210174560547,141.4212188720703,155.26275634765625,163.57962036132812,145.62216186523438,129.5377197265625,116.44505310058594,110.37461853027344,107.28400421142578,104.03536224365234
2024-01-10,85.95966339111328,80.26687622070312,75.03336334228516,77.8290023803711,81.44032287597656,100.75907135009766,108.97933197021484,122.53327941894531,120.49259185791016,112.20197296142578,112.82372283935547,101.95034790039062,104.33936309814453,103.61788940429688,107.59196472167969,110.93360900878906,130.3667755126953,124.8837890625,131.21182250976562,115.73995971679688,102.38664245605469,100.82128143310547,88.07344818115234,83.99737548828125
2024-01-11,82.1649169921875,79.38278198242188,74.61581420898438,73.22250366210938,83.58098602294922,101.03914642333984,120.35952758789062,134.4579315185547,131.69825744628906,124.37525939941406,118.65484619140625,111.67190551757812,107.62120819091797,119.22367858886719,121.79096984863281,129.53021240234375,142.03042602539062,144.43133544921875,133.60049438476562,117.1161880493164,104.24386596679688,101.03480529785156,91.09346008300781,92.9299087524414
2024-01-12,85.23612976074219,82.50191497802734,80.34276580810547,78.67719268798828,83.80107879638672,93.73613739013672,108.17556762695312,117.44815063476562,118.45924377441406,111.58882141113281,103.76551818847656,97.63301849365234,94.90434265136719,96.27506256103516,99.02334594726562,105.36763000488281,117.13309478759766,119.26250457763672,119.4298095703125,109.14905548095703,100.3929672241211,96.3275375366211,90.94557189941406,86.7877197265625
2024-01-13,82.69938659667969,83.87394714355469,77.58045196533203,76.96564483642578,80.27222442626953,85.8337173461914,96.49373626708984,103.58293914794922,105.88819122314453,99.95599365234375,97.25251770019531,93.23435974121094,89.80485534667969,89.54507446289062,91.32413482666016,95.07974243164062,106.3065185546875,114.55555725097656,117.54146575927734,109.2923812866211,97.72795104980469,94.59009552001953,87.47419738769531,83.99543762207031
2024-01-14,81.66423797607422,79.09803771972656,68.64800262451172,68.52176666259766,71.12663269042969,69.85784149169922,68.51746368408203,75.07167053222656,80.64997863769531,82.87504577636719,82.63047790527344,79.11617279052734,72.5371322631836,74.52790832519531,77.38951873779297,84.20095825195312,93.43742370605469,106.18321228027344,106.85022735595703,99.21814727783203,89.4531021118164,86.34383392333984,84.06231689453125,78.83843231201172
2024-01-15,75.77450561523438,73.90316772460938,68.37939453125,68.88202667236328,76.34071350097656,97.64055633544922,115.4234390258789,127.15544128417969,119.46968078613281,112.16546630859375,106.24361419677734,103.29264831542969,100.54037475585938,100.63728332519531,104.17497253417969,107.8634262084961,113.08180236816406,118.32202911376953,115.7684326171875,104.74085998535156,91.12692260742188,86.5936279296875,82.1617660522461,75.8441162109375
2024-01-16,82.5414810180664,82.8460693359375,73.23588562011719,69.8249282836914,77.69515991210938,86.43128967285156,100.04564666748047,106.003662109375,108.38578796386719,99.28173828125,91.62378692626953,87.82604217529297,84.46499633789062,87.89847564697266,85.83785247802734,87.51774597167969,101.95217895507812,115.44378662109375,117.17138671875,99.18025970458984,83.38845825195312,89.92053985595703,82.72201538085938,77.87835693359375
2024-01-17,72.08147430419922,69.26475524902344,64.66067504882812,65.22604370117188,71.8630142211914,83.70792388916016,98.59398651123047,110.88258361816406,107.18083190917969,108.403564453125,100.81197357177734,96.76085662841797,94.45284271240234,90.93064880371094,91.84172058105469,91.60350036621094,102.97513580322266,107.07864379882812,108.4393310546875,95.48683166503906,86.4044418334961,84.7246322631836,76.02874755859375,75.87838745117188
2024-01-18,63.53863525390625,59.8872184753418,54.376708984375,52.993408203125,62.51119613647461,76.27241516113281,88.13277435302734,89.76526641845703,90.99483489990234,87.4126968383789,83.20927429199219,79.62703704833984,75.78553009033203,71.19329071044922,69.55787658691406,72.44869995117188,82.69969940185547,98.5987548828125,99.9380874633789,88.85832977294922,78.8250961303711,77.44542694091797,73.77009582519531,69.95964813232422
2024-01-19,71.69705963134766,72.66812133789062,65.07730865478516,64.49800872802734,70.27979278564453,79.33349609375,92.59252166748047,94.77125549316406,98.48008728027344,95.40839385986328,92.38469696044922,89.1006851196289,79.04171752929688,78.9569091796875,73.56671905517578,80.04498291015625,86.45770263671875,100.78304290771484,100.25993347167969,91.63241577148438,82.68077087402344,80.96276092529297,76.56378173828125,71.21296691894531
2024-01-20,77.2353286743164,75.27435302734375,72.39611053466797,70.1746826171875,72.22579193115234,74.9494400024414,73.22303771972656,76.10250854492188,79.50558471679688,73.78536224365234,69.07530212402344,66.88981628417969,63.66797637939453,60.03289794921875,60.605979919433594,63.963966369628906,73.8908462524414,85.11807250976562,94.99214172363281,84.57801055908203,76.71006774902344,72.72059631347656,70.36468505859375,68.16183471679688
2024-01-21,60.793861389160156,58.9622688293457,54.776309967041016,53.13780975341797,56.98229217529297,56.335689544677734,60.250370025634766,62.02690505981445,67.07317352294922,65.27193450927734,63.71086883544922,60.73839569091797,54.000640869140625,49.30987548828125,55.07086181640625,58.582557678222656,71.36614227294922,80.07992553710938,80.68222045898438,72.64569091796875,64.79127502441406,64.69898986816406,62.951927185058594,56.878395080566406
2024-01-22,39.21717071533203,39.086185455322266,33.473915100097656,34.08714294433594,37.44906997680664,55.279911041259766,69.99447631835938,79.28681945800781,79.72578430175781,75.09601593017578,71.918701171875,68.67996978759766,63.465858459472656,64.23275756835938,61.37410354614258,64.03754425048828,78.4566879272461,85.92066955566406,88.59063720703125,77.8742446899414,69.40672302246094,70.10417175292969,62.5286979675293,58.20506286621094
2024-01-23,21.38058090209961,16.801273345947266,15.726524353027344,16.95612335205078,25.10702896118164,45.283409118652344,65.75189971923828,72.59542846679688,72.8197250366211,64.59201049804688,58.40831756591797,53.47252655029297,49.81140899658203,48.58546829223633,45.85698318481445,52.9483528137207,61.79499053955078,72.26797485351562,66.01004028320312,57.68334197998047,50.981666564941406,51.6396484375,45.46384048461914,39.04148864746094
2024-01-24,14.359527587890625,13.481792449951172,10.924640655517578,11.627494812011719,18.406593322753906,36.43086242675781,46.14231872558594,51.50380325317383,54.32766342163086,51.04940414428711,47.53328323364258,42.798404693603516,37.60642623901367,38.90281295776367,37.08653259277344,38.999176025390625,53.702354431152344,59.880313873291016,62.03927993774414,50.12381362915039,40.345611572265625,40.84335708618164,37.7052001953125,26.971267700195312
2024-01-25,52.810062408447266,53.64159393310547,48.6363410949707,46.716896057128906,53.448509216308594,66.07903289794922,73.12228393554688,79.14488983154297,79.02216339111328,71.80912780761719,72.4033203125,65.12859344482422,63.043983459472656,61.79975891113281,62.210968017578125,65.94261932373047,72.63986206054688,76.02406311035156,75.66593933105469,72.84184265136719,59.642513275146484,58.38350296020508,56.37091827392578,52.02930450439453
2024-01-26,61.38331985473633,58.019142150878906,53.65789031982422,54.403175354003906,60.964942932128906,73.7147216796875,80.11372375488281,87.09529876708984,86.36954498291016,83.08029174804688,76.73854064941406,73.2416000366211,71.79388427734375,71.65277099609375,69.68687438964844,72.01421356201172,80.01832580566406,87.72869110107422,84.72007751464844,79.33303833007812,71.85025787353516,72.86824035644531,66.26589965820312,63.3489875793457
2024-01-27,65.23062133789062,61.61874771118164,57.270538330078125,56.34684371948242,61.23054504394531,67.82559967041016,77.59454345703125,77.92222595214844,71.39976501464844,71.30475616455078,63.74732971191406,66.07733917236328,59.735477447509766,60.37458419799805,63.83306884765625,65.19895935058594,80.92436218261719,92.81101989746094,94.59097290039062,86.63760375976562,78.77679443359375,77.46292877197266,74.22374725341797,68.85009765625
2024-01-28,57.35551834106445,58.90241622924805,52.04724884033203,50.85693359375,53.08821105957031,58.309410095214844,59.889801025390625,59.04365158081055,59.705352783203125,59.53057098388672,57.674903869628906,52.549041748046875,48.56376647949219,46.32892990112305,53.644622802734375,56.86166763305664,67.75419616699219,77.98291015625,82.31964874267578,76.90718078613281,70.94789123535156,68.46607971191406,64.38626098632812,62.25556182861328
2024-01-29,34.58919906616211,33.83136749267578,31.14743423461914,31.024974822998047,41.2057991027832,56.643333435058594,74.38623809814453,74.62667846679688,76.64200592041016,72.12797546386719,74.1954116821289,64.89996337890625,62.48345947265625,63.195960998535156,62.77251052856445,66.36262512207031,71.76815795898438,84.24359130859375,81.60272979736328,74.09488677978516,64.38175201416016,64.57606506347656,60.34507369995117,55.22918701171875
2024-01-30,66.23526000976562,64.58273315429688,60.668148040771484,60.77061462402344,65.4287338256836,80.32697296142578,91.01163482666016,96.20079803466797,87.95494079589844,83.49736785888672,77.83673095703125,73.3710708618164,70.72200775146484,71.15928649902344,71.57960510253906,78.27734375,88.23877716064453,94.94178771972656,96.36221313476562,88.21997833251953,78.53377532958984,74.29685974121094,69.77487182617188,66.60575866699219
2024-01-31,67.02597045898438,65.09429931640625,61.164222717285156,62.192115783691406,67.48809814453125,78.19011688232422,87.32258605957031,87.56582641601562,82.30262756347656,78.30091094970703,72.2107162475586,69.07562255859375,66.64136505126953,66.29019165039062,67.20613861083984,71.22836303710938,81.45318603515625,89.4686279296875,91.84922790527344,83.85437774658203,76.2733154296875,74.65943908691406,69.04071044921875,65.02713775634766
2024-02-01,45.747257232666016,46.651851654052734,42.9958610534668,42.876220703125,50.441436767578125,66.10102844238281,81.11442565917969,83.60309600830078,78.70391845703125,74.07803344726562,67.83329010009766,65.32150268554688,62.66710662841797,62.41779327392578,62.4964599609375,66.70362091064453,76.72300720214844,83.05348205566406,82.66667938232422,76.36074829101562,70.1861572265625,66.77682495117188,62.425071716308594,57.09779739379883
2024-02-02,58.133575439453125,56.142127990722656,54.05534362792969,55.810630798339844,62.58381652832031,76.681640625,89.85369873046875,91.45000457763672,87.2717514038086,79.4283447265625,72.99334716796875,69.43313598632812,64.45460510253906,66.15744018554688,66.73676300048828,74.76518249511719,84.07382202148438,96.23869323730469,97.36918640136719,88.30799102783203,79.96038818359375,77.75636291503906,72.27499389648438,66.56925964355469
2024-02-03,40.090003967285156,37.56532669067383,33.67448043823242,33.383811950683594,37.657718658447266,43.586463928222656,51.73099899291992,55.498756408691406,60.633602142333984,54.071502685546875,53.141937255859375,53.351829528808594,50.05949401855469,49.18548583984375,52.86871337890625,52.67127990722656,65.77838897705078,74.43731689453125,78.64116668701172,71.20173645019531,65.68174743652344,64.182861328125,58.59220886230469,54.098388671875
2024-02-04,34.61965560913086,32.511966705322266,28.421348571777344,28.454715728759766,31.8497314453125,37.30209732055664,44.59530258178711,45.798580169677734,46.76377487182617,43.56632995605469,42.53606414794922,42.95966720581055,35.817779541015625,36.35783004760742,39.86293411254883,42.962162017822266,55.73284149169922,65.41354370117188,67.05901336669922,61.785072326660156,54.952430725097656,57.09392547607422,51.844032287597656,47.58050537109375
2024-02-05,7.682716369628906,7.091743469238281,4.558185577392578,7.970500946044922,13.404029846191406,38.8303337097168,55.00749206542969,61.56388473510742,59.61286544799805,53.185970306396484,50.41923141479492,46.490779876708984,42.31808853149414,45.190643310546875,47.2488899230957,52.38956832885742,67.37614440917969,78.23907470703125,79.69683837890625,66.88380432128906,58.8277587890625,57.11601638793945,48.974586486816406,42.141944885253906
2024-02-06,28.19852066040039,26.30565643310547,21.86492919921875,28.32681655883789,37.632301330566406,48.337284088134766,65.92303466796875,70.42094421386719,64.49790954589844,60.63105392456055,58.47492599487305,53.90076446533203,46.92129898071289,59.36906433105469,54.49901580810547,55.81303024291992,67.87919616699219,74.3394775390625,70.99311828613281,65.19804382324219,57.41477966308594,54.37797546386719,49.38349151611328,41.84098815917969
2024-02-07,39.16727066040039,38.07174301147461,36.462303161621094,35.8079948425293,42.03550338745117,59.405826568603516,74.41613006591797,81.37620544433594,75.58465576171875,69.71552276611328,66.06653594970703,61.39049530029297,57.44160079956055,57.72892761230469,59.91363525390625,66.33891296386719,75.45480346679688,84.54654693603516,81.35478210449219,73.05430603027344,65.46534729003906,61.37024688720703,55.97213363647461,49.901031494140625
2024-02-08,63.41484451293945,60.82212829589844,58.34979248046875,58.98190689086914,62.94341278076172,76.0133285522461,84.87516784667969,87.95291900634766,85.11357879638672,77.83172607421875,75.22713470458984,75.07435607910156,70.3311767578125,71.98939514160156,73.3006362915039,74.89874267578125,84.66499328613281,90.24017333984375,92.72174835205078,84.07196807861328,72.89900207519531,71.15983581542969,68.32771301269531,66.55653381347656
2024-02-09,23.858448028564453,20.32257080078125,22.154003143310547,20.131378173828125,29.90579605102539,42.44512939453125,53.1534538269043,54.396629333496094,53.150184631347656,51.75226593017578,46.11762619018555,46.56816864013672,45.31010437011719,43.257293701171875,46.17543029785156,50.81209182739258,56.16411590576172,68.61001586914062,66.02873992919922,60.77524948120117,49.722625732421875,50.17953109741211,43.876441955566406,41.3416748046875
2024-02-10,56.74046325683594,54.767791748046875,51.819854736328125,50.71787643432617,52.064361572265625,56.8825798034668,63.850982666015625,65.65335083007812,64.04818725585938,61.770042419433594,58.66181182861328,57.997718811035156,54.4896354675293,54.505088806152344,55.23827362060547,61.11711120605469,70.14537048339844,80.52337646484375,80.98304748535156,73.64007568359375,65.52738952636719,65.09872436523438,62.9793815612793,56.99445343017578
2024-02-11,55.114990234375,51.70799255371094,45.821800231933594,41.31280517578125,45.427459716796875,47.85875701904297,53.12660598754883,52.046897888183594,52.71636962890625,49.81382369995117,46.33848190307617,45.38076400756836,43.27538299560547,41.9255485534668,47.063934326171875,56.76529312133789,68.94795227050781,76.40896606445312,77.36896514892578,69.73490905761719,62.93768310546875,61.5884895324707,56.7768440246582,52.695621490478516
2024-02-12,62.574642181396484,60.72840881347656,56.92668914794922,59.99909973144531,67.5739974975586,81.67295837402344,95.92442321777344,96.89334106445312,92.2540054321289,83.1196060180664,78.72676086425781,76.31510162353516,74.91329193115234,75.0108871459961,73.83187866210938,80.51888275146484,94.6048355102539,102.42259979248047,100.50668334960938,90.99539947509766,84.19137573242188,79.01012420654297,73.51425170898438,69.83135986328125
2024-02-13,58.934932708740234,54.45198059082031,52.994041442871094,53.75638198852539,61.781044006347656,74.80109405517578,91.64285278320312,92.14985656738281,85.33407592773438,78.0429916381836,71.48628234863281,68.10202026367188,66.44712829589844,65.11680603027344,65.80451965332031,70.01258087158203,80.2676773071289,89.40939331054688,90.60737609863281,78.39816284179688,73.43217468261719,72.47898864746094,69.29031372070312,63.59336853027344
2024-02-14,56.2769775390625,54.163543701171875,51.53274154663086,51.47882843017578,56.26355743408203,67.9488525390625,76.07267761230469,78.36404418945312,73.37112426757812,69.70032501220703,66.0136489868164,62.43539047241211,60.575260162353516,59.54078674316406,59.90568542480469,63.20732879638672,72.66752624511719,80.69477844238281,80.48358154296875,74.14883422851562,67.05828857421875,63.54323959350586,60.23954772949219,55.832557678222656
2024-02-15,58.88748550415039,56.564002990722656,52.32398223876953,52.0535888671875,57.58318328857422,66.96458435058594,77.82789611816406,76.59352111816406,69.9967041015625,64.89261627197266,59.66119384765625,59.2010498046875,56.320335388183594,54.14344024658203,59.05864715576172,64.36210632324219,73.91434478759766,80.88184356689453,84.07484436035156,75.72456359863281,71.31452941894531,65.76984405517578,62.723365783691406,60.408447265625
2024-02-16,48.36549377441406,44.987213134765625,42.68235778808594,42.72454833984375,49.04450988769531,60.012638092041016,70.24797058105469,71.90483093261719,68.76237487792969,64.80708312988281,60.88812255859375,58.84449005126953,57.265472412109375,56.74390411376953,56.71287536621094,62.33406448364258,69.63381958007812,79.68235778808594,78.67620086669922,71.83238220214844,67.11734771728516,65.05399322509766,61.71144485473633,56.76780319213867
2024-02-17,50.93975067138672,47.9580078125,44.65436553955078,44.69237518310547,51.375091552734375,56.862823486328125,62.604156494140625,62.663265228271484,60.075496673583984,59.607879638671875,56.18177795410156,57.96087646484375,51.14521026611328,50.16041564941406,54.445716857910156,53.423744201660156,63.12504959106445,69.18489074707031,71.1977767944336,68.60505676269531,63.47975158691406,60.8642463684082,58.15869903564453,52.41532897949219
2024-02-18,53.18467712402344,53.69626235961914,47.68181610107422,46.1876220703125,49.53261184692383,55.98767852783203,58.06436538696289,58.54610061645508,56.685035705566406,55.819114685058594,54.929019927978516,55.006263732910156,47.96993637084961,48.3291130065918,54.009788513183594,56.66584396362305,68.68636322021484,77.51052856445312,79.560302734375,72.78134155273438,67.78466796875,66.29193115234375,59.82663345336914,58.14460754394531
2024-02-19,41.55946350097656,37.82694625854492,38.911964416503906,38.340576171875,44.839271545410156,56.92706298828125,66.24191284179688,68.90706634521484,64.5689468383789,58.35152816772461,57.49253463745117,53.530235290527344,51.46361541748047,52.391197204589844,51.953697204589844,57.25358200073242,65.27991485595703,75.52340698242188,75.39463806152344,72.7420654296875,67.7563705444336,64.30841827392578,60.414825439453125,54.477413177490234
2024-02-20,46.21652603149414,41.81038284301758,42.5965461730957,41.20536804199219,51.61015701293945,64.78675842285156,75.7123794555664,81.21283721923828,74.15138244628906,67.73895263671875,63.376258850097656,62.531307220458984,58.08355712890625,60.40283203125,58.84682846069336,60.18466567993164,68.95570373535156,80.89017486572266,83.70803833007812,75.65676879882812,66.19583129882812,65.08796691894531,60.463035583496094,56.03724670410156
2024-02-21,50.89527893066406,47.42926788330078,45.292686462402344,45.45034408569336,52.032012939453125,64.14851379394531,73.53299713134766,77.03312683105469,69.62971496582031,63.17584991455078,62.55107498168945,57.22527313232422,54.67515563964844,53.728607177734375,54.77606964111328,58.94402313232422,65.87133026123047,71.88836669921875,78.34233856201172,71.43229675292969,63.271854400634766,63.381160736083984,58.37815856933594,53.086952209472656
2024-02-22,31.44781494140625,30.55621337890625,27.06466293334961,27.643096923828125,33.67280578613281,45.96818161010742,57.37013244628906,61.37481689453125,57.934871673583984,54.26000213623047,52.71226501464844,49.78132247924805,46.4925422668457,44.25110626220703,43.90139389038086,47.0643196105957,58.49756622314453,63.11481857299805,67.67300415039062,62.489952087402344,57.31113052368164,55.676513671875,49.9616584777832,44.18646240234375
2024-02-23,12.522361755371094,12.830303192138672,8.352397918701172,8.834415435791016,15.617149353027344,28.84259796142578,41.16875457763672,46.616397857666016,43.823184967041016,41.17412185668945,38.64228057861328,37.724037170410156,35.62106704711914,35.8283576965332,37.15275955200195,40.18335723876953,46.40754318237305,53.83542251586914,52.6579475402832,44.59429168701172,40.181617736816406,39.59019470214844,33.60688018798828,30.47100067138672
2024-02-24,56.57064437866211,54.332366943359375,52.44380569458008,51.41570281982422,50.306724548339844,52.11581802368164,54.34843063354492,53.272613525390625,50.254966735839844,47.45125961303711,43.64876174926758,41.68661117553711,41.55995178222656,41.537818908691406,45.02698516845703,47.49089050292969,53.09984588623047,54.55955123901367,59.034759521484375,54.85029220581055,49.72575759887695,49.644466400146484,48.390106201171875,45.833431243896484
2024-02-25,47.58258819580078,45.880733489990234,42.64372253417969,39.9852294921875,42.774139404296875,45.3233642578125,45.84746170043945,44.88483810424805,47.130714416503906,45.63996124267578,44.00298309326172,42.39298629760742,40.245086669921875,38.68421936035156,40.41740417480469,47.65043258666992,55.480133056640625,61.58332061767578,61.63746643066406,55.40088653564453,51.87900161743164,50.72874450683594,47.6866455078125,44.8581657409668
2024-02-26,50.15121078491211,47.87430191040039,45.74345397949219,45.948509216308594,52.421173095703125,65.09471130371094,77.04578399658203,82.74090576171875,76.96443176269531,71.56425476074219,68.00833892822266,65.92088317871094,64.76933288574219,63.294647216796875,64.1368179321289,69.55435180664062,78.27291870117188,85.74168395996094,87.76080322265625,76.99244689941406,69.31036376953125,66.86241149902344,61.584808349609375,58.63811492919922
2024-02-27,54.594757080078125,51.5526123046875,49.011695861816406,48.824378967285156,51.9161262512207,64.23585510253906,78.3656997680664,82.38223266601562,76.14860534667969,71.1558609008789,67.7540054321289,66.70994567871094,62.15630340576172,63.43640899658203,64.02458953857422,65.05081176757812,73.82991027832031,83.20516967773438,86.70763397216797,78.19322204589844,70.8214340209961,67.67533111572266,64.85591888427734,60.65604782104492
2024-02-28,56.60783386230469,54.42312240600586,53.12895965576172,52.636024475097656,59.260101318359375,70.86309814453125,76.36990356445312,77.5344009399414,70.66551208496094,67.95137023925781,67.03960418701172,61.884735107421875,58.1373405456543,58.65448760986328,60.451622009277344,64.70440673828125,69.52958679199219,79.23292541503906,83.42378997802734,77.12316131591797,72.00251007080078,65.79186248779297,63.168357849121094,59.37982940673828
2024-02-29,49.52373504638672,44.698631286621094,44.67564392089844,40.7935791015625,51.510257720947266,64.39594268798828,77.11457824707031,77.94620513916016,74.65220642089844,73.27590942382812,67.8014144897461,64.40205383300781,59.591148376464844,61.7374382019043,58.42756652832031,66.21004486083984,71.37632751464844,80.03225708007812,78.132568359375,73.00743103027344,67.54261779785156,67.74748229980469,61.20074462890625,54.86503219604492
2024-03-01,57.69798278808594,55.482261657714844,53.14507293701172,52.68040466308594,58.558555603027344,64.87178039550781,71.80293273925781,71.120849609375,67.70547485351562,65.06922912597656,62.87547302246094,59.62065887451172,59.729461669921875,58.469661712646484,58.36412811279297,58.99244689941406,66.5830307006836,73.99870300292969,75.33867645263672,71.17930603027344,63.42960739135742,61.59632110595703,60.15380859375,55.22215270996094
2024-03-02,53.92981719970703,51.50335693359375,48.91209411621094,47.719947814941406,51.2547607421875,56.95384979248047,59.897865295410156,61.467254638671875,59.71068572998047,55.31792449951172,52.556060791015625,51.252464294433594,45.96240997314453,46.29774475097656,48.43084716796875,53.0692138671875,62.56467056274414,72.27536010742188,76.3608169555664,68.18746185302734,61.96623992919922,59.619842529296875,56.629364013671875,52.06488037109375
2024-03-03,56.96849060058594,54.995567321777344,50.06378173828125,49.88090133666992,53.875389099121094,57.517494201660156,61.027503967285156,63.6995735168457,63.17102813720703,59.900733947753906,59.18909454345703,57.600372314453125,52.826908111572266,52.206748962402344,53.898651123046875,58.12939453125,68.11224365234375,78.12757873535156,77.96857452392578,73.44563293457031,67.30103302001953,66.52661895751953,63.62340545654297,58.94203186035156
2024-03-04,62.39485168457031,60.049888610839844,58.231101989746094,57.460594177246094,64.14006805419922,76.7853775024414,89.37059783935547,91.6102523803711,84.65914154052734,77.56076049804688,73.98686218261719,66.8462142944336,64.44752502441406,66.54827880859375,69.03861999511719,70.2456283569336,79.32373809814453,86.17774200439453,90.07388305664062,82.69770812988281,74.96783447265625,72.10975646972656,67.02546691894531,60.437721252441406
2024-03-05,58.30449676513672,56.36688232421875,53.93378448486328,52.09699249267578,55.745479583740234,72.33091735839844,83.09963989257812,88.38276672363281,82.27923583984375,73.86553192138672,69.083984375,66.22080993652344,67.18700408935547,65.19969940185547,69.63650512695312,71.9759521484375,81.49540710449219,89.61277770996094,92.83236694335938,84.64990234375,76.8768081665039,72.43687438964844,67.33263397216797,64.18624877929688
2024-03-06,68.45954132080078,65.44938659667969,62.76620101928711,64.68717193603516,74.01776123046875,88.12532806396484,100.52925872802734,103.61399841308594,94.42980194091797,86.98857879638672,84.2617416381836,81.2295913696289,74.90861511230469,76.39720153808594,76.42288208007812,80.2015609741211,93.12242889404297,103.22025299072266,107.19949340820312,97.0050048828125,88.68147277832031,84.79278564453125,78.96311950683594,72.85188293457031
2024-03-07,72.72952270507812,67.23577880859375,69.8506088256836,63.294647216796875,72.44993591308594,83.2532730102539,96.26048278808594,108.27571105957031,98.47457885742188,83.24747467041016,77.76446533203125,78.12444305419922,65.58365631103516,67.98497009277344,67.92192840576172,73.80097961425781,93.40203094482422,95.73382568359375,112.40853118896484,116.3104476928711,93.8024673461914,90.57811737060547,79.41997528076172,71.28500366210938
2024-03-08,62.15980911254883,57.430904388427734,57.52876281738281,56.264007568359375,61.02682876586914,75.76431274414062,88.67854309082031,86.86410522460938,81.66683197021484,77.05792999267578,65.74126434326172,62.22516632080078,67.72941589355469,63.495243072509766,64.83354187011719,70.11363220214844,82.03709411621094,91.86902618408203,95.59671020507812,85.15814971923828,74.79656982421875,77.71647644042969,71.9578857421875,65.78437805175781
2024-03-09,53.21907043457031,50.96051025390625,47.254791259765625,47.260929107666016,49.34492874145508,54.76292419433594,60.288658142089844,62.17074966430664,61.7742919921875,57.289573669433594,55.623451232910156,51.46734619140625,46.743324279785156,45.70030975341797,48.22262954711914,53.403385162353516,65.05685424804688,74.92976379394531,83.26765441894531,78.0435791015625,70.41968536376953,66.38949584960938,63.44199752807617,61.387611389160156
2024-03-10,49.10075378417969,46.13452911376953,43.917240142822266,43.722328186035156,44.50442123413086,48.394046783447266,53.07961654663086,51.9899787902832,48.69496536254883,43.83572006225586,43.5143928527832,36.61178970336914,30.057632446289062,29.256378173828125,36.609580993652344,47.50553512573242,65.55024719238281,76.59780883789062,83.27046966552734,77.22140502929688,69.45529174804688,69.26731872558594,62.442501068115234,59.557167053222656
2024-03-11,57.39321517944336,53.270606994628906,53.67132568359375,54.62689208984375,58.407535552978516,72.49288177490234,84.14830017089844,84.81871032714844,79.79940032958984,74.58473205566406,70.2127685546875,64.1392593383789,62.68840026855469,62.68492889404297,63.117042541503906,67.04901885986328,77.21673583984375,84.69837951660156,86.37556457519531,77.44931030273438,71.27619934082031,68.93399810791016,66.37747955322266,63.224388122558594
2024-03-12,62.146942138671875,60.813087463378906,58.08476257324219,59.539794921875,63.824745178222656,74.53064727783203,84.45291900634766,86.28977966308594,80.91228485107422,73.08223724365234,71.8221206665039,69.76737976074219,65.99412536621094,64.7186050415039,66.26507568359375,71.5359878540039,82.36323547363281,91.14661407470703,88.97469329833984,80.99437713623047,72.31603240966797,68.0872573852539,64.6590576171875,60.61664581298828
2024-03-13,52.5550651550293,51.541107177734375,49.36962127685547,51.59246826171875,55.86980438232422,67.77837371826172,78.77708435058594,79.73780059814453,74.29940795898438,67.4925537109375,61.604095458984375,61.052001953125,58.053855895996094,57.72955322265625,56.6746826171875,59.86271667480469,70.28641510009766,84.98947143554688,88.24298095703125,78.42750549316406,70.69044494628906,67.04200744628906,63.82925033569336,61.48337936401367
2024-03-14,58.58377456665039,55.8032112121582,54.207916259765625,56.4017333984375,63.83894348144531,71.58146667480469,82.2414321899414,78.01536560058594,71.42837524414062,65.46725463867188,60.893653869628906,58.10187530517578,52.875274658203125,55.346649169921875,58.10378646850586,58.98235321044922,68.05282592773438,79.89937591552734,82.12071228027344,71.82698059082031,68.990478515625,69.62818908691406,64.68455505371094,60.001502990722656
2024-03-15,45.56851577758789,42.102027893066406,39.29202651977539,39.987857818603516,46.752235412597656,61.917938232421875,73.65499877929688,65.57186889648438,59.4280891418457,57.0500602722168,52.259639739990234,50.09394454956055,40.10477828979492,42.69664764404297,40.370880126953125,46.25381851196289,56.815887451171875,67.34283447265625,72.62652587890625,65.76095581054688,62.69458770751953,55.8387565612793,54.210941314697266,48.840553283691406
2024-03-16,45.17354202270508,45.100502014160156,39.55120086669922,37.79438781738281,44.072547912597656,46.056453704833984,53.4193115234375,47.300601959228516,41.94028854370117,32.99557876586914,31.785503387451172,28.85041046142578,28.076358795166016,27.058609008789062,30.937530517578125,40.09456253051758,55.56208801269531,69.39009094238281,73.45947265625,64.81698608398438,53.810001373291016,51.48186492919922,51.30859375,49.32090759277344
2024-03-17,53.80596160888672,53.40451431274414,46.947959899902344,45.3548698425293,47.832435607910156,48.16261291503906,49.776737213134766,50.922908782958984,45.17258071899414,39.43373107910156,37.39769744873047,31.83306121826172,23.262432098388672,26.70025634765625,31.765625,42.30970764160156,60.1975212097168,70.25938415527344,76.80281829833984,73.36083984375,67.7142333984375,65.44570922851562,60.72520065307617,56.86530303955078
2024-03-18,58.61174011230469,57.869659423828125,55.71409606933594,55.42499542236328,64.13507843017578,71.1130142211914,82.3187255859375,78.76322174072266,72.6693115234375,66.11444091796875,62.517425537109375,57.86460876464844,54.140663146972656,58.27947235107422,57.3707275390625,60.38128662109375,70.0685806274414,81.70170593261719,89.89019012451172,80.90068817138672,76.13373565673828,73.73481750488281,66.31185913085938,62.079376220703125
2024-03-19,64.66151428222656,62.700801849365234,58.54315948486328,60.02291488647461,70.4943618774414,84.32876586914062,92.30644226074219,93.24403381347656,80.70148468017578,72.73267364501953,64.67394256591797,60.872955322265625,53.85957717895508,55.0274658203125,55.8101806640625,62.92668533325195,76.33879852294922,90.93586730957031,100.1971206665039,90.08629608154297,81.53435516357422,77.77581024169922,71.35286712646484,68.5409164428711
2024-03-20,69.5390396118164,67.94878387451172,66.8175048828125,63.16603469848633,71.40465545654297,81.5296630859375,92.8927993774414,89.29379272460938,79.60587310791016,63.2039794921875,59.73956298828125,59.31537628173828,56.04460144042969,51.13011932373047,62.572818756103516,62.292198181152344,79.01852416992188,89.5533676147461,100.38533020019531,91.37156677246094,85.46420288085938,79.70919036865234,68.90017700195312,72.96575927734375
2024-03-21,62.11043167114258,63.481971740722656,57.36737060546875,57.777191162109375,66.95698547363281,83.38570404052734,97.11465454101562,82.75987243652344,69.4032211303711,62.29786682128906,57.51934814453125,52.2484245300293,50.734031677246094,49.04730224609375,51.19456481933594,65.08770751953125,68.68370056152344,89.29059600830078,97.97644805908203,95.30836486816406,83.05496215820312,80.73518371582031,75.34368133544922,77.45193481445312
2024-03-22,29.9884033203125,29.068546295166016,24.32046890258789,25.716487884521484,34.229949951171875,50.84086227416992,69.12678527832031,64.32501220703125,56.93501663208008,47.34797286987305,43.320011138916016,39.004451751708984,40.00223922729492,37.54548263549805,38.052616119384766,46.80720138549805,61.56243896484375,83.2100601196289,95.33495330810547,87.59487915039062,77.2171630859375,71.09532928466797,68.00236511230469,58.42181396484375
2024-03-23,11.880828857421875,12.828529357910156,4.330070495605469,7.0699005126953125,11.511741638183594,23.205322265625,29.28028106689453,28.3089599609375,26.985679626464844,20.536537170410156,24.290302276611328,23.393951416015625,15.367511749267578,12.003837585449219,24.458839416503906,29.88857650756836,44.910335540771484,61.665958404541016,65.54411315917969,56.885711669921875,51.895851135253906,55.07609558105469,45.05522918701172,40.846954345703125
2024-03-24,2.5868072509765625,-0.08339691162109375,-0.4487152099609375,1.6110916137695312,1.7038116455078125,6.1656341552734375,9.49371337890625,10.225234985351562,5.1854095458984375,6.652984619140625,7.1763763427734375,1.8973388671875,-0.7582321166992188,-2.9972610473632812,0.3106231689453125,5.2812652587890625,18.905296325683594,30.024642944335938,36.248199462890625,35.70234680175781,34.409828186035156,34.18430709838867,28.851757049560547,26.547466278076172
2024-03-25,52.5745849609375,51.63288116455078,47.86043167114258,46.98283386230469,60.167503356933594,70.77055358886719,80.04814147949219,73.08482360839844,68.8036880493164,58.122398376464844,57.41117858886719,56.34822082519531,54.78306198120117,51.68309020996094,49.3724365234375,51.66775131225586,64.47283935546875,73.63215637207031,78.00428009033203,75.53096008300781,65.03994750976562,59.324214935302734,53.668704986572266,53.56222915649414
2024-03-26,10.171943664550781,6.953132629394531,3.439727783203125,9.450122833251953,10.879249572753906,22.2041015625,33.43122100830078,34.32588195800781,28.712677001953125,18.897987365722656,18.962127685546875,18.313499450683594,15.037654876708984,17.818729400634766,14.30096435546875,20.168594360351562,31.4525146484375,35.05945587158203,45.547279357910156,31.686172485351562,32.073158264160156,23.40673828125,24.71233367919922,25.73918914794922
2024-03-27,52.95011901855469,50.120384216308594,47.560543060302734,46.37226867675781,52.152130126953125,66.70790100097656,73.34323120117188,69.21247863769531,60.367530822753906,55.89159393310547,51.57767868041992,49.13862609863281,46.603515625,45.937713623046875,50.020233154296875,54.561912536621094,66.90615844726562,76.46965789794922,81.16998291015625,72.78535461425781,63.5937614440918,58.628238677978516,55.4411506652832,55.69831085205078
2024-03-28,17.32492446899414,13.575183868408203,12.409637451171875,12.97225570678711,22.787433624267578,41.86787796020508,48.6381721496582,46.972328186035156,36.179203033447266,28.942062377929688,24.672607421875,21.594032287597656,19.642818450927734,20.89004898071289,22.388729095458984,25.452865600585938,39.16962432861328,51.03852844238281,58.61383056640625,49.54713821411133,40.36924743652344,39.77283477783203,37.815216064453125,31.21031951904297
2024-03-29,16.206581115722656,13.628612518310547,13.998287200927734,11.021244049072266,16.712539672851562,27.872268676757812,33.39656066894531,31.790115356445312,20.77947998046875,19.7857666015625,16.245773315429688,15.884662628173828,12.378204345703125,13.720901489257812,16.01427459716797,16.62554931640625,26.209793090820312,35.18310546875,46.396270751953125,37.55065155029297,33.00196075439453,28.823822021484375,29.920303344726562,23.557907104492188
2024-03-30,61.99777603149414,56.33727264404297,51.255889892578125,51.80381774902344,52.82395553588867,57.74403381347656,62.04181671142578,60.92301940917969,52.932594299316406,46.873443603515625,44.84463882446289,40.805511474609375,34.5093994140625,30.787860870361328,40.21214294433594,47.69984817504883,54.96113967895508,62.429420471191406,70.1230239868164,65.20518493652344,57.709266662597656,57.56382369995117,54.27954864501953,55.13814926147461
2024-03-31,49.79811096191406,47.067787170410156,41.01463317871094,41.92902374267578,41.508975982666016,46.072444915771484,43.02374267578125,31.240646362304688,18.263092041015625,11.830101013183594,9.553031921386719,5.845069885253906,1.5694808959960938,2.5053253173828125,13.405891418457031,27.311710357666016,47.27924728393555,60.354183197021484,67.54106140136719,63.236595153808594,58.70956039428711,56.19686508178711,50.28634262084961,47.42815017700195
2024-04-01,28.109004974365234,25.532039642333984,23.152095794677734,24.24947738647461,29.519351959228516,35.19932556152344,46.866844177246094,48.62377166748047,43.082664489746094,37.17184066772461,34.72837448120117,30.333724975585938,24.4112548828125,22.539512634277344,25.567001342773438,27.414154052734375,43.95370101928711,62.04595947265625,68.84651184082031,62.37705612182617,57.999149322509766,57.19410705566406,49.72856903076172,45.02301025390625
2024-04-02,10.804527282714844,13.058174133300781,11.003040313720703,13.927982330322266,27.413005828857422,41.5590934753418,47.736778259277344,42.07954406738281,31.04299545288086,25.908477783203125,21.09735870361328,18.894634246826172,17.433639526367188,17.802494049072266,19.223995208740234,26.580490112304688,36.634735107421875,43.45698547363281,48.781768798828125,41.56407928466797,32.76495361328125,33.627620697021484,28.415119171142578,25.063602447509766
2024-04-03,13.165977478027344,9.791313171386719,10.02432632446289,13.171215057373047,18.958114624023438,29.774383544921875,31.10149383544922,26.456680297851562,20.54449462890625,15.851448059082031,14.461891174316406,12.078422546386719,7.495445251464844,5.6850128173828125,8.535179138183594,13.587814331054688,20.450286865234375,29.819015502929688,31.02068328857422,29.225486755371094,25.335121154785156,23.670936584472656,21.487876892089844,18.889087677001953
2024-04-04,1.619110107421875,-4.536949157714844,-3.7162704467773438,0.8032455444335938,6.3096160888671875,17.40473175048828,22.645553588867188,14.331344604492188,5.9747772216796875,2.8459014892578125,4.205322265625,2.0927276611328125,-5.242973327636719,-4.232780456542969,-4.0235595703125,5.61358642578125,10.466842651367188,18.24103546142578,23.819786071777344,20.216102600097656,14.709976196289062,15.663436889648438,12.005538940429688,5.784309387207031
2024-04-05,16.50909423828125,14.09183120727539,11.886795043945312,14.892391204833984,22.72323226928711,32.10427474975586,38.022361755371094,32.631317138671875,18.622535705566406,12.633941650390625,8.115585327148438,6.500801086425781,2.2864761352539062,-1.0387496948242188,2.7446975708007812,11.327285766601562,23.261734008789062,30.413063049316406,37.04643249511719,33.518211364746094,27.15277099609375,28.55060577392578,26.636016845703125,20.15196990966797
2024-04-06,1.725799560546875,0.09146881103515625,-1.6159286499023438,-5.049102783203125,-6.2846832275390625,-8.739837646484375,-1.7069320678710938,-3.7114028930664062,-3.7562026977539062,-6.707313537597656,-8.185272216796875,-11.654953002929688,-21.054542541503906,-21.94921112060547,-17.693405151367188,-12.99969482421875,-1.6416397094726562,6.265899658203125,13.422386169433594,14.272987365722656,16.09355926513672,13.242446899414062,14.905021667480469,7.7356414794921875
2024-04-07,-1.667236328125,-3.9880905151367188,-3.826171875,-6.3206939697265625,-4.9860076904296875,-5.676948547363281,-5.25311279296875,-4.817985534667969,-4.9770965576171875,-11.253929138183594,-6.6566619873046875,-10.931373596191406,-21.89227294921875,-23.611495971679688,-16.26788330078125,-12.139549255371094,-0.674224853515625,8.63140869140625,12.573036193847656,14.968902587890625,8.67913818359375,9.422035217285156,7.7674560546875,3.1100921630859375
2024-04-08,11.969818115234375,12.129718780517578,14.970451354980469,16.918270111083984,19.918590545654297,30.36852264404297,32.743896484375,33.53538513183594,30.94451141357422,29.375904083251953,25.35312271118164,23.167205810546875,21.676219940185547,24.472999572753906,24.04608154296875,32.39871597290039,36.509788513183594,42.11936950683594,43.26018524169922,31.76996612548828,28.281570434570312,27.852920532226562,22.371688842773438,17.047771453857422
2024-04-09,1.661834716796875,1.466888427734375,2.9942398071289062,4.6190643310546875,16.195037841796875,25.78863525390625,30.421722412109375,28.948867797851562,24.668487548828125,22.67669677734375,23.051856994628906,18.33926010131836,17.968101501464844,15.178581237792969,16.91372299194336,20.449798583984375,27.41010284423828,31.63457489013672,25.348594665527344,18.24646759033203,19.298118591308594,16.74657440185547,18.50074005126953,13.629600524902344
2024-04-10,7.999641418457031,8.732860565185547,11.06146240234375,13.022960662841797,17.32874298095703,29.587814331054688,31.494140625,23.618270874023438,24.13116455078125,21.896339416503906,18.780113220214844,18.22457504272461,9.464042663574219,10.840644836425781,7.555938720703125,17.207763671875,18.01514434814453,22.36853790283203,22.595359802246094,17.4239501953125,20.543128967285156,15.814620971679688,17.388267517089844,12.829017639160156
2024-04-11,2.8843307495117188,0.6909103393554688,3.172698974609375,9.385967254638672,24.24155044555664,37.89760208129883,37.56629180908203,29.585838317871094,31.661563873291016,24.115222930908203,21.177196502685547,17.55414581298828,23.840126037597656,15.775089263916016,13.845329284667969,14.034912109375,24.204971313476562,25.258689880371094,33.82795715332031,27.448196411132812,25.582000732421875,26.39240264892578,20.525978088378906,7.799400329589844
2024-04-12,15.68804931640625,15.607402801513672,16.287147521972656,23.58065414428711,34.09663772583008,40.23527526855469,42.645606994628906,32.861083984375,24.20917510986328,21.966506958007812,21.319091796875,19.353309631347656,17.194244384765625,12.928596496582031,10.126884460449219,16.231101989746094,21.12127685546875,27.277687072753906,21.472190856933594,17.896255493164062,21.743629455566406,17.942955017089844,21.95001220703125,14.989601135253906
2024-04-13,15.766670227050781,13.84429931640625,14.455657958984375,10.909080505371094,12.816947937011719,18.785301208496094,19.336830139160156,15.955108642578125,4.989692687988281,-1.79461669921875,-2.7440185546875,-11.269439697265625,-14.812904357910156,-11.98199462890625,-2.788177490234375,0.2574005126953125,12.059333801269531,24.706878662109375,30.192291259765625,29.244308471679688,28.770294189453125,26.008567810058594,25.618637084960938,19.069751739501953
2024-04-14,5.9226531982421875,1.062774658203125,-7.0810546875,-6.722572326660156,1.4968109130859375,3.8884124755859375,6.786293029785156,-6.999267578125,-24.92906951904297,-28.616043090820312,-42.47447967529297,-45.51741027832031,-58.60521697998047,-44.538841247558594,-36.61347961425781,-7.3899688720703125,13.916511535644531,29.02606964111328,39.35137176513672,30.91620635986328,36.47437286376953,29.173866271972656,19.285072326660156,15.088119506835938
2024-04-15,6.560455322265625,0.6825790405273438,6.405017852783203,11.601558685302734,28.895034790039062,38.790374755859375,46.03371047973633,35.154884338378906,31.458534240722656,22.050758361816406,24.314212799072266,24.139720916748047,16.19470977783203,11.555389404296875,20.585567474365234,23.755447387695312,38.331214904785156,44.84870910644531,42.34571075439453,33.356849670410156,32.66667175292969,28.397735595703125,27.957073211669922,22.455066680908203
2024-04-16,8.260459899902344,6.6098175048828125,5.65484619140625,10.67520523071289,16.76641845703125,24.456275939941406,33.343772888183594,30.521820068359375,23.04926300048828,17.5770263671875,17.475006103515625,10.032691955566406,6.826530456542969,6.054435729980469,5.744087219238281,14.810928344726562,22.711212158203125,32.35803985595703,42.187950134277344,34.46045684814453,30.90442657470703,27.09217071533203,24.826255798339844,20.341514587402344
2024-04-17,9.964126586914062,6.449028015136719,8.812431335449219,11.068302154541016,14.709251403808594,18.62615966796875,19.75605010986328,17.009078979492188,11.553138732910156,12.305839538574219,13.747505187988281,6.814002990722656,13.06734848022461,8.021087646484375,11.116889953613281,9.130035400390625,12.933609008789062,20.682273864746094,16.995986938476562,17.621910095214844,18.9403076171875,19.749496459960938,15.337814331054688,13.872062683105469
2024-04-18,64.44779968261719,60.696250915527344,60.29016876220703,65.56201171875,74.31587982177734,85.47795867919922,83.1053237915039,77.13822174072266,63.18183898925781,57.057533264160156,56.43244171142578,48.14515686035156,45.345191955566406,49.3875732421875,54.24887466430664,61.276737213134766,69.83415222167969,81.49252319335938,82.76879119873047,79.03298950195312,70.37666320800781,64.50814819335938,62.322120666503906,59.814002990722656
2024-04-19,21.866409301757812,20.57235336303711,20.591838836669922,26.013721466064453,40.76063537597656,60.479373931884766,68.23826599121094,52.12880325317383,34.4404411315918,26.298824310302734,25.644222259521484,18.376846313476562,14.949474334716797,12.874313354492188,21.535846710205078,32.25072479248047,49.67819595336914,68.06890869140625,68.48890686035156,57.961753845214844,51.19244384765625,45.63753890991211,45.960975646972656,36.67879867553711
2024-04-20,14.421405792236328,12.468635559082031,7.539875030517578,10.015247344970703,19.429813385009766,27.308509826660156,31.013214111328125,27.20525360107422,18.520553588867188,11.057601928710938,6.478752136230469,2.3279800415039062,-2.6978378295898438,-2.9309921264648438,5.033721923828125,12.241302490234375,24.988754272460938,36.940940856933594,48.26512908935547,42.586463928222656,40.93511199951172,36.92169952392578,32.435123443603516,27.34334945678711
2024-04-21,29.697410583496094,25.498126983642578,20.61056900024414,20.213031768798828,22.077030181884766,27.94048309326172,31.25206756591797,18.892715454101562,21.63341522216797,18.30449676513672,18.076766967773438,9.508941650390625,-0.9398956298828125,-0.33846282958984375,6.217353820800781,17.60931396484375,26.946319580078125,39.40825653076172,45.461891174316406,43.87367248535156,44.07306671142578,41.731327056884766,37.290584564208984,30.334365844726562
2024-04-22,56.159515380859375,54.85211944580078,49.32208251953125,51.10660171508789,61.64424133300781,69.39689636230469,71.39483642578125,65.63053131103516,60.03903579711914,57.91070556640625,51.85622024536133,52.44825744628906,49.76149368286133,46.93580627441406,46.12218475341797,47.36841583251953,54.91545104980469,64.30897521972656,64.79228210449219,55.918212890625,55.78657150268555,51.63358688354492,48.315391540527344,46.642913818359375
2024-04-23,75.5828857421875,74.12711334228516,74.06361389160156,75.20061492919922,83.5140609741211,96.16417694091797,95.06383514404297,91.74485778808594,73.8745346069336,62.75568389892578,61.124427795410156,63.29424285888672,57.754112243652344,54.89958190917969,58.531578063964844,58.069976806640625,71.82878875732422,87.67603302001953,86.24468231201172,79.91752624511719,75.12977600097656,69.812255859375,63.05709457397461,60.837318420410156
2024-04-24,60.67974090576172,58.05522918701172,56.25312042236328,56.26542663574219,68.0663833618164,78.51327514648438,83.63948059082031,80.95740509033203,69.87586975097656,63.6300163269043,57.82373046875,52.60509490966797,49.32500457763672,51.775062561035156,52.64714813232422,56.76166534423828,68.16130065917969,80.47840881347656,81.66020202636719,75.51193237304688,69.52328491210938,64.66642761230469,61.95143508911133,55.33087158203125
2024-04-25,77.8487777709961,71.70390319824219,71.58740234375,76.20726013183594,91.4493179321289,102.86531066894531,107.39596557617188,98.04973602294922,82.80654907226562,76.76649475097656,70.04634094238281,65.30532836914062,62.9547233581543,60.30804443359375,60.0360107421875,67.47660827636719,79.35470581054688,96.34668731689453,106.19657135009766,100.68647766113281,98.05381774902344,87.25724792480469,82.1584701538086,77.69322204589844
2024-04-26,74.78041076660156,70.10020446777344,70.40316772460938,72.68097686767578,85.81517028808594,95.7444076538086,103.4481201171875,95.75804901123047,89.8057861328125,84.52500915527344,82.04132080078125,80.37799072265625,74.7219467163086,71.6134033203125,67.78018188476562,77.4563217163086,90.45559692382812,95.60299682617188,103.58964538574219,103.23771667480469,98.07171630859375,90.1402587890625,84.46971130371094,79.06233978271484
2024-04-27,69.22999572753906,66.95169830322266,63.58389663696289,63.68645095825195,67.39248657226562,73.2452163696289,79.40115356445312,74.55887603759766,64.54093170166016,57.1816520690918,54.812313079833984,50.00994110107422,45.161678314208984,46.25660705566406,50.25270080566406,57.01250457763672,68.13653564453125,78.91252136230469,87.58158111572266,85.13856506347656,77.79934692382812,72.34736633300781,70.73135375976562,65.45851135253906
2024-04-28,39.11680221557617,34.60109329223633,34.01023864746094,31.630157470703125,33.782997131347656,38.40711975097656,42.54935836791992,38.66015625,28.41705322265625,20.812110900878906,19.026695251464844,10.755874633789062,0.40631103515625,4.358345031738281,14.705818176269531,26.692893981933594,48.52836227416992,66.14839935302734,79.57581329345703,77.429443359375,72.70360565185547,68.08134460449219,60.56713104248047,55.107879638671875
2024-04-29,51.993587493896484,49.153560638427734,47.968711853027344,56.77355194091797,66.68354034423828,76.41905975341797,80.19711303710938,68.107177734375,56.398277282714844,51.09538269042969,44.98177719116211,43.51432418823242,39.66762161254883,36.58704376220703,38.31130599975586,44.14826965332031,60.088890075683594,73.46610260009766,82.82958221435547,82.30886840820312,75.0010757446289,69.9600830078125,66.02644348144531,60.31700897216797
2024-04-30,52.850765228271484,48.07200622558594,47.084442138671875,54.53097152709961,66.9873046875,80.34953308105469,85.8752670288086,77.82235717773438,65.69029235839844,57.65245056152344,56.889617919921875,52.05333709716797,47.7071647644043,47.66719436645508,46.49398422241211,52.92152786254883,61.60664367675781,72.11921691894531,82.481689453125,80.0887222290039,75.8292236328125,67.50325775146484,63.376739501953125,56.06426239013672
2024-05-01,29.732410430908203,26.586437225341797,21.720184326171875,25.117938995361328,25.19491958618164,34.64570617675781,43.80912399291992,37.43169403076172,28.82965087890625,24.718345642089844,18.542221069335938,14.11669921875,11.0479736328125,9.572044372558594,19.44426727294922,30.744144439697266,49.51370620727539,59.365196228027344,69.7142105102539,66.81134796142578,60.228031158447266,54.122100830078125,48.94426727294922,43.108497619628906
2024-05-02,10.828071594238281,8.234115600585938,8.466983795166016,16.971118927001953,26.976593017578125,43.05548095703125,49.152931213378906,45.777584075927734,41.40468215942383,37.98344421386719,37.15261459350586,29.781688690185547,26.73343276977539,27.08061981201172,29.222820281982422,35.915618896484375,43.921730041503906,48.05908966064453,48.572509765625,50.661903381347656,49.19563674926758,44.05231857299805,39.53179168701172,31.630233764648438
2024-05-03,29.631610870361328,26.152122497558594,28.650238037109375,32.89640808105469,41.881710052490234,49.445350646972656,52.749359130859375,41.85816955566406,35.380733489990234,30.594955444335938,26.57778549194336,25.047164916992188,23.662002563476562,25.753917694091797,24.880413055419922,30.620887756347656,34.82317352294922,43.86204528808594,55.70873260498047,54.65996551513672,50.11170196533203,47.069427490234375,42.85431671142578,36.82037353515625
2024-05-04,30.110198974609375,28.129852294921875,29.841693878173828,29.007305145263672,31.30736541748047,34.58363342285156,31.465675354003906,24.826148986816406,19.19849395751953,12.827171325683594,12.059974670410156,8.179344177246094,6.177177429199219,7.2851715087890625,5.540412902832031,9.154983520507812,18.317237854003906,26.754135131835938,33.33099365234375,32.44647216796875,26.10700225830078,28.233413696289062,26.35934829711914,24.94170379638672
2024-05-05,30.970844268798828,28.161636352539062,24.497539520263672,25.762130737304688,22.557830810546875,18.09075164794922,16.753379821777344,15.543281555175781,6.8648834228515625,8.537605285644531,4.761543273925781,-2.6391754150390625,-10.365135192871094,-9.577659606933594,-2.4705886840820312,9.098220825195312,20.080856323242188,29.20178985595703,33.60578155517578,36.13032531738281,32.176353454589844,33.03746032714844,30.36178970336914,25.941802978515625
2024-05-06,48.077728271484375,42.390262603759766,39.24382781982422,45.27601623535156,59.33384704589844,70.62944030761719,73.35740661621094,66.69364929199219,57.852272033691406,50.248497009277344,50.23630142211914,44.04225540161133,41.86909103393555,38.82912063598633,40.33301544189453,46.60911560058594,61.1461181640625,72.4322280883789,76.84323120117188,73.97297668457031,68.74359130859375,64.82652282714844,55.98923873901367,51.59559631347656
2024-05-07,73.5633316040039,68.29613494873047,70.67597961425781,72.36549377441406,82.20620727539062,93.98274230957031,92.60025787353516,82.73397064208984,71.75186920166016,67.51322174072266,62.39677429199219,56.28499221801758,54.6553840637207,54.5341682434082,56.011207580566406,57.774208068847656,70.83929443359375,73.78267669677734,78.8128662109375,77.45404052734375,68.98432922363281,64.05155944824219,65.59459686279297,57.75581359863281
2024-05-08,18.961959838867188,15.755638122558594,11.883651733398438,10.155963897705078,11.664520263671875,20.223731994628906,30.254913330078125,34.159210205078125,24.061378479003906,24.587326049804688,19.936569213867188,10.045486450195312,0.5365753173828125,5.269622802734375,10.081413269042969,19.553466796875,43.81410598754883,55.47109603881836,56.182899475097656,57.97604751586914,54.489994049072266,50.557132720947266,42.74443435668945,38.079200744628906
2024-05-09,27.042156219482422,22.01056671142578,16.553985595703125,24.549362182617188,23.470195770263672,30.048995971679688,43.99136734008789,42.45563507080078,33.6081428527832,29.496994018554688,26.645610809326172,17.024154663085938,8.31787109375,11.103500366210938,15.1793212890625,28.989727020263672,44.8961296081543,50.995216369628906,58.571311950683594,64.47219848632812,61.81071853637695,57.093563079833984,55.897945404052734,43.627925872802734
2024-05-10,11.186042785644531,8.97311782836914,8.181713104248047,10.396976470947266,17.159454345703125,23.773048400878906,26.34161376953125,16.635971069335938,11.249275207519531,6.444572448730469,8.882911682128906,5.7813873291015625,-1.0928192138671875,-0.2099151611328125,1.1412811279296875,6.662956237792969,23.215972900390625,26.673065185546875,32.55846405029297,35.84490203857422,32.69402313232422,32.593910217285156,31.20092010498047,23.363399505615234
2024-05-11,12.385795593261719,9.359737396240234,13.5107421875,12.510017395019531,11.673316955566406,10.498886108398438,9.250732421875,4.242698669433594,-3.4024887084960938,-6.3286285400390625,-5.475776672363281,-7.2148895263671875,-12.413917541503906,-11.114730834960938,-6.595344543457031,1.1362152099609375,9.941253662109375,15.270133972167969,19.663658142089844,24.1932373046875,24.57342529296875,22.58478546142578,22.07347869873047,17.15453338623047
2024-05-12,17.381160736083984,14.799015045166016,15.289775848388672,13.40008544921875,9.78509521484375,13.9610595703125,13.185081481933594,-1.7059097290039062,-5.7996673583984375,-6.627647399902344,-9.727310180664062,-16.926223754882812,-23.37187957763672,-18.515396118164062,-13.178543090820312,3.1117172241210938,15.7159423828125,23.945152282714844,34.24858856201172,35.16276550292969,36.14319610595703,28.6370849609375,23.153411865234375,20.4022216796875
2024-05-13,25.554508209228516,23.470321655273438,22.623916625976562,28.871463775634766,42.14076232910156,56.91444778442383,52.478797912597656,34.882354736328125,24.48480987548828,16.08647918701172,12.608245849609375,5.620079040527344,3.7744827270507812,8.05810546875,17.55971908569336,27.034542083740234,41.236759185791016,51.72113037109375,50.24725341796875,48.03071975708008,43.926780700683594,39.98235321044922,36.721473693847656,25.96978759765625
2024-05-14,6.443229675292969,2.1597137451171875,3.1384811401367188,7.668357849121094,11.516380310058594,23.231842041015625,27.782691955566406,18.773406982421875,10.01873779296875,0.6862945556640625,3.2474136352539062,-3.7930755615234375,-7.2061004638671875,-5.9198150634765625,1.9116744995117188,11.439750671386719,21.00366973876953,27.024452209472656,35.288291931152344,38.789588928222656,38.24659729003906,35.11332702636719,29.409610748291016,26.04827117919922
2024-05-15,13.751232147216797,9.289684295654297,5.3079376220703125,14.967388153076172,15.337593078613281,33.73994827270508,46.29925537109375,32.99140930175781,20.820297241210938,13.933364868164062,13.248580932617188,-0.230499267578125,1.0218963623046875,4.8347015380859375,7.0533294677734375,16.5692138671875,32.075660705566406,46.53010559082031,41.436920166015625,42.9677734375,36.543853759765625,36.69013977050781,26.848121643066406,18.652915954589844
2024-05-16,29.82614517211914,28.851585388183594,29.615581512451172,32.51370620727539,38.451568603515625,41.864192962646484,42.45732116699219,34.33897399902344,27.41289520263672,22.38336944580078,20.989761352539062,20.239181518554688,20.029861450195312,20.15383529663086,19.417766571044922,24.929244995117188,30.833892822265625,40.41731262207031,40.071754455566406,39.05931091308594,36.21626281738281,32.037620544433594,33.323944091796875,30.746883392333984
2024-05-17,33.200103759765625,32.80186462402344,27.66529083251953,28.21337127685547,33.58493423461914,42.757041931152344,43.859413146972656,43.98198318481445,27.787368774414062,24.618759155273438,19.305099487304688,16.390460968017578,18.02032470703125,14.24481201171875,16.949264526367188,25.475975036621094,39.02738952636719,48.329986572265625,52.419219970703125,51.78752899169922,51.36726379394531,48.056800842285156,47.906036376953125,38.801700592041016
2024-05-18,61.571311950683594,53.150970458984375,55.229095458984375,53.45917892456055,55.358245849609375,57.241878509521484,64.88212585449219,53.924686431884766,42.58463668823242,30.47226333618164,29.415294647216797,19.64199447631836,13.73101806640625,12.36654281616211,21.469017028808594,31.193588256835938,50.639183044433594,63.44913864135742,76.74356079101562,74.43978118896484,71.54261779785156,66.94992065429688,58.740577697753906,56.04316711425781
2024-05-19,25.914134979248047,18.565616607666016,17.07654571533203,14.617931365966797,8.137046813964844,10.288986206054688,19.738975524902344,1.8089599609375,-13.276268005371094,-13.490554809570312,-18.780014038085938,-28.338462829589844,-37.51386260986328,-37.396507263183594,-21.420127868652344,-1.25115966796875,29.9774169921875,52.24340057373047,64.23208618164062,66.3510971069336,68.12965393066406,60.2127571105957,41.328330993652344,46.212791442871094
2024-05-20,21.189098358154297,15.428688049316406,9.272815704345703,8.848152160644531,11.759872436523438,17.836074829101562,21.603416442871094,16.8309326171875,4.2053680419921875,1.2911911010742188,-1.6655197143554688,-2.5754318237304688,-8.512100219726562,-4.754241943359375,-3.978515625,7.285247802734375,25.57811737060547,47.277862548828125,48.558319091796875,54.23434066772461,48.16873550415039,48.357547760009766,45.11814880371094,29.852890014648438
2024-05-21,21.98064422607422,22.489639282226562,18.60308074951172,24.714614868164062,32.93583679199219,41.590667724609375,48.982845306396484,36.177162170410156,29.51192855834961,22.167694091796875,21.405323028564453,20.08883285522461,18.259429931640625,21.095550537109375,23.34781265258789,28.01919174194336,34.182579040527344,40.871726989746094,52.908531188964844,56.6577033996582,48.370330810546875,44.916648864746094,45.45193099975586,38.28504943847656
2024-05-22,28.58883285522461,27.060653686523438,28.06432342529297,28.12186050415039,35.69892883300781,47.898712158203125,51.93909454345703,43.42156982421875,31.472808837890625,22.932003021240234,26.962779998779297,22.719764709472656,21.861663818359375,19.114513397216797,24.94617462158203,31.05804443359375,41.9741096496582,47.63978576660156,51.04712677001953,48.509952545166016,44.20192337036133,39.57366180419922,36.78683853149414,35.86331558227539
2024-05-23,28.998249053955078,25.058059692382812,24.848190307617188,28.12778091430664,37.26230239868164,49.88135528564453,52.84184265136719,40.879276275634766,33.28614044189453,24.93549346923828,24.152008056640625,20.289684295654297,14.461910247802734,14.608207702636719,16.5582275390625,26.73465347290039,31.737525939941406,39.406341552734375,45.293724060058594,50.94222640991211,50.01297378540039,46.48664474487305,40.97502136230469,32.111328125
2024-05-24,67.73448181152344,60.862003326416016,60.803409576416016,61.586570739746094,67.81291198730469,76.94209289550781,82.8753890991211,74.2127685546875,60.63507843017578,55.601051330566406,55.23033142089844,44.6500244140625,41.21148681640625,39.33656311035156,45.54740905761719,54.21592712402344,58.32667922973633,64.43547058105469,69.68916320800781,65.74491882324219,63.51378631591797,59.61716079711914,58.21549987792969,52.69877624511719
2024-05-25,76.33128356933594,68.15303802490234,60.512733459472656,62.75569152832031,60.668487548828125,64.44979858398438,65.00859832763672,54.87861251831055,37.23409652709961,30.61001205444336,27.578941345214844,19.570514678955078,14.559932708740234,14.595664978027344,20.01087188720703,33.1397705078125,50.761268615722656,63.02328872680664,73.62646484375,83.77198791503906,88.66014862060547,84.12652587890625,76.93852233886719,66.37434387207031
2024-05-26,19.882354736328125,12.91757583618164,6.394664764404297,3.3929901123046875,-0.296112060546875,3.687652587890625,8.670799255371094,-7.874458312988281,-20.299293518066406,-28.19440460205078,-28.252769470214844,-43.729347229003906,-54.223297119140625,-37.83467102050781,-28.365211486816406,-5.44024658203125,26.358291625976562,44.547698974609375,55.31421661376953,60.7210578918457,64.1221923828125,60.53731155395508,46.306190490722656,41.95368957519531
2024-05-27,33.25184631347656,31.19662094116211,27.621055603027344,35.653961181640625,51.75227355957031,64.2079849243164,71.54021453857422,63.8471565246582,50.43903732299805,42.40544128417969,43.89149856567383,44.509124755859375,37.92734146118164,37.559364318847656,42.017333984375,52.215938568115234,57.38555908203125,75.06674194335938,79.1255874633789,79.96790313720703,78.92517852783203,70.06320190429688,64.0837631225586,52.165504455566406
2024-05-28,31.066883087158203,30.549877166748047,27.01571273803711,30.249279022216797,39.77614974975586,46.4895133972168,50.06937026977539,44.73828887939453,36.066184997558594,37.41078186035156,40.30234146118164,35.08027267456055,34.03537368774414,30.255157470703125,25.808128356933594,30.059524536132812,37.62322235107422,46.212196350097656,47.69917297363281,46.123321533203125,49.718467712402344,46.59370040893555,40.23566818237305,35.45579528808594
2024-05-29,25.18466567993164,21.14718246459961,19.692718505859375,22.726001739501953,27.318817138671875,40.09873962402344,45.727108001708984,37.409889221191406,22.843544006347656,19.0562744140625,18.745861053466797,18.8848876953125,14.453998565673828,10.559356689453125,13.375450134277344,19.7298583984375,27.26610565185547,37.353248596191406,47.72522735595703,44.774131774902344,43.61967468261719,40.06608963012695,38.62248229980469,33.24637985229492
2024-05-30,27.773162841796875,26.4296875,25.296241760253906,29.001502990722656,30.750362396240234,33.52133560180664,36.40184020996094,27.71289825439453,23.58808135986328,23.49219512939453,18.55107879638672,15.594112396240234,14.275691986083984,14.241546630859375,13.086334228515625,18.253700256347656,26.03966522216797,34.460052490234375,42.88062286376953,43.25098419189453,43.2388801574707,39.58167266845703,37.85422897338867,33.696414947509766
2024-05-31,6.3174285888671875,4.204261779785156,3.1005477905273438,3.7329940795898438,5.259300231933594,15.453277587890625,15.766494750976562,12.937103271484375,5.996162414550781,3.982452392578125,3.2188796997070312,0.04781341552734375,-7.468048095703125,-5.3138885498046875,-1.9839324951171875,5.47119140625,13.055648803710938,25.728843688964844,30.278533935546875,27.942901611328125,32.45704650878906,28.43706512451172,26.308456420898438,20.566680908203125
2024-06-01,4.440849304199219,1.0189437866210938,1.5103225708007812,3.434478759765625,5.218849182128906,4.168373107910156,0.8490753173828125,-0.29253387451171875,-6.055580139160156,-10.188652038574219,-11.328819274902344,-16.476455688476562,-18.819419860839844,-22.12816619873047,-17.593307495117188,-9.138038635253906,-7.740516662597656,8.153160095214844,14.815216064453125,13.50537109375,20.377586364746094,19.650772094726562,11.765159606933594,8.564109802246094
2024-06-02,6.003105163574219,4.2208251953125,5.673004150390625,6.284065246582031,2.09307861328125,-3.7686920166015625,-10.368942260742188,-14.444427490234375,-14.030059814453125,-13.139915466308594,-12.469856262207031,-11.963340759277344,-18.141517639160156,-19.46080780029297,-6.5888671875,-3.3306045532226562,3.2344512939453125,11.570014953613281,6.4540252685546875,7.727149963378906,11.163108825683594,8.355552673339844,11.341400146484375,8.438621520996094
2024-06-03,16.109573364257812,15.767547607421875,8.876834869384766,16.299057006835938,17.697181701660156,31.463729858398438,38.461997985839844,27.026748657226562,23.353469848632812,14.506706237792969,13.986114501953125,12.869163513183594,15.4149169921875,15.740364074707031,17.214431762695312,14.270370483398438,24.23944091796875,37.422882080078125,40.105445861816406,25.758468627929688,33.609344482421875,28.702903747558594,23.132301330566406,22.09014129638672
2024-06-04,76.56648254394531,71.55867767333984,68.85526275634766,75.86322784423828,87.00260925292969,97.20675659179688,98.86492156982422,85.47241973876953,67.46763610839844,64.50663757324219,63.02676010131836,61.525733947753906,58.056549072265625,57.67565155029297,57.02323532104492,64.39076232910156,66.41433715820312,79.09449005126953,87.18750762939453,79.78025817871094,79.5182113647461,70.8016128540039,65.15509033203125,59.54866027832031
2024-06-05,45.144691467285156,39.23204803466797,39.873069763183594,46.77715301513672,55.802589416503906,62.01519012451172,60.930233001708984,44.02116775512695,33.594383239746094,31.377120971679688,25.93682861328125,23.99924087524414,19.974613189697266,21.539356231689453,24.090335845947266,31.58148193359375,44.9892463684082,54.586795806884766,50.60393524169922,53.0178108215332,51.944908142089844,44.79158401489258,44.656410217285156,41.008522033691406
2024-06-06,40.675071716308594,35.175132751464844,34.77858352661133,39.253822326660156,43.931396484375,62.66119384765625,63.03802490234375,51.11204528808594,37.35042953491211,29.159366607666016,24.53107452392578,15.465179443359375,13.880386352539062,15.193218231201172,19.237903594970703,35.59675598144531,54.992130279541016,71.5196533203125,78.97467803955078,71.59794616699219,66.74665832519531,59.75959396362305,55.002479553222656,50.15413284301758
2024-06-07,77.81718444824219,71.5652084350586,69.20306396484375,76.00456237792969,79.07687377929688,85.24687957763672,84.14159393310547,68.26050567626953,60.04492950439453,52.1749153137207,48.915931701660156,43.59807205200195,39.069705963134766,35.56295394897461,42.27202224731445,55.76533126831055,67.396484375,76.12713623046875,87.1868896484375,92.11653137207031,90.17106628417969,82.94599914550781,83.0098876953125,77.69601440429688
2024-06-08,41.66604995727539,33.31695556640625,28.48535919189453,30.26703643798828,35.116905212402344,44.839202880859375,44.10476303100586,36.2631721496582,17.170486450195312,9.951805114746094,8.735511779785156,-2.5112762451171875,-4.8453826904296875,-7.011100769042969,3.463104248046875,22.365798950195312,42.04317855834961,62.61612319946289,75.29096221923828,69.69548797607422,69.82189178466797,60.19778823852539,56.24559783935547,44.17818069458008
2024-06-09,32.70096969604492,28.353492736816406,22.139537811279297,22.405330657958984,18.32239532470703,22.84759521484375,15.742866516113281,7.2777862548828125,-7.7404022216796875,-16.855384826660156,-14.80889892578125,-32.37467956542969,-37.73851776123047,-27.67247772216797,-14.695663452148438,8.522415161132812,32.02387237548828,51.219661712646484,61.036338806152344,69.83477783203125,65.25897979736328,57.566078186035156,52.66844177246094,47.05810546875
2024-06-10,40.05131530761719,33.75979232788086,30.15204620361328,39.15962219238281,53.00897979736328,69.3617172241211,73.44615173339844,61.61244583129883,51.58832550048828,43.97991943359375,43.045387268066406,36.51183319091797,31.856945037841797,34.152896881103516,37.10350799560547,42.964599609375,54.45164108276367,69.89572143554688,76.98005676269531,73.295654296875,70.9266357421875,61.109710693359375,57.5357551574707,53.81562423706055
2024-06-11,50.380287170410156,47.24128723144531,48.28021240234375,48.97431945800781,54.416297912597656,65.70462036132812,66.52581024169922,51.68395233154297,45.88282012939453,37.997501373291016,44.317630767822266,37.65297317504883,36.749088287353516,30.64618682861328,32.15775680541992,34.32145309448242,49.4128303527832,58.436134338378906,63.708404541015625,64.97639465332031,68.12335205078125,58.36897277832031,57.205284118652344,55.53540802001953
2024-06-12,27.966941833496094,23.069271087646484,21.361907958984375,26.8525390625,31.555641174316406,50.85210418701172,58.94743347167969,45.19373321533203,34.247276306152344,25.91165542602539,21.233108520507812,15.807010650634766,13.940547943115234,16.537826538085938,25.327415466308594,32.678985595703125,44.1747932434082,59.65934753417969,67.28671264648438,60.43660354614258,54.642356872558594,48.49797439575195,49.46403503417969,37.735660552978516
2024-06-13,33.098854064941406,29.713512420654297,27.827106475830078,30.651020050048828,36.386199951171875,48.20295715332031,51.581764221191406,46.034236907958984,37.24908447265625,33.35021209716797,30.793498992919922,26.867443084716797,23.022262573242188,20.485565185546875,21.566009521484375,32.94050216674805,41.76900100708008,50.56718444824219,57.68225860595703,56.403987884521484,54.46372604370117,52.265628814697266,45.56728744506836,39.90971374511719
2024-06-14,11.499351501464844,5.895072937011719,1.4522476196289062,5.700347900390625,15.310646057128906,34.82807540893555,40.92417907714844,27.228370666503906,16.209205627441406,8.46685791015625,2.6722869873046875,-6.7163848876953125,-11.2679443359375,-6.603736877441406,-1.8332748413085938,13.17279052734375,30.157119750976562,49.84790802001953,55.92415237426758,51.091766357421875,48.081687927246094,45.237518310546875,40.66102600097656,30.68667221069336
2024-06-15,1.4840164184570312,-1.8970870971679688,1.314208984375,3.0159225463867188,4.290351867675781,12.867835998535156,17.000625610351562,12.364128112792969,4.029449462890625,4.623046875,7.621673583984375,-1.059967041015625,-4.579887390136719,-2.0752410888671875,-4.5866241455078125,7.823616027832031,11.78228759765625,21.792144775390625,36.27903747558594,32.891090393066406,45.27769470214844,48.17137908935547,35.17158889770508,28.257843017578125
2024-06-16,10.856636047363281,9.112777709960938,-1.1754608154296875,6.386619567871094,7.18426513671875,11.420616149902344,8.627243041992188,-4.108329772949219,-20.991256713867188,-21.07787322998047,-16.62323760986328,-28.794662475585938,-37.49041748046875,-33.938209533691406,-13.478019714355469,-4.660743713378906,7.177131652832031,31.655517578125,39.46202087402344,43.277442932128906,41.16142654418945,38.127403259277344,27.336509704589844,19.688858032226562
2024-06-17,28.750675201416016,21.983570098876953,22.484371185302734,28.30685043334961,33.85663986206055,42.78028869628906,49.713958740234375,40.39826965332031,28.380569458007812,26.760120391845703,29.037250518798828,25.23862075805664,26.173778533935547,23.81060028076172,25.313838958740234,33.272274017333984,34.39152526855469,45.97703552246094,44.148780822753906,42.579769134521484,40.77880096435547,39.78057861328125,32.042667388916016,33.21706771850586
2024-06-18,43.11851119995117,37.940948486328125,36.673580169677734,36.49342727661133,53.268760681152344,50.263248443603516,53.2723274230957,37.066165924072266,29.320972442626953,19.985671997070312,25.15081787109375,18.601402282714844,22.643211364746094,20.930709838867188,26.010929107666016,33.024478912353516,32.65757751464844,51.94746398925781,49.51747131347656,52.43038558959961,47.21086502075195,49.75739669799805,38.2669563293457,35.62351608276367
2024-06-19,42.55848693847656,34.919273376464844,38.90266418457031,38.627323150634766,49.11354446411133,50.065635681152344,62.3343391418457,44.4942626953125,46.31465530395508,36.110877990722656,30.23031234741211,27.871082305908203,27.890403747558594,25.893997192382812,30.768539428710938,33.8704833984375,36.845863342285156,50.63861083984375,54.40122985839844,50.813873291015625,46.65975570678711,44.48866653442383,41.786354064941406,36.645896911621094
2024-06-20,66.17643737792969,58.85527038574219,57.99824523925781,64.03594970703125,79.52862548828125,91.67317962646484,100.32459259033203,77.9521484375,66.9662857055664,57.98090362548828,56.76303482055664,46.89220428466797,44.77617645263672,41.15296936035156,46.616050720214844,60.742191314697266,73.50843048095703,90.12786102294922,98.60565185546875,98.14718627929688,94.0296401977539,87.37098693847656,74.97979736328125,69.63641357421875
2024-06-21,81.91914367675781,72.60533142089844,68.88795471191406,77.17776489257812,92.78672790527344,106.11152648925781,106.3863525390625,89.77594757080078,73.10379791259766,69.16962432861328,63.86811828613281,58.22820281982422,55.72401428222656,55.30339050292969,61.8602180480957,72.73199462890625,85.3365478515625,93.88201141357422,99.59517669677734,95.92984008789062,95.35051727294922,84.9758529663086,82.98052978515625,73.26911926269531
2024-06-22,66.4226303100586,59.49884796142578,55.50934600830078,53.56194305419922,57.08720779418945,60.750877380371094,60.563194274902344,52.806522369384766,42.97735595703125,31.577850341796875,31.944965362548828,18.22113037109375,10.134902954101562,15.046772003173828,19.460445404052734,36.97846221923828,54.58901596069336,74.59724426269531,83.04902648925781,83.89055633544922,83.67500305175781,78.69903564453125,71.16944885253906,61.67803192138672
2024-06-23,49.04884338378906,44.74468994140625,38.88005828857422,43.36627960205078,44.69950485229492,44.795265197753906,41.750694274902344,33.39323425292969,20.217788696289062,15.77728271484375,10.129379272460938,-1.4608306884765625,-12.064949035644531,-8.440994262695312,4.751243591308594,30.257884979248047,66.13223266601562,86.65858459472656,97.24150085449219,96.94434356689453,96.97261047363281,88.93470764160156,78.80073547363281,73.2085189819336
2024-06-24,38.44755554199219,34.252628326416016,34.48481369018555,42.581729888916016,60.95136260986328,73.90802001953125,80.04019165039062,72.63671112060547,55.41334915161133,46.984676361083984,49.823604583740234,40.9670524597168,39.208900451660156,41.48646545410156,42.58624267578125,55.265602111816406,71.36282348632812,89.10523223876953,95.87181854248047,91.55668640136719,85.29354095458984,78.82238006591797,72.99958801269531,65.84423828125
2024-06-25,35.8176155090332,43.710845947265625,34.94688034057617,35.60292053222656,51.628868103027344,62.79336929321289,78.62785339355469,68.22720336914062,50.75981521606445,48.308860778808594,47.54790115356445,35.6483039855957,28.36044692993164,30.793254852294922,39.28349304199219,54.56418991088867,62.10236358642578,92.50740051269531,87.6728515625,89.1551513671875,98.64176940917969,75.5772476196289,62.157386779785156,54.398216247558594
2024-06-26,87.85673522949219,82.19931030273438,81.27425384521484,83.10148620605469,96.96307373046875,111.65341186523438,112.01771545410156,101.98331451416016,79.02447509765625,71.51622009277344,66.5401611328125,63.94719696044922,64.88909149169922,66.23993682861328,72.99200439453125,80.07901000976562,99.73716735839844,119.0355224609375,124.47428894042969,122.7314453125,114.03845977783203,105.93960571289062,97.85503387451172,87.49787139892578
2024-06-27,75.71540832519531,67.93819427490234,66.46504974365234,72.07833862304688,68.14863586425781,94.2947006225586,111.0469970703125,98.90681457519531,84.5715560913086,76.42385864257812,71.57295227050781,67.95802307128906,62.62898635864258,63.03826904296875,63.307167053222656,79.58985137939453,91.64893341064453,104.75282287597656,100.7752685546875,108.9272232055664,111.39171600341797,88.93324279785156,90.43898010253906,83.63468933105469
2024-06-28,17.572601318359375,14.354705810546875,12.993339538574219,15.581214904785156,27.90410614013672,46.42152404785156,52.976497650146484,38.99832534790039,24.905006408691406,17.100692749023438,15.007972717285156,2.7735137939453125,-4.063957214355469,-1.8849334716796875,7.7304840087890625,32.1154899597168,55.13859558105469,76.1396484375,81.06205749511719,75.85372924804688,71.50638580322266,67.57086181640625,58.1884651184082,47.439186096191406
2024-06-29,36.23301315307617,28.41167449951172,20.611095428466797,25.33159637451172,30.405284881591797,39.420562744140625,44.279998779296875,37.06100845336914,24.622604370117188,15.458572387695312,12.883407592773438,4.452613830566406,0.2890472412109375,4.199371337890625,14.383262634277344,29.001121520996094,54.104305267333984,80.68702697753906,88.4238052368164,86.29510498046875,82.23518371582031,76.10218048095703,64.42940521240234,56.76401901245117
2024-06-30,22.917720794677734,14.823310852050781,12.495380401611328,11.500038146972656,12.707504272460938,11.763671875,4.586883544921875,2.08038330078125,-14.309028625488281,-15.672805786132812,-12.6014404296875,-27.182716369628906,-32.46582794189453,-38.16944122314453,-19.058250427246094,8.05517578125,31.608787536621094,45.35023498535156,62.4028205871582,69.93034362792969,67.43019104003906,71.4150390625,48.903900146484375,38.114776611328125
2024-07-01,53.93325424194336,47.134735107421875,41.942466735839844,54.81102752685547,66.04383850097656,84.26338195800781,85.57901000976562,72.79399871826172,63.811424255371094,59.63465118408203,53.336421966552734,51.33207321166992,50.993316650390625,48.634971618652344,56.0109748840332,62.07050323486328,71.00811767578125,86.89842224121094,97.34187316894531,96.36598205566406,93.02130126953125,80.61864471435547,69.97968292236328,61.32899475097656
2024-07-02,49.98051071166992,46.24628448486328,42.027130126953125,51.64942169189453,61.352386474609375,77.20741271972656,76.44318389892578,64.82034301757812,47.15983963012695,46.48750686645508,42.75022888183594,39.4489860534668,37.31282424926758,33.55680465698242,33.08908462524414,42.56391143798828,50.08136749267578,66.05267333984375,69.18925476074219,78.46306610107422,80.4677963256836,72.05071258544922,64.18595123291016,52.1728515625
2024-07-03,61.275028228759766,54.62282943725586,51.55979919433594,60.35289764404297,71.32865905761719,88.96537780761719,92.2261734008789,77.41021728515625,65.68927001953125,61.17656707763672,56.57079315185547,48.74482727050781,45.93666458129883,45.904720306396484,43.790225982666016,52.99359130859375,63.682552337646484,80.60856628417969,93.76123046875,103.0323715209961,99.16065216064453,94.1953125,83.27899169921875,72.64358520507812
2024-07-04,-4.522590637207031,-9.999336242675781,-13.438652038574219,-10.474365234375,-0.15866851806640625,14.050369262695312,22.584556579589844,20.829116821289062,17.050132751464844,13.333015441894531,14.061721801757812,10.998184204101562,6.700645446777344,-1.6791229248046875,-3.232635498046875,5.056304931640625,16.34125518798828,31.83899688720703,38.829376220703125,37.17413330078125,37.81575012207031,36.096580505371094,27.718276977539062,18.201133728027344
2024-07-05,-4.293525695800781,-6.7680816650390625,-9.728004455566406,-4.21502685546875,1.1511383056640625,23.66100311279297,29.86511993408203,21.525863647460938,10.607643127441406,2.6520309448242188,-0.24126434326171875,-5.4793243408203125,-7.695976257324219,-10.868362426757812,-8.823074340820312,1.642364501953125,11.148956298828125,29.703407287597656,39.16852569580078,44.428977966308594,43.08916091918945,41.306129455566406,34.52467346191406,21.902854919433594
2024-07-06,18.189598083496094,16.035717010498047,14.120841979980469,16.875415802001953,23.79684066772461,27.59624481201172,29.98169708251953,27.400588989257812,20.847549438476562,17.7052001953125,18.077423095703125,13.792228698730469,3.8477020263671875,5.544746398925781,9.185028076171875,19.749160766601562,32.560333251953125,36.99324035644531,48.59234619140625,49.211605072021484,50.26570510864258,47.065093994140625,42.831787109375,33.74623107910156
2024-07-07,-7.976531982421875,-8.366928100585938,-9.577056884765625,-10.673774719238281,-14.771766662597656,-12.835784912109375,-12.27099609375,-12.23486328125,-18.006134033203125,-27.436073303222656,-28.029251098632812,-35.67283630371094,-44.73516082763672,-44.335235595703125,-31.05005645751953,-24.805091857910156,-8.960845947265625,5.312965393066406,17.416213989257812,26.78473663330078,29.78290557861328,25.108779907226562,13.654830932617188,2.3093032836914062
2024-07-08,64.98584747314453,59.42032241821289,51.26201248168945,63.958412170410156,76.98341369628906,89.0996322631836,84.5423583984375,67.4573974609375,53.92436981201172,46.034034729003906,45.419403076171875,39.600982666015625,38.198158264160156,33.45978927612305,39.425079345703125,45.62753677368164,50.7794189453125,64.5255126953125,72.09486389160156,83.87023162841797,83.32732391357422,75.76377868652344,68.43738555908203,60.00300979614258
2024-07-09,42.15929412841797,38.4610595703125,33.13075637817383,39.663429260253906,49.11924362182617,64.10591125488281,65.2100830078125,48.22233963012695,38.72284698486328,35.837867736816406,32.61437225341797,26.510128021240234,31.342933654785156,31.413986206054688,36.17261505126953,41.6401481628418,58.10843276977539,71.63328552246094,78.09235382080078,76.50235748291016,75.5826187133789,72.89154052734375,60.71097946166992,49.48236083984375
2024-07-10,59.639549255371094,54.081993103027344,52.089988708496094,57.553314208984375,71.0595703125,92.63883972167969,97.56346893310547,80.1893081665039,62.99956512451172,58.04082489013672,50.27833938598633,47.11842346191406,47.27228546142578,45.9381103515625,51.29771423339844,58.282005310058594,77.1514663696289,98.9938735961914,98.94888305664062,97.63497924804688,95.2704849243164,87.06047058105469,78.34567260742188,69.21501922607422
2024-07-11,64.36373901367188,58.293365478515625,55.570613861083984,60.24382019042969,70.40296936035156,85.04910278320312,91.44174194335938,82.61058807373047,67.99657440185547,59.866851806640625,59.331573486328125,53.81208801269531,50.33574295043945,49.55350112915039,54.363250732421875,64.6392822265625,86.35415649414062,101.17066955566406,101.3202896118164,105.91925811767578,104.75497436523438,93.32933044433594,88.144775390625,75.90409851074219
2024-07-12,61.19634246826172,56.034156799316406,49.98817443847656,51.79970169067383,62.26001739501953,75.2523422241211,84.20494079589844,74.92288970947266,60.89041519165039,52.097599029541016,45.6269645690918,39.68906021118164,35.88144302368164,36.91005325317383,47.93934631347656,58.59899139404297,75.18199920654297,89.29763793945312,94.27859497070312,87.02632904052734,83.48356628417969,78.7021713256836,72.89807891845703,65.23020935058594
2024-07-13,53.750953674316406,47.90885925292969,44.81634521484375,44.37839126586914,47.28062438964844,47.309322357177734,45.531307220458984,38.386558532714844,29.565223693847656,23.190780639648438,22.928245544433594,17.552059173583984,10.385009765625,12.063575744628906,20.725147247314453,33.23746109008789,47.264991760253906,66.0963134765625,77.3994140625,82.45049285888672,83.63090515136719,77.66329956054688,67.88920593261719,58.84723663330078
2024-07-14,56.50074005126953,51.74684143066406,48.835044860839844,49.66813659667969,53.349212646484375,46.17313003540039,42.097190856933594,30.313819885253906,17.807815551757812,10.077934265136719,8.701568603515625,-5.098121643066406,-12.377685546875,-5.212333679199219,6.749580383300781,29.35022735595703,55.901939392089844,77.96070098876953,79.22998046875,82.70459747314453,82.4552993774414,73.31809997558594,65.049560546875,59.271636962890625
2024-07-15,49.02811813354492,50.428749084472656,46.43218994140625,57.47990417480469,64.47930145263672,84.6741714477539,84.74613952636719,59.1704216003418,58.452613830566406,48.06211471557617,44.59962844848633,36.61759567260742,30.582767486572266,36.246978759765625,36.433937072753906,50.651737213134766,71.36199951171875,83.75907135009766,96.40830993652344,100.48434448242188,102.2789535522461,87.95864868164062,85.41584014892578,71.716796875
2024-07-16,17.434955596923828,11.403095245361328,6.103221893310547,8.786590576171875,20.295806884765625,43.69120407104492,50.68854522705078,32.33367156982422,15.436431884765625,7.232933044433594,2.617218017578125,-2.3382110595703125,-5.333366394042969,-1.5648117065429688,7.565834045410156,20.477455139160156,35.50959014892578,58.362422943115234,70.42665100097656,70.77056884765625,61.975791931152344,58.172454833984375,50.170108795166016,37.565757751464844
2024-07-17,67.74751281738281,61.339900970458984,54.007469177246094,59.313114166259766,69.58940887451172,84.98646545410156,87.95223999023438,70.12870025634766,52.68593215942383,41.07280349731445,42.41201400756836,32.74795913696289,28.29763412475586,28.641773223876953,31.017921447753906,47.15240478515625,66.40838623046875,91.84500122070312,103.482666015625,101.1201171875,102.73580169677734,92.1464614868164,81.79598236083984,71.22138214111328
2024-07-18,73.68701171875,66.79464721679688,62.852027893066406,68.43729400634766,74.05415344238281,87.76901245117188,88.02980041503906,71.87718963623047,57.568485260009766,53.1890869140625,49.10286331176758,48.762481689453125,40.99296569824219,45.15464782714844,54.04016876220703,64.50485229492188,84.46145629882812,102.06118774414062,105.17178344726562,104.0473403930664,98.50164794921875,96.373291015625,86.54784393310547,77.32584381103516
2024-07-19,75.60974884033203,72.21416473388672,69.3187484741211,74.58381652832031,84.8130874633789,100.56289672851562,102.6938705444336,87.43804931640625,74.05648803710938,62.967315673828125,61.607078552246094,54.91252136230469,50.149017333984375,50.626197814941406,62.827880859375,76.11491394042969,94.64793395996094,108.9847183227539,117.77737426757812,113.39970397949219,106.35588836669922,98.05876922607422,90.27335357666016,82.48155212402344
2024-07-20,79.27092742919922,72.68846893310547,65.1403579711914,69.60176086425781,68.95252990722656,73.8473129272461,74.40251922607422,69.24774932861328,62.212303161621094,56.54753112792969,56.12255859375,45.2579345703125,39.422882080078125,43.45980453491211,51.778236389160156,61.021209716796875,79.20382690429688,92.6257095336914,101.5640869140625,110.04421997070312,106.33211517333984,103.22157287597656,88.37859344482422,81.14483642578125
2024-07-21,49.410736083984375,42.87113952636719,39.540489196777344,38.875362396240234,44.84270095825195,38.25203323364258,39.00035858154297,23.683738708496094,4.7635040283203125,1.1978607177734375,3.0816802978515625,-9.859077453613281,-18.683815002441406,-16.909683227539062,-2.8146133422851562,25.486679077148438,51.674072265625,74.25223541259766,83.09131622314453,94.34561920166016,95.5870361328125,88.68067932128906,76.39624786376953,67.02352905273438
2024-07-22,47.95490264892578,44.801361083984375,41.64087677001953,47.365478515625,52.81334686279297,62.08625793457031,70.67999267578125,61.579349517822266,52.37294006347656,48.375732421875,46.76778030395508,46.5513801574707,41.26483154296875,37.27831268310547,38.08425521850586,44.72565841674805,55.37923049926758,69.47521209716797,83.39535522460938,85.90364074707031,83.75492858886719,73.89723205566406,64.64247131347656,57.53557586669922
2024-07-23,50.91999816894531,49.09785461425781,48.51464080810547,56.58287811279297,63.007835388183594,80.4832763671875,80.57899475097656,70.56082916259766,65.4796371459961,55.63186264038086,53.09223175048828,47.010292053222656,49.44532012939453,45.77625274658203,51.744163513183594,65.26472473144531,80.09236145019531,89.85064697265625,93.6641616821289,91.39393615722656,89.1099624633789,78.98832702636719,72.33235168457031,64.70925903320312
2024-07-24,70.46241760253906,65.77689361572266,60.82340621948242,67.36585235595703,73.1482925415039,88.58892059326172,90.03590393066406,74.94872283935547,63.01515197753906,57.526611328125,51.94859313964844,47.240028381347656,46.59572219848633,46.31208038330078,54.240203857421875,65.14122009277344,78.47012329101562,91.41694641113281,96.14098358154297,94.68299102783203,92.40218353271484,85.05180358886719,81.95532989501953,75.18151092529297
2024-07-25,35.14888381958008,31.09351348876953,28.62802505493164,30.76514434814453,37.04423141479492,55.13468551635742,62.9471549987793,52.9608268737793,38.294700622558594,26.157596588134766,18.797286987304688,15.647235870361328,14.041500091552734,15.790130615234375,25.23206329345703,46.756771087646484,62.351383209228516,81.20225524902344,96.08920288085938,90.9001693725586,85.16683959960938,77.85855102539062,70.35671997070312,60.869503021240234
2024-07-26,64.58744049072266,61.52994918823242,57.618736267089844,62.93389129638672,70.58271789550781,79.06749725341797,84.85533905029297,69.55178833007812,55.56659698486328,43.99458312988281,40.63199996948242,32.62126159667969,30.720909118652344,31.09884262084961,39.00790023803711,54.41807556152344,68.06965637207031,79.19570922851562,91.83169555664062,92.84584045410156,91.55219268798828,80.35149383544922,76.51060485839844,70.16947937011719
2024-07-27,57.47868347167969,51.570098876953125,45.30748748779297,48.55695343017578,52.097084045410156,59.33785629272461,66.98158264160156,61.94314956665039,56.351348876953125,49.49821472167969,44.56581115722656,35.65475082397461,31.072959899902344,34.56489181518555,39.055599212646484,51.980709075927734,62.43177032470703,73.27870178222656,84.3903579711914,80.03473663330078,77.58326721191406,72.42384338378906,65.07350158691406,58.153602600097656
2024-07-28,29.591323852539062,24.601795196533203,20.51363754272461,19.505443572998047,17.481178283691406,20.84747314453125,25.821746826171875,18.83489990234375,13.194900512695312,6.83367919921875,2.42138671875,-3.4572982788085938,-12.228652954101562,-3.6822128295898438,2.0540695190429688,14.490531921386719,30.794586181640625,51.17656707763672,57.321693420410156,60.67212677001953,62.14657974243164,57.749149322509766,47.52442932128906,39.657997131347656
2024-07-29,15.434799194335938,12.063335418701172,8.451763153076172,14.903358459472656,20.477901458740234,33.78437805175781,48.92927169799805,39.01249313354492,33.464359283447266,35.412635803222656,33.86100769042969,25.99209213256836,31.260395050048828,29.925987243652344,29.502742767333984,37.26814270019531,53.50062561035156,70.26712036132812,66.64889526367188,67.50184631347656,64.01316833496094,58.28679275512695,51.46199417114258,42.267234802246094
2024-07-30,52.587913513183594,46.66908264160156,46.69316864013672,54.7746467590332,66.55142211914062,83.67513275146484,88.46279907226562,77.9112777709961,63.036949157714844,58.1890869140625,55.09416961669922,51.91522979736328,49.858917236328125,49.05451202392578,52.19198989868164,63.973052978515625,75.88938903808594,93.99258422851562,98.93995666503906,91.77806091308594,91.6131591796875,81.51866149902344,70.79241943359375,63.17863845825195
2024-07-31,62.39224624633789,57.5772590637207,51.86916732788086,53.31865692138672,58.52948760986328,71.90440368652344,78.26521301269531,70.78555297851562,59.7947883605957,49.680076599121094,43.05078125,38.791893005371094,39.14537048339844,41.974002838134766,49.581016540527344,60.78545379638672,75.97493743896484,88.99917602539062,94.62333679199219,91.99285888671875,82.49969482421875,75.41719055175781,68.66978454589844,62.73204803466797
2024-08-01,78.51493072509766,72.35067749023438,65.59718322753906,67.63777160644531,73.33670806884766,87.00330352783203,92.32075500488281,82.25865173339844,72.44294738769531,64.84318542480469,58.31491470336914,53.824310302734375,52.87452697753906,55.735836029052734,67.20831298828125,75.86801147460938,92.660888671875,108.79270935058594,107.88776397705078,100.667236328125,94.4355697631836,86.47178649902344,82.88018798828125,73.2533187866211
2024-08-02,76.57483673095703,71.96632385253906,68.04071807861328,69.69750213623047,72.5176773071289,89.37687683105469,98.24691772460938,89.43074035644531,73.34170532226562,68.25492858886719,62.82992935180664,60.865875244140625,50.40478515625,53.71337127685547,61.98282241821289,71.87516021728516,90.21113586425781,108.43114471435547,113.1435317993164,111.093505859375,105.72311401367188,95.83582305908203,90.34574127197266,82.46729278564453
2024-08-03,39.86907958984375,35.041439056396484,27.669918060302734,28.201271057128906,28.682598114013672,36.77041244506836,43.51673126220703,36.77845001220703,26.119728088378906,21.221237182617188,19.337177276611328,10.409904479980469,2.9511337280273438,5.399040222167969,12.24853515625,28.51034927368164,53.725730895996094,73.48744201660156,79.87104034423828,80.15333557128906,81.14946746826172,74.85651397705078,64.56143188476562,54.789146423339844
2024-08-04,34.11234664916992,26.259559631347656,21.98749542236328,21.957977294921875,23.561321258544922,25.45648956298828,30.10637664794922,20.400123596191406,10.445579528808594,4.719871520996094,6.7455596923828125,-7.092323303222656,-18.599166870117188,-9.251579284667969,3.9433822631835938,20.518341064453125,50.235740661621094,70.01023864746094,78.90794372558594,81.15979766845703,80.15943908691406,75.52767944335938,65.6874771118164,53.4998664855957
2024-08-05,25.794254302978516,18.655494689941406,16.29266357421875,24.24420166015625,34.39181900024414,50.532936096191406,60.25933074951172,54.81440353393555,43.573448181152344,35.622196197509766,32.53818893432617,29.80382537841797,26.595829010009766,27.13461685180664,32.21101760864258,44.03897476196289,65.40910339355469,85.31182098388672,91.47008514404297,84.861083984375,83.69406127929688,76.86614990234375,59.96735382080078,54.51836395263672
2024-08-06,33.68463134765625,27.265239715576172,25.475147247314453,34.970115661621094,46.57855987548828,63.88007354736328,73.93696594238281,68.0457763671875,56.17045593261719,44.457794189453125,43.910743713378906,36.33303451538086,35.19854736328125,35.7703971862793,44.966468811035156,54.42085266113281,76.26014709472656,100.31965637207031,99.68434143066406,86.84445190429688,81.45850372314453,73.47630310058594,59.84684753417969,54.44253158569336
2024-08-07,29.28573226928711,28.31157684326172,24.954273223876953,24.54857635498047,34.57718276977539,45.54705047607422,55.6607551574707,43.80684280395508,40.81087875366211,29.120769500732422,30.097179412841797,23.155567169189453,18.361827850341797,23.13522720336914,29.9547119140625,42.10695266723633,64.18840026855469,78.08406066894531,83.32267761230469,83.19670104980469,74.54369354248047,69.87532806396484,60.85942840576172,53.27470397949219
2024-08-08,29.466732025146484,21.685009002685547,17.2669677734375,19.919628143310547,31.14508819580078,39.54462814331055,51.10315704345703,47.424922943115234,45.849525451660156,40.23387145996094,34.89085006713867,34.700538635253906,25.786373138427734,23.435863494873047,28.360546112060547,44.05195999145508,51.15363311767578,66.76351928710938,71.19084167480469,63.973270416259766,63.960201263427734,58.48544692993164,47.673336029052734,41.371429443359375
2024-08-09,16.872547149658203,8.995586395263672,5.409511566162109,15.569725036621094,18.271957397460938,25.655807495117188,33.775917053222656,29.675270080566406,17.973129272460938,11.00567626953125,9.980781555175781,3.5766143798828125,-0.6908035278320312,3.5043716430664062,9.171669006347656,20.749893188476562,34.725372314453125,50.19572448730469,50.869346618652344,55.15804672241211,53.681732177734375,47.35422134399414,38.68667221069336,32.76310348510742
2024-08-10,21.54106903076172,16.47088623046875,9.99759292602539,16.094619750976562,19.110736846923828,20.305755615234375,26.8382568359375,19.94097900390625,16.66937255859375,8.774421691894531,6.116264343261719,2.4902801513671875,-3.77667236328125,-0.6992950439453125,8.827224731445312,22.555572509765625,46.03278732299805,59.61955261230469,59.331687927246094,62.9954948425293,57.35042190551758,51.00395965576172,45.61848449707031,34.66651916503906
2024-08-11,34.28862380981445,26.612361907958984,20.991912841796875,23.140460968017578,21.158191680908203,22.78453826904297,23.799842834472656,10.899688720703125,-0.01978302001953125,-11.781112670898438,-15.031867980957031,-27.425827026367188,-34.34064483642578,-26.306129455566406,-13.849784851074219,0.568389892578125,20.191986083984375,42.357818603515625,54.67574691772461,58.204010009765625,60.91558074951172,54.128170013427734,45.01851272583008,36.99184799194336
2024-08-12,13.8228759765625,11.23641586303711,8.005615234375,12.868030548095703,16.721664428710938,34.61611557006836,43.95895004272461,35.96460723876953,30.531410217285156,21.43903350830078,21.779178619384766,17.3955078125,14.13839340209961,16.144546508789062,21.36648941040039,31.682598114013672,49.734710693359375,64.99047088623047,71.56504821777344,68.43376159667969,63.6070442199707,56.60878372192383,45.78337097167969,40.739227294921875
2024-08-13,83.74468231201172,73.23937225341797,64.71361541748047,72.66900634765625,82.63810729980469,97.04729461669922,107.951171875,99.81207275390625,82.10189056396484,72.48135375976562,70.73526000976562,64.66873168945312,67.94291687011719,69.06967163085938,69.11967468261719,86.39612579345703,111.3247299194336,127.28302001953125,121.29522705078125,124.0670166015625,117.9875717163086,105.04351043701172,88.61021423339844,82.45719146728516
2024-08-14,71.5362548828125,63.74891662597656,55.42340850830078,59.64641571044922,71.01795959472656,84.80026245117188,92.20540618896484,76.83174896240234,60.11671829223633,45.59248733520508,41.59373474121094,39.545780181884766,35.521034240722656,35.85282897949219,43.768375396728516,51.39146423339844,74.15563201904297,93.14523315429688,97.1541976928711,99.43833923339844,92.0439224243164,89.26937866210938,73.97432708740234,65.7763442993164
2024-08-15,57.442405700683594,49.70650100708008,43.364593505859375,49.40010452270508,56.41967010498047,75.50601959228516,84.83644104003906,80.23408508300781,70.94869995117188,62.799583435058594,57.031333923339844,49.24043273925781,46.778404235839844,51.587100982666016,56.55726623535156,68.22476196289062,90.51522064208984,106.49340057373047,104.20011901855469,101.2332534790039,96.50053405761719,85.81478118896484,76.25550842285156,68.0906753540039
2024-08-16,58.091026306152344,51.298095703125,48.782203674316406,50.07063293457031,55.500953674316406,64.89346313476562,72.39115142822266,62.15108108520508,47.80845642089844,39.36198806762695,35.89609146118164,29.67684555053711,25.008403778076172,26.06513214111328,29.875301361083984,44.16365432739258,61.60101318359375,78.57492065429688,89.31999206542969,90.68592834472656,88.30879974365234,81.39857482910156,75.63725280761719,65.925048828125
2024-08-17,81.07256317138672,75.3411636352539,72.31159973144531,72.72450256347656,76.24369049072266,77.4945297241211,76.24021911621094,68.67924499511719,55.26173400878906,45.701263427734375,42.25415802001953,39.871341705322266,33.5799560546875,35.800594329833984,39.431270599365234,54.67237091064453,65.28685760498047,81.39376831054688,90.82032775878906,94.306396484375,99.0535659790039,93.96700286865234,82.74283599853516,74.84861755371094
2024-08-18,67.7062759399414,62.1387939453125,58.36185073852539,55.94502639770508,51.547115325927734,51.806522369384766,51.003883361816406,39.67950439453125,33.98265838623047,22.475746154785156,23.730365753173828,14.651268005371094,9.4913330078125,7.597084045410156,16.196434020996094,37.38610076904297,58.48081588745117,79.73609924316406,95.61880493164062,96.53080749511719,97.89952850341797,89.64603424072266,77.68557739257812,65.78109741210938
2024-08-19,69.55931091308594,63.719722747802734,59.72147750854492,63.12277603149414,73.9515609741211,78.12690734863281,87.8414306640625,73.4889907836914,61.823734283447266,58.77433776855469,56.79365539550781,49.20503234863281,49.358299255371094,45.087371826171875,46.00654220581055,60.780067443847656,73.34683990478516,92.02970886230469,106.12620544433594,112.88866424560547,106.75697326660156,95.85629272460938,84.5557632446289,78.34137725830078
2024-08-20,57.577327728271484,47.783485412597656,53.772552490234375,59.59950637817383,64.03785705566406,84.7107925415039,94.09227752685547,84.7485122680664,72.96070861816406,69.3168716430664,66.21189880371094,59.31468963623047,51.66322326660156,48.751312255859375,54.040916442871094,71.78487396240234,90.5524673461914,102.24212646484375,111.75733947753906,104.76190185546875,99.12931060791016,90.42666625976562,78.8768310546875,70.81733703613281
2024-08-21,19.70081329345703,12.265586853027344,9.315357208251953,15.491981506347656,27.33755874633789,43.57032012939453,53.36235046386719,44.18124008178711,34.19892501831055,25.360118865966797,24.14629364013672,19.38703155517578,16.783218383789062,18.104923248291016,23.623027801513672,38.0583381652832,57.47801208496094,73.22003173828125,78.05303955078125,77.75564575195312,76.77783203125,67.19413757324219,59.98256301879883,47.04212188720703
2024-08-22,24.904430389404297,18.612468719482422,14.723331451416016,23.406368255615234,35.27910232543945,49.53385543823242,58.45455551147461,49.95964431762695,36.8993034362793,29.475276947021484,24.475589752197266,18.987354278564453,18.23928451538086,18.227771759033203,22.195648193359375,33.80626678466797,62.454105377197266,86.88748168945312,88.63591003417969,87.19450378417969,86.7610092163086,78.42434692382812,63.346839904785156,56.427452087402344
2024-08-23,39.18935775756836,30.969924926757812,27.576541900634766,31.970661163330078,45.90166091918945,62.60258102416992,64.68881225585938,51.243995666503906,33.654720306396484,23.33112335205078,16.45848846435547,8.833953857421875,11.697860717773438,15.270061492919922,25.697681427001953,40.12783432006836,64.0408935546875,78.53984069824219,76.88883972167969,78.04627227783203,75.34130096435547,70.41911315917969,60.416343688964844,45.31233596801758
2024-08-24,50.710411071777344,45.29740524291992,41.678749084472656,45.53462219238281,42.15437316894531,43.13618850708008,45.33621597290039,31.883880615234375,17.79034423828125,3.7566909790039062,3.7507247924804688,-7.67926025390625,-14.322807312011719,-6.901580810546875,7.5686798095703125,27.326496124267578,48.68009948730469,79.74418640136719,84.00965118408203,90.18467712402344,95.75338745117188,79.93707275390625,75.37301635742188,61.02873229980469
2024-08-25,-0.6575927734375,-8.082962036132812,-11.6083984375,-14.775428771972656,-14.922737121582031,-13.912406921386719,-21.102378845214844,-36.858314514160156,-53.617835998535156,-65.520263671875,-65.82720947265625,-78.67024230957031,-89.36415100097656,-81.61396026611328,-58.70457458496094,-27.670883178710938,16.40118408203125,40.63987731933594,56.19204330444336,62.191993713378906,65.94932556152344,59.51819610595703,42.901248931884766,27.26827621459961
2024-08-26,51.395973205566406,46.615394592285156,41.12477111816406,55.539920806884766,65.87196350097656,80.34719848632812,92.83042907714844,82.65277099609375,65.50010681152344,57.24171447753906,51.63676834106445,48.76152038574219,46.689064025878906,50.991878509521484,58.527793884277344,67.75833892822266,81.52368927001953,103.98403930664062,106.16606140136719,105.60089111328125,101.70221710205078,92.8484878540039,77.89155578613281,68.15677642822266
2024-08-27,78.17552947998047,68.65276336669922,65.88981628417969,73.41178131103516,84.31346130371094,96.83169555664062,105.29533386230469,91.47254943847656,75.80258178710938,63.60615158081055,55.487815856933594,53.89508819580078,55.801856994628906,52.043495178222656,65.43048095703125,76.05384063720703,96.12504577636719,117.49044799804688,121.89393615722656,115.330810546875,103.46605682373047,91.22724914550781,82.79702758789062,71.93815612792969
2024-08-28,81.44538879394531,74.28054809570312,67.95341491699219,72.69939422607422,83.13269805908203,97.63800811767578,109.60540008544922,91.59825897216797,76.87715911865234,64.02357482910156,58.662506103515625,53.95470428466797,49.986656188964844,57.53118133544922,65.05751037597656,76.7938003540039,99.53478240966797,121.58043670654297,123.49574279785156,115.30724334716797,110.73796844482422,100.26077270507812,90.08407592773438,85.52908325195312
2024-08-29,82.21513366699219,77.9866714477539,74.58736419677734,75.03463745117188,84.94462585449219,99.42208099365234,104.55266571044922,93.76839447021484,75.6837158203125,65.26190185546875,55.0111198425293,54.179473876953125,53.87821960449219,57.733436584472656,66.72581481933594,82.91059875488281,105.61555480957031,124.66071319580078,121.2456283569336,115.1065902709961,104.93556213378906,95.16645812988281,90.34996795654297,81.86316680908203
2024-08-30,85.46717834472656,83.24639129638672,78.59931945800781,83.58646392822266,91.35594940185547,110.18028259277344,114.81381225585938,97.70885467529297,85.75749206542969,78.25801849365234,70.2520751953125,61.40251159667969,64.32515716552734,71.9460220336914,77.10673522949219,92.12421417236328,106.09773254394531,121.29216003417969,119.33527374267578,118.69820404052734,107.37617492675781,100.31584167480469,94.85575103759766,87.92935943603516
2024-08-31,81.53496551513672,75.89430236816406,72.60838317871094,76.2576675415039,81.09322357177734,86.16767883300781,90.21980285644531,82.64254760742188,73.39472961425781,71.16212463378906,65.35836029052734,56.939353942871094,51.38112258911133,56.704383850097656,67.2302017211914,83.73328399658203,100.46018981933594,109.2529296875,112.76171875,112.61742401123047,109.8091812133789,101.23284149169922,91.8153305053711,83.12700653076172
2024-09-01,76.68279266357422,70.87297821044922,65.2397232055664,64.07598114013672,66.16581726074219,67.7430419921875,69.90409851074219,61.40297317504883,48.29811477661133,35.38159942626953,32.27585220336914,18.011234283447266,16.545120239257812,23.962543487548828,40.72966384887695,61.34228515625,88.47906494140625,106.41565704345703,113.21730041503906,115.93934631347656,109.994873046875,101.37385559082031,93.14736938476562,82.25394439697266
2024-09-02,92.17866516113281,84.8189926147461,81.82717895507812,90.03456115722656,106.68457794189453,121.51695251464844,128.54014587402344,113.38298034667969,103.37194061279297,94.16813659667969,89.6336441040039,86.7398910522461,84.56079864501953,87.75416564941406,93.64004516601562,105.45237731933594,119.89765930175781,137.44871520996094,142.74853515625,133.0083770751953,123.86038208007812,111.03611755371094,104.37336730957031,96.07103729248047
2024-09-03,87.83905792236328,81.90097045898438,77.9356460571289,79.55230712890625,91.17237854003906,107.90300750732422,116.71977996826172,105.478515625,92.572998046875,84.59028625488281,79.39566040039062,71.87959289550781,73.0748519897461,75.3621597290039,80.31684875488281,92.87506103515625,113.87059783935547,129.08203125,130.5869140625,121.69380950927734,112.60466003417969,97.98017883300781,93.63164520263672,87.36014556884766
2024-09-04,90.27117919921875,86.66439819335938,82.6178207397461,84.38321685791016,100.81912231445312,119.18340301513672,127.33700561523438,111.44090270996094,98.52770233154297,90.36956024169922,83.30030822753906,75.22501373291016,76.0055923461914,77.38561248779297,84.06880187988281,93.5087890625,114.86458587646484,129.2206268310547,131.99261474609375,122.99822235107422,113.57908630371094,103.06844329833984,95.18622589111328,89.91938781738281
2024-09-05,89.01449584960938,86.11363220214844,84.42743682861328,87.3205337524414,105.02308654785156,122.232177734375,128.77056884765625,123.13043212890625,109.33223724365234,103.70431518554688,96.75651550292969,91.00415802001953,90.20866394042969,85.29983520507812,92.49931335449219,103.51449584960938,118.54524230957031,127.72782135009766,125.67630004882812,121.53543090820312,114.46780395507812,103.97633361816406,98.12287139892578,94.17615509033203
2024-09-06,59.348167419433594,55.42362976074219,51.86626434326172,54.661033630371094,63.290016174316406,78.71488189697266,89.22303771972656,83.69287872314453,69.83226013183594,62.31257629394531,58.595706939697266,53.95913314819336,50.55634307861328,51.10021209716797,51.95903396606445,63.61402893066406,79.50855255126953,90.09593200683594,93.31546020507812,89.80401611328125,86.40550231933594,80.2972640991211,73.77108764648438,65.47225952148438
2024-09-07,86.0619888305664,80.04891204833984,77.0923080444336,76.60602569580078,82.15301513671875,88.37555694580078,93.717529296875,92.64643859863281,79.08032989501953,74.2696533203125,71.11738586425781,62.591064453125,58.12378692626953,63.454307556152344,66.3182373046875,81.15873718261719,103.92875671386719,113.41169738769531,116.4870834350586,112.54682159423828,105.00135040283203,95.72357940673828,92.11386108398438,86.91210174560547
2024-09-08,68.02088165283203,60.80790328979492,54.893775939941406,51.09246826171875,59.97362518310547,64.31069946289062,62.134605407714844,44.791473388671875,25.933502197265625,16.971176147460938,14.338958740234375,-6.5256195068359375,-2.2059707641601562,0.6678009033203125,12.581108093261719,40.71882247924805,67.5845947265625,94.716552734375,93.60018920898438,92.75257873535156,84.93011474609375,79.98658752441406,66.13328552246094,58.60700607299805
2024-09-09,43.666229248046875,40.24651336669922,35.70505905151367,39.128543853759766,49.80548858642578,64.86373901367188,79.99346923828125,75.79179382324219,61.532264709472656,54.89833068847656,54.46965408325195,48.24726104736328,43.83324432373047,44.42581558227539,54.60322189331055,68.41624450683594,82.90800476074219,97.61896514892578,101.53233337402344,96.0938720703125,84.50605773925781,76.88571166992188,71.48885345458984,64.52005004882812
2024-09-10,46.821083068847656,40.68025588989258,37.76411437988281,48.103153228759766,67.15927124023438,98.30975341796875,104.3447036743164,88.52701568603516,65.43370056152344,56.385215759277344,47.357635498046875,43.82989501953125,37.87428283691406,38.792720794677734,42.5900764465332,61.31448745727539,85.88748931884766,110.51820373535156,111.4717788696289,104.04828643798828,99.2210693359375,87.73880004882812,76.56151580810547,64.32879638671875
2024-09-11,-1.1906585693359375,-6.538230895996094,-11.810035705566406,-7.478668212890625,0.40132904052734375,30.144119262695312,49.71019744873047,43.7014274597168,24.45374298095703,10.6302490234375,6.991233825683594,3.6565704345703125,-1.5079193115234375,2.23651123046875,6.790611267089844,21.452064514160156,49.83037567138672,80.85891723632812,85.73507690429688,82.92247009277344,77.5079116821289,68.82430267333984,56.361507415771484,40.49638748168945
2024-09-12,52.788177490234375,46.58171081542969,41.486167907714844,52.17961120605469,75.96717071533203,101.13648223876953,110.08038330078125,95.70978546142578,78.29593658447266,69.32981872558594,61.520301818847656,52.1300048828125,51.89518356323242,52.161041259765625,61.36525344848633,80.53297424316406,99.35391998291016,122.87981414794922,121.30126190185547,106.91777038574219,99.59097290039062,88.48897552490234,80.70074462890625,71.44058227539062
2024-09-13,58.020530700683594,50.15265655517578,45.683082580566406,52.84153747558594,64.16426086425781,86.70944213867188,92.70696258544922,75.71837615966797,55.01237869262695,40.1977424621582,36.362632751464844,29.235126495361328,22.078357696533203,23.396236419677734,28.220626831054688,42.84836196899414,65.31300354003906,89.76876831054688,95.60684967041016,87.39704132080078,83.04653930664062,76.48518371582031,68.11597442626953,57.576454162597656
2024-09-14,53.03142166137695,44.6524658203125,39.29914093017578,44.37057876586914,48.798561096191406,59.48713302612305,65.99143981933594,58.394195556640625,38.70408248901367,25.49529266357422,21.708717346191406,8.317123413085938,1.6193695068359375,3.365081787109375,15.800872802734375,33.5359001159668,60.56456756591797,82.05903625488281,88.89427947998047,85.35269927978516,79.52801513671875,71.63678741455078,64.28591918945312,54.86130142211914
2024-09-15,51.2440185546875,41.699256896972656,42.41728973388672,41.58069610595703,40.926876068115234,41.91087341308594,35.35919189453125,27.30621337890625,10.948318481445312,-1.7686843872070312,-6.7589111328125,-17.035987854003906,-24.13836669921875,-17.618865966796875,-1.2260284423828125,21.146499633789062,53.311580657958984,75.93069458007812,86.74944305419922,86.0511474609375,87.32258605957031,79.50721740722656,65.5905990600586,58.46226501464844
2024-09-16,17.114093780517578,11.002632141113281,3.8683242797851562,14.80875015258789,32.69333267211914,60.222900390625,67.50017547607422,54.804901123046875,34.50067138671875,23.273338317871094,15.821395874023438,8.870613098144531,8.753990173339844,5.585670471191406,13.218284606933594,30.424922943115234,54.3481330871582,79.07373046875,82.39335632324219,67.13923645019531,64.37631225585938,56.374732971191406,46.06389617919922,35.78550338745117
2024-09-17,4.47052001953125,5.990318298339844,2.7464141845703125,11.956321716308594,24.50334930419922,57.06874084472656,68.79904174804688,64.96437072753906,41.612159729003906,34.55141067504883,16.112152099609375,17.43207550048828,16.903453826904297,19.555274963378906,20.986766815185547,35.61543655395508,47.5087776184082,68.18594360351562,67.6656494140625,62.85823440551758,59.54697036743164,51.708595275878906,47.19502639770508,29.392471313476562
2024-09-18,52.81855392456055,45.60584259033203,42.72780227661133,48.72559356689453,61.89301300048828,77.24323272705078,80.56639099121094,69.10626220703125,61.31784439086914,52.27638244628906,47.297142028808594,47.18509292602539,41.12844467163086,40.13450622558594,45.46675491333008,55.17259979248047,68.22193908691406,80.90711975097656,75.34121704101562,75.54647064208984,74.20082092285156,68.32783508300781,60.53818893432617,54.41237258911133
2024-09-19,38.70137023925781,30.169166564941406,23.404136657714844,29.702484130859375,42.41181564331055,67.77491760253906,77.69784545898438,58.18014144897461,38.1002311706543,20.083831787109375,10.71466064453125,4.207923889160156,7.929374694824219,13.771591186523438,24.351318359375,40.154781341552734,60.25502395629883,76.61204528808594,71.22007751464844,60.14875030517578,54.30668640136719,47.14291000366211,43.27085494995117,33.14174270629883
2024-09-20,31.035274505615234,27.174976348876953,20.90619659423828,28.309661865234375,42.760963439941406,69.27888488769531,78.45198822021484,64.49905395507812,46.3600959777832,32.67750549316406,21.04400634765625,16.092361450195312,19.44890594482422,23.436294555664062,36.117393493652344,43.36104965209961,63.50912857055664,80.32215881347656,84.17875671386719,67.32844543457031,70.43801879882812,60.35190200805664,51.398216247558594,37.061607360839844
2024-09-21,35.984031677246094,27.971710205078125,20.376811981201172,25.90631866455078,38.053810119628906,55.36529541015625,57.923954010009766,47.07869338989258,28.701705932617188,13.549461364746094,7.751426696777344,-4.4499053955078125,-11.353569030761719,-5.220916748046875,10.352668762207031,31.210838317871094,63.47099304199219,83.7254867553711,82.04676818847656,69.08302307128906,67.76287841796875,62.60267639160156,49.987640380859375,40.10392761230469
2024-09-22,48.171051025390625,44.37615966796875,39.77116012573242,39.25446319580078,41.41066360473633,50.09896469116211,49.72147750854492,38.756370544433594,27.426498413085938,12.052055358886719,3.3498077392578125,-4.045326232910156,-9.942718505859375,0.67340087890625,24.337398529052734,36.295814514160156,65.08317565917969,80.30937957763672,81.88179016113281,76.63871765136719,73.98639678955078,67.25481414794922,58.7265625,54.698707580566406
2024-09-23,38.165531158447266,30.752483367919922,27.542465209960938,39.507015228271484,65.81715393066406,102.42233276367188,111.74067687988281,99.90644836425781,76.94692993164062,61.50284957885742,54.041236877441406,47.102970123291016,46.71700668334961,51.377899169921875,61.70672607421875,72.0395736694336,101.09580993652344,124.71905517578125,125.73542022705078,103.41639709472656,95.25298309326172,85.16021728515625,73.78255462646484,67.42109680175781
2024-09-24,44.957828521728516,35.405311584472656,31.816665649414062,42.45668029785156,60.39196014404297,86.95699310302734,95.392333984375,81.60648345947266,62.363861083984375,50.314144134521484,44.39373779296875,38.17227554321289,32.20439147949219,35.51906967163086,45.185508728027344,61.183006286621094,83.83084106445312,103.34086608886719,100.13221740722656,88.38886260986328,78.67658996582031,71.49873352050781,61.01836013793945,50.33948516845703
2024-09-25,44.60606384277344,36.868194580078125,34.80400466918945,44.486724853515625,62.58384704589844,89.4788589477539,100.20731353759766,87.84671020507812,69.2092056274414,55.175926208496094,48.173980712890625,39.95417022705078,41.13570022583008,40.16006851196289,48.8518180847168,65.4374771118164,94.68548583984375,113.11741638183594,109.83416748046875,92.55754089355469,85.13250732421875,74.9359130859375,67.80731201171875,59.5742301940918
2024-09-26,7.4517669677734375,-0.9429397583007812,0.499755859375,8.27728271484375,23.356502532958984,52.72626876831055,63.88930892944336,53.87826919555664,40.88003921508789,32.37742233276367,23.951736450195312,21.52063751220703,19.460712432861328,20.61404800415039,26.585838317871094,38.17794418334961,54.903358459472656,69.57923889160156,70.29102325439453,59.453060150146484,54.69075393676758,53.40036392211914,45.010501861572266,35.51573181152344
2024-09-27,2.7002944946289062,-4.866233825683594,-5.555206298828125,1.6812362670898438,23.20911407470703,53.2871208190918,62.00349807739258,50.51975631713867,37.43082046508789,25.444984436035156,18.083641052246094,13.680877685546875,11.242042541503906,11.109336853027344,19.406742095947266,32.56171417236328,51.02281188964844,67.56918334960938,63.29252243041992,47.347816467285156,44.63862991333008,42.51863098144531,33.840877532958984,27.961444854736328
2024-09-28,6.4238128662109375,3.9290008544921875,0.8296127319335938,-0.0067291259765625,2.650421142578125,10.920547485351562,17.476760864257812,11.996612548828125,5.633323669433594,-0.15090179443359375,-4.9479827880859375,-11.313346862792969,-11.563880920410156,-9.977630615234375,-0.6066970825195312,8.196540832519531,27.244720458984375,38.71806335449219,43.283912658691406,34.390098571777344,36.44695281982422,31.4202880859375,25.445068359375,17.297531127929688
2024-09-29,50.5945930480957,44.33316421508789,37.749549865722656,39.28672409057617,41.201236724853516,39.885982513427734,43.14332580566406,37.91626739501953,25.95685577392578,12.768325805664062,6.2713623046875,-0.7642135620117188,-8.228080749511719,0.2913360595703125,16.191566467285156,31.70738983154297,53.837745666503906,78.63796997070312,74.60627746582031,64.17073822021484,62.01133346557617,56.106346130371094,48.331607818603516,42.570796966552734
2024-09-30,3.3452987670898438,-0.662933349609375,-5.602607727050781,0.7408447265625,12.536659240722656,34.30622100830078,43.50224304199219,32.914649963378906,11.748573303222656,1.2578887939453125,-2.816558837890625,-8.68402099609375,-13.470512390136719,-6.553840637207031,-1.511871337890625,8.335960388183594,28.371322631835938,47.411964416503906,47.860382080078125,41.56690216064453,39.077919006347656,35.36294174194336,21.72022247314453,14.825546264648438
2024-10-01,2.073516845703125,-4.004920959472656,-2.8996124267578125,3.551727294921875,14.201004028320312,33.454689025878906,42.57603454589844,33.692901611328125,17.46179962158203,8.09002685546875,14.728607177734375,7.295768737792969,-2.7870101928710938,-4.687644958496094,0.408782958984375,16.822021484375,28.423294067382812,46.552162170410156,47.58345031738281,39.75714874267578,42.11549758911133,37.82001876831055,30.756057739257812,18.594886779785156
2024-10-02,62.01445388793945,53.69612121582031,51.50528335571289,54.5726432800293,68.20065307617188,90.34201049804688,105.91685485839844,96.60629272460938,78.16618347167969,62.79618835449219,57.17960739135742,48.92184829711914,50.85092544555664,53.84560012817383,58.06200408935547,69.40650939941406,91.78788757324219,107.85936737060547,110.98503875732422,96.68113708496094,89.58189392089844,79.71168518066406,71.00254821777344,63.50305938720703
2024-10-03,39.95475769042969,37.168514251708984,33.652896881103516,36.927940368652344,57.96800994873047,85.85564422607422,98.52577209472656,89.09228515625,70.87853240966797,58.23634338378906,48.60148620605469,42.31668472290039,42.49055099487305,41.15047073364258,50.58460235595703,64.25192260742188,90.98495483398438,107.04789733886719,104.49884033203125,83.76849365234375,74.22663116455078,67.66159057617188,59.644432067871094,54.94548034667969
2024-10-04,70.79324340820312,66.39628601074219,59.58828353881836,69.2835922241211,87.6855239868164,112.25430297851562,123.2140121459961,115.67863464355469,92.11278533935547,80.53718566894531,72.17034912109375,65.08199310302734,61.898414611816406,68.0539779663086,76.12101745605469,91.52801513671875,111.08536529541016,126.63560485839844,124.68391418457031,107.7799072265625,96.69706726074219,91.9757308959961,81.31392669677734,76.13796997070312
2024-10-05,78.501708984375,74.83465576171875,67.21378326416016,69.5507583618164,73.75611877441406,83.2826156616211,90.93656921386719,89.41465759277344,74.44013977050781,66.89708709716797,58.749786376953125,52.991172790527344,50.96636962890625,51.58994674682617,56.092926025390625,69.148681640625,87.3258056640625,104.32308197021484,108.43282318115234,96.25138092041016,89.9719009399414,88.18060302734375,80.85821533203125,69.78015899658203
2024-10-06,27.869300842285156,21.93859100341797,19.490985870361328,17.813873291015625,26.795513153076172,35.68604278564453,36.127716064453125,34.93598937988281,17.58216094970703,7.303108215332031,7.0301055908203125,-2.48919677734375,-19.352142333984375,-12.104995727539062,0.19370269775390625,25.377601623535156,54.97307586669922,81.79670715332031,78.07060241699219,72.91496276855469,70.56947326660156,64.48169708251953,50.48106384277344,43.227535247802734
2024-10-07,34.15807342529297,29.29867935180664,30.061546325683594,38.89118194580078,57.94953918457031,82.11084747314453,90.3645248413086,79.1087417602539,63.109928131103516,54.38926696777344,53.9072380065918,49.57721710205078,46.89615249633789,46.27112579345703,50.388450622558594,65.00717163085938,78.63410186767578,93.24957275390625,86.05902099609375,75.95054626464844,73.11260986328125,67.2829360961914,61.39458465576172,53.0091552734375
2024-10-08,17.344932556152344,14.516021728515625,8.783035278320312,12.8345947265625,29.394996643066406,48.68830871582031,63.94568634033203,54.69504928588867,45.03303146362305,38.1362190246582,32.42932891845703,27.510520935058594,24.670379638671875,23.308979034423828,28.949581146240234,41.87093734741211,60.714813232421875,71.05201721191406,73.92793273925781,65.51734924316406,57.80098342895508,52.98204803466797,45.10124588012695,40.9442024230957
2024-10-09,8.543571472167969,6.9525146484375,2.757843017578125,10.177803039550781,31.28304672241211,58.25431823730469,73.16011810302734,61.35580825805664,47.249671936035156,33.19705581665039,26.77680206298828,23.290882110595703,20.37564468383789,23.964595794677734,34.6058464050293,44.75844955444336,67.02159118652344,86.66201782226562,76.49581909179688,67.20564270019531,60.58574676513672,56.318077087402344,45.89683532714844,34.96742248535156
2024-10-10,-7.153404235839844,-11.348739624023438,-12.321647644042969,-2.3515853881835938,17.910118103027344,47.173770904541016,64.46025848388672,58.97457504272461,45.510562896728516,34.686317443847656,36.84592056274414,27.626506805419922,20.514495849609375,22.734092712402344,25.70376205444336,36.281856536865234,57.21857833862305,64.88663482666016,60.821449279785156,50.93147659301758,50.64232635498047,46.92605209350586,36.38337707519531,22.61294937133789
2024-10-11,71.36912536621094,65.44800567626953,61.85966873168945,66.119140625,79.36967468261719,95.25894165039062,105.45770263671875,93.42652130126953,76.867919921875,76.6301498413086,63.69275665283203,61.070289611816406,57.65849304199219,55.00101089477539,56.43076705932617,61.402854919433594,73.52521514892578,83.75537109375,86.22532653808594,76.7749252319336,75.10990905761719,69.87167358398438,68.47781372070312,64.56697845458984
2024-10-12,49.99380111694336,44.73344039916992,38.515811920166016,39.89409255981445,45.00090026855469,59.91583251953125,67.36546325683594,61.058135986328125,55.14625930786133,42.80004119873047,32.927207946777344,29.975208282470703,28.116172790527344,32.879356384277344,42.97068786621094,49.148040771484375,69.77892303466797,90.34085845947266,89.9322280883789,72.1348876953125,68.97103881835938,66.04231262207031,57.831077575683594,48.20254898071289
2024-10-13,0.9330368041992188,-2.437408447265625,-8.714637756347656,-10.835426330566406,-5.485481262207031,6.100883483886719,20.64600372314453,22.765899658203125,20.422637939453125,12.940711975097656,15.261238098144531,8.551620483398438,3.5957260131835938,8.768424987792969,17.398887634277344,28.470951080322266,55.89593505859375,65.7601547241211,67.47377014160156,52.04190444946289,52.20918273925781,49.3696174621582,39.81851577758789,31.437110900878906
2024-10-14,36.65812301635742,34.858726501464844,33.23310852050781,40.96742630004883,63.70808029174805,84.9783706665039,93.11176300048828,81.44509887695312,65.27942657470703,54.88106918334961,50.373661041259766,45.17808151245117,40.21699142456055,41.172569274902344,49.82908248901367,63.16877746582031,83.13197326660156,97.39215087890625,83.28849792480469,69.39675903320312,61.62861633300781,56.15373611450195,50.95266342163086,44.91703414916992
2024-10-15,71.84879302978516,65.44065856933594,62.15229797363281,66.89697265625,84.10610961914062,109.12261199951172,117.0503921508789,106.98161315917969,86.48329162597656,75.9801025390625,70.81057739257812,63.964942932128906,62.704227447509766,62.24351119995117,70.31140899658203,82.30007934570312,102.80054473876953,114.6266098022461,105.59327697753906,90.76162719726562,81.96598815917969,74.90420532226562,69.53321838378906,62.31743621826172
2024-10-16,16.993667602539062,21.822864532470703,9.93490219116211,18.742782592773438,39.86440658569336,63.15390396118164,80.85395812988281,75.60894012451172,53.83035659790039,57.49236297607422,48.42085647583008,44.51233673095703,43.169776916503906,38.38027572631836,49.44490432739258,57.234169006347656,77.59583282470703,94.09051513671875,88.67247009277344,63.262123107910156,65.46924591064453,58.601993560791016,53.08538818359375,41.71660614013672
2024-10-17,16.697494506835938,11.081504821777344,9.682395935058594,16.57406234741211,42.98982620239258,68.23397064208984,79.6700210571289,84.3965835571289,67.36289978027344,58.229061126708984,57.172645568847656,45.036903381347656,48.93315124511719,53.294044494628906,59.65608215332031,73.07206726074219,96.37162780761719,109.85811614990234,98.65029907226562,79.09907531738281,75.7947006225586,63.81684494018555,58.71564483642578,48.73151397705078
2024-10-18,43.24674606323242,39.381710052490234,36.443809509277344,40.285282135009766,56.55192565917969,76.38475036621094,86.37863159179688,83.05923461914062,71.82642364501953,64.34030151367188,56.91852951049805,50.688819885253906,49.62120056152344,51.43415069580078,56.969810485839844,71.13249206542969,81.39479064941406,92.90818786621094,87.18412017822266,77.5849609375,72.55914306640625,68.99957275390625,58.575984954833984,52.26017761230469
2024-10-19,17.885421752929688,15.633419036865234,8.822402954101562,12.569587707519531,24.021743774414062,39.08161544799805,54.62350082397461,51.204410552978516,46.58965301513672,38.54867172241211,31.483421325683594,28.576175689697266,24.08917236328125,28.74997329711914,31.446170806884766,44.00886535644531,60.955848693847656,79.36708068847656,66.68021392822266,57.693965911865234,51.65996170043945,49.54978942871094,40.325870513916016,27.33631134033203
2024-10-20,18.335330963134766,16.36829376220703,10.585311889648438,10.988861083984375,16.73229217529297,23.25945281982422,27.451034545898438,26.99310302734375,23.34088897705078,16.054214477539062,12.080696105957031,3.8042068481445312,0.053314208984375,-0.20154571533203125,13.163093566894531,24.34619903564453,51.502376556396484,67.09771728515625,66.01138305664062,56.65668487548828,59.81687927246094,51.295597076416016,41.6577262878418,34.527156829833984
2024-10-21,1.1689605712890625,-1.844818115234375,0.05944061279296875,9.554969787597656,29.254638671875,57.34479904174805,68.76091003417969,59.30198287963867,48.74674987792969,43.3000602722168,44.274208068847656,38.97536087036133,34.85483169555664,34.6087532043457,38.264591217041016,50.181880950927734,63.1206169128418,81.18492126464844,69.3236312866211,60.808738708496094,61.00634002685547,57.06669235229492,42.24787902832031,32.20737075805664
2024-10-22,65.33592224121094,55.82844161987305,53.27259826660156,63.39772415161133,85.87447357177734,113.41134643554688,124.99758911132812,116.65607452392578,97.7139892578125,87.75390625,85.0754623413086,74.12227630615234,71.70333099365234,74.57890319824219,79.04590606689453,87.60885620117188,102.81973266601562,120.3306884765625,109.67804718017578,100.32060241699219,93.40262603759766,84.69754791259766,70.3122329711914,62.31150817871094
2024-10-23,71.14641571044922,64.12276458740234,62.73939514160156,64.57921600341797,85.92452239990234,99.597900390625,108.08840942382812,98.78719329833984,84.9953842163086,78.87285614013672,70.53291320800781,66.97309875488281,69.65000915527344,67.75885772705078,70.32135772705078,78.48699188232422,104.15216064453125,117.89080047607422,109.33280181884766,95.525146484375,87.04712677001953,81.13611602783203,69.46441650390625,68.94347381591797
2024-10-24,59.75730895996094,53.51185607910156,50.5980224609375,60.36642837524414,80.96308135986328,101.55963134765625,113.83663940429688,107.21267700195312,92.87751007080078,78.92948913574219,74.21556854248047,65.77058410644531,61.391510009765625,64.38491821289062,67.03729248046875,79.09039306640625,101.5610580444336,121.42652893066406,109.50479125976562,90.51560974121094,85.9118881225586,78.52726745605469,70.59127807617188,62.991477966308594
2024-10-25,38.38979721069336,36.64158630371094,32.42223358154297,40.91749572753906,53.780067443847656,80.97649383544922,91.08649444580078,82.13018035888672,68.51007843017578,57.916221618652344,53.685302734375,50.470977783203125,42.52133560180664,47.6507568359375,53.31575012207031,65.62435913085938,88.161865234375,102.57304382324219,96.70670318603516,86.92005157470703,78.85324096679688,71.63510131835938,63.38587951660156,55.129432678222656
2024-10-26,49.95536422729492,46.398990631103516,39.91162109375,42.23802185058594,45.50202560424805,55.385868072509766,65.96416473388672,62.897926330566406,54.348243713378906,44.204524993896484,39.36470031738281,31.605350494384766,27.561939239501953,29.680728912353516,39.74922180175781,53.555912017822266,75.5557861328125,91.6801528930664,94.97508239746094,85.0777587890625,83.62863159179688,78.15364074707031,69.40547180175781,59.008785247802734
2024-10-27,75.25729370117188,68.78739166259766,61.73308181762695,61.02014923095703,59.860321044921875,62.83821487426758,70.338134765625,66.99238586425781,58.814918518066406,48.271785736083984,46.13664245605469,38.956356048583984,33.99271774291992,36.919921875,49.6751823425293,59.07215881347656,73.43872833251953,89.64816284179688,87.7756118774414,82.55931854248047,78.92160034179688,76.84053039550781,73.60287475585938,66.27378845214844
2024-10-28,77.06602478027344,73.70275115966797,68.82066345214844,73.6634292602539,84.5812759399414,103.4546890258789,113.46975708007812,108.15122985839844,95.43798828125,82.65638732910156,75.71308898925781,70.03883361816406,68.94857025146484,74.35203552246094,80.57213592529297,95.67972564697266,109.62348937988281,129.51458740234375,133.66668701171875,121.24806213378906,107.67074584960938,96.66152954101562,90.10772705078125,84.0557632446289
2024-10-29,65.56627655029297,59.97320556640625,55.74085998535156,57.417091369628906,66.28397369384766,81.08563232421875,93.12840270996094,93.05520629882812,83.41069793701172,75.151611328125,69.89547729492188,64.94320678710938,63.158653259277344,67.3077392578125,71.59053039550781,82.83798217773438,101.18958282470703,112.66175842285156,109.35045623779297,96.74208068847656,89.3223876953125,81.24601745605469,74.5650405883789,69.91813659667969
2024-10-30,54.73030471801758,50.814483642578125,44.25917053222656,45.746177673339844,56.19034194946289,72.41829681396484,90.8158950805664,91.29490661621094,86.13623046875,74.96563720703125,67.99227142333984,63.51461410522461,59.89837646484375,62.348243713378906,66.19645690917969,79.6630630493164,101.4319076538086,115.63885498046875,110.12480163574219,94.05116271972656,84.9300765991211,78.06388092041016,71.87533569335938,60.20826721191406
2024-10-31,73.91120147705078,67.87621307373047,62.517662048339844,64.79209899902344,72.62179565429688,92.82958984375,103.56227111816406,104.5115737915039,98.681640625,89.45789337158203,83.31806945800781,77.45895385742188,78.51612854003906,78.71217346191406,82.56181335449219,89.61701965332031,109.41621398925781,123.38713073730469,121.8115005493164,105.16690826416016,98.80375671386719,90.72265625,83.50701141357422,76.40743255615234
2024-11-01,79.4655990600586,75.36123657226562,70.26473236083984,70.11384582519531,77.92922973632812,83.1343765258789,97.62073516845703,98.37476348876953,95.56216430664062,84.29872131347656,79.35230255126953,78.21154022216797,72.05657958984375,77.08808898925781,80.12883758544922,87.62171173095703,103.109619140625,115.7479248046875,114.57112121582031,103.44317626953125,90.87849426269531,86.91851806640625,82.1404037475586,78.811279296875
2024-11-02,86.92750549316406,82.24940490722656,77.30196380615234,75.47752380371094,78.14153289794922,82.38841247558594,87.11515045166016,87.87151336669922,83.344482421875,77.5727310180664,72.7300033569336,71.69728088378906,65.13151550292969,65.00882720947266,73.9117431640625,81.89405059814453,100.3424301147461,113.04940032958984,114.14064025878906,109.76622009277344,103.81493377685547,98.21629333496094,92.6181411743164,87.4183578491211
2024-11-03,88.46308135986328,85.22395324707031,77.4046401977539,72.99049377441406,74.51224517822266,79.70445251464844,81.39288330078125,87.13630676269531,85.655517578125,81.0093765258789,75.52349090576172,69.0728759765625,59.83643341064453,65.00016021728516,77.11837005615234,88.3405532836914,102.52412414550781,112.61121368408203,120.87669372558594,120.1890640258789,111.32841491699219,103.53524780273438,101.46073913574219,96.3091812133789
2024-11-04,87.50284576416016,82.7496337890625,78.11479949951172,79.97051239013672,88.6352767944336,108.9378433227539,124.41472625732422,121.57492065429688,106.29949188232422,97.94158935546875,92.75146484375,90.06321716308594,86.21866607666016,87.87673950195312,92.12357330322266,102.15093231201172,126.86186218261719,143.518798828125,140.824951171875,121.63304901123047,107.11964416503906,101.02013397216797,93.25545501708984,91.1893310546875
2024-11-05,92.12895202636719,90.10200500488281,84.25852966308594,82.37245178222656,92.19657897949219,108.64707946777344,124.62452697753906,126.39144897460938,114.26732635498047,103.94068145751953,97.97247314453125,93.94639587402344,92.94308471679688,95.1880874633789,99.47505950927734,107.94099426269531,124.09576416015625,136.62454223632812,133.7501678466797,118.96127319335938,108.54444122314453,100.63597106933594,95.60507202148438,92.01905822753906
2024-11-06,98.58464813232422,94.1793212890625,87.0582275390625,86.33819580078125,99.10298156738281,116.30419921875,135.21420288085938,138.17637634277344,127.44589233398438,117.2572250366211,112.48629760742188,106.95416259765625,108.70697784423828,110.67742919921875,115.48461151123047,126.02180480957031,146.18223571777344,162.99949645996094,160.98898315429688,144.42672729492188,123.55007934570312,116.76660919189453,112.82865905761719,108.26287078857422
2024-11-07,93.5885009765625,89.88462829589844,84.10835266113281,83.4267578125,95.65499877929688,113.81717681884766,131.1729278564453,134.02110290527344,128.18109130859375,121.04019927978516,112.70732879638672,110.47445678710938,110.09993743896484,110.76571655273438,114.9981689453125,124.75662231445312,140.02252197265625,152.92820739746094,149.38096618652344,134.8818359375,123.63876342773438,116.32231140136719,110.65634155273438,105.96421813964844
2024-11-08,92.91153717041016,90.30208587646484,85.2246322631836,84.52603149414062,91.9053726196289,109.46612548828125,120.01144409179688,123.98695373535156,120.35523986816406,113.03071594238281,107.0702896118164,103.86154174804688,97.46092224121094,103.81608581542969,108.79855346679688,116.28885650634766,132.9463348388672,142.10958862304688,142.5526580810547,131.51585388183594,116.79658508300781,111.74067687988281,106.99256896972656,102.8292465209961
2024-11-09,97.16740417480469,95.21049499511719,88.59515380859375,86.36604309082031,90.14027404785156,96.2015609741211,101.97089385986328,107.71319580078125,106.02869415283203,100.94123840332031,95.52076721191406,91.31593322753906,87.30773162841797,93.52271270751953,98.93933868408203,109.0772705078125,120.44850158691406,129.44595336914062,130.19357299804688,119.56439971923828,111.62261962890625,109.0892562866211,101.44515991210938,100.25491333007812
2024-11-10,96.29691314697266,92.89877319335938,84.63640594482422,82.36560821533203,82.8471908569336,84.43352508544922,92.31422424316406,98.81304931640625,98.78620147705078,97.9082260131836,92.40979766845703,89.39923858642578,84.97836303710938,87.57447814941406,94.49893188476562,104.30752563476562,122.02347564697266,131.9379119873047,131.84317016601562,123.39649963378906,110.66212463378906,106.96000671386719,103.26956939697266,101.66816711425781
2024-11-11,93.36893463134766,88.20242309570312,78.3289566040039,73.40110778808594,72.74713897705078,80.61997985839844,97.02021026611328,107.89533233642578,105.32310485839844,102.83831024169922,98.97350311279297,99.14974212646484,94.62332153320312,96.3870849609375,98.45272827148438,108.6575927734375,131.63571166992188,142.50521850585938,145.71875,130.57199096679688,118.87960052490234,111.3385238647461,106.13429260253906,102.25971984863281
2024-11-12,100.55238342285156,96.58074188232422,90.96421813964844,91.6151351928711,98.7287368774414,118.82577514648438,137.92539978027344,145.59231567382812,139.5245361328125,135.19338989257812,129.2597198486328,128.1508026123047,127.49716186523438,131.292724609375,136.6422119140625,141.75599670410156,159.26068115234375,171.73683166503906,166.39385986328125,149.5902862548828,132.03225708007812,122.302734375,116.07035827636719,116.30604553222656
2024-11-13,89.47775268554688,87.50147247314453,81.69436645507812,80.71897888183594,90.049560546875,111.83193969726562,129.95452880859375,135.6824188232422,129.49252319335938,123.31373596191406,114.4442138671875,113.2623062133789,113.80237579345703,116.38064575195312,118.82981872558594,125.30561828613281,138.719482421875,146.4857940673828,139.36618041992188,128.12033081054688,114.45552825927734,107.8260269165039,102.47429656982422,97.35325622558594
2024-11-14,94.64651489257812,92.63349914550781,87.2855453491211,83.90435028076172,91.91376495361328,110.63624572753906,129.09329223632812,138.0186004638672,134.40155029296875,123.99160766601562,117.06451416015625,113.4188232421875,110.69967651367188,112.18081665039062,115.56098937988281,119.17008972167969,135.40794372558594,146.25039672851562,146.1536102294922,131.96017456054688,120.8323745727539,115.295166015625,109.5234146118164,105.92866516113281
2024-11-15,105.64762878417969,100.58497619628906,97.59143829345703,95.84905242919922,106.5453872680664,121.89575958251953,138.73358154296875,144.49710083007812,138.3616943359375,130.971435546875,124.31646728515625,119.37203216552734,116.46095275878906,116.84956359863281,121.35377502441406,127.52938842773438,142.037109375,149.9213409423828,149.32066345214844,135.6046905517578,125.23908233642578,118.65977478027344,114.17428588867188,109.7796630859375
2024-11-16,97.48616027832031,94.36161804199219,88.20503234863281,88.31537628173828,93.0869369506836,103.84075164794922,114.45909881591797,121.36514282226562,121.8604736328125,116.05632781982422,110.4382095336914,108.3058090209961,104.881591796875,106.09709930419922,109.935791015625,116.15497589111328,132.9588623046875,142.85365295410156,139.45794677734375,127.74596405029297,117.8988265991211,114.47212219238281,108.45491027832031,104.4809341430664
2024-11-17,86.57270050048828,83.9151611328125,76.6048355102539,72.54314422607422,73.9737777709961,79.99710845947266,84.3014144897461,89.65321350097656,93.19880676269531,92.5340347290039,94.18419647216797,89.21587371826172,84.1004867553711,88.28858184814453,89.80948638916016,98.68639373779297,115.72122955322266,125.7780532836914,127.00285339355469,118.8514175415039,109.10633087158203,107.98406982421875,101.34871673583984,99.06009674072266
2024-11-18,86.61979675292969,85.7330322265625,79.40058898925781,79.38125610351562,91.1590576171875,114.06586456298828,133.9440460205078,140.69459533691406,137.0062713623047,132.25341796875,128.861328125,122.54002380371094,121.14031982421875,125.49993896484375,131.7389678955078,139.31118774414062,157.6434783935547,165.011474609375,154.7769012451172,136.08216857910156,123.01740264892578,114.2147445678711,105.79878234863281,102.74332427978516
2024-11-19,70.93263244628906,67.9874496459961,62.16930389404297,59.45402526855469,70.05681610107422,88.91461181640625,110.48957061767578,123.1039047241211,120.4463119506836,114.5076675415039,109.01387786865234,107.44110870361328,106.74467468261719,110.81114196777344,113.48628234863281,119.83296203613281,134.57757568359375,141.02792358398438,133.9517364501953,116.43424987792969,101.8681869506836,99.2482681274414,91.96733093261719,85.46602630615234
2024-11-20,94.49624633789062,91.25228118896484,83.04480743408203,84.2022476196289,93.01016998291016,110.3123550415039,132.61587524414062,140.8981475830078,139.00021362304688,136.31417846679688,131.9734649658203,128.10528564453125,124.70967102050781,131.47238159179688,137.8225555419922,143.16390991210938,162.1237335205078,170.6211395263672,162.82574462890625,148.31326293945312,135.7281951904297,127.04181671142578,118.60101318359375,115.23612213134766
2024-11-21,84.42339324951172,83.2785415649414,79.00175476074219,78.26567077636719,86.6005630493164,105.23554229736328,124.52826690673828,137.77146911621094,134.41259765625,127.54653930664062,120.18739318847656,115.77433776855469,113.87403106689453,114.58721160888672,119.27603149414062,124.4413070678711,139.98358154296875,148.26600646972656,140.3170928955078,127.39497375488281,115.0880355834961,109.0230484008789,101.34312438964844,96.11963653564453
2024-11-22,99.04109191894531,93.83226013183594,91.0743408203125,92.135498046875,98.60934448242188,110.44073486328125,123.02156829833984,128.1364288330078,124.05021667480469,116.66964721679688,110.6428451538086,109.32904815673828,104.68695831298828,108.49449157714844,103.99765014648438,108.75141906738281,125.0301513671875,127.17796325683594,130.84698486328125,114.60276794433594,106.17572784423828,99.8624496459961,96.70414733886719,90.80694580078125
2024-11-23,100.60151672363281,98.98457336425781,91.20938110351562,87.86541748046875,92.94017028808594,98.7313461303711,106.6557846069336,109.24446868896484,110.06059265136719,104.5135269165039,102.01727294921875,97.72501373291016,92.16141510009766,93.48969268798828,93.35761260986328,101.19625854492188,112.82579040527344,119.56684875488281,118.50251007080078,110.42493438720703,101.90802764892578,97.74386596679688,95.6637191772461,90.58244323730469
2024-11-24,14.622764587402344,9.323867797851562,1.967681884765625,4.5179595947265625,9.73760986328125,18.309913635253906,28.889808654785156,32.293731689453125,35.5620231628418,32.0817985534668,29.40213394165039,24.385868072509766,20.021644592285156,21.52853012084961,24.727622985839844,36.436805725097656,61.133853912353516,78.88238525390625,85.21922302246094,75.72515869140625,63.61793518066406,63.81356430053711,54.17300796508789,43.051780700683594
2024-11-25,3.4016647338867188,1.0753326416015625,-2.672027587890625,1.407867431640625,12.645317077636719,39.560752868652344,63.53584289550781,69.60011291503906,68.50126647949219,64.08203125,59.51241683959961,58.07433319091797,56.21283721923828,56.13432312011719,57.15354919433594,68.27655029296875,82.31144714355469,99.56095886230469,98.56908416748047,87.05584716796875,78.67283630371094,73.43313598632812,62.3582878112793,61.050350189208984
2024-11-26,81.41167449951172,82.03117370605469,73.6730728149414,71.32443237304688,78.21077728271484,89.55237579345703,111.7950439453125,114.49681854248047,111.52283477783203,108.02134704589844,99.673828125,95.41773223876953,95.77715301513672,98.1245346069336,98.18881225585938,108.57118225097656,117.7190933227539,131.90646362304688,124.9447250366211,113.80888366699219,101.3232192993164,91.09529876708984,88.53150177001953,85.0469741821289
2024-11-27,85.07298278808594,79.09355163574219,75.63048553466797,73.15910339355469,82.11138916015625,88.76998138427734,105.12445831298828,116.85237121582031,114.42707824707031,107.84776306152344,98.13529205322266,92.9597396850586,93.52654266357422,95.42896270751953,98.90482330322266,104.38090515136719,118.15554809570312,128.10157775878906,124.05805969238281,113.07342529296875,100.85093688964844,94.89816284179688,83.86216735839844,79.39532470703125
2024-11-28,57.365665435791016,54.2332763671875,50.747779846191406,52.43639373779297,59.81146240234375,80.83534240722656,101.7129898071289,108.1861343383789,109.28282165527344,101.70221710205078,97.09309387207031,92.65927124023438,88.66117858886719,92.83121490478516,97.18254089355469,101.1478042602539,116.4394760131836,123.06592559814453,122.47824096679688,108.61251831054688,97.15843200683594,93.44571685791016,82.17245483398438,76.18473052978516
2024-11-29,104.66333770751953,100.11573028564453,92.88821411132812,94.020263671875,97.16053009033203,107.58972930908203,123.2459716796875,127.19984436035156,122.171142578125,116.25237274169922,109.36322784423828,104.7702407836914,103.55839538574219,102.72144317626953,101.01275634765625,107.50251770019531,118.1476058959961,125.4460220336914,128.09275817871094,117.54830932617188,105.74089050292969,106.85951232910156,98.60795593261719,96.89021301269531
2024-11-30,94.03213500976562,89.69660949707031,83.65934753417969,82.64820098876953,89.20752716064453,96.3163070678711,103.30301666259766,108.53480529785156,104.67857360839844,102.34542083740234,94.87113952636719,94.22554016113281,89.70172119140625,88.46720886230469,89.08589935302734,97.04235076904297,109.09695434570312,116.85426330566406,114.08028411865234,104.93476867675781,96.93724822998047,96.38601684570312,90.99744415283203,87.21186065673828
2024-12-01,93.76823425292969,90.41678619384766,85.8555908203125,83.08380889892578,85.04803466796875,86.23947143554688,89.08650207519531,92.42216491699219,92.92315673828125,91.4131851196289,88.53196716308594,85.62272644042969,81.10277557373047,82.48342895507812,85.99381256103516,93.15751647949219,103.96208953857422,113.7931900024414,112.83409881591797,105.26143646240234,96.90306091308594,96.03350067138672,91.38124084472656,88.64178466796875
2024-12-02,73.52421569824219,67.69046020507812,61.771976470947266,63.835601806640625,71.9655532836914,96.87879943847656,116.89981079101562,120.72137451171875,118.54025268554688,111.05790710449219,106.19341278076172,103.02608489990234,98.23635864257812,101.62461853027344,103.78392028808594,111.48725128173828,125.53982543945312,138.48541259765625,133.65933227539062,120.68280792236328,104.44989013671875,101.6304702758789,93.07816314697266,88.72811126708984
2024-12-03,101.95988464355469,96.29360961914062,91.57423400878906,91.34032440185547,102.57939910888672,120.89168548583984,142.6807098388672,147.8929443359375,146.25796508789062,137.4065704345703,137.80105590820312,130.36892700195312,128.86618041992188,134.15673828125,135.05670166015625,137.51983642578125,154.27223205566406,158.5271453857422,148.56454467773438,137.00010681152344,124.20339965820312,118.35462951660156,111.6392593383789,108.9042739868164
2024-12-04,118.62153625488281,113.51864624023438,107.63868713378906,106.9962387084961,116.56040954589844,135.5374755859375,161.81289672851562,174.4623565673828,171.90740966796875,164.28378295898438,157.21142578125,149.3826904296875,144.59640502929688,153.29367065429688,157.10787963867188,163.24948120117188,181.77838134765625,189.89349365234375,176.32086181640625,157.31910705566406,143.54476928710938,136.656005859375,129.02769470214844,126.03262329101562
2024-12-05,105.94413757324219,100.71138000488281,96.31015014648438,95.94805908203125,109.88645935058594,130.73004150390625,150.8984375,159.68060302734375,155.53988647460938,146.94041442871094,137.1595001220703,133.88182067871094,126.04537963867188,129.65615844726562,133.41134643554688,141.7048797607422,162.10678100585938,166.10586547851562,154.3856201171875,137.95130920410156,124.87637329101562,119.95989990234375,114.83597564697266,111.6360092163086
2024-12-06,44.159976959228516,47.01803207397461,33.996761322021484,40.7872314453125,47.896759033203125,78.40550231933594,104.25904846191406,115.80321502685547,108.2391128540039,106.6378173828125,98.4490966796875,89.92356872558594,93.39017486572266,102.02070617675781,95.25296020507812,103.14586639404297,121.28840637207031,132.0037841796875,120.305419921875,109.78952026367188,100.15614318847656,93.88753509521484,93.95092010498047,83.99330139160156
2024-12-07,71.14971923828125,67.24987030029297,57.85268020629883,57.078277587890625,64.93367004394531,76.13273620605469,91.39585876464844,98.45397186279297,102.45974731445312,95.73876190185547,93.35562133789062,93.44742584228516,90.88756561279297,91.68061065673828,98.59305572509766,105.93630981445312,125.45159149169922,134.69253540039062,122.98277282714844,109.27296447753906,99.76210021972656,95.63642120361328,87.06158447265625,80.53363800048828
2024-12-08,15.64056396484375,12.438278198242188,3.141571044921875,0.6629638671875,1.878631591796875,6.198204040527344,13.830894470214844,21.779075622558594,28.749099731445312,28.774761199951172,32.884944915771484,34.83803939819336,26.7646484375,30.36397933959961,33.59811782836914,40.042572021484375,59.752769470214844,71.11247253417969,69.63621520996094,58.59586715698242,54.369205474853516,53.501930236816406,46.59535598754883,37.495365142822266
2024-12-09,58.43817901611328,57.59095001220703,52.076839447021484,55.98707580566406,65.22418212890625,80.92584228515625,102.34297180175781,108.22338104248047,105.18407440185547,100.56544494628906,98.4155502319336,95.8436508178711,96.08554077148438,96.12181854248047,94.56470489501953,100.68194580078125,106.22883605957031,114.21448516845703,116.264404296875,108.94142150878906,98.38761138916016,94.41793823242188,81.44174194335938,84.56515502929688
2024-12-10,82.52325439453125,78.2672348022461,70.57593536376953,72.56591796875,76.7222671508789,94.68980407714844,117.58000183105469,121.25640106201172,114.93423461914062,101.86589050292969,107.60299682617188,105.54122924804688,97.44432830810547,94.707763671875,101.7471923828125,104.70549011230469,117.5798110961914,123.78616333007812,119.94351959228516,110.00701141357422,99.70126342773438,91.22323608398438,86.47161102294922,83.88256072998047
2024-12-11,100.35802459716797,99.94667053222656,95.52790832519531,96.67243957519531,106.766357421875,120.97842407226562,141.35740661621094,152.59243774414062,147.41668701171875,138.4644775390625,130.16058349609375,130.0891876220703,122.71678161621094,119.7706527709961,127.1480712890625,135.79782104492188,153.99160766601562,156.18629455566406,150.5026092529297,129.69252014160156,117.9421615600586,115.2576675415039,110.21328735351562,104.39420318603516
2024-12-12,123.79989624023438,117.81053161621094,114.3093490600586,113.78622436523438,126.25597381591797,147.6578369140625,178.60389709472656,196.92532348632812,191.09530639648438,180.93365478515625,169.5985107421875,165.000732421875,157.268798828125,161.5221710205078,169.355224609375,179.0157928466797,201.61770629882812,208.7955322265625,193.29830932617188,168.93063354492188,148.56820678710938,143.6842803955078,132.18630981445312,128.20858764648438
2024-12-13,119.88414001464844,116.97221374511719,112.94749450683594,118.5673828125,128.62266540527344,158.00836181640625,185.6868438720703,207.16299438476562,198.03302001953125,185.5826416015625,179.37728881835938,170.8302001953125,158.42201232910156,160.53353881835938,166.669189453125,179.12527465820312,203.13014221191406,207.54864501953125,196.12677001953125,178.065185546875,155.5972137451172,146.87646484375,143.82008361816406,132.3351287841797
2024-12-14,108.0224838256836,105.52255249023438,96.43778228759766,94.35661315917969,100.02276611328125,118.689697265625,136.45225524902344,153.68038940429688,160.1946563720703,153.10049438476562,146.9135284423828,143.91189575195312,135.4202880859375,143.58993530273438,147.2432403564453,157.71824645996094,174.24063110351562,179.42218017578125,161.6048126220703,144.3933563232422,132.40440368652344,127.677490234375,119.01880645751953,112.26168823242188
2024-12-15,84.41275024414062,80.26237487792969,69.22056579589844,64.85673522949219,71.34523010253906,75.65692138671875,80.6973648071289,93.55390930175781,101.58589172363281,113.62582397460938,112.50728607177734,112.14961242675781,105.05238342285156,106.40666198730469,107.37158203125,114.12080383300781,132.6868438720703,145.00836181640625,141.1126251220703,124.2239761352539,114.05587768554688,111.05207061767578,103.54580688476562,98.31114959716797
2024-12-16,26.177112579345703,21.30914306640625,15.597206115722656,19.779300689697266,35.26182174682617,70.06987762451172,107.3128433227539,119.38833618164062,122.45475006103516,111.85945129394531,109.98931121826172,105.86018371582031,97.71546173095703,95.35550689697266,102.24388885498047,111.98126983642578,131.06407165527344,142.80081176757812,130.71856689453125,119.04745483398438,107.76309204101562,101.15159606933594,90.78012084960938,84.24369812011719
2024-12-17,56.611324310302734,53.47257995605469,46.054588317871094,48.512386322021484,57.42557144165039,81.9910888671875,111.02578735351562,122.92906188964844,126.03715515136719,116.74690246582031,112.65248107910156,110.01596069335938,107.71652221679688,114.11549377441406,113.42391204833984,114.40047454833984,125.6990966796875,130.01202392578125,126.4295654296875,112.88265991210938,100.1884536743164,95.82075500488281,80.36912536621094,74.54154968261719
2024-12-18,55.992977142333984,54.572227478027344,46.39730453491211,46.169395446777344,54.82651138305664,73.72871398925781,94.77925109863281,102.9236831665039,100.62531280517578,91.64681243896484,83.08179473876953,82.43599700927734,76.80150604248047,79.7601318359375,82.08987426757812,84.38528442382812,96.09095001220703,105.93122863769531,99.597900390625,86.62609100341797,73.74272918701172,70.4571533203125,66.87220764160156,56.982521057128906
2024-12-19,18.70705795288086,16.474143981933594,10.97708511352539,16.269550323486328,28.523113250732422,55.98829650878906,85.14805603027344,101.8263168334961,100.28510284423828,93.62437438964844,92.73609924316406,85.44962310791016,80.22872161865234,87.79136657714844,89.69912719726562,95.45536804199219,108.6105728149414,122.24395751953125,116.79988861083984,98.60574340820312,93.40662384033203,89.55463409423828,76.01498413085938,65.56773376464844
2024-12-20,52.808128356933594,50.64005661010742,43.015541076660156,41.32304763793945,47.08943176269531,59.691131591796875,74.42432403564453,78.2991714477539,85.04424285888672,83.18399047851562,76.49735260009766,71.97980499267578,65.0459976196289,66.08856964111328,68.48885345458984,75.57867431640625,86.53807067871094,87.35516357421875,90.41707611083984,79.75247192382812,75.85796356201172,72.18384552001953,70.43262481689453,58.927764892578125
2024-12-21,28.068683624267578,26.311141967773438,18.421855926513672,16.727832794189453,20.521743774414062,27.74920654296875,40.13233184814453,51.180641174316406,56.03591537475586,54.09444808959961,46.29319381713867,40.13723373413086,37.46119689941406,42.98820495605469,42.32783889770508,46.55978012084961,53.168514251708984,55.01020812988281,50.0306396484375,43.961570739746094,35.53636932373047,40.00239562988281,31.385658264160156,20.461395263671875
2024-12-22,13.426002502441406,13.09521484375,8.246833801269531,7.88616943359375,8.626235961914062,14.238182067871094,25.31690216064453,35.395896911621094,46.907596588134766,50.98952865600586,49.28712463378906,47.002601623535156,47.059226989746094,45.85902786254883,53.07525634765625,56.882354736328125,73.59634399414062,83.14552307128906,73.53334045410156,69.17828369140625,59.493080139160156,61.651546478271484,49.18558120727539,43.29085159301758
2024-12-23,12.082550048828125,8.748542785644531,7.8628997802734375,10.917350769042969,21.73114013671875,45.030067443847656,69.99601745605469,73.47099304199219,75.69575500488281,68.54252624511719,67.11886596679688,63.901466369628906,57.62491989135742,58.83113098144531,62.09615707397461,71.02307891845703,83.05282592773438,102.79171752929688,107.77544403076172,91.79650115966797,82.4332046508789,82.70460510253906,68.94976043701172,65.09246063232422
2024-12-24,73.53396606445312,72.41926574707031,68.39849853515625,64.06172943115234,74.74879455566406,75.43665313720703,94.35165405273438,99.50724029541016,99.43584442138672,90.40470886230469,79.1203384399414,78.82890319824219,72.05645751953125,78.3381118774414,81.42289733886719,83.80571746826172,94.44359588623047,96.75428009033203,97.37471008300781,92.1652603149414,80.8171157836914,74.01058959960938,60.02670669555664,56.641387939453125
2024-12-25,72.25318908691406,69.2293472290039,62.79950714111328,59.428314208984375,59.79510498046875,60.02249526977539,66.07463073730469,71.14868927001953,75.31827545166016,77.72952270507812,71.68538665771484,71.5042724609375,64.54566955566406,68.32574462890625,67.12696075439453,65.72183227539062,76.63391876220703,82.55644989013672,80.57456970214844,74.64842224121094,71.85165405273438,70.2707290649414,63.4415397644043,54.929832458496094
2024-12-26,96.89569091796875,92.27992248535156,84.68433380126953,83.6067123413086,90.92426300048828,104.96958923339844,119.66703796386719,129.269287109375,127.79688262939453,116.93455505371094,110.8316421508789,107.31153869628906,101.31330108642578,103.17591857910156,103.17171478271484,111.06146240234375,126.9010009765625,132.75921630859375,134.166748046875,121.87958526611328,109.49473571777344,107.36236572265625,97.72118377685547,93.68119049072266
2024-12-27,99.17008972167969,98.90572357177734,91.28318786621094,88.96315002441406,95.05779266357422,102.61782836914062,114.32416534423828,123.29327392578125,120.20001220703125,115.2890625,111.18927764892578,108.51730346679688,101.80111694335938,103.74261474609375,104.36266326904297,109.58368682861328,123.57958984375,127.5881576538086,126.51018524169922,117.40167236328125,107.58430480957031,102.49771118164062,97.38591003417969,93.63253021240234
2024-12-28,118.56331634521484,113.95423889160156,108.11453247070312,105.43547058105469,108.14401245117188,114.64512634277344,120.73612976074219,127.02145385742188,126.59571075439453,120.27853393554688,115.94940948486328,112.47511291503906,109.57504272460938,109.78608703613281,109.4696044921875,118.47295379638672,131.35235595703125,144.82516479492188,144.58560180664062,133.028564453125,124.69007873535156,120.0594711303711,113.92644500732422,114.06570434570312
2024-12-29,117.23776245117188,113.10111999511719,105.15571594238281,103.32377624511719,107.84880065917969,113.2644271850586,119.11611938476562,121.55082702636719,125.05058288574219,123.87799072265625,119.31234741210938,115.19902038574219,108.4653091430664,110.92471313476562,113.57894134521484,119.1082534790039,138.47105407714844,144.97549438476562,148.91070556640625,136.9447479248047,124.92680358886719,123.55070495605469,117.07689666748047,117.64012908935547
2024-12-30,93.77899169921875,93.09262084960938,88.5689697265625,87.75755310058594,94.66891479492188,107.35418701171875,130.4076385498047,140.28517150878906,137.52076721191406,130.25994873046875,123.57241821289062,119.88304901123047,117.74769592285156,121.74858093261719,124.51333618164062,128.19259643554688,143.26138305664062,152.08692932128906,150.76979064941406,134.63507080078125,122.83815002441406,118.40828704833984,111.31593322753906,108.50389099121094
2024-12-31,104.1667251586914,101.3285903930664,97.38341522216797,93.44478607177734,101.80902099609375,113.04583740234375,133.46835327148438,138.08859252929688,136.41726684570312,128.71578979492188,121.28680419921875,110.72128295898438,114.35739135742188,112.93215942382812,115.95803833007812,127.82669830322266,139.198974609375,152.6515655517578,151.77474975585938,130.14193725585938,123.84580993652344,115.37550354003906,113.23590087890625,105.40602111816406
2025-01-01,11.820259094238281,10.350135803222656,5.549560546875,3.1917190551757812,9.986557006835938,29.018035888671875,51.02621078491211,67.25106811523438,66.22266387939453,62.47861862182617,59.23291015625,57.305999755859375,51.35497283935547,55.705284118652344,55.95647430419922,60.84280014038086,73.27385711669922,90.17616271972656,93.98934936523438,83.7600326538086,72.5186996459961,73.48468780517578,64.3384780883789,51.79790496826172
2025-01-02,36.72981262207031,31.39963150024414,30.80141830444336,31.244503021240234,35.270912170410156,53.64472579956055,67.65702819824219,71.78973388671875,72.38591003417969,70.09230041503906,66.64910888671875,70.77193450927734,68.64419555664062,67.09452819824219,73.55721282958984,80.11000061035156,89.28787231445312,99.45852661132812,94.08740234375,87.6231689453125,78.5872802734375,74.95628356933594,70.26814270019531,66.61927795410156
2025-01-03,93.12200927734375,90.42032623291016,83.47028350830078,84.7802505493164,92.19538116455078,101.17230987548828,123.63379669189453,139.33416748046875,136.99093627929688,130.65951538085938,125.02891540527344,123.85136413574219,116.93650817871094,124.25564575195312,127.47572326660156,133.05303955078125,148.94956970214844,149.13719177246094,140.70278930664062,128.4088134765625,117.1588134765625,109.75968933105469,101.24574279785156,98.6013412475586
2025-01-04,96.48167419433594,94.24067687988281,89.01074981689453,87.36589813232422,88.98308563232422,92.80929565429688,100.30126953125,111.2099609375,115.07391357421875,112.3666763305664,107.9975814819336,104.93697357177734,98.85095977783203,98.65730285644531,100.68772888183594,105.63772583007812,114.0223388671875,121.360595703125,118.72039794921875,108.37648010253906,101.52066802978516,96.30158996582031,92.96503448486328,90.58795928955078
2025-01-05,89.77114868164062,89.86226654052734,82.00956726074219,78.49449920654297,80.96955108642578,80.96563720703125,84.7939682006836,91.33177947998047,95.4432601928711,94.14588928222656,91.65592956542969,92.48805236816406,84.6044921875,84.66890716552734,84.5853500366211,87.39457702636719,98.81114196777344,110.85083770751953,107.17904663085938,95.07424926757812,86.3481674194336,84.97008514404297,80.34575653076172,75.4364242553711
2025-01-06,9.109283447265625,5.961006164550781,-0.257965087890625,3.2952804565429688,15.280113220214844,47.2451171875,78.07296752929688,98.5676498413086,99.02574157714844,93.89656066894531,88.24543762207031,85.59098815917969,83.80802917480469,80.50873565673828,84.94952392578125,98.094482421875,118.59138488769531,131.08609008789062,126.15904235839844,112.16629028320312,101.62467956542969,102.65018463134766,84.83876037597656,80.9814682006836
2025-01-07,26.31957244873047,25.32509994506836,19.923763275146484,21.829673767089844,30.986900329589844,53.92225646972656,84.55911254882812,92.75077819824219,93.26361846923828,84.9152603149414,81.92034149169922,72.60906982421875,73.72222137451172,78.82791137695312,83.71159362792969,91.5992202758789,106.99198150634766,123.3825454711914,120.97386169433594,105.74718475341797,94.11811065673828,91.78579711914062,79.8221206665039,72.28778839111328
2025-01-08,69.3204116821289,67.05805969238281,60.363365173339844,59.281070709228516,64.36720275878906,77.36116027832031,89.31558990478516,103.78535461425781,100.95038604736328,91.54376220703125,86.03434753417969,78.32683563232422,80.87429809570312,81.64444732666016,90.0967788696289,91.24141693115234,106.05046844482422,115.51407623291016,108.44925689697266,91.67479705810547,82.74705505371094,74.911865234375,69.7696304321289,68.94795989990234
2025-01-09,60.56263732910156,55.324798583984375,54.141090393066406,47.73282241821289,52.349639892578125,67.49395751953125,88.06832885742188,100.72100067138672,108.53562927246094,94.44188690185547,95.31622314453125,93.52019500732422,92.6581802368164,91.65464782714844,96.38876342773438,102.31401824951172,120.36688232421875,122.36212921142578,121.48359680175781,102.13321685791016,94.1915283203125,90.37686157226562,83.86454772949219,82.49705505371094
2025-01-10,76.85731506347656,75.11418151855469,69.3812026977539,69.5656509399414,76.78073120117188,88.92851257324219,102.23189544677734,111.2303695678711,112.18054962158203,109.03935241699219,104.8376693725586,103.05669403076172,97.24317932128906,100.61502838134766,103.5331039428711,103.99393463134766,114.0101089477539,120.88101196289062,118.39664459228516,105.25415802001953,95.75408172607422,91.29730987548828,82.5739974975586,75.11626434326172
2025-01-11,93.40985107421875,94.91552734375,92.82280731201172,87.16459655761719,87.73066711425781,91.73594665527344,103.60311126708984,111.01111602783203,119.109375,119.1914291381836,103.45828247070312,106.6255111694336,113.78465270996094,97.29967498779297,109.11739349365234,117.43956756591797,128.88162231445312,132.14498901367188,136.91665649414062,130.26971435546875,110.01779174804688,111.42599487304688,100.97145080566406,106.69332885742188
2025-01-12,101.73064422607422,100.39238739013672,95.70983123779297,91.25053405761719,94.88262176513672,95.77888488769531,101.95143127441406,104.90510559082031,105.7346420288086,104.21260833740234,99.88288879394531,101.80364990234375,97.52809143066406,93.30231475830078,103.27354431152344,111.08642578125,126.96382904052734,140.87295532226562,142.00965881347656,131.80633544921875,125.46895599365234,124.8030014038086,115.13371276855469,115.9517822265625
2025-01-13,114.55845642089844,113.47859191894531,110.33438110351562,104.32770538330078,105.44207000732422,130.19700622558594,161.67227172851562,185.16964721679688,177.55831909179688,168.47210693359375,154.113525390625,146.4248046875,142.53155517578125,143.74302673339844,139.31736755371094,149.12448120117188,175.1979522705078,184.8485870361328,173.7737274169922,157.36622619628906,138.59494018554688,138.13751220703125,128.41317749023438,122.90460205078125
2025-01-14,111.09489440917969,105.97078704833984,101.71431732177734,99.6800537109375,108.890625,120.54011535644531,139.1588897705078,154.12100219726562,146.0601043701172,135.05775451660156,125.21221160888672,123.7361831665039,121.18698120117188,118.1624755859375,127.71922302246094,130.28204345703125,146.16653442382812,161.0341796875,154.9015350341797,138.06796264648438,127.92948913574219,123.46549987792969,110.94552612304688,105.12015533447266
2025-01-15,117.47917175292969,112.47419738769531,106.55718994140625,106.10405731201172,115.802978515625,128.40292358398438,144.71133422851562,166.2193603515625,153.31346130371094,143.98480224609375,137.66107177734375,124.09793090820312,121.07928466796875,119.39717102050781,127.55049896240234,137.9463348388672,155.4296875,156.22952270507812,153.22134399414062,138.6790313720703,127.86832427978516,122.75313568115234,121.14039611816406,118.24514770507812
2025-01-16,122.50656127929688,117.71726989746094,110.17330169677734,107.20516967773438,118.29228210449219,139.0108184814453,165.77462768554688,187.5912322998047,179.41537475585938,162.54725646972656,151.20521545410156,141.01210021972656,136.56314086914062,141.22021484375,144.0264892578125,158.9542694091797,171.39376831054688,193.92404174804688,190.9383544921875,169.60394287109375,157.69248962402344,146.30267333984375,135.52276611328125,135.14004516601562
2025-01-17,122.78646850585938,122.29145812988281,117.10151672363281,114.2687759399414,123.33935546875,142.982177734375,166.76165771484375,183.65892028808594,179.84304809570312,166.8385772705078,154.9012908935547,149.49197387695312,146.2340545654297,143.2119140625,141.99801635742188,150.8623046875,160.54824829101562,181.1085662841797,181.89173889160156,162.9371337890625,149.2042236328125,141.38546752929688,135.13388061523438,130.52813720703125
2025-01-18,126.47808074951172,122.0416259765625,114.37672424316406,115.17903137207031,116.26200103759766,117.23944854736328,128.5032196044922,141.01596069335938,145.21954345703125,137.05865478515625,126.19674682617188,122.11427307128906,120.63993835449219,119.04127502441406,121.13540649414062,126.7309799194336,147.0830078125,159.87738037109375,157.14865112304688,149.83969116210938,141.8096466064453,134.8309783935547,130.69444274902344,130.96343994140625
2025-01-19,127.02243041992188,124.82282257080078,117.88941955566406,114.58966827392578,119.13983154296875,120.92134857177734,127.43083190917969,134.5119171142578,136.87493896484375,127.01740264892578,121.12330627441406,118.61719512939453,113.75262451171875,108.09892272949219,110.48835754394531,118.89869689941406,133.2442626953125,152.1170196533203,158.93223571777344,140.77041625976562,135.5640869140625,130.6486053466797,127.19866180419922,125.41046905517578
2025-01-20,136.01571655273438,126.52684020996094,124.39546966552734,124.46492767333984,132.85983276367188,150.60252380371094,179.1175079345703,198.80450439453125,181.91323852539062,168.6102294921875,158.18624877929688,151.50076293945312,144.7498779296875,143.56484985351562,144.05760192871094,151.0900115966797,164.28848266601562,184.52316284179688,191.68582153320312,175.24856567382812,155.64096069335938,152.14952087402344,141.89810180664062,137.56930541992188
2025-01-21,119.73445892333984,117.21025085449219,109.67390441894531,117.64552307128906,117.8469009399414,157.23924255371094,186.37850952148438,207.76150512695312,191.71542358398438,172.99252319335938,168.0785675048828,161.01956176757812,157.44178771972656,154.48562622070312,159.839111328125,157.53067016601562,188.69155883789062,205.07916259765625,199.35726928710938,167.9844970703125,150.35272216796875,148.63609313964844,134.19363403320312,132.75289916992188
2025-01-22,115.67326354980469,113.1961669921875,109.70769500732422,105.46989440917969,118.08018493652344,131.0888671875,172.08828735351562,190.29248046875,185.0139923095703,170.62515258789062,162.48455810546875,156.58544921875,147.3586883544922,151.49844360351562,147.87741088867188,149.8885498046875,168.2602996826172,181.25025939941406,170.12998962402344,147.21713256835938,124.4195556640625,117.91275024414062,105.78876495361328,96.597412109375
2025-01-23,110.3800048828125,111.5921859741211,101.32334899902344,102.16474914550781,107.49928283691406,126.90023803710938,150.71949768066406,167.2259979248047,168.6090545654297,158.44256591796875,148.36878967285156,143.89747619628906,135.83316040039062,139.57200622558594,141.01490783691406,147.10116577148438,164.48715209960938,178.29034423828125,168.30374145507812,159.14930725097656,144.5260009765625,137.72463989257812,128.9423370361328,119.3640365600586
2025-01-24,64.82669067382812,65.83429718017578,61.89706039428711,61.18548583984375,65.65476989746094,81.81609344482422,102.07039642333984,112.47474670410156,116.63200378417969,110.90199279785156,108.48599243164062,98.26280975341797,91.68023681640625,91.9832534790039,96.6065673828125,98.9156723022461,107.22772979736328,119.16690063476562,110.0673599243164,101.4716567993164,95.02520751953125,91.67439270019531,83.96823120117188,78.1630630493164
2025-01-25,52.93334197998047,51.295433044433594,42.50783920288086,39.16823959350586,37.608619689941406,50.19110870361328,60.2071647644043,73.113037109375,80.8617172241211,74.89850616455078,72.63426208496094,68.14403533935547,64.98698425292969,65.2779312133789,70.31541442871094,75.81623840332031,92.33522033691406,98.1456527709961,102.01750946044922,90.54501342773438,79.68260192871094,79.49740600585938,72.8299560546875,61.17485809326172
2025-01-26,49.5304069519043,43.11775588989258,38.77941131591797,38.56154251098633,45.815940856933594,44.34858703613281,58.538021087646484,66.84136962890625,75.19514465332031,73.42425537109375,69.42236328125,63.94497299194336,58.6020393371582,62.48844528198242,64.52278137207031,74.5019302368164,85.64483642578125,101.9380111694336,101.2420425415039,87.3118896484375,83.94984436035156,76.97715759277344,76.20085906982422,62.198509216308594
2025-01-27,21.735572814941406,17.437454223632812,15.481914520263672,14.111801147460938,19.228416442871094,34.746826171875,69.26771545410156,81.66464233398438,71.42694854736328,62.49107360839844,61.1003303527832,56.62678146362305,47.50102233886719,53.73232650756836,55.979957580566406,55.2775764465332,74.479248046875,85.48237609863281,96.09820556640625,89.989013671875,79.10875701904297,78.63996887207031,60.85232162475586,48.097564697265625
2025-01-28,16.031272888183594,15.976371765136719,9.337799072265625,7.029640197753906,10.548912048339844,28.990074157714844,43.523582458496094,47.54521560668945,44.42013931274414,47.038936614990234,37.99821853637695,32.5274658203125,36.09510040283203,34.198997497558594,42.64211654663086,45.922325134277344,52.97786331176758,57.81397247314453,64.47354125976562,54.225013732910156,48.00091552734375,38.14653015136719,37.55803680419922,34.75635528564453
2025-01-29,21.75255584716797,19.560028076171875,16.51551055908203,11.886947631835938,13.791145324707031,25.334510803222656,41.9698486328125,54.611576080322266,55.4461555480957,45.65808868408203,39.57185745239258,40.46739959716797,37.681636810302734,38.015281677246094,43.26720428466797,39.70201873779297,56.2953987121582,62.07463836669922,62.719520568847656,47.802040100097656,45.046058654785156,45.29909896850586,36.98500442504883,29.16936492919922
2025-01-30,61.38132095336914,58.613433837890625,54.76048278808594,48.06072998046875,56.61798095703125,71.60535430908203,81.38774871826172,103.4659652709961,102.08375549316406,98.2374496459961,84.6358413696289,87.57927703857422,80.29195404052734,87.43378448486328,87.5523452758789,98.09963989257812,111.19075775146484,120.43424987792969,112.61121368408203,93.38359069824219,91.53284454345703,80.62855529785156,72.12815856933594,72.86275482177734
2025-01-31,100.35283660888672,101.0343017578125,98.8601303100586,93.43317413330078,99.44893646240234,113.41397094726562,125.59012603759766,137.417724609375,136.87550354003906,123.83599853515625,113.39845275878906,114.66338348388672,103.26791381835938,103.51873779296875,105.20366668701172,108.70948791503906,122.45664978027344,128.033447265625,135.7586669921875,127.25714874267578,112.92913055419922,111.65374755859375,99.64190673828125,102.66336822509766
2025-02-01,125.81816101074219,120.66902923583984,112.28279113769531,110.82705688476562,112.84883880615234,117.64995574951172,127.15764617919922,138.93035888671875,140.95274353027344,134.1153564453125,126.18049621582031,121.95431518554688,115.402587890625,112.53917694091797,114.80642700195312,126.54942321777344,140.4431915283203,154.4507598876953,152.70896911621094,147.1282958984375,136.18789672851562,129.1557159423828,120.8242416381836,122.27074432373047
2025-02-02,127.68962097167969,124.23416137695312,113.162353515625,111.7334976196289,113.44622802734375,115.21391296386719,120.68356323242188,128.3571014404297,126.43494415283203,116.44520568847656,110.27911376953125,108.07405090332031,101.61634063720703,100.37139892578125,99.78275299072266,109.69808959960938,130.63754272460938,147.82452392578125,155.07269287109375,144.47406005859375,133.14535522460938,130.49888610839844,120.1033935546875,119.65892028808594
2025-02-03,121.64414978027344,119.0458755493164,115.41567993164062,113.33685302734375,123.3001708984375,142.59600830078125,166.33348083496094,181.6645050048828,176.09326171875,160.17300415039062,146.44943237304688,144.01727294921875,138.1226806640625,137.91941833496094,142.3300018310547,143.07818603515625,159.48924255371094,177.81272888183594,178.76303100585938,159.60159301757812,147.61795043945312,140.5547637939453,134.3516387939453,133.654052734375
2025-02-04,136.14874267578125,132.56643676757812,129.1046142578125,129.85433959960938,139.7096710205078,163.77479553222656,189.41229248046875,204.07781982421875,182.68165588378906,163.32257080078125,147.44924926757812,137.18338012695312,139.42617797851562,135.37835693359375,138.0992889404297,146.0052032470703,170.73963928222656,198.29856872558594,204.8123779296875,180.6386260986328,164.0063934326172,153.35781860351562,151.77603149414062,149.47109985351562
2025-02-05,133.27647399902344,128.26791381835938,124.14823913574219,121.37041473388672,129.40745544433594,142.50823974609375,166.0634307861328,174.6422119140625,167.25460815429688,151.5015411376953,139.95115661621094,138.90953063964844,130.45150756835938,131.47933959960938,128.787353515625,131.69415283203125,148.83233642578125,165.11241149902344,177.39210510253906,162.08995056152344,147.74899291992188,142.09658813476562,137.03671264648438,130.43885803222656
2025-02-06,135.44122314453125,133.07571411132812,128.21156311035156,127.29574584960938,130.4254150390625,153.55615234375,177.13162231445312,195.99526977539062,186.4119873046875,164.56610107421875,154.794921875,149.66848754882812,140.39080810546875,140.8957061767578,139.76834106445312,147.0390625,168.43450927734375,191.5983428955078,194.11199951171875,175.437255859375,164.06494140625,155.85777282714844,148.11622619628906,143.7086181640625
2025-02-07,120.62227630615234,117.033203125,109.30560302734375,107.0970458984375,113.45142364501953,127.16788482666016,144.96347045898438,161.11666870117188,148.4110107421875,139.31326293945312,129.76145935058594,125.19757080078125,119.21192932128906,122.39141845703125,118.49656677246094,123.19168090820312,133.5948944091797,145.9365997314453,153.05210876464844,139.12608337402344,126.51524353027344,117.06442260742188,113.99436950683594,107.83625793457031
2025-02-08,102.63043975830078,98.70816040039062,92.76625061035156,90.60678100585938,96.77013397216797,100.21421813964844,110.1039047241211,117.35067749023438,117.45132446289062,111.62178039550781,107.10435485839844,103.58121490478516,100.81463623046875,97.63552856445312,100.88111114501953,107.04790496826172,119.8834457397461,134.77464294433594,138.55123901367188,125.04883575439453,115.81925964355469,115.49052429199219,107.68736267089844,102.00586700439453
2025-02-09,122.68121337890625,121.94519805908203,113.19884490966797,110.01264190673828,111.1903076171875,114.11650848388672,127.1939697265625,128.947509765625,127.06423950195312,123.25850677490234,120.50065612792969,119.65074920654297,105.44609069824219,108.93195343017578,106.22053527832031,117.42717742919922,137.37815856933594,160.7557373046875,161.6875457763672,148.14407348632812,135.1324920654297,132.09185791015625,125.32290649414062,124.31938171386719
2025-02-10,109.38600158691406,106.97705841064453,105.08851623535156,102.30393981933594,116.0254135131836,133.0531768798828,155.766845703125,173.4979705810547,161.25364685058594,146.27890014648438,140.34361267089844,137.38998413085938,128.7272491455078,130.2344207763672,131.23162841796875,137.37591552734375,155.54180908203125,178.24307250976562,174.0615692138672,157.4246063232422,139.23580932617188,136.97119140625,129.02862548828125,125.69830322265625
2025-02-11,105.98792266845703,99.90544128417969,95.616455078125,98.77232360839844,104.37625885009766,121.40863037109375,155.4759063720703,167.21417236328125,164.2191619873047,160.84971618652344,144.727783203125,143.41676330566406,134.9087371826172,136.203369140625,143.3191680908203,144.4735870361328,161.52310180664062,174.42697143554688,173.10369873046875,157.9791717529297,141.06494140625,136.40565490722656,131.52410888671875,123.8208999633789
2025-02-12,124.37347412109375,119.1976318359375,114.8923568725586,113.41825866699219,118.25982666015625,132.3642120361328,154.6612091064453,169.72335815429688,163.68045043945312,150.638671875,142.4840087890625,136.09988403320312,127.08616638183594,127.22320556640625,126.09072875976562,131.9381103515625,149.7515869140625,166.58563232421875,168.7641143798828,154.36012268066406,142.49252319335938,140.78561401367188,129.59117126464844,127.73780822753906
2025-02-13,127.63229370117188,125.67903137207031,118.80207824707031,114.44204711914062,120.27609252929688,141.82363891601562,159.91921997070312,170.74131774902344,164.8818817138672,155.41246032714844,143.7527313232422,141.26336669921875,133.10752868652344,134.10923767089844,130.21934509277344,138.44537353515625,160.8682403564453,173.7869873046875,180.643310546875,167.1405487060547,152.54885864257812,150.63409423828125,141.1474609375,136.8529052734375
2025-02-14,127.07430267333984,123.31892395019531,118.2887191772461,118.04749298095703,123.59222412109375,142.70654296875,162.48284912109375,176.52639770507812,162.56069946289062,157.70094299316406,146.50189208984375,141.42681884765625,137.26272583007812,131.65310668945312,133.56228637695312,142.92916870117188,166.8812713623047,185.83685302734375,185.79122924804688,169.15036010742188,151.81900024414062,152.10020446777344,144.13626098632812,138.6650848388672
2025-02-15,124.84637451171875,120.47850036621094,112.65187072753906,109.57435607910156,110.98721313476562,118.71546936035156,129.26651000976562,137.9869384765625,137.5831298828125,134.47454833984375,129.75743103027344,124.90673828125,115.59002685546875,111.51741790771484,110.40292358398438,119.30679321289062,138.7181396484375,156.9014434814453,161.09478759765625,147.7187957763672,136.544921875,135.50787353515625,124.14875793457031,118.32290649414062
2025-02-16,119.73600006103516,115.6517105102539,106.60772705078125,104.16484069824219,108.43896484375,111.73374938964844,118.53353881835938,116.3110580444336,119.45730590820312,115.64826965332031,114.98078918457031,109.96781921386719,102.54521942138672,98.79855346679688,99.14847564697266,111.30064392089844,130.2465057373047,153.22125244140625,157.39984130859375,142.58074951171875,130.38710021972656,128.33804321289062,120.53890228271484,120.49971771240234
2025-02-17,127.13215637207031,122.466064453125,117.60672760009766,121.882080078125,128.74148559570312,149.2229461669922,171.91607666015625,186.16261291503906,171.3518524169922,151.80052185058594,140.51539611816406,138.53265380859375,131.40176391601562,126.15695190429688,125.98860168457031,137.58535766601562,152.66612243652344,176.95654296875,186.22216796875,174.90240478515625,162.66160583496094,155.59445190429688,140.49073791503906,137.3960723876953
2025-02-18,123.785400390625,121.9520034790039,116.85638427734375,112.17427062988281,124.88331604003906,143.68003845214844,168.72845458984375,179.90074157714844,165.17263793945312,145.0478057861328,136.91836547851562,131.3560028076172,121.91387939453125,121.81547546386719,127.71231079101562,136.88983154296875,155.05203247070312,179.65966796875,186.24537658691406,161.16397094726562,142.13021850585938,140.06356811523438,128.7367706298828,129.82408142089844
2025-02-19,104.11717987060547,97.82609558105469,92.09192657470703,92.85818481445312,103.52104949951172,121.81079864501953,139.75180053710938,149.28311157226562,135.95034790039062,130.00137329101562,124.04405212402344,117.6156997680664,114.05885314941406,115.36129760742188,116.82888793945312,123.83665466308594,140.8072967529297,160.94281005859375,162.14401245117188,143.728515625,127.05416870117188,122.2105484008789,116.35995483398438,106.85841369628906
2025-02-20,85.81188201904297,83.97176361083984,77.85325622558594,78.36412811279297,88.68074035644531,106.43312072753906,126.04589080810547,129.26133728027344,122.83772277832031,109.5809326171875,102.00860595703125,101.89772033691406,96.33734130859375,97.22718048095703,99.4292221069336,100.72566986083984,115.84086608886719,132.84921264648438,140.84239196777344,127.49510192871094,110.57404327392578,110.18489837646484,101.65975189208984,95.0111083984375
2025-02-21,66.00639343261719,62.884525299072266,57.36125183105469,56.5160026550293,64.34384155273438,81.70494079589844,101.08914184570312,107.25167846679688,101.19283294677734,92.99224853515625,84.28309631347656,80.73490905761719,77.87967681884766,78.36946105957031,79.56961822509766,85.24429321289062,100.08021545410156,115.25724792480469,119.70353698730469,108.09780883789062,97.68943786621094,92.58414459228516,87.22879791259766,79.60696411132812
2025-02-22,51.494224548339844,46.81135177612305,42.19606018066406,42.294158935546875,41.92226791381836,45.19834518432617,53.756553649902344,58.38829040527344,59.49540328979492,53.3670654296875,47.93208694458008,48.903038024902344,40.447086334228516,41.9954833984375,46.93438720703125,54.42132568359375,72.24259948730469,84.71564483642578,88.60418701171875,83.73149108886719,70.59954833984375,70.25868225097656,64.31477355957031,58.767879486083984
2025-02-23,88.67670440673828,85.36773681640625,79.59495544433594,77.8591079711914,78.70767211914062,80.46759033203125,83.62075805664062,84.17195129394531,82.99536895751953,74.29114532470703,68.34539794921875,64.59911346435547,62.26360321044922,62.83454513549805,68.57766723632812,75.2349853515625,91.85455322265625,103.52018737792969,107.84648895263672,101.73899841308594,91.10028076171875,87.39195251464844,85.40968322753906,81.84049987792969
2025-02-24,33.834007263183594,33.12333679199219,30.94742202758789,31.566478729248047,38.17356491088867,54.12421798706055,70.81455993652344,73.47430419921875,63.797000885009766,58.380760192871094,54.56425094604492,50.10627746582031,46.676551818847656,46.63975143432617,50.19355773925781,57.24844741821289,79.1014175415039,104.17745971679688,114.39664459228516,101.41409301757812,92.45201873779297,85.07470703125,73.71769714355469,68.16055297851562
2025-02-25,91.60192108154297,87.33977508544922,82.07725524902344,80.14923095703125,85.49470520019531,96.32809448242188,112.2838134765625,121.98050689697266,117.80673217773438,108.04658508300781,99.86611938476562,98.70396423339844,90.35657501220703,92.79098510742188,94.77900695800781,99.62881469726562,114.58246612548828,132.9676513671875,136.67945861816406,121.2755355834961,108.10003662109375,102.42726135253906,95.44720458984375,90.54634857177734
2025-02-26,97.12036895751953,92.0376968383789,86.56492614746094,89.16172790527344,98.34368133544922,106.8034896850586,118.93509674072266,127.79449462890625,119.54817199707031,107.89190673828125,101.6673812866211,98.42868041992188,88.75696563720703,86.560546875,87.08975982666016,95.55680084228516,110.29112243652344,132.89523315429688,144.25021362304688,132.84112548828125,117.91336822509766,114.34939575195312,107.12998962402344,100.05245971679688
2025-02-27,98.37379455566406,95.47598266601562,92.49549102783203,90.96829986572266,99.91024780273438,113.44066619873047,127.20543670654297,132.97897338867188,124.68431854248047,113.78510284423828,107.5514907836914,101.3066635131836,95.0726318359375,95.18602752685547,95.77404022216797,100.728515625,114.02271270751953,134.89691162109375,145.17453002929688,132.17210388183594,122.48694610595703,120.12669372558594,111.5781478881836,107.98439025878906
2025-02-28,110.79817199707031,106.21395874023438,102.06685638427734,104.57286071777344,113.08749389648438,126.0309066772461,139.72471618652344,139.395751953125,130.85275268554688,118.77230072021484,110.5541763305664,107.72994232177734,101.28042602539062,99.02583312988281,94.2676010131836,104.99810791015625,122.3919906616211,141.07919311523438,151.89663696289062,135.0121612548828,128.73690795898438,124.12789154052734,113.6639175415039,116.63804626464844
2025-03-01,109.26921081542969,107.69747924804688,101.4777603149414,98.22637176513672,103.90888977050781,107.01940155029297,114.98629760742188,115.18821716308594,108.79533386230469,103.77195739746094,98.87079620361328,94.41010284423828,90.42569732666016,87.38365173339844,87.22221374511719,94.25592803955078,108.84808349609375,123.75509643554688,132.49652099609375,122.59271240234375,112.0750961303711,111.35128784179688,108.51631927490234,107.69026947021484
2025-03-02,109.1825180053711,108.00023651123047,98.08706665039062,95.37420654296875,96.76290893554688,102.98908233642578,106.3802490234375,106.17349243164062,96.9454574584961,86.69307708740234,85.39695739746094,78.79462432861328,69.86283874511719,64.90011596679688,71.2296371459961,82.19303894042969,99.49101257324219,121.12165069580078,135.00625610351562,121.50531768798828,113.93426513671875,111.98961639404297,107.91478729248047,107.41307830810547
2025-03-03,109.99909973144531,104.88278198242188,102.49256896972656,104.1123046875,108.82020568847656,125.01490783691406,140.98899841308594,142.7284393310547,129.38272094726562,109.48798370361328,101.13290405273438,99.3186264038086,93.114990234375,89.54208374023438,92.92868041992188,103.00487518310547,117.21392059326172,136.88302612304688,153.41549682617188,138.02468872070312,127.30131530761719,121.3656005859375,114.41403198242188,109.24341583251953
2025-03-04,110.90965270996094,108.08383178710938,99.77392578125,103.64547729492188,112.05471801757812,135.5945281982422,147.9507293701172,151.0437774658203,129.58766174316406,114.23052978515625,104.43480682373047,97.94236755371094,94.89845275878906,89.16238403320312,94.14424896240234,100.83786010742188,118.93706512451172,145.96786499023438,159.1179962158203,141.99685668945312,123.90493774414062,121.27894592285156,114.47813415527344,114.06700897216797
2025-03-05,89.28839111328125,84.62382507324219,79.81874084472656,80.41394805908203,86.09904479980469,106.01435089111328,126.61018371582031,127.34629821777344,108.86944580078125,92.19596862792969,82.17471313476562,75.17705535888672,67.53726959228516,63.53062438964844,69.8841552734375,75.46196746826172,96.47383117675781,123.84115600585938,140.2024383544922,120.8728256225586,111.08699798583984,107.3636703491211,99.38876342773438,92.06041717529297
2025-03-06,81.0721206665039,77.61608123779297,73.81147003173828,74.50281524658203,81.97126770019531,101.18047332763672,116.766357421875,114.86044311523438,96.97135925292969,84.68498229980469,75.11515808105469,71.1171875,65.13829803466797,62.50934600830078,66.830810546875,73.97793579101562,92.61774444580078,115.76573181152344,129.90545654296875,114.45834350585938,100.17284393310547,99.59635162353516,90.33334350585938,82.13351440429688
2025-03-07,68.48209381103516,63.789939880371094,57.516143798828125,54.65331268310547,59.31440734863281,74.45479583740234,87.9658432006836,80.52603149414062,65.78841400146484,46.11826705932617,38.296024322509766,35.61849594116211,30.502410888671875,27.45687484741211,35.4246826171875,47.03083038330078,67.35102844238281,90.42585754394531,109.20487976074219,94.8426284790039,81.07024383544922,81.586669921875,76.37763214111328,66.31671142578125
2025-03-08,68.8844223022461,64.10723114013672,57.00865173339844,54.24638748168945,57.15320587158203,63.81007385253906,71.60639953613281,62.61071014404297,52.0461311340332,33.608219146728516,27.41650390625,26.157100677490234,13.937629699707031,13.334465026855469,22.455230712890625,35.80579376220703,53.27759552001953,74.96635437011719,97.90278625488281,88.6561279296875,72.37240600585938,73.71109008789062,68.94114685058594,63.701690673828125
2025-03-09,33.267120361328125,31.465999603271484,24.122310638427734,20.090103149414062,22.677322387695312,25.49835205078125,26.411109924316406,22.862747192382812,15.891822814941406,0.6014251708984375,0.06081390380859375,-1.5621871948242188,-13.332496643066406,-15.138420104980469,-6.5202484130859375,4.086250305175781,32.966796875,53.41436767578125,74.2164306640625,68.90259552001953,55.01773452758789,56.45015335083008,47.927520751953125,43.98027420043945
2025-03-10,76.09811401367188,70.85661315917969,66.81632232666016,69.23294067382812,74.6445541381836,87.39115905761719,106.80474853515625,110.5295639038086,90.76990509033203,71.21824645996094,67.43475341796875,64.21246337890625,54.8038330078125,55.55581283569336,61.17524719238281,72.90555572509766,92.07563781738281,114.54568481445312,131.88172912597656,118.85054016113281,104.72846221923828,97.38212585449219,93.00973510742188,89.15162658691406
2025-03-11,80.8944320678711,76.22462463378906,71.91905975341797,70.95156860351562,73.79258728027344,85.08015441894531,100.67891693115234,105.80467987060547,92.35163116455078,76.56330871582031,72.82234191894531,70.04856872558594,66.45042419433594,60.480445861816406,62.89556884765625,74.34376525878906,87.49781799316406,108.30974578857422,117.1980972290039,107.7028579711914,96.94828033447266,94.08599853515625,84.38056945800781,80.49744415283203
2025-03-12,96.18207550048828,93.19097900390625,87.73995208740234,88.51496124267578,97.17223358154297,110.86195373535156,126.02318572998047,130.634521484375,111.40391540527344,98.67958068847656,91.63338470458984,86.36917114257812,81.14715576171875,79.89563751220703,81.27882385253906,89.48506164550781,106.77791595458984,133.59597778320312,149.7476043701172,131.0631103515625,119.3247299194336,113.12525177001953,107.03385925292969,104.95379638671875
2025-03-13,104.00827026367188,102.03704071044922,98.38304138183594,97.13987731933594,106.50442504882812,122.0887680053711,136.36851501464844,141.86920166015625,132.38644409179688,120.39581298828125,109.36138916015625,102.6597900390625,99.19297790527344,98.34451293945312,101.42955017089844,108.10247802734375,116.66100311279297,137.14935302734375,148.4269561767578,133.32247924804688,120.7812728881836,119.39273834228516,115.23278045654297,110.86270141601562
2025-03-14,109.89948272705078,106.68312072753906,102.77291107177734,100.63839721679688,108.25712585449219,126.60125732421875,136.7129669189453,140.59518432617188,131.41201782226562,118.40135192871094,111.4927749633789,105.00514221191406,101.55387878417969,101.74659729003906,105.28435516357422,106.55758666992188,121.20928955078125,136.96957397460938,148.89779663085938,134.74758911132812,121.6671371459961,119.31321716308594,114.32073974609375,113.07411193847656
2025-03-15,104.08756256103516,101.19268798828125,98.1754150390625,96.59648132324219,95.7220687866211,99.16453552246094,107.35111236572266,110.29301452636719,100.18434143066406,92.07854461669922,88.55936431884766,84.28837585449219,77.41802215576172,72.68080139160156,74.87783813476562,84.3250732421875,98.43524169921875,120.11637878417969,130.33724975585938,116.54193878173828,110.04165649414062,108.17081451416016,104.979736328125,101.90247344970703
2025-03-16,83.04690551757812,80.10917663574219,73.0575180053711,69.20972442626953,69.42066192626953,67.3612289428711,76.48184204101562,78.23654174804688,72.85369873046875,68.72173309326172,64.68199157714844,63.886329650878906,59.47031784057617,57.30754089355469,60.13842010498047,67.93716430664062,86.02764892578125,108.37174224853516,120.17322540283203,109.40325927734375,98.22244262695312,101.53955078125,92.51622772216797,89.22172546386719
2025-03-17,95.07599639892578,91.20765686035156,86.79154968261719,89.54475402832031,101.74729919433594,128.07342529296875,149.30889892578125,141.74490356445312,121.41995239257812,102.85979461669922,92.72643280029297,87.77650451660156,81.77099609375,81.15460968017578,87.69944763183594,100.24307250976562,118.63006591796875,142.7080535888672,162.33740234375,139.9440460205078,122.01911926269531,113.65986633300781,108.55184936523438,100.84039306640625
2025-03-18,85.36310577392578,83.47029113769531,78.65127563476562,77.488037109375,86.26248931884766,106.4583511352539,121.12345123291016,121.6695327758789,91.97895050048828,73.65083312988281,57.84748840332031,50.726436614990234,46.74778366088867,48.696372985839844,52.253265380859375,59.50448989868164,75.80543518066406,105.1436767578125,128.23951721191406,110.89608764648438,95.12692260742188,93.84320831298828,86.20360565185547,82.06244659423828
2025-03-19,75.77641296386719,71.88762664794922,67.46099090576172,69.20479583740234,76.77611541748047,90.1248779296875,107.40980529785156,100.60706329345703,72.94049072265625,51.06793975830078,42.21099853515625,35.1474494934082,29.842811584472656,24.860427856445312,33.36537551879883,46.243255615234375,72.106689453125,101.87760925292969,128.4396514892578,110.36541748046875,95.13872528076172,89.21635437011719,79.03861999511719,72.47720336914062
2025-03-20,61.244468688964844,56.81554412841797,53.027137756347656,52.07774353027344,56.06023406982422,69.38468933105469,90.41063690185547,84.83660125732422,59.27351760864258,34.866539001464844,24.148696899414062,16.940383911132812,11.571807861328125,10.327194213867188,21.32642364501953,33.473052978515625,60.089111328125,89.75315856933594,120.7001953125,96.42509460449219,78.83740234375,77.13587951660156,70.78026580810547,65.76128387451172
2025-03-21,30.400463104248047,26.43756866455078,22.246910095214844,21.86444091796875,27.692031860351562,41.303077697753906,56.16508102416992,48.65496063232422,30.14673614501953,6.5913543701171875,-6.800315856933594,-12.19488525390625,-13.475776672363281,-12.734275817871094,0.23850250244140625,14.415321350097656,35.04144287109375,58.632545471191406,83.3741455078125,68.93742370605469,54.313438415527344,50.28710174560547,44.345699310302734,40.91908645629883
2025-03-22,24.674560546875,22.638992309570312,17.296772003173828,14.502456665039062,13.317710876464844,15.978713989257812,17.542579650878906,15.876205444335938,14.483993530273438,6.079261779785156,-2.5735015869140625,1.4408798217773438,-3.7727127075195312,-4.1199951171875,4.236488342285156,11.850448608398438,25.244163513183594,45.27313995361328,64.42308044433594,63.27610397338867,49.948768615722656,50.387733459472656,46.67977523803711,35.5811653137207
2025-03-23,30.475830078125,28.678512573242188,27.362964630126953,25.468250274658203,29.352649688720703,31.07349395751953,38.46839904785156,41.661407470703125,37.49542236328125,29.31848907470703,26.034408569335938,23.738365173339844,20.86724853515625,21.89405059814453,34.43059539794922,42.09857177734375,61.166954040527344,80.52449798583984,88.89813232421875,76.68333435058594,64.88809204101562,64.59121704101562,61.48998260498047,54.4219856262207
2025-03-24,87.9677963256836,83.51461791992188,80.27471923828125,75.40320587158203,81.95553588867188,93.41166687011719,112.64361572265625,111.7696533203125,94.78350830078125,87.00834655761719,78.24358367919922,77.86265563964844,66.51212310791016,72.03306579589844,78.78213500976562,87.33142852783203,99.46217346191406,112.74271392822266,139.5164031982422,124.82144165039062,106.1140365600586,97.14872741699219,90.61945343017578,90.26176452636719
2025-03-25,87.42816162109375,85.54011535644531,76.86517333984375,73.46190643310547,73.79841613769531,96.84146118164062,123.6397705078125,119.78073120117188,99.2578353881836,82.59445190429688,75.19364929199219,68.52495574951172,66.0459213256836,57.29759216308594,62.995025634765625,71.6209487915039,90.92910766601562,110.52703857421875,140.900146484375,125.49484252929688,101.30970001220703,98.94987487792969,89.14044952392578,84.50223541259766
2025-03-26,91.04166412353516,88.97604370117188,82.88261413574219,81.74759674072266,92.05284881591797,107.88722229003906,122.03288269042969,117.0781478881836,96.6960678100586,81.54402923583984,71.92879486083984,66.25457763671875,63.95166778564453,61.54631805419922,65.35597229003906,74.88541412353516,93.94703674316406,123.46156311035156,149.29592895507812,133.3393096923828,114.7728500366211,107.56978607177734,101.50891876220703,97.17444610595703
2025-03-27,93.04331970214844,91.8199234008789,84.86895751953125,83.95913696289062,91.945068359375,107.1965103149414,119.65785217285156,115.62992858886719,101.69061279296875,85.47831726074219,77.40534210205078,78.89336395263672,73.17581176757812,70.83883666992188,70.63847351074219,79.23443603515625,96.709716796875,116.88359069824219,140.35195922851562,126.45465087890625,110.60204315185547,101.3964614868164,96.71633911132812,96.07200622558594
2025-03-28,70.47767639160156,68.50398254394531,64.96134185791016,63.73232650756836,70.87472534179688,85.55067443847656,98.71734619140625,92.22919464111328,75.09500885009766,53.11819076538086,49.721126556396484,41.66197967529297,41.72686004638672,35.703792572021484,46.93678283691406,60.185882568359375,80.99745178222656,105.56437683105469,128.30926513671875,109.19898986816406,90.51921844482422,92.4612045288086,80.31089782714844,80.02796173095703
2025-03-29,29.595542907714844,24.838756561279297,19.83639144897461,19.058406829833984,23.352432250976562,34.40379333496094,46.465553283691406,43.123809814453125,29.74982452392578,13.485679626464844,5.018638610839844,5.741912841796875,1.7479782104492188,0.816314697265625,9.684547424316406,24.51136016845703,49.245697021484375,76.3331298828125,99.3304672241211,86.3947525024414,72.04106903076172,67.70976257324219,59.918212890625,56.613365173339844
2025-03-30,39.83540725708008,33.14102554321289,29.733963012695312,30.065425872802734,36.169342041015625,38.20806121826172,38.093048095703125,30.744415283203125,21.179168701171875,16.206504821777344,15.115814208984375,11.904998779296875,6.233726501464844,4.507606506347656,9.027175903320312,18.29961395263672,38.03162384033203,54.78040313720703,74.26774597167969,66.27069091796875,59.22013854980469,57.31826400756836,52.95992660522461,46.272640228271484
2025-03-31,47.14065170288086,44.182857513427734,41.23484420776367,45.806522369384766,62.157257080078125,79.1491470336914,88.72901916503906,73.83601379394531,49.87491226196289,37.52091979980469,31.111461639404297,27.182552337646484,21.979854583740234,17.827438354492188,25.768470764160156,27.29633331298828,45.82666015625,67.81756591796875,77.77186584472656,71.33914184570312,62.632347106933594,56.099220275878906,46.83511734008789,36.416290283203125
2025-04-01,62.830169677734375,59.71630096435547,58.953636169433594,64.9755630493164,80.04696655273438,98.3142318725586,103.14944458007812,84.28167724609375,57.03035354614258,39.31597900390625,29.373153686523438,23.43189239501953,16.943954467773438,14.4228515625,19.777427673339844,28.116180419921875,49.9814453125,74.88883972167969,97.9275131225586,89.02493286132812,75.16995239257812,69.65754699707031,64.05801391601562,56.24030303955078
2025-04-02,21.838851928710938,23.39816665649414,23.044963836669922,24.00804901123047,35.089385986328125,59.00102615356445,73.31378173828125,60.316280364990234,39.40950012207031,22.022438049316406,14.5621337890625,12.225914001464844,11.224868774414062,6.846839904785156,17.673858642578125,23.751380920410156,41.82940673828125,63.93731689453125,88.37062072753906,78.87873840332031,65.31495666503906,61.086097717285156,46.9544677734375,40.602596282958984
2025-04-03,16.697280883789062,15.105575561523438,10.948394775390625,16.232589721679688,21.457130432128906,43.657474517822266,56.13554000854492,46.202720642089844,24.26813507080078,3.7047271728515625,0.8741836547851562,-2.881134033203125,-6.584266662597656,-7.828254699707031,-5.037971496582031,-1.2818984985351562,16.082557678222656,41.85337829589844,70.30455017089844,51.302833557128906,44.94184112548828,41.227508544921875,34.9364013671875,26.717758178710938
2025-04-04,40.94619369506836,36.624324798583984,28.80156707763672,35.95892333984375,51.09964370727539,60.406898498535156,71.02153015136719,61.327919006347656,36.464500427246094,17.69373321533203,9.180862426757812,5.691459655761719,4.6778717041015625,2.2859115600585938,8.458572387695312,17.444114685058594,47.152618408203125,66.66559600830078,84.39869689941406,71.748779296875,66.5842056274414,57.95682144165039,53.16206359863281,43.15013122558594
2025-04-05,46.352386474609375,42.630096435546875,38.413673400878906,38.92523193359375,43.561058044433594,46.4139404296875,51.887916564941406,35.72722625732422,26.865646362304688,11.1328125,5.6927337646484375,1.0850753784179688,-4.778846740722656,0.6005020141601562,5.654594421386719,13.829353332519531,29.07543182373047,45.569671630859375,66.39974212646484,64.26451110839844,59.085079193115234,54.78335189819336,49.28858184814453,37.5611572265625
2025-04-06,35.747833251953125,33.152400970458984,28.853694915771484,31.570507049560547,34.453338623046875,37.03319549560547,31.60179901123047,21.108657836914062,7.1673583984375,0.2812042236328125,-5.044273376464844,-12.786041259765625,-20.60472869873047,-13.340766906738281,-2.6168212890625,11.238632202148438,29.042129516601562,48.471702575683594,61.989891052246094,64.60540771484375,60.05953598022461,51.4160041809082,47.94445037841797,41.065704345703125
2025-04-07,45.21726608276367,40.8752326965332,40.45677947998047,44.33277130126953,65.48271179199219,89.59796142578125,100.89759826660156,75.1924057006836,40.85004806518555,19.849327087402344,9.847419738769531,7.724189758300781,0.7324371337890625,0.46221923828125,12.728591918945312,24.63507843017578,45.41352844238281,75.9637451171875,91.7710952758789,84.49594116210938,71.98536682128906,69.2793197631836,54.80127716064453,46.6842041015625
2025-04-08,76.61026000976562,71.14799499511719,70.16114807128906,79.0977783203125,100.00810241699219,126.76217651367188,126.14799499511719,90.76643371582031,63.22328567504883,47.03569030761719,39.98206329345703,30.84032440185547,25.990921020507812,23.00286102294922,32.386112213134766,49.076515197753906,68.15714263916016,96.05493927001953,112.51139068603516,106.6895751953125,97.96260833740234,86.8797607421875,80.20550537109375,70.0211181640625
2025-04-09,36.859928131103516,33.00154495239258,29.30193328857422,29.364086151123047,45.18590545654297,74.97085571289062,89.46268463134766,65.79541015625,36.37775421142578,18.30071258544922,8.568061828613281,-1.9308547973632812,-3.9725189208984375,-1.5612716674804688,4.24139404296875,20.9635009765625,41.836036682128906,73.94390869140625,91.62755584716797,82.89035034179688,70.33755493164062,61.62032699584961,57.978450775146484,43.961029052734375
2025-04-10,31.165081024169922,27.512962341308594,23.445011138916016,32.435035705566406,45.7813606262207,67.72618865966797,84.68827819824219,64.56709289550781,42.61092758178711,24.973228454589844,17.62371826171875,8.205604553222656,8.214889526367188,7.234283447265625,10.938735961914062,23.05626678466797,42.49652862548828,64.6208267211914,85.03068542480469,77.60983276367188,67.68257141113281,59.66808319091797,50.39678955078125,39.05455780029297
2025-04-11,20.231796264648438,13.613960266113281,10.985420227050781,16.30292510986328,29.10192108154297,46.351219177246094,54.27141571044922,45.196876525878906,26.24750518798828,12.012611389160156,2.2450714111328125,-4.115974426269531,-4.8522491455078125,-3.826416015625,0.0659332275390625,4.9250030517578125,26.404876708984375,37.57423400878906,52.26093292236328,48.68815612792969,45.57372283935547,41.81144332885742,35.2575569152832,21.560203552246094
2025-04-12,32.78739929199219,31.03109359741211,18.91019058227539,24.762298583984375,30.811946868896484,38.691444396972656,37.911094665527344,29.794921875,20.568031311035156,-0.6567459106445312,-0.869140625,13.419197082519531,-3.051116943359375,-5.802040100097656,-9.798721313476562,9.638267517089844,28.556961059570312,44.263465881347656,50.1102294921875,59.73069763183594,55.84974670410156,49.87263870239258,42.36050033569336,38.62216567993164
2025-04-13,27.133907318115234,24.42761993408203,23.199527740478516,23.737712860107422,22.854530334472656,23.01142120361328,21.06639862060547,18.265350341796875,8.97686767578125,2.6368789672851562,0.4881744384765625,-11.26953125,-12.139205932617188,-15.161056518554688,-3.9171676635742188,13.7535400390625,32.675811767578125,53.306922912597656,56.46966552734375,60.944313049316406,64.27056121826172,54.38365936279297,47.000911712646484,44.951438903808594
2025-04-14,37.8104248046875,31.946727752685547,29.39278793334961,36.67774200439453,52.90363311767578,70.98553466796875,76.19210052490234,62.26382827758789,46.10530471801758,37.0058479309082,32.02085876464844,26.784263610839844,22.303253173828125,16.634254455566406,18.785140991210938,30.68695831298828,46.36426544189453,57.59941101074219,69.4086685180664,66.56100463867188,65.56755065917969,58.11970901489258,54.38997268676758,45.06952667236328
2025-04-15,5.2210540771484375,5.2548980712890625,5.031166076660156,4.75726318359375,12.382164001464844,31.908584594726562,44.805419921875,37.313751220703125,28.52808380126953,20.42505645751953,18.34625244140625,13.757781982421875,7.8629302978515625,9.377281188964844,11.400535583496094,19.44489288330078,29.438201904296875,46.636322021484375,45.326393127441406,41.153770446777344,36.664894104003906,35.24522399902344,26.4302978515625,27.139293670654297
2025-04-16,35.17365264892578,30.85845947265625,26.926231384277344,35.784095764160156,52.446170806884766,69.33047485351562,81.46221923828125,68.52249145507812,52.85349655151367,43.354122161865234,36.96893310546875,34.82024383544922,34.68280792236328,32.61304473876953,36.178993225097656,39.31986999511719,47.49171447753906,62.95756530761719,76.720947265625,67.85540771484375,69.57621765136719,60.553165435791016,54.352394104003906,44.88615036010742
2025-04-17,50.734134674072266,45.61569595336914,40.87434768676758,46.68231964111328,62.96754455566406,91.0604019165039,99.74236297607422,76.9847412109375,56.5574951171875,40.96699905395508,32.66658401489258,24.825782775878906,23.136455535888672,22.30810546875,31.721778869628906,48.796085357666016,66.62560272216797,90.34217834472656,89.99835205078125,83.61393737792969,79.5863037109375,71.14180755615234,67.68397521972656,57.133331298828125
2025-04-18,28.06869125366211,26.401447296142578,22.016300201416016,23.851898193359375,38.83018112182617,62.899566650390625,71.669921875,53.69139862060547,34.580047607421875,22.649337768554688,15.826484680175781,6.3324127197265625,7.998786926269531,5.209503173828125,11.814949035644531,22.193069458007812,40.66374206542969,66.19296264648438,72.71577453613281,60.025421142578125,58.7821044921875,52.123992919921875,41.079898834228516,30.809051513671875
2025-04-19,19.11761474609375,12.575401306152344,9.852005004882812,14.167617797851562,18.072280883789062,19.089439392089844,24.82373046875,20.916893005371094,12.439620971679688,1.7900314331054688,2.3813858032226562,-4.545539855957031,-11.617019653320312,-7.259796142578125,-2.4816055297851562,10.652908325195312,33.33637237548828,57.344032287597656,66.5692367553711,59.62517547607422,59.82038497924805,55.03801345825195,44.294620513916016,35.825164794921875
2025-04-20,37.145301818847656,39.777679443359375,26.981884002685547,30.911754608154297,28.023990631103516,32.086517333984375,34.564002990722656,29.291412353515625,19.01390838623047,16.424667358398438,16.75286102294922,9.545524597167969,8.015472412109375,8.825851440429688,16.01104736328125,19.33526611328125,34.83479309082031,54.346702575683594,58.15800476074219,64.40396118164062,71.9068374633789,68.17552185058594,58.91004180908203,57.51123046875
2025-04-21,52.26622772216797,44.512176513671875,42.767791748046875,44.67356872558594,49.114166259765625,63.09170150756836,74.26806640625,58.60072708129883,46.33525085449219,36.11724090576172,32.64899826049805,24.672874450683594,22.217918395996094,24.725582122802734,24.418899536132812,36.107872009277344,57.788177490234375,74.7916259765625,86.37545776367188,82.69353485107422,86.59522247314453,74.38461303710938,65.69220733642578,59.683746337890625
2025-04-22,62.77052307128906,57.63624572753906,48.939857482910156,57.17039489746094,71.81005859375,91.79737854003906,97.42198944091797,78.45094299316406,53.91341018676758,42.92951965332031,36.98286437988281,30.773876190185547,24.617198944091797,23.95488739013672,30.008129119873047,45.6826057434082,64.3257827758789,87.80667114257812,98.70913696289062,98.04034423828125,90.21021270751953,80.53038024902344,68.26543426513672,59.29424285888672
2025-04-23,59.92316436767578,55.117069244384766,51.36432647705078,55.41353225708008,60.10271453857422,77.44084930419922,84.48182678222656,68.15624237060547,48.26840591430664,37.0388298034668,31.58557891845703,28.71173858642578,25.708126068115234,26.171340942382812,28.905593872070312,40.34375762939453,60.75578308105469,83.04693603515625,99.55166625976562,98.82965850830078,88.59381103515625,78.148681640625,68.45291137695312,59.4465217590332
2025-04-24,62.81494903564453,59.753440856933594,53.31114196777344,57.048362731933594,66.40426635742188,79.90463256835938,88.93927001953125,81.79728698730469,71.73554992675781,62.313819885253906,57.72368621826172,53.51881408691406,50.52113342285156,50.56855392456055,52.704593658447266,58.40533447265625,72.0580825805664,86.58606719970703,93.13920593261719,91.54076385498047,83.50628662109375,78.31246948242188,72.47013854980469,64.68769073486328
2025-04-25,61.98822784423828,58.321533203125,55.31499481201172,58.73755645751953,72.0891342163086,88.30572509765625,96.76350402832031,87.26213073730469,71.0611801147461,60.90777587890625,58.102500915527344,49.67953109741211,45.376712799072266,46.621829986572266,47.81906509399414,59.76034927368164,74.11959838867188,91.85911560058594,96.27330017089844,92.63365936279297,87.50840759277344,83.43374633789062,74.09005737304688,67.8283462524414
2025-04-26,43.13068771362305,36.80447006225586,36.51700210571289,39.09743881225586,44.62995910644531,52.66000747680664,54.51674270629883,45.66192626953125,33.31237030029297,20.376991271972656,18.27454376220703,8.036018371582031,2.8729171752929688,3.4756622314453125,12.09149169921875,28.689308166503906,54.11687469482422,74.5391845703125,83.32511901855469,77.29788970947266,75.63878631591797,68.31053161621094,55.034576416015625,51.7730598449707
2025-04-27,48.616188049316406,42.19409942626953,39.92486572265625,37.84597396850586,40.63796615600586,40.25053405761719,39.857269287109375,29.010055541992188,15.809844970703125,9.413093566894531,1.3531265258789062,-5.114044189453125,-8.006706237792969,-2.0910873413085938,7.8347625732421875,20.699256896972656,39.8704833984375,65.00834655761719,76.71009826660156,81.38275146484375,78.80308532714844,72.10987854003906,62.73207473754883,56.15831756591797
2025-04-28,39.65922164916992,36.05537033081055,34.898983001708984,42.21626281738281,58.26205825805664,69.22779846191406,75.81492614746094,59.80069351196289,43.60064697265625,31.18933868408203,27.405609130859375,21.327537536621094,20.183082580566406,19.859275817871094,24.495590209960938,32.212867736816406,48.091766357421875,58.17540740966797,70.13314819335938,69.3983154296875,65.43927001953125,59.246376037597656,52.26219177246094,45.27416229248047
2025-04-29,29.15557861328125,25.629108428955078,22.793594360351562,29.010761260986328,36.198307037353516,54.322471618652344,62.559146881103516,49.288673400878906,26.400863647460938,12.68505859375,7.523612976074219,1.23516845703125,-1.7421417236328125,-3.6520767211914062,-0.2491607666015625,15.971153259277344,32.35436248779297,51.65232849121094,67.89955139160156,70.46882629394531,69.38639831542969,57.393943786621094,47.1097526550293,40.11758804321289
2025-04-30,71.53410339355469,63.78785705566406,60.65142059326172,68.11009216308594,77.8841781616211,89.82974243164062,90.18231201171875,72.48622131347656,56.47988510131836,42.6606559753418,36.747188568115234,31.132179260253906,29.181804656982422,31.318401336669922,33.780181884765625,47.756202697753906,60.56209182739258,74.56600952148438,77.86882019042969,78.90507507324219,78.13700103759766,71.67655181884766,68.62760162353516,59.535831451416016
2025-05-01,14.703712463378906,6.8616485595703125,2.1406097412109375,5.806373596191406,12.436325073242188,17.73712158203125,19.543289184570312,8.112823486328125,-4.876129150390625,-19.2393798828125,-20.704254150390625,-26.259078979492188,-29.550010681152344,-31.95519256591797,-21.2032470703125,-0.239410400390625,25.477432250976562,43.888160705566406,56.676918029785156,57.14642333984375,56.76527404785156,49.91392135620117,35.29186248779297,22.276344299316406
2025-05-02,31.229068756103516,26.225261688232422,22.928218841552734,29.413684844970703,28.052284240722656,40.599090576171875,35.61473083496094,14.854034423828125,0.9477310180664062,-12.769401550292969,-17.413108825683594,-20.801849365234375,-22.471267700195312,-17.998146057128906,-4.362701416015625,11.038818359375,33.299224853515625,49.716888427734375,57.041648864746094,75.06088256835938,77.57203674316406,68.31910705566406,56.60517883300781,44.79746627807617
2025-05-03,26.615215301513672,14.371475219726562,12.050514221191406,17.052947998046875,19.357467651367188,20.646530151367188,21.940536499023438,23.000938415527344,13.498489379882812,0.33612823486328125,-6.1916046142578125,-10.179039001464844,-16.87651824951172,-12.513542175292969,1.3152236938476562,17.40100860595703,29.216705322265625,41.68424987792969,55.87945556640625,61.19038009643555,63.79427719116211,59.35570526123047,50.2706298828125,36.654335021972656
2025-05-04,13.755210876464844,5.910774230957031,3.2450485229492188,9.737953186035156,5.8966217041015625,4.641387939453125,6.302467346191406,-9.746070861816406,-22.20824432373047,-28.705657958984375,-29.03827667236328,-41.98474884033203,-37.267303466796875,-37.870391845703125,-29.484596252441406,-16.514251708984375,8.562828063964844,24.53351593017578,36.103050231933594,45.17529296875,56.204654693603516,47.42976379394531,39.73347854614258,24.11389923095703
2025-05-05,20.637123107910156,17.65418243408203,12.371238708496094,20.6531982421875,30.743911743164062,52.086669921875,62.90995788574219,56.06846237182617,42.69873046875,38.408241271972656,34.64141845703125,35.54111862182617,27.008262634277344,25.82815933227539,22.503395080566406,29.690017700195312,44.55976867675781,62.344520568847656,73.66490173339844,75.04940795898438,70.33961486816406,62.37839126586914,52.545230865478516,45.4492301940918
2025-05-06,6.5356903076171875,4.57330322265625,0.8976211547851562,8.205535888671875,18.83161163330078,39.048011779785156,41.75603485107422,30.82398223876953,21.498680114746094,11.003166198730469,1.473236083984375,4.21527099609375,-4.5520782470703125,0.23319244384765625,2.2750244140625,5.461334228515625,17.88275909423828,29.515235900878906,42.49983215332031,42.57368469238281,41.2261962890625,35.50011444091797,25.978958129882812,10.935127258300781
2025-05-07,2.7048721313476562,0.8514785766601562,-1.0499343872070312,7.564826965332031,16.582015991210938,31.134765625,34.074859619140625,22.796951293945312,11.689483642578125,7.645759582519531,6.594963073730469,-0.5033798217773438,-5.205780029296875,-8.33935546875,-11.390312194824219,-4.753562927246094,5.300422668457031,24.43712615966797,31.191246032714844,38.74798583984375,43.63304138183594,39.11328125,24.715072631835938,14.650215148925781
2025-05-08,21.16004180908203,12.086601257324219,6.1397705078125,6.3251800537109375,5.362480163574219,18.117095947265625,23.39605712890625,10.225387573242188,-4.546699523925781,-15.945846557617188,-15.429702758789062,-20.70075225830078,-20.877235412597656,-15.623992919921875,-4.202476501464844,5.236228942871094,19.843223571777344,45.37200164794922,45.325645446777344,44.83097839355469,45.983070373535156,35.50604248046875,34.326744079589844,22.324180603027344
2025-05-09,10.201278686523438,5.772636413574219,7.364616394042969,11.327606201171875,19.54517364501953,26.140846252441406,23.744003295898438,9.027694702148438,-5.23211669921875,-11.252403259277344,-19.80347442626953,-20.168479919433594,-17.011016845703125,-24.756088256835938,-21.66710662841797,-9.961997985839844,-1.5879898071289062,17.19892120361328,27.932334899902344,36.24158477783203,37.909217834472656,33.285560607910156,26.688232421875,14.528854370117188
2025-05-10,7.812469482421875,7.704093933105469,3.515716552734375,4.541877746582031,1.5022430419921875,3.8204803466796875,-0.15392303466796875,-10.59381103515625,-20.94304656982422,-28.68413543701172,-31.62579345703125,-35.674476623535156,-35.199867248535156,-29.73242950439453,-23.231719970703125,-20.270904541015625,-3.1983413696289062,8.043289184570312,16.76409149169922,29.376434326171875,38.623443603515625,34.182586669921875,22.784912109375,9.446929931640625
2025-05-11,3.900360107421875,1.0507659912109375,-8.604782104492188,-10.197052001953125,-9.330162048339844,-7.8330078125,-6.065277099609375,-13.931228637695312,-33.56364440917969,-43.885398864746094,-39.66304016113281,-54.60626220703125,-55.916831970214844,-51.61039733886719,-35.857940673828125,-17.205711364746094,5.839241027832031,20.54840850830078,23.648887634277344,28.658164978027344,32.57720947265625,21.43524169921875,16.15923309326172,2.1640853881835938
2025-05-12,11.336936950683594,2.416473388671875,7.506080627441406,10.325294494628906,23.711013793945312,44.949920654296875,44.91822814941406,32.89076232910156,14.7152099609375,-4.956977844238281,-1.38653564453125,-7.372444152832031,-16.241600036621094,-7.707450866699219,-2.1711349487304688,8.930892944335938,29.73188018798828,47.50926971435547,51.56768798828125,54.14495849609375,53.29473876953125,47.6904182434082,33.87078094482422,28.09876251220703
2025-05-13,39.70782470703125,32.738197326660156,27.8712158203125,36.2234001159668,49.37086868286133,72.68692016601562,83.4758071899414,57.8032112121582,31.96088409423828,18.70892333984375,9.779502868652344,4.49102783203125,-1.2998428344726562,3.3676605224609375,10.62030029296875,24.72907257080078,45.861106872558594,70.5921630859375,77.34357452392578,74.83091735839844,68.95582580566406,64.73540496826172,54.189674377441406,37.707618713378906
2025-05-14,32.89372634887695,33.22978210449219,30.249855041503906,33.927242279052734,39.29924392700195,49.379947662353516,67.20352935791016,41.753334045410156,31.31031036376953,8.330070495605469,-10.042579650878906,7.163383483886719,-7.438446044921875,-1.3988494873046875,6.307685852050781,17.939437866210938,31.935134887695312,59.552818298339844,64.87357330322266,72.56796264648438,75.8067398071289,58.92097473144531,47.710784912109375,45.48789596557617
2025-05-15,21.774391174316406,12.123008728027344,9.590408325195312,17.899826049804688,29.214447021484375,40.552459716796875,39.06902313232422,26.482505798339844,7.65948486328125,-4.9081573486328125,-7.031120300292969,-13.511589050292969,-11.939437866210938,-3.447509765625,-3.2339706420898438,11.347587585449219,22.676971435546875,36.26050567626953,48.83747863769531,49.834571838378906,42.590362548828125,37.105552673339844,28.586708068847656,20.619544982910156
2025-05-16,-3.2492141723632812,-5.919013977050781,-8.282783508300781,-5.23712158203125,0.9384536743164062,10.389511108398438,19.448745727539062,12.099212646484375,-6.033721923828125,-17.375747680664062,-19.936309814453125,-22.52045440673828,-23.72185516357422,-23.574050903320312,-15.423377990722656,-5.0507965087890625,11.165977478027344,25.971527099609375,36.29224395751953,36.51213073730469,36.972679138183594,34.788597106933594,21.04492950439453,15.214591979980469
2025-05-17,8.0555419921875,-4.398109436035156,2.6924667358398438,2.1102981567382812,3.7421722412109375,3.7626419067382812,-0.0528106689453125,0.600189208984375,-9.203506469726562,-16.560768127441406,-20.46185302734375,-23.753219604492188,-29.58386993408203,-21.132049560546875,-19.641334533691406,-14.076652526855469,2.3894271850585938,12.080612182617188,26.475067138671875,26.718170166015625,34.948646545410156,33.17912292480469,25.586402893066406,15.339790344238281
2025-05-18,24.824665069580078,16.332557678222656,18.1695556640625,12.335105895996094,22.665992736816406,19.850082397460938,18.98308563232422,1.9584121704101562,-17.224288940429688,-21.983192443847656,-22.960205078125,-30.018959045410156,-34.19438934326172,-34.998085021972656,-13.003143310546875,-9.198333740234375,-10.653244018554688,14.920219421386719,16.34192657470703,35.866607666015625,42.992210388183594,35.871116638183594,24.06963348388672,20.37457275390625
2025-05-19,17.051437377929688,8.816093444824219,7.016929626464844,14.867172241210938,28.03740692138672,51.38388442993164,58.6047477722168,28.350929260253906,20.97802734375,10.22821044921875,-0.7846298217773438,3.5476303100585938,3.7853164672851562,-6.584442138671875,-6.1019439697265625,20.331069946289062,33.90814971923828,49.15467834472656,65.04901123046875,52.556236267089844,57.915958404541016,56.425079345703125,35.47740173339844,34.89486312866211
2025-05-20,15.373771667480469,10.755516052246094,8.387962341308594,12.929275512695312,14.763961791992188,26.25598907470703,35.04735565185547,31.662811279296875,18.57818603515625,11.372695922851562,9.014640808105469,9.937698364257812,5.31231689453125,4.6462249755859375,11.466629028320312,10.962631225585938,25.240928649902344,35.167884826660156,38.161399841308594,33.33911895751953,33.017738342285156,28.788719177246094,24.697967529296875,14.765235900878906
2025-05-21,27.02257537841797,29.373706817626953,25.249820709228516,26.935588836669922,31.19100570678711,41.14991760253906,61.497310638427734,35.86615753173828,39.112464904785156,32.798728942871094,37.481876373291016,23.116729736328125,17.254180908203125,28.915668487548828,37.985904693603516,38.866355895996094,38.09498596191406,59.55253601074219,55.25000762939453,55.40192413330078,59.712764739990234,57.00244140625,44.5709114074707,36.832889556884766
2025-05-22,14.901954650878906,10.193527221679688,9.6649169921875,12.290191650390625,14.575881958007812,33.23194122314453,37.98540496826172,37.50267028808594,24.513877868652344,7.986778259277344,8.755973815917969,5.494667053222656,-0.7489166259765625,-2.4439620971679688,2.9905776977539062,17.684158325195312,35.902008056640625,60.38152313232422,49.39159393310547,47.741783142089844,42.306785583496094,41.23974609375,40.4621467590332,36.19082260131836
2025-05-23,7.2756500244140625,5.587554931640625,2.3190994262695312,6.782691955566406,12.804840087890625,25.5166015625,26.93255615234375,15.759292602539062,8.406280517578125,-0.2613677978515625,0.9101409912109375,-4.836570739746094,-6.518333435058594,-2.5972900390625,0.3396759033203125,8.37725830078125,22.07880401611328,33.92023468017578,40.83079528808594,45.362701416015625,45.88013458251953,42.844337463378906,36.25531005859375,26.135169982910156
2025-05-24,13.620246887207031,5.060798645019531,5.613227844238281,12.044624328613281,17.33391571044922,17.0172119140625,11.430488586425781,0.591766357421875,-7.794593811035156,-12.259307861328125,-11.495445251464844,-14.366065979003906,-19.602149963378906,-26.12836456298828,-19.19415283203125,-3.991943359375,9.32000732421875,19.981048583984375,30.763290405273438,49.2005615234375,51.364646911621094,47.3621826171875,34.870826721191406,21.372589111328125
2025-05-25,3.4949417114257812,-2.2492523193359375,-3.1287384033203125,-4.841896057128906,-1.7249832153320312,-2.47576904296875,-3.6596603393554688,-8.317718505859375,-9.913955688476562,-12.161521911621094,-13.166213989257812,-19.17945098876953,-31.291717529296875,-19.934104919433594,-14.44171142578125,-6.538002014160156,-0.7888107299804688,13.199371337890625,17.58281707763672,33.35557556152344,39.10289764404297,35.18378448486328,23.46600341796875,16.122451782226562
2025-05-26,16.141883850097656,9.606353759765625,2.0662384033203125,9.677841186523438,16.50251007080078,26.860397338867188,36.319610595703125,27.183250427246094,21.224884033203125,15.671241760253906,20.25664520263672,12.746780395507812,8.387306213378906,5.203704833984375,7.6786956787109375,12.43658447265625,20.152008056640625,37.045921325683594,36.23759460449219,39.66944122314453,49.59156799316406,38.120361328125,30.89714813232422,19.247657775878906
2025-05-27,28.539623260498047,23.333091735839844,20.240280151367188,27.887096405029297,24.521690368652344,43.574790954589844,42.09783935546875,30.859329223632812,20.01836395263672,12.387794494628906,8.732101440429688,7.735328674316406,3.7987060546875,5.2006072998046875,11.118934631347656,17.616661071777344,32.23003387451172,49.90538024902344,51.03038787841797,59.250823974609375,60.854434967041016,52.9351921081543,41.68368148803711,37.61420822143555
2025-05-28,14.438652038574219,8.85833740234375,3.1983413696289062,9.369392395019531,15.950531005859375,31.643409729003906,34.1448974609375,22.202926635742188,10.439865112304688,2.4086685180664062,0.7814483642578125,-4.853118896484375,-11.07904052734375,-9.365570068359375,-4.6292724609375,4.599693298339844,23.212364196777344,42.981231689453125,43.069602966308594,47.79669952392578,50.03382110595703,42.28813171386719,34.74122619628906,24.909255981445312
2025-05-29,36.552337646484375,27.556671142578125,23.526622772216797,21.98827362060547,21.78705596923828,25.258766174316406,27.986587524414062,20.053466796875,13.083549499511719,7.5314788818359375,4.785224914550781,-4.1477508544921875,-7.456611633300781,-3.3540573120117188,0.03612518310546875,8.411857604980469,19.1409912109375,40.11168670654297,49.855079650878906,60.01195526123047,66.14070892333984,61.79863739013672,55.65092468261719,44.69462203979492
2025-05-30,22.87091827392578,20.734664916992188,19.730976104736328,19.41680908203125,21.7039794921875,30.955963134765625,33.78900909423828,20.71099853515625,13.972450256347656,3.8193130493164062,1.548828125,-2.703521728515625,-10.774581909179688,-8.951744079589844,-3.87335205078125,7.46563720703125,22.7537841796875,48.02740478515625,54.26006317138672,67.06417083740234,72.94865417480469,63.34389114379883,48.175350189208984,37.47164535522461
2025-05-31,60.92918014526367,58.87052536010742,53.234886169433594,54.913787841796875,60.172454833984375,65.34449768066406,66.33251953125,47.15203857421875,35.79438018798828,25.685325622558594,17.78094482421875,10.884246826171875,8.833122253417969,10.706459045410156,18.644622802734375,31.33875274658203,43.50078582763672,62.25543975830078,77.20452880859375,84.03341674804688,82.50814819335938,69.80785369873047,67.8261947631836,59.471336364746094
2025-06-01,32.440792083740234,26.821060180664062,24.946563720703125,25.278636932373047,20.984893798828125,12.709747314453125,9.744514465332031,2.2920989990234375,-12.738319396972656,-19.619972229003906,-12.251472473144531,-26.507171630859375,-34.90045166015625,-34.8575439453125,-21.519363403320312,-4.1313018798828125,19.269134521484375,40.18273162841797,52.19029235839844,55.50914001464844,67.84748840332031,61.50263214111328,47.03094482421875,37.147071838378906
2025-06-02,24.117050170898438,21.98855972290039,19.415790557861328,25.758255004882812,27.1788330078125,39.99664306640625,42.34742736816406,26.246566772460938,14.154251098632812,10.695938110351562,9.599174499511719,5.9221954345703125,3.1697998046875,4.64849853515625,4.597633361816406,8.88372802734375,28.19976043701172,44.538246154785156,48.89894104003906,59.45751190185547,60.263790130615234,50.94361877441406,41.365177154541016,32.840843200683594
2025-06-03,18.67084503173828,11.518363952636719,8.454292297363281,14.364341735839844,24.612564086914062,45.82111358642578,48.73229217529297,36.791969299316406,17.724632263183594,7.962928771972656,1.0860214233398438,-1.3618392944335938,-4.517387390136719,-4.8148956298828125,-1.699615478515625,14.906539916992188,32.361793518066406,57.84490203857422,61.649940490722656,61.91534423828125,65.26152038574219,53.77985763549805,39.732173919677734,29.918270111083984
2025-06-04,12.403793334960938,7.433815002441406,6.387519836425781,7.713951110839844,19.10424041748047,31.14875030517578,45.97625732421875,26.028472900390625,19.6732177734375,18.291580200195312,13.667198181152344,14.985206604003906,11.289024353027344,7.9910736083984375,9.367500305175781,17.123367309570312,32.690757751464844,50.88452911376953,59.68505859375,50.227935791015625,49.692466735839844,41.57884216308594,31.612892150878906,29.64461898803711
2025-06-05,2.4995498657226562,0.57891845703125,-4.9904937744140625,-0.04427337646484375,3.9151535034179688,20.850173950195312,26.74493408203125,23.738540649414062,11.655311584472656,3.1438522338867188,3.7580642700195312,-2.9899978637695312,-8.068954467773438,-8.084236145019531,-3.6227569580078125,5.315315246582031,28.332229614257812,44.04521942138672,57.21864318847656,53.988739013671875,61.31867980957031,53.824729919433594,33.787071228027344,29.34585952758789
2025-06-06,20.574073791503906,17.1820068359375,11.291252136230469,15.284278869628906,23.629379272460938,35.739227294921875,44.269386291503906,34.56883239746094,27.56360626220703,18.981201171875,12.126693725585938,12.217948913574219,9.846153259277344,10.445083618164062,12.425132751464844,16.583663940429688,25.25768280029297,37.9825439453125,43.11339569091797,44.54205322265625,44.23987579345703,38.960243225097656,33.70115661621094,25.320213317871094
2025-06-07,27.956737518310547,22.94683837890625,19.581584930419922,21.641010284423828,16.040191650390625,16.603897094726562,13.157241821289062,7.0394744873046875,-1.7947616577148438,-6.846260070800781,-2.9229354858398438,-7.937309265136719,-13.990028381347656,-11.98809814453125,-7.5797271728515625,-1.0972671508789062,6.3093414306640625,18.073486328125,24.686203002929688,42.457733154296875,52.40415573120117,42.285579681396484,32.902565002441406,25.035743713378906
2025-06-08,7.861968994140625,-4.415252685546875,-3.2726974487304688,-5.3849029541015625,-6.9302215576171875,-4.9932403564453125,-6.236541748046875,-19.681991577148438,-23.85364532470703,-21.845115661621094,-26.956443786621094,-30.214988708496094,-34.255821228027344,-31.716690063476562,-28.39471435546875,-17.046630859375,-3.2779769897460938,10.003250122070312,35.72319793701172,38.15753173828125,44.949668884277344,40.36878204345703,27.688690185546875,15.222969055175781
2025-06-09,19.542762756347656,14.33203125,13.886207580566406,21.246097564697266,22.759010314941406,21.884262084960938,35.900367736816406,24.87914276123047,20.878707885742188,0.16112518310546875,5.7359771728515625,2.8924026489257812,-9.197906494140625,0.42363739013671875,5.022224426269531,5.674797058105469,21.30157470703125,43.42499542236328,47.915435791015625,69.01961517333984,74.51535034179688,59.396392822265625,48.28061294555664,38.03083419799805
2025-06-10,16.34223175048828,8.867164611816406,8.319877624511719,13.993408203125,16.032577514648438,28.99230194091797,35.390869140625,20.628463745117188,18.828895568847656,16.644424438476562,11.681785583496094,13.160163879394531,7.121055603027344,6.248603820800781,6.2877197265625,21.999282836914062,22.79803466796875,27.32831573486328,39.601844787597656,49.98828887939453,54.33683776855469,46.692848205566406,29.927688598632812,23.145172119140625
2025-06-11,25.84286117553711,23.362884521484375,26.65929412841797,22.872482299804688,25.088668823242188,45.66661834716797,41.38050079345703,35.86952209472656,11.425888061523438,-6.356300354003906,-1.7425384521484375,5.899665832519531,-7.707923889160156,1.1604843139648438,7.183753967285156,21.687103271484375,30.96129608154297,53.57289123535156,62.651283264160156,63.92394256591797,59.7235107421875,58.80576705932617,41.176578521728516,33.39686965942383
2025-06-12,7.334747314453125,1.1417770385742188,0.44097900390625,5.2277069091796875,16.210586547851562,24.906654357910156,32.0694580078125,19.094680786132812,10.633804321289062,5.276893615722656,-1.4115524291992188,3.024169921875,-1.2173919677734375,5.490623474121094,4.732612609863281,9.311065673828125,15.611442565917969,35.19953918457031,39.68244934082031,46.55266571044922,48.73761749267578,37.386146545410156,30.902259826660156,23.163299560546875
2025-06-13,40.47803497314453,35.702735900878906,29.778820037841797,39.398338317871094,43.8651237487793,62.50269317626953,73.58718872070312,49.48286437988281,29.112701416015625,25.038619995117188,12.794113159179688,14.211463928222656,13.926666259765625,7.226295471191406,13.028640747070312,27.611129760742188,48.34503173828125,80.90010070800781,78.75729370117188,80.97435760498047,87.62348937988281,74.24292755126953,61.29067611694336,49.50191116333008
2025-06-14,51.67795181274414,46.00130844116211,42.86459732055664,38.75754165649414,41.19385528564453,43.18047332763672,35.13299560546875,17.51123046875,7.353462219238281,-2.8740463256835938,-2.4743804931640625,-12.908660888671875,-15.788955688476562,-10.984176635742188,0.8340606689453125,13.866729736328125,37.386573791503906,47.25481414794922,56.774879455566406,60.964576721191406,66.39713287353516,62.30241012573242,56.21918869018555,40.706600189208984
2025-06-15,28.125125885009766,24.460556030273438,19.32772445678711,19.769607543945312,16.880035400390625,6.8733673095703125,5.922752380371094,-6.069984436035156,-12.064697265625,-19.547386169433594,-21.312835693359375,-27.55963134765625,-35.88853454589844,-32.34046173095703,-17.744338989257812,-1.24169921875,14.223541259765625,32.98680877685547,47.89247131347656,67.97095489501953,71.02204895019531,60.535587310791016,43.64118957519531,31.32662582397461
2025-06-16,20.34803009033203,12.458602905273438,10.904739379882812,12.883018493652344,16.317337036132812,31.777809143066406,40.98516845703125,32.19849395751953,24.321388244628906,11.930191040039062,10.340583801269531,10.290718078613281,9.896598815917969,11.300704956054688,14.484596252441406,24.2296142578125,40.75617218017578,64.28062438964844,66.7828598022461,77.24002075195312,79.00456237792969,63.79313659667969,47.62433624267578,35.90913391113281
2025-06-17,28.366485595703125,22.250072479248047,20.467464447021484,22.854141235351562,33.79412078857422,49.64870071411133,55.38014221191406,48.93885803222656,29.34698486328125,14.776611328125,11.592033386230469,7.947166442871094,9.811317443847656,13.23565673828125,19.179351806640625,33.904823303222656,59.13404846191406,80.68104553222656,76.94410705566406,78.57525634765625,73.67623901367188,62.729610443115234,52.443668365478516,39.93967056274414
2025-06-18,75.619140625,65.136474609375,61.67253875732422,69.16988372802734,80.48149871826172,96.48860931396484,100.15166473388672,85.01233673095703,67.810546875,53.31797790527344,49.545318603515625,44.79165267944336,44.68559265136719,51.678524017333984,59.539920806884766,74.77285766601562,93.41531372070312,112.61784362792969,118.72095489501953,118.8963623046875,111.70085906982422,99.79102325439453,87.61102294921875,77.35081481933594
2025-06-19,56.9095344543457,51.048118591308594,43.904666900634766,46.267555236816406,51.91490173339844,72.54708099365234,75.97650146484375,59.78753662109375,36.9698486328125,24.713455200195312,17.886962890625,14.070579528808594,10.985549926757812,16.261329650878906,25.06578826904297,37.089439392089844,69.79946899414062,94.36660766601562,109.27174377441406,106.37582397460938,96.561767578125,87.93431091308594,75.46513366699219,64.62444305419922
2025-06-20,68.1949462890625,61.72621154785156,54.65987014770508,57.965187072753906,69.39493560791016,85.9664535522461,93.0096664428711,75.80891418457031,54.939353942871094,38.07944869995117,34.632530212402344,25.527877807617188,24.544158935546875,32.15521240234375,42.18976974487305,60.14493942260742,81.0447006225586,100.36595916748047,108.33157348632812,106.88536834716797,103.6856918334961,97.85327911376953,85.41978454589844,74.82440948486328
2025-06-21,93.5661849975586,83.97488403320312,77.72938537597656,79.68228912353516,81.6432113647461,84.78651428222656,81.07569885253906,61.286376953125,35.68341827392578,27.188980102539062,22.351043701171875,10.133926391601562,8.598556518554688,16.077117919921875,32.6671028137207,56.084110260009766,85.8183822631836,109.39002990722656,114.68222045898438,118.06856536865234,125.29389953613281,109.41107177734375,97.53083038330078,85.58560943603516
2025-06-22,52.81608200073242,48.59897994995117,42.8394775390625,42.800716400146484,47.78169250488281,47.03789138793945,34.460784912109375,20.299659729003906,-10.297569274902344,-8.290199279785156,-16.349815368652344,-20.919876098632812,-24.506256103515625,-17.315170288085938,0.667572021484375,18.40947723388672,51.27301025390625,88.24494934082031,98.51485443115234,104.88438415527344,104.97207641601562,99.63272094726562,75.08934783935547,74.35858154296875
2025-06-23,27.707805633544922,23.202796936035156,25.196365356445312,35.802188873291016,52.97867965698242,76.82772064208984,82.18418884277344,58.88123321533203,36.35845184326172,27.5404052734375,17.25782012939453,14.907363891601562,16.63933563232422,18.63580322265625,28.086544036865234,54.64204025268555,79.22478485107422,107.15379333496094,109.85386657714844,105.6904525756836,106.09695434570312,90.34015655517578,72.03152465820312,63.827938079833984
2025-06-24,53.810794830322266,46.219337463378906,41.924930572509766,47.93766784667969,59.812042236328125,78.14344787597656,85.3818588256836,58.933650970458984,35.928375244140625,20.80724334716797,20.830902099609375,12.884246826171875,10.905296325683594,10.133865356445312,20.479156494140625,47.35607147216797,71.80615997314453,96.35928344726562,105.39075469970703,105.52193450927734,105.06381225585938,90.69294738769531,75.45700073242188,58.23127365112305
2025-06-25,54.01105499267578,45.21187973022461,44.553470611572266,49.465919494628906,64.52638244628906,74.732421875,81.64291381835938,62.184146881103516,35.49009704589844,18.78870391845703,11.539726257324219,6.0435333251953125,10.650733947753906,9.086601257324219,22.568679809570312,46.85995101928711,71.51219940185547,105.11151123046875,120.94375610351562,121.55430603027344,117.02324676513672,101.96914672851562,82.62255859375,68.73320770263672
2025-06-26,86.77804565429688,73.82022857666016,75.01417541503906,74.36255645751953,84.17317199707031,96.67523956298828,99.84233093261719,77.01393127441406,54.60163116455078,36.05406188964844,27.108840942382812,17.85771942138672,19.303817749023438,31.348834991455078,48.230308532714844,77.10643768310547,110.3752212524414,134.697509765625,140.7442626953125,131.3744354248047,137.22621154785156,116.72128295898438,105.97827911376953,85.95966339111328
2025-06-27,74.21979522705078,66.45165252685547,64.35489654541016,65.12859344482422,71.42545318603516,84.98438262939453,84.10213470458984,71.74840545654297,51.06989288330078,37.88072967529297,34.672176361083984,27.48977279663086,27.516033172607422,30.312458038330078,38.39120101928711,57.77501678466797,79.16319274902344,97.97550964355469,113.17875671386719,106.91119384765625,103.22428894042969,94.71060180664062,82.58515167236328,71.43599700927734
2025-06-28,71.17503356933594,66.56344604492188,62.95892333984375,63.212005615234375,66.44564056396484,72.24874114990234,74.50301361083984,62.471649169921875,46.929569244384766,33.80239486694336,29.784847259521484,24.264957427978516,19.073699951171875,23.594085693359375,36.7401123046875,61.105690002441406,81.4508056640625,100.66236877441406,106.63108825683594,102.7403564453125,99.32215881347656,93.43099212646484,86.45204162597656,77.95206451416016
2025-06-29,74.98822784423828,63.98909378051758,59.09557342529297,54.7529296875,55.27431869506836,52.086952209472656,47.011138916015625,35.357940673828125,23.71819305419922,15.042221069335938,13.786788940429688,3.1539764404296875,-3.2437362670898438,-0.455718994140625,14.336021423339844,35.88008117675781,62.935752868652344,92.83238220214844,100.43215942382812,106.23552703857422,112.45411682128906,102.81732940673828,85.24730682373047,77.88654327392578
2025-06-30,80.31938171386719,73.49422454833984,69.3056640625,79.66650390625,95.37353515625,114.763916015625,120.59908294677734,98.8365249633789,79.63751220703125,71.11680603027344,66.7890853881836,63.58313751220703,65.37486267089844,67.5838623046875,78.11896514892578,103.79361724853516,125.90328979492188,147.1023406982422,160.60044860839844,154.9578857421875,146.33184814453125,127.0728759765625,121.76995849609375,110.23966979980469
2025-07-01,94.68325805664062,88.52973175048828,82.3265380859375,88.06165313720703,103.83900451660156,129.8954315185547,133.21365356445312,112.37857055664062,93.27906799316406,87.08172607421875,78.61524963378906,75.89768981933594,77.17105865478516,78.29139709472656,86.28549194335938,108.38629150390625,130.3395538330078,154.11399841308594,162.30645751953125,148.77780151367188,138.97341918945312,124.56301879882812,114.52568054199219,100.99274444580078
2025-07-02,106.54964447021484,100.2645263671875,96.97113037109375,98.7489013671875,118.80048370361328,139.1755828857422,143.55552673339844,119.78015899658203,103.74834442138672,91.20956420898438,81.02114868164062,74.09251403808594,76.23968505859375,86.23225402832031,103.82208251953125,119.69999694824219,156.2093963623047,189.88406372070312,194.1243133544922,167.42100524902344,156.66807556152344,136.87640380859375,132.28311157226562,119.15161895751953
2025-07-03,78.73884582519531,72.33719635009766,68.7942886352539,72.55001831054688,84.777587890625,100.1810302734375,109.93504333496094,106.76298522949219,93.6578369140625,85.2978744506836,78.47008514404297,74.89839935302734,72.90213775634766,71.59442901611328,78.7151870727539,89.49407196044922,112.60774230957031,133.41171264648438,142.0141143798828,130.42135620117188,120.1888427734375,111.55543518066406,105.99148559570312,96.8524169921875
2025-07-04,79.26655578613281,74.9875259399414,70.00882720947266,74.55756378173828,87.71936798095703,103.48638153076172,111.08236694335938,102.61434936523438,88.31119537353516,77.03682708740234,68.68853759765625,64.859375,64.2591781616211,66.67100524902344,69.25525665283203,82.75445556640625,109.9127197265625,122.88964080810547,135.17190551757812,126.73993682861328,118.35985565185547,111.03116607666016,104.26702117919922,92.53447723388672
2025-07-05,33.19099426269531,27.829486846923828,22.168704986572266,26.134716033935547,26.71137237548828,33.70484161376953,37.716224670410156,26.79283905029297,11.349899291992188,9.537673950195312,3.3625946044921875,-3.4180526733398438,-2.7966537475585938,1.8363189697265625,13.718879699707031,32.149864196777344,57.49222946166992,82.16966247558594,97.5947265625,94.66690826416016,84.09500122070312,78.1640625,64.43280792236328,55.994140625
2025-07-06,55.76665115356445,49.94175720214844,46.8067512512207,47.43565368652344,45.04936981201172,40.13890838623047,45.760581970214844,31.764060974121094,16.00171661376953,10.765304565429688,14.4541015625,7.2161712646484375,-3.9006576538085938,-2.0959243774414062,10.441078186035156,23.946929931640625,55.434181213378906,71.86360931396484,94.1329345703125,99.42648315429688,100.84530639648438,89.71788787841797,78.68916320800781,66.67382049560547
2025-07-07,29.63369369506836,25.167739868164062,21.791767120361328,28.332008361816406,39.30800247192383,55.460933685302734,67.36161804199219,57.30887222290039,42.996620178222656,33.52874755859375,32.6010627746582,27.115962982177734,22.491195678710938,21.45459747314453,22.160560607910156,31.465179443359375,49.67881774902344,74.47135162353516,85.40824127197266,88.70918273925781,87.83287048339844,77.32115936279297,64.48771667480469,50.877159118652344
2025-07-08,32.63750076293945,25.873699188232422,23.743255615234375,27.836624145507812,34.238555908203125,46.173095703125,51.73992156982422,38.0234375,29.756240844726562,16.446792602539062,11.511528015136719,9.607498168945312,9.400871276855469,10.000495910644531,14.83343505859375,27.669174194335938,45.3292236328125,60.66032409667969,71.23626708984375,79.23214721679688,76.12359619140625,65.13040161132812,54.444091796875,44.95881652832031
2025-07-09,33.07119369506836,27.045612335205078,25.207290649414062,27.837696075439453,31.687091827392578,47.32243347167969,51.63208770751953,36.437400817871094,18.599815368652344,9.501243591308594,4.872528076171875,3.3763427734375,3.0940704345703125,0.29840087890625,3.7131500244140625,13.483200073242188,29.880615234375,43.906532287597656,65.09989166259766,64.94776153564453,64.93087768554688,56.300498962402344,46.52419662475586,34.0831413269043
2025-07-10,84.84534454345703,74.63444519042969,66.78907012939453,72.11846923828125,75.24349975585938,100.60322570800781,97.77274322509766,78.13886260986328,53.65641784667969,40.44530487060547,39.238059997558594,33.48204803466797,27.430400848388672,29.367027282714844,33.98177719116211,51.20913314819336,77.90188598632812,96.55370330810547,117.2062759399414,114.24186706542969,105.41353607177734,96.00318908691406,85.19147491455078,77.52367401123047
2025-07-11,58.248924255371094,50.90364456176758,48.63496398925781,53.192935943603516,55.23483657836914,69.56759643554688,72.37407684326172,53.912689208984375,32.68125915527344,15.113182067871094,8.383262634277344,3.326751708984375,3.6652679443359375,9.52239990234375,19.834548950195312,39.17548370361328,63.19890213012695,90.70280456542969,105.51155090332031,103.46269989013672,98.10713195800781,86.12171173095703,76.13921356201172,64.20589447021484
2025-07-12,68.22701263427734,59.63862991333008,50.76374816894531,49.33839416503906,55.64350509643555,59.90510559082031,58.370079040527344,47.11201477050781,29.490631103515625,22.850387573242188,16.30364990234375,14.750167846679688,9.344413757324219,4.517524719238281,22.583267211914062,40.576988220214844,62.48997116088867,90.41073608398438,94.45271301269531,88.64366149902344,98.88668823242188,89.52890014648438,72.7022933959961,70.58275604248047
2025-07-13,78.90023803710938,70.40882873535156,67.31954956054688,64.75035095214844,60.00725555419922,52.73231506347656,51.01276397705078,37.80914306640625,22.33757781982422,15.323265075683594,9.710472106933594,-1.8671112060546875,-7.03009033203125,2.0239410400390625,20.985084533691406,39.45621109008789,63.489845275878906,80.9520034790039,94.9520263671875,100.55961608886719,99.80853271484375,83.87759399414062,79.57939147949219,67.90724182128906
2025-07-14,63.176910400390625,55.07331466674805,52.14128875732422,55.884132385253906,56.031036376953125,64.34595489501953,68.06910705566406,58.09486770629883,45.83713150024414,32.245628356933594,30.901809692382812,24.536544799804688,21.189842224121094,21.426345825195312,25.336814880371094,35.072853088378906,49.76298522949219,70.13501739501953,90.57673645019531,102.10502624511719,105.63740539550781,95.81167602539062,84.74449920654297,73.98481750488281
2025-07-15,55.01454162597656,47.76536178588867,46.66367721557617,54.964508056640625,61.73735809326172,78.70207214355469,84.55660247802734,69.73709106445312,53.115509033203125,42.981937408447266,40.557289123535156,32.06013488769531,30.288612365722656,28.064525604248047,34.01784133911133,48.294918060302734,68.67244720458984,86.04095458984375,105.32012176513672,111.66012573242188,109.22056579589844,97.07280731201172,86.03388214111328,72.71772766113281
2025-07-16,53.72300338745117,46.976898193359375,47.065155029296875,48.33030700683594,54.04239273071289,67.20578002929688,73.04891204833984,59.052978515625,44.52186965942383,30.92572784423828,25.734642028808594,20.748634338378906,20.133689880371094,18.352134704589844,25.550052642822266,38.99863815307617,56.79243850708008,75.79527282714844,88.09896850585938,93.86827850341797,93.79254150390625,84.41191864013672,71.230712890625,58.96092224121094
2025-07-17,89.9885482788086,81.79405975341797,74.76188659667969,79.26732635498047,88.79029083251953,105.28502655029297,110.7336654663086,98.39288330078125,88.07279205322266,76.8216552734375,74.73933410644531,67.09522247314453,61.88405227661133,66.58699798583984,73.42870330810547,83.93600463867188,106.19369506835938,122.67724609375,129.17120361328125,127.52674865722656,120.77497863769531,109.39171600341797,103.10974884033203,92.61322021484375
2025-07-18,84.77143859863281,78.21448516845703,73.53050231933594,76.10647583007812,87.55178833007812,103.15497589111328,107.1585464477539,92.6819076538086,78.21810150146484,63.71453857421875,59.07911682128906,50.75623321533203,48.3110237121582,55.21942901611328,62.011138916015625,78.17276000976562,95.20977020263672,110.97394561767578,114.37167358398438,115.2736587524414,107.56735229492188,98.51028442382812,97.29772186279297,81.79722595214844
2025-07-19,81.07212829589844,76.0843734741211,71.42925262451172,70.73143005371094,66.88023376464844,66.48228454589844,68.53269958496094,62.5663948059082,55.65947723388672,52.27202606201172,51.01862335205078,45.08088302612305,40.46907043457031,41.06538009643555,45.11085510253906,57.11750030517578,70.06997680664062,81.5563735961914,91.55072784423828,96.34732818603516,100.2586669921875,92.1943130493164,86.99082946777344,78.19468688964844
2025-07-20,39.76763153076172,31.919754028320312,27.887401580810547,26.530174255371094,28.906681060791016,25.319480895996094,21.200881958007812,11.78076171875,4.544342041015625,2.30450439453125,2.3537063598632812,-1.6849441528320312,-10.177391052246094,-6.585243225097656,0.17156219482421875,21.738128662109375,46.646385192871094,69.56427764892578,87.5042495727539,91.45982360839844,98.94558715820312,89.05166625976562,73.03790283203125,60.717872619628906
2025-07-21,39.016483306884766,32.184967041015625,33.73583221435547,42.4227294921875,46.132041931152344,62.19419860839844,64.96957397460938,51.141761779785156,40.35675811767578,37.22393035888672,35.59123611450195,27.91531753540039,32.91778564453125,26.32489776611328,29.436420440673828,31.61237335205078,41.373634338378906,55.763694763183594,63.647987365722656,70.18989562988281,70.69796752929688,66.7986831665039,56.24760437011719,47.76720428466797
2025-07-22,61.73490905761719,51.49584197998047,45.08296585083008,51.78615951538086,55.75698471069336,64.82845306396484,69.18312072753906,53.56687545776367,40.086341857910156,28.472198486328125,27.58525848388672,23.92900848388672,17.03386688232422,17.217864990234375,21.491317749023438,32.35325622558594,45.9873046875,62.585838317871094,75.41178131103516,82.9696044921875,84.90062713623047,74.88092041015625,68.80693817138672,57.59147644042969
2025-07-23,73.8980712890625,67.69380187988281,62.099464416503906,63.264949798583984,69.73666381835938,76.1218490600586,84.26713562011719,70.74100494384766,49.178829193115234,35.478519439697266,33.0303840637207,23.56676483154297,22.365890502929688,26.481304168701172,34.60976791381836,51.865577697753906,69.691650390625,91.73687744140625,102.79969787597656,100.97164916992188,101.7071304321289,84.86502075195312,76.19674682617188,65.01904296875
2025-07-24,82.77124786376953,79.12761688232422,73.67890930175781,73.63693237304688,77.2486343383789,89.81727600097656,97.56512451171875,82.90125274658203,69.24610900878906,59.185489654541016,55.46268844604492,52.925899505615234,53.202369689941406,57.037445068359375,62.26555633544922,78.39044952392578,92.09022521972656,105.77375030517578,113.130859375,112.46549987792969,107.89025115966797,96.8010482788086,91.45237731933594,83.82662200927734
2025-07-25,86.1416015625,80.14359283447266,77.74361419677734,83.66207885742188,88.12939453125,101.43714904785156,100.76224517822266,88.22666931152344,70.09234619140625,58.081729888916016,57.01731872558594,46.26478576660156,41.57769012451172,46.245452880859375,53.4515266418457,64.83111572265625,82.86528015136719,99.499267578125,109.37458038330078,106.64894104003906,104.88818359375,95.30469512939453,89.92543029785156,84.58612060546875
2025-07-26,69.29415893554688,60.98215103149414,57.03076171875,57.542396545410156,57.83047103881836,60.51514434814453,59.19173049926758,49.510711669921875,42.225467681884766,37.97837829589844,36.846092224121094,26.999610900878906,21.24758529663086,21.930103302001953,25.214794158935547,33.80949401855469,53.11631774902344,71.86497497558594,84.83763885498047,92.49493408203125,100.49983215332031,91.86408996582031,78.18744659423828,68.044677734375
2025-07-27,43.05986404418945,35.068721771240234,32.51787185668945,31.408008575439453,34.13466262817383,29.809524536132812,24.918968200683594,11.573348999023438,-0.2913970947265625,-5.615509033203125,-7.1035308837890625,-16.392898559570312,-20.300308227539062,-23.83751678466797,-9.144432067871094,6.660591125488281,28.68000030517578,45.28485107421875,63.29664611816406,73.07243347167969,80.38798522949219,71.19385528564453,59.724796295166016,46.70212936401367
2025-07-28,48.334774017333984,40.89174270629883,40.59716796875,47.93238067626953,51.99560546875,62.516563415527344,70.4447250366211,59.678977966308594,48.416561126708984,41.67514419555664,41.161495208740234,37.15665054321289,30.622314453125,32.54810333251953,34.6525993347168,45.224464416503906,62.62104415893555,83.39295959472656,94.79934692382812,90.51262664794922,96.98583221435547,84.96426391601562,76.42972564697266,66.31694793701172
2025-07-29,35.95079803466797,29.71613311767578,26.81877899169922,33.38783264160156,37.66862487792969,52.521053314208984,60.83917236328125,47.669593811035156,33.743064880371094,24.335411071777344,20.22779083251953,15.152809143066406,13.010696411132812,12.6214599609375,12.745231628417969,29.22319793701172,45.80097198486328,64.81446075439453,74.72319030761719,79.79862976074219,82.75405883789062,72.10765075683594,62.54872512817383,50.26227951049805
2025-07-30,45.25136184692383,37.374732971191406,34.310821533203125,40.703651428222656,49.41114807128906,59.26631164550781,62.582942962646484,51.457275390625,37.875579833984375,27.09906768798828,27.396255493164062,18.49932098388672,15.328437805175781,18.86956024169922,23.818511962890625,34.869140625,53.66608428955078,71.231201171875,78.76869201660156,78.6170425415039,80.10459899902344,70.13093566894531,63.80500030517578,53.342132568359375
2025-07-31,63.24537658691406,55.52257537841797,54.1063232421875,60.38884735107422,64.1962890625,75.43685913085938,80.53834533691406,66.4832534790039,52.69984817504883,46.146915435791016,45.25657272338867,36.42874526977539,34.3494758605957,35.21012878417969,37.942256927490234,45.69580078125,56.12163543701172,65.23682403564453,76.99285888671875,87.52688598632812,86.03878784179688,76.51522064208984,70.77146911621094,57.931968688964844
2025-08-01,77.14432525634766,70.18914794921875,65.60301971435547,70.57341766357422,75.71662902832031,87.8011245727539,85.22721862792969,63.17112350463867,46.281734466552734,37.43148422241211,35.93461608886719,29.45693588256836,27.145084381103516,26.425983428955078,31.035160064697266,41.05333709716797,57.491668701171875,69.50212097167969,79.8491439819336,95.05337524414062,91.36076354980469,82.70357513427734,74.07901763916016,63.46953582763672
2025-08-02,66.44235229492188,57.288875579833984,53.83137130737305,55.464019775390625,55.77916717529297,55.77239227294922,51.21300506591797,32.29740905761719,19.793190002441406,10.840591430664062,9.530807495117188,3.9862518310546875,-1.4516067504882812,6.50018310546875,13.00030517578125,26.19664764404297,46.68821716308594,65.9107437133789,86.8669662475586,97.80337524414062,99.4877700805664,88.19554901123047,77.22894287109375,62.79582214355469
2025-08-03,60.09056091308594,51.29873275756836,44.135650634765625,45.924930572509766,48.16533279418945,48.89998245239258,41.202857971191406,22.44792938232422,3.5956573486328125,-5.474586486816406,-8.435104370117188,-18.991302490234375,-25.068344116210938,-23.096282958984375,-14.492233276367188,1.5817108154296875,36.068023681640625,58.001609802246094,75.31411743164062,79.93211364746094,88.53868103027344,78.6290283203125,68.96063232421875,54.00407409667969
2025-08-04,55.996253967285156,49.62247085571289,38.30253601074219,53.53123092651367,56.36229705810547,69.91661071777344,72.43293762207031,57.56247329711914,46.879417419433594,47.72826385498047,31.108875274658203,22.41185760498047,29.62653350830078,28.737377166748047,35.50685119628906,34.963348388671875,64.54533386230469,88.78189086914062,84.46898651123047,99.80335235595703,91.08914947509766,89.7179946899414,70.44999694824219,66.81205749511719
2025-08-05,0.8625869750976562,-4.3970489501953125,-5.007331848144531,-2.7329483032226562,0.9604110717773438,12.698806762695312,15.020973205566406,5.2303924560546875,-6.81982421875,-10.495628356933594,-10.918495178222656,-15.103805541992188,-19.1412353515625,-20.258895874023438,-14.047660827636719,-1.4146804809570312,12.961593627929688,51.943603515625,59.43463134765625,67.26811218261719,71.86006164550781,59.759849548339844,42.720436096191406,31.32318878173828
2025-08-06,35.490779876708984,28.731746673583984,27.978721618652344,32.47531509399414,39.71735382080078,49.17725372314453,53.437103271484375,36.77110290527344,25.4912109375,15.215103149414062,14.331146240234375,8.339729309082031,-0.3772430419921875,5.5257568359375,9.020378112792969,23.810142517089844,44.43232727050781,59.5196533203125,61.50775909423828,72.01582336425781,78.01918029785156,63.48213577270508,56.61426544189453,42.64516067504883
2025-08-07,59.16206741333008,51.270179748535156,47.25526428222656,52.72301483154297,60.105743408203125,72.65473175048828,73.51937866210938,54.19395065307617,34.81163024902344,21.487892150878906,12.79241943359375,4.300148010253906,-0.276580810546875,5.855628967285156,17.96125030517578,34.169551849365234,56.19606399536133,79.69610595703125,87.90750122070312,90.5859375,90.16665649414062,82.69488525390625,68.4829330444336,54.284793853759766
2025-08-08,60.1448974609375,53.229915618896484,47.48442840576172,52.42948913574219,51.05175018310547,62.8207893371582,61.48381042480469,45.61901092529297,27.12194061279297,18.83111572265625,15.971412658691406,7.737022399902344,6.157806396484375,13.301849365234375,17.315078735351562,35.820186614990234,53.346046447753906,77.16203308105469,85.88983154296875,90.95411682128906,90.48859405517578,80.04781341552734,69.74592590332031,58.71809387207031
2025-08-09,62.068878173828125,52.865516662597656,50.0909309387207,50.958229064941406,51.30379104614258,51.04019546508789,52.08354187011719,32.91349792480469,17.89178466796875,6.116065979003906,6.363922119140625,-4.163063049316406,-8.700355529785156,0.08380126953125,9.461357116699219,23.50324249267578,51.88177490234375,81.65293884277344,81.21136474609375,92.49066162109375,90.34188842773438,82.20296478271484,68.12710571289062,64.65200805664062
2025-08-10,63.32039260864258,54.747840881347656,52.1209831237793,51.838279724121094,50.1965446472168,45.49394607543945,39.72137451171875,20.879531860351562,7.049217224121094,-5.300941467285156,-5.831367492675781,-13.985603332519531,-20.62286376953125,-16.309860229492188,3.4686508178710938,18.621566772460938,45.30249786376953,66.31621551513672,83.60987854003906,89.87840270996094,89.80323028564453,78.63038635253906,72.23526763916016,64.72270202636719
2025-08-11,27.95159912109375,25.7904052734375,21.43210220336914,25.031723022460938,30.633190155029297,43.66423797607422,50.27641296386719,33.5806884765625,19.158607482910156,12.287071228027344,10.760398864746094,5.1670684814453125,2.702667236328125,5.660575866699219,11.711349487304688,32.65337371826172,58.020973205566406,84.82011413574219,82.24593353271484,84.6417236328125,86.5853500366211,75.77017211914062,60.483699798583984,48.99513244628906
2025-08-12,75.05036926269531,69.62632751464844,69.4048843383789,72.79866790771484,74.4755859375,80.24445343017578,83.201171875,65.68232727050781,52.61045455932617,43.072593688964844,43.54134750366211,40.796913146972656,35.791229248046875,44.58106231689453,49.36347579956055,63.55881118774414,79.23890686035156,97.80410766601562,110.56498718261719,112.56813049316406,111.99762725830078,101.76203918457031,91.54998016357422,82.81867218017578
2025-08-13,82.01153564453125,76.98678588867188,69.33256530761719,68.98554229736328,77.04373168945312,92.55686950683594,99.8071517944336,85.43963623046875,67.76220703125,53.356971740722656,44.59040069580078,40.26700973510742,42.036949157714844,48.35694122314453,59.1005859375,80.18679809570312,103.676513671875,127.7542495727539,130.87522888183594,126.71988677978516,117.47138977050781,107.17488861083984,100.08927917480469,91.41567993164062
2025-08-14,83.14656829833984,77.94084930419922,74.37158966064453,77.40137481689453,87.45962524414062,99.47415924072266,102.82192993164062,90.36866760253906,77.60591125488281,69.05934143066406,63.69527053833008,57.64007568359375,58.91761779785156,63.94300079345703,73.60173797607422,89.09213256835938,107.49856567382812,122.9626235961914,122.75509643554688,117.47997283935547,112.89471435546875,100.98983764648438,93.35975646972656,88.4459228515625
2025-08-15,78.56244659423828,72.94371032714844,68.70186614990234,70.73052978515625,73.74723052978516,80.86003875732422,83.78555297851562,78.66999816894531,68.24400329589844,59.352142333984375,54.38764953613281,48.316307067871094,47.14556121826172,52.4534797668457,59.77179718017578,72.83566284179688,92.18667602539062,109.22301483154297,116.2394790649414,111.32537841796875,109.33563232421875,101.19910430908203,92.4697494506836,86.44337463378906
2025-08-16,69.3922348022461,63.041221618652344,60.752960205078125,57.874446868896484,58.55339050292969,70.0617904663086,66.74508666992188,57.812015533447266,43.8766975402832,33.059349060058594,33.59361267089844,24.26898956298828,26.31052017211914,24.654205322265625,43.366615295410156,54.283172607421875,72.41887664794922,97.24172973632812,106.61488342285156,102.9408950805664,100.49159240722656,96.23141479492188,85.72982788085938,79.68168640136719
2025-08-17,46.98801803588867,40.476707458496094,38.56592559814453,34.60222625732422,27.079429626464844,28.356536865234375,27.325820922851562,19.729217529296875,9.558975219726562,-1.2949981689453125,2.0400161743164062,-4.11181640625,-6.025535583496094,-3.7327957153320312,7.125083923339844,22.033920288085938,52.83610534667969,71.58477783203125,75.64403533935547,78.60163879394531,79.26255798339844,72.09597778320312,68.2656021118164,53.748966217041016
2025-08-18,55.93483352661133,51.22239303588867,45.70719528198242,54.19347381591797,61.14000701904297,77.26951599121094,81.46884155273438,65.54991912841797,55.12920379638672,41.926292419433594,38.722415924072266,36.6839714050293,37.9866828918457,40.33748245239258,44.16582107543945,60.03158950805664,78.83222961425781,100.47308349609375,106.40902709960938,105.7054443359375,96.99322509765625,86.47657775878906,77.04901123046875,68.16372680664062
2025-08-19,71.3311996459961,61.124427795410156,55.79869079589844,59.38439178466797,69.88581848144531,82.95664978027344,90.8681411743164,83.84623718261719,66.57551574707031,55.8449592590332,47.96196746826172,44.310150146484375,45.278446197509766,52.886165618896484,62.43592071533203,77.61563873291016,93.65835571289062,115.38787078857422,113.58392333984375,109.80197143554688,103.42809295654297,92.63851928710938,86.9664077758789,77.60936737060547
2025-08-20,66.6716537475586,60.399600982666016,58.44312286376953,62.311241149902344,66.76482391357422,83.03294372558594,88.34112548828125,74.44584655761719,63.68779373168945,55.83781814575195,51.89544677734375,50.22333526611328,45.87874984741211,52.489341735839844,54.69428634643555,66.70354461669922,79.12501525878906,96.24979400634766,104.40071105957031,104.862548828125,102.94921875,90.24668884277344,82.82269287109375,73.0419921875
2025-08-21,19.802452087402344,12.109275817871094,10.890945434570312,12.278450012207031,22.965560913085938,32.562744140625,44.570465087890625,38.402183532714844,30.482467651367188,20.603729248046875,17.59991455078125,15.258987426757812,11.772811889648438,16.61534881591797,23.184219360351562,37.33751678466797,54.53068542480469,70.24256134033203,80.06283569335938,72.89625549316406,74.67979431152344,65.74919128417969,54.544036865234375,44.829261779785156
2025-08-22,48.526180267333984,43.47942352294922,39.78635025024414,39.39030838012695,40.69939041137695,39.93348693847656,44.74803161621094,34.79881286621094,16.85205078125,7.361442565917969,3.9063568115234375,-2.3940963745117188,-0.40526580810546875,3.8237686157226562,10.236015319824219,23.604461669921875,39.897804260253906,57.97514343261719,81.3133544921875,77.56542205810547,78.11546325683594,69.46012115478516,57.25722122192383,48.69135665893555
2025-08-23,80.95104217529297,72.88726043701172,66.7465591430664,71.00547790527344,70.21855926513672,76.24421691894531,72.82708740234375,58.31033706665039,42.07280731201172,27.377227783203125,20.76897430419922,12.562881469726562,7.4202728271484375,14.337699890136719,24.426544189453125,41.85294723510742,55.23345947265625,71.52889251708984,97.9154052734375,100.24734497070312,94.12976837158203,84.8558120727539,79.7886734008789,68.82652282714844
2025-08-24,77.54661560058594,69.28404235839844,67.10663604736328,66.57645416259766,66.3788833618164,65.44450378417969,59.29549026489258,41.78990936279297,17.10430145263672,10.444229125976562,11.162673950195312,-5.064323425292969,-9.714271545410156,-4.766571044921875,10.698051452636719,32.169189453125,54.39399719238281,79.4478530883789,96.59324645996094,107.11983489990234,106.74927520751953,93.35930633544922,81.869140625,70.56866455078125
2025-08-25,73.6640396118164,66.35752868652344,61.35398864746094,65.05484008789062,77.97034454345703,94.95849609375,96.93854522705078,75.68009185791016,53.90591812133789,43.3592414855957,36.41645812988281,30.262367248535156,26.64697265625,36.58021926879883,41.80585479736328,65.66838836669922,93.77923583984375,120.58643341064453,123.98167419433594,120.44075775146484,110.03511047363281,98.86309814453125,88.48662567138672,73.25562286376953
2025-08-26,81.57293701171875,75.251708984375,73.56605529785156,77.89500427246094,87.23274993896484,102.66825866699219,107.17672729492188,90.83540344238281,68.78917694091797,54.02485275268555,44.548526763916016,37.792110443115234,39.36476135253906,45.117733001708984,54.595123291015625,72.17185974121094,92.78092956542969,114.1239242553711,131.37245178222656,123.92195892333984,112.25477600097656,99.954345703125,95.61636352539062,84.7063217163086
2025-08-27,80.18838500976562,74.57740020751953,72.2346420288086,76.41849517822266,86.3854751586914,102.25941467285156,108.31157684326172,92.34459686279297,72.13949584960938,61.23733901977539,55.86681365966797,44.4337043762207,43.26079177856445,48.9111213684082,53.9530143737793,74.74966430664062,97.593017578125,122.83155822753906,130.9766387939453,123.49706268310547,116.52708435058594,105.22627258300781,96.46839141845703,88.6807861328125
2025-08-28,85.61030578613281,77.22537231445312,77.31141662597656,80.30561065673828,87.51985168457031,105.62104797363281,114.46623229980469,99.67814636230469,79.50236511230469,67.9482650756836,59.36481857299805,50.746822357177734,47.0257682800293,52.118408203125,60.89759826660156,77.81124877929688,99.7799301147461,116.35888671875,126.09786987304688,114.87638092041016,109.40095520019531,101.70162200927734,96.73124694824219,86.80055236816406
2025-08-29,50.51081848144531,43.87266540527344,38.4771842956543,40.82526779174805,47.93184280395508,57.73483657836914,63.22761535644531,46.74211883544922,27.64618682861328,13.538406372070312,10.906684875488281,6.2368011474609375,4.26129150390625,6.944511413574219,15.020027160644531,33.57966613769531,58.8588981628418,81.1840591430664,90.34489440917969,85.12804412841797,85.20848083496094,76.14178466796875,67.22825622558594,57.898372650146484
2025-08-30,42.92439270019531,34.42287063598633,28.409542083740234,30.69829559326172,39.52391052246094,44.9649658203125,45.406646728515625,25.132339477539062,5.8373260498046875,-0.47440338134765625,-4.189933776855469,-12.788604736328125,-16.558853149414062,-11.464080810546875,-1.4134445190429688,19.516822814941406,49.28953552246094,72.320556640625,87.3398666381836,93.43470764160156,99.259033203125,91.9383316040039,74.2294921875,57.743106842041016
2025-08-31,1.7208175659179688,-3.1329574584960938,-7.24176025390625,-3.1548690795898438,-2.3082656860351562,1.8063201904296875,-0.9312744140625,-11.136756896972656,-26.97937774658203,-37.581199645996094,-37.78540802001953,-49.514434814453125,-53.02825927734375,-48.80450439453125,-31.274009704589844,-12.744056701660156,18.443389892578125,48.434776306152344,62.668663024902344,60.436309814453125,68.7812728881836,59.56991958618164,39.714744567871094,27.303077697753906
2025-09-01,19.701919555664062,15.066429138183594,11.311042785644531,16.951560974121094,32.07876205444336,57.334415435791016,64.27127075195312,53.71586990356445,33.480003356933594,23.37310791015625,19.562156677246094,15.1976318359375,12.933929443359375,15.047126770019531,19.081138610839844,27.57848358154297,46.93543243408203,72.56366729736328,70.69554138183594,59.9058837890625,57.746681213378906,48.22890090942383,37.92340087890625,28.628555297851562
2025-09-02,24.67920684814453,21.06573486328125,21.253368377685547,32.640357971191406,36.13188552856445,53.390621185302734,52.47914123535156,44.01856994628906,22.992034912109375,19.196792602539062,11.327049255371094,-0.06531524658203125,3.8648834228515625,2.26849365234375,-5.899665832519531,18.13085174560547,33.434669494628906,59.47998046875,72.11383056640625,76.85710144042969,70.86033630371094,57.81064224243164,55.23341369628906,36.461585998535156
2025-09-03,15.379058837890625,8.8861083984375,6.4218597412109375,13.571205139160156,22.890716552734375,35.07099151611328,47.92889404296875,32.416290283203125,26.751785278320312,14.221748352050781,14.227447509765625,6.434196472167969,3.5618667602539062,11.420494079589844,10.396369934082031,24.03118896484375,42.60368347167969,61.94413757324219,65.39189910888672,56.99103546142578,55.200645446777344,42.827796936035156,33.14776611328125,26.246192932128906
2025-09-04,22.22290802001953,17.194473266601562,12.488739013671875,18.964065551757812,25.192367553710938,32.05364990234375,42.538856506347656,37.197166442871094,19.79735565185547,15.157279968261719,13.143142700195312,0.6194305419921875,5.573539733886719,9.205009460449219,8.742538452148438,21.734169006347656,43.967559814453125,59.804725646972656,56.873077392578125,57.378662109375,67.21652221679688,54.83100128173828,41.241058349609375,32.84736633300781
2025-09-05,48.522483825683594,41.51991271972656,36.808956146240234,42.230899810791016,51.58329772949219,62.0944709777832,69.97138214111328,55.444244384765625,32.05548858642578,17.719192504882812,19.034408569335938,7.325675964355469,4.0803375244140625,5.417999267578125,10.989151000976562,31.576278686523438,53.970001220703125,71.96343994140625,86.6650619506836,84.48197937011719,83.09442138671875,72.86253356933594,64.26876831054688,45.63824462890625
2025-09-06,53.7230110168457,44.85124588012695,40.656822204589844,41.92287063598633,48.338802337646484,48.7406005859375,48.746337890625,32.484230041503906,15.670433044433594,3.0590362548828125,1.2627639770507812,-11.467643737792969,-14.210044860839844,-8.868682861328125,-1.4202651977539062,13.5465087890625,33.84520721435547,56.00463104248047,67.50157165527344,70.01832580566406,72.21234130859375,62.204078674316406,51.784366607666016,42.890113830566406
2025-09-07,5.325408935546875,-4.7166900634765625,-9.273414611816406,-8.539436340332031,-9.2958984375,-10.216995239257812,-17.897735595703125,-25.613128662109375,-29.995468139648438,-30.59613800048828,-32.63166046142578,-39.85437774658203,-42.49818420410156,-30.184097290039062,-26.30583953857422,-4.554176330566406,20.510398864746094,41.908363342285156,44.96612548828125,48.55723571777344,48.00321960449219,34.747474670410156,23.42894744873047,18.980308532714844
2025-09-08,53.10586929321289,45.96240234375,40.60109329223633,51.06087875366211,69.56138610839844,94.2385482788086,102.04377746582031,86.48684692382812,59.89834976196289,46.75666809082031,37.56610107421875,33.83003616333008,30.640365600585938,34.60392761230469,38.06784439086914,55.43055725097656,76.01591491699219,104.0998306274414,110.65269470214844,103.88259887695312,106.34342193603516,86.18409729003906,75.0787582397461,60.78874969482422
2025-09-09,41.095035552978516,35.37489318847656,31.265613555908203,35.9627799987793,44.88906478881836,65.54570007324219,75.25813293457031,65.49020385742188,54.09174346923828,44.410579681396484,32.1729621887207,29.86941909790039,26.606475830078125,27.669330596923828,34.14186096191406,45.901023864746094,63.85942077636719,84.56370544433594,84.20780181884766,79.11004638671875,71.92076110839844,63.00791931152344,54.79862976074219,42.31995391845703
2025-09-10,5.841636657714844,0.780181884765625,-2.1093292236328125,-1.7514190673828125,18.6785888671875,49.41508483886719,72.23004913330078,62.214481353759766,36.85614013671875,15.192253112792969,11.913177490234375,6.164848327636719,4.957893371582031,6.911094665527344,9.829452514648438,19.68592071533203,55.23115539550781,82.29208374023438,89.87542724609375,72.822509765625,65.80708312988281,59.1888542175293,42.01663589477539,35.3343505859375
2025-09-11,17.27172088623047,11.858711242675781,9.3291015625,12.419998168945312,27.516189575195312,44.18798828125,55.52119064331055,47.640289306640625,30.926712036132812,22.8106689453125,17.17418670654297,11.647186279296875,9.097251892089844,5.688385009765625,14.782638549804688,23.16998291015625,44.97151184082031,70.36824035644531,78.19891357421875,69.77284240722656,64.14683532714844,60.41165542602539,48.80998992919922,39.85517120361328
2025-09-12,0.7063980102539062,-3.3318634033203125,-3.12774658203125,3.8871612548828125,14.508743286132812,27.358352661132812,33.10974884033203,27.71747589111328,15.033737182617188,8.511444091796875,5.9739227294921875,1.97662353515625,-1.175811767578125,-0.35257720947265625,6.610527038574219,12.730995178222656,33.748985290527344,55.582130432128906,50.18849182128906,52.46649169921875,54.05354309082031,50.55826187133789,31.957374572753906,22.849945068359375
2025-09-13,8.76458740234375,0.462890625,-2.3568954467773438,-2.63427734375,1.0156097412109375,3.9907073974609375,5.8251190185546875,5.300590515136719,-2.0227279663085938,-9.413825988769531,-8.601310729980469,-19.283554077148438,-25.05512237548828,-16.94971466064453,-7.947669982910156,0.1442108154296875,18.5673828125,40.705223083496094,35.375396728515625,30.14881134033203,31.0198974609375,27.940147399902344,8.852447509765625,5.847602844238281
2025-09-14,14.360504150390625,9.699775695800781,3.8316421508789062,11.293731689453125,15.386451721191406,16.725387573242188,13.495712280273438,4.753875732421875,-0.1162872314453125,-11.574752807617188,-23.167259216308594,-19.315765380859375,-27.055648803710938,-19.63062286376953,-7.941368103027344,12.462303161621094,27.994033813476562,42.331565856933594,46.23081970214844,39.24070739746094,51.630455017089844,42.240440368652344,34.29370880126953,31.635162353515625
2025-09-15,5.197532653808594,2.6739883422851562,0.6278533935546875,5.360069274902344,12.147331237792969,34.47644805908203,49.24126434326172,40.23223876953125,19.311233520507812,9.06512451171875,12.552215576171875,4.76904296875,0.22214508056640625,-0.9444122314453125,4.558074951171875,11.498970031738281,31.922927856445312,49.991851806640625,44.371864318847656,44.49474334716797,53.292572021484375,47.046348571777344,34.72376251220703,26.194290161132812
2025-09-16,1.2111053466796875,-4.055084228515625,-5.661651611328125,-1.5063400268554688,10.368705749511719,24.006072998046875,34.71137237548828,23.89513397216797,14.243675231933594,12.875930786132812,11.125587463378906,9.949317932128906,8.216323852539062,8.448455810546875,7.479881286621094,10.586738586425781,23.923126220703125,39.47150421142578,42.19068145751953,38.955345153808594,39.44342803955078,35.57514953613281,18.499954223632812,10.164321899414062
2025-09-17,56.45036697387695,48.25830841064453,41.76753616333008,40.55016326904297,54.11685562133789,71.68944549560547,77.48873901367188,57.735984802246094,33.907508850097656,23.102081298828125,17.49353790283203,9.481056213378906,10.222076416015625,11.880218505859375,18.67430877685547,31.665496826171875,49.90007781982422,76.50381469726562,75.81329345703125,74.12870788574219,68.58482360839844,52.91120529174805,46.940311431884766,42.30158996582031
2025-09-18,27.78952407836914,17.65839385986328,13.96978759765625,20.727130889892578,37.25697326660156,56.2823600769043,58.40339660644531,45.383750915527344,25.98553466796875,18.118301391601562,13.619529724121094,6.7400970458984375,3.9172286987304688,3.2157516479492188,10.20184326171875,29.241905212402344,58.639259338378906,75.52877807617188,65.9765853881836,66.19020080566406,66.51493835449219,55.0017204284668,39.859989166259766,29.544639587402344
2025-09-19,70.17899322509766,57.898929595947266,45.81764602661133,54.576541900634766,75.54756164550781,97.60627746582031,97.51436614990234,73.56021118164062,65.17144775390625,48.16349792480469,45.460609436035156,35.60555648803711,40.580875396728516,31.3748779296875,39.24431228637695,53.40119552612305,98.15335083007812,102.37991333007812,103.9947738647461,96.52751922607422,91.41010284423828,82.18207550048828,81.2046127319336,69.58370971679688
2025-09-20,8.853645324707031,8.804901123046875,6.6162109375,11.760589599609375,12.613906860351562,19.610092163085938,24.9444580078125,21.204483032226562,7.019447326660156,-4.908287048339844,-3.6817855834960938,-10.261772155761719,-11.115264892578125,-3.816650390625,9.299102783203125,26.87554168701172,47.26728057861328,66.64389038085938,70.95687866210938,64.7523193359375,61.81563949584961,57.62379455566406,44.78757858276367,40.36695098876953
2025-09-21,-2.6695556640625,-3.1980361938476562,-4.7813568115234375,-8.020896911621094,-6.97509765625,-2.1697845458984375,-2.2212982177734375,-8.395515441894531,-16.00189971923828,-17.640151977539062,-20.19799041748047,-28.90355682373047,-33.219818115234375,-21.376312255859375,-10.699211120605469,3.2633285522460938,27.31011199951172,43.857948303222656,40.49554443359375,38.52368927001953,34.11194610595703,31.256507873535156,16.24964141845703,7.304718017578125
2025-09-22,19.507797241210938,11.968467712402344,9.90435791015625,17.80462646484375,35.24710464477539,58.2273063659668,70.96324920654297,56.63852310180664,41.856964111328125,33.791053771972656,29.74643325805664,24.44921112060547,15.884536743164062,19.845333099365234,28.563228607177734,44.07777404785156,63.73094177246094,90.11617279052734,86.6170654296875,74.93516540527344,76.03446960449219,64.21058654785156,46.96039581298828,39.076297760009766
2025-09-23,10.601005554199219,6.2967071533203125,5.0415496826171875,4.530097961425781,17.23210906982422,36.208168029785156,50.06044006347656,29.292312622070312,17.979232788085938,13.053764343261719,7.886039733886719,5.3544921875,3.6321182250976562,2.1504898071289062,2.5619277954101562,3.9645462036132812,17.344467163085938,37.887229919433594,37.88299560546875,46.96630096435547,45.46113586425781,42.15696716308594,28.922630310058594,17.40290069580078
2025-09-24,-2.2062301635742188,-5.284263610839844,-8.396965026855469,-5.099884033203125,3.3130874633789062,21.97765350341797,34.63410186767578,27.586959838867188,11.55816650390625,6.974708557128906,4.278099060058594,2.786224365234375,3.2470932006835938,3.3857650756835938,6.4984893798828125,9.981773376464844,25.65154266357422,46.89830780029297,43.87763214111328,36.26728820800781,42.92822265625,38.31195068359375,20.91631317138672,11.910911560058594
2025-09-25,41.84328842163086,35.8346061706543,32.38542938232422,39.47078323364258,56.54233169555664,85.13182067871094,101.1510009765625,85.10375213623047,58.62602233886719,40.88052749633789,34.027530670166016,30.372459411621094,28.082073211669922,29.294124603271484,39.61882019042969,58.053585052490234,81.39778137207031,111.09973907470703,101.06355285644531,83.96712493896484,79.52418518066406,66.64654541015625,56.3736572265625,50.642459869384766
2025-09-26,64.31947326660156,57.10032272338867,50.99327850341797,54.606319427490234,73.60579681396484,100.8223648071289,106.81744384765625,88.2396469116211,66.91529846191406,52.74985122680664,45.80455017089844,37.512290954589844,33.862884521484375,33.70278549194336,39.60959243774414,53.07858657836914,76.9594497680664,99.81388854980469,97.92974853515625,86.26326751708984,84.34730529785156,76.08079528808594,66.63536071777344,62.10942840576172
2025-09-27,60.673133850097656,55.921180725097656,50.45417785644531,50.79983139038086,57.14699935913086,65.37364959716797,69.28009033203125,55.106590270996094,41.95793533325195,34.613006591796875,29.19076156616211,22.252548217773438,22.02117919921875,25.15863800048828,33.38711166381836,42.90324401855469,62.59799575805664,80.64598846435547,84.63381958007812,81.70230102539062,81.07130432128906,73.4486083984375,68.95319366455078,56.13691711425781
2025-09-28,48.63776397705078,40.46367263793945,34.7287483215332,32.587791442871094,40.85066604614258,42.98533630371094,41.206687927246094,26.461929321289062,14.937271118164062,7.9708404541015625,1.3879928588867188,-3.2061004638671875,-8.52679443359375,-9.029121398925781,2.2542877197265625,15.936546325683594,44.186195373535156,68.52669525146484,77.28497314453125,72.73723602294922,73.92478942871094,66.8497314453125,56.942501068115234,53.16026306152344
2025-09-29,51.582515716552734,44.22166442871094,40.22821044921875,49.0379638671875,63.24470901489258,85.28482818603516,97.0048828125,83.49203491210938,59.49413299560547,48.04884338378906,45.18247604370117,36.07548141479492,30.14775848388672,28.994659423828125,33.86847686767578,49.7867317199707,73.07701110839844,92.95169067382812,103.21223449707031,95.2713623046875,89.69307708740234,77.54586029052734,68.92900848388672,60.334503173828125
2025-09-30,65.05349731445312,58.74302673339844,55.76774597167969,58.878543853759766,71.30628967285156,87.5410385131836,99.74272918701172,87.1597671508789,65.42756652832031,50.19097137451172,46.239830017089844,40.9848747253418,38.24535369873047,37.30602264404297,40.226898193359375,52.31177520751953,71.59663391113281,92.71919250488281,96.10421752929688,84.96956634521484,81.47064208984375,70.27727508544922,59.96529769897461,58.377376556396484
2025-10-01,80.45942687988281,72.47811126708984,66.90961456298828,72.50298309326172,86.80491638183594,107.48153686523438,114.58488464355469,103.67717742919922,77.26887512207031,63.164031982421875,56.431434631347656,52.12577819824219,47.25079345703125,46.76048278808594,52.96870040893555,65.8280029296875,87.3307876586914,108.84298706054688,105.50264739990234,97.17816162109375,91.50259399414062,82.58360290527344,76.77182006835938,67.94347381591797
2025-10-02,66.75762176513672,59.906646728515625,54.83200454711914,62.577152252197266,81.0865249633789,104.84098052978516,115.79215240478516,96.08700561523438,67.75514221191406,49.637901306152344,39.18611145019531,31.996448516845703,29.354183197021484,30.154346466064453,42.72719955444336,61.93400192260742,88.53553771972656,114.09092712402344,112.87129211425781,95.29861450195312,87.26202392578125,80.07646942138672,73.61962890625,67.10263061523438
2025-10-03,39.88320541381836,37.96151351928711,34.56243896484375,36.46814727783203,52.22542953491211,80.70453643798828,93.70044708251953,70.50907897949219,50.10206985473633,33.336265563964844,23.072418212890625,19.0,18.418861389160156,18.0814208984375,24.60824203491211,38.794010162353516,65.5057373046875,86.12271118164062,95.4051513671875,77.77840423583984,67.85106658935547,61.32957458496094,51.20780563354492,42.32982635498047
2025-10-04,10.125274658203125,4.626686096191406,0.62115478515625,0.6188201904296875,4.080322265625,16.310829162597656,25.99742889404297,29.38805389404297,18.240081787109375,6.336341857910156,1.25543212890625,0.6643447875976562,-7.927055358886719,-5.511772155761719,3.8819198608398438,7.917144775390625,24.47362518310547,42.47706604003906,59.99708557128906,52.35169982910156,42.684364318847656,40.13275909423828,34.43708038330078,27.5780029296875
2025-10-05,-0.8768386840820312,-2.7237091064453125,-5.438941955566406,-1.4320068359375,1.8528594970703125,1.2581558227539062,3.0753021240234375,5.559959411621094,2.1900863647460938,-0.383514404296875,-3.1855087280273438,-3.3940658569335938,0.5800399780273438,-0.32476806640625,4.844474792480469,2.759063720703125,18.664627075195312,30.997154235839844,32.61503601074219,28.397979736328125,26.286239624023438,24.67967987060547,16.01219940185547,13.830123901367188
2025-10-06,21.193016052246094,16.156471252441406,15.256061553955078,19.065242767333984,28.512676239013672,49.18806457519531,62.15438461303711,55.95379638671875,39.483985900878906,28.801780700683594,22.17083740234375,20.657371520996094,16.59444808959961,14.573509216308594,23.05080795288086,29.23291778564453,44.16828155517578,65.05989837646484,66.63816833496094,63.08826446533203,56.620243072509766,47.837799072265625,40.88783645629883,30.296485900878906
2025-10-07,77.4864273071289,65.48240661621094,56.89771270751953,69.12374877929688,90.00894927978516,118.4387435913086,128.26283264160156,109.67028045654297,92.14689636230469,73.7562255859375,63.741607666015625,60.74565887451172,59.17463684082031,60.17334747314453,66.04476928710938,76.87603759765625,98.90345764160156,124.20464324951172,125.28336334228516,109.49219512939453,98.68611145019531,87.33768463134766,78.44951629638672,71.31522369384766
2025-10-08,80.75741577148438,71.20162963867188,65.16761016845703,73.43199920654297,90.645751953125,117.3335189819336,135.70932006835938,113.6658935546875,87.07426452636719,66.5953369140625,58.90106964111328,47.294673919677734,42.123226165771484,40.732425689697266,47.801368713378906,67.15205383300781,92.73246765136719,119.54081726074219,123.95671081542969,107.60139465332031,96.43437957763672,87.23097229003906,75.20100402832031,69.0787124633789
2025-10-09,77.10761260986328,69.70811462402344,65.2052001953125,72.13448333740234,90.55561065673828,116.69245147705078,128.9907684326172,116.25193786621094,94.57290649414062,78.17906951904297,72.3534164428711,66.39673614501953,62.405799865722656,58.96723175048828,61.539268493652344,74.17356872558594,94.03654479980469,113.71015930175781,121.35804748535156,107.80071258544922,97.81896209716797,90.81546020507812,84.724365234375,76.4950942993164
2025-10-10,85.13363647460938,76.55241394042969,71.99188995361328,81.92224884033203,104.01065826416016,131.05563354492188,141.903076171875,123.2609634399414,90.67852020263672,71.8830337524414,64.2421646118164,57.33253860473633,52.070072174072266,46.59552764892578,50.76811981201172,72.88363647460938,97.00516510009766,116.75607299804688,124.55046844482422,111.34555053710938,96.0384750366211,90.04154205322266,88.10140991210938,79.53123474121094
2025-10-11,82.34427642822266,77.23989868164062,69.09737396240234,65.57645416259766,73.96765899658203,85.32386779785156,100.04647827148438,91.16974639892578,73.26325988769531,52.4242057800293,47.041343688964844,35.56299591064453,33.88319396972656,38.304168701171875,49.026885986328125,65.3254623413086,87.66138458251953,109.69721984863281,120.685302734375,105.59488677978516,97.00624084472656,92.57835388183594,87.20770263671875,79.95957946777344
2025-10-12,76.9730453491211,65.98574829101562,61.20292663574219,64.18724822998047,66.64610290527344,71.22793579101562,75.7271957397461,68.15908813476562,48.048980712890625,34.245704650878906,30.289836883544922,19.701766967773438,15.040267944335938,14.789505004882812,24.556507110595703,41.11233901977539,70.86642456054688,95.24797058105469,108.05388641357422,99.88243103027344,93.99418640136719,89.90240478515625,79.76557922363281,69.9183349609375
2025-10-13,73.26939392089844,66.65567779541016,60.99683380126953,67.09657287597656,84.96318817138672,112.09129333496094,127.22035217285156,111.22189331054688,86.993408203125,67.60662078857422,67.45232391357422,54.95021057128906,50.03863525390625,50.52350616455078,51.42953109741211,66.07360076904297,88.8684310913086,116.96247863769531,121.69271087646484,107.07449340820312,96.50188446044922,92.4753646850586,80.46635437011719,74.08085632324219
2025-10-14,92.73489379882812,84.3630599975586,77.72127532958984,83.59651947021484,101.98137664794922,128.16726684570312,143.0248565673828,126.50027465820312,105.58551788330078,91.27398681640625,82.46144104003906,74.22755432128906,69.16792297363281,66.49098205566406,73.06705474853516,88.92829895019531,109.57650756835938,131.6453857421875,138.613525390625,119.4385986328125,105.2446060180664,99.86285400390625,98.55408477783203,89.34599304199219
2025-10-15,68.03888702392578,59.920677185058594,52.561248779296875,54.47834777832031,70.88163757324219,103.4670639038086,136.32167053222656,130.22125244140625,97.79249572753906,74.75666046142578,63.871307373046875,53.13359069824219,47.72685241699219,40.944000244140625,48.01810836791992,62.49182891845703,91.16748809814453,124.99495697021484,143.19320678710938,112.75457763671875,94.78582763671875,90.79934692382812,83.96414947509766,79.51736450195312
2025-10-16,65.26954650878906,56.60111618041992,52.446407318115234,56.72265625,74.30020141601562,102.37281799316406,123.31431579589844,113.96842193603516,93.67986297607422,78.5864486694336,71.71122741699219,67.1954116821289,64.23099517822266,62.61836242675781,64.81890106201172,78.25955963134766,102.9292221069336,124.27275848388672,127.88655853271484,104.832763671875,95.36016845703125,89.42924499511719,80.571533203125,74.88056945800781
2025-10-17,77.26795959472656,72.09931182861328,64.73175048828125,67.89293670654297,87.89952087402344,117.46095275878906,134.297607421875,124.56784057617188,96.34612274169922,77.27816772460938,70.6274185180664,62.57309341430664,61.62293243408203,55.424957275390625,57.33842468261719,70.14855194091797,91.0419921875,119.81168365478516,127.43380737304688,107.23307037353516,92.09667205810547,85.5535659790039,83.07395935058594,77.57579803466797
2025-10-18,87.27477264404297,77.79623413085938,72.11174774169922,72.88094329833984,82.12512969970703,96.47028350830078,110.60794067382812,105.60262298583984,86.22174072265625,73.11348724365234,65.33721923828125,58.01110076904297,52.93904113769531,51.9388427734375,59.57111358642578,70.37167358398438,96.09870147705078,117.68254852294922,123.04608154296875,109.12171936035156,96.26239776611328,94.3202896118164,89.97480010986328,86.42216491699219
2025-10-19,71.55911254882812,62.38037872314453,54.03925323486328,52.599796295166016,56.32935333251953,62.90157699584961,66.51008605957031,50.350284576416016,38.87324905395508,21.856170654296875,20.45447540283203,11.327529907226562,2.2682952880859375,5.250526428222656,14.537551879882812,34.67267608642578,65.7652587890625,94.96905517578125,108.37723541259766,95.28971862792969,97.47091674804688,91.65389251708984,79.61553192138672,71.65111541748047
2025-10-20,9.472343444824219,2.2651824951171875,-2.233734130859375,5.490325927734375,17.499237060546875,47.91064453125,71.33879089355469,70.15205383300781,50.860530853271484,36.629974365234375,32.426517486572266,28.24413299560547,24.760475158691406,18.700088500976562,25.143539428710938,37.056278228759766,68.42083740234375,99.50151062011719,105.75080871582031,85.83744812011719,76.93600463867188,72.70226287841797,60.17072677612305,47.7498664855957
2025-10-21,9.191848754882812,4.425178527832031,3.8320693969726562,11.093925476074219,22.445701599121094,45.87049102783203,69.32268524169922,59.55337905883789,32.595245361328125,15.224319458007812,11.654747009277344,7.112236022949219,5.3250885009765625,5.384544372558594,9.78802490234375,26.046051025390625,50.34553527832031,80.19831848144531,84.26246643066406,70.06805419921875,68.38648986816406,61.785945892333984,48.67543411254883,33.925804138183594
2025-10-22,32.967559814453125,26.56781768798828,26.14226531982422,26.578128814697266,44.35841369628906,68.18717956542969,82.13279724121094,74.52733612060547,49.763126373291016,41.205162048339844,31.24054718017578,24.49913787841797,21.196102142333984,24.81076431274414,24.950519561767578,44.70207977294922,67.46885681152344,91.65190124511719,88.97859191894531,74.46299743652344,69.34066009521484,66.1026382446289,53.443084716796875,40.853511810302734
2025-10-23,10.326736450195312,7.095802307128906,2.0423126220703125,2.6260299682617188,14.901176452636719,38.780372619628906,72.13125610351562,76.41624450683594,58.301177978515625,41.0738639831543,35.15708541870117,26.141590118408203,21.731903076171875,19.749164581298828,27.07520294189453,38.38744354248047,61.27165222167969,93.07506561279297,97.44952392578125,75.38719177246094,71.12836456298828,63.71063995361328,51.03718566894531,40.642696380615234
2025-10-24,12.783355712890625,7.5990447998046875,5.8368682861328125,10.750862121582031,25.207637786865234,47.79743194580078,70.18783569335938,69.79498291015625,52.137149810791016,41.23928451538086,35.482643127441406,30.807762145996094,24.80923080444336,19.119384765625,20.489810943603516,28.726959228515625,49.517425537109375,76.74678802490234,72.86538696289062,60.761722564697266,55.9237060546875,54.814754486083984,43.02617645263672,27.33208465576172
2025-10-25,4.905364990234375,0.64276123046875,-2.3626937866210938,-2.529296875,3.2619705200195312,15.650489807128906,24.92249298095703,27.45732879638672,21.80280303955078,13.376472473144531,10.791191101074219,3.8676910400390625,2.9815673828125,3.1900253295898438,6.540763854980469,18.845909118652344,32.647193908691406,47.03014373779297,48.99378204345703,32.93842315673828,27.814529418945312,25.346092224121094,21.90978240966797,10.368927001953125
2025-10-26,3.480316162109375,-1.9901885986328125,-7.047554016113281,-3.874298095703125,-3.5956039428710938,5.8912200927734375,15.693984985351562,15.979423522949219,-1.6727676391601562,0.3151702880859375,-10.378807067871094,-10.053977966308594,-7.76116943359375,-11.794883728027344,-5.560356140136719,9.031509399414062,38.67125701904297,67.84164428710938,72.96128845214844,56.94831848144531,43.01875305175781,45.26937484741211,33.048492431640625,27.313568115234375
2025-10-27,7.297607421875,3.3521728515625,0.642303466796875,1.5950927734375,15.038604736328125,36.02557373046875,57.29935836791992,59.097843170166016,45.12202072143555,29.40274429321289,23.411460876464844,21.220809936523438,21.274505615234375,17.776424407958984,24.28559112548828,39.536312103271484,61.4304313659668,93.2052001953125,90.01234436035156,67.43052673339844,59.32899856567383,55.695831298828125,44.99148941040039,38.59492492675781
2025-10-28,55.956092834472656,50.78300476074219,40.71754837036133,45.37554931640625,54.37134552001953,76.2783203125,94.3560791015625,91.71856689453125,79.70252990722656,66.69303894042969,62.42420959472656,54.90530776977539,49.53271484375,50.88714599609375,53.97785186767578,64.99842834472656,78.95571899414062,101.95628356933594,112.58566284179688,99.15221405029297,90.09310913085938,80.23930358886719,68.38536071777344,61.19401550292969
2025-10-29,62.62064743041992,57.62138366699219,52.29380798339844,48.97521209716797,57.17475891113281,74.22833251953125,97.371337890625,98.84394073486328,85.08085632324219,70.94677734375,66.32726287841797,62.398094177246094,57.70847702026367,57.1417236328125,60.30641174316406,65.07234191894531,80.52224731445312,111.2948226928711,124.22955322265625,104.94574737548828,90.35982513427734,82.8812255859375,74.4253921508789,66.54220581054688
2025-10-30,36.248870849609375,34.438934326171875,26.699806213378906,26.97124481201172,34.95657730102539,56.752742767333984,83.18975830078125,93.68905639648438,83.93423461914062,69.58431243896484,61.43087387084961,58.30042266845703,53.7811279296875,57.8284912109375,60.86956787109375,76.18976593017578,97.07772064208984,125.25592041015625,128.3681182861328,104.92971801757812,89.574462890625,88.1873550415039,73.94343566894531,65.94174194335938
2025-10-31,30.67911148071289,25.22679901123047,21.8695068359375,19.010265350341797,26.639389038085938,39.58101272583008,61.66572189331055,67.04755401611328,53.3502082824707,35.948997497558594,29.440006256103516,24.454849243164062,18.82802963256836,20.133167266845703,25.0855712890625,37.62807846069336,55.487709045410156,80.54536437988281,86.21180725097656,72.84465026855469,59.519371032714844,55.65116500854492,47.181880950927734,36.037696838378906
2025-11-01,23.573326110839844,18.42255401611328,16.170978546142578,13.347518920898438,14.450462341308594,12.94744873046875,15.373031616210938,22.538169860839844,23.361724853515625,19.191612243652344,19.42328643798828,21.21915054321289,17.670238494873047,15.84280776977539,19.00074005126953,21.77935791015625,31.531471252441406,47.847145080566406,53.45130920410156,49.15718078613281,46.440269470214844,44.26789093017578,34.679012298583984,29.335250854492188
2025-11-02,19.712509155273438,15.597381591796875,8.32470703125,6.807975769042969,9.41119384765625,12.478805541992188,23.51935577392578,28.160308837890625,26.392837524414062,16.12421417236328,15.693412780761719,14.737014770507812,11.580245971679688,10.187370300292969,18.798431396484375,26.171096801757812,39.542152404785156,63.99571990966797,65.1200942993164,61.52687454223633,53.83882522583008,50.38760757446289,48.1279296875,39.37287521362305
2025-11-03,52.273338317871094,46.63772201538086,41.10166549682617,40.433048248291016,43.628082275390625,57.23442840576172,73.32392120361328,72.19430541992188,57.246192932128906,42.7913703918457,39.817420959472656,36.50636291503906,30.755542755126953,30.223819732666016,34.19692611694336,39.42180252075195,51.05070114135742,80.39906311035156,95.2161865234375,81.56143188476562,70.39702606201172,65.05546569824219,58.30906677246094,53.808494567871094
2025-11-04,16.511375427246094,13.336921691894531,9.385536193847656,12.627792358398438,21.49859619140625,43.39741134643555,62.6635627746582,67.47126770019531,46.21332550048828,32.89221954345703,25.005325317382812,23.182518005371094,17.82904815673828,20.139667510986328,26.487667083740234,38.153533935546875,56.02206039428711,85.26800537109375,94.53646850585938,73.12576293945312,62.09073257446289,49.615142822265625,39.94322204589844,32.69718933105469
2025-11-05,14.619491577148438,9.938941955566406,4.588706970214844,6.267860412597656,10.611824035644531,24.2579345703125,39.532737731933594,43.38818359375,28.823699951171875,18.8544921875,18.985794067382812,9.439437866210938,8.048439025878906,12.621788024902344,11.765335083007812,14.068778991699219,28.03252410888672,52.034996032714844,63.65260314941406,53.05769348144531,51.42546844482422,45.49032211303711,35.97898483276367,25.12206268310547
2025-11-06,17.848236083984375,17.002094268798828,9.351272583007812,8.599502563476562,16.682952880859375,28.34215545654297,40.86034393310547,38.593727111816406,28.648765563964844,19.342491149902344,14.2711181640625,14.6717529296875,10.259658813476562,3.4613571166992188,8.128395080566406,14.657272338867188,28.468765258789062,54.678016662597656,67.23898315429688,56.025917053222656,48.19016647338867,45.499813079833984,38.1807746887207,30.827476501464844
2025-11-07,64.03936767578125,58.68572998046875,50.34422302246094,50.13002014160156,55.13564682006836,70.38397216796875,83.4538345336914,82.86572265625,69.80338287353516,58.488704681396484,54.26408767700195,49.099849700927734,43.29075622558594,46.18230056762695,50.76277160644531,60.3588981628418,76.43048095703125,95.45869445800781,101.52748107910156,88.36582946777344,75.15043640136719,75.12265014648438,75.54996490478516,67.03153991699219
2025-11-08,64.5891342163086,60.7022819519043,57.248870849609375,56.747589111328125,60.2225456237793,62.96782302856445,68.86038208007812,68.80928039550781,65.70459747314453,53.931880950927734,46.12898254394531,47.23488998413086,41.15167999267578,42.983489990234375,55.15484619140625,60.01573181152344,81.97386932373047,103.69356536865234,105.77214050292969,93.12533569335938,82.76277160644531,84.02539825439453,76.79053497314453,71.51358032226562
2025-11-09,70.42821502685547,62.92644119262695,57.54444885253906,55.417945861816406,53.31525421142578,56.463462829589844,60.29049301147461,59.30934143066406,52.90935516357422,45.12018966674805,40.5330696105957,40.03965759277344,34.62602615356445,36.25236129760742,42.7279052734375,47.25214767456055,60.30786895751953,81.26959991455078,94.87945556640625,88.28533935546875,75.41242218017578,75.63111114501953,73.4605484008789,71.75680541992188
2025-11-10,57.984413146972656,55.00754928588867,48.33056640625,45.67021942138672,52.49201202392578,75.2479248046875,93.21318054199219,93.23757934570312,75.3114013671875,58.96485900878906,53.40100860595703,49.60919952392578,50.484588623046875,47.817447662353516,50.63026428222656,60.50741958618164,77.24839782714844,99.80976104736328,115.1650390625,97.36227416992188,85.12016296386719,81.27595520019531,74.56144714355469,69.95414733886719
2025-11-11,70.90838623046875,68.57768249511719,62.28380584716797,57.844444274902344,60.75965881347656,61.839839935302734,70.81094360351562,66.34173583984375,57.484466552734375,44.97886276245117,40.35456848144531,39.4183464050293,34.400245666503906,36.776851654052734,39.35090255737305,43.924766540527344,55.011924743652344,71.68062591552734,81.59422302246094,77.11482238769531,68.89042663574219,64.85069274902344,63.419189453125,62.216285705566406
2025-11-12,43.92656326293945,40.05241012573242,35.51732635498047,35.890663146972656,37.82212448120117,51.698211669921875,63.6888313293457,60.6074104309082,51.89166259765625,41.743194580078125,39.16139602661133,33.971256256103516,33.122867584228516,32.667694091796875,36.22844314575195,40.63386154174805,51.19230270385742,72.85140991210938,82.4080581665039,74.06867980957031,64.62007141113281,60.117431640625,58.20367431640625,50.30473327636719
2025-11-13,25.150856018066406,19.490615844726562,18.519264221191406,17.500492095947266,20.600982666015625,29.924171447753906,41.11183166503906,42.69252014160156,32.13066101074219,18.602943420410156,15.495941162109375,9.4864501953125,5.472991943359375,8.437255859375,11.144378662109375,20.104934692382812,32.32232666015625,56.266136169433594,64.6214599609375,56.66455841064453,48.142269134521484,45.46403884887695,39.34870910644531,31.991107940673828
2025-11-14,20.49390411376953,18.84130096435547,13.310218811035156,10.904899597167969,17.224876403808594,30.37261199951172,39.07726287841797,37.24211883544922,32.356605529785156,21.798011779785156,22.342132568359375,19.158329010009766,18.19826889038086,21.56177520751953,22.10257339477539,28.40955352783203,38.15782928466797,48.608497619628906,53.68064880371094,47.40728759765625,41.00712585449219,38.22727966308594,30.488067626953125,20.09453582763672
2025-11-15,26.220603942871094,23.720455169677734,16.58917999267578,10.703765869140625,12.593551635742188,11.523094177246094,20.217529296875,23.779373168945312,24.819137573242188,15.845550537109375,10.609687805175781,7.733772277832031,11.591896057128906,10.800254821777344,17.38610076904297,18.838943481445312,29.11144256591797,51.55266571044922,57.343780517578125,47.06410217285156,40.11210632324219,42.96035385131836,35.92495346069336,31.721134185791016
2025-11-16,34.31821823120117,30.231231689453125,21.401142120361328,12.882465362548828,11.086334228515625,11.581825256347656,27.64423370361328,36.43608856201172,37.076019287109375,32.33790588378906,22.762584686279297,23.337604522705078,28.592174530029297,21.95009994506836,27.70404052734375,40.71852111816406,49.29879379272461,70.17601776123047,82.338623046875,69.9700698852539,59.760231018066406,54.97062301635742,59.20840835571289,47.496551513671875
2025-11-17,68.90774536132812,64.9710922241211,57.38020324707031,58.20884704589844,59.264984130859375,77.87410736083984,101.9403076171875,101.12088775634766,98.02861785888672,86.0390853881836,76.87428283691406,72.62317657470703,67.98143768310547,68.24470520019531,74.11502075195312,88.761962890625,99.7643814086914,128.15748596191406,136.5665740966797,119.73822021484375,107.00410461425781,99.3272705078125,93.6026840209961,87.21880340576172
2025-11-18,72.09943389892578,68.04728698730469,61.623878479003906,61.102447509765625,68.25465393066406,83.04952239990234,107.30950927734375,112.4990234375,95.95588684082031,79.7532958984375,76.43598937988281,73.92709350585938,66.68576049804688,69.40534973144531,72.7126693725586,80.68624877929688,96.44084167480469,121.59660339355469,136.36279296875,115.16095733642578,99.21043395996094,97.764892578125,89.86048889160156,82.79119110107422
2025-11-19,82.38060760498047,78.07077026367188,72.5005111694336,71.04360961914062,78.91338348388672,95.89796447753906,110.90898132324219,116.36776733398438,96.50872802734375,78.07450103759766,69.14437103271484,68.26005554199219,68.77264404296875,68.66250610351562,78.17710876464844,87.83936309814453,108.13752746582031,134.5872802734375,142.92726135253906,123.42536926269531,114.12254333496094,110.39079284667969,100.55154418945312,90.08354187011719
2025-11-20,89.3515853881836,85.74243927001953,81.32525634765625,78.31237030029297,86.43077850341797,98.5605239868164,118.7458267211914,125.19304656982422,117.34213256835938,106.25836944580078,98.47754669189453,95.15434265136719,91.3168716430664,89.55886840820312,98.93121337890625,103.75654602050781,117.86216735839844,134.21981811523438,134.32566833496094,121.56602478027344,114.81959533691406,110.40188598632812,102.08969116210938,99.41400146484375
2025-11-21,92.81329345703125,89.11811828613281,83.19925689697266,82.34632873535156,86.48790740966797,103.41805267333984,120.93440246582031,131.68081665039062,120.0577163696289,105.06239318847656,93.57138061523438,88.74661254882812,85.9139175415039,87.34772491455078,94.05033874511719,102.8581771850586,115.74290466308594,133.3467254638672,134.95335388183594,118.39047241210938,105.6591567993164,104.4857177734375,96.2352294921875,93.05017852783203
2025-11-22,83.9066162109375,81.09929656982422,70.850341796875,65.1117172241211,67.80931091308594,72.32661437988281,84.17276763916016,94.81587982177734,89.68083953857422,76.5560073852539,64.70802307128906,66.18495178222656,63.59749984741211,63.494468688964844,71.50785827636719,80.48185729980469,103.4037094116211,118.73624420166016,126.17963409423828,108.0387954711914,94.56706237792969,94.79199981689453,91.02861022949219,82.96308898925781
2025-11-23,87.9334716796875,80.2382583618164,75.70037841796875,69.75971984863281,70.67982482910156,62.318031311035156,64.30326843261719,74.71119689941406,72.37989807128906,63.46851348876953,58.62242889404297,59.220767974853516,45.99201965332031,47.520721435546875,43.13365936279297,55.16851806640625,67.56473541259766,79.28916931152344,74.99284362792969,74.75556945800781,69.99300384521484,71.45234680175781,59.119510650634766,55.71587371826172
2025-11-24,72.65471649169922,73.5354995727539,69.76447296142578,69.1423568725586,75.02513122558594,91.6839828491211,115.95817565917969,131.1455078125,117.1800537109375,101.40876007080078,91.55315399169922,85.45862579345703,85.92359924316406,86.20314025878906,98.75252532958984,107.24177551269531,119.41497802734375,132.33456420898438,132.67665100097656,112.58534240722656,96.04557800292969,90.78526306152344,87.11384582519531,79.05421447753906
2025-11-25,69.42835998535156,65.20549011230469,63.79778289794922,60.64165496826172,62.36735534667969,72.38594818115234,96.20475769042969,111.07323455810547,108.64126586914062,98.7425765991211,94.82770538330078,90.06971740722656,82.48067474365234,90.01044464111328,93.63078308105469,90.24855041503906,102.51734924316406,115.3726577758789,115.33504486083984,101.86906433105469,93.24308013916016,90.32261657714844,83.13938903808594,78.1310806274414
2025-11-26,79.4255599975586,75.01028442382812,70.90281677246094,71.38368225097656,74.91109466552734,88.46282958984375,108.78382110595703,121.56001281738281,116.35233306884766,102.898193359375,95.66313171386719,93.2720718383789,85.07655334472656,92.4085693359375,97.38599395751953,100.03702545166016,107.70331573486328,123.12435913085938,121.53539276123047,107.16146087646484,98.66233825683594,98.4164810180664,88.51649475097656,86.25508117675781
2025-11-27,87.83885955810547,85.4268798828125,78.98104858398438,77.18508911132812,87.1303482055664,103.25639343261719,122.80511474609375,133.51466369628906,118.70620727539062,102.16658020019531,97.73540496826172,89.5530014038086,87.82443237304688,92.86009979248047,96.6631851196289,105.61459350585938,124.46197509765625,140.66236877441406,142.59046936035156,126.38994598388672,114.48876953125,107.28510284423828,98.64724731445312,91.24925994873047
2025-11-28,71.73961639404297,67.57601928710938,60.07170104980469,62.16883087158203,62.56706237792969,78.50358581542969,93.87892150878906,111.99649810791016,108.40645599365234,104.83313751220703,96.73137664794922,85.2671890258789,84.52700805664062,83.81501007080078,87.21934509277344,87.81043243408203,92.68788146972656,106.10140228271484,96.28874206542969,87.17787170410156,74.40155029296875,73.69541931152344,66.4451904296875,64.51370239257812
2025-11-29,75.43427276611328,69.68698120117188,62.014183044433594,57.835838317871094,64.62503051757812,64.44364929199219,68.22278594970703,72.21034240722656,73.68677520751953,69.21564483642578,65.28459930419922,61.55585479736328,53.03125,52.04071807861328,46.5953254699707,53.035377502441406,62.99795150756836,75.27035522460938,81.80903625488281,74.19654846191406,64.13839721679688,63.20964431762695,57.76713562011719,51.07566833496094
2025-11-30,75.47803497314453,71.58121490478516,67.79212188720703,64.50979614257812,67.51280212402344,72.865966796875,79.3579330444336,86.27183532714844,86.17930603027344,79.15782928466797,75.51670837402344,73.8895263671875,66.01644897460938,64.81087493896484,65.05166625976562,78.01351928710938,90.27940368652344,108.9864501953125,119.32041931152344,109.1532211303711,101.7494125366211,97.35037231445312,94.80387878417969,90.28510284423828
2025-12-01,79.86366271972656,76.57926940917969,70.74392700195312,69.5934066772461,75.23236083984375,92.51393127441406,114.91826629638672,126.73997497558594,116.25148010253906,102.84138488769531,95.7076644897461,88.5121078491211,87.51602935791016,90.8465805053711,95.35948181152344,100.21170043945312,118.09933471679688,137.9295196533203,137.87911987304688,122.93643951416016,109.25714111328125,105.84656524658203,97.8979263305664,96.03402709960938
2025-12-02,73.8179931640625,70.7958984375,65.73273468017578,61.19718933105469,60.51876449584961,72.92387390136719,91.87541961669922,108.12886810302734,101.71783447265625,91.32743835449219,83.8635025024414,78.61190795898438,74.34896087646484,78.00106048583984,79.67230987548828,82.28496551513672,93.74874877929688,108.84556579589844,108.23676300048828,97.5613784790039,94.79832458496094,89.93708801269531,81.06141662597656,76.06729125976562
2025-12-03,88.30008697509766,83.6861343383789,75.59785461425781,69.785400390625,74.49785614013672,89.31958770751953,106.24153137207031,125.56173706054688,129.57083129882812,117.25645446777344,109.64761352539062,110.35254669189453,102.81795501708984,105.95081329345703,106.21912384033203,109.49626922607422,124.19200134277344,135.72064208984375,138.79893493652344,122.69583892822266,111.50422668457031,106.74105834960938,103.14585876464844,96.10975646972656
2025-12-04,53.98533630371094,51.855003356933594,47.01288604736328,46.241600036621094,48.85973358154297,55.368865966796875,80.78833770751953,96.16120910644531,96.40948486328125,88.50089263916016,80.49691772460938,81.86914825439453,75.83071899414062,77.01001739501953,79.26201629638672,78.4700927734375,95.02537536621094,110.74336242675781,111.61312103271484,97.59425354003906,92.3745346069336,90.04997253417969,78.16757202148438,65.38347625732422
2025-12-05,65.20464324951172,65.16212463378906,58.399234771728516,53.103981018066406,58.96319580078125,75.25196838378906,96.45824432373047,103.92135620117188,101.19091796875,89.01918029785156,80.69007873535156,79.54842376708984,75.99325561523438,74.8395004272461,74.58695983886719,71.51329040527344,85.64725494384766,94.91985321044922,102.38793182373047,88.71109008789062,78.2166976928711,77.93306732177734,73.82769012451172,68.95376586914062
2025-12-06,40.112239837646484,36.21135711669922,29.98678207397461,24.988903045654297,27.297088623046875,28.75164794921875,34.5111083984375,40.4256591796875,46.9519157409668,47.62565994262695,45.34339141845703,43.2529411315918,37.597618103027344,36.74152755737305,36.110107421875,36.80054473876953,45.59022521972656,53.99775695800781,54.9940185546875,45.49821472167969,40.64997863769531,41.70863723754883,35.26445770263672,25.849109649658203
2025-12-07,33.48117446899414,31.194244384765625,28.37954330444336,24.927478790283203,21.15795135498047,15.046562194824219,16.83837890625,18.748184204101562,31.697715759277344,28.935684204101562,27.783756256103516,27.521648406982422,20.675922393798828,20.50448989868164,25.040042877197266,26.857738494873047,37.022789001464844,44.787025451660156,50.83075714111328,41.501243591308594,37.24219512939453,37.14906692504883,36.438507080078125,32.287872314453125
2025-12-08,23.81692123413086,21.117752075195312,12.64886474609375,5.971832275390625,10.376861572265625,28.370376586914062,52.056983947753906,60.977447509765625,58.738792419433594,48.0278434753418,45.93680953979492,45.47660446166992,41.446041107177734,37.953163146972656,40.06024932861328,45.15313720703125,60.70359802246094,79.42105102539062,89.41754150390625,79.32319641113281,66.68280792236328,64.93115997314453,57.08375930786133,45.71424102783203
2025-12-09,42.189910888671875,38.176368713378906,33.384098052978516,30.430526733398438,32.939697265625,49.671783447265625,66.70233154296875,69.44525146484375,61.39892578125,45.405296325683594,37.885501861572266,32.93456268310547,25.576400756835938,23.200775146484375,26.103160858154297,31.121631622314453,39.96165466308594,58.690589904785156,77.98074340820312,65.54345703125,53.96118927001953,48.67546463012695,44.759498596191406,32.92158508300781
2025-12-10,28.463924407958984,24.987464904785156,17.327346801757812,12.431472778320312,14.777320861816406,26.468429565429688,50.86475372314453,59.99034118652344,54.24040603637695,47.08089828491211,37.7668571472168,37.79875564575195,37.23446273803711,31.152820587158203,28.375606536865234,27.324073791503906,35.714385986328125,52.93012237548828,61.774566650390625,62.47933578491211,53.106563568115234,50.47450256347656,45.39580154418945,38.66769027709961
2025-12-11,65.11146545410156,61.284523010253906,58.64335632324219,55.940940856933594,58.73521423339844,72.44200134277344,88.10942077636719,100.52540588378906,98.79891204833984,92.8397216796875,83.28911590576172,75.44986724853516,71.25006103515625,73.16426086425781,75.3381576538086,80.39215850830078,92.50975036621094,96.84742736816406,104.75765228271484,91.54341125488281,81.38450622558594,78.52611541748047,76.3706283569336,72.42472076416016
2025-12-12,70.76346588134766,65.32127380371094,57.71715545654297,57.05921173095703,62.764434814453125,76.9951171875,91.90113830566406,101.00375366210938,98.94473266601562,86.10011291503906,80.43907928466797,76.54005432128906,68.22803497314453,69.3625717163086,69.95394134521484,76.5682601928711,87.6778564453125,103.91177368164062,111.8428955078125,105.86803436279297,96.45587158203125,92.22669982910156,83.02635955810547,74.22698974609375
2025-12-13,81.90141296386719,78.29508972167969,72.2392807006836,71.03541564941406,74.27474975585938,83.11288452148438,91.82817077636719,98.81319427490234,93.11498260498047,85.10689544677734,79.75111389160156,77.55166625976562,72.95183563232422,72.16215515136719,75.09858703613281,81.43962860107422,93.118896484375,113.2898178100586,121.9337387084961,107.4714584350586,97.6281967163086,96.38652038574219,93.35039520263672,92.30152893066406
2025-12-14,82.6212387084961,77.22969818115234,74.17515563964844,69.80546569824219,70.64108276367188,74.7298583984375,77.887451171875,85.84410095214844,81.09049987792969,72.41049194335938,70.70507049560547,67.38346862792969,61.02538299560547,58.44240188598633,64.47914123535156,73.65853118896484,89.20506286621094,105.14480590820312,111.47002410888672,103.48651123046875,89.8702392578125,91.93421936035156,90.50669860839844,89.21565246582031
2025-12-15,71.74459075927734,66.85493469238281,59.03234100341797,55.906494140625,58.739463806152344,74.07769012451172,98.45474243164062,103.43649291992188,91.998779296875,81.4865951538086,72.88067626953125,66.69078826904297,64.07611846923828,62.53520965576172,68.34085845947266,69.53021240234375,78.46363067626953,93.82943725585938,111.08290100097656,94.49659729003906,82.88804626464844,80.68550109863281,70.8858413696289,65.77360534667969
2025-12-16,70.94526672363281,68.17796325683594,63.13151168823242,57.47418975830078,58.790771484375,72.4488525390625,91.56227111816406,103.28199005126953,98.07666778564453,85.29306030273438,79.35713195800781,75.76561737060547,72.03589630126953,71.94102478027344,74.36454010009766,77.78057098388672,88.59294891357422,99.52312469482422,107.30134582519531,94.04414367675781,84.03878784179688,81.71233367919922,77.2647705078125,74.22515106201172
2025-12-17,81.34671783447266,79.545166015625,72.11128234863281,69.8664779663086,77.15404510498047,88.83000946044922,105.08940887451172,117.11373901367188,111.8239974975586,99.67060089111328,93.940673828125,90.43746185302734,87.11774444580078,89.2967529296875,92.17996215820312,98.50035858154297,112.61666107177734,124.19378662109375,127.28632354736328,112.14263153076172,99.64694213867188,95.54276275634766,86.87821197509766,86.6505355834961
2025-12-18,33.61732864379883,31.797710418701172,24.168277740478516,19.332351684570312,27.948699951171875,46.14061737060547,69.26898193359375,82.11213684082031,79.79371643066406,71.7373275756836,63.192100524902344,61.62685012817383,57.902244567871094,59.63031768798828,59.47203063964844,58.87799835205078,72.28065490722656,79.8683090209961,89.11554718017578,77.19126892089844,66.53105163574219,65.91006469726562,57.30900192260742,49.677284240722656
2025-12-19,16.07488250732422,12.45489501953125,7.780540466308594,6.27899169921875,17.45855712890625,33.002593994140625,56.604339599609375,67.21985626220703,61.889286041259766,50.63381576538086,44.607608795166016,45.20213317871094,43.333274841308594,42.979248046875,42.24085235595703,56.16635513305664,71.95172882080078,91.49095153808594,95.24984741210938,79.849365234375,68.14836120605469,71.31282043457031,60.605552673339844,53.77875518798828
2025-12-20,77.39897155761719,72.00010681152344,64.84919738769531,59.175621032714844,63.273712158203125,65.9090576171875,75.43573760986328,78.9896240234375,79.76594543457031,72.83944702148438,65.88960266113281,67.8197250366211,64.18944549560547,63.21549987792969,68.03031921386719,66.46395874023438,77.05010986328125,87.53807067871094,101.40995788574219,85.4852066040039,77.33505249023438,72.58927917480469,71.0345230102539,68.10729217529297
2025-12-21,44.75546646118164,43.34925842285156,38.57205581665039,36.18266677856445,37.534629821777344,40.10965347290039,52.60943603515625,61.31388473510742,62.311946868896484,54.583003997802734,49.44777297973633,49.976627349853516,45.02346420288086,44.96720886230469,46.38140106201172,48.886600494384766,60.698299407958984,77.40093994140625,84.04281616210938,70.6356201171875,63.16688919067383,60.87101364135742,56.64113235473633,50.392913818359375
2025-12-22,57.95438766479492,52.680694580078125,49.01015853881836,48.47401428222656,50.463768005371094,67.5653305053711,93.7981185913086,108.15650177001953,108.39141082763672,95.3994369506836,88.13146209716797,86.64596557617188,84.9507064819336,86.04358673095703,87.78469848632812,92.28986358642578,103.10163116455078,120.65081787109375,122.35801696777344,111.64913177490234,97.71476745605469,91.5469741821289,87.3774642944336,86.64781188964844
2025-12-23,75.3456802368164,73.9066390991211,64.66606140136719,60.490867614746094,69.66576385498047,84.0328140258789,97.85890197753906,106.8214111328125,104.84478759765625,95.52423858642578,89.6041030883789,87.92233276367188,81.24603271484375,84.75141906738281,87.04825592041016,91.09065246582031,102.18279266357422,121.203125,124.7250747680664,117.11991882324219,107.5367431640625,98.81126403808594,90.1515121459961,84.6106948852539
2025-12-24,60.58586883544922,55.84233856201172,50.798240661621094,44.38015365600586,50.97434997558594,64.1185302734375,77.52954864501953,100.6582260131836,93.55554962158203,85.70889282226562,76.78270721435547,74.2491683959961,68.58415985107422,71.26049041748047,74.07490539550781,74.69558715820312,81.4321060180664,90.9951400756836,96.62471008300781,91.06809997558594,80.82095336914062,77.94283294677734,70.1873779296875,66.34724426269531
2025-12-25,31.415996551513672,31.179847717285156,30.88863754272461,26.645877838134766,27.18460464477539,33.02693176269531,40.782989501953125,50.535423278808594,57.38097381591797,54.44802474975586,48.307518005371094,49.78343200683594,47.54279708862305,46.90990447998047,51.19881057739258,52.43031311035156,62.98720169067383,81.8489990234375,88.8893814086914,73.7235107421875,71.22472381591797,70.38827514648438,64.62448120117188,59.307132720947266
2025-12-26,83.8958740234375,80.81338500976562,78.349853515625,77.191162109375,79.26083374023438,87.20716094970703,90.81331634521484,91.61021423339844,85.42243194580078,75.71047973632812,68.6732406616211,67.47093200683594,62.500789642333984,62.79810333251953,64.18032836914062,71.76893615722656,81.45600891113281,101.0053482055664,104.78172302246094,91.05085754394531,89.71956634521484,88.94772338867188,82.85242462158203,78.7527847290039
2025-12-27,88.77882385253906,85.22396850585938,80.31121063232422,73.6186294555664,73.04129028320312,72.45591735839844,74.81375122070312,82.02992248535156,85.30068969726562,79.33139038085938,73.29153442382812,73.02384948730469,65.33580780029297,62.28998565673828,63.982765197753906,68.85987854003906,79.74586486816406,93.55828094482422,101.14909362792969,95.01310729980469,87.21864318847656,89.68531799316406,88.24382019042969,85.13207244873047
2025-12-28,85.20191955566406,80.45985412597656,76.89574432373047,70.20630645751953,73.30911254882812,71.59880065917969,72.31005096435547,79.9832992553711,81.82610321044922,77.0787353515625,68.6810073852539,67.1134262084961,61.03721618652344,60.34077835083008,62.675743103027344,69.4979476928711,78.27328491210938,98.62957763671875,97.83187103271484,92.85581970214844,90.13986206054688,91.78169250488281,91.19187927246094,88.9010009765625
2025-12-29,92.58980560302734,85.5121841430664,83.62417602539062,81.3493881225586,88.2613754272461,99.58873748779297,115.13477325439453,121.71858215332031,120.29480743408203,113.80812072753906,101.628662109375,100.50078582763672,96.9717025756836,97.9374008178711,101.14836120605469,110.93270874023438,118.08444213867188,128.12811279296875,130.7097625732422,116.4996566772461,104.85670471191406,105.47312927246094,91.26439666748047,89.62731170654297
2025-12-30,78.85694122314453,77.68072509765625,73.90824890136719,68.13882446289062,70.21170043945312,74.57645416259766,89.64274597167969,107.96270751953125,110.3689956665039,101.33856964111328,89.1659164428711,92.57095336914062,87.53160095214844,85.16123962402344,89.78164672851562,95.41230773925781,102.6937026977539,114.54469299316406,111.33512878417969,105.45006561279297,94.88372802734375,91.81974029541016,86.18930053710938,83.83457946777344
2025-12-31,81.17151641845703,78.38694763183594,75.55805206298828,74.53270721435547,78.49262237548828,83.2835922241211,93.10337829589844,103.72541046142578,95.92222595214844,91.07965850830078,84.61522674560547,80.08892059326172,78.0365219116211,74.62397766113281,76.12260437011719,78.4750747680664,93.95747375488281,104.31651306152344,92.25787353515625,91.9672622680664,88.32513427734375,89.25287628173828,84.73272705078125,86.87803649902344
