Date,h0,h1,h2,h3,h4,h5,h6,h7,h8,h9,h10,h11,h12,h13,h14,h15,h16,h17,h18,h19,h20,h21,h22,h23
2024-01-04,72.07901763916016,70.3717041015625,68.6220474243164,70.07572937011719,75.06327819824219,85.0400390625,96.88587188720703,101.56578063964844,94.68284606933594,92.09709167480469,88.46834564208984,85.48468017578125,83.96560668945312,81.63338470458984,83.1839599609375,89.63167572021484,99.49411010742188,108.53729248046875,111.43988037109375,108.00538635253906,100.118896484375,90.38601684570312,85.49246978759766,81.72297668457031
2024-01-05,62.22937774658203,60.844581604003906,57.32550048828125,57.52072525024414,59.723655700683594,65.70941162109375,68.17300415039062,62.860050201416016,56.99380111694336,49.29335021972656,46.05425262451172,42.483909606933594,37.53125,33.627017974853516,33.73500061035156,37.673091888427734,47.39276123046875,58.73176574707031,75.02050018310547,81.0611801147461,80.67435455322266,68.64706420898438,65.57965850830078,57.29706573486328
2024-01-06,41.380619049072266,38.9766731262207,36.75679397583008,38.25810623168945,41.04262924194336,47.74493408203125,51.711971282958984,53.78178024291992,45.45486831665039,35.54243469238281,30.988868713378906,28.227699279785156,28.179157257080078,26.179031372070312,26.793621063232422,32.781612396240234,46.137168884277344,64.72264099121094,77.67886352539062,82.84091186523438,74.61428833007812,65.74372863769531,57.43364715576172,52.74814987182617
2024-01-07,48.51643753051758,47.68474197387695,43.33121871948242,45.41876983642578,47.989280700683594,56.00589370727539,65.81507873535156,64.27774047851562,54.98318099975586,47.85322570800781,44.100826263427734,42.33259201049805,40.133941650390625,40.569664001464844,41.86656188964844,46.83388900756836,57.70979309082031,72.9315414428711,80.63368225097656,84.69725036621094,77.52833557128906,70.42684936523438,66.16702270507812,59.37105941772461
2024-01-08,75.27120208740234,69.13141632080078,63.93764114379883,67.04429626464844,74.02803802490234,88.824462890625,104.27945709228516,110.54768371582031,99.00414276123047,85.32470703125,81.41698455810547,76.59984588623047,77.4704360961914,75.42338562011719,78.32807159423828,89.0956802368164,111.76158905029297,133.37362670898438,145.64183044433594,144.3418426513672,127.34182739257812,113.33419036865234,105.8770523071289,100.03118896484375
2024-01-09,100.41172790527344,97.61473083496094,96.35926818847656,100.30261993408203,102.96601867675781,113.68933868408203,127.82904815673828,129.11471557617188,120.24604797363281,110.6756591796875,106.64093017578125,106.06947326660156,103.455322265625,102.87913513183594,103.29472351074219,114.32693481445312,128.38458251953125,137.20994567871094,139.3211212158203,137.19078063964844,127.50923919677734,116.35298156738281,113.61674499511719,110.23579406738281
2024-01-10,97.24427032470703,94.68018341064453,91.12113952636719,91.11807250976562,95.30061340332031,107.07719421386719,115.43892669677734,119.58379364013672,117.28387451171875,111.39140319824219,109.41242980957031,106.79013061523438,102.7298583984375,100.41635131835938,99.395263671875,106.4494857788086,117.90737915039062,126.2117919921875,126.7890853881836,123.92170715332031,118.85921478271484,108.98702239990234,102.634033203125,98.06421661376953
2024-01-11,76.31511688232422,72.5835189819336,70.5377197265625,68.42926025390625,75.2487564086914,84.723876953125,95.916748046875,101.16815948486328,97.43548583984375,92.88783264160156,89.57978057861328,86.87603759765625,83.53062438964844,82.97818756103516,84.12258911132812,88.4308090209961,103.3537368774414,116.08773803710938,122.6236572265625,126.02627563476562,118.78675079345703,107.05455017089844,99.89652252197266,95.69615936279297
2024-01-12,83.42951202392578,81.0655746459961,79.1409912109375,80.0882339477539,84.74640655517578,93.76693725585938,104.02428436279297,109.19822692871094,104.46297454833984,99.09619140625,96.256591796875,95.16004180908203,93.17818450927734,90.33812713623047,92.77386474609375,100.36495971679688,114.07622528076172,125.45735931396484,132.05532836914062,129.53472900390625,121.42093658447266,110.38825988769531,105.3355712890625,99.8472900390625
2024-01-13,81.81652069091797,78.26219177246094,76.16062927246094,76.23192596435547,81.55532836914062,88.10857391357422,94.23103332519531,97.2390365600586,92.1526870727539,88.6158676147461,85.63853454589844,83.85680389404297,82.3145751953125,78.29476928710938,79.37600708007812,85.90360260009766,96.05284881591797,106.30557250976562,110.67915344238281,108.79346466064453,103.05342102050781,94.56838989257812,90.01122283935547,85.21675109863281
2024-01-14,59.726314544677734,55.53684997558594,53.644935607910156,52.87229537963867,57.70671844482422,62.83481979370117,70.15444946289062,70.9109115600586,66.19010162353516,61.102439880371094,55.8690071105957,51.647361755371094,48.88343811035156,47.7771110534668,46.477943420410156,48.24921417236328,58.72748565673828,67.38140106201172,75.2104721069336,77.38308715820312,73.79310607910156,68.22529602050781,60.76543426513672,55.6097412109375
2024-01-15,65.26240539550781,62.004600524902344,61.103851318359375,63.2376708984375,68.1512451171875,78.96257019042969,92.72600555419922,100.5739517211914,101.05894470214844,97.10196685791016,92.95055389404297,92.33224487304688,89.53671264648438,86.9542007446289,87.970458984375,93.9520263671875,102.91725158691406,110.99271392822266,114.09618377685547,113.12075805664062,104.5074691772461,94.81316375732422,89.84542846679688,84.36756134033203
2024-01-16,68.8775634765625,66.6381607055664,64.24652099609375,64.37823486328125,70.16802215576172,77.90059661865234,90.3863525390625,95.89688110351562,92.34051513671875,88.80732727050781,84.94685363769531,82.76988220214844,79.0780029296875,76.16126251220703,76.46674346923828,82.0195541381836,88.33061981201172,96.2672348022461,100.3097915649414,101.24882507324219,94.76814270019531,86.54590606689453,77.98202514648438,71.9156723022461
2024-01-17,34.70610809326172,32.14863967895508,30.479415893554688,31.56533432006836,34.872772216796875,46.01310729980469,63.184288024902344,67.77686309814453,64.27851867675781,58.07780838012695,49.257179260253906,47.0176887512207,44.72562789916992,42.635379791259766,40.33310317993164,44.74160385131836,57.07014846801758,70.59680938720703,79.77522277832031,80.44269561767578,75.27391052246094,62.67586135864258,51.31672668457031,45.204647064208984
2024-01-18,3.3681564331054688,1.0760650634765625,-0.7777481079101562,-3.2620697021484375,6.0652923583984375,25.128929138183594,42.91983413696289,47.53403854370117,40.8679084777832,33.41021728515625,29.50603485107422,28.825397491455078,28.87091064453125,33.507022857666016,33.760414123535156,43.86330795288086,66.64036560058594,85.38720703125,99.98648071289062,107.18525695800781,95.70391845703125,80.4964370727539,76.50151062011719,71.94971466064453
2024-01-19,53.32801818847656,50.464420318603516,47.2214241027832,48.58608627319336,54.29508590698242,57.15129470825195,66.07469940185547,70.8249282836914,66.96568298339844,62.79579162597656,58.91400909423828,56.46089172363281,55.102943420410156,51.68928909301758,52.108314514160156,53.59900665283203,60.47300720214844,67.2003173828125,72.20895385742188,70.96688842773438,64.94091796875,60.24085235595703,54.452999114990234,48.30591583251953
2024-01-20,63.04243469238281,59.609962463378906,57.31930160522461,58.9481086730957,66.60317993164062,75.86134338378906,89.1535873413086,94.72382354736328,88.52230072021484,83.97137451171875,79.05121612548828,77.03103637695312,74.7867431640625,73.30508422851562,75.97595977783203,82.5559310913086,94.77615356445312,104.41698455810547,109.60062408447266,106.9065170288086,98.14765930175781,91.53092956542969,86.08267211914062,82.556640625
2024-01-21,66.95687866210938,63.926429748535156,62.311363220214844,59.22151184082031,59.53185272216797,61.02923583984375,66.7531967163086,70.3250732421875,67.16609191894531,61.830352783203125,56.61747360229492,54.89127731323242,52.11753463745117,49.2577018737793,48.625999450683594,53.987693786621094,66.76138305664062,79.47065734863281,86.16444396972656,87.54118347167969,83.97370147705078,74.81303405761719,67.95606994628906,64.69466400146484
2024-01-22,48.960601806640625,45.89030838012695,45.14656066894531,46.64793014526367,53.44301223754883,65.5249252319336,78.0782241821289,80.01515197753906,73.94576263427734,64.56977844238281,59.90681838989258,56.35857009887695,52.352088928222656,50.992820739746094,52.220584869384766,61.02816390991211,79.99055480957031,92.20073699951172,102.35842895507812,100.83052062988281,91.02080535888672,81.59941864013672,71.59542083740234,65.36055755615234
2024-01-23,62.636756896972656,57.69542694091797,58.09906768798828,60.449893951416016,70.0842514038086,86.43172454833984,105.75013732910156,110.95480346679688,99.89273834228516,87.35467529296875,82.06735229492188,80.38417053222656,77.34422302246094,75.90494537353516,78.48218536376953,91.25402069091797,110.8968734741211,126.80337524414062,136.1357879638672,129.39967346191406,117.94004821777344,105.28099822998047,96.93836975097656,90.34790802001953
2024-01-24,74.99044036865234,72.4015884399414,69.8354721069336,70.51319122314453,75.93718719482422,82.22962188720703,93.2928695678711,95.59867095947266,88.6932373046875,81.47476196289062,76.31944274902344,73.79273223876953,71.34758758544922,69.41680908203125,70.7901840209961,77.13072204589844,90.16191101074219,101.63570404052734,105.77528381347656,105.04114532470703,96.84840393066406,89.41345977783203,82.61743927001953,76.50810241699219
2024-01-25,67.87065887451172,65.21299743652344,62.14471435546875,62.71553039550781,68.5240478515625,78.97952270507812,89.70167541503906,93.96916961669922,85.28282928466797,76.6904296875,71.41783142089844,67.55301666259766,64.94784545898438,63.223411560058594,65.41700744628906,73.5054931640625,92.1219253540039,105.98504638671875,116.33130645751953,114.98039245605469,102.69164276123047,96.28802490234375,87.34522247314453,80.68428802490234
2024-01-26,66.41361236572266,64.2021713256836,61.57799530029297,61.36283874511719,66.90860748291016,75.84429931640625,82.8403549194336,83.38735961914062,75.14976501464844,67.5914535522461,62.63591003417969,60.177207946777344,58.42288589477539,56.722320556640625,58.953880310058594,65.74760437011719,80.5830307006836,90.519287109375,99.12458801269531,97.33226776123047,89.3755874633789,84.20567321777344,77.8096694946289,71.86360168457031
2024-01-27,64.41353607177734,60.82284164428711,60.346431732177734,62.21471405029297,65.21731567382812,70.80928039550781,75.33201599121094,74.92230224609375,69.80243682861328,63.89704895019531,60.928131103515625,57.39903259277344,54.78289794921875,54.39717483520508,55.898643493652344,61.16780471801758,71.57815551757812,82.33158874511719,93.02487182617188,95.04365539550781,86.60559844970703,79.20182037353516,75.47669219970703,69.91168212890625
2024-01-28,56.193756103515625,52.211509704589844,49.47990036010742,48.141510009765625,49.773319244384766,49.55005645751953,57.35654067993164,59.360023498535156,53.6706428527832,46.138954162597656,44.95458984375,42.55861282348633,40.33796310424805,38.89784622192383,40.47584533691406,46.7579345703125,59.10316467285156,72.4044189453125,79.67015075683594,80.42097473144531,76.18214416503906,67.57942962646484,59.665767669677734,53.025089263916016
2024-01-29,48.597679138183594,43.99311065673828,43.784881591796875,43.55001449584961,48.15491485595703,60.034088134765625,74.3373031616211,80.86417388916016,75.11566925048828,66.21366882324219,63.052635192871094,60.98908996582031,58.802032470703125,57.083045959472656,59.56735610961914,66.97270202636719,82.59166717529297,95.63460540771484,101.31501770019531,101.88495635986328,91.49261474609375,80.22220611572266,71.7901611328125,68.21695709228516
2024-01-30,73.78120422363281,71.30513000488281,69.00018310546875,70.09797668457031,76.37743377685547,85.11627197265625,96.64262390136719,99.11920928955078,91.92406463623047,85.77632141113281,80.46582794189453,77.91431427001953,76.62812805175781,73.56270599365234,76.06961059570312,83.52584075927734,96.88666534423828,107.58187103271484,114.69519805908203,111.10127258300781,101.66779327392578,92.51524353027344,86.95425415039062,82.49359130859375
2024-01-31,73.1357421875,70.79918670654297,68.69409942626953,69.69415283203125,75.49832153320312,83.81895446777344,93.01053619384766,96.63827514648438,88.41292572021484,80.69046020507812,75.80940246582031,73.38388061523438,70.33441925048828,67.60310363769531,69.694091796875,75.78754425048828,88.72117614746094,99.07808685302734,107.80824279785156,104.69799041748047,97.12510681152344,87.34513854980469,81.54639434814453,78.91075897216797
2024-02-01,65.06546020507812,61.758811950683594,58.978614807128906,57.50675582885742,62.929927825927734,70.08418273925781,77.2716064453125,80.93603515625,74.40933990478516,64.06258392333984,57.150047302246094,54.064857482910156,47.91351318359375,46.47734832763672,47.45794677734375,52.823333740234375,67.73170471191406,79.81511688232422,87.55856323242188,86.28224182128906,77.84706115722656,69.32455444335938,59.381622314453125,53.444541931152344
2024-02-02,57.22511291503906,51.62663269042969,50.01176452636719,53.32192611694336,59.551300048828125,67.21086883544922,75.66189575195312,77.95816040039062,71.15574645996094,60.106956481933594,55.220252990722656,54.477783203125,51.048736572265625,48.34278106689453,51.569725036621094,61.344444274902344,75.91879272460938,92.8232650756836,105.00760650634766,106.64132690429688,99.08140563964844,89.07269287109375,87.98077392578125,80.3804931640625
2024-02-03,61.02183532714844,59.99093246459961,60.100013732910156,60.639556884765625,65.71145629882812,72.74378204345703,76.74517059326172,74.37127685546875,64.65199279785156,56.53739929199219,52.24193572998047,49.69437789916992,47.49803924560547,46.18733215332031,48.14808654785156,57.84233093261719,74.17191314697266,89.96273040771484,100.75811004638672,104.09619903564453,96.01258087158203,88.42210388183594,82.73188018798828,78.31009674072266
2024-02-04,54.85204315185547,54.191078186035156,51.934059143066406,52.303470611572266,55.77429962158203,57.022071838378906,62.314552307128906,59.89313507080078,50.241336822509766,46.91040802001953,43.87217712402344,42.823036193847656,41.00519943237305,41.462608337402344,41.332725524902344,46.40193557739258,58.708763122558594,71.9718017578125,79.65343475341797,84.1556396484375,81.47511291503906,74.41232299804688,72.25457763671875,66.81311798095703
2024-02-05,74.7978286743164,72.76622772216797,70.75664520263672,71.44795227050781,78.00455474853516,86.56694793701172,97.38072967529297,98.04327392578125,92.19025421142578,83.35049438476562,79.04781341552734,75.88680267333984,72.8339614868164,71.9371109008789,73.67587280273438,81.0122299194336,93.4896240234375,105.28298950195312,110.18787384033203,107.83307647705078,98.41796875,91.138671875,86.30006408691406,79.60338592529297
2024-02-06,76.00846099853516,73.12770080566406,70.29754638671875,69.01187896728516,72.22948455810547,80.36966705322266,87.51846313476562,90.91079711914062,85.02360534667969,78.10165405273438,71.33667755126953,67.3545150756836,63.93429946899414,60.828163146972656,61.65618896484375,65.37879180908203,73.6717758178711,86.05815124511719,88.69479370117188,85.29264831542969,81.44288635253906,72.98529815673828,64.4615249633789,57.96086502075195
2024-02-07,36.25522994995117,34.01032638549805,32.3293342590332,32.24113464355469,35.32540512084961,43.016841888427734,51.92945098876953,51.55080032348633,45.65266799926758,35.443206787109375,28.82040023803711,24.287532806396484,20.178298950195312,19.693161010742188,20.503662109375,22.944602966308594,31.105880737304688,46.37004089355469,62.70743179321289,66.55733489990234,64.56414794921875,52.060157775878906,46.135040283203125,39.2647819519043
2024-02-08,30.438953399658203,29.197242736816406,26.328617095947266,27.290176391601562,29.812255859375,35.97103500366211,46.346397399902344,52.20114517211914,49.434852600097656,44.5243034362793,39.738704681396484,35.17304992675781,33.70895767211914,33.29695129394531,30.778465270996094,34.98097610473633,43.193939208984375,53.13098907470703,57.648258209228516,60.96333694458008,56.169132232666016,46.87302780151367,40.704559326171875,35.011985778808594
2024-02-09,23.353912353515625,23.186241149902344,23.573986053466797,24.109664916992188,28.111328125,33.37178039550781,36.1405029296875,42.515071868896484,48.1118049621582,44.87162399291992,44.362789154052734,43.74797058105469,43.28847885131836,41.4337272644043,40.750450134277344,45.25517654418945,45.59967803955078,52.14803695678711,49.4163818359375,43.402259826660156,46.551170349121094,42.22720718383789,35.63542938232422,34.430789947509766
2024-02-10,25.206085205078125,19.332443237304688,18.818878173828125,10.264839172363281,24.066421508789062,27.045166015625,28.84484100341797,28.511444091796875,19.69329071044922,10.029647827148438,4.399871826171875,-2.1589126586914062,-2.2985153198242188,-9.888534545898438,-10.655609130859375,-3.8867263793945312,11.117324829101562,27.81024932861328,48.770599365234375,56.91633605957031,53.58805465698242,45.605125427246094,38.50468444824219,23.876754760742188
2024-02-11,26.983070373535156,23.242599487304688,23.354637145996094,21.312881469726562,28.38153839111328,32.80934143066406,33.51239013671875,37.93621063232422,36.03536605834961,28.556896209716797,27.801105499267578,26.519092559814453,30.627037048339844,26.698917388916016,24.110828399658203,27.79651641845703,37.261173248291016,55.20970916748047,59.71659851074219,61.283355712890625,58.093589782714844,52.31782913208008,44.141048431396484,45.66571044921875
2024-02-12,27.70760726928711,25.143939971923828,22.523597717285156,22.24285888671875,28.06103515625,36.20212936401367,42.493682861328125,44.268592834472656,37.86588668823242,30.10659408569336,26.360984802246094,25.59963607788086,21.595504760742188,18.801830291748047,20.19149398803711,25.770862579345703,34.91339111328125,48.21599578857422,61.6136360168457,64.55056762695312,59.32453155517578,50.357540130615234,39.43423843383789,35.45003890991211
2024-02-13,55.86693572998047,53.42940902709961,52.12802505493164,53.262298583984375,63.476627349853516,77.29204559326172,85.51551818847656,88.82683563232422,79.6221694946289,71.54879760742188,69.70409393310547,66.52298736572266,64.19227600097656,63.046241760253906,65.01427459716797,74.06683349609375,84.44171142578125,96.42150115966797,104.06562042236328,102.36306762695312,93.67800903320312,83.96623229980469,79.43853759765625,76.52537536621094
2024-02-14,54.339622497558594,51.90415573120117,50.600955963134766,49.13038635253906,52.75042724609375,60.11528778076172,66.04240417480469,68.20126342773438,64.19971466064453,58.93700408935547,55.76225280761719,54.982147216796875,52.34308624267578,48.61756134033203,48.31304168701172,52.817909240722656,58.810428619384766,68.4775390625,71.85261535644531,71.39776611328125,65.11752319335938,60.596763610839844,53.87873458862305,48.153221130371094
2024-02-15,39.555686950683594,37.20170211791992,36.861045837402344,38.03391647338867,39.831363677978516,45.51363754272461,51.8653450012207,51.128074645996094,45.13488006591797,43.33824157714844,38.392120361328125,39.65033721923828,35.635223388671875,37.576812744140625,35.462093353271484,40.32791519165039,44.21122360229492,51.75183868408203,63.284149169921875,63.99562454223633,57.757266998291016,51.329463958740234,47.61937713623047,43.08621597290039
2024-02-16,45.857933044433594,45.09140396118164,42.750362396240234,43.64522171020508,50.720977783203125,53.86959457397461,56.10014724731445,51.559959411621094,51.95651626586914,49.277549743652344,46.87753677368164,47.11630630493164,45.62551498413086,43.38483810424805,39.70384979248047,42.92683792114258,47.839210510253906,58.02394104003906,61.45074462890625,66.7149658203125,63.171165466308594,58.13969421386719,55.3707160949707,49.73820114135742
2024-02-17,38.74078369140625,38.27182388305664,34.997901916503906,35.42364501953125,38.22638702392578,41.94392776489258,44.22859191894531,42.85120391845703,31.921127319335938,28.803504943847656,28.001113891601562,26.432132720947266,23.175640106201172,20.354759216308594,25.276050567626953,30.094390869140625,43.016048431396484,56.84173583984375,69.75741577148438,78.31809997558594,73.41737365722656,67.90706634521484,64.01795959472656,58.51484680175781
2024-02-18,59.47162628173828,57.70874786376953,58.23944854736328,58.62959289550781,60.499691009521484,62.46523666381836,60.689510345458984,57.602455139160156,47.607940673828125,42.563865661621094,40.72572708129883,36.99034118652344,34.369972229003906,31.73886489868164,31.289852142333984,33.23997497558594,43.936981201171875,58.2170524597168,68.96315002441406,74.07902526855469,70.8567886352539,65.91587829589844,61.8299446105957,58.37458038330078
2024-02-19,43.41509246826172,42.13694763183594,41.7863655090332,42.65636444091797,45.01049041748047,51.527130126953125,57.45132827758789,51.70854568481445,45.43968200683594,39.556270599365234,39.08159637451172,37.649959564208984,37.6827392578125,33.38041687011719,32.36766815185547,38.26034927368164,41.85947036743164,51.88219451904297,61.87559509277344,68.46687316894531,61.48680114746094,54.54453659057617,50.18397903442383,44.903533935546875
2024-02-20,53.62214279174805,52.071617126464844,51.539188385009766,52.81443786621094,59.855735778808594,70.64901733398438,78.8179931640625,73.87089538574219,62.47944641113281,55.627647399902344,53.135337829589844,51.8505973815918,50.30677032470703,50.226295471191406,52.10122299194336,60.50516128540039,72.95040893554688,88.5046157836914,102.03590393066406,100.70982360839844,91.66160583496094,85.34156799316406,80.63572692871094,75.23585510253906
2024-02-21,62.23881530761719,60.34585952758789,56.43739318847656,57.78411865234375,60.83958435058594,70.14439392089844,75.25203704833984,71.13125610351562,61.87373733520508,57.445343017578125,51.30418014526367,47.666648864746094,45.817161560058594,44.23417663574219,43.54008483886719,47.24586486816406,54.347232818603516,65.34771728515625,75.3839111328125,75.79736328125,71.29430389404297,64.45358276367188,60.46634292602539,52.920860290527344
2024-02-22,29.78174591064453,27.814376831054688,23.941757202148438,22.962921142578125,28.62762451171875,32.95276641845703,38.779388427734375,40.58054733276367,36.06205749511719,27.547931671142578,22.841556549072266,22.765644073486328,19.337581634521484,12.584049224853516,13.486091613769531,15.144485473632812,22.858474731445312,34.50114440917969,45.65034484863281,48.62720489501953,49.12934875488281,41.92735290527344,35.3555908203125,29.955055236816406
2024-02-23,-1.2226638793945312,-4.1174163818359375,-7.13555908203125,-9.200920104980469,-5.381248474121094,4.1713714599609375,0.7467727661132812,-0.8213272094726562,-3.4539260864257812,-6.5725250244140625,-12.456306457519531,-15.776458740234375,-14.840507507324219,-14.207664489746094,-19.44092559814453,-18.51561737060547,-14.718460083007812,-0.16005706787109375,22.235366821289062,40.38932800292969,32.6656494140625,24.17736053466797,9.6146240234375,12.035743713378906
2024-02-24,11.321952819824219,5.038154602050781,4.464637756347656,7.061576843261719,18.180419921875,14.39715576171875,12.787582397460938,10.392410278320312,2.3111038208007812,-2.09490966796875,-4.4067535400390625,-1.4516525268554688,-4.553070068359375,-5.1635284423828125,-6.880401611328125,-4.454307556152344,0.2686614990234375,9.979568481445312,24.567596435546875,25.500717163085938,19.93646240234375,21.656997680664062,15.724029541015625,19.7020263671875
2024-02-25,5.081787109375,5.263031005859375,7.776611328125,5.285026550292969,4.4005584716796875,3.6126327514648438,-6.0274810791015625,-8.470550537109375,2.2443695068359375,0.396392822265625,0.2842864990234375,2.9898757934570312,-3.9011077880859375,-4.951698303222656,-7.843055725097656,-4.388648986816406,7.8532257080078125,3.554107666015625,16.144309997558594,22.34210968017578,16.845359802246094,12.906509399414062,13.70916748046875,14.407997131347656
2024-02-26,6.629631042480469,11.24200439453125,0.06368255615234375,14.003616333007812,3.3384170532226562,12.438491821289062,11.719337463378906,8.8306884765625,3.3321304321289062,0.411895751953125,4.064338684082031,6.591499328613281,-4.0319061279296875,4.869926452636719,2.2227859497070312,3.7474899291992188,-7.112281799316406,2.0576324462890625,10.482162475585938,22.11731719970703,28.020553588867188,24.28266143798828,13.510513305664062,12.468910217285156
2024-02-27,-4.773399353027344,0.78662109375,-6.279869079589844,-4.003746032714844,0.05200958251953125,-1.6978225708007812,1.7822341918945312,2.7403182983398438,-1.2488632202148438,1.5339736938476562,2.221527099609375,-0.26097869873046875,-0.4482269287109375,0.5380325317382812,-0.09816741943359375,4.7562103271484375,10.167228698730469,15.021995544433594,19.889816284179688,29.94927215576172,17.856651306152344,14.624176025390625,13.399711608886719,10.117782592773438
2024-02-28,14.583267211914062,15.177787780761719,15.443389892578125,18.657081604003906,22.3525390625,21.768714904785156,27.730575561523438,22.04999542236328,15.130271911621094,7.0977935791015625,7.966278076171875,9.353385925292969,7.889518737792969,6.9915008544921875,5.92230224609375,7.848968505859375,13.136215209960938,22.490371704101562,40.30583953857422,52.32384490966797,51.219627380371094,42.54604721069336,41.01694869995117,35.93014907836914
2024-02-29,13.117408752441406,10.206581115722656,8.004257202148438,9.401557922363281,10.871192932128906,15.212135314941406,17.501983642578125,19.425323486328125,4.5964813232421875,5.970222473144531,-5.110191345214844,-10.387199401855469,-6.1668701171875,-8.113899230957031,-3.5965118408203125,0.202423095703125,-2.8925399780273438,4.005615234375,17.130577087402344,26.03264617919922,24.0489501953125,8.8482666015625,15.932235717773438,6.271095275878906
2024-03-01,-11.529121398925781,-20.420188903808594,-22.22425079345703,-14.267799377441406,-9.753471374511719,-15.952369689941406,-17.822853088378906,-12.564720153808594,-17.787521362304688,-28.56853485107422,-22.292991638183594,-21.065216064453125,-29.066612243652344,-28.633155822753906,-26.43828582763672,-19.6978759765625,-17.40753173828125,-10.332115173339844,-2.0877685546875,1.4276809692382812,4.582084655761719,-3.9340286254882812,-8.289901733398438,-13.296646118164062
2024-03-02,-1.8405838012695312,-5.6562957763671875,-3.5633468627929688,-4.5590057373046875,4.765861511230469,-1.8104476928710938,-4.3487548828125,-2.36212158203125,-5.590766906738281,1.9530258178710938,-3.075927734375,-5.592376708984375,-4.722297668457031,-7.001373291015625,-10.044021606445312,-5.503684997558594,1.2010498046875,-5.0046234130859375,6.1839599609375,9.730880737304688,14.33648681640625,3.1078872680664062,3.8879470825195312,-0.5544891357421875
2024-03-03,-18.99664306640625,-18.790740966796875,-19.635757446289062,-24.3211669921875,-22.59038543701172,-26.922462463378906,-32.16973114013672,-35.55755615234375,-34.37493896484375,-35.322593688964844,-31.185691833496094,-33.74375915527344,-40.86882019042969,-35.3548583984375,-32.62799072265625,-36.54962158203125,-27.48480987548828,-14.283042907714844,1.325042724609375,18.84552764892578,16.71967315673828,6.73553466796875,-2.1483383178710938,-8.496101379394531
2024-03-04,4.924949645996094,4.4927520751953125,0.00154876708984375,-2.5923004150390625,-2.01043701171875,2.4405136108398438,9.405891418457031,5.606719970703125,6.296134948730469,3.0190353393554688,-0.9341964721679688,4.153648376464844,4.0885162353515625,3.636962890625,-0.775604248046875,7.275901794433594,2.9684066772460938,7.4955596923828125,15.123336791992188,9.440567016601562,12.062812805175781,8.174064636230469,4.7081146240234375,10.902168273925781
2024-03-05,14.683540344238281,13.44525146484375,18.088363647460938,21.721515655517578,21.614013671875,23.416175842285156,24.797073364257812,24.963470458984375,11.593116760253906,2.0141448974609375,8.091018676757812,10.888656616210938,13.891738891601562,5.3894500732421875,12.715099334716797,5.4744110107421875,19.22333526611328,33.38159942626953,43.49323272705078,59.69329071044922,54.83854293823242,44.225589752197266,40.854713439941406,34.40745162963867
2024-03-06,48.38502883911133,47.36246871948242,44.73930358886719,45.90632629394531,50.47561264038086,62.026485443115234,64.96806335449219,58.529502868652344,44.05857849121094,34.889530181884766,32.10804748535156,29.64722442626953,23.558616638183594,18.971088409423828,21.699565887451172,22.986351013183594,35.89381408691406,50.07882308959961,66.60457611083984,72.03933715820312,65.29290771484375,54.89200210571289,52.0589714050293,43.76748275756836
2024-03-07,15.886184692382812,12.41888427734375,8.502632141113281,6.424797058105469,8.790145874023438,4.8136444091796875,9.561965942382812,6.939628601074219,-0.5840377807617188,-15.23028564453125,-21.820404052734375,-23.993072509765625,-32.801536560058594,-28.54132080078125,-28.484291076660156,-37.26188659667969,-19.601165771484375,-3.4007720947265625,20.311203002929688,28.934852600097656,22.548248291015625,8.062179565429688,-1.754974365234375,-10.048873901367188
2024-03-08,0.6839218139648438,2.06317138671875,5.3365325927734375,-1.2549209594726562,-2.4459152221679688,3.5492782592773438,6.506683349609375,1.61090087890625,2.8968048095703125,-3.9369888305664062,-6.974845886230469,-6.464508056640625,-6.084800720214844,-7.298851013183594,-4.263664245605469,-3.72998046875,-0.2137908935546875,9.339317321777344,16.59735870361328,26.99718475341797,16.19989013671875,6.341911315917969,7.1478118896484375,5.79766845703125
2024-03-09,0.37123870849609375,1.7100982666015625,4.9526824951171875,1.3289718627929688,7.359733581542969,8.388648986816406,13.62158203125,13.106185913085938,10.65997314453125,8.032402038574219,8.244194030761719,9.761497497558594,11.417415618896484,12.212779998779297,12.41647720336914,9.744491577148438,8.083381652832031,6.441658020019531,23.077720642089844,22.452537536621094,17.2218017578125,11.466621398925781,9.640121459960938,7.997802734375
2024-03-10,-4.286872863769531,-2.24371337890625,-2.963623046875,-3.0861053466796875,-8.477569580078125,-8.223091125488281,-13.6923828125,-6.460906982421875,-16.560569763183594,-17.888824462890625,-15.417999267578125,-8.219757080078125,-10.877693176269531,-10.109535217285156,-14.185371398925781,-23.41222381591797,-29.85649871826172,-6.072959899902344,3.0989532470703125,17.952796936035156,6.441490173339844,5.929779052734375,0.5423049926757812,3.8598175048828125
2024-03-11,0.7428131103515625,-4.8448486328125,-5.0370635986328125,-2.5319671630859375,-1.9755859375,5.7522125244140625,11.124961853027344,10.006111145019531,-4.3307342529296875,-4.810699462890625,1.4424057006835938,-0.27155303955078125,3.9356231689453125,-0.3298797607421875,5.029106140136719,5.427886962890625,10.677131652832031,20.857887268066406,39.07389831542969,41.312171936035156,32.051666259765625,24.636192321777344,22.24207305908203,26.169204711914062
2024-03-12,46.478084564208984,42.98677444458008,40.318870544433594,44.82805252075195,51.51753616333008,62.21182632446289,65.87934875488281,55.32053756713867,41.36985778808594,30.46106719970703,27.134593963623047,24.17892837524414,23.40212631225586,25.464752197265625,25.963760375976562,34.80835723876953,51.365997314453125,71.32502746582031,95.45484924316406,100.45394897460938,88.94609069824219,79.52471923828125,74.86001586914062,67.07756805419922
2024-03-13,51.52473068237305,49.19725036621094,48.9469108581543,51.271976470947266,56.75798416137695,66.6642074584961,72.60174560546875,60.53296661376953,43.43537902832031,31.32315444946289,29.730709075927734,27.40338897705078,27.1177978515625,25.594463348388672,27.620162963867188,32.37683868408203,39.841793060302734,62.29545593261719,80.70262908935547,85.19828796386719,77.42823791503906,67.43548583984375,61.70683670043945,58.52937316894531
2024-03-14,41.5295295715332,37.00202560424805,39.93574523925781,38.73356628417969,42.87118911743164,51.28163528442383,53.9051513671875,45.88200759887695,24.36236572265625,17.20423126220703,15.507980346679688,10.331871032714844,8.432914733886719,11.584667205810547,11.82769775390625,18.196937561035156,25.249923706054688,47.732391357421875,67.18873596191406,75.94949340820312,66.25991821289062,58.947242736816406,54.090702056884766,48.659820556640625
2024-03-15,33.02490234375,31.510643005371094,26.45264434814453,31.085895538330078,34.869991302490234,40.84688186645508,47.06045150756836,41.743648529052734,20.176803588867188,7.315528869628906,4.580406188964844,7.9871826171875,5.033393859863281,6.553993225097656,7.375885009765625,16.594799041748047,29.330081939697266,57.1435432434082,77.32400512695312,85.72586059570312,76.39058685302734,65.52935791015625,58.812591552734375,54.4669303894043
2024-03-16,40.83414077758789,36.30842971801758,36.39182662963867,35.17320251464844,38.91799545288086,43.548954010009766,49.163185119628906,41.556095123291016,18.433486938476562,0.5770111083984375,-2.38153076171875,-0.19104766845703125,-5.482978820800781,-3.431396484375,-3.5582275390625,3.6981277465820312,19.65955352783203,45.538818359375,73.94294738769531,83.76506042480469,71.61714935302734,61.28269577026367,53.670738220214844,47.433719635009766
2024-03-17,21.51256561279297,19.867233276367188,22.821292877197266,22.922901153564453,27.585159301757812,28.546653747558594,38.69929504394531,27.82006072998047,10.719215393066406,-0.5871963500976562,-1.9829254150390625,-1.7096710205078125,-7.895286560058594,-5.092308044433594,-5.641807556152344,7.936210632324219,14.596122741699219,44.656036376953125,61.81324768066406,65.55630493164062,61.03410339355469,52.02958297729492,46.44510269165039,42.8235969543457
2024-03-18,43.692325592041016,43.29024124145508,43.435997009277344,43.55099105834961,49.61555862426758,52.97596740722656,60.78340530395508,60.093048095703125,49.82454299926758,44.74912643432617,42.09730911254883,40.84873580932617,39.12981033325195,38.85711669921875,38.21574020385742,41.72380828857422,51.941444396972656,61.79970169067383,69.79723358154297,71.95201110839844,62.14422607421875,57.456172943115234,50.26927185058594,49.238746643066406
2024-03-19,62.644493103027344,60.61683654785156,59.023658752441406,59.028648376464844,65.98367309570312,76.83804321289062,82.68721771240234,77.13485717773438,58.12447738647461,48.0433235168457,40.17692565917969,38.48945999145508,35.946739196777344,33.03942108154297,37.1977424621582,43.891536712646484,55.051761627197266,75.58810424804688,94.9720687866211,98.1577377319336,86.00975799560547,74.79107666015625,70.85809326171875,64.46578979492188
2024-03-20,57.37541198730469,54.30278396606445,51.466556549072266,52.92357635498047,63.03131866455078,71.84736633300781,74.0954360961914,73.74809265136719,53.72868728637695,40.24101638793945,36.82434844970703,33.10841369628906,31.76602554321289,28.172359466552734,28.50450897216797,34.82118225097656,50.196128845214844,70.89425659179688,92.9902572631836,94.71147155761719,86.19779968261719,77.69639587402344,68.82709503173828,62.04328155517578
2024-03-21,46.574703216552734,43.50990295410156,42.692909240722656,44.467987060546875,48.05800247192383,52.0716667175293,54.434757232666016,45.92927551269531,36.48581314086914,29.281597137451172,24.270374298095703,23.067142486572266,21.963462829589844,16.943172454833984,15.237525939941406,22.98973846435547,34.22378158569336,50.568477630615234,72.96549987792969,81.79742431640625,74.5714340209961,64.11640930175781,56.61728286743164,51.834651947021484
2024-03-22,31.832775115966797,27.197982788085938,25.656646728515625,25.62918472290039,34.29078674316406,34.93616485595703,39.38043212890625,42.71690368652344,34.6032829284668,21.619796752929688,18.229965209960938,17.885589599609375,14.002296447753906,12.265380859375,13.479537963867188,13.069412231445312,22.426551818847656,35.50059509277344,48.35126495361328,56.01145935058594,51.323829650878906,38.813751220703125,37.879634857177734,30.124542236328125
2024-03-23,13.653152465820312,10.867134094238281,8.51995849609375,5.141998291015625,9.029945373535156,8.221595764160156,12.349296569824219,7.827369689941406,9.24798583984375,-3.499267578125,-8.379058837890625,-6.923065185546875,-5.519805908203125,-13.321678161621094,-11.119552612304688,-3.9821090698242188,3.828948974609375,15.808113098144531,33.36505889892578,41.381858825683594,34.31394958496094,27.085983276367188,28.303237915039062,17.94188690185547
2024-03-24,3.9392242431640625,1.748321533203125,2.407623291015625,-2.5446090698242188,-3.1009521484375,-3.7392196655273438,4.588005065917969,6.536689758300781,-12.344886779785156,-13.869178771972656,-12.380165100097656,-3.9897689819335938,-5.0773162841796875,-4.8195343017578125,-5.8181915283203125,-6.4004669189453125,0.60595703125,18.38677978515625,36.226409912109375,49.17462921142578,35.38555908203125,28.69719696044922,25.222381591796875,20.927688598632812
2024-03-25,30.94739532470703,28.400745391845703,26.905593872070312,27.47332763671875,36.31202697753906,39.82448196411133,42.08820724487305,43.66850280761719,34.91518020629883,36.62163162231445,33.779945373535156,33.79365921020508,32.284488677978516,29.22364044189453,29.50244140625,29.58141326904297,35.61333465576172,41.892879486083984,57.56009292602539,49.708892822265625,46.00871276855469,40.26279830932617,33.191986083984375,30.336151123046875
2024-03-26,17.73877716064453,16.449127197265625,13.498802185058594,12.030654907226562,19.9056396484375,17.57738494873047,22.521499633789062,19.783164978027344,17.381149291992188,11.821540832519531,4.994880676269531,4.792976379394531,3.1838531494140625,-2.8967208862304688,-1.7607955932617188,0.9786453247070312,5.069862365722656,7.25970458984375,21.7000732421875,26.02629852294922,27.460044860839844,20.1953125,13.138702392578125,12.095405578613281
2024-03-27,10.078804016113281,3.09613037109375,6.5424957275390625,3.940460205078125,5.486083984375,6.39056396484375,18.700416564941406,19.3238525390625,13.219215393066406,13.469718933105469,13.177314758300781,9.656585693359375,9.045951843261719,7.511253356933594,7.234291076660156,7.4812164306640625,8.14251708984375,18.029098510742188,28.79729461669922,32.490089416503906,26.95458984375,21.152488708496094,13.186393737792969,11.021041870117188
2024-03-28,-1.1891708374023438,-3.0570602416992188,2.8189697265625,3.9571075439453125,0.7453765869140625,7.7503509521484375,11.669052124023438,7.376319885253906,5.9249420166015625,8.224166870117188,8.584846496582031,7.111015319824219,7.157020568847656,7.4710235595703125,6.3951873779296875,7.345146179199219,6.171653747558594,14.811317443847656,19.473587036132812,28.55425262451172,26.146812438964844,17.02117919921875,12.485855102539062,10.301795959472656
2024-03-29,-3.898773193359375,0.9783172607421875,0.6661148071289062,-1.2251815795898438,8.947647094726562,11.780662536621094,11.363288879394531,14.694778442382812,6.427345275878906,8.339096069335938,8.242996215820312,5.519561767578125,10.531303405761719,7.5823211669921875,5.8309173583984375,5.9209442138671875,6.874183654785156,22.4195556640625,29.879013061523438,31.325218200683594,26.231536865234375,16.55426025390625,8.327285766601562,8.352653503417969
2024-03-30,3.6502532958984375,12.319892883300781,-0.5046920776367188,1.948883056640625,6.842048645019531,19.275550842285156,3.002471923828125,-14.01922607421875,-13.959434509277344,8.89776611328125,5.554206848144531,-5.811073303222656,9.22149658203125,-4.0133514404296875,0.7629241943359375,-16.69184112548828,-29.788841247558594,-9.745086669921875,13.132820129394531,15.998031616210938,25.097274780273438,21.184181213378906,10.846031188964844,16.032127380371094
2024-03-31,0.4418792724609375,-7.667335510253906,-4.485282897949219,-10.412635803222656,-6.6680908203125,-6.96246337890625,-14.818756103515625,-9.504814147949219,-17.984397888183594,-13.779747009277344,-5.955665588378906,-5.2469329833984375,-12.781578063964844,-8.768173217773438,-8.250808715820312,-8.769729614257812,-11.790519714355469,-19.823959350585938,-13.566055297851562,-11.532905578613281,0.2676849365234375,-2.3452529907226562,-1.8306350708007812,-3.8685836791992188
2024-04-01,5.962287902832031,2.9555435180664062,1.5334625244140625,1.54473876953125,1.0102081298828125,5.667610168457031,8.494804382324219,2.85247802734375,4.713615417480469,-3.4839324951171875,-5.51507568359375,-4.109748840332031,-7.211761474609375,-3.4463348388671875,-4.718162536621094,-6.148338317871094,-3.3917770385742188,4.991706848144531,20.289825439453125,22.513145446777344,17.190963745117188,18.40386199951172,16.6822509765625,16.960594177246094
2024-04-02,12.890449523925781,9.410118103027344,9.397575378417969,8.600914001464844,11.704002380371094,17.560531616210938,21.331459045410156,17.610855102539062,16.5206298828125,13.0206298828125,16.73828887939453,17.211402893066406,13.342582702636719,11.060295104980469,12.810260772705078,7.9467315673828125,6.862037658691406,10.616317749023438,14.078056335449219,19.320465087890625,21.793533325195312,20.49273681640625,17.615943908691406,12.691184997558594
2024-04-03,-1.7152557373046875,-0.90032958984375,-1.133819580078125,3.8981857299804688,1.7558059692382812,5.698860168457031,7.422325134277344,12.404487609863281,4.7801361083984375,1.4733657836914062,0.8646697998046875,1.9866561889648438,-0.348541259765625,-5.195770263671875,-1.3236312866210938,-1.4069976806640625,-6.982749938964844,3.1800384521484375,22.96063995361328,19.251914978027344,12.906120300292969,16.641082763671875,10.975425720214844,9.758987426757812
2024-04-04,-1.141693115234375,-3.3290481567382812,-4.6849365234375,-1.7136764526367188,3.4506072998046875,12.474700927734375,9.376655578613281,7.348777770996094,-8.506065368652344,-13.522125244140625,-10.359886169433594,-12.744804382324219,-12.512092590332031,-4.628196716308594,-10.245697021484375,-15.762474060058594,-21.115982055664062,-11.029319763183594,11.794319152832031,20.353805541992188,12.530715942382812,0.8847274780273438,4.150672912597656,4.333168029785156
2024-04-05,-5.7088470458984375,-5.01446533203125,-5.794486999511719,-10.182830810546875,-4.94683837890625,-6.941162109375,-9.14117431640625,-11.566062927246094,-17.314041137695312,-26.15081787109375,-23.36944580078125,-18.736663818359375,-21.943748474121094,-27.774986267089844,-26.684844970703125,-26.107131958007812,-29.803665161132812,-15.178153991699219,8.794845581054688,8.210273742675781,14.346595764160156,-0.9490814208984375,0.9791641235351562,-3.0521011352539062
2024-04-06,-8.39788818359375,-16.245376586914062,-17.945587158203125,-15.231643676757812,-16.733139038085938,-8.545799255371094,-2.1198577880859375,-12.734565734863281,-7.6562957763671875,-5.466316223144531,-5.92138671875,-0.6577606201171875,-1.8950119018554688,-3.3147354125976562,-7.597785949707031,-5.1673126220703125,1.4594650268554688,1.6518936157226562,12.986648559570312,9.835121154785156,13.677085876464844,16.159255981445312,8.004287719726562,14.3526611328125
2024-04-07,9.050262451171875,7.577629089355469,3.1432037353515625,4.3580322265625,-5.7710418701171875,-3.4740066528320312,4.98590087890625,3.4663009643554688,7.22515869140625,10.734245300292969,12.489883422851562,7.931793212890625,7.096046447753906,4.0476837158203125,4.0862579345703125,8.449729919433594,3.3647384643554688,1.1790008544921875,14.651908874511719,14.521331787109375,12.395027160644531,12.132781982421875,5.9038238525390625,11.997886657714844
2024-04-08,-2.5681381225585938,-5.68304443359375,-8.312751770019531,-8.381301879882812,-6.929054260253906,-7.45330810546875,-0.21768951416015625,3.2542037963867188,-3.515350341796875,-5.1042022705078125,-12.294273376464844,-14.634864807128906,-13.168952941894531,-16.143447875976562,-15.226936340332031,-19.066787719726562,-18.65833282470703,-13.188529968261719,-7.6331634521484375,-0.9584121704101562,-0.885955810546875,-3.9043121337890625,-8.53094482421875,-6.442176818847656
2024-04-09,10.394340515136719,10.042724609375,11.532562255859375,16.63538360595703,17.940940856933594,20.526092529296875,17.6651611328125,15.968116760253906,9.881233215332031,12.395095825195312,8.96197509765625,9.513053894042969,11.159690856933594,11.665569305419922,12.14422607421875,7.841194152832031,19.178802490234375,18.026229858398438,37.698097229003906,39.21574401855469,34.6761474609375,33.8851318359375,26.122085571289062,29.3037109375
2024-04-10,3.3568267822265625,4.921394348144531,-1.6822891235351562,6.376075744628906,0.02574920654296875,0.966705322265625,3.4951629638671875,0.32337188720703125,-10.104331970214844,-9.206108093261719,-10.53594970703125,-11.510276794433594,-9.277694702148438,-10.542198181152344,-11.524818420410156,-5.095329284667969,1.2343597412109375,5.5386199951171875,5.996711730957031,9.618186950683594,12.549797058105469,6.293159484863281,7.414337158203125,4.0610809326171875
2024-04-11,-0.7434539794921875,-0.01300811767578125,-0.8122940063476562,3.2861709594726562,3.7078857421875,2.9534454345703125,4.009574890136719,4.211326599121094,-11.841842651367188,-5.8218841552734375,-10.12310791015625,-8.550468444824219,-7.03857421875,-9.558998107910156,-5.842315673828125,-2.8958587646484375,-3.2537994384765625,3.3456039428710938,12.275985717773438,15.910331726074219,17.1639404296875,6.5339202880859375,10.59503173828125,9.093116760253906
2024-04-12,19.563568115234375,19.696701049804688,19.003883361816406,19.58478546142578,24.596458435058594,27.18341827392578,22.279380798339844,15.270286560058594,5.9616546630859375,1.0509796142578125,3.1596603393554688,4.0914459228515625,1.3130035400390625,-0.9420089721679688,3.2504119873046875,6.0360870361328125,11.332710266113281,20.613243103027344,29.263504028320312,35.763511657714844,34.388084411621094,33.91197204589844,35.23967742919922,31.605789184570312
2024-04-13,23.76080322265625,19.66033935546875,16.946823120117188,19.617820739746094,18.505165100097656,12.406455993652344,13.94622802734375,4.874565124511719,-3.8187942504882812,-4.253898620605469,-8.711212158203125,-5.0582733154296875,-10.015525817871094,-9.031227111816406,-14.537460327148438,-9.271026611328125,-0.46353912353515625,8.940589904785156,26.410621643066406,33.36674499511719,33.72737121582031,24.121658325195312,26.156700134277344,23.628799438476562
2024-04-14,10.222419738769531,9.321258544921875,6.5174560546875,7.37664794921875,8.799575805664062,5.8625335693359375,-1.2304153442382812,-13.866424560546875,-11.749923706054688,-2.738494873046875,-5.946006774902344,-5.3105316162109375,-4.44805908203125,-6.668724060058594,-9.006446838378906,-9.708885192871094,-5.7091522216796875,-1.9973907470703125,9.401573181152344,19.199356079101562,20.68138885498047,17.232086181640625,24.775428771972656,14.559349060058594
2024-04-15,6.11712646484375,5.567192077636719,5.0956268310546875,7.918449401855469,10.335060119628906,14.5802001953125,10.235992431640625,5.650901794433594,3.4145126342773438,4.176765441894531,4.752769470214844,5.52313232421875,3.8105316162109375,1.4477310180664062,-0.6034469604492188,3.516815185546875,0.5039291381835938,6.215789794921875,13.049072265625,15.9830322265625,14.172737121582031,4.8633880615234375,11.601127624511719,9.713752746582031
2024-04-16,-0.7952117919921875,0.22370147705078125,-2.3392868041992188,-2.1952667236328125,2.2512435913085938,0.700958251953125,0.12592315673828125,-8.543807983398438,-11.969718933105469,-7.984580993652344,-6.776206970214844,-2.9950408935546875,-3.2329559326171875,-7.5126190185546875,-6.881706237792969,-8.786300659179688,-7.343902587890625,-14.007308959960938,7.167243957519531,5.71893310546875,10.157020568847656,5.500885009765625,-6.761138916015625,-4.5992431640625
2024-04-17,3.9480056762695312,2.4126510620117188,4.318611145019531,6.2445068359375,4.442657470703125,10.778717041015625,10.811004638671875,8.411842346191406,-1.6262664794921875,2.2823257446289062,1.3948287963867188,2.3907089233398438,-1.8471145629882812,-3.3748550415039062,2.4402236938476562,6.536079406738281,8.539772033691406,14.446327209472656,21.757156372070312,29.301185607910156,29.22411346435547,18.176734924316406,16.94408416748047,15.200782775878906
2024-04-18,2.4661941528320312,-1.6746902465820312,-6.849311828613281,1.7242660522460938,-3.6739883422851562,-0.5821380615234375,-0.240386962890625,-4.7741241455078125,2.87872314453125,10.060775756835938,0.57421875,0.060760498046875,3.269287109375,2.4115753173828125,7.383544921875,6.175300598144531,-3.1886672973632812,-3.664337158203125,6.769264221191406,9.90386962890625,20.333709716796875,-0.7858047485351562,5.498603820800781,7.4730377197265625
2024-04-19,11.251075744628906,16.72503662109375,13.937057495117188,14.820396423339844,19.56140899658203,25.029823303222656,25.113189697265625,21.626800537109375,16.427223205566406,16.955772399902344,17.676559448242188,17.804061889648438,16.742107391357422,17.25720977783203,17.628612518310547,24.105419158935547,18.231292724609375,24.5040283203125,26.202545166015625,40.42577362060547,31.58069610595703,29.128555297851562,27.599266052246094,24.711082458496094
2024-04-20,6.988929748535156,6.22381591796875,-1.6151885986328125,3.61029052734375,-4.554176330566406,0.2873382568359375,-8.302444458007812,1.021392822265625,1.2119674682617188,-11.821907043457031,-1.9304656982421875,-8.633262634277344,-4.648582458496094,-4.356224060058594,-3.1140213012695312,-13.029045104980469,-9.473258972167969,-14.55712890625,-2.4450912475585938,10.844154357910156,8.337455749511719,0.755767822265625,-13.159904479980469,6.448486328125
2024-04-21,-9.448822021484375,-8.374008178710938,-8.86962890625,-3.7983551025390625,-2.720123291015625,1.0094375610351562,-7.510261535644531,-13.23468017578125,-16.13500213623047,-11.333518981933594,-8.985931396484375,-10.366867065429688,-4.502418518066406,-12.852470397949219,-13.18170166015625,-14.206130981445312,-10.202438354492188,-6.5606536865234375,3.5844268798828125,13.113983154296875,8.801383972167969,4.7744293212890625,5.309700012207031,-0.20513916015625
2024-04-22,0.12320709228515625,3.6757583618164062,-2.0110549926757812,-0.304595947265625,-5.217933654785156,7.826446533203125,12.576026916503906,5.893829345703125,5.4696502685546875,3.3951873779296875,2.8253250122070312,3.2094192504882812,1.3475723266601562,1.6365737915039062,5.409965515136719,1.362640380859375,8.183364868164062,1.815887451171875,12.198944091796875,18.2373046875,15.1866455078125,8.548225402832031,8.954864501953125,7.975776672363281
2024-04-23,3.228607177734375,1.49847412109375,0.42261505126953125,0.9664459228515625,-2.2401199340820312,8.350715637207031,6.79443359375,4.743415832519531,7.351631164550781,10.216461181640625,9.1427001953125,11.161453247070312,12.367965698242188,14.296745300292969,15.079700469970703,12.030624389648438,13.4432373046875,6.322052001953125,14.33587646484375,17.993186950683594,26.043197631835938,18.246505737304688,12.938720703125,9.908737182617188
2024-04-24,4.8551025390625,1.4289169311523438,-0.7139129638671875,4.171897888183594,12.926254272460938,16.832130432128906,18.97991180419922,14.428955078125,8.337509155273438,4.908935546875,6.450202941894531,10.300941467285156,11.882347106933594,12.480712890625,9.004875183105469,8.14202880859375,12.808341979980469,23.875877380371094,33.93400573730469,32.63238525390625,30.611488342285156,24.60755157470703,20.01312255859375,20.981521606445312
2024-04-25,23.97522735595703,25.525009155273438,22.377429962158203,21.915138244628906,28.430160522460938,33.34071350097656,31.106582641601562,22.484092712402344,19.76433563232422,19.344398498535156,19.654582977294922,18.778541564941406,18.37955093383789,17.326416015625,13.719978332519531,14.419120788574219,16.833221435546875,23.059181213378906,28.288421630859375,33.564781188964844,34.311126708984375,29.384246826171875,29.964462280273438,27.371726989746094
2024-04-26,53.892356872558594,50.39923095703125,50.951229095458984,50.140228271484375,53.82811737060547,60.58397674560547,62.373573303222656,49.79326629638672,33.05216979980469,28.373920440673828,22.748462677001953,23.725753784179688,19.974437713623047,17.757129669189453,15.043758392333984,19.33269500732422,21.709556579589844,41.5,67.8140869140625,75.21488952636719,69.15824127197266,54.81400680541992,53.150428771972656,46.754119873046875
2024-04-27,39.785640716552734,38.61428451538086,38.25605010986328,37.790557861328125,39.54544448852539,41.36620330810547,32.881492614746094,22.49201202392578,1.5008316040039062,-7.6224365234375,-12.090400695800781,-14.483268737792969,-11.835685729980469,-18.165000915527344,-19.434173583984375,-15.091423034667969,-5.71746826171875,26.411781311035156,63.67892074584961,77.790771484375,74.68104553222656,63.72206497192383,56.518463134765625,55.21112060546875
2024-04-28,37.7064094543457,34.55160140991211,32.81828689575195,33.50834274291992,39.98395919799805,40.652347564697266,42.44282531738281,34.3150634765625,26.4453125,26.955970764160156,23.363906860351562,25.197406768798828,21.254192352294922,17.174724578857422,16.500072479248047,20.623779296875,20.097183227539062,35.83873748779297,55.00221252441406,59.080360412597656,58.989131927490234,52.23447036743164,40.649024963378906,40.71184539794922
2024-04-29,44.489131927490234,40.8332633972168,39.36513137817383,42.33761978149414,48.28989791870117,52.80904769897461,52.741355895996094,47.286041259765625,42.60178756713867,36.94407272338867,37.2769775390625,34.604644775390625,35.17741775512695,35.17155838012695,34.05070114135742,34.32365798950195,38.961544036865234,46.677398681640625,57.763492584228516,61.314022064208984,55.69639587402344,50.28351974487305,45.36140441894531,44.059532165527344
2024-04-30,49.33611297607422,48.55427551269531,45.72893524169922,46.40949249267578,49.27063751220703,60.28178787231445,58.060604095458984,52.26216506958008,38.86127471923828,31.05514907836914,30.164134979248047,27.588977813720703,25.647541046142578,24.412281036376953,23.146137237548828,26.23138427734375,29.69866943359375,48.2825927734375,61.1718635559082,68.81355285644531,63.79997253417969,53.5683479309082,50.72564697265625,43.53411865234375
2024-05-01,33.523155212402344,34.11777877807617,33.36751174926758,34.37557601928711,39.324764251708984,44.11674499511719,49.081790924072266,41.58957290649414,22.9764404296875,16.094215393066406,11.984893798828125,10.033485412597656,6.381614685058594,5.764076232910156,4.433769226074219,6.9366912841796875,12.385154724121094,27.90436553955078,52.411964416503906,61.299354553222656,58.48576354980469,46.63236999511719,41.431068420410156,34.69671630859375
2024-05-02,21.209182739257812,19.194671630859375,17.157691955566406,22.887897491455078,26.521717071533203,36.28439712524414,36.699684143066406,23.406112670898438,14.653434753417969,5.299186706542969,6.7625579833984375,5.474296569824219,6.93902587890625,1.8240509033203125,6.7526702880859375,8.538421630859375,19.96019744873047,31.859878540039062,54.87653732299805,62.11045837402344,55.666893005371094,44.29327392578125,42.85506057739258,41.62778854370117
2024-05-03,32.70940017700195,33.83089065551758,31.950965881347656,30.500274658203125,32.85774230957031,37.26853942871094,30.899620056152344,16.92707061767578,5.341835021972656,1.003448486328125,2.9288864135742188,1.0391311645507812,-0.2206268310546875,-4.802703857421875,-5.55523681640625,-4.0015106201171875,-0.21692657470703125,19.262596130371094,41.65376281738281,52.134071350097656,51.20048522949219,45.037864685058594,41.392818450927734,35.136627197265625
2024-05-04,26.983070373535156,21.227142333984375,22.643814086914062,23.837615966796875,26.68954849243164,27.48566436767578,29.965103149414062,18.493804931640625,9.030006408691406,4.226959228515625,7.01953125,1.5237274169921875,0.4869232177734375,-3.66668701171875,-3.5385284423828125,-0.43985748291015625,0.08946990966796875,21.218238830566406,39.305938720703125,52.0892333984375,52.025001525878906,43.33582305908203,43.244815826416016,41.80865478515625
2024-05-05,20.67383575439453,21.056488037109375,17.73046112060547,19.013099670410156,15.625801086425781,16.083885192871094,19.614944458007812,15.646072387695312,0.7020263671875,2.7211761474609375,3.2206192016601562,1.0892410278320312,-2.6521987915039062,-2.0978546142578125,-1.1933364868164062,-3.0368576049804688,7.585121154785156,21.928909301757812,43.08586883544922,46.47785186767578,44.21138000488281,35.51068878173828,33.61626434326172,26.616065979003906
2024-05-06,46.98689270019531,44.776268005371094,42.08445739746094,45.98457336425781,52.85427474975586,58.96430969238281,59.765804290771484,48.77113342285156,37.76557922363281,31.96898651123047,32.63691329956055,31.21682357788086,29.099689483642578,29.40625,28.327293395996094,30.105361938476562,33.4703483581543,43.528865814208984,58.65523147583008,64.42494201660156,60.32182693481445,55.69523239135742,52.892486572265625,47.96166229248047
2024-05-07,51.316627502441406,50.20759582519531,48.04606246948242,45.509944915771484,53.41469955444336,63.38789749145508,67.95672607421875,59.432838439941406,40.48931884765625,32.464359283447266,29.891746520996094,24.717609405517578,22.41861343383789,18.204875946044922,16.291522979736328,20.464519500732422,24.124290466308594,39.11948776245117,62.65751266479492,70.95867919921875,65.54229736328125,56.03824234008789,51.38460159301758,41.34855651855469
2024-05-08,36.89506149291992,32.454261779785156,35.59049987792969,35.64674758911133,38.63162612915039,41.04589080810547,42.60856246948242,34.96495056152344,25.20519256591797,18.377052307128906,18.273544311523438,14.945388793945312,12.451583862304688,10.344043731689453,10.991764068603516,17.875564575195312,23.909034729003906,37.10413360595703,58.482025146484375,63.30738067626953,63.233760833740234,53.2495002746582,49.936649322509766,45.4549560546875
2024-05-09,35.117916107177734,33.22926330566406,33.50248336791992,35.86613464355469,39.966670989990234,51.74398422241211,51.82368850708008,42.1695671081543,33.15639114379883,26.055191040039062,23.070816040039062,23.974998474121094,21.56751251220703,18.296977996826172,18.248607635498047,20.33272933959961,26.042160034179688,39.03084182739258,60.01333999633789,66.62333679199219,62.160091400146484,53.04629898071289,54.43183898925781,49.60727310180664
2024-05-10,42.98923110961914,38.794002532958984,39.57447052001953,34.29871368408203,39.0303840637207,44.01383972167969,39.36929702758789,27.707077026367188,14.826225280761719,4.9926300048828125,5.976104736328125,8.059761047363281,8.949775695800781,9.00302505493164,2.1183853149414062,1.6336593627929688,9.980415344238281,24.812828063964844,53.17544174194336,59.092552185058594,56.99955749511719,57.753963470458984,48.81629180908203,42.21787643432617
2024-05-11,26.648677825927734,26.280181884765625,22.65802001953125,25.452709197998047,28.564098358154297,30.97826385498047,26.352859497070312,6.8757171630859375,-8.273635864257812,-13.220649719238281,-8.573829650878906,-6.414215087890625,-9.350730895996094,-8.41650390625,-15.835395812988281,-14.27398681640625,-7.755363464355469,14.201400756835938,38.11347961425781,48.110618591308594,49.13721466064453,48.55711364746094,37.820735931396484,33.409549713134766
2024-05-12,42.313438415527344,40.99354553222656,38.230796813964844,36.77754592895508,38.8551139831543,43.21988296508789,43.624263763427734,31.216140747070312,24.002586364746094,15.067413330078125,15.565040588378906,14.26681900024414,14.630485534667969,10.70339584350586,11.279510498046875,17.636737823486328,19.268096923828125,35.01708221435547,45.757164001464844,58.3662109375,51.48978042602539,48.10675811767578,45.36356735229492,43.34294891357422
2024-05-13,34.45394515991211,31.504859924316406,35.752037048339844,34.9276008605957,42.70319366455078,46.2348518371582,51.9246711730957,46.30128479003906,30.19170379638672,23.080089569091797,15.86514663696289,13.97922134399414,9.976337432861328,10.096733093261719,5.513114929199219,7.734466552734375,17.252708435058594,25.17620086669922,43.97571563720703,52.09711456298828,45.04253387451172,37.90789794921875,30.433799743652344,26.77951431274414
2024-05-14,11.667236328125,12.700492858886719,11.675140380859375,9.431320190429688,13.141258239746094,20.460708618164062,25.092079162597656,21.655555725097656,6.7581939697265625,8.196395874023438,6.367805480957031,11.377479553222656,7.6873321533203125,3.5798873901367188,2.8325119018554688,5.481536865234375,6.94482421875,7.974906921386719,28.687835693359375,34.412506103515625,28.716018676757812,28.039154052734375,21.16509246826172,19.63287353515625
2024-05-15,19.624359130859375,19.531517028808594,17.05358123779297,23.790313720703125,26.444923400878906,32.7663688659668,26.424850463867188,20.325698852539062,3.7693710327148438,2.6780242919921875,1.5170516967773438,6.3896331787109375,4.023979187011719,5.856151580810547,5.720451354980469,4.272315979003906,3.927032470703125,11.590728759765625,32.86297607421875,45.83342742919922,42.43678283691406,37.52080535888672,33.33012008666992,32.75034713745117
2024-05-16,30.10492706298828,27.223922729492188,28.16382598876953,31.657764434814453,34.56208419799805,42.50413131713867,37.99136734008789,30.306961059570312,9.331260681152344,7.674835205078125,5.0934906005859375,10.01214599609375,5.12506103515625,4.9681549072265625,4.534645080566406,6.218193054199219,9.168731689453125,27.76042938232422,50.633026123046875,57.16933822631836,51.75746154785156,45.58706283569336,40.55786895751953,36.02633285522461
2024-05-17,50.59602355957031,50.08808135986328,48.67334747314453,50.06972122192383,55.712711334228516,63.82891845703125,60.91084289550781,45.48590850830078,28.66415023803711,21.78234100341797,19.520687103271484,19.750839233398438,17.255905151367188,15.597286224365234,11.796222686767578,17.642005920410156,22.788616180419922,39.83641052246094,68.78622436523438,76.07354736328125,73.59500122070312,62.3149528503418,57.14070129394531,51.54960632324219
2024-05-18,51.45185852050781,51.066776275634766,48.22938537597656,48.247459411621094,49.35841751098633,54.016822814941406,52.63847732543945,37.84162139892578,20.50872802734375,13.39349365234375,8.814628601074219,6.114128112792969,5.9901580810546875,5.9891204833984375,5.740531921386719,8.183815002441406,17.810867309570312,34.993141174316406,59.02767562866211,68.4732666015625,63.91790771484375,57.688934326171875,50.517372131347656,45.874324798583984
2024-05-19,48.26976013183594,41.43040084838867,42.7434196472168,44.422760009765625,47.39076232910156,48.53044509887695,42.89032745361328,27.698036193847656,15.252342224121094,5.508995056152344,10.051994323730469,7.767204284667969,6.2109222412109375,1.8481979370117188,-0.7198028564453125,5.185279846191406,16.002052307128906,37.52268981933594,60.502197265625,70.70338439941406,69.21609497070312,60.11575698852539,56.04088592529297,51.16861343383789
2024-05-20,43.23941421508789,41.851478576660156,39.17253112792969,39.302066802978516,46.04877471923828,48.284725189208984,43.07318115234375,38.910682678222656,30.262981414794922,26.657855987548828,23.111148834228516,21.20615005493164,21.170429229736328,19.153656005859375,16.995586395263672,17.310344696044922,22.09691619873047,37.47772979736328,52.41224670410156,59.74709701538086,57.30601119995117,53.3220329284668,43.69868850708008,42.89555740356445
2024-05-21,48.55752944946289,47.00654602050781,47.7981071472168,45.767154693603516,51.67013168334961,54.698062896728516,56.964786529541016,50.24327087402344,39.27907943725586,32.91946792602539,26.754005432128906,28.448230743408203,25.770366668701172,23.187591552734375,22.692554473876953,26.247520446777344,29.43204116821289,42.00209045410156,56.23991012573242,63.47219467163086,59.17449951171875,55.04814147949219,49.07371139526367,44.56943130493164
2024-05-22,49.05810546875,48.04314041137695,45.93538284301758,45.671390533447266,51.96891784667969,57.858131408691406,60.49540328979492,49.6373291015625,34.444847106933594,29.255714416503906,26.243881225585938,23.45291519165039,24.70175552368164,24.15127182006836,21.64737319946289,23.363861083984375,32.91191482543945,47.2923698425293,68.82136535644531,70.98623657226562,67.74612426757812,62.041419982910156,57.84601974487305,57.08867263793945
2024-05-23,56.82763671875,54.706329345703125,53.46061706542969,54.71458053588867,59.57904815673828,67.86175537109375,63.21511459350586,47.41712188720703,37.57506561279297,28.25371551513672,25.271831512451172,21.42632293701172,17.934677124023438,16.018966674804688,14.503429412841797,21.23896026611328,26.8187255859375,46.17597198486328,69.404541015625,77.60562896728516,75.1523208618164,67.04283142089844,62.84303283691406,57.98032760620117
2024-05-24,71.552978515625,69.92316436767578,69.43527221679688,70.30674743652344,74.87625122070312,76.59197998046875,76.47603607177734,59.64151382446289,42.837459564208984,35.840206146240234,34.9625358581543,34.199371337890625,29.25555419921875,26.76894760131836,26.49445343017578,31.174957275390625,40.181095123291016,61.356590270996094,86.61402130126953,97.2506103515625,93.67329406738281,86.02056884765625,81.9573974609375,75.13095092773438
2024-05-25,81.56197357177734,78.23432159423828,77.48399353027344,80.95409393310547,84.49243927001953,88.55565643310547,80.48737335205078,59.004859924316406,30.55467987060547,21.473052978515625,16.583274841308594,11.25030517578125,8.138114929199219,3.6835479736328125,4.099884033203125,11.641105651855469,24.218063354492188,60.28190612792969,90.30732727050781,107.70436096191406,101.35134887695312,94.99620819091797,88.56376647949219,78.85331726074219
2024-05-26,55.480079650878906,53.29575729370117,53.80527877807617,54.533042907714844,57.89259338378906,60.73154067993164,46.76292419433594,30.036911010742188,13.727081298828125,8.131744384765625,12.996635437011719,10.586898803710938,7.172889709472656,5.1556854248046875,3.1747589111328125,5.530792236328125,16.314666748046875,36.18750762939453,56.12937545776367,77.18720245361328,76.52299499511719,70.54461669921875,65.07527160644531,59.785301208496094
2024-05-27,38.37236404418945,40.19715118408203,35.652801513671875,39.430870056152344,42.1796875,48.16306686401367,49.19187927246094,42.71736145019531,32.306785583496094,28.324932098388672,28.889942169189453,28.23459243774414,24.155445098876953,22.885311126708984,21.82174301147461,22.07513427734375,25.82674789428711,37.906394958496094,44.09368896484375,54.00354766845703,50.8994140625,43.978172302246094,43.75374984741211,43.122982025146484
2024-05-28,35.53987503051758,35.51169204711914,31.352176666259766,36.53835678100586,40.54982376098633,40.994571685791016,43.017181396484375,38.55210494995117,25.28302764892578,23.367427825927734,19.153076171875,20.528663635253906,17.158519744873047,17.796722412109375,17.354473114013672,18.832542419433594,22.83086395263672,37.57239532470703,55.92421340942383,60.59981155395508,61.32435607910156,53.00125503540039,49.64072036743164,45.78899002075195
2024-05-29,41.02161407470703,38.01078796386719,33.75505447387695,37.95903396606445,43.05085372924805,43.94636535644531,48.39278030395508,35.415122985839844,23.45794677734375,17.06702423095703,16.765457153320312,16.387554168701172,10.2166748046875,9.911693572998047,10.22591781616211,11.596290588378906,17.485580444335938,26.200637817382812,45.32488250732422,56.15406036376953,50.98289489746094,45.859764099121094,45.10835266113281,34.896366119384766
2024-05-30,33.63011169433594,32.82954788208008,32.34942626953125,34.440372467041016,38.18479919433594,44.17988586425781,46.295616149902344,35.99747085571289,22.782852172851562,18.134902954101562,14.424110412597656,13.888023376464844,9.824787139892578,6.551017761230469,6.260459899902344,9.065200805664062,10.79541015625,25.63616180419922,47.21553039550781,60.187782287597656,46.914939880371094,39.56768798828125,31.692245483398438,28.183822631835938
2024-05-31,13.7647705078125,11.018829345703125,4.128448486328125,7.370399475097656,13.817741394042969,19.158432006835938,23.35565948486328,11.983665466308594,1.7501220703125,-6.156791687011719,-7.3895111083984375,-5.6503143310546875,-12.504722595214844,-14.58709716796875,-14.91680908203125,-7.7101898193359375,-10.455436706542969,3.1640167236328125,15.600059509277344,34.71910858154297,34.8287353515625,21.89300537109375,16.47132110595703,14.208930969238281
2024-06-01,12.0865478515625,10.830062866210938,9.156982421875,9.219757080078125,8.903274536132812,15.048561096191406,9.433036804199219,-12.033424377441406,-23.735084533691406,-27.920013427734375,-31.259544372558594,-28.960533142089844,-27.635772705078125,-33.428245544433594,-33.373046875,-28.46501922607422,-13.996192932128906,6.236732482910156,32.73785400390625,51.844635009765625,40.73612976074219,33.92290496826172,23.04863739013672,24.62476348876953
2024-06-02,-10.742790222167969,-8.585334777832031,-8.524955749511719,-4.381439208984375,1.6877288818359375,3.2133865356445312,0.9464797973632812,-16.240882873535156,-23.624610900878906,-28.294662475585938,-24.17951202392578,-28.051834106445312,-21.174903869628906,-19.182342529296875,-13.795791625976562,-19.667076110839844,-7.59124755859375,3.2237548828125,18.889083862304688,32.756996154785156,24.637420654296875,15.753524780273438,16.175086975097656,21.6494140625
2024-06-03,8.228286743164062,5.06341552734375,5.861732482910156,7.279052734375,10.37261962890625,16.170761108398438,15.716835021972656,7.71820068359375,-1.7172317504882812,1.3216171264648438,7.1653594970703125,6.955375671386719,6.171295166015625,8.685535430908203,2.9805374145507812,3.9532852172851562,-0.935272216796875,10.250244140625,22.439666748046875,31.056983947753906,24.148971557617188,18.4627685546875,20.66728973388672,14.737846374511719
2024-06-04,68.33467102050781,65.81874084472656,65.65420532226562,66.08141326904297,72.64540100097656,79.47743225097656,80.30906677246094,65.21051025390625,49.579288482666016,41.12833023071289,40.68941116333008,37.91873550415039,34.85739517211914,33.54225540161133,32.39167404174805,39.155860900878906,47.09489059448242,65.7591552734375,83.1452865600586,94.92729187011719,87.41036987304688,78.4525375366211,76.21448516845703,71.81419372558594
2024-06-05,105.20169830322266,105.74418640136719,101.01573944091797,104.84556579589844,112.12239074707031,117.0593490600586,115.83063507080078,93.5417251586914,70.62667846679688,62.071292877197266,59.113037109375,54.70338821411133,50.629478454589844,43.56007385253906,41.952720642089844,47.950347900390625,58.47567367553711,89.08258056640625,114.17097473144531,126.80902099609375,120.89334106445312,111.49207305908203,109.77857971191406,103.29893493652344
2024-06-06,89.4371109008789,88.0453109741211,85.23306274414062,85.47593688964844,91.23384857177734,100.33963775634766,101.68118286132812,86.91204833984375,66.54767608642578,54.358428955078125,49.69618225097656,46.82645034790039,43.226112365722656,38.1144905090332,37.528385162353516,43.417236328125,59.00284194946289,82.760009765625,107.81607818603516,118.6946792602539,110.83129119873047,99.53287506103516,91.29424285888672,83.71582794189453
2024-06-07,80.36258697509766,79.55438232421875,77.77056884765625,77.5356216430664,83.7193832397461,90.41880798339844,89.39724731445312,79.4449462890625,63.0699462890625,54.885101318359375,51.65553665161133,47.55746841430664,42.46934509277344,39.831668853759766,39.48448181152344,45.71452331542969,56.0966682434082,73.27694702148438,94.77091979980469,103.23462677001953,98.95140075683594,90.21013641357422,86.92303466796875,78.04374694824219
2024-06-08,78.08686828613281,77.1269302368164,75.35169982910156,76.18875122070312,81.59130859375,85.4624252319336,84.46273803710938,75.12942504882812,64.46449279785156,58.411643981933594,55.717369079589844,52.59025573730469,49.00665283203125,46.127410888671875,44.43605041503906,47.90894317626953,55.07422637939453,69.55299377441406,82.6143569946289,91.8904800415039,88.52027893066406,82.60331726074219,79.4456787109375,72.51043701171875
2024-06-09,41.35295486450195,41.96781539916992,38.745140075683594,40.050453186035156,38.28702163696289,42.656009674072266,29.29711151123047,25.97992706298828,17.35370635986328,11.465843200683594,10.162673950195312,3.4491500854492188,0.47686004638671875,1.8089065551757812,2.941986083984375,4.2464447021484375,13.322738647460938,30.842506408691406,51.693458557128906,65.59384155273438,62.996585845947266,55.20475769042969,50.39039993286133,45.24626922607422
2024-06-10,46.9680290222168,44.51449203491211,45.086647033691406,46.31476974487305,50.16421127319336,56.72854995727539,58.163368225097656,54.59617233276367,44.46573257446289,42.10039138793945,38.89527893066406,37.801025390625,36.47992706298828,34.753150939941406,35.4734001159668,37.397125244140625,44.18301773071289,50.24599838256836,67.29293823242188,74.09353637695312,70.4764404296875,60.36096954345703,56.52994155883789,55.625694274902344
2024-06-11,74.50651550292969,70.4002685546875,69.44859313964844,72.37614440917969,80.1250991821289,88.46908569335938,90.02153778076172,76.96723937988281,62.57970428466797,56.40458297729492,52.505775451660156,48.60237503051758,45.852413177490234,41.267601013183594,40.84897994995117,45.00651550292969,51.89372253417969,70.94822692871094,95.97979736328125,103.65454864501953,94.95904541015625,87.73107147216797,82.45716094970703,76.95977020263672
2024-06-12,55.928497314453125,53.052425384521484,53.502723693847656,54.84587097167969,58.726409912109375,67.94715881347656,72.08675384521484,62.4069709777832,45.315555572509766,37.83092498779297,35.20442581176758,31.49919891357422,26.408462524414062,25.81847381591797,26.34499740600586,33.251792907714844,40.115020751953125,59.623199462890625,82.16960144042969,87.85987854003906,82.18212127685547,74.83950805664062,69.85159301757812,61.32109069824219
2024-06-13,88.3246078491211,84.879638671875,83.04818725585938,86.37434387207031,94.22164916992188,99.9955062866211,98.56770324707031,80.07125091552734,61.42681884765625,53.40431213378906,50.20988464355469,45.61766052246094,42.12220764160156,35.133583068847656,32.930213928222656,37.689998626708984,46.28176498413086,75.13156127929688,101.27606201171875,114.5078353881836,107.725341796875,99.19715118408203,95.97105407714844,87.87660217285156
2024-06-14,72.23897552490234,73.65435791015625,72.98640441894531,74.4557876586914,78.96050262451172,81.73614501953125,72.53741455078125,46.02180480957031,22.221336364746094,17.577667236328125,15.530548095703125,13.614173889160156,7.620841979980469,2.41265869140625,-1.8618545532226562,-2.3188400268554688,-1.0687332153320312,35.51319885253906,71.64944458007812,94.1080551147461,93.30148315429688,82.7091064453125,75.3852767944336,68.98280334472656
2024-06-15,41.263423919677734,43.27669143676758,39.19160461425781,41.40283203125,47.476375579833984,50.96297073364258,50.25136947631836,28.590553283691406,15.008209228515625,4.492301940917969,4.36212158203125,1.2851638793945312,0.967437744140625,2.6128158569335938,1.0127182006835938,1.991424560546875,7.543907165527344,28.891860961914062,52.912498474121094,71.451904296875,67.15282440185547,59.57581329345703,51.18959045410156,47.15557098388672
2024-06-16,34.204315185546875,31.836544036865234,29.444595336914062,33.43562698364258,27.343887329101562,29.604942321777344,19.488937377929688,0.6494140625,-8.912742614746094,-11.89569091796875,-4.690315246582031,-2.0702056884765625,-1.2452163696289062,-6.628517150878906,-8.483909606933594,-10.588783264160156,-11.735336303710938,-2.0708999633789062,29.354026794433594,54.3587646484375,47.78998565673828,36.33912658691406,36.451637268066406,32.63507843017578
2024-06-17,38.19028091430664,38.34141159057617,32.09440231323242,34.57310485839844,39.570987701416016,44.2443962097168,42.32936477661133,30.74309539794922,25.50897216796875,20.167587280273438,17.860034942626953,18.823604583740234,15.933658599853516,13.86245346069336,15.643680572509766,16.229034423828125,19.970855712890625,26.194725036621094,46.9783935546875,58.26805114746094,50.195396423339844,46.5522575378418,43.4272575378418,37.4908447265625
2024-06-18,36.60003662109375,37.169681549072266,35.55770492553711,36.81854248046875,44.16595458984375,49.403167724609375,47.80097579956055,37.56024169921875,26.15399169921875,25.59549331665039,22.141475677490234,21.298397064208984,17.79051971435547,15.461090087890625,16.83460235595703,17.597583770751953,22.12049102783203,29.009864807128906,54.87444305419922,66.07723999023438,61.83343505859375,53.457366943359375,55.636878967285156,47.20849609375
2024-06-19,85.83458709716797,83.56484985351562,80.57051086425781,81.63357543945312,89.96319580078125,97.74244689941406,96.11747741699219,80.3913345336914,60.2113037109375,52.28802490234375,49.97804260253906,46.990478515625,45.99794006347656,42.21995544433594,41.43690872192383,44.0888557434082,52.02628707885742,74.18524169921875,97.76941680908203,108.28997039794922,100.076171875,91.08262634277344,83.2188720703125,78.71051788330078
2024-06-20,89.31961822509766,86.60749053955078,84.40607452392578,86.91808319091797,96.9501953125,105.58656311035156,107.12490844726562,88.90069580078125,68.30792999267578,56.9315299987793,54.11457824707031,49.36001205444336,45.10260009765625,43.65636444091797,44.25768280029297,48.90039825439453,59.55885314941406,84.87696838378906,110.67733001708984,120.68954467773438,111.31747436523438,102.3001937866211,97.17660522460938,86.93831634521484
2024-06-21,93.25239562988281,90.17208862304688,88.95475769042969,91.63560485839844,97.24563598632812,100.7477798461914,96.48068237304688,80.93885803222656,55.39687728881836,47.0035400390625,44.62610626220703,40.33257293701172,36.01763153076172,30.425434112548828,29.705917358398438,35.662227630615234,49.55097961425781,80.45122528076172,109.73536682128906,124.69805145263672,119.71976470947266,109.69681549072266,100.15581512451172,92.85785675048828
2024-06-22,77.38739776611328,74.34608459472656,72.28648376464844,76.46504974365234,80.78141784667969,87.0967025756836,78.0584716796875,63.62287521362305,44.7391357421875,34.23086166381836,27.35091781616211,20.12179946899414,13.03170394897461,9.219825744628906,9.766868591308594,14.27962875366211,23.48102569580078,47.806541442871094,74.77791595458984,92.98968505859375,88.53437042236328,78.95197296142578,70.77813720703125,64.20252990722656
2024-06-23,46.66133499145508,44.931663513183594,45.717498779296875,42.710350036621094,45.709285736083984,45.7911262512207,38.81882858276367,23.355567932128906,14.44366455078125,5.893714904785156,-1.2270584106445312,-0.6734619140625,-6.888053894042969,-8.393768310546875,-7.8119964599609375,-6.1078033447265625,1.1953048706054688,21.69146728515625,54.89630126953125,70.78706359863281,66.68743133544922,58.912960052490234,54.4233283996582,45.35004425048828
2024-06-24,43.38849639892578,39.42280197143555,39.64772415161133,44.16395568847656,53.10591506958008,63.383934020996094,65.09877014160156,53.0222282409668,39.98114013671875,34.91414260864258,31.937347412109375,29.929473876953125,27.196765899658203,27.035720825195312,26.864513397216797,33.26962661743164,40.98146438598633,54.99352264404297,73.89710998535156,85.93473815917969,78.00513458251953,69.39896392822266,65.21006774902344,59.338436126708984
2024-06-25,76.23572540283203,75.09183502197266,72.35404205322266,75.20603942871094,83.29149627685547,95.1790771484375,94.60172271728516,78.70368194580078,57.158164978027344,46.58542251586914,42.85430145263672,42.3991584777832,37.94437789916992,38.39472961425781,40.290130615234375,44.325477600097656,52.006614685058594,74.83799743652344,100.40807342529297,111.94015502929688,102.27542877197266,90.667236328125,86.49520111083984,76.13277435302734
2024-06-26,89.34968566894531,87.45335388183594,84.35955047607422,87.30125427246094,96.37844848632812,107.55998229980469,103.43097686767578,86.3255615234375,68.739990234375,57.67636489868164,55.11139678955078,52.6826171875,50.39262008666992,45.89248275756836,45.85338592529297,51.08230972290039,57.522735595703125,79.02830505371094,109.60318756103516,120.68299102783203,114.66792297363281,101.69338989257812,98.46369171142578,89.27945709228516
2024-06-27,96.43482971191406,94.91204071044922,93.2009506225586,94.07853698730469,98.50335693359375,103.87689208984375,100.4334716796875,87.18701934814453,73.02430725097656,62.04473876953125,59.021060943603516,54.75348663330078,50.49002456665039,46.345985412597656,45.5463981628418,48.787025451660156,55.50790786743164,76.56240844726562,97.41613006591797,106.31922912597656,104.90664672851562,96.85966491699219,88.84221649169922,79.75271606445312
2024-06-28,90.0447769165039,89.66716003417969,86.802734375,90.90320587158203,97.86077880859375,104.91290283203125,98.81647491455078,82.45439910888672,70.37899780273438,62.985984802246094,61.934242248535156,58.465301513671875,53.123809814453125,49.35662841796875,47.971126556396484,55.061851501464844,62.39806365966797,80.44075775146484,100.97763061523438,112.64627838134766,111.29595184326172,104.85990905761719,98.75745391845703,90.39688873291016
2024-06-29,79.88455963134766,77.98107147216797,75.25569152832031,77.42163848876953,80.33659362792969,82.93408966064453,77.48230743408203,64.39643859863281,55.050994873046875,51.6302490234375,51.098793029785156,47.071571350097656,43.563514709472656,40.667274475097656,40.278907775878906,48.6069221496582,57.94281005859375,77.47466278076172,97.6513900756836,109.17485046386719,108.73389434814453,102.7890396118164,96.83332824707031,88.9666519165039
2024-06-30,82.0406265258789,81.36244201660156,78.64657592773438,77.28543853759766,81.41813659667969,83.94121551513672,77.8399658203125,64.65657043457031,52.03326416015625,44.47291564941406,42.572078704833984,40.274322509765625,36.389556884765625,35.1155891418457,33.67708969116211,36.656551361083984,45.364784240722656,66.83615112304688,85.92456817626953,99.11304473876953,97.97901153564453,87.5511703491211,82.29696655273438,76.36690521240234
2024-07-01,63.71068572998047,61.82948303222656,57.36766052246094,59.752166748046875,62.04668045043945,66.27680206298828,66.61534881591797,52.421775817871094,36.216163635253906,27.16710662841797,22.795272827148438,21.032943725585938,15.849781036376953,11.343971252441406,13.975898742675781,13.102291107177734,23.020313262939453,44.119144439697266,70.91390991210938,88.6207275390625,81.66769409179688,73.37846374511719,63.32252883911133,53.81629943847656
2024-07-02,55.983795166015625,54.13430404663086,54.62544250488281,55.45408630371094,65.33308410644531,73.29595947265625,75.76296997070312,60.81008529663086,43.89869689941406,33.93510818481445,32.61643600463867,28.875633239746094,24.55121612548828,21.42730712890625,23.1771240234375,28.26610565185547,37.45817565917969,58.04456329345703,82.14767456054688,94.94410705566406,87.9715576171875,78.16493225097656,74.19747161865234,67.97303771972656
2024-07-03,69.87090301513672,66.16368103027344,64.2135009765625,70.04452514648438,81.23225402832031,91.05609130859375,92.7798080444336,78.72848510742188,61.29509735107422,48.154293060302734,45.2661247253418,43.38466262817383,40.44915771484375,35.132896423339844,37.38507843017578,46.36901092529297,56.900474548339844,76.02111053466797,100.62663269042969,114.45430755615234,104.9599838256836,93.16309356689453,88.25446319580078,80.51509857177734
2024-07-04,73.12274932861328,72.36003875732422,71.2356948852539,73.0758056640625,79.32829284667969,86.04469299316406,84.38565063476562,69.08219146728516,53.37112808227539,41.602638244628906,39.16746139526367,35.584896087646484,31.99887466430664,25.919952392578125,23.298213958740234,30.901504516601562,42.79752731323242,62.86244201660156,88.29489135742188,103.65638732910156,100.60433959960938,91.23672485351562,81.94892120361328,74.1776123046875
2024-07-05,74.08635711669922,73.7032241821289,71.42122650146484,74.87286376953125,80.36785888671875,85.62610626220703,75.91472625732422,54.37645721435547,28.42733383178711,25.998558044433594,21.461380004882812,19.216548919677734,12.111122131347656,8.255363464355469,9.890167236328125,15.343391418457031,31.11770248413086,56.24321365356445,90.47892761230469,110.03688049316406,107.1730728149414,99.63855743408203,95.19709014892578,87.26197814941406
2024-07-06,82.82173156738281,81.28363800048828,77.94095611572266,80.72850036621094,83.53736114501953,87.25874328613281,74.07514190673828,53.12898635864258,39.177284240722656,29.599746704101562,23.35580825805664,17.208194732666016,8.530441284179688,6.944545745849609,3.0850753784179688,5.256462097167969,12.047401428222656,36.43826675415039,73.55693817138672,92.39276123046875,95.29116821289062,89.13701629638672,79.16316223144531,73.18978118896484
2024-07-07,50.39112091064453,53.76068878173828,51.27604675292969,53.45917510986328,56.14926528930664,55.213134765625,45.44646072387695,26.59832763671875,15.098564147949219,8.901535034179688,8.736732482910156,10.379142761230469,8.608711242675781,6.7550506591796875,2.2725982666015625,8.121444702148438,21.934242248535156,41.85105895996094,65.95768737792969,83.48590087890625,86.87268829345703,79.65120697021484,74.6656494140625,75.01205444335938
2024-07-08,70.22901153564453,67.89893341064453,67.73788452148438,72.0506362915039,77.46985626220703,86.23048400878906,79.71737670898438,60.19916915893555,42.44859313964844,33.04050064086914,30.127872467041016,27.054595947265625,22.483078002929688,17.83618927001953,18.23250961303711,23.846031188964844,28.882369995117188,51.26172637939453,77.88369750976562,94.65586853027344,93.9686279296875,81.9822006225586,76.49373626708984,65.25505065917969
2024-07-09,75.0221939086914,75.82878112792969,74.46659851074219,77.82343292236328,85.96061706542969,98.0010986328125,98.14949035644531,82.8783950805664,64.72463989257812,53.155242919921875,50.224365234375,45.78009033203125,42.77052307128906,40.71491241455078,43.173011779785156,49.20305633544922,64.25726318359375,88.2234115600586,111.31586456298828,124.09744262695312,115.1263198852539,103.27556610107422,100.92869567871094,92.87743377685547
2024-07-10,91.3093032836914,92.26162719726562,90.07081604003906,94.03594970703125,102.59596252441406,112.55943298339844,108.86052703857422,89.22765350341797,68.04640197753906,56.311370849609375,56.64677429199219,52.21759033203125,47.36886978149414,42.765377044677734,43.30685043334961,52.686561584472656,63.85908508300781,87.35381317138672,112.92585754394531,124.62726593017578,118.61927032470703,109.55047607421875,101.71974182128906,92.73350524902344
2024-07-11,89.98397827148438,86.20637512207031,85.81937408447266,87.51531982421875,93.82196807861328,100.12643432617188,96.53413391113281,81.89220428466797,65.25602722167969,53.270999908447266,47.68016815185547,43.19368362426758,36.63494873046875,32.977500915527344,29.77243423461914,37.01162338256836,45.767616271972656,72.20849609375,93.007080078125,103.4437026977539,101.156494140625,89.39678192138672,83.39572143554688,77.44866180419922
2024-07-12,73.34312438964844,72.1852798461914,69.14137268066406,69.30288696289062,70.23548889160156,74.85380554199219,67.0395278930664,52.8089599609375,35.12994384765625,26.41952133178711,22.68197250366211,17.822498321533203,14.814769744873047,10.051280975341797,10.509361267089844,20.05377197265625,34.547969818115234,59.24163818359375,83.41001892089844,98.46339416503906,92.72767639160156,86.51898193359375,79.45663452148438,70.63053894042969
2024-07-13,75.70669555664062,71.29109954833984,71.54783630371094,73.68977355957031,76.59445190429688,76.56648254394531,67.26950073242188,51.237552642822266,34.78848648071289,30.361251831054688,28.813358306884766,27.300254821777344,22.87226104736328,21.389759063720703,18.839141845703125,25.38555145263672,38.223323822021484,59.531856536865234,82.35240173339844,97.68655395507812,100.75284576416016,92.59081268310547,88.52123260498047,82.29187774658203
2024-07-14,87.09982299804688,82.52814483642578,82.58429718017578,82.40719604492188,88.53694152832031,87.5899658203125,72.98526000976562,46.43785095214844,23.745094299316406,12.379234313964844,8.471908569335938,7.0866546630859375,4.4033966064453125,-0.8132705688476562,-0.6855392456054688,13.662105560302734,25.276195526123047,62.58174514770508,93.6006851196289,111.36717987060547,109.03465270996094,103.36567687988281,94.02962493896484,83.9433364868164
2024-07-15,69.08148193359375,68.2565689086914,69.29859161376953,71.66545104980469,76.49128723144531,83.37090301513672,81.25897216796875,61.967411041259766,45.95512008666992,40.78483200073242,38.06782531738281,35.72461700439453,31.11590576171875,27.126506805419922,27.073467254638672,31.406856536865234,37.66917037963867,56.186012268066406,76.82086181640625,95.34942626953125,90.79798889160156,79.7137451171875,78.94322967529297,69.67927551269531
2024-07-16,90.38226318359375,90.26104736328125,89.9525375366211,92.99193572998047,100.7127685546875,113.20990753173828,107.45006561279297,88.8096923828125,70.96969604492188,62.95355987548828,60.95722198486328,57.54755401611328,51.071807861328125,48.18743896484375,48.88343048095703,54.14971160888672,62.78086853027344,84.01692199707031,109.12991333007812,124.24664306640625,118.26969909667969,107.7095947265625,102.50373840332031,94.02655029296875
2024-07-17,98.51530456542969,95.24751281738281,96.35189819335938,98.92273712158203,105.8721923828125,111.12010192871094,109.7259521484375,93.06777954101562,73.34123229980469,64.60557556152344,61.39421844482422,58.560752868652344,56.17521667480469,53.63602828979492,54.76775360107422,61.5404167175293,72.66014862060547,95.78718566894531,118.76412200927734,127.41901397705078,122.93321990966797,113.14879608154297,107.56804656982422,101.52467346191406
2024-07-18,105.74947357177734,102.81970977783203,103.27894592285156,104.71650695800781,115.61370849609375,122.6819839477539,119.55274963378906,104.92472076416016,89.98140716552734,79.89884948730469,79.53158569335938,75.69898986816406,69.99324798583984,66.95446014404297,66.43840789794922,72.89130401611328,82.61349487304688,103.5198745727539,123.31078338623047,134.86814880371094,130.74221801757812,119.61277770996094,114.56331634521484,106.7595443725586
2024-07-19,103.50361633300781,102.1361312866211,100.3012466430664,103.13854217529297,107.69805145263672,114.38167572021484,110.31376647949219,95.09849548339844,79.7857437133789,70.5003890991211,68.24150848388672,66.599365234375,62.94615936279297,59.80275344848633,59.49686050415039,62.66889953613281,75.0487060546875,97.7190933227539,116.39246368408203,123.99471282958984,118.11865234375,111.29522705078125,107.86054229736328,101.3515625
2024-07-20,87.86638641357422,85.55364990234375,83.02670288085938,84.03291320800781,86.92923736572266,94.28715515136719,89.33431243896484,75.05052185058594,56.29026794433594,46.72911071777344,41.90930938720703,37.68410873413086,33.183284759521484,28.100872039794922,24.455039978027344,29.29468536376953,39.6112060546875,65.33261108398438,89.32333374023438,100.55326843261719,98.13969421386719,87.80401611328125,79.05369567871094,71.64358520507812
2024-07-21,52.332889556884766,50.40208053588867,50.56526565551758,50.216461181640625,54.37717819213867,44.907325744628906,27.102523803710938,9.243415832519531,-5.767097473144531,-11.675552368164062,-9.513542175292969,-11.719215393066406,-18.385971069335938,-21.277626037597656,-26.011917114257812,-14.599990844726562,4.4290924072265625,29.36248779296875,57.67770004272461,76.06248474121094,85.38170623779297,77.06847381591797,69.31040954589844,66.65147399902344
2024-07-22,84.00593566894531,82.63284301757812,80.43270874023438,83.38449096679688,91.38817596435547,101.10392761230469,98.59070587158203,83.1225814819336,67.1964340209961,58.343482971191406,54.16404342651367,51.63545227050781,48.90129852294922,45.65953826904297,44.28640365600586,50.646339416503906,60.23777770996094,82.26570892333984,99.51946258544922,113.523681640625,106.51512908935547,96.03815460205078,93.34751892089844,85.80076599121094
2024-07-23,87.02457427978516,85.7214584350586,84.40972137451172,86.980712890625,95.77277374267578,106.9961929321289,102.59087371826172,89.75743865966797,74.00057220458984,68.16065979003906,64.76927185058594,62.775970458984375,59.88431167602539,57.35304260253906,56.348201751708984,61.54359436035156,71.82499694824219,89.13155364990234,107.49498748779297,117.04822540283203,113.25342559814453,103.56119537353516,101.65115356445312,95.7025375366211
2024-07-24,96.18202209472656,94.15738677978516,91.7339096069336,95.41712951660156,105.01274108886719,113.92777252197266,114.80184173583984,101.7296142578125,86.35560607910156,79.78341674804688,75.2490234375,73.65777587890625,70.05613708496094,67.47270202636719,67.7890625,72.66661834716797,82.41905212402344,98.37638092041016,113.72674560546875,121.0281982421875,116.0280532836914,106.36527252197266,104.13626861572266,96.63572692871094
2024-07-25,95.13853454589844,94.56378936767578,92.38040161132812,95.43029022216797,103.68170166015625,109.63990020751953,107.57948303222656,96.29633331298828,87.73149871826172,81.95420837402344,79.34542846679688,77.77493286132812,74.19229888916016,69.1193618774414,68.30451965332031,73.40501403808594,79.58416748046875,92.5327377319336,105.28277587890625,114.02114868164062,111.32819366455078,104.75473022460938,101.30802154541016,94.58274841308594
2024-07-26,102.15957641601562,102.7573471069336,101.98513793945312,106.11243438720703,110.21366882324219,114.29568481445312,110.01338195800781,94.430908203125,84.14595794677734,76.62954711914062,74.93260192871094,73.0944595336914,69.1931381225586,67.05412292480469,66.8567886352539,70.94361114501953,80.525390625,99.0533676147461,116.28587341308594,127.5675048828125,125.69332885742188,116.7282943725586,114.04100799560547,106.33894348144531
2024-07-27,98.12960815429688,94.79370880126953,92.60511779785156,93.40179443359375,96.49839782714844,98.67902374267578,90.52767944335938,68.97388458251953,55.59281539916992,45.982730865478516,44.214969635009766,41.05213928222656,34.61085510253906,31.650527954101562,31.794960021972656,32.47029113769531,44.13690185546875,68.22779083251953,92.12240600585938,104.46916198730469,105.56938934326172,98.92430114746094,91.98551177978516,84.70132446289062
2024-07-28,91.7088623046875,91.87852478027344,88.93827056884766,88.09477996826172,90.20265197753906,89.27664184570312,77.37489318847656,57.42643737792969,40.873268127441406,30.201976776123047,27.09732437133789,24.145584106445312,18.214839935302734,15.231391906738281,14.463218688964844,25.544689178466797,37.55440902709961,66.15909576416016,92.64945983886719,108.38233947753906,109.48601531982422,100.9955825805664,95.13005065917969,87.82511138916016
2024-07-29,105.80297088623047,103.35277557373047,102.87201690673828,105.5243911743164,115.01502990722656,123.43180847167969,124.90480041503906,114.0905990600586,98.20885467529297,92.46865844726562,91.02098846435547,89.4549789428711,87.43122863769531,84.39566802978516,85.03240966796875,88.7944107055664,100.36693572998047,117.00904083251953,130.05514526367188,138.13211059570312,132.40611267089844,124.654052734375,122.58409118652344,116.1886978149414
2024-07-30,104.86669921875,101.99127960205078,100.12224578857422,103.101318359375,110.21665954589844,117.18699645996094,115.48897552490234,102.43612670898438,84.73322296142578,75.41224670410156,70.33845520019531,65.35879516601562,59.38783264160156,57.28087615966797,58.46076202392578,64.44425964355469,76.19027709960938,96.47511291503906,115.3624496459961,124.921875,118.28401947021484,108.85468292236328,105.6093521118164,97.57957458496094
2024-07-31,109.34548950195312,107.43912506103516,107.65742492675781,110.50637817382812,117.73603820800781,125.82112121582031,124.9189682006836,111.94348907470703,97.96448516845703,90.08025360107422,88.83566284179688,84.89391326904297,79.88735961914062,77.95368957519531,77.83573913574219,82.40860748291016,94.40056610107422,111.28673553466797,126.38369750976562,134.47225952148438,128.57138061523438,119.95453643798828,116.80686950683594,109.84976959228516
2024-08-01,107.33180236816406,106.43162536621094,105.09558868408203,108.46653747558594,114.71841430664062,118.75873565673828,117.0945816040039,103.58760070800781,91.16027069091797,83.51033020019531,81.72411346435547,80.05636596679688,75.56761932373047,70.951416015625,71.66397857666016,74.35310363769531,82.10054779052734,98.12541198730469,115.44332122802734,123.34342956542969,121.5251693725586,115.3787612915039,109.14604187011719,102.65348815917969
2024-08-02,106.13890075683594,103.17556762695312,101.48474884033203,104.16641998291016,111.274658203125,113.69517517089844,112.31146240234375,97.9487075805664,83.8794174194336,76.80367279052734,74.1426773071289,71.54361724853516,67.94615936279297,63.74834442138672,63.79425811767578,68.67057800292969,78.63165283203125,98.34986877441406,117.07829284667969,125.4716796875,123.48297119140625,116.6307601928711,110.4988784790039,101.45606231689453
2024-08-03,105.57475280761719,103.72557067871094,101.54924011230469,103.0993423461914,106.10296630859375,111.77435302734375,105.8403091430664,87.0574722290039,68.93354034423828,59.375892639160156,56.625274658203125,51.71351623535156,47.42034149169922,44.040828704833984,44.932281494140625,49.624351501464844,65.64996337890625,90.09273529052734,115.97389221191406,131.71279907226562,127.4404067993164,119.40858459472656,115.27900695800781,105.48173522949219
2024-08-04,97.1204605102539,96.46904754638672,92.9512939453125,96.09158325195312,102.98290252685547,102.75616455078125,83.27340698242188,58.49921417236328,33.34116744995117,22.857433319091797,21.262893676757812,18.545284271240234,16.813213348388672,9.557209014892578,7.5129241943359375,16.999027252197266,42.04827880859375,79.90235900878906,114.82617950439453,141.98570251464844,135.68807983398438,125.90823364257812,119.28776550292969,110.6566390991211
2024-08-05,111.05787658691406,107.50755310058594,106.63969421386719,109.31794738769531,119.70210266113281,132.05130004882812,132.83958435058594,117.30516052246094,101.41259765625,90.19621276855469,87.42010498046875,84.59950256347656,80.14495086669922,79.51859283447266,81.68031311035156,87.004638671875,100.27137756347656,121.54943084716797,142.18948364257812,149.75851440429688,141.1232147216797,129.70928955078125,126.11268615722656,118.06134796142578
2024-08-06,107.54254913330078,106.19023895263672,103.32356262207031,107.21104431152344,116.42784118652344,127.45925903320312,129.28024291992188,116.16453552246094,95.47349548339844,84.37696838378906,81.3294906616211,76.84687805175781,73.6168212890625,73.25839233398438,72.85481262207031,76.85539245605469,89.32394409179688,109.75364685058594,130.5288848876953,136.49989318847656,132.0364990234375,119.59507751464844,115.00054168701172,107.19698333740234
2024-08-07,99.74119567871094,99.08163452148438,96.91038513183594,99.73018646240234,110.16971588134766,120.33080291748047,119.1477279663086,105.9398193359375,91.39878845214844,83.0669937133789,80.07691192626953,75.04955291748047,73.10960388183594,70.40936279296875,71.309814453125,75.86772155761719,85.97738647460938,103.07779693603516,122.05641174316406,127.75167083740234,121.89871215820312,111.14311981201172,109.316650390625,104.01807403564453
2024-08-08,97.96224975585938,97.45771026611328,96.1138687133789,98.9921646118164,105.77515411376953,111.62397766113281,110.12915802001953,97.65846252441406,86.3370132446289,79.74427795410156,78.484619140625,75.7955093383789,72.54088592529297,70.51000213623047,69.65589904785156,74.7576904296875,83.71588897705078,99.84033966064453,113.55461120605469,123.1534423828125,120.20868682861328,113.18913269042969,111.09429931640625,105.23979187011719
2024-08-09,108.25679016113281,104.35773468017578,104.90705871582031,107.68821716308594,114.59467315673828,117.82112121582031,110.66510772705078,97.7003402709961,83.78681945800781,75.1510009765625,72.82841491699219,70.6505126953125,63.5095329284668,60.188392639160156,60.17698287963867,64.05250549316406,74.0882568359375,93.6805648803711,113.5936050415039,124.01318359375,120.55911254882812,112.89615631103516,108.85234832763672,103.37859344482422
2024-08-10,104.80450439453125,103.50086975097656,100.38822174072266,101.32327270507812,107.0949478149414,105.8101577758789,98.62174224853516,78.59843444824219,60.209800720214844,52.80073547363281,50.435455322265625,44.62124252319336,42.249786376953125,38.43103790283203,37.92371368408203,43.19612503051758,56.9680290222168,82.93765258789062,112.31594848632812,131.2691192626953,127.85145568847656,116.34905242919922,109.5240478515625,102.4275131225586
2024-08-11,94.79251861572266,89.28618621826172,87.74729919433594,87.6973648071289,91.4967269897461,91.2225570678711,82.34877014160156,61.915077209472656,40.07738494873047,24.47152328491211,20.908554077148438,15.145149230957031,8.566337585449219,5.8578643798828125,13.363815307617188,20.049148559570312,42.65959167480469,76.37380981445312,114.7760238647461,134.95347595214844,134.1376190185547,123.3251953125,113.53190612792969,101.93507385253906
2024-08-12,110.19943237304688,109.14631652832031,109.71937561035156,114.46241760253906,124.81866455078125,139.68389892578125,133.5663299560547,115.03634643554688,97.26334381103516,84.86190032958984,81.41832733154297,78.62216186523438,73.89503479003906,70.18315887451172,73.29093170166016,78.72531127929688,89.93804931640625,112.9166488647461,137.65362548828125,148.95462036132812,138.8303680419922,127.72183227539062,124.24011993408203,115.98590850830078
2024-08-13,108.07718658447266,105.88977813720703,104.20924377441406,108.18665313720703,120.123291015625,129.20950317382812,128.85443115234375,118.16796875,102.05726623535156,91.68903350830078,89.5746078491211,86.35906982421875,82.79654693603516,81.22872924804688,81.51156616210938,86.80010986328125,99.02993774414062,117.66011047363281,134.1990203857422,139.2450408935547,131.7939453125,123.00148010253906,119.35519409179688,112.62907409667969
2024-08-14,103.21415710449219,103.42766571044922,100.67662811279297,102.43341827392578,107.18562316894531,112.82717895507812,109.93016052246094,95.51276397705078,84.3028335571289,74.20677185058594,69.97167205810547,64.45758819580078,60.420196533203125,54.91374969482422,54.20167922973633,57.25703430175781,66.69367980957031,85.80577087402344,103.48701477050781,116.67483520507812,113.28316497802734,104.20124053955078,98.07601928710938,88.90185546875
2024-08-15,68.33255004882812,66.36338806152344,63.05760192871094,66.4539794921875,73.8672103881836,82.82689666748047,84.06414794921875,76.16817474365234,65.2961196899414,54.09904479980469,53.76087188720703,52.363914489746094,47.992061614990234,45.77486038208008,44.873451232910156,50.41078186035156,65.10621643066406,80.95045471191406,100.80223083496094,108.52033233642578,104.2950439453125,95.56268310546875,90.62273406982422,82.93925476074219
2024-08-16,98.20951843261719,96.0604019165039,95.4210433959961,97.27932739257812,101.86277770996094,102.39764404296875,94.5155029296875,76.60441589355469,62.76543426513672,52.830501556396484,50.927947998046875,47.967445373535156,44.49150848388672,40.01266098022461,39.899478912353516,46.966434478759766,61.521705627441406,86.39020538330078,111.19758605957031,125.65869903564453,123.67449188232422,114.57339477539062,110.57007598876953,103.13284301757812
2024-08-17,101.97837829589844,99.55780792236328,99.08393096923828,101.8028564453125,105.37923431396484,104.01580047607422,92.71913146972656,70.8358154296875,52.93912124633789,43.98455810546875,40.80160903930664,38.959373474121094,35.320068359375,31.536724090576172,34.25537872314453,40.476783752441406,52.95989990234375,83.56241607666016,107.21228790283203,123.28852844238281,122.70022583007812,113.88470458984375,106.2962417602539,96.97676849365234
2024-08-18,93.72539520263672,94.1264419555664,88.96663665771484,90.8702163696289,95.62055206298828,96.7503662109375,87.03531646728516,60.11806106567383,42.687599182128906,33.808650970458984,24.537982940673828,18.781658172607422,14.522029876708984,8.3607177734375,9.108512878417969,14.195549011230469,33.52699661254883,61.0847053527832,95.65255737304688,111.70553588867188,108.54219055175781,99.42528533935547,92.46476745605469,84.03900909423828
2024-08-19,82.26173400878906,80.39549255371094,80.23184204101562,83.50218200683594,94.94461059570312,112.97335052490234,116.76782989501953,101.24322509765625,83.2123794555664,72.53794860839844,67.57374572753906,67.20641326904297,65.73890686035156,63.33965301513672,65.43928527832031,73.58277130126953,85.0257568359375,109.85749816894531,133.97372436523438,144.55735778808594,131.28236389160156,120.19049072265625,118.44738006591797,110.74761199951172
2024-08-20,105.52220153808594,104.59877014160156,102.57006072998047,104.54727172851562,112.37971496582031,119.12065887451172,117.36627197265625,106.2002182006836,92.03094482421875,82.90723419189453,80.29046630859375,76.33580780029297,71.03345489501953,68.03986358642578,68.92255401611328,72.2397689819336,80.97844696044922,99.51978302001953,116.39706420898438,122.86241912841797,117.76063537597656,109.02716827392578,104.93598937988281,95.67891693115234
2024-08-21,82.93898010253906,81.04112243652344,82.15291595458984,82.68296813964844,92.48371887207031,106.1440200805664,106.81946563720703,93.37498474121094,76.4720230102539,66.38056945800781,61.418792724609375,59.052490234375,56.56472396850586,52.7864990234375,53.928466796875,66.29243469238281,81.4841079711914,106.64691925048828,130.02508544921875,144.11166381835938,132.43482971191406,120.5970230102539,114.42491912841797,108.00244903564453
2024-08-22,111.8335952758789,108.63592529296875,107.82958984375,111.75251770019531,118.3449478149414,124.5127944946289,118.94463348388672,101.67029571533203,78.5338363647461,69.27478790283203,65.58295440673828,65.33855438232422,58.60106658935547,56.79644012451172,57.74308776855469,65.80024719238281,85.28799438476562,115.40226745605469,138.80377197265625,150.6699981689453,140.39146423339844,130.57000732421875,125.26787567138672,115.2169418334961
2024-08-23,105.80696105957031,104.24154663085938,101.78765106201172,104.63275909423828,110.53530883789062,116.95962524414062,115.33280181884766,101.81716918945312,86.53961181640625,78.42682647705078,75.22171783447266,72.98721313476562,69.43035888671875,68.4778060913086,68.4286880493164,75.81861877441406,87.26580810546875,107.85226440429688,126.22718811035156,134.29763793945312,129.7245635986328,120.00826263427734,117.86956024169922,109.13900756835938
2024-08-24,95.46836853027344,92.60966491699219,88.82836151123047,90.5625991821289,95.75039672851562,102.8275375366211,96.65984344482422,83.0697021484375,64.86859130859375,50.47132110595703,47.41134262084961,42.054927825927734,36.88993835449219,32.464595794677734,33.010101318359375,38.22544479370117,56.497737884521484,84.30023956298828,111.86094665527344,118.75572967529297,115.19026947021484,104.24324035644531,94.97248077392578,85.37947845458984
2024-08-25,55.36198425292969,53.25636291503906,53.66365051269531,54.218536376953125,51.70136260986328,55.43832015991211,42.755924224853516,24.252334594726562,-2.033172607421875,-7.534858703613281,-8.405662536621094,-11.678459167480469,-12.954833984375,-17.309799194335938,-15.735069274902344,-5.956825256347656,6.354484558105469,39.8381462097168,74.03335571289062,92.4540023803711,91.38752746582031,81.77900695800781,75.18508911132812,66.13733673095703
2024-08-26,84.75100708007812,82.3760757446289,81.79017639160156,84.49171447753906,97.57141876220703,117.914306640625,123.23402404785156,113.3861083984375,91.19845581054688,77.74141693115234,73.1827392578125,71.85079956054688,67.52241516113281,67.37664794921875,70.73995971679688,80.33354949951172,98.56719207763672,124.59149932861328,148.04541015625,159.7496795654297,146.36090087890625,130.4761962890625,129.5780029296875,121.10194396972656
2024-08-27,115.43195343017578,111.87954711914062,110.23571014404297,114.5403823852539,125.65489196777344,139.40093994140625,132.3026123046875,118.48179626464844,100.0340576171875,89.38715362548828,84.83258056640625,82.15249633789062,77.01786041259766,77.34761810302734,78.53825378417969,85.86636352539062,99.25704956054688,121.29314422607422,142.0126953125,148.5322265625,139.3812255859375,129.18849182128906,127.41184997558594,120.02494812011719
2024-08-28,106.34611511230469,101.72090148925781,100.48194122314453,100.83460998535156,111.15364837646484,120.0535888671875,121.99527740478516,108.88077545166016,90.49006652832031,74.09622192382812,69.80774688720703,66.32870483398438,61.012664794921875,57.05303192138672,59.051300048828125,66.59487915039062,80.44475555419922,104.15056610107422,126.00810241699219,132.7875213623047,123.38406372070312,112.05271911621094,101.8010025024414,94.37630462646484
2024-08-29,103.10079956054688,98.59342956542969,99.15631103515625,101.88211059570312,111.8234634399414,127.74848937988281,132.26248168945312,127.48802185058594,111.57975769042969,104.46756744384766,102.11104583740234,99.21589660644531,96.59616088867188,96.52606201171875,97.60924530029297,104.886962890625,115.65290832519531,127.78819274902344,140.9800262451172,144.73968505859375,134.52426147460938,124.328125,121.54460144042969,114.80165100097656
2024-08-30,115.19231414794922,114.23750305175781,113.56297302246094,115.26370239257812,122.72103118896484,128.81402587890625,126.82684326171875,115.82477569580078,101.97500610351562,93.84832763671875,89.7406997680664,88.29305267333984,84.20140075683594,81.14836883544922,82.03150177001953,87.10295104980469,102.37313079833984,122.73146057128906,140.34921264648438,146.0276641845703,139.2825927734375,131.66616821289062,127.40005493164062,118.51499938964844
2024-08-31,117.5283203125,114.70277404785156,112.97850036621094,112.39257049560547,119.81536865234375,119.21109771728516,114.31765747070312,103.21583557128906,88.86260223388672,81.45728302001953,78.34384155273438,76.61011505126953,71.7791976928711,69.68397521972656,72.20557403564453,81.69561767578125,97.14501953125,120.61012268066406,138.0736846923828,147.53457641601562,144.65191650390625,136.307861328125,129.3433074951172,119.34687805175781
2024-09-01,123.30032348632812,120.32400512695312,117.47380828857422,117.04639434814453,123.77111053466797,124.67935943603516,118.47733306884766,107.3202133178711,93.0655288696289,82.93020629882812,78.53471374511719,76.32617950439453,73.26356506347656,69.6546630859375,72.6976547241211,78.54742431640625,94.20166778564453,118.73484802246094,136.72740173339844,142.78451538085938,141.1969757080078,133.0205078125,128.29022216796875,121.35910034179688
2024-09-02,119.18470001220703,117.15770721435547,116.2275390625,118.85848999023438,127.37654113769531,134.23971557617188,133.20574951171875,119.66124725341797,106.01510620117188,93.8269271850586,94.64696502685547,93.01192474365234,89.25357818603516,86.05329895019531,88.237548828125,92.72222900390625,103.53793334960938,121.56587982177734,137.02410888671875,145.3812255859375,138.7686767578125,129.96343994140625,124.83207702636719,119.84332275390625
2024-09-03,113.10565948486328,112.22145080566406,112.22198486328125,114.35848999023438,124.50341033935547,133.2960968017578,137.0237579345703,127.5677490234375,111.94155883789062,103.39506530761719,99.82596588134766,95.8076400756836,91.8982925415039,89.64935302734375,91.18208312988281,95.03890991210938,107.55027770996094,126.98428344726562,138.24049377441406,141.4265899658203,137.44244384765625,127.070556640625,121.16766357421875,112.62826538085938
2024-09-04,94.90544891357422,91.98003387451172,90.79617309570312,93.41706848144531,103.15931701660156,116.25099182128906,119.44090270996094,107.5292739868164,92.71126556396484,82.6736068725586,78.823974609375,75.57128143310547,70.5323257446289,67.7240219116211,69.05783081054688,75.09661865234375,89.04264831542969,108.06742095947266,125.4140396118164,129.27740478515625,122.1854019165039,112.0979232788086,108.9739990234375,100.95640563964844
2024-09-05,104.37577056884766,101.33629608154297,99.12889862060547,102.82664489746094,112.48729705810547,127.27100372314453,132.9049530029297,123.88893127441406,108.70433044433594,100.275146484375,98.02456665039062,94.76349639892578,93.45730590820312,91.19491577148438,91.7687759399414,98.7271728515625,111.54034423828125,130.0865936279297,147.3249053955078,145.96376037597656,137.02508544921875,128.83639526367188,127.3831787109375,121.3282470703125
2024-09-06,101.91893005371094,99.08688354492188,96.94200897216797,100.63693237304688,105.20735168457031,112.86897277832031,110.73160552978516,95.73468780517578,77.10437774658203,69.04682922363281,63.65702438354492,59.34622573852539,56.020729064941406,52.09501647949219,54.27953338623047,61.47346878051758,74.48771667480469,100.0638656616211,122.8532485961914,131.31353759765625,125.6478500366211,117.12954711914062,111.74238586425781,103.55903625488281
2024-09-07,105.00080108642578,104.37055969238281,102.39849853515625,104.595458984375,110.24162292480469,121.9318618774414,115.55070495605469,99.69634246826172,76.74708557128906,62.65898895263672,60.05393981933594,58.14820098876953,56.58129119873047,50.84623718261719,52.214019775390625,62.20220184326172,81.70694732666016,111.72345733642578,137.08763122558594,150.69204711914062,138.52809143066406,129.25865173339844,126.94225311279297,118.17962646484375
2024-09-08,97.51109313964844,96.51094055175781,92.45358276367188,92.84253692626953,97.58651733398438,104.66265869140625,96.2005844116211,75.07044982910156,48.12320327758789,31.02469253540039,22.976490020751953,15.898612976074219,14.473705291748047,9.772785186767578,8.589866638183594,16.97037124633789,39.590450286865234,76.66795349121094,105.97148132324219,122.33003234863281,114.52278137207031,102.1886215209961,94.87083435058594,83.02806091308594
2024-09-09,94.11725616455078,92.64301300048828,91.42742919921875,96.12681579589844,110.26383209228516,124.56937408447266,127.52081298828125,107.46209716796875,82.14968872070312,68.45376586914062,62.90918731689453,58.95490264892578,54.794700622558594,52.882484436035156,54.9327507019043,64.96400451660156,78.67330932617188,104.17764282226562,129.52517700195312,140.9311981201172,127.61392974853516,115.58256530761719,114.62472534179688,105.34587097167969
2024-09-10,97.77777862548828,97.12277221679688,93.31773376464844,94.69747924804688,103.37434387207031,113.49626159667969,112.53338623046875,98.14878845214844,77.7191162109375,63.545135498046875,58.488704681396484,54.08414840698242,49.35006332397461,47.13884353637695,48.05207061767578,55.395389556884766,71.8441162109375,96.88909912109375,118.2454605102539,127.89833068847656,119.47637939453125,109.00060272216797,103.10653686523438,94.61267852783203
2024-09-11,83.74434661865234,81.28450775146484,80.35724639892578,82.78984832763672,93.77871704101562,105.33390045166016,106.8925552368164,90.08688354492188,62.676395416259766,50.07118225097656,44.62572479248047,37.8326301574707,35.03477478027344,30.911758422851562,33.73915100097656,40.56309127807617,59.11518478393555,88.60540771484375,114.67347717285156,124.60502624511719,113.24212646484375,103.14004516601562,99.28215026855469,89.17121887207031
2024-09-12,89.6712417602539,88.47091674804688,86.67977905273438,87.24596405029297,94.30872344970703,103.6548843383789,102.80223846435547,87.02657318115234,64.4437255859375,52.250831604003906,46.49351119995117,41.981510162353516,38.15423583984375,34.10721206665039,33.71244812011719,40.69784927368164,54.18165969848633,77.60747528076172,101.05296325683594,109.70425415039062,105.20015716552734,95.750244140625,90.58414459228516,82.13600158691406
2024-09-13,66.45355224609375,62.500274658203125,59.594276428222656,60.58928298950195,62.80668640136719,70.52915954589844,62.504058837890625,44.34247970581055,26.40258026123047,15.077056884765625,6.406730651855469,1.59185791015625,-5.9176177978515625,-3.6850814819335938,-3.174163818359375,-3.2879714965820312,7.119499206542969,35.003883361816406,58.57844161987305,77.10029602050781,73.07947540283203,63.445228576660156,54.41279220581055,46.415218353271484
2024-09-14,51.788429260253906,49.63348388671875,48.23660659790039,50.11085891723633,56.20090103149414,75.56353759765625,67.71745300292969,49.43797302246094,20.010459899902344,5.21124267578125,0.04671478271484375,-5.685874938964844,-7.364524841308594,-7.90582275390625,-7.3213043212890625,4.363655090332031,22.80402374267578,56.224056243896484,90.74617004394531,113.085205078125,104.06874084472656,87.17479705810547,85.09953308105469,77.92102813720703
2024-09-15,49.90431213378906,48.82493591308594,45.2473258972168,45.93315124511719,52.56782913208008,60.142059326171875,53.025604248046875,23.440757751464844,-9.866294860839844,-26.906944274902344,-27.280372619628906,-25.942527770996094,-28.200889587402344,-34.13517761230469,-39.46227264404297,-40.100730895996094,-28.706878662109375,12.923805236816406,46.21601104736328,68.3803482055664,65.7506103515625,57.03399658203125,50.74128341674805,46.27912902832031
2024-09-16,24.02996826171875,21.268646240234375,26.80309295654297,22.997802734375,33.059043884277344,48.262908935546875,50.23124313354492,45.32746124267578,29.074535369873047,12.32763671875,4.885459899902344,5.718421936035156,2.048431396484375,0.4679412841796875,-2.3053817749023438,3.0674591064453125,9.697105407714844,34.756317138671875,60.91456604003906,73.70457458496094,65.81531524658203,49.35943603515625,38.151458740234375,37.958492279052734
2024-09-17,11.3916015625,5.89288330078125,4.290107727050781,9.488677978515625,22.48143768310547,38.1534423828125,45.38938522338867,32.236572265625,13.048797607421875,6.7064208984375,2.26055908203125,1.7273635864257812,-5.442375183105469,-4.6199188232421875,-6.1488800048828125,-0.7753448486328125,9.446571350097656,26.929283142089844,56.951698303222656,66.87431335449219,55.13029861450195,40.07701110839844,36.25340270996094,35.25206756591797
2024-09-18,66.26859283447266,67.03569030761719,67.376220703125,71.83269500732422,78.77626037597656,90.85256958007812,93.73306274414062,79.63502502441406,61.209144592285156,50.229610443115234,46.99229049682617,44.90995407104492,41.828983306884766,40.073699951171875,39.60082244873047,44.38963317871094,59.129127502441406,83.29741668701172,104.39035034179688,112.31141662597656,102.77040100097656,92.94466400146484,87.16093444824219,84.01533508300781
2024-09-19,101.83642578125,98.81565856933594,97.693359375,100.29207611083984,108.92723846435547,121.4500503540039,125.41717529296875,119.5665283203125,105.4169921875,94.70381927490234,91.39824676513672,89.13572692871094,87.57051849365234,86.70104217529297,89.97074890136719,97.02674865722656,107.98367309570312,123.5288314819336,135.92079162597656,138.47674560546875,126.48210906982422,119.63230895996094,115.244384765625,110.34326171875
2024-09-20,102.26223754882812,99.64302825927734,96.71324920654297,97.91381072998047,104.30819702148438,111.30304718017578,118.87122344970703,117.60931396484375,103.74994659423828,93.34339904785156,87.5407943725586,86.27934265136719,83.17274475097656,81.60236358642578,81.94783782958984,89.62144470214844,102.48884582519531,119.40084838867188,129.59971618652344,129.0900115966797,121.41219329833984,111.97270965576172,104.88128662109375,100.42417907714844
2024-09-21,100.54762268066406,97.48283386230469,96.36622619628906,97.56092834472656,101.5910873413086,107.82896423339844,109.49585723876953,102.7962875366211,88.61127471923828,77.96991729736328,72.20022583007812,69.89352416992188,66.68315124511719,64.42451477050781,66.12874603271484,75.30325317382812,92.98798370361328,115.71342468261719,131.98233032226562,135.3669891357422,127.90028381347656,118.52645874023438,113.88724517822266,106.77349853515625
2024-09-22,95.47210693359375,92.23226165771484,90.25848388671875,88.63419342041016,91.81242370605469,89.86507415771484,79.84713745117188,65.97531127929688,43.76836013793945,28.77576446533203,28.915821075439453,25.798667907714844,19.780014038085938,18.952239990234375,21.51413345336914,24.673763275146484,44.734500885009766,77.73165893554688,104.47048950195312,115.99687957763672,114.3018798828125,107.2273178100586,99.29806518554688,90.08671569824219
2024-09-23,91.24449920654297,89.94781494140625,86.65616607666016,89.37969207763672,95.45442199707031,105.11180114746094,108.64558410644531,94.60680389404297,70.76229858398438,56.411773681640625,50.99695587158203,46.85175323486328,42.44755554199219,40.867671966552734,44.125247955322266,53.53865051269531,71.12786102294922,97.45433044433594,122.20830535888672,128.7467498779297,116.80448913574219,107.29593658447266,100.76085662841797,93.37258911132812
2024-09-24,87.60950469970703,85.376708984375,84.47798919677734,86.043701171875,94.00382995605469,106.2925033569336,113.67853546142578,106.87635803222656,91.28400421142578,77.3351058959961,71.80703735351562,68.77415466308594,65.74178314208984,62.6444091796875,65.48479461669922,72.84812927246094,87.36682891845703,102.63462829589844,118.71741485595703,121.28045654296875,108.2114486694336,99.09162902832031,93.2316665649414,85.98200225830078
2024-09-25,73.71481323242188,70.4575424194336,69.55830383300781,69.13155364990234,75.80906677246094,87.6417007446289,95.37203216552734,86.78948974609375,68.68820190429688,50.998111724853516,39.16978073120117,34.16682052612305,28.047210693359375,20.258670806884766,17.54869842529297,20.659954071044922,41.21049880981445,64.95635986328125,88.56085968017578,93.46075439453125,86.13167572021484,73.36891174316406,58.61039733886719,48.7526969909668
2024-09-26,18.727310180664062,15.532760620117188,13.091079711914062,9.229957580566406,17.251190185546875,32.90007019042969,47.75303268432617,48.74661636352539,38.78810501098633,27.12136459350586,20.431201934814453,12.4981689453125,8.496414184570312,6.995979309082031,5.582206726074219,12.890830993652344,26.555442810058594,51.1494255065918,69.44993591308594,75.49214172363281,62.60977554321289,50.57952117919922,41.96438217163086,35.05473327636719
2024-09-27,-0.39119720458984375,-5.420501708984375,-3.283538818359375,-0.38411712646484375,9.622138977050781,29.039642333984375,49.70756530761719,47.732173919677734,28.620384216308594,14.698097229003906,9.935806274414062,6.003135681152344,3.9510955810546875,-0.927001953125,0.6967239379882812,9.040328979492188,24.658985137939453,49.49225616455078,74.54228210449219,88.87838745117188,74.43646240234375,59.04072952270508,52.459590911865234,41.94300079345703
2024-09-28,58.48167419433594,56.562496185302734,54.69169235229492,58.795475006103516,69.00625610351562,85.60226440429688,84.24252319335938,69.20663452148438,42.030906677246094,28.482772827148438,22.260509490966797,23.52753448486328,21.317935943603516,20.232994079589844,22.491825103759766,32.50674819946289,48.74423599243164,80.4857177734375,112.15803527832031,124.9784927368164,113.07792663574219,96.39366149902344,94.38633728027344,84.58554077148438
2024-09-29,73.13484191894531,69.4028549194336,67.77140808105469,70.34831237792969,75.30487823486328,80.53104400634766,75.99192810058594,50.925838470458984,23.471580505371094,9.147590637207031,5.150169372558594,2.1719512939453125,1.2152023315429688,-1.0035171508789062,-1.1976699829101562,10.8187255859375,29.699169158935547,61.343902587890625,99.34209442138672,114.14407348632812,107.37574768066406,93.13562774658203,83.78690338134766,75.73033905029297
2024-09-30,73.55833435058594,72.40859985351562,73.06456756591797,74.6995849609375,86.86618041992188,104.10236358642578,112.84435272216797,99.3189926147461,73.09552001953125,55.40925979614258,46.809635162353516,42.5389518737793,41.770835876464844,41.897369384765625,43.61325454711914,52.93315887451172,74.89063262939453,104.67503356933594,136.321044921875,144.49288940429688,121.57079315185547,105.84658813476562,99.7257308959961,95.77713012695312
2024-10-01,83.05807495117188,79.41458892822266,77.54596710205078,80.38988494873047,92.4485092163086,110.249755859375,119.73397064208984,109.24063110351562,81.943603515625,62.49957275390625,53.62762451171875,47.324554443359375,43.79120635986328,41.780029296875,45.17903137207031,55.01390075683594,78.91484069824219,106.720947265625,133.4557647705078,141.8028106689453,120.51200103759766,102.71753692626953,96.83053588867188,88.03166961669922
2024-10-02,86.77532196044922,85.22467041015625,82.10932159423828,82.64688873291016,89.93341064453125,98.97579193115234,104.22905731201172,97.42315673828125,82.23442840576172,67.276611328125,60.78923797607422,56.709434509277344,54.16321563720703,49.36420440673828,49.080326080322266,58.19657897949219,71.23625183105469,93.87326049804688,111.95770263671875,117.29328155517578,105.64299774169922,95.09669494628906,85.5648422241211,79.86637878417969
2024-10-03,40.01106643676758,34.57118606567383,34.09064483642578,36.00263214111328,44.0884895324707,59.04962158203125,71.38349914550781,68.44331359863281,54.0350227355957,41.45314407348633,34.289363861083984,27.686203002929688,24.864727020263672,26.860225677490234,29.728744506835938,38.809417724609375,59.90223693847656,87.86189270019531,110.35139465332031,116.94541931152344,102.85957336425781,90.4814682006836,83.75547790527344,75.03056335449219
2024-10-04,82.05712127685547,81.08052825927734,79.64997863769531,79.1588134765625,84.93598937988281,94.2060546875,94.90690612792969,85.8169174194336,66.55690002441406,55.18535614013672,53.28942108154297,48.44601821899414,46.109130859375,43.471343994140625,45.60664367675781,55.521541595458984,73.67575073242188,101.54421997070312,124.5038833618164,133.72470092773438,122.94829559326172,112.66740417480469,105.330322265625,100.4926528930664
2024-10-05,88.27766418457031,86.16891479492188,85.51712036132812,84.25911712646484,89.16913604736328,103.38538360595703,100.34534454345703,85.98369598388672,64.2907485961914,48.742591857910156,40.5406608581543,33.70319747924805,23.732921600341797,21.69400405883789,21.768184661865234,30.405677795410156,45.26821517944336,72.11598205566406,97.14295959472656,106.005126953125,96.16067504882812,86.17051696777344,74.20089721679688,63.4414176940918
2024-10-06,37.27994155883789,32.010276794433594,30.471511840820312,29.13536834716797,33.41685104370117,35.20185852050781,37.65135192871094,26.073440551757812,11.388809204101562,0.17118072509765625,-6.179908752441406,-7.866691589355469,-7.98663330078125,-10.184883117675781,-3.9287109375,7.372764587402344,22.01068878173828,53.75745391845703,82.40443420410156,92.12431335449219,84.38348388671875,74.70388793945312,60.988304138183594,56.640743255615234
2024-10-07,39.92238235473633,37.77619552612305,36.02654266357422,34.64811325073242,42.636165618896484,52.9361572265625,63.57536315917969,63.992340087890625,51.969505310058594,39.80575180053711,32.58455276489258,27.286792755126953,24.22844696044922,21.06409454345703,23.591880798339844,27.900585174560547,39.81669235229492,56.664573669433594,71.47108459472656,78.26923370361328,68.89837646484375,52.42584991455078,46.324546813964844,36.73067092895508
2024-10-08,20.07164764404297,8.675193786621094,10.355842590332031,10.371055603027344,19.771751403808594,39.87271499633789,53.65386962890625,49.6755485534668,33.43305206298828,20.548236846923828,14.352043151855469,11.596015930175781,9.768180847167969,8.76629638671875,12.752510070800781,19.315311431884766,31.7216796875,48.07821273803711,67.328857421875,71.88085174560547,57.33843994140625,43.50929260253906,39.65452575683594,22.4085693359375
2024-10-09,18.684913635253906,16.181251525878906,12.332115173339844,11.252212524414062,20.407615661621094,20.958251953125,29.614646911621094,29.780128479003906,22.77008819580078,20.40447235107422,17.563613891601562,14.083244323730469,13.314105987548828,12.593677520751953,11.975273132324219,19.57950210571289,30.944534301757812,36.804954528808594,50.26348876953125,54.90754699707031,48.57817840576172,42.25083923339844,32.618186950683594,26.875808715820312
2024-10-10,36.80166244506836,31.529979705810547,31.862407684326172,37.0601921081543,43.49983596801758,61.43593978881836,72.13346099853516,61.86997604370117,46.10494613647461,39.94779968261719,38.7811393737793,35.83061218261719,36.382179260253906,35.651885986328125,40.62699508666992,49.01383972167969,70.57077026367188,93.65719604492188,106.35655212402344,115.06185150146484,104.79792022705078,91.5705795288086,88.50596618652344,86.77139282226562
2024-10-11,84.19154357910156,80.41211700439453,75.94202423095703,73.95004272460938,79.29280853271484,87.96488189697266,98.9608383178711,100.63170623779297,88.55817413330078,74.3348159790039,67.77874755859375,63.403297424316406,59.18063735961914,58.03533935546875,57.50940704345703,63.60788345336914,75.54417419433594,91.82099914550781,99.05290222167969,99.33328247070312,89.33273315429688,79.02879333496094,64.093505859375,54.953651428222656
2024-10-12,60.05530548095703,57.95484161376953,55.2108039855957,57.533424377441406,61.49041748046875,71.44584655761719,84.79354095458984,87.84547424316406,79.1668930053711,69.98379516601562,65.62803649902344,61.72084045410156,62.90901565551758,61.55295181274414,62.69017028808594,75.11244201660156,92.45878601074219,113.74391174316406,124.97264099121094,126.0567855834961,114.59905242919922,105.11585998535156,98.69181060791016,91.88360595703125
2024-10-13,51.807247161865234,49.000919342041016,43.85597610473633,41.85556411743164,46.088043212890625,53.083404541015625,56.231285095214844,59.036624908447266,50.42533874511719,39.735595703125,33.47074890136719,30.277286529541016,31.22107696533203,27.469806671142578,30.768230438232422,38.46855545043945,53.67485809326172,73.05123901367188,89.57714080810547,91.65748596191406,84.06523132324219,72.10269165039062,62.89225769042969,55.97772216796875
2024-10-14,82.50291442871094,78.7151870727539,77.83209991455078,78.009033203125,83.9281005859375,95.31114959716797,102.25080108642578,100.35452270507812,88.21633911132812,76.95596313476562,69.92491149902344,66.79325103759766,64.47138214111328,61.98676681518555,62.92711639404297,70.61730194091797,85.50213623046875,99.37371063232422,113.12115478515625,111.07503509521484,101.37512969970703,92.87759399414062,86.66946411132812,79.978271484375
2024-10-15,76.87055969238281,71.43611907958984,67.90130615234375,66.08242797851562,73.08175659179688,88.5543441772461,103.51883697509766,111.14105987548828,100.40898895263672,86.00402069091797,75.9027099609375,72.09937286376953,69.8289566040039,68.54991912841797,70.36346435546875,80.25624084472656,100.32345581054688,118.57624053955078,125.60466766357422,122.69021606445312,108.37968444824219,95.6637191772461,84.53544616699219,78.20093536376953
2024-10-16,45.94523620605469,40.96150207519531,38.40536880493164,38.297611236572266,48.13401412963867,61.7716064453125,77.26885986328125,80.30694580078125,69.80194091796875,55.47083282470703,49.23147964477539,45.73649597167969,41.8263053894043,42.04027557373047,43.77467727661133,57.47160720825195,78.39964294433594,96.46805572509766,113.72732543945312,113.82689666748047,99.52719116210938,86.67317199707031,78.45314025878906,70.5320816040039
2024-10-17,67.66377258300781,64.18833923339844,62.838714599609375,63.035457611083984,64.98030853271484,78.02379608154297,82.71317291259766,77.53392791748047,59.3631591796875,43.888492584228516,36.518646240234375,28.541431427001953,22.576881408691406,18.77078628540039,19.089221954345703,26.09424591064453,41.37642288208008,66.08387756347656,88.86970520019531,94.13936614990234,82.58447265625,68.81724548339844,56.833831787109375,47.65365219116211
2024-10-18,41.31940841674805,38.88117980957031,33.348426818847656,36.76915740966797,42.864559173583984,52.88524627685547,63.061004638671875,59.717254638671875,48.94992446899414,39.4442253112793,35.818511962890625,32.824092864990234,29.847362518310547,25.71886444091797,33.111602783203125,41.67707061767578,59.14326477050781,75.84883117675781,93.47129821777344,101.54520416259766,91.34622192382812,78.11647033691406,74.57566833496094,66.0338134765625
2024-10-19,60.718116760253906,57.59701919555664,54.362979888916016,57.00043869018555,65.60140228271484,76.7608413696289,79.88262939453125,76.97181701660156,65.56051635742188,57.8126220703125,54.7786750793457,53.20862579345703,51.37333679199219,49.92485427856445,51.12512969970703,59.68553161621094,74.35872650146484,88.44757080078125,102.14044189453125,106.39151763916016,97.75897216796875,86.303466796875,80.98617553710938,77.30721282958984
2024-10-20,50.15657043457031,47.842681884765625,47.49427032470703,45.81576919555664,50.37353515625,55.76093292236328,56.609161376953125,43.623016357421875,28.965290069580078,25.072368621826172,23.67894744873047,20.084945678710938,18.64196014404297,15.970741271972656,17.193622589111328,28.69969940185547,47.23405075073242,66.65705108642578,90.46421813964844,105.0118179321289,98.72419738769531,85.9531021118164,81.05570220947266,74.72015380859375
2024-10-21,78.02165222167969,75.36852264404297,74.3516845703125,76.047119140625,87.91104888916016,110.35199737548828,123.34706115722656,117.14518737792969,92.9674072265625,77.0850830078125,67.79254150390625,63.55366897583008,59.33893585205078,58.304073333740234,63.725547790527344,74.8272476196289,97.93782043457031,124.40520477294922,146.00265502929688,144.21890258789062,124.02754974365234,110.17156982421875,107.17689514160156,97.69058227539062
2024-10-22,72.74182891845703,67.93411254882812,65.13008880615234,66.05139923095703,74.87239074707031,88.02645874023438,104.76010131835938,104.63980865478516,90.38380432128906,76.77975463867188,68.89442443847656,64.87440490722656,59.86299514770508,57.47972869873047,58.32121658325195,67.70404052734375,84.51883697509766,102.54736328125,114.48233032226562,113.0774917602539,97.41812896728516,83.71336364746094,74.54308319091797,65.3651351928711
2024-10-23,70.60355377197266,68.92401123046875,67.62382507324219,69.38040924072266,76.18655395507812,91.15290832519531,104.3846664428711,106.0757827758789,93.6603012084961,79.38202667236328,71.7481460571289,67.77886199951172,65.94065856933594,65.95440673828125,69.24678802490234,80.31195068359375,98.4721450805664,117.27163696289062,130.00120544433594,129.03184509277344,115.61238098144531,104.49551391601562,96.9049301147461,92.52649688720703
2024-10-24,73.57731628417969,70.28971099853516,67.66155242919922,66.60031127929688,69.85250854492188,77.72059631347656,84.94107055664062,81.59678649902344,68.7420425415039,55.82041931152344,49.28278732299805,45.46363830566406,41.911006927490234,38.845420837402344,39.3847770690918,46.62544631958008,62.79743957519531,82.26201629638672,96.98277282714844,100.67730712890625,93.02406311035156,82.8756332397461,77.45268249511719,69.64879608154297
2024-10-25,60.08266830444336,57.88988494873047,55.00075912475586,55.36720275878906,61.923343658447266,75.28913879394531,91.45645904541016,95.4861068725586,83.9567642211914,74.09947204589844,66.84949493408203,64.75296783447266,63.68475341796875,60.41995620727539,61.56806945800781,69.80379486083984,85.20681762695312,101.54679107666016,110.4012451171875,109.12445068359375,99.52034759521484,84.79116821289062,78.00794982910156,70.93414306640625
2024-10-26,55.21289825439453,52.307376861572266,49.69896697998047,47.10704040527344,50.932491302490234,62.08761215209961,67.57949829101562,67.40808868408203,55.28470993041992,46.09782791137695,39.87330627441406,38.90590286254883,35.21330642700195,34.31217575073242,35.30426788330078,40.77804183959961,55.641380310058594,74.48580932617188,90.6794204711914,93.91878509521484,83.86366271972656,73.91383361816406,68.44134521484375,62.71273422241211
2024-10-27,64.6823959350586,62.98310089111328,61.25170135498047,62.08561706542969,66.32723236083984,74.3115463256836,78.92916107177734,73.91377258300781,61.88660430908203,50.956329345703125,45.82837677001953,41.90739822387695,39.47069549560547,36.70463943481445,35.990970611572266,42.386863708496094,54.9703254699707,72.53387451171875,89.8447265625,92.29957580566406,87.09066772460938,76.26695251464844,69.18768310546875,63.19740295410156
2024-10-28,74.91727447509766,71.08393859863281,68.54132843017578,68.82562255859375,76.5140151977539,90.33183288574219,103.7918472290039,106.21525573730469,95.08795928955078,82.66653442382812,77.88507843017578,73.93939208984375,72.20501708984375,71.64424133300781,73.3583984375,83.16634368896484,98.4754638671875,112.08526611328125,123.1914291381836,119.62599182128906,108.05462646484375,96.48178100585938,87.11578369140625,81.90335083007812
2024-10-29,69.44342041015625,64.12666320800781,60.58770751953125,60.67474365234375,66.34098052978516,74.362060546875,90.1470718383789,97.04887390136719,90.47013854980469,80.75928497314453,74.265380859375,70.60408020019531,67.4450454711914,65.64706420898438,64.95343780517578,72.90479278564453,85.35657501220703,95.3615951538086,101.95735168457031,100.49011993408203,91.87663269042969,80.48735046386719,71.87345886230469,64.89793395996094
2024-10-30,53.91252899169922,48.13019943237305,48.07992935180664,47.868526458740234,57.51119613647461,72.31086730957031,94.90963745117188,103.40379333496094,92.89976501464844,82.38248443603516,74.18047332763672,71.20548248291016,70.59583282470703,68.9034194946289,73.30409240722656,84.09832000732422,107.02025604248047,127.06776428222656,133.84361267089844,130.7615203857422,112.64196014404297,99.53297424316406,92.72029113769531,88.18997955322266
2024-10-31,76.7087631225586,72.67675018310547,70.86299133300781,71.26361083984375,77.38590240478516,90.62415313720703,111.31584930419922,122.97190856933594,114.91045379638672,105.12332153320312,98.52186584472656,97.89271545410156,97.03495788574219,97.05943298339844,98.87725830078125,110.22531127929688,128.1220703125,141.4563751220703,141.83746337890625,133.981201171875,121.30494689941406,109.93824768066406,100.69259643554688,96.01538848876953
2024-11-01,86.66392517089844,82.57231140136719,79.25188446044922,80.2639389038086,86.58875274658203,96.95864868164062,109.62574768066406,116.56364440917969,110.60493469238281,101.31175231933594,97.1629638671875,94.98200225830078,92.20740509033203,89.88661193847656,91.69169616699219,101.98890686035156,116.46534729003906,129.8334503173828,134.67144775390625,130.82958984375,119.67019653320312,109.18926239013672,102.52870178222656,95.41590881347656
2024-11-02,84.77630615234375,81.47061157226562,78.35060119628906,77.48316955566406,81.37354278564453,89.34379577636719,95.40586853027344,95.81275177001953,81.06120300292969,71.05803680419922,64.21250915527344,61.678836822509766,59.42073059082031,56.56135559082031,59.70098114013672,68.18244934082031,86.56391143798828,106.04743194580078,119.96414184570312,120.04216003417969,108.7714614868164,99.61165618896484,92.76800537109375,87.07622528076172
2024-11-03,83.5792465209961,82.3271484375,80.64042663574219,78.81365966796875,80.67803192138672,85.14192962646484,87.85237884521484,83.81298065185547,72.25213623046875,63.751956939697266,58.170013427734375,54.5274658203125,51.853294372558594,49.56007385253906,50.43413543701172,60.27107238769531,78.88536071777344,98.53006744384766,112.71068572998047,114.59074401855469,107.03358459472656,98.94393920898438,90.26921081542969,84.43865203857422
2024-11-04,86.47327423095703,83.71568298339844,79.95633697509766,82.73883056640625,88.91378784179688,104.3335189819336,120.8081283569336,127.56071472167969,113.68380737304688,98.94857788085938,93.07527160644531,90.50646209716797,88.509521484375,86.24564361572266,89.95079040527344,103.51170349121094,123.17424011230469,140.82745361328125,149.93862915039062,145.89405822753906,128.9027862548828,116.90857696533203,107.27183532714844,102.49498748779297
2024-11-05,102.73841094970703,100.28303527832031,99.80704498291016,100.01573181152344,108.11305236816406,116.89817810058594,126.75572967529297,126.06816101074219,121.12004089355469,112.26811218261719,107.75485229492188,105.33003234863281,105.78395080566406,103.73368072509766,105.30622100830078,116.09235382080078,128.34751892089844,137.57354736328125,142.3697052001953,139.81886291503906,128.34385681152344,121.58604431152344,115.31562042236328,113.06019592285156
2024-11-06,108.6388168334961,103.63951110839844,101.43130493164062,99.39788055419922,106.6124267578125,120.51073455810547,137.5236053466797,143.76539611816406,125.9652328491211,110.59769439697266,101.80963134765625,98.56401824951172,95.42437744140625,94.0888671875,100.71605682373047,109.20819854736328,132.55433654785156,149.83203125,158.82366943359375,152.58428955078125,135.449462890625,121.49806213378906,113.19865417480469,109.9765853881836
2024-11-07,95.27367401123047,93.80103302001953,92.35332489013672,91.11971282958984,99.39545440673828,112.86975860595703,127.56964111328125,131.1236572265625,120.64505767822266,109.48417663574219,101.73841857910156,99.15933227539062,95.97522735595703,94.83955383300781,98.54745483398438,109.27244567871094,127.45967102050781,142.3295440673828,151.551025390625,147.04379272460938,133.86878967285156,123.12260437011719,115.21537780761719,108.76300048828125
2024-11-08,99.29989624023438,95.44343566894531,93.57573699951172,94.05635070800781,99.15021514892578,108.07574462890625,120.76611328125,123.93637084960938,115.52217102050781,106.56150817871094,101.77711486816406,99.992431640625,97.46603393554688,96.28271484375,98.56773376464844,107.0503921508789,124.35501098632812,134.4252166748047,143.39260864257812,137.96206665039062,127.80866241455078,119.2634506225586,113.91040802001953,106.46460723876953
2024-11-09,107.88278198242188,104.73299407958984,102.58140563964844,101.8792724609375,106.12940979003906,112.23808288574219,119.55226135253906,124.59678649902344,119.272216796875,111.09707641601562,107.09378814697266,103.98851013183594,99.8413314819336,96.19245147705078,97.56592559814453,102.96832275390625,114.18887329101562,124.97730255126953,129.7981414794922,128.61631774902344,121.21519470214844,113.27159118652344,109.87500762939453,103.24378204345703
2024-11-10,91.52952575683594,87.10944366455078,85.19313049316406,83.74435424804688,85.58370208740234,87.63859558105469,92.5289077758789,91.68203735351562,80.07244110107422,68.18315124511719,60.57416534423828,58.687843322753906,57.07537841796875,54.275146484375,56.120445251464844,68.08561706542969,91.89449310302734,114.0331802368164,128.06802368164062,127.4534683227539,120.78659057617188,112.60612487792969,107.29055786132812,98.91524505615234
2024-11-11,91.53189086914062,87.05720520019531,84.22685241699219,85.69435119628906,93.80271911621094,106.08715057373047,116.17031860351562,117.50041961669922,100.79605102539062,86.80320739746094,79.50941467285156,73.63926696777344,68.68206787109375,64.58710479736328,66.1729507446289,77.00988006591797,90.51866912841797,109.58158111572266,122.07054138183594,122.08026123046875,110.04885864257812,99.9306411743164,91.87998962402344,80.77796936035156
2024-11-12,47.87871551513672,43.61678695678711,40.951236724853516,44.801979064941406,55.517982482910156,74.5331039428711,93.23493194580078,95.17806243896484,76.9427261352539,64.31475830078125,55.54370880126953,50.66552734375,48.53174591064453,45.938072204589844,49.861141204833984,62.340240478515625,79.24638366699219,104.26445770263672,120.41019439697266,122.77485656738281,109.43294525146484,92.9727783203125,84.25775146484375,76.25048828125
2024-11-13,91.87812042236328,90.68582153320312,88.03388214111328,89.81265258789062,97.98711395263672,111.77810668945312,124.6575927734375,123.02540588378906,110.9652099609375,99.7105712890625,91.53929901123047,87.45077514648438,85.42821502685547,83.65533447265625,84.9258804321289,94.15658569335938,105.01587677001953,122.45821380615234,132.25653076171875,133.03298950195312,121.3894271850586,109.6295394897461,101.70108795166016,95.0552749633789
2024-11-14,90.16069793701172,87.01151275634766,85.38040161132812,88.45584869384766,97.30176544189453,111.35494232177734,124.3261947631836,127.26433563232422,122.42121124267578,115.74038696289062,112.14408874511719,111.0051498413086,113.43453979492188,112.34683227539062,116.49966430664062,122.1787109375,135.11068725585938,143.17979431152344,146.7110595703125,144.56410217285156,135.38943481445312,125.45146179199219,118.92220306396484,116.64108276367188
2024-11-15,99.37918853759766,98.17696380615234,96.81641387939453,98.5533447265625,105.38035583496094,114.43830108642578,127.30184173583984,126.81878662109375,123.19415283203125,116.1041030883789,113.23435974121094,112.81605529785156,112.22959899902344,110.66011047363281,111.33316040039062,115.38253021240234,126.21328735351562,136.28697204589844,138.8389434814453,136.7345428466797,126.77640533447266,119.63026428222656,115.17024230957031,110.32862854003906
2024-11-16,101.84695434570312,98.50142669677734,96.6952896118164,95.87527465820312,103.31272888183594,112.74051666259766,121.88235473632812,124.99089050292969,119.00494384765625,113.66807556152344,109.09098815917969,108.69465637207031,107.56465148925781,107.93240356445312,107.65852355957031,118.48980712890625,133.73597717285156,142.076171875,146.76065063476562,144.5569305419922,137.7020263671875,129.10177612304688,125.0482177734375,119.3939208984375
2024-11-17,123.51001739501953,119.755126953125,117.40322875976562,117.9549789428711,118.8557357788086,120.74768829345703,122.9928207397461,122.10643005371094,111.97077941894531,104.60017395019531,102.57638549804688,99.38936614990234,98.381103515625,97.02397155761719,99.60722351074219,109.62266540527344,129.37844848632812,145.1951446533203,154.3875274658203,153.29367065429688,146.91976928710938,140.54556274414062,136.09933471679688,130.2184295654297
2024-11-18,124.08784484863281,119.72859191894531,116.18540954589844,120.38975524902344,124.6561050415039,135.39523315429688,150.09327697753906,158.66976928710938,144.69735717773438,131.533447265625,122.95880126953125,120.9324722290039,117.97923278808594,116.61566925048828,122.28813171386719,136.2405548095703,152.95449829101562,172.4756622314453,177.28021240234375,171.02066040039062,155.5768280029297,141.92333984375,135.00527954101562,130.11618041992188
2024-11-19,119.23613739013672,113.46428680419922,109.41498565673828,108.6261215209961,115.78948974609375,125.34226989746094,135.72219848632812,138.26327514648438,125.77947235107422,112.77490997314453,106.765869140625,102.9110336303711,99.37847137451172,98.89511108398438,101.859375,108.24346923828125,121.94606018066406,140.0874786376953,148.6392059326172,144.50453186035156,132.0009002685547,120.82176208496094,116.19202423095703,109.83242797851562
2024-11-20,94.88739776611328,90.0875015258789,86.18759155273438,84.15945434570312,94.61997985839844,108.9585189819336,123.56967163085938,125.15531921386719,111.16008758544922,96.12519073486328,88.71284484863281,83.21947479248047,80.08197784423828,74.31597900390625,76.90653991699219,86.73182678222656,106.97245025634766,124.59352111816406,136.75149536132812,135.09896850585938,123.1601791381836,109.69658660888672,100.17618560791016,90.41732025146484
2024-11-21,78.96780395507812,73.78060913085938,70.30171203613281,69.75325775146484,75.45258331298828,88.79112243652344,103.30368041992188,108.49700927734375,98.36245727539062,85.89371490478516,78.27037811279297,75.35107421875,71.19544982910156,66.06555938720703,67.67050170898438,76.66351318359375,93.59202575683594,110.95413208007812,123.2674560546875,123.01757049560547,114.25196838378906,101.18791961669922,92.11820220947266,83.20825958251953
2024-11-22,76.489013671875,69.96855926513672,67.80253601074219,72.12845611572266,82.14353942871094,102.93655395507812,126.70036315917969,136.3957061767578,122.15361022949219,109.02932739257812,101.72808837890625,100.3044204711914,98.58647918701172,100.94671630859375,103.97714233398438,122.87374877929688,146.77334594726562,169.12423706054688,179.62417602539062,183.65211486816406,158.05543518066406,142.1028594970703,133.57310485839844,129.44357299804688
2024-11-23,107.68360900878906,103.23469543457031,97.8810806274414,95.48904418945312,99.81977081298828,111.17949676513672,119.41690826416016,118.27897644042969,101.24411010742188,86.74995422363281,76.47860717773438,71.91124725341797,65.9934310913086,59.921234130859375,60.61121368408203,69.26651000976562,86.69449615478516,109.3297119140625,122.13977813720703,119.97797393798828,113.51358032226562,101.39801788330078,90.58621978759766,80.56395721435547
2024-11-24,12.254341125488281,9.342582702636719,5.596221923828125,1.6447601318359375,10.169120788574219,25.062164306640625,45.08544921875,58.08052444458008,45.76763153076172,30.676639556884766,21.62081527709961,14.156150817871094,4.480628967285156,1.1891098022460938,4.352684020996094,19.677814483642578,45.04016876220703,65.24933624267578,89.55673217773438,95.79569244384766,86.63426971435547,64.9375,52.45880889892578,36.544002532958984
2024-11-25,12.513633728027344,7.2985687255859375,5.767631530761719,10.80615234375,19.586822509765625,46.86042022705078,79.0938491821289,91.36416625976562,81.66805267333984,65.77040100097656,59.14921569824219,53.24232864379883,53.735069274902344,52.051780700683594,55.540855407714844,69.40817260742188,93.99730682373047,113.1078872680664,128.5814971923828,135.54872131347656,111.18264770507812,96.30821228027344,91.55641174316406,80.84867858886719
2024-11-26,123.04574584960938,116.11221313476562,115.8343505859375,116.20166015625,125.94438171386719,142.05963134765625,156.03733825683594,154.1182861328125,143.3348388671875,133.3563232421875,126.148193359375,125.00846862792969,124.74962615966797,125.56197357177734,126.00602722167969,137.19528198242188,153.93568420410156,163.6953582763672,174.89846801757812,169.05630493164062,152.6355438232422,142.00709533691406,133.6663360595703,130.88243103027344
2024-11-27,126.03368377685547,118.70752716064453,116.34051513671875,117.15960693359375,128.14356994628906,138.1666259765625,151.24099731445312,159.0174102783203,142.98150634765625,133.02850341796875,122.69302368164062,121.31219482421875,117.2427978515625,117.66014862060547,119.2618408203125,130.19833374023438,148.25929260253906,162.73233032226562,173.67274475097656,169.79397583007812,153.60923767089844,139.9727325439453,131.855712890625,130.05931091308594
2024-11-28,126.75393676757812,123.40621948242188,119.83858489990234,117.66548156738281,122.24336242675781,137.03794860839844,144.71841430664062,154.61062622070312,142.03598022460938,129.2875213623047,120.12738037109375,117.23267364501953,114.30989837646484,112.46875,114.93634033203125,125.91094970703125,148.17495727539062,163.17115783691406,167.1896514892578,163.32797241210938,150.24343872070312,137.43519592285156,131.64382934570312,125.30108642578125
2024-11-29,109.88703918457031,106.54263305664062,104.81777954101562,103.54600524902344,112.7220458984375,125.28800964355469,139.31944274902344,144.19192504882812,134.88429260253906,123.93754577636719,118.38784790039062,116.37197875976562,109.91014862060547,111.11442565917969,112.8538589477539,127.17513275146484,145.05142211914062,159.64016723632812,167.40756225585938,166.1787109375,152.6839599609375,139.46766662597656,136.0532989501953,130.22918701171875
2024-11-30,122.24470520019531,118.13939666748047,116.14524841308594,116.05322265625,122.98517608642578,128.5583038330078,136.30918884277344,138.17848205566406,127.74684143066406,119.62608337402344,113.35867309570312,111.31301879882812,107.96774291992188,105.33882904052734,107.96791076660156,116.29591369628906,134.05194091796875,147.64199829101562,157.74130249023438,154.6844024658203,145.62991333007812,135.61843872070312,132.5438690185547,124.96357727050781
2024-12-01,111.3155517578125,108.30338287353516,104.9957504272461,105.87786102294922,112.61688232421875,118.36686706542969,128.91233825683594,135.33572387695312,121.94217681884766,110.97352600097656,105.51835632324219,104.56163787841797,101.6430435180664,99.96340942382812,103.04570007324219,113.37722778320312,136.04286193847656,150.28787231445312,163.87112426757812,160.75357055664062,145.22052001953125,137.41148376464844,131.83990478515625,130.34844970703125
2024-12-02,127.20697021484375,121.85743713378906,118.18939208984375,121.39936828613281,126.10862731933594,134.40423583984375,143.80618286132812,152.97265625,147.24359130859375,143.8835906982422,139.55328369140625,140.26585388183594,135.98345947265625,131.71261596679688,133.20579528808594,136.2119140625,147.2684783935547,158.95370483398438,161.47589111328125,158.94540405273438,149.09640502929688,138.3720703125,132.4730682373047,128.02085876464844
2024-12-03,129.11900329589844,126.96846008300781,122.955322265625,123.79534149169922,131.3350372314453,137.9412384033203,146.56088256835938,149.57858276367188,144.20684814453125,138.29324340820312,136.26248168945312,132.3309326171875,129.84420776367188,127.45814514160156,128.54026794433594,132.37454223632812,137.4383544921875,147.36477661132812,156.2232208251953,153.6901397705078,148.0242919921875,137.57275390625,133.0687713623047,128.6269073486328
2024-12-04,110.94934844970703,104.6376953125,103.54640197753906,102.97209167480469,112.9248046875,129.10267639160156,145.25259399414062,149.84483337402344,140.6199951171875,128.52471923828125,122.4072265625,121.14250946044922,118.9312744140625,116.21470642089844,119.79096984863281,132.39239501953125,149.6181640625,169.5358123779297,183.2931365966797,181.02381896972656,166.03134155273438,149.7328338623047,141.6861572265625,139.20388793945312
2024-12-05,123.4068374633789,116.9079818725586,115.08011627197266,115.84474182128906,124.47630310058594,134.8848419189453,147.597900390625,147.42303466796875,145.781005859375,133.5316162109375,125.62710571289062,124.28105163574219,119.93397521972656,118.48899841308594,121.68426513671875,129.73300170898438,141.3218231201172,152.95376586914062,161.24725341796875,156.78538513183594,143.94467163085938,134.15731811523438,123.8179931640625,117.72911071777344
2024-12-06,117.17437744140625,111.16390991210938,109.73284912109375,109.67189025878906,118.91798400878906,134.65927124023438,151.46957397460938,153.69451904296875,148.246826171875,137.20513916015625,132.03662109375,129.9096221923828,130.6608123779297,128.0019989013672,132.08274841308594,142.74221801757812,158.1656494140625,171.65008544921875,179.44415283203125,178.17091369628906,165.16815185546875,149.98416137695312,145.9088592529297,139.47161865234375
2024-12-07,68.12889862060547,63.932979583740234,60.53119659423828,57.95048522949219,62.62409591674805,72.72882080078125,86.4915771484375,95.3731918334961,92.2855453491211,85.67491912841797,80.54325866699219,76.9346923828125,72.62200927734375,68.69245910644531,69.1388931274414,73.77814483642578,84.48526000976562,92.30220031738281,99.74359893798828,95.57489013671875,91.38064575195312,80.49134063720703,65.90233612060547,58.031898498535156
2024-12-08,5.171745300292969,2.5664596557617188,-0.6161422729492188,-13.602188110351562,-14.951591491699219,-10.882026672363281,2.0550537109375,13.564117431640625,33.948760986328125,21.115325927734375,21.196590423583984,14.167411804199219,20.023109436035156,19.45541000366211,23.353511810302734,27.645835876464844,37.87465286254883,48.82706069946289,71.55204772949219,78.39794158935547,72.91602325439453,55.24935531616211,50.295406341552734,40.55447006225586
2024-12-09,30.289276123046875,22.936935424804688,22.153884887695312,23.23291778564453,36.46125030517578,47.754581451416016,74.6650390625,85.37432861328125,86.68143463134766,75.675048828125,72.36741638183594,69.44749450683594,68.31912994384766,65.8965072631836,68.11296081542969,77.22648620605469,93.99287414550781,104.45484924316406,111.14189910888672,109.67937469482422,100.51431274414062,84.57536315917969,73.0230712890625,68.98292541503906
2024-12-10,115.68054962158203,108.01679992675781,108.31150817871094,108.96586608886719,117.49584197998047,135.705810546875,153.70150756835938,160.95091247558594,152.81884765625,148.5223388671875,141.99786376953125,139.59539794921875,138.9476776123047,138.88523864746094,146.25778198242188,156.36013793945312,165.88821411132812,170.64511108398438,183.0646209716797,180.5795440673828,159.99325561523438,145.4324493408203,141.09632873535156,139.00582885742188
2024-12-11,127.6712646484375,124.38819885253906,122.7594223022461,123.47161865234375,130.43508911132812,143.14306640625,153.89065551757812,161.16079711914062,156.6314697265625,147.45443725585938,140.8783721923828,138.70486450195312,138.33428955078125,136.36004638671875,142.84371948242188,152.0738067626953,160.01113891601562,166.33963012695312,170.685302734375,170.01947021484375,154.8140869140625,144.57318115234375,138.52333068847656,134.48031616210938
2024-12-12,120.78984832763672,115.35133361816406,113.28743743896484,112.53544616699219,117.87568664550781,132.68472290039062,143.02114868164062,147.76870727539062,136.8787078857422,126.30717468261719,122.58233642578125,119.68505859375,118.07606506347656,116.77708435058594,117.99258422851562,130.8332061767578,152.3063507080078,167.8603515625,179.98822021484375,172.85154724121094,159.72137451171875,149.3699951171875,143.88246154785156,137.78631591796875
2024-12-13,128.28994750976562,123.61331939697266,120.05955505371094,120.60515594482422,127.33930969238281,136.1845245361328,149.04168701171875,156.1798095703125,146.35011291503906,135.93124389648438,131.24533081054688,128.57579040527344,129.04931640625,125.93498229980469,128.21054077148438,140.95797729492188,154.79005432128906,173.61756896972656,174.6470947265625,172.0948028564453,163.34738159179688,153.171875,145.62643432617188,142.78216552734375
2024-12-14,124.07123565673828,120.74132537841797,116.2856674194336,115.51699829101562,116.9661636352539,126.02882385253906,137.1974639892578,141.08677673339844,132.2066650390625,118.93217468261719,113.10102844238281,108.32691192626953,104.35499572753906,101.80807495117188,103.88695526123047,114.70590209960938,132.07455444335938,148.25001525878906,158.2509307861328,152.0542755126953,143.49717712402344,130.70217895507812,124.53889465332031,118.5967025756836
2024-12-15,104.44631958007812,97.94511413574219,93.95796966552734,91.55337524414062,94.69261169433594,101.20662689208984,107.0809326171875,110.65753173828125,98.88725280761719,86.14295196533203,76.74053192138672,74.20967864990234,71.59461975097656,71.13299560546875,73.15072631835938,85.83193969726562,109.42109680175781,134.315185546875,150.80609130859375,150.69659423828125,140.4157257080078,131.5422821044922,120.1912841796875,113.69477844238281
2024-12-16,115.67929077148438,110.14607238769531,108.11544799804688,112.13614654541016,120.90191650390625,132.63568115234375,149.47592163085938,154.15853881835938,142.89154052734375,124.87226867675781,118.92591094970703,117.98080444335938,114.87434387207031,114.97793579101562,119.1514892578125,129.81834411621094,150.40298461914062,167.7345428466797,181.21002197265625,171.50389099121094,159.68948364257812,146.88446044921875,138.357177734375,133.41940307617188
2024-12-17,112.58735656738281,108.35186004638672,106.03811645507812,106.4229965209961,113.42784118652344,125.11747741699219,138.3964385986328,142.1228485107422,137.9097442626953,129.99598693847656,122.88890075683594,120.53191375732422,117.15715026855469,115.533203125,118.9892578125,128.96328735351562,142.5162811279297,157.6387176513672,160.2325439453125,158.05838012695312,145.5064239501953,135.56626892089844,131.18992614746094,123.31278228759766
2024-12-18,100.56800842285156,95.70608520507812,92.5157470703125,91.15563201904297,97.48834991455078,110.80300903320312,127.94987487792969,135.48731994628906,127.06763458251953,115.02565002441406,104.29878997802734,101.16925048828125,97.57003784179688,93.71527862548828,97.6705093383789,106.9284439086914,122.73987579345703,136.1937713623047,142.88697814941406,136.24578857421875,122.30165100097656,111.32589721679688,103.41280364990234,93.64613342285156
2024-12-19,58.40620803833008,50.1876220703125,47.58034896850586,45.209835052490234,55.79095458984375,72.9613037109375,95.65999603271484,101.63447570800781,90.25611114501953,77.86648559570312,71.40223693847656,66.4814224243164,63.36855697631836,58.53129196166992,64.94371032714844,78.50213623046875,97.627685546875,115.13632202148438,126.61650848388672,122.59233093261719,111.54368591308594,96.6343994140625,88.08467102050781,80.05429077148438
2024-12-20,90.25562286376953,85.3818588256836,82.39250183105469,85.7729263305664,95.72402954101562,112.68029022216797,128.9188232421875,132.64649963378906,117.66603088378906,105.91193389892578,100.88357543945312,97.13297271728516,94.23614501953125,93.05862426757812,97.4227066040039,109.87957763671875,133.0597686767578,154.0716552734375,166.80479431152344,168.40945434570312,151.138671875,137.88937377929688,127.58322143554688,118.541259765625
2024-12-21,110.2671127319336,105.72913360595703,103.33367156982422,103.92981719970703,112.37750244140625,124.14018249511719,134.0890350341797,137.74557495117188,125.62030792236328,113.74781036376953,103.41545104980469,101.08819580078125,99.8277587890625,96.95909881591797,101.07231140136719,114.11500549316406,130.30921936035156,146.50390625,155.2882843017578,152.6842498779297,138.09922790527344,130.9606170654297,122.87548828125,116.07654571533203
2024-12-22,83.85887145996094,80.66545867919922,76.86920166015625,71.5716552734375,68.97246551513672,62.708770751953125,59.81644058227539,54.088497161865234,34.85902404785156,17.677581787109375,9.590339660644531,-2.2612228393554688,-1.2638931274414062,-0.35884857177734375,-2.7467498779296875,12.560821533203125,48.005733489990234,79.30107116699219,100.17155456542969,102.6751708984375,102.47257232666016,93.6146240234375,82.48089599609375,72.18104553222656
2024-12-23,15.2803955078125,4.8871307373046875,2.3996047973632812,6.580291748046875,16.576263427734375,49.22688293457031,73.5130615234375,79.36583709716797,65.35657501220703,48.2677001953125,40.957210540771484,35.928932189941406,35.552677154541016,33.371341705322266,38.02443313598633,48.973899841308594,77.03775787353516,94.51527404785156,107.08563995361328,108.10408782958984,91.1861801147461,77.45513916015625,68.36288452148438,52.98240661621094
2024-12-24,69.63568878173828,65.85961151123047,64.68536376953125,67.49885559082031,78.99600219726562,99.9559097290039,118.28704071044922,119.45503997802734,100.54004669189453,84.22438049316406,78.1669921875,73.02845764160156,70.73779296875,69.10367584228516,71.38484954833984,86.25413513183594,106.93106079101562,128.8319854736328,144.33921813964844,138.76443481445312,120.65682983398438,106.11150360107422,98.24447631835938,92.35462951660156
2024-12-25,81.72766876220703,78.2107925415039,76.78337097167969,78.26948547363281,88.57664489746094,108.85660552978516,125.64946746826172,127.86503601074219,110.94515228271484,99.10472106933594,91.94131469726562,89.68060302734375,90.58772277832031,90.78832244873047,92.91343688964844,107.31849670410156,131.46681213378906,151.67941284179688,161.56320190429688,155.34658813476562,135.03353881835938,121.10289764404297,115.40190887451172,110.08540344238281
2024-12-26,115.60264587402344,112.20974731445312,108.83416748046875,107.38439178466797,119.28787994384766,131.11158752441406,146.9272918701172,150.68190002441406,135.94578552246094,120.88309478759766,113.58846282958984,108.93243408203125,107.1539306640625,106.52550506591797,110.25830078125,125.52215576171875,142.4267578125,158.6580352783203,167.24224853515625,156.14808654785156,140.34625244140625,130.615966796875,119.93263244628906,115.93140411376953
2024-12-27,119.08427429199219,114.11180114746094,112.17972564697266,112.28659057617188,123.9420166015625,137.0191192626953,144.89097595214844,145.148681640625,132.29812622070312,121.25204467773438,113.69757843017578,109.84457397460938,106.44242095947266,105.96902465820312,109.02671813964844,117.01171112060547,134.92526245117188,151.7540283203125,161.9058380126953,156.04246520996094,141.25408935546875,132.28697204589844,124.46332550048828,118.9726791381836
2024-12-28,118.55008697509766,114.00761413574219,112.09403228759766,113.06098937988281,119.78911590576172,130.11363220214844,137.70016479492188,136.7321319580078,121.09040832519531,109.64701080322266,104.0140151977539,103.16445922851562,98.84149932861328,97.34566497802734,98.67599487304688,109.87620544433594,129.91513061523438,153.41897583007812,165.4284210205078,168.2047119140625,154.31707763671875,141.96856689453125,137.42515563964844,131.90464782714844
2024-12-29,138.82289123535156,132.84408569335938,128.0619354248047,128.33274841308594,132.33433532714844,140.16273498535156,147.03977966308594,144.87179565429688,129.8861083984375,115.54875183105469,109.0537338256836,106.89864349365234,103.35150146484375,101.2857894897461,104.277099609375,115.56816864013672,137.26014709472656,157.27328491210938,172.519775390625,172.45770263671875,158.64830017089844,148.1072235107422,141.17559814453125,134.7767791748047
2024-12-30,138.27621459960938,135.2373046875,133.91732788085938,134.51129150390625,143.2901611328125,157.05638122558594,172.28765869140625,175.0871124267578,162.89276123046875,147.4109344482422,140.706787109375,132.8452606201172,132.31837463378906,133.15602111816406,130.626220703125,145.34747314453125,167.41455078125,180.68392944335938,186.806396484375,180.19183349609375,167.9844207763672,154.59567260742188,139.86080932617188,137.82656860351562
2024-12-31,139.81112670898438,134.00582885742188,132.16075134277344,133.1605682373047,140.8339080810547,154.3072509765625,162.47305297851562,164.44110107421875,151.51016235351562,140.62229919433594,133.43539428710938,133.24349975585938,132.58392333984375,133.30654907226562,134.2566375732422,142.92271423339844,159.555908203125,174.73599243164062,182.32411193847656,179.49868774414062,165.37826538085938,154.84402465820312,150.5357208251953,144.00299072265625
2025-01-01,126.96785736083984,123.02820587158203,119.41755676269531,121.57767486572266,127.5699234008789,140.0322265625,146.81961059570312,145.96743774414062,134.9228057861328,125.67041015625,120.99810791015625,118.80207824707031,113.65553283691406,112.32474517822266,113.3316650390625,121.86263275146484,137.010498046875,151.66563415527344,165.32069396972656,162.4705047607422,152.74232482910156,143.51846313476562,139.38555908203125,134.56570434570312
2025-01-02,113.24882507324219,109.39666748046875,105.6690444946289,106.97364044189453,113.96139526367188,127.34476470947266,136.75831604003906,133.96630859375,117.39179992675781,101.33014678955078,93.60404968261719,90.57831573486328,85.23092651367188,82.48072814941406,85.88143157958984,97.31852722167969,123.36695861816406,148.98291015625,163.9005584716797,163.26458740234375,146.68646240234375,135.78897094726562,127.17789459228516,118.24913787841797
2025-01-03,109.07970428466797,104.57962036132812,101.22920227050781,102.49559020996094,109.7452163696289,125.1024169921875,139.99293518066406,140.87513732910156,129.9840087890625,115.48334503173828,107.98481750488281,104.01441192626953,100.46910095214844,98.36726379394531,101.48135375976562,111.45402526855469,130.0580596923828,148.17333984375,160.65187072753906,159.6492156982422,146.06394958496094,132.74205017089844,125.9615478515625,117.75157165527344
2025-01-04,91.23644256591797,87.377197265625,84.17640686035156,84.4569320678711,90.70087432861328,104.0697021484375,121.31340789794922,126.84204864501953,120.71334838867188,109.1422119140625,101.09501647949219,97.47000885009766,94.30428314208984,92.84428405761719,94.7664566040039,107.80186462402344,125.84654235839844,138.35092163085938,147.8748016357422,146.42501831054688,135.6238250732422,123.4085693359375,113.37112426757812,107.4271240234375
2025-01-05,72.01634216308594,65.944580078125,61.094459533691406,57.75165939331055,58.407318115234375,66.08245086669922,82.0717544555664,90.1795883178711,87.14641571044922,77.17321014404297,69.6021957397461,65.05408477783203,59.12578582763672,54.23487854003906,55.991310119628906,66.95610046386719,86.74907684326172,103.74686431884766,110.811767578125,112.51670837402344,109.14991760253906,95.90206146240234,85.59225463867188,76.45645904541016
2025-01-06,24.56354522705078,15.768882751464844,13.684982299804688,13.159713745117188,21.771324157714844,42.065818786621094,72.80995178222656,86.58719635009766,82.1362075805664,71.54481506347656,63.881103515625,57.4879150390625,54.41101837158203,55.26128387451172,59.37464141845703,66.89330291748047,89.94906616210938,106.58354949951172,121.32024383544922,115.54615783691406,100.77837371826172,87.91034698486328,76.48799133300781,65.79167175292969
2025-01-07,43.489017486572266,40.06963348388672,38.08483123779297,36.2628059387207,46.85924530029297,63.04976272583008,87.86353302001953,90.89202117919922,81.15359497070312,63.85404968261719,56.892642974853516,53.59349060058594,51.49720001220703,48.35076904296875,50.103858947753906,61.30443572998047,84.30001068115234,99.18829345703125,111.3992691040039,104.48715209960938,93.92071533203125,83.7375717163086,67.03829956054688,57.96057891845703
2025-01-08,62.921661376953125,57.772823333740234,53.68417739868164,54.060340881347656,61.33196258544922,72.69866180419922,86.91755676269531,86.37835693359375,75.49124145507812,65.72679901123047,60.598777770996094,55.6259651184082,52.589202880859375,49.98313522338867,51.93315505981445,61.69391632080078,75.32691192626953,91.4677963256836,101.37124633789062,100.56765747070312,90.8264389038086,80.37885284423828,70.13609313964844,63.16416931152344
2025-01-09,63.980613708496094,58.49600601196289,57.49333953857422,55.920982360839844,67.15856170654297,80.74398040771484,99.13339233398438,103.011962890625,95.36680603027344,89.06069946289062,83.26422119140625,81.43604278564453,78.4160385131836,78.74385070800781,84.36221313476562,94.82011413574219,110.1099624633789,125.72357177734375,137.97451782226562,136.91151428222656,122.22431182861328,110.93653869628906,103.185791015625,94.66255950927734
2025-01-10,74.34332275390625,71.11271667480469,68.9991683959961,68.24105834960938,75.23652648925781,88.91952514648438,105.58268737792969,112.02667236328125,100.86933898925781,92.14401245117188,84.14398193359375,80.99175262451172,78.77667999267578,76.43419647216797,77.86929321289062,88.10708618164062,103.34265899658203,116.6235122680664,122.79757690429688,117.63690185546875,107.3776626586914,95.30233001708984,87.81316375732422,80.71589660644531
2025-01-11,97.43714904785156,92.07864379882812,88.76841735839844,87.65666961669922,94.1904525756836,103.05416870117188,118.182861328125,126.6192398071289,124.27083587646484,114.71204376220703,107.21334838867188,104.07881927490234,102.91876220703125,103.63777160644531,107.17231750488281,119.39775085449219,134.16796875,144.10157775878906,148.45957946777344,143.3436737060547,134.38780212402344,124.35395050048828,115.0311279296875,110.38826751708984
2025-01-12,89.75272369384766,85.08045196533203,78.90530395507812,77.80792236328125,79.13507843017578,82.44792938232422,86.90462493896484,85.87854766845703,74.97303771972656,63.24443817138672,56.63907241821289,52.784671783447266,49.80598831176758,47.22462463378906,47.163047790527344,57.50132751464844,80.64128875732422,102.27520751953125,118.19648742675781,122.1012191772461,118.03265380859375,109.02930450439453,98.61405181884766,91.24055480957031
2025-01-13,95.98277282714844,92.79364776611328,89.87022399902344,92.4770278930664,103.05220031738281,117.50759887695312,129.75411987304688,124.36297607421875,109.34945678710938,97.81974029541016,90.79727172851562,87.98385620117188,87.08916473388672,83.29656982421875,89.22669219970703,102.74516296386719,125.67593383789062,144.62176513671875,158.06903076171875,157.80043029785156,143.34507751464844,132.6572265625,126.23065185546875,121.2410659790039
2025-01-14,114.61254119873047,112.41952514648438,112.14999389648438,113.197998046875,120.84767150878906,135.1685791015625,148.46932983398438,151.11170959472656,137.68218994140625,129.08407592773438,122.81991577148438,120.38615417480469,118.35285949707031,117.41028594970703,121.04237365722656,128.619140625,146.514892578125,157.41311645507812,164.40560913085938,161.14898681640625,146.7583465576172,137.0985870361328,131.88763427734375,127.58868408203125
2025-01-15,123.59390258789062,118.91314697265625,114.37301635742188,111.88270568847656,118.14324951171875,133.50186157226562,144.77890014648438,148.17486572265625,135.44827270507812,122.88948822021484,114.29563903808594,112.42652893066406,106.0923080444336,102.677001953125,101.50347137451172,109.42904663085938,123.54952239990234,137.42396545410156,147.62876892089844,143.2983856201172,132.39208984375,122.00989532470703,110.68107604980469,103.15776062011719
2025-01-16,119.3316421508789,113.65917205810547,109.3611068725586,107.12632751464844,115.763427734375,129.6885528564453,151.74835205078125,163.85105895996094,155.2240753173828,144.358642578125,135.29388427734375,135.5853729248047,131.8217315673828,131.49835205078125,134.6715087890625,151.96649169921875,169.41099548339844,181.05776977539062,180.72695922851562,169.06881713867188,153.061767578125,142.36138916015625,134.80828857421875,128.3296661376953
2025-01-17,120.0732650756836,114.504638671875,111.25092315673828,112.32177734375,119.68340301513672,131.87945556640625,147.86856079101562,151.6510772705078,140.72157287597656,131.36154174804688,125.11141967773438,124.40252685546875,122.09635925292969,122.1826171875,124.87840270996094,138.7938690185547,155.2761688232422,171.23312377929688,177.00189208984375,173.13034057617188,160.15087890625,147.6777801513672,143.66281127929688,140.11611938476562
2025-01-18,121.58792114257812,118.8267822265625,116.67436218261719,117.08814239501953,120.24821472167969,128.2382354736328,133.7307586669922,130.82569885253906,117.9765625,103.33108520507812,97.33425903320312,95.93167114257812,91.28584289550781,90.02552795410156,91.43852996826172,102.93563079833984,123.1805419921875,147.3633575439453,163.28274536132812,163.44430541992188,154.56085205078125,144.08770751953125,137.77783203125,134.0568084716797
2025-01-19,129.27337646484375,124.07644653320312,120.59978485107422,117.29295349121094,120.83583068847656,126.98446655273438,138.1124725341797,140.3455047607422,128.39590454101562,111.13041687011719,101.54232788085938,97.02790069580078,94.18916320800781,92.05833435058594,94.7503890991211,107.73388671875,133.44717407226562,153.03143310546875,160.70770263671875,155.64785766601562,142.40264892578125,133.7363739013672,125.92241668701172,118.57036590576172
2025-01-20,122.69975280761719,118.81773376464844,116.1658935546875,112.73673248291016,121.13560485839844,138.33450317382812,157.6305389404297,166.62652587890625,160.78424072265625,148.40676879882812,141.15902709960938,137.98875427246094,138.0489501953125,135.5225830078125,143.70516967773438,157.22535705566406,174.968017578125,181.55767822265625,183.08404541015625,175.21473693847656,162.4836883544922,147.4339141845703,138.38143920898438,133.22401428222656
2025-01-21,123.57193756103516,119.21056365966797,116.98197937011719,116.83972930908203,124.14077758789062,133.4014434814453,147.05712890625,155.48521423339844,158.5389862060547,153.8169403076172,144.454345703125,141.72817993164062,138.77296447753906,134.2782440185547,136.64132690429688,146.90419006347656,152.97802734375,158.08053588867188,156.70318603515625,154.7061309814453,146.06634521484375,134.66505432128906,128.7427520751953,121.95848083496094
2025-01-22,112.2605209350586,106.62987518310547,104.11515045166016,106.6027603149414,114.31620788574219,124.92264556884766,140.66644287109375,146.67628479003906,143.86154174804688,136.01385498046875,130.33731079101562,128.78176879882812,127.27415466308594,125.27513122558594,127.99653625488281,139.0936737060547,152.80931091308594,160.43270874023438,163.62644958496094,160.88047790527344,150.497314453125,140.43612670898438,134.02735900878906,127.1989974975586
2025-01-23,121.66375732421875,116.8069076538086,112.63016510009766,111.87652587890625,121.59408569335938,133.43240356445312,148.6149444580078,156.15219116210938,151.16075134277344,138.99826049804688,132.71749877929688,130.5067901611328,127.25629425048828,126.54731750488281,134.83084106445312,148.40850830078125,164.81900024414062,172.5810546875,177.98074340820312,175.80136108398438,165.39471435546875,154.39756774902344,145.37408447265625,141.72799682617188
2025-01-24,89.83600616455078,85.2555923461914,80.1664047241211,78.4398193359375,81.8654556274414,94.56397247314453,110.39147186279297,118.71217346191406,111.05413055419922,100.13327026367188,92.13370513916016,87.32429504394531,83.12342071533203,78.19621276855469,79.89523315429688,91.48765563964844,114.27442932128906,129.79896545410156,139.38050842285156,135.24090576171875,124.0417251586914,110.632080078125,101.02351379394531,92.4149398803711
2025-01-25,42.12603759765625,39.653316497802734,33.57575225830078,28.573692321777344,33.311370849609375,42.480613708496094,61.13838195800781,76.30091857910156,73.75163269042969,60.40673065185547,53.733665466308594,50.12027359008789,49.85478591918945,47.20555877685547,50.327430725097656,59.71879959106445,83.59449005126953,102.2726058959961,110.41726684570312,113.72969818115234,102.40399932861328,94.85747528076172,79.12625122070312,72.37837219238281
2025-01-26,37.27166748046875,34.79634094238281,29.40447998046875,28.655807495117188,27.159774780273438,32.127197265625,48.40070724487305,55.62340545654297,47.27311325073242,41.105430603027344,34.769290924072266,33.06813049316406,28.692943572998047,27.067527770996094,28.05380630493164,29.359798431396484,51.27426528930664,65.57664489746094,77.61016845703125,81.69598388671875,73.79203796386719,63.118186950683594,53.330421447753906,39.822349548339844
2025-01-27,5.8318939208984375,-0.5374755859375,-0.983245849609375,1.8500213623046875,12.479698181152344,30.52794647216797,55.037967681884766,54.74693298339844,48.863460540771484,40.3594856262207,35.68862533569336,33.91261672973633,32.02106475830078,24.1160888671875,25.516883850097656,36.062679290771484,45.65186309814453,59.360870361328125,72.4080810546875,70.61181640625,59.52809143066406,46.64891815185547,39.932220458984375,22.560508728027344
2025-01-28,7.104316711425781,-5.192924499511719,-6.562217712402344,-3.4913787841796875,9.525459289550781,25.82818603515625,45.4908447265625,36.955894470214844,25.00591278076172,10.298309326171875,11.552223205566406,14.471260070800781,7.052711486816406,6.8373565673828125,6.1008758544921875,13.56378173828125,30.230728149414062,50.42807388305664,74.719482421875,80.9496078491211,66.73014831542969,45.21223449707031,37.11607360839844,32.36798095703125
2025-01-29,27.942832946777344,26.279151916503906,24.387535095214844,22.93011474609375,32.89091491699219,39.56159210205078,52.09067153930664,51.15748977661133,41.41023254394531,36.07410430908203,32.40306091308594,31.278358459472656,26.551719665527344,21.35330581665039,25.471771240234375,29.716922760009766,40.4571533203125,49.8973274230957,63.45659637451172,64.70421600341797,59.178009033203125,47.859458923339844,40.423545837402344,32.796714782714844
2025-01-30,26.32617950439453,20.346466064453125,14.477859497070312,15.278076171875,24.90118408203125,49.69636535644531,62.45701217651367,48.949554443359375,29.0008544921875,16.918495178222656,13.530029296875,8.238616943359375,6.080787658691406,3.9423370361328125,9.769424438476562,21.886775970458984,41.98832321166992,73.99578094482422,95.26359558105469,99.80899047851562,83.07119750976562,67.41722106933594,63.06538391113281,51.66587448120117
2025-01-31,59.0802001953125,58.050994873046875,54.21913528442383,57.558048248291016,66.63348388671875,81.88309478759766,90.49336242675781,81.18263244628906,61.69438934326172,48.967430114746094,45.01219177246094,43.708778381347656,39.54785919189453,37.239646911621094,40.18889617919922,51.015953063964844,73.65564727783203,98.83414459228516,118.777099609375,124.3670425415039,110.00900268554688,96.79422760009766,92.99662017822266,87.60615539550781
2025-02-01,111.39361572265625,108.08629608154297,104.07280731201172,106.03677368164062,112.43453216552734,124.42239379882812,129.22732543945312,121.33941650390625,96.7252426147461,75.28216552734375,65.43770599365234,59.824440002441406,53.44427490234375,50.104774475097656,51.45570373535156,70.81942749023438,98.05815124511719,135.5958251953125,157.02243041992188,159.03024291992188,140.5283203125,130.15640258789062,123.02206420898438,117.73771667480469
2025-02-02,118.24947357177734,115.36339569091797,114.3055419921875,111.52836608886719,119.78011322021484,130.7293243408203,132.1694793701172,124.1308364868164,102.85547637939453,87.0877685546875,74.87427520751953,70.39383697509766,66.10694122314453,64.69265747070312,67.27445983886719,79.36328887939453,102.43073272705078,132.84164428710938,152.1190185546875,152.6896514892578,138.8990936279297,131.12112426757812,124.61341857910156,113.67544555664062
2025-02-03,119.30013275146484,114.74667358398438,111.30455780029297,111.0908432006836,121.26197814941406,137.8230438232422,149.8578338623047,145.7344207763672,129.5874481201172,114.95702362060547,103.88037109375,101.69584655761719,99.29948425292969,100.89028930664062,104.02412414550781,120.07367706298828,140.6205291748047,164.22174072265625,175.7240447998047,169.38186645507812,152.69703674316406,141.03720092773438,131.4279327392578,124.53623962402344
2025-02-04,123.37279510498047,116.43598937988281,114.08451080322266,111.68252563476562,122.39042663574219,134.287109375,147.01553344726562,152.4772491455078,135.04449462890625,120.07716369628906,107.67790222167969,105.42207336425781,102.27564239501953,102.60298156738281,109.54656219482422,121.29460144042969,142.9473876953125,166.7455291748047,167.24142456054688,160.53378295898438,143.64768981933594,131.89154052734375,122.00389862060547,113.23982238769531
2025-02-05,121.869384765625,116.37438201904297,110.70858001708984,108.49500274658203,116.91050720214844,133.57208251953125,150.03762817382812,143.85525512695312,119.77758026123047,93.49202728271484,81.70195007324219,75.99156188964844,70.9379653930664,67.12115478515625,73.57081604003906,90.05226135253906,122.51858520507812,157.8706512451172,180.0180206298828,176.42813110351562,156.61257934570312,140.89962768554688,129.7943572998047,119.975341796875
2025-02-06,126.79788208007812,120.6144027709961,117.29981231689453,119.83817291259766,131.3932647705078,149.0994873046875,166.16885375976562,162.8763885498047,131.12887573242188,107.50581359863281,96.51900482177734,91.62939453125,87.70236206054688,85.46656036376953,90.90157318115234,108.33271026611328,141.32174682617188,176.42257690429688,192.6709747314453,181.874267578125,159.09530639648438,145.51824951171875,135.46926879882812,126.76506805419922
2025-02-07,117.23434448242188,114.3282470703125,109.69831085205078,108.30797576904297,117.0233154296875,137.2362518310547,148.92434692382812,144.47366333007812,114.19432067871094,86.57012176513672,77.80992126464844,71.97472381591797,64.91485595703125,61.24932861328125,64.96631622314453,77.25338745117188,107.27201843261719,146.46743774414062,161.990966796875,156.85084533691406,138.05221557617188,124.01689147949219,113.00364685058594,104.44090270996094
2025-02-08,101.68508911132812,96.5175552368164,92.28364562988281,92.17809295654297,98.29499053955078,110.07755279541016,114.21830749511719,106.28156280517578,85.29161071777344,63.92772674560547,55.825958251953125,52.948917388916016,50.76396942138672,47.4117546081543,54.01610565185547,68.66819763183594,98.87996673583984,132.6763916015625,153.98709106445312,159.42550659179688,147.29542541503906,136.11215209960938,127.62928771972656,117.92920684814453
2025-02-09,118.35597229003906,112.67286682128906,110.45551300048828,110.60185241699219,118.08053588867188,126.3934097290039,133.51907348632812,128.64044189453125,113.34192657470703,98.26759338378906,90.50764465332031,87.1793212890625,82.05814361572266,80.76939392089844,85.3222427368164,99.8101806640625,125.36396026611328,156.86077880859375,170.35409545898438,169.280029296875,155.15061950683594,145.4380340576172,136.79376220703125,129.513916015625
2025-02-10,112.70794677734375,108.75775909423828,105.69441986083984,107.10057067871094,115.45317077636719,133.41566467285156,147.70773315429688,147.2511749267578,130.53480529785156,112.67018127441406,102.52708435058594,99.82223510742188,98.53911590576172,98.38102722167969,101.11582946777344,115.49527740478516,136.5545654296875,156.57217407226562,167.56942749023438,163.1500244140625,142.62158203125,132.50808715820312,125.82444763183594,118.61430358886719
2025-02-11,111.53257751464844,105.45172119140625,102.30332946777344,102.0018310546875,112.10481262207031,128.16204833984375,146.37493896484375,152.68646240234375,136.6361083984375,116.16944885253906,105.41694641113281,103.50155639648438,97.87371063232422,97.53297424316406,101.67784881591797,113.95797729492188,138.1304931640625,163.33816528320312,173.40652465820312,168.6929473876953,152.2735137939453,136.48094177246094,126.875732421875,115.45951843261719
2025-02-12,114.27667999267578,111.33570861816406,108.36311340332031,108.14170837402344,119.3265380859375,135.84759521484375,152.32269287109375,150.1526641845703,127.57242584228516,106.1473388671875,96.24452209472656,90.77383422851562,85.16705322265625,82.17047119140625,85.78240203857422,96.54411315917969,123.10051727294922,153.97776794433594,171.37696838378906,168.39382934570312,147.24655151367188,132.91244506835938,121.76962280273438,109.90843963623047
2025-02-13,115.34326171875,109.5128402709961,106.84040832519531,108.16152954101562,119.99398803710938,135.7749481201172,153.43435668945312,152.23428344726562,129.4268798828125,108.93649291992188,100.94940948486328,95.91346740722656,92.98995971679688,91.1384506225586,95.7361068725586,109.52510070800781,139.15841674804688,173.2671356201172,195.99562072753906,192.0874786376953,170.01190185546875,153.03591918945312,144.73036193847656,133.1328582763672
2025-02-14,117.52020263671875,112.67521667480469,112.17791748046875,110.32916259765625,117.94905090332031,134.48068237304688,145.05673217773438,139.06765747070312,113.84413146972656,92.79923248291016,84.97029113769531,82.58037567138672,77.9818344116211,75.43756103515625,80.52405548095703,94.05754089355469,122.19347381591797,156.97683715820312,179.48858642578125,181.9482879638672,163.64813232421875,149.27554321289062,145.01992797851562,135.52667236328125
2025-02-15,115.79364013671875,111.90108489990234,108.20764923095703,106.77513122558594,112.43893432617188,123.95268249511719,137.17967224121094,126.1316909790039,99.30540466308594,78.07794189453125,63.64789962768555,58.721099853515625,55.64836883544922,52.73322296142578,54.82406997680664,71.78811645507812,107.65435791015625,147.13963317871094,167.9685516357422,168.42881774902344,145.7334442138672,137.30490112304688,121.71369934082031,111.27897644042969
2025-02-16,93.2069320678711,89.46247863769531,89.992431640625,87.10586547851562,91.23652648925781,102.10098266601562,102.23086547851562,93.96976470947266,69.71315002441406,54.488460540771484,46.19257354736328,39.9907112121582,35.767051696777344,34.80008316040039,36.41581344604492,53.08491516113281,86.85578918457031,122.12673950195312,148.1141357421875,151.75619506835938,138.68173217773438,123.91133880615234,118.82197570800781,105.7484359741211
2025-02-17,115.46212768554688,111.83753967285156,109.95195770263672,110.25697326660156,124.63593292236328,142.9016571044922,159.43087768554688,156.00135803222656,134.85223388671875,114.86776733398438,103.40216827392578,103.39545440673828,97.78984832763672,94.34603881835938,97.17929077148438,110.03339385986328,133.45372009277344,162.9521484375,183.49549865722656,177.0228271484375,153.97010803222656,139.3968048095703,130.73219299316406,124.05906677246094
2025-02-18,102.8375473022461,98.63977813720703,96.0132064819336,96.03321075439453,108.00909423828125,127.97545623779297,144.88919067382812,139.0810089111328,112.32246398925781,93.37515258789062,80.47900390625,75.86258697509766,70.2100830078125,69.63992309570312,73.19190979003906,88.68003845214844,114.290283203125,149.35818481445312,170.84327697753906,166.0593719482422,143.83409118652344,130.34384155273438,119.831298828125,109.626220703125
2025-02-19,104.6056137084961,99.58661651611328,97.0289535522461,98.35377502441406,107.516357421875,126.60670471191406,141.96624755859375,138.88084411621094,117.04310607910156,102.54361724853516,95.35275268554688,90.62693786621094,86.74327850341797,86.66974639892578,89.3283462524414,102.79508209228516,120.97093200683594,144.9074249267578,161.98916625976562,157.5919647216797,139.05072021484375,126.96900177001953,119.56051635742188,112.895263671875
2025-02-20,100.15312957763672,92.77849578857422,88.27303314208984,86.57526397705078,97.69975280761719,116.11595153808594,135.31446838378906,131.14854431152344,106.04815673828125,81.82809448242188,68.18241882324219,63.036598205566406,57.43688201904297,53.793174743652344,59.881805419921875,75.28514862060547,106.05026245117188,141.44471740722656,162.14859008789062,154.62258911132812,133.00282287597656,119.53052520751953,107.95482635498047,97.4942855834961
2025-02-21,48.60099411010742,42.94004821777344,41.0260124206543,39.08731460571289,48.415218353271484,66.09819030761719,83.86508178710938,81.21778869628906,63.383689880371094,39.42279052734375,22.14977264404297,16.400726318359375,15.186920166015625,13.26605224609375,15.888130187988281,34.09265899658203,56.63942337036133,87.50831604003906,106.08966064453125,102.46741485595703,87.13160705566406,75.40025329589844,64.57295227050781,52.80899429321289
2025-02-22,58.1472053527832,52.329071044921875,50.94778060913086,51.6064567565918,56.104209899902344,69.15066528320312,81.47926330566406,83.44403839111328,67.8946533203125,55.8276481628418,50.41884994506836,49.72487258911133,45.99619674682617,46.0533561706543,46.1454963684082,60.75965118408203,85.26178741455078,106.18807983398438,122.38044738769531,126.1484146118164,114.5843505859375,104.78971099853516,97.85499572753906,92.0838394165039
2025-02-23,82.41477966308594,78.11629486083984,76.7572021484375,76.18885803222656,78.8471450805664,87.62843322753906,95.31924438476562,82.98793029785156,54.23323059082031,30.833545684814453,21.360084533691406,12.8623046875,9.490592956542969,6.552589416503906,12.241363525390625,32.80753707885742,66.75680541992188,103.88516235351562,136.65899658203125,146.15756225585938,129.65956115722656,114.36479187011719,105.91600799560547,99.39075469970703
2025-02-24,66.2742691040039,61.87118148803711,56.824947357177734,54.56336212158203,62.480167388916016,79.80816650390625,96.35243225097656,91.0787353515625,71.76283264160156,55.73423385620117,43.26988220214844,33.956722259521484,31.7366943359375,28.43465805053711,28.588104248046875,41.78612518310547,64.22869873046875,87.92704772949219,107.72835540771484,100.58055114746094,84.29684448242188,69.89080810546875,60.30927276611328,49.79110336303711
2025-02-25,61.12495040893555,56.43054962158203,55.388816833496094,56.665184020996094,70.39251708984375,92.10693359375,112.43632507324219,114.05365753173828,96.11896514892578,80.39167022705078,73.47665405273438,68.43706512451172,65.3122787475586,67.79594421386719,71.78700256347656,83.92424011230469,104.59774780273438,127.16429901123047,145.7493896484375,144.86163330078125,126.35108184814453,112.02904510498047,101.96394348144531,94.84468078613281
2025-02-26,93.01787567138672,88.33283233642578,83.83244323730469,86.3236083984375,94.92463684082031,112.20083618164062,125.7540283203125,119.54730987548828,96.20005798339844,79.89479064941406,70.6621322631836,64.16810607910156,60.66815948486328,61.11113739013672,64.50387573242188,83.16228485107422,105.78963470458984,141.26234436035156,164.17901611328125,164.6547393798828,144.19662475585938,132.149169921875,124.61033630371094,115.76600646972656
2025-02-27,109.46106719970703,104.97689056396484,103.62876892089844,105.51332092285156,111.21623992919922,129.3791046142578,142.2048797607422,138.37550354003906,114.75078582763672,96.13226318359375,85.8440933227539,83.8375015258789,81.49492645263672,79.80225372314453,84.10323333740234,96.52809143066406,119.48920440673828,145.1785125732422,155.54684448242188,151.44915771484375,136.0386199951172,125.47604370117188,114.1837387084961,108.062744140625
2025-02-28,102.5770034790039,99.55123901367188,94.79285430908203,94.36407470703125,100.87334442138672,111.49488830566406,118.46403503417969,115.79319763183594,102.7666244506836,88.83019256591797,81.02588653564453,76.16282653808594,71.37307739257812,68.05902099609375,69.62696838378906,79.47926330566406,97.79780578613281,116.60682678222656,128.81362915039062,127.58539581298828,116.26251220703125,107.0308837890625,98.382568359375,88.41780090332031
2025-03-01,94.26434326171875,90.00462341308594,85.81095886230469,85.5659408569336,89.44183349609375,96.83805847167969,102.99590301513672,98.41651153564453,81.69169616699219,64.94831848144531,57.19965744018555,50.11444091796875,45.81435012817383,44.393672943115234,44.98591613769531,56.159820556640625,75.04203796386719,98.90021514892578,114.99476623535156,115.05009460449219,107.17361450195312,98.28924560546875,87.33078002929688,77.54585266113281
2025-03-02,58.3059196472168,53.38652801513672,50.98731231689453,54.307804107666016,56.55854034423828,66.03347778320312,71.48824310302734,72.32669067382812,69.22061157226562,61.038230895996094,60.95573425292969,56.280052185058594,53.2994384765625,52.39634704589844,53.178199768066406,64.39871978759766,79.66372680664062,94.16915130615234,104.20018005371094,109.06381225585938,102.8200454711914,93.56149291992188,90.22319030761719,82.60999298095703
2025-03-03,73.12261962890625,69.7777099609375,67.17422485351562,66.921630859375,73.69086456298828,85.61040496826172,101.45039367675781,108.26970672607422,97.8149642944336,88.73747253417969,80.48637390136719,77.70459747314453,73.75051879882812,72.55644226074219,76.73270416259766,85.59566497802734,102.06289672851562,113.05711364746094,120.35039520263672,115.87904357910156,105.90666961669922,94.67916107177734,84.81238555908203,78.85163879394531
2025-03-04,92.38275909423828,87.42931365966797,83.86801147460938,83.80403137207031,92.28360748291016,105.81143188476562,119.06161499023438,119.77076721191406,106.95140075683594,96.8535385131836,88.76953125,84.61217498779297,81.39643096923828,78.04729461669922,82.1319351196289,91.71379089355469,106.15740966796875,121.62162017822266,131.0228271484375,131.33425903320312,119.17524719238281,109.02220153808594,102.03788757324219,96.19957733154297
2025-03-05,82.52517700195312,78.3401870727539,75.4262924194336,74.28569793701172,81.54244232177734,96.8433609008789,112.24102020263672,115.5423812866211,102.54877471923828,87.95941925048828,79.29790496826172,74.75731658935547,72.67308044433594,71.40379333496094,74.65046691894531,87.01000213623047,103.9246826171875,120.33210754394531,131.15274047851562,126.0242919921875,114.35698699951172,103.46475219726562,94.04544067382812,85.272705078125
2025-03-06,68.16216278076172,63.154258728027344,62.34272384643555,61.69868469238281,72.01155090332031,86.36717224121094,100.384521484375,100.63748168945312,90.64691925048828,78.91499328613281,72.26911926269531,69.72644805908203,66.143310546875,65.04637908935547,69.1917495727539,78.63679504394531,97.81219482421875,115.95401000976562,129.21620178222656,129.49041748046875,114.82659149169922,104.13487243652344,99.3089370727539,92.03848266601562
2025-03-07,72.11671447753906,68.6693115234375,66.9430923461914,65.66761779785156,69.55419921875,79.89498138427734,87.02989196777344,81.27412414550781,69.84532928466797,57.9899787902832,47.565704345703125,40.741973876953125,36.433170318603516,29.612464904785156,29.680042266845703,32.05325698852539,50.034889221191406,66.2282485961914,80.11548614501953,79.20469665527344,73.90879821777344,62.51038360595703,51.314674377441406,43.49594497680664
2025-03-08,25.785079956054688,22.07550811767578,23.11431884765625,24.767974853515625,26.088485717773438,31.66199493408203,33.2071533203125,26.034217834472656,17.216575622558594,15.327072143554688,11.373207092285156,12.458595275878906,11.908073425292969,10.530914306640625,12.271133422851562,12.232391357421875,27.51555633544922,36.092315673828125,57.79187774658203,61.888465881347656,62.331214904785156,57.05878448486328,49.743350982666016,40.129722595214844
2025-03-09,22.16320037841797,18.09137725830078,18.823158264160156,20.932472229003906,21.379913330078125,27.371963500976562,47.392250061035156,39.58282470703125,22.698944091796875,13.303504943847656,11.026222229003906,10.441795349121094,10.735542297363281,11.983512878417969,15.971138000488281,28.888275146484375,49.23849868774414,75.65708923339844,92.871826171875,104.35499572753906,94.48086547851562,85.06668090820312,77.18008422851562,69.57064819335938
2025-03-10,76.8820571899414,74.82833862304688,72.14818572998047,71.42913818359375,78.7590560913086,90.80377960205078,98.48994445800781,100.90829467773438,88.61210632324219,78.9220199584961,70.67303466796875,67.39025115966797,62.08470916748047,60.49839401245117,61.902156829833984,68.88679504394531,83.36412048339844,95.25547790527344,106.20923614501953,105.054443359375,95.96775817871094,85.54521942138672,75.0311279296875,67.90017700195312
2025-03-11,76.57852172851562,73.15856170654297,71.16619110107422,71.57063293457031,78.67266845703125,95.96552276611328,110.12714385986328,110.9018325805664,96.92821502685547,86.1114501953125,79.25322723388672,75.44276428222656,73.32115936279297,71.57059478759766,74.48249816894531,84.79915618896484,100.52998352050781,115.6514892578125,126.17264556884766,125.95539093017578,112.30663299560547,101.76533508300781,92.08024597167969,85.58265686035156
2025-03-12,85.1115493774414,82.44092559814453,80.18404388427734,79.86164855957031,89.73223114013672,104.21892547607422,116.11260223388672,112.53006744384766,95.21941375732422,80.89130401611328,72.13447570800781,68.6051025390625,66.24161529541016,66.56153869628906,70.27611541748047,83.30606079101562,103.51335144042969,122.17035675048828,135.26138305664062,134.480712890625,121.23973083496094,111.1624755859375,104.13532257080078,98.52782440185547
2025-03-13,104.65280151367188,102.58031463623047,100.22119903564453,100.20929718017578,104.57335662841797,114.01091003417969,121.41891479492188,122.60240936279297,115.75731658935547,105.45213317871094,98.71143341064453,94.23295593261719,91.45149230957031,88.77159118652344,88.05878448486328,96.25469207763672,107.45433044433594,116.96090698242188,121.1886978149414,117.48273468017578,111.4571533203125,103.07284545898438,95.9191665649414,89.33885192871094
2025-03-14,66.82331848144531,64.081298828125,59.1814079284668,59.300594329833984,62.019378662109375,69.38751220703125,74.2522964477539,72.81517791748047,64.8861083984375,56.901126861572266,51.81163787841797,50.399993896484375,45.22468185424805,47.35477828979492,46.87705612182617,54.94358825683594,70.94409942626953,87.02915954589844,101.292236328125,105.68415069580078,100.51112365722656,91.43792724609375,84.35205841064453,78.06723022460938
2025-03-15,72.48540496826172,71.92083740234375,68.54204559326172,66.5804214477539,69.67255401611328,78.09986877441406,74.360107421875,60.60613250732422,36.567161560058594,14.417045593261719,11.475616455078125,12.55450439453125,12.355094909667969,9.474456787109375,10.577919006347656,28.564212799072266,62.00019836425781,93.41557312011719,118.14958953857422,126.86971282958984,117.02661895751953,106.910888671875,99.53389739990234,94.21397399902344
2025-03-16,84.622802734375,82.19092559814453,78.65499877929688,79.9591064453125,84.62985229492188,91.06037902832031,95.42325592041016,86.50863647460938,61.73151397705078,46.91649627685547,37.74687576293945,38.16651153564453,36.976478576660156,35.55912399291992,38.544681549072266,53.82488250732422,81.01995849609375,107.61222839355469,129.53834533691406,131.67184448242188,120.85728454589844,111.8952865600586,104.88714599609375,98.69524383544922
2025-03-17,81.81727600097656,79.22319793701172,76.23284149169922,76.40333557128906,85.888671875,101.56061553955078,117.56939697265625,117.20938110351562,99.38642883300781,86.61219787597656,74.98402404785156,70.30526733398438,66.8282699584961,65.70252227783203,68.02159881591797,78.58668518066406,94.7513656616211,114.15574645996094,128.11087036132812,122.42547607421875,105.9581069946289,92.81480407714844,81.3228759765625,72.87271118164062
2025-03-18,63.24684524536133,58.638389587402344,57.78278350830078,58.11372375488281,68.98591613769531,84.26583862304688,99.72427368164062,101.8768081665039,86.075439453125,72.34883880615234,64.23773956298828,60.14366149902344,56.56987762451172,56.485328674316406,58.15922164916992,71.8840103149414,88.61329650878906,111.27774047851562,125.10214233398438,122.96319580078125,108.72518157958984,96.6502456665039,87.00018310546875,78.51144409179688
2025-03-19,34.5649528503418,36.16801452636719,32.97787857055664,27.991775512695312,32.832847595214844,43.74401092529297,53.39659118652344,37.220741271972656,12.1005859375,-7.112396240234375,-14.043464660644531,-22.15526580810547,-19.996566772460938,-22.816566467285156,-19.395957946777344,-20.849342346191406,7.498878479003906,46.73750305175781,76.86943054199219,77.30772399902344,53.02410888671875,38.12785339355469,23.702049255371094,8.393867492675781
2025-03-20,10.860008239746094,6.6159820556640625,4.4487762451171875,5.141883850097656,9.830390930175781,15.455398559570312,35.08257293701172,32.533721923828125,18.42194366455078,8.678321838378906,0.4794464111328125,1.261444091796875,-1.33868408203125,-4.316612243652344,1.4608001708984375,4.47125244140625,21.269004821777344,45.51287078857422,63.304779052734375,71.29924011230469,56.65369415283203,43.24188995361328,31.08409881591797,20.662689208984375
2025-03-21,-5.792533874511719,-8.715095520019531,-9.143562316894531,-4.340606689453125,4.445457458496094,15.848175048828125,28.818557739257812,16.000396728515625,-3.2360687255859375,-9.422683715820312,-10.299797058105469,-11.291030883789062,-10.817642211914062,-13.843620300292969,-13.571067810058594,-12.11309814453125,-5.275657653808594,14.854537963867188,43.84844970703125,57.31370544433594,44.15113830566406,31.94603729248047,21.956321716308594,20.061134338378906
2025-03-22,14.09405517578125,6.589622497558594,10.841064453125,5.552345275878906,4.2637786865234375,6.768890380859375,7.3063507080078125,9.493629455566406,-0.92547607421875,-10.8763427734375,-1.9354400634765625,-4.287223815917969,-0.8445053100585938,-5.6914825439453125,1.1239242553710938,1.5637054443359375,11.671607971191406,31.475906372070312,56.404136657714844,61.5020751953125,46.88090515136719,36.61549377441406,36.371604919433594,26.053939819335938
2025-03-23,28.338134765625,23.303817749023438,21.395355224609375,21.528106689453125,23.81641387939453,28.112266540527344,22.36309814453125,21.783348083496094,20.7940673828125,5.841606140136719,6.888191223144531,5.503730773925781,4.6508026123046875,7.0316314697265625,11.795967102050781,21.800811767578125,40.37815856933594,53.50581359863281,70.62354278564453,77.85919189453125,71.5072250366211,61.377193450927734,58.836326599121094,52.700172424316406
2025-03-24,32.60669708251953,27.78107452392578,27.933792114257812,32.414512634277344,39.69847869873047,60.80515670776367,77.46255493164062,72.1128158569336,49.244510650634766,31.842079162597656,19.01409149169922,20.77465057373047,20.4677734375,18.627094268798828,17.483978271484375,26.150344848632812,52.538387298583984,72.80061340332031,106.78235626220703,108.9400634765625,84.19882202148438,70.74385070800781,58.21845626831055,48.9820556640625
2025-03-25,36.89549255371094,30.250686645507812,30.163658142089844,33.665016174316406,44.85157775878906,63.30271911621094,80.87689208984375,72.19689178466797,47.267303466796875,28.790306091308594,18.703025817871094,17.72583770751953,19.162784576416016,18.35330581665039,23.231483459472656,34.80237579345703,57.162315368652344,86.69097900390625,110.3337631225586,112.49952697753906,96.20502471923828,83.08769226074219,77.03202819824219,68.27588653564453
2025-03-26,44.973602294921875,40.41593933105469,39.432823181152344,39.91735076904297,43.12269973754883,58.90848159790039,67.94322204589844,50.53497314453125,23.394622802734375,3.8460006713867188,-2.45098876953125,-11.549263000488281,-12.421348571777344,-13.281089782714844,-12.956771850585938,-0.08937835693359375,18.828765869140625,56.72795486450195,87.48863220214844,92.24057006835938,82.3218002319336,72.28048706054688,57.148441314697266,52.51725387573242
2025-03-27,57.30550003051758,53.01736831665039,48.587589263916016,50.2845458984375,55.08158874511719,67.77841186523438,68.18020629882812,60.20436096191406,35.3486213684082,28.899085998535156,28.152393341064453,22.94107437133789,25.387264251708984,19.68380355834961,21.65036392211914,33.39326477050781,45.26539611816406,71.84492492675781,96.42276763916016,113.49585723876953,99.2591552734375,88.44557189941406,80.23112487792969,73.59187316894531
2025-03-28,53.82535934448242,49.46860885620117,43.6463737487793,45.644317626953125,43.98599624633789,56.08768081665039,53.88576126098633,26.87751007080078,-4.784889221191406,-19.072494506835938,-23.872482299804688,-27.82818603515625,-32.413604736328125,-26.037338256835938,-21.75511932373047,-15.63037109375,-4.509559631347656,33.30121612548828,61.65062713623047,75.96986389160156,70.55400848388672,56.825477600097656,50.440250396728516,41.217926025390625
2025-03-29,-6.014030456542969,-16.252296447753906,-18.729721069335938,-6.6778106689453125,-1.0710906982421875,5.2671661376953125,1.7160797119140625,-12.828788757324219,-41.90685272216797,-47.006080627441406,-36.86939239501953,-30.37958526611328,-29.91175079345703,-29.114295959472656,-25.733917236328125,-34.7518310546875,-40.074806213378906,-13.559234619140625,15.521499633789062,23.5816650390625,17.006637573242188,7.997779846191406,-8.434196472167969,1.4767532348632812
2025-03-30,-6.3063507080078125,-17.17755889892578,-19.878158569335938,-13.432815551757812,-12.007987976074219,-5.541831970214844,-5.9647979736328125,-28.836204528808594,-34.88043975830078,-42.222633361816406,-28.625778198242188,-28.62293243408203,-28.428909301757812,-24.828163146972656,-25.210983276367188,-23.109275817871094,-23.89289093017578,9.46942138671875,61.891334533691406,75.30738067626953,60.4197998046875,48.54737854003906,31.721511840820312,19.954177856445312
2025-03-31,16.474227905273438,13.864494323730469,16.064170837402344,18.237098693847656,20.317039489746094,28.407081604003906,40.62592315673828,24.466087341308594,5.3835601806640625,5.177757263183594,4.149101257324219,2.7838973999023438,1.6041107177734375,1.2215194702148438,1.4492874145507812,15.395744323730469,26.987953186035156,55.54581832885742,74.36083984375,83.42605590820312,74.51266479492188,64.35034942626953,55.450199127197266,52.03786849975586
2025-04-01,58.618778228759766,54.57050323486328,54.2125358581543,56.38713073730469,65.75309753417969,89.08489990234375,104.73224639892578,86.10488891601562,52.02550506591797,30.523685455322266,27.58289337158203,23.36068344116211,21.112937927246094,23.964366912841797,30.554706573486328,35.50434875488281,57.453369140625,91.14899444580078,125.51852416992188,135.93698120117188,106.48408508300781,92.08966064453125,80.87887573242188,71.89276123046875
2025-04-02,46.55377197265625,43.031856536865234,41.497474670410156,43.21858215332031,47.378868103027344,63.40970230102539,67.26797485351562,48.03334426879883,25.121505737304688,14.729583740234375,1.19842529296875,0.9646759033203125,-7.1922454833984375,-8.09991455078125,-8.638656616210938,-1.2185516357421875,12.855865478515625,40.889373779296875,71.44083404541016,76.79658508300781,59.891380310058594,48.96832275390625,34.897735595703125,29.7886962890625
2025-04-03,24.61949920654297,21.7554931640625,20.82276153564453,22.917327880859375,33.316078186035156,39.29804992675781,46.38941192626953,41.523887634277344,30.690208435058594,19.780357360839844,17.320724487304688,12.742652893066406,4.949195861816406,8.328781127929688,9.943122863769531,12.312759399414062,24.655364990234375,45.39447784423828,63.77941131591797,70.96109771728516,53.947235107421875,47.29474639892578,29.869850158691406,19.035568237304688
2025-04-04,8.343765258789062,5.8939666748046875,3.5347824096679688,5.591072082519531,8.693702697753906,17.836936950683594,18.483108520507812,9.880409240722656,5.220252990722656,4.746681213378906,2.5004730224609375,4.53131103515625,5.6465301513671875,3.4363632202148438,-0.3332061767578125,3.2443313598632812,10.705902099609375,18.465530395507812,37.423439025878906,55.232948303222656,45.97918701171875,36.263427734375,26.71753692626953,17.55609893798828
2025-04-05,15.77105712890625,8.390640258789062,12.514236450195312,12.906875610351562,21.29698944091797,31.39678192138672,28.163314819335938,9.502647399902344,7.621818542480469,1.1933135986328125,-3.4624786376953125,-5.824821472167969,-6.4778594970703125,-10.402389526367188,-1.972015380859375,5.859214782714844,13.572128295898438,25.715744018554688,52.716651916503906,69.4727783203125,66.27503967285156,56.7688102722168,47.39851379394531,47.677513122558594
2025-04-06,45.91257095336914,46.59431076049805,43.256980895996094,47.962825775146484,51.08991622924805,53.12152099609375,48.59113311767578,37.636634826660156,28.73322296142578,23.366073608398438,24.794471740722656,21.33496856689453,20.56125259399414,20.602874755859375,19.589820861816406,21.43328094482422,29.179046630859375,47.258155822753906,62.94145965576172,73.71817016601562,64.99272155761719,56.7330322265625,52.74281692504883,42.978694915771484
2025-04-07,51.065399169921875,49.1901741027832,50.63880157470703,48.38046646118164,58.52259063720703,65.42047119140625,63.74237823486328,52.10991668701172,36.07550811767578,22.19446563720703,20.668678283691406,16.80982208251953,16.361282348632812,13.403999328613281,15.590606689453125,28.316875457763672,39.34506607055664,66.80662536621094,92.61344146728516,105.14216613769531,94.44236755371094,80.3665771484375,72.68142700195312,66.2645263671875
2025-04-08,67.09086608886719,64.34025573730469,62.46078109741211,60.26047897338867,69.42202758789062,85.09098815917969,87.2857666015625,68.79347229003906,40.13826370239258,26.797080993652344,17.000411987304688,15.628059387207031,11.824424743652344,11.623146057128906,13.595024108886719,27.038997650146484,49.65243911743164,76.88199615478516,107.46481323242188,114.95384216308594,101.30606842041016,90.08658599853516,80.40985107421875,76.22727966308594
2025-04-09,45.539798736572266,40.131649017333984,37.34782028198242,43.267303466796875,50.792240142822266,68.7305908203125,74.27230072021484,63.147132873535156,42.464630126953125,34.76359558105469,28.30819320678711,24.164813995361328,22.825340270996094,18.938518524169922,20.64496612548828,28.293792724609375,26.596534729003906,47.14983367919922,72.79884338378906,86.72277069091797,68.45404052734375,51.17296600341797,41.25115966796875,31.6195068359375
2025-04-10,24.805267333984375,26.838088989257812,22.292816162109375,19.76184844970703,32.304588317871094,39.9815673828125,41.295074462890625,32.337127685546875,19.28680419921875,11.654335021972656,11.096023559570312,11.309181213378906,6.748466491699219,6.634033203125,5.710823059082031,1.5836715698242188,7.422645568847656,20.88805389404297,37.182769775390625,45.704612731933594,36.89179229736328,16.06328582763672,7.171806335449219,6.331031799316406
2025-04-11,4.535560607910156,7.0433502197265625,10.837142944335938,8.6058349609375,18.151329040527344,39.715919494628906,37.01917266845703,25.666336059570312,2.9707183837890625,0.5566787719726562,-6.199714660644531,-2.0526657104492188,-2.9067459106445312,-10.746040344238281,3.6499862670898438,6.9691162109375,12.432518005371094,26.90991973876953,47.19868469238281,56.729949951171875,48.86962127685547,32.331520080566406,32.350746154785156,30.223236083984375
2025-04-12,30.634803771972656,29.271209716796875,27.313392639160156,26.981178283691406,31.446189880371094,44.82323455810547,48.6854248046875,42.28046417236328,26.328903198242188,23.57563018798828,23.920326232910156,17.721878051757812,19.806381225585938,18.155902862548828,14.612068176269531,20.033889770507812,30.1224365234375,44.318450927734375,70.9569091796875,82.07785034179688,74.11654663085938,57.56044387817383,56.90821838378906,47.859981536865234
2025-04-13,12.367515563964844,13.37701416015625,9.493209838867188,12.7584228515625,12.085205078125,11.792373657226562,13.764640808105469,7.582450866699219,-13.564804077148438,-13.336692810058594,-7.388847351074219,-9.350395202636719,-4.424461364746094,-9.378669738769531,-8.645553588867188,-10.143829345703125,0.40195465087890625,18.656455993652344,30.132858276367188,39.22644805908203,35.443443298339844,17.996292114257812,8.634223937988281,8.500038146972656
2025-04-14,34.63848114013672,36.29209518432617,33.250797271728516,40.920555114746094,36.413658142089844,46.630035400390625,47.20140075683594,26.706832885742188,15.799446105957031,13.374710083007812,7.728889465332031,2.5822372436523438,1.9527740478515625,1.7728424072265625,-4.860404968261719,-5.774620056152344,1.0349655151367188,18.851486206054688,38.118385314941406,45.615013122558594,39.63713073730469,34.728759765625,20.95563507080078,17.64836883544922
2025-04-15,7.752479553222656,7.095672607421875,10.189979553222656,13.188117980957031,17.71941375732422,30.116981506347656,29.009124755859375,27.976821899414062,15.270957946777344,11.6920166015625,9.682456970214844,10.36572265625,12.648063659667969,12.729019165039062,11.183639526367188,11.812904357910156,11.644287109375,13.937187194824219,41.21752166748047,50.845428466796875,43.79081726074219,38.65721893310547,27.79772186279297,27.047988891601562
2025-04-16,6.045707702636719,9.843505859375,12.719795227050781,12.813316345214844,11.398231506347656,19.89527130126953,8.867721557617188,1.7275009155273438,2.3408279418945312,-5.095252990722656,-1.1782989501953125,-1.0564498901367188,-5.119964599609375,-3.6914520263671875,-1.8144912719726562,-10.996635437011719,-10.707496643066406,-1.8833236694335938,23.90972900390625,39.03308868408203,38.337852478027344,26.348098754882812,21.76971435546875,21.793312072753906
2025-04-17,1.1693344116210938,-3.2877197265625,-6.249977111816406,-8.348960876464844,5.6353912353515625,24.899993896484375,22.78240966796875,9.70001220703125,3.3555831909179688,-1.941558837890625,-0.7497406005859375,-6.971839904785156,-7.99554443359375,-12.318191528320312,-12.476631164550781,-1.1532974243164062,9.217781066894531,31.97686004638672,49.31658935546875,60.73821258544922,58.634674072265625,45.188941955566406,37.22442626953125,31.61644744873047
2025-04-18,26.76386260986328,24.470809936523438,16.781227111816406,14.938957214355469,18.884750366210938,25.681846618652344,30.19049835205078,13.405876159667969,8.191047668457031,-1.4264450073242188,-1.6003341674804688,-5.07342529296875,-8.703018188476562,-6.8186492919921875,-7.590629577636719,-10.237876892089844,-3.2281951904296875,6.685455322265625,35.35484313964844,48.136253356933594,43.178131103515625,29.913543701171875,22.282020568847656,8.783103942871094
2025-04-19,-2.9963836669921875,-11.320060729980469,-11.082931518554688,-17.1007080078125,-13.016838073730469,-9.012229919433594,-13.703399658203125,-38.66722106933594,-38.34808349609375,-31.716880798339844,-30.771888732910156,-35.95037078857422,-33.27124786376953,-31.628158569335938,-32.508636474609375,-39.83453369140625,-44.24882507324219,-22.96600341796875,-16.871383666992188,10.714210510253906,13.019004821777344,-3.13323974609375,-15.949356079101562,-21.549278259277344
2025-04-20,8.655860900878906,7.280242919921875,2.996246337890625,7.9433746337890625,10.404266357421875,8.136123657226562,7.666969299316406,1.2665176391601562,2.6585540771484375,6.043327331542969,0.45015716552734375,-3.3985748291015625,-7.06268310546875,-4.284446716308594,-2.8489837646484375,5.0294952392578125,10.365287780761719,18.10381317138672,40.691612243652344,54.398773193359375,46.08135223388672,40.72747802734375,35.30329895019531,37.63006591796875
2025-04-21,40.344573974609375,38.98818588256836,40.81003952026367,43.96501541137695,44.79723358154297,55.995811462402344,58.44749069213867,56.83884811401367,47.82511901855469,42.20811462402344,40.702327728271484,41.07082748413086,42.27094650268555,37.02745819091797,36.990684509277344,43.1589241027832,56.69133758544922,67.68372344970703,82.54884338378906,92.40862274169922,84.12020874023438,72.54933166503906,71.01136016845703,64.95295715332031
2025-04-22,71.89932250976562,70.68529510498047,66.8804702758789,67.26785278320312,71.14222717285156,83.46926879882812,84.69882202148438,71.10301208496094,47.53183364868164,36.742347717285156,29.21441650390625,25.14495849609375,23.079307556152344,20.483013153076172,25.492660522460938,28.427738189697266,43.74770736694336,64.30078125,90.4930648803711,102.02143859863281,91.33436584472656,75.78529357910156,67.53036499023438,60.53295135498047
2025-04-23,63.6757926940918,59.697818756103516,55.37868881225586,55.36868667602539,63.02790451049805,73.30989837646484,73.64952850341797,52.98668670654297,33.726890563964844,20.579429626464844,17.422637939453125,13.962059020996094,13.830352783203125,7.794944763183594,10.607276916503906,19.501182556152344,26.442543029785156,48.67286682128906,76.31602478027344,90.06980895996094,83.68988037109375,72.81037902832031,60.95640182495117,56.57666015625
2025-04-24,51.35115051269531,45.886226654052734,46.19202423095703,44.514408111572266,52.235191345214844,56.81840515136719,45.09674835205078,20.612571716308594,-9.776329040527344,-17.160552978515625,-11.495742797851562,-12.882331848144531,-18.46753692626953,-15.078781127929688,-15.771446228027344,-6.8726348876953125,13.822898864746094,45.4993896484375,76.46713256835938,100.10356140136719,93.51302337646484,81.19452667236328,78.34918212890625,74.14532470703125
2025-04-25,60.88010025024414,60.14314270019531,56.998165130615234,57.06582260131836,62.366600036621094,63.951332092285156,51.802978515625,37.41571807861328,23.563323974609375,18.392532348632812,15.145957946777344,11.423385620117188,10.74969482421875,10.093765258789062,6.902015686035156,6.457939147949219,17.532188415527344,33.054771423339844,58.09186553955078,71.04075622558594,67.53506469726562,57.5500602722168,51.73685836791992,42.75151443481445
2025-04-26,7.273551940917969,12.125534057617188,5.950263977050781,11.137474060058594,11.020332336425781,0.4813690185546875,-8.046035766601562,-21.489501953125,-27.797409057617188,-15.383796691894531,-19.818199157714844,-17.61290740966797,-14.907669067382812,-21.549453735351562,-27.57970428466797,-37.86530303955078,-37.831825256347656,-30.652755737304688,12.093894958496094,46.268951416015625,47.69825744628906,21.4915771484375,8.490180969238281,-0.7481918334960938
2025-04-27,18.604156494140625,11.41790771484375,10.336502075195312,13.265098571777344,17.450523376464844,32.479034423828125,8.860618591308594,-12.348556518554688,-21.9757080078125,-21.386375427246094,-19.04632568359375,-18.41394805908203,-22.200660705566406,-22.78943634033203,-30.236663818359375,-26.040771484375,-19.02056121826172,-2.7692337036132812,25.901596069335938,57.81359100341797,48.153480529785156,33.33732604980469,32.21179962158203,30.119911193847656
2025-04-28,23.07794952392578,17.95673370361328,17.689918518066406,18.604827880859375,27.090286254882812,37.63294219970703,33.915489196777344,21.438827514648438,2.411224365234375,-13.382896423339844,-13.305130004882812,-23.574546813964844,-20.73485565185547,-13.583816528320312,-21.762680053710938,-21.564666748046875,-14.047782897949219,3.3308792114257812,39.603919982910156,67.42853546142578,48.60200500488281,29.56951904296875,26.05597686767578,18.67413330078125
2025-04-29,14.837821960449219,12.669929504394531,6.336334228515625,9.958641052246094,19.20813751220703,31.944961547851562,24.91766357421875,20.1920166015625,15.354026794433594,5.74072265625,2.8953399658203125,-1.3109970092773438,-0.33493804931640625,1.0188827514648438,6.861167907714844,6.808143615722656,12.714218139648438,17.80449676513672,40.356109619140625,54.69097900390625,47.37821960449219,31.525733947753906,23.90686798095703,18.459884643554688
2025-04-30,20.416854858398438,13.940277099609375,21.991615295410156,18.140769958496094,20.982315063476562,39.508323669433594,36.292144775390625,19.34770965576172,12.744354248046875,8.846908569335938,14.7633056640625,8.970909118652344,12.65362548828125,11.663642883300781,11.617851257324219,15.979972839355469,14.116416931152344,26.00731658935547,41.59931945800781,57.55279541015625,52.141563415527344,44.89483642578125,42.210548400878906,33.027923583984375
2025-05-01,40.38732147216797,37.05521011352539,34.631717681884766,37.5671501159668,39.456661224365234,46.71428680419922,46.13134765625,31.807212829589844,26.525291442871094,19.776710510253906,17.818939208984375,15.264266967773438,14.7730712890625,13.258621215820312,16.554176330566406,15.670639038085938,16.989059448242188,27.460365295410156,43.431739807128906,63.61228942871094,55.83538818359375,48.347625732421875,41.14051055908203,37.69013214111328
2025-05-02,4.4513092041015625,6.7114105224609375,1.8211212158203125,8.426994323730469,17.587631225585938,24.343856811523438,26.134498596191406,10.497734069824219,2.2403640747070312,-0.639495849609375,5.102195739746094,6.841041564941406,0.99041748046875,-2.14276123046875,-0.13295745849609375,4.810188293457031,12.620468139648438,20.745330810546875,49.328392028808594,66.12003326416016,57.85777282714844,47.55792999267578,41.84716796875,35.64164733886719
2025-05-03,23.96710205078125,25.06237030029297,25.41413116455078,23.041732788085938,29.58582305908203,28.628158569335938,16.84972381591797,4.601295471191406,-5.836051940917969,-2.0410308837890625,-2.37396240234375,-0.4498138427734375,-2.7382125854492188,-1.4011306762695312,-1.8372116088867188,-2.2505569458007812,-0.7005233764648438,9.468185424804688,34.211448669433594,58.06782531738281,56.55696105957031,41.639808654785156,41.06703186035156,37.180328369140625
2025-05-04,19.03553009033203,18.36774444580078,22.39960479736328,22.937637329101562,17.62689208984375,31.560585021972656,29.383323669433594,16.68787384033203,-5.3033447265625,2.4803848266601562,-2.3416290283203125,-8.75408935546875,-13.365585327148438,-20.946533203125,-18.358551025390625,-10.990364074707031,-17.77593994140625,4.4283294677734375,25.189544677734375,43.43181610107422,44.383567810058594,37.41986083984375,28.9163818359375,25.382843017578125
2025-05-05,17.30297088623047,9.771400451660156,12.104301452636719,13.428726196289062,17.68968963623047,21.129562377929688,19.98797607421875,12.127326965332031,8.262771606445312,10.0838623046875,2.3065567016601562,5.615631103515625,1.2714157104492188,-5.024208068847656,-3.2433242797851562,-2.6262664794921875,0.6827774047851562,12.722488403320312,24.11182403564453,31.445465087890625,37.946266174316406,29.947608947753906,23.179840087890625,23.64958953857422
2025-05-06,16.467262268066406,14.455001831054688,11.41900634765625,9.922958374023438,12.034965515136719,20.906051635742188,29.427879333496094,21.938064575195312,15.918540954589844,13.135452270507812,10.836471557617188,6.76318359375,7.8582611083984375,10.193153381347656,11.652374267578125,8.238121032714844,17.96129608154297,24.476547241210938,36.296775817871094,56.16808319091797,48.92121887207031,33.16352081298828,27.255348205566406,24.900291442871094
2025-05-07,7.561859130859375,4.6484222412109375,5.6143798828125,10.454322814941406,9.526252746582031,15.890289306640625,28.29998016357422,31.12004852294922,10.332168579101562,8.655448913574219,6.9643096923828125,5.782203674316406,3.0679397583007812,10.209983825683594,10.190704345703125,15.398681640625,22.344749450683594,34.57655334472656,48.7568359375,66.1500473022461,58.432525634765625,46.894508361816406,37.504737854003906,34.302101135253906
2025-05-08,17.101280212402344,15.629631042480469,18.204757690429688,18.746925354003906,24.167633056640625,30.436065673828125,28.74311065673828,22.25263214111328,18.568893432617188,9.428802490234375,8.756416320800781,4.651985168457031,5.319252014160156,3.6407394409179688,7.65911865234375,9.564315795898438,18.664871215820312,27.499305725097656,46.22090148925781,59.83130645751953,53.53704071044922,46.651222229003906,30.97917938232422,29.087203979492188
2025-05-09,31.36779022216797,24.82324981689453,25.21033477783203,25.399635314941406,18.0909423828125,29.843368530273438,31.08252716064453,19.836761474609375,13.355476379394531,17.41301727294922,6.877799987792969,10.343902587890625,4.06024169921875,4.8641204833984375,2.6239013671875,-0.02060699462890625,5.9894561767578125,22.29694366455078,43.26287078857422,65.13407135009766,59.062461853027344,50.56714630126953,42.41759490966797,35.28569030761719
2025-05-10,2.1454925537109375,-2.2674636840820312,-4.644599914550781,1.8343429565429688,9.638633728027344,12.485725402832031,4.42864990234375,4.615119934082031,-16.711807250976562,-18.639114379882812,-12.273353576660156,-7.638816833496094,-11.851387023925781,-9.982284545898438,-8.359649658203125,-7.514640808105469,-7.9991455078125,1.5137939453125,37.30015563964844,56.12483215332031,43.46398162841797,28.330429077148438,19.801605224609375,19.83435821533203
2025-05-11,20.687088012695312,7.885795593261719,8.530494689941406,18.866500854492188,13.607749938964844,18.031471252441406,-17.988372802734375,-42.24546813964844,-34.449302673339844,-43.434715270996094,-37.04426574707031,-39.99787902832031,-33.92041015625,-34.979530334472656,-34.35566711425781,-34.91123962402344,-26.684860229492188,-17.65362548828125,23.113327026367188,38.54621124267578,29.425155639648438,29.112960815429688,4.7913055419921875,-4.456108093261719
2025-05-12,7.37158203125,2.8684005737304688,1.6878509521484375,9.418266296386719,18.809410095214844,32.514442443847656,36.50775146484375,14.499412536621094,-4.254539489746094,-5.529426574707031,-9.05548095703125,-2.3473281860351562,-2.1850967407226562,0.6779937744140625,-0.0399932861328125,5.222038269042969,6.3003997802734375,21.1595458984375,48.67206573486328,72.14837646484375,58.742401123046875,36.6181640625,41.922401428222656,34.559471130371094
2025-05-13,44.36859130859375,43.10154724121094,40.18836975097656,41.76125717163086,48.52957534790039,61.310462951660156,68.09275817871094,46.845619201660156,31.699020385742188,22.449851989746094,21.89557647705078,18.15868377685547,18.905200958251953,15.487266540527344,14.902061462402344,21.851707458496094,33.40711975097656,49.553443908691406,72.44927215576172,92.08535766601562,81.22824096679688,66.22773742675781,55.44290542602539,51.66755294799805
2025-05-14,49.65369415283203,47.29086685180664,42.927696228027344,44.12077331542969,49.94138717651367,60.23414611816406,62.5074577331543,44.39588165283203,31.883453369140625,23.064712524414062,18.533416748046875,16.845306396484375,15.200790405273438,15.349227905273438,15.061553955078125,16.8594970703125,24.003875732421875,46.73987579345703,69.3198013305664,78.32803344726562,70.9949951171875,63.03401184082031,55.41447448730469,50.181758880615234
2025-05-15,18.693321228027344,12.76580810546875,15.311767578125,11.237098693847656,20.30096435546875,24.286460876464844,2.9112701416015625,-0.46588134765625,-0.8270950317382812,-4.811027526855469,-2.2123260498046875,-9.208686828613281,-3.2476654052734375,2.489990234375,-3.975128173828125,-9.241584777832031,-16.54804229736328,-23.71612548828125,0.1404876708984375,21.391380310058594,16.53649139404297,6.9693450927734375,-3.4206466674804688,-3.2960662841796875
2025-05-16,4.8325958251953125,-1.1214752197265625,-6.981025695800781,-3.9836273193359375,3.283294677734375,14.325660705566406,2.2705154418945312,-3.9324722290039062,-12.642250061035156,-12.71600341796875,-12.3004150390625,-10.727149963378906,-11.617225646972656,-7.846290588378906,-8.468658447265625,-3.2158203125,2.117919921875,5.3458404541015625,33.54518127441406,49.785743713378906,42.52684020996094,35.50499725341797,17.052444458007812,18.921531677246094
2025-05-17,10.191658020019531,17.646530151367188,13.764854431152344,8.299148559570312,13.942245483398438,12.109535217285156,0.2654266357421875,-1.9062423706054688,-11.205429077148438,-10.387474060058594,-6.526336669921875,-11.853363037109375,-5.411689758300781,0.9921035766601562,-3.0600051879882812,0.36626434326171875,-4.81494140625,-1.7246170043945312,18.627952575683594,42.756019592285156,34.253173828125,29.569419860839844,29.584732055664062,29.358444213867188
2025-05-18,8.960777282714844,7.60797119140625,6.706085205078125,11.61114501953125,4.327430725097656,17.995864868164062,4.717903137207031,-10.317047119140625,-12.474205017089844,-8.8701171875,-8.817008972167969,-13.285736083984375,-15.544342041015625,-9.570945739746094,-7.377189636230469,0.7544784545898438,-11.916435241699219,-6.345428466796875,8.499946594238281,26.991310119628906,30.269668579101562,11.845626831054688,13.427528381347656,15.597763061523438
2025-05-19,22.282264709472656,19.968048095703125,19.598289489746094,21.840782165527344,30.35913848876953,38.68206787109375,33.346771240234375,21.16791534423828,9.419937133789062,-2.1370773315429688,1.4686660766601562,-0.4505462646484375,-5.963233947753906,-6.916694641113281,-14.300575256347656,-2.7637557983398438,-2.7352752685546875,10.350975036621094,35.94012451171875,54.07740020751953,49.8919677734375,40.08839416503906,32.59198760986328,21.897865295410156
2025-05-20,4.935882568359375,7.827125549316406,5.6437835693359375,6.975196838378906,8.89154052734375,21.486129760742188,17.900772094726562,-0.30109405517578125,7.531402587890625,1.419189453125,0.3281402587890625,-4.67327880859375,-2.7300643920898438,-3.6100006103515625,1.3524322509765625,2.18841552734375,-0.8363876342773438,6.419181823730469,29.071426391601562,45.716583251953125,42.902076721191406,28.14472198486328,27.249473571777344,24.738868713378906
2025-05-21,28.532867431640625,25.645980834960938,23.824623107910156,28.717575073242188,34.10114288330078,39.78611755371094,30.11383819580078,4.9849395751953125,1.3033828735351562,-4.973258972167969,5.27532958984375,3.4252700805664062,4.558570861816406,3.5475845336914062,-1.1090545654296875,-5.435569763183594,-17.663925170898438,-10.150238037109375,23.835174560546875,48.99994659423828,45.352203369140625,32.974693298339844,28.72740936279297,24.326919555664062
2025-05-22,2.4270706176757812,-0.80767822265625,0.468658447265625,10.660209655761719,3.091278076171875,3.2224349975585938,-9.296958923339844,-16.641029357910156,-14.037818908691406,-8.867752075195312,-5.2871246337890625,-3.814453125,-1.1300125122070312,-0.94317626953125,-5.167961120605469,-13.237274169921875,-15.67681884765625,-15.535041809082031,14.734901428222656,6.5101318359375,7.909233093261719,1.2507247924804688,-6.560333251953125,-1.8526611328125
2025-05-23,-8.014854431152344,-21.971595764160156,-22.273529052734375,-6.992156982421875,-8.857292175292969,0.1017608642578125,-5.334861755371094,-9.340362548828125,-16.058975219726562,-5.9721221923828125,-15.583656311035156,-13.907058715820312,-10.017539978027344,-5.569679260253906,-8.180809020996094,-18.795448303222656,-13.529106140136719,-11.48175048828125,13.765892028808594,21.658164978027344,14.303123474121094,1.264190673828125,-3.6993026733398438,-11.226593017578125
2025-05-24,12.542991638183594,4.741020202636719,3.26788330078125,11.938514709472656,7.489067077636719,25.35688018798828,10.757308959960938,-13.036705017089844,-28.112777709960938,-16.68152618408203,-10.088859558105469,-8.048271179199219,-8.298599243164062,-4.699363708496094,-8.782737731933594,-13.72198486328125,-21.899147033691406,9.827835083007812,36.562530517578125,67.67940521240234,57.5308837890625,41.349769592285156,43.067466735839844,37.039093017578125
2025-05-25,-0.8587265014648438,-1.5604095458984375,7.759185791015625,6.9976043701171875,1.794219970703125,21.441802978515625,7.7133026123046875,-13.014656066894531,-12.641899108886719,-13.866905212402344,-23.542076110839844,-20.59698486328125,-22.588668823242188,-23.624755859375,-21.972137451171875,-11.5823974609375,-15.700569152832031,-9.03070068359375,21.596954345703125,34.253448486328125,28.672103881835938,14.660263061523438,11.143234252929688,-3.223175048828125
2025-05-26,29.840957641601562,22.540557861328125,32.05148696899414,34.64436721801758,30.47333526611328,35.847816467285156,28.80780029296875,16.447555541992188,13.998062133789062,11.810630798339844,17.769699096679688,6.167732238769531,7.763938903808594,8.686164855957031,5.224433898925781,0.53558349609375,-0.7670745849609375,12.879905700683594,28.409744262695312,42.97259521484375,38.05265808105469,32.428993225097656,27.66559600830078,23.38128662109375
2025-05-27,25.620529174804688,21.42790985107422,21.883285522460938,22.89575958251953,29.037628173828125,48.91498565673828,44.47020721435547,33.58423614501953,15.641792297363281,12.252143859863281,10.661796569824219,14.334617614746094,12.210845947265625,15.115318298339844,10.750434875488281,14.587753295898438,21.43213653564453,40.28650665283203,61.11274719238281,74.06072998046875,66.11373901367188,50.04871368408203,49.759483337402344,44.19789505004883
2025-05-28,32.357383728027344,29.42498016357422,25.202354431152344,29.773269653320312,32.934059143066406,41.5814208984375,36.498779296875,22.004722595214844,13.305564880371094,10.527130126953125,7.624481201171875,11.461418151855469,3.355255126953125,4.819023132324219,5.0585479736328125,4.3062896728515625,7.782035827636719,16.664756774902344,42.904571533203125,63.377052307128906,60.802459716796875,49.084686279296875,48.16429901123047,37.73395538330078
2025-05-29,36.316322326660156,33.7815055847168,34.39427947998047,35.87165832519531,37.17218780517578,44.71752166748047,44.31122589111328,30.76946258544922,16.692642211914062,11.109336853027344,11.169815063476562,9.345260620117188,7.388038635253906,7.017120361328125,8.111183166503906,13.907524108886719,22.105148315429688,44.603065490722656,67.19256591796875,86.6213150024414,72.57783508300781,65.8438720703125,60.1926383972168,53.62687301635742
2025-05-30,43.550540924072266,41.8217887878418,40.971923828125,42.71755599975586,44.54866027832031,54.44376754760742,49.349266052246094,27.37279510498047,10.661788940429688,5.037239074707031,7.0184478759765625,3.6385574340820312,6.4886627197265625,6.398002624511719,4.857612609863281,6.246849060058594,18.87242889404297,29.010986328125,59.607574462890625,84.64669036865234,78.65579223632812,64.06240844726562,59.267147064208984,53.84986114501953
2025-05-31,73.60227966308594,74.90208435058594,73.56468200683594,76.79486083984375,78.1286849975586,87.44466400146484,78.16676330566406,57.64873123168945,38.24809265136719,31.560012817382812,29.870956420898438,26.77609634399414,25.52206802368164,28.01318359375,24.88471221923828,26.55962371826172,42.44758605957031,64.49610900878906,93.03211975097656,110.46338653564453,101.45170593261719,88.94133758544922,82.38484191894531,77.24147033691406
2025-06-01,31.80022430419922,30.584815979003906,27.042953491210938,26.07794189453125,30.800331115722656,30.761184692382812,20.068641662597656,-1.1052627563476562,-3.7051010131835938,-3.6413726806640625,-1.7738265991210938,-6.780281066894531,-6.436073303222656,-5.589447021484375,-5.4282684326171875,-1.520782470703125,-5.5416107177734375,9.170013427734375,33.35285186767578,46.22266387939453,49.224082946777344,48.42945098876953,41.385406494140625,34.65753936767578
2025-06-02,23.47283172607422,23.18438720703125,19.702552795410156,23.24895477294922,32.036354064941406,47.10403060913086,47.59625244140625,30.29328155517578,20.39702606201172,12.873695373535156,7.586082458496094,9.266288757324219,7.268852233886719,7.615699768066406,9.876449584960938,11.552825927734375,26.261505126953125,41.350799560546875,61.06944274902344,83.64544677734375,71.77145385742188,60.51179885864258,59.04129409790039,52.92570495605469
2025-06-03,57.39894485473633,57.796138763427734,54.96039581298828,56.911190032958984,63.6855583190918,74.49058532714844,70.73553466796875,49.915992736816406,36.76138687133789,25.074798583984375,22.49578094482422,18.623641967773438,20.235897064208984,18.930797576904297,19.674972534179688,23.465621948242188,29.371200561523438,52.23457336425781,81.4630126953125,96.72947692871094,85.78120422363281,73.14014434814453,72.37846374511719,62.89845275878906
2025-06-04,79.50801086425781,76.60417175292969,74.69093322753906,75.74885559082031,79.72138214111328,86.9351806640625,79.83316802978516,58.132450103759766,40.86271286010742,25.407203674316406,23.1260986328125,20.820392608642578,16.878189086914062,16.003246307373047,18.738174438476562,22.563262939453125,36.680870056152344,64.08964538574219,92.0973892211914,107.78842163085938,102.06048583984375,94.15853881835938,86.37242126464844,83.7248306274414
2025-06-05,83.89530944824219,84.10430145263672,81.454833984375,84.22234344482422,88.31058502197266,94.96865844726562,87.20946502685547,65.04339599609375,38.79949951171875,25.084228515625,20.630401611328125,21.262859344482422,15.038246154785156,8.084846496582031,12.358604431152344,17.367385864257812,37.597843170166016,71.0370101928711,101.7710952758789,118.34015655517578,114.24647521972656,102.43771362304688,96.18675231933594,89.44509887695312
2025-06-06,111.9979476928711,108.15076446533203,106.81228637695312,109.18255615234375,114.99874877929688,119.06905364990234,109.30974578857422,85.459716796875,59.807735443115234,46.96626281738281,44.81578063964844,44.45722198486328,41.092620849609375,39.243038177490234,41.31250762939453,46.63666534423828,62.04482650756836,91.36514282226562,121.01261138916016,137.0011444091797,130.78663635253906,119.94986724853516,114.68135833740234,108.80122375488281
2025-06-07,96.33814239501953,95.29480743408203,92.17388916015625,95.27920532226562,102.4112319946289,102.99797058105469,84.44795227050781,47.369014739990234,19.520851135253906,9.669075012207031,8.331016540527344,12.707832336425781,1.0834121704101562,-4.695289611816406,1.0277252197265625,6.448760986328125,20.046165466308594,55.771209716796875,97.36778259277344,117.86571502685547,115.84986114501953,104.38740539550781,99.28558349609375,90.87240600585938
2025-06-08,73.66927337646484,73.83372497558594,72.44253540039062,75.1199722290039,77.45407104492188,80.47029113769531,60.35759353637695,28.724075317382812,8.407791137695312,5.32122802734375,3.7530441284179688,3.1159744262695312,1.62432861328125,0.9780807495117188,-0.47180938720703125,0.5378341674804688,0.1661834716796875,26.65233612060547,62.698455810546875,88.55656433105469,92.15235900878906,81.6331787109375,76.50674438476562,71.42333984375
2025-06-09,70.16917419433594,69.65542602539062,70.4266357421875,74.28218841552734,82.988037109375,93.62724304199219,92.91426086425781,72.61866760253906,52.77226257324219,43.9014892578125,41.844146728515625,39.10954666137695,37.365623474121094,35.31008529663086,37.461910247802734,45.04069137573242,55.483577728271484,76.74845886230469,105.71900177001953,124.19229125976562,113.31909942626953,101.966552734375,96.14007568359375,90.42340850830078
2025-06-10,105.22491455078125,103.36598205566406,103.98406219482422,107.11156463623047,118.27204895019531,125.69642639160156,123.09915161132812,104.72825622558594,87.46194458007812,82.50151824951172,79.91593170166016,77.83734893798828,76.22748565673828,74.34766387939453,74.73196411132812,77.70919799804688,87.75520324707031,106.97037506103516,122.28634643554688,132.82400512695312,127.9791030883789,118.34209442138672,112.65862274169922,107.95130920410156
2025-06-11,105.46269226074219,103.32030487060547,102.6718978881836,103.65409088134766,108.52110290527344,111.85574340820312,106.8462142944336,86.77664947509766,65.7789535522461,51.52717971801758,45.74598693847656,41.54225158691406,36.64603042602539,32.963134765625,32.267757415771484,37.293827056884766,50.174076080322266,79.46636962890625,107.092529296875,119.77043914794922,116.32461547851562,105.3658447265625,101.42735290527344,90.10494232177734
2025-06-12,99.26363372802734,96.2418212890625,96.06575775146484,97.0187759399414,98.59561157226562,101.78355407714844,86.97300720214844,58.783939361572266,23.51274871826172,12.959281921386719,7.679542541503906,-1.55615234375,-4.4894866943359375,-5.471687316894531,-5.013465881347656,2.9311141967773438,25.72821807861328,73.92430114746094,115.96726989746094,132.86178588867188,126.99469757080078,119.90076446533203,109.41119384765625,101.8326416015625
2025-06-13,106.55862426757812,105.13746643066406,104.45004272460938,105.56489562988281,111.9588851928711,113.84925842285156,96.52136993408203,63.6277961730957,38.37761688232422,21.04808807373047,20.34125518798828,24.888408660888672,17.56484603881836,12.182132720947266,12.158531188964844,13.585243225097656,30.21514129638672,65.52880859375,105.39401245117188,131.69876098632812,126.18920135498047,117.84675598144531,109.37568664550781,98.98287200927734
2025-06-14,105.67326354980469,103.77140045166016,103.45853424072266,107.23444366455078,110.8737564086914,111.19145202636719,91.69599914550781,62.91905975341797,38.49235534667969,26.94736099243164,26.494449615478516,22.076984405517578,19.14804458618164,13.004478454589844,12.389213562011719,17.1937255859375,29.61005401611328,60.5316276550293,93.91874694824219,115.94398498535156,115.49383544921875,104.3983154296875,98.32054901123047,90.1259536743164
2025-06-15,63.85124588012695,61.723289489746094,58.03325653076172,61.060691833496094,58.362449645996094,53.6981086730957,30.80487823486328,-16.76104736328125,-29.646751403808594,-51.04669189453125,-34.38716125488281,-35.729461669921875,-33.02192687988281,-37.51781463623047,-37.31257629394531,-43.55589294433594,-62.93843078613281,4.8228302001953125,55.31707000732422,79.75205993652344,81.66474151611328,74.55776977539062,68.33517456054688,60.22187042236328
2025-06-16,33.715431213378906,32.308406829833984,34.57483673095703,42.32935333251953,53.73107147216797,69.78123474121094,68.43577575683594,53.24706268310547,33.211029052734375,33.16852569580078,32.125770568847656,31.256656646728516,31.070419311523438,30.308124542236328,31.38851547241211,35.174598693847656,51.72832107543945,71.61019134521484,107.15511322021484,122.3244857788086,109.86516571044922,95.51223754882812,93.3409423828125,82.6809310913086
2025-06-17,114.031982421875,113.1391372680664,111.4361801147461,114.32633972167969,124.02606964111328,134.9783935546875,127.11445617675781,106.86048889160156,84.08235931396484,75.11322784423828,68.95022583007812,68.12911224365234,64.01091766357422,63.70333480834961,63.822731018066406,68.44622039794922,82.39327239990234,110.31758117675781,135.0795135498047,147.49415588378906,136.94061279296875,123.64328002929688,121.7315673828125,114.75565338134766
2025-06-18,119.17514038085938,115.26300811767578,113.66594696044922,116.4529800415039,119.55126190185547,121.69239044189453,119.15746307373047,102.71329498291016,79.62692260742188,61.68476867675781,58.18085861206055,52.87114334106445,50.39360809326172,46.3667106628418,49.85518264770508,58.31005096435547,82.0639419555664,117.78144073486328,143.42910766601562,158.60943603515625,147.0618438720703,135.82211303710938,130.74745178222656,123.88751220703125
2025-06-19,131.3175811767578,129.651611328125,127.25883483886719,128.0712890625,132.50888061523438,137.5416717529297,129.40931701660156,115.06489562988281,95.11876678466797,81.31047821044922,76.47066497802734,72.90701293945312,66.77627563476562,63.695823669433594,63.52434158325195,74.00479888916016,92.33201599121094,125.76060485839844,146.55569458007812,154.13546752929688,147.36219787597656,137.45510864257812,132.56021118164062,125.39148712158203
2025-06-20,121.46744537353516,120.44947814941406,118.60911560058594,121.70681762695312,127.473876953125,131.64125061035156,123.27776336669922,102.77361297607422,79.05160522460938,72.17851257324219,64.79006958007812,65.60118865966797,61.37959289550781,57.413185119628906,62.10221862792969,67.9491958618164,85.94306182861328,116.41714477539062,137.8566131591797,151.79855346679688,143.19357299804688,131.78485107421875,130.6494903564453,124.43051147460938
2025-06-21,126.19335174560547,122.8957748413086,119.90205383300781,120.83618927001953,125.12882995605469,125.35832214355469,119.28170776367188,103.88137817382812,85.36556243896484,70.01976776123047,66.36773681640625,64.60762023925781,61.061683654785156,58.57234191894531,59.319480895996094,66.63902282714844,87.50010681152344,114.8667984008789,136.3947296142578,147.08128356933594,142.9404296875,133.32496643066406,127.6090087890625,119.240478515625
2025-06-22,100.70220947265625,99.8360595703125,98.63655090332031,97.70269012451172,98.90179443359375,96.98095703125,85.6394271850586,65.18121337890625,41.4963264465332,31.137393951416016,24.859054565429688,23.362415313720703,20.108413696289062,16.813617706298828,16.597274780273438,24.7200927734375,44.36988830566406,77.10824584960938,107.06062316894531,125.65522003173828,122.80391693115234,113.11968231201172,107.67652130126953,99.50550842285156
2025-06-23,113.14701843261719,112.78526306152344,111.03409576416016,114.05560302734375,122.39263916015625,132.31991577148438,128.09620666503906,110.31745147705078,85.86258697509766,75.61727142333984,69.27622985839844,68.34172821044922,66.24535369873047,63.66960144042969,68.00892639160156,75.69165802001953,92.39811706542969,120.33336639404297,143.8777313232422,155.40614318847656,143.3673858642578,131.33319091796875,128.47764587402344,120.96604919433594
2025-06-24,113.88481140136719,111.94384765625,111.17647552490234,113.43490600585938,121.99118041992188,130.90264892578125,128.93222045898438,111.78822326660156,90.82498168945312,78.60585021972656,76.2784194946289,73.74612426757812,69.5126724243164,63.184906005859375,65.0624771118164,73.23271179199219,87.94718933105469,114.22518920898438,133.43861389160156,142.93682861328125,133.52490234375,120.33309173583984,120.67491149902344,112.32464599609375
2025-06-25,115.92552185058594,113.26774597167969,112.24775695800781,113.5224609375,117.75677490234375,122.31959533691406,113.59676361083984,92.06395721435547,61.89836120605469,47.419578552246094,40.154815673828125,34.676292419433594,29.91348648071289,22.581703186035156,23.615032196044922,30.197696685791016,50.84589385986328,96.03624725341797,127.61758422851562,142.96815490722656,135.10635375976562,125.44251251220703,122.03512573242188,111.533447265625
2025-06-26,112.68721008300781,109.5813980102539,107.46476745605469,111.26782989501953,114.94142150878906,123.44316864013672,114.64557647705078,92.30863952636719,70.01798248291016,55.42508316040039,51.38029861450195,48.15224075317383,44.00055694580078,39.28453826904297,38.9635009765625,45.99753952026367,66.94800567626953,101.54608154296875,128.240234375,144.6103057861328,139.73716735839844,127.24111938476562,122.95191192626953,116.09194946289062
2025-06-27,110.9404067993164,108.12481689453125,106.17768859863281,107.67375946044922,111.58733367919922,115.33244323730469,106.98764038085938,85.19386291503906,61.660247802734375,47.82942581176758,42.82419967651367,37.045902252197266,33.63046646118164,30.361347198486328,30.94550323486328,40.2188606262207,56.65886306762695,90.8799819946289,117.8728256225586,130.86256408691406,125.396728515625,116.88582611083984,109.90397644042969,102.31180572509766
2025-06-28,108.0739517211914,107.4651107788086,104.19305419921875,106.78399658203125,106.16634368896484,107.17404174804688,88.55532836914062,67.03614807128906,42.450801849365234,31.45545196533203,24.44344711303711,14.688934326171875,14.248451232910156,8.793495178222656,5.90594482421875,16.82677459716797,43.76068878173828,78.72705078125,109.59156799316406,131.0921173095703,129.8401641845703,120.8319091796875,112.10208892822266,104.50025939941406
2025-06-29,113.75582122802734,111.35149383544922,110.0158920288086,110.82646942138672,107.33190155029297,102.45418548583984,82.38761901855469,52.35932922363281,15.983787536621094,2.0029144287109375,-3.28753662109375,-5.2965850830078125,-9.830879211425781,-10.963233947753906,-15.594558715820312,-8.217872619628906,23.77747344970703,76.88433837890625,114.2573013305664,139.72567749023438,139.8994140625,126.85205078125,119.77447509765625,114.38339233398438
2025-06-30,115.65955352783203,113.32241821289062,114.72835540771484,119.71101379394531,128.17901611328125,134.85826110839844,125.14728546142578,107.67852783203125,83.9021224975586,72.78263092041016,70.07115936279297,67.53386688232422,65.91132354736328,62.28709030151367,64.82813262939453,71.78661346435547,89.61145782470703,117.806640625,137.1184844970703,151.0650177001953,144.2967529296875,130.6400146484375,129.09906005859375,121.79167938232422
2025-07-01,112.81607055664062,112.37399291992188,111.32704162597656,114.40331268310547,121.60589599609375,128.3748016357422,126.85913848876953,115.0726318359375,99.4001235961914,89.27361297607422,86.93402099609375,83.67864990234375,80.46371459960938,76.65772247314453,78.24424743652344,86.3876953125,97.98585510253906,116.59564208984375,130.36868286132812,138.6512908935547,132.408447265625,123.96319580078125,120.4459228515625,115.01211547851562
2025-07-02,112.19029235839844,110.90083312988281,108.61308288574219,110.83231353759766,117.85200500488281,122.42601776123047,117.59233856201172,106.10440826416016,89.72480010986328,78.42976379394531,75.00578308105469,71.56356048583984,67.30075073242188,65.33485412597656,65.95343017578125,71.73223876953125,84.45252990722656,107.127197265625,122.68582153320312,131.86390686035156,126.82482147216797,115.7463150024414,113.6617202758789,104.18997955322266
2025-07-03,98.24236297607422,97.15745544433594,95.27416229248047,98.2602767944336,105.37139892578125,110.52908325195312,108.24695587158203,96.49171447753906,83.62458038330078,74.65933990478516,71.67591094970703,69.84213256835938,67.5630874633789,64.05136108398438,66.56758880615234,74.60558319091797,86.84929656982422,107.00287628173828,122.64730834960938,133.66671752929688,128.72052001953125,121.13021850585938,117.82776641845703,110.68243408203125
2025-07-04,100.44471740722656,99.49559783935547,99.32849884033203,101.48492431640625,106.45530700683594,109.02820587158203,104.67279815673828,91.47364044189453,74.80357360839844,63.026710510253906,60.21143341064453,59.19788360595703,57.59877395629883,55.195804595947266,54.84001922607422,65.46478271484375,82.57745361328125,107.41683197021484,124.442138671875,135.80860900878906,134.2574920654297,125.69752502441406,121.77887725830078,115.86579895019531
2025-07-05,111.2373046875,111.86503601074219,106.81342315673828,109.17925262451172,113.22734832763672,113.69085693359375,102.79932403564453,83.05651092529297,63.451904296875,53.47671890258789,51.589691162109375,48.1863899230957,42.13909149169922,41.90193176269531,41.97561264038086,51.21835708618164,74.10621643066406,103.88529968261719,124.20909118652344,140.02474975585938,137.40306091308594,128.82998657226562,122.3392333984375,117.69403076171875
2025-07-06,103.84871673583984,98.83103942871094,98.63094329833984,98.23234558105469,95.68977355957031,91.80499267578125,71.823974609375,33.3778076171875,5.096336364746094,-7.096336364746094,-6.906982421875,-18.21778106689453,-24.034080505371094,-26.37041473388672,-34.822608947753906,-17.9776611328125,7.8032379150390625,64.92497253417969,100.02011108398438,117.0163803100586,119.11758422851562,111.45293426513672,103.77519989013672,100.88987731933594
2025-07-07,89.25341796875,89.41748809814453,86.30744934082031,89.12512969970703,94.98265838623047,103.73835754394531,101.08049011230469,81.35743713378906,62.0964241027832,51.798648834228516,47.03144073486328,42.07277297973633,39.226844787597656,32.215545654296875,33.18372344970703,35.431419372558594,48.15032958984375,70.47328186035156,97.02603149414062,108.93315887451172,104.55866241455078,96.19880676269531,88.30533599853516,81.69568634033203
2025-07-08,66.40176391601562,64.82542419433594,63.05039978027344,66.88729858398438,78.71844482421875,91.02362060546875,91.2042007446289,72.49095916748047,52.93500518798828,40.787925720214844,39.1647834777832,33.79680252075195,33.677608489990234,29.93077850341797,31.328697204589844,38.23910140991211,51.724891662597656,75.05074310302734,98.57614135742188,112.96228790283203,104.76104736328125,95.56327819824219,91.81040954589844,84.04057312011719
2025-07-09,96.06315612792969,94.98173522949219,94.23770904541016,97.2767562866211,104.33287811279297,111.20532989501953,106.70084381103516,85.19548034667969,63.843196868896484,54.57340621948242,53.86076736450195,53.056461334228516,49.842041015625,48.552772521972656,48.73369598388672,57.06665802001953,72.13951873779297,98.07594299316406,121.7608642578125,140.02957153320312,131.58914184570312,120.03475189208984,115.466552734375,112.06105041503906
2025-07-10,111.41345977783203,110.65603637695312,108.13829040527344,108.60647583007812,116.02727508544922,120.50223541259766,110.593505859375,92.8389663696289,68.86875915527344,54.17742156982422,50.510005950927734,47.439300537109375,45.647117614746094,40.093360900878906,42.476287841796875,49.424617767333984,63.96518325805664,95.19398498535156,118.16506958007812,131.46022033691406,128.15345764160156,116.25316619873047,111.60893249511719,105.62522888183594
2025-07-11,109.37891387939453,109.5611572265625,107.70829010009766,110.32548522949219,117.34738159179688,121.07144165039062,116.14482116699219,100.65140533447266,87.96688842773438,80.551025390625,78.72683715820312,77.37469482421875,73.93927001953125,71.29095458984375,71.8115005493164,75.96834564208984,88.38536834716797,107.81685638427734,123.00126647949219,132.01673889160156,128.0124053955078,120.71720123291016,119.22830200195312,113.69070434570312
2025-07-12,109.35003662109375,106.96279907226562,106.73607635498047,110.34740447998047,113.0299072265625,112.9154052734375,102.4849624633789,83.79888916015625,64.90472412109375,55.25466537475586,54.22737121582031,52.945743560791016,48.62158203125,47.21330261230469,49.08179473876953,57.0076789855957,75.6764907836914,105.2817611694336,124.53752899169922,141.7287139892578,139.7293701171875,129.1450653076172,125.1020278930664,116.30396270751953
2025-07-13,109.04153442382812,106.505615234375,104.85335540771484,104.12335205078125,104.20658874511719,102.99394989013672,80.78337097167969,51.234703063964844,21.769386291503906,12.663276672363281,8.587875366210938,8.73419189453125,1.0676116943359375,-0.00843048095703125,0.7181396484375,8.073143005371094,26.273681640625,68.20527648925781,106.97203826904297,125.12879180908203,124.51825714111328,116.28556823730469,114.92711639404297,104.0440902709961
2025-07-14,109.1095199584961,108.2887191772461,109.17533874511719,110.16004180908203,118.23153686523438,123.77527618408203,115.3803482055664,94.65886688232422,69.26174926757812,59.94145965576172,55.39607620239258,52.99989318847656,47.58335876464844,45.07655334472656,44.72637176513672,50.02363586425781,65.99554443359375,96.7332763671875,123.04002380371094,135.73275756835938,129.8399200439453,118.32838439941406,115.00801086425781,107.00540924072266
2025-07-15,104.1081314086914,103.13835144042969,101.99256896972656,105.00816345214844,110.5571060180664,118.52557373046875,110.70653533935547,90.2776107788086,64.19074249267578,52.575828552246094,49.27368927001953,44.239681243896484,41.45579147338867,38.106422424316406,38.46304702758789,45.89336395263672,58.535152435302734,87.7846908569336,114.71896362304688,129.02647399902344,122.47708892822266,112.36676025390625,106.73321533203125,100.15887451171875
2025-07-16,110.88645935058594,109.50562286376953,108.27420806884766,110.75481414794922,117.87550354003906,120.96466064453125,114.38753509521484,90.09573364257812,65.2854995727539,51.69744110107422,47.03341293334961,46.38216018676758,40.81041717529297,34.03688049316406,33.63235092163086,42.70933532714844,63.81842803955078,94.5194320678711,122.99761199951172,136.18917846679688,130.2865753173828,122.87841033935547,118.68693542480469,109.36265563964844
2025-07-17,114.63540649414062,113.28179168701172,114.41262817382812,116.02494812011719,126.05745697021484,132.837158203125,123.98985290527344,107.43489837646484,85.26705169677734,76.96534729003906,75.30029296875,71.83283996582031,66.52333068847656,63.49993896484375,64.6147689819336,70.92709350585938,81.29084014892578,105.9415283203125,125.53758239746094,135.4322052001953,131.6456756591797,122.33688354492188,121.66232299804688,113.89745330810547
2025-07-18,104.44496154785156,103.66838073730469,102.27928161621094,104.37897491455078,111.83087921142578,116.36185455322266,110.06119537353516,97.15706634521484,83.80528259277344,75.42003631591797,73.45706939697266,69.1860122680664,65.44969177246094,59.75684356689453,57.90972900390625,63.86811065673828,74.07170104980469,91.43269348144531,109.04193878173828,119.06077575683594,117.74610137939453,109.65682220458984,105.25320434570312,97.54696655273438
2025-07-19,94.2016372680664,93.73011779785156,91.88812255859375,92.59416198730469,96.07443237304688,95.18876647949219,84.5036392211914,60.05146026611328,39.080039978027344,28.986698150634766,31.643169403076172,30.05307388305664,29.291610717773438,24.342510223388672,20.632587432861328,25.572250366210938,43.626312255859375,71.59632873535156,97.7094497680664,121.72006225585938,119.96443176269531,108.69452667236328,106.07698059082031,95.93209075927734
2025-07-20,62.71717834472656,64.03343200683594,61.550201416015625,60.15842056274414,60.56370544433594,50.672916412353516,23.634140014648438,-4.534507751464844,-7.893455505371094,-15.458297729492188,-12.870437622070312,-12.413970947265625,-7.787284851074219,-11.285667419433594,-13.835617065429688,-12.970695495605469,2.6880722045898438,27.483909606933594,61.634361267089844,82.22667694091797,92.61473846435547,83.444580078125,77.58680725097656,70.56095123291016
2025-07-21,51.88187026977539,49.02750015258789,50.735809326171875,53.11302185058594,65.62318420410156,76.79463958740234,78.71102905273438,64.53857421875,45.1482048034668,39.5098991394043,38.69135665893555,33.85702133178711,35.08686828613281,31.640480041503906,31.696887969970703,42.042945861816406,59.149314880371094,81.87789916992188,110.70382690429688,128.08206176757812,118.54474639892578,101.98428344726562,98.26012420654297,92.80926513671875
2025-07-22,102.69823455810547,101.01512908935547,101.18574523925781,104.33488464355469,112.42124938964844,125.47459411621094,118.38591766357422,92.42723083496094,66.60950469970703,54.155059814453125,51.480995178222656,49.183101654052734,42.93781661987305,39.19887161254883,42.45916748046875,46.999839782714844,61.94488525390625,93.36341857910156,126.38365173339844,144.08824157714844,134.20416259765625,118.97994232177734,113.68472290039062,106.83675384521484
2025-07-23,100.77348327636719,99.97350311279297,98.0130615234375,100.3033218383789,108.86930084228516,118.55018615722656,113.10094451904297,92.21476745605469,69.73231506347656,57.498321533203125,55.59828186035156,50.711036682128906,46.22493362426758,42.52415466308594,41.964317321777344,47.34874725341797,61.63502883911133,84.38317108154297,112.8528060913086,126.5770263671875,117.39360809326172,106.36565399169922,101.8062744140625,93.65058898925781
2025-07-24,77.70299530029297,75.97390747070312,74.0682373046875,76.64466857910156,83.16851806640625,91.14212036132812,88.2191162109375,72.53302001953125,56.729522705078125,47.14498519897461,45.5422477722168,43.64814758300781,38.471343994140625,35.21466064453125,32.764522552490234,32.19414138793945,42.24656295776367,60.595481872558594,79.1031494140625,91.8162841796875,91.68830871582031,82.77803039550781,77.22813415527344,69.48133087158203
2025-07-25,53.780845642089844,50.40044403076172,53.047245025634766,53.900474548339844,61.64310073852539,65.99380493164062,49.84320068359375,30.2978515625,22.864906311035156,20.29302978515625,22.762409210205078,19.85190200805664,18.765689849853516,11.559673309326172,16.80046844482422,13.837501525878906,18.081565856933594,32.37646484375,52.39635467529297,76.01560974121094,79.6248550415039,70.61567687988281,62.7092399597168,57.70304870605469
2025-07-26,76.91150665283203,73.25153350830078,71.30508422851562,74.308837890625,78.77461242675781,75.58504486083984,55.49209213256836,23.41376495361328,5.967231750488281,1.5457687377929688,4.4572296142578125,2.2829666137695312,3.1603164672851562,-1.3773040771484375,-2.96197509765625,-0.8778610229492188,10.386322021484375,41.727745056152344,77.3133544921875,105.9642333984375,106.0608901977539,95.05606079101562,91.19184112548828,79.6244888305664
2025-07-27,52.363285064697266,50.20753479003906,42.00102615356445,43.273887634277344,48.888153076171875,50.42963790893555,29.446823120117188,2.9829559326171875,-7.231361389160156,-10.052200317382812,-7.556709289550781,-8.77490234375,-11.944656372070312,-13.110107421875,-17.267288208007812,-19.71051788330078,-11.478706359863281,15.981658935546875,34.08341979980469,60.84690856933594,64.07646179199219,56.65885543823242,53.06193542480469,35.86741638183594
2025-07-28,53.11366653442383,50.85254669189453,47.077491760253906,48.8342399597168,56.13483428955078,62.472904205322266,50.85636901855469,27.74919891357422,19.707244873046875,15.545738220214844,13.909011840820312,11.723243713378906,10.601737976074219,10.244331359863281,8.425941467285156,8.683372497558594,10.690834045410156,29.515167236328125,53.700660705566406,73.94269561767578,77.62860107421875,66.09611511230469,60.01459884643555,46.313140869140625
2025-07-29,36.11382293701172,32.12361145019531,25.66844940185547,30.26513671875,34.93909454345703,40.42713928222656,43.268218994140625,26.60491180419922,17.495468139648438,11.704124450683594,9.528434753417969,10.538948059082031,5.8112335205078125,0.7710723876953125,3.699188232421875,12.290504455566406,20.122154235839844,37.78382110595703,61.254295349121094,71.93805694580078,67.57577514648438,58.87919235229492,52.94392013549805,48.38042449951172
2025-07-30,54.48255920410156,51.34010696411133,49.62266540527344,50.89122772216797,56.07843780517578,65.2694091796875,61.04962921142578,41.533119201660156,31.44232177734375,25.308650970458984,19.474849700927734,18.801959991455078,16.551258087158203,14.335468292236328,12.419151306152344,15.159095764160156,26.129562377929688,45.018951416015625,73.92738342285156,93.96253967285156,89.85934448242188,78.749755859375,70.99876403808594,61.67545700073242
2025-07-31,63.09720230102539,62.545623779296875,60.37171936035156,58.92107391357422,64.76639556884766,73.43809509277344,62.305015563964844,38.49436950683594,24.94550323486328,17.954483032226562,15.931221008300781,10.947944641113281,8.810111999511719,4.518402099609375,6.483787536621094,12.180496215820312,22.26856231689453,41.98750305175781,68.14824676513672,90.65447998046875,87.34883117675781,76.16168212890625,70.60420989990234,66.14942932128906
2025-08-01,77.75116729736328,75.32255554199219,72.3658218383789,72.94866180419922,76.97383117675781,85.77691650390625,80.65337371826172,59.394161224365234,43.059654235839844,31.710979461669922,25.058151245117188,25.128395080566406,22.31671905517578,20.046775817871094,18.116729736328125,21.422794342041016,35.50782775878906,58.45011901855469,85.45353698730469,103.9356460571289,98.62535095214844,85.06204223632812,78.00460052490234,72.10379791259766
2025-08-02,68.4998550415039,63.26592254638672,61.61773681640625,62.82971954345703,63.868621826171875,72.91565704345703,57.61383819580078,33.748779296875,23.311424255371094,15.189285278320312,7.399909973144531,8.318290710449219,4.578208923339844,7.58441162109375,6.094512939453125,10.224952697753906,27.08135986328125,54.22826385498047,77.83921813964844,94.3592529296875,96.5488052368164,84.37833404541016,74.4576644897461,65.30709075927734
2025-08-03,54.88570785522461,51.33317947387695,51.623836517333984,51.590309143066406,54.30458068847656,56.0164794921875,41.77153778076172,22.445045471191406,13.868682861328125,10.827468872070312,7.7287139892578125,7.884712219238281,6.739936828613281,5.644905090332031,5.0370025634765625,5.871124267578125,17.66094970703125,34.686485290527344,68.57997131347656,90.79632568359375,92.091552734375,78.89347839355469,71.66958618164062,64.79806518554688
2025-08-04,69.17408752441406,67.57807159423828,66.7986068725586,71.21184539794922,79.72640228271484,91.9679183959961,87.68327331542969,61.53341293334961,42.57000732421875,32.10194396972656,30.766143798828125,27.226459503173828,30.516624450683594,29.24810791015625,27.55626678466797,36.980892181396484,50.44099807739258,78.38905334472656,109.79895782470703,127.95540618896484,118.21403503417969,104.84484100341797,98.18254852294922,91.09280395507812
2025-08-05,94.7132568359375,91.43492126464844,91.0990982055664,93.92642211914062,99.25922393798828,104.29316711425781,96.58222198486328,69.6864013671875,46.01789093017578,28.49136734008789,26.495319366455078,24.641685485839844,22.019763946533203,18.937149047851562,20.979297637939453,23.986896514892578,35.078861236572266,64.88935852050781,96.53013610839844,114.8773422241211,110.08399963378906,95.37760925292969,90.07257843017578,83.96154022216797
2025-08-06,77.5750961303711,76.27073669433594,74.76234436035156,78.07901000976562,83.14877319335938,92.52428436279297,89.63951110839844,63.73533630371094,39.555397033691406,30.221179962158203,27.433719635009766,26.016212463378906,23.977767944335938,19.910884857177734,23.418502807617188,34.40144348144531,50.99409866333008,84.61983489990234,113.87677001953125,138.4737091064453,125.72207641601562,112.25836944580078,108.95732116699219,98.38228607177734
2025-08-07,104.77262878417969,102.82203674316406,102.48922729492188,102.87033081054688,110.31116485595703,114.63773345947266,108.16476440429688,84.7258529663086,60.67512130737305,44.8709831237793,39.18278884887695,31.669189453125,27.936561584472656,22.862445831298828,26.206443786621094,33.8597412109375,54.183685302734375,88.00062561035156,116.56787109375,130.20211791992188,123.01537322998047,109.44564056396484,104.56735229492188,98.15911865234375
2025-08-08,102.03535461425781,101.56525421142578,99.62908172607422,102.01480102539062,105.99019622802734,114.69525146484375,105.5628890991211,82.09370422363281,56.361000061035156,43.867122650146484,39.28933334350586,36.58956527709961,35.71657943725586,32.199256896972656,32.23819351196289,39.10153579711914,54.05387878417969,87.01432800292969,109.38661193847656,126.2779769897461,119.20677947998047,106.75603485107422,102.21116638183594,97.49124908447266
2025-08-09,96.55706787109375,95.6654052734375,93.64820098876953,95.45388793945312,95.07199096679688,95.90694427490234,82.74658966064453,53.335304260253906,33.1983757019043,23.597938537597656,17.303058624267578,8.499549865722656,4.182228088378906,3.6882553100585938,2.8247833251953125,10.061164855957031,29.421226501464844,62.36134719848633,93.13577270507812,111.92369079589844,113.74644470214844,104.89125061035156,93.6749038696289,88.71014404296875
2025-08-10,84.15880584716797,83.25154113769531,81.23748779296875,82.06791687011719,89.39669036865234,94.96792602539062,85.16124725341797,57.89788818359375,30.22580337524414,18.882164001464844,19.11089324951172,17.359954833984375,15.043426513671875,10.600128173828125,12.527351379394531,21.731002807617188,39.01868438720703,72.29048156738281,99.28515625,122.33699035644531,117.23098754882812,106.08734893798828,99.37580871582031,93.01699829101562
2025-08-11,100.21229553222656,98.6399917602539,99.41204071044922,101.18798065185547,109.81329345703125,119.90967559814453,114.69355773925781,94.83993530273438,68.34941101074219,53.636024475097656,48.75382614135742,44.389854431152344,42.40884017944336,40.823402404785156,40.93547058105469,49.255897521972656,68.17255401611328,98.93524932861328,128.17984008789062,148.05517578125,136.40023803710938,121.02811431884766,116.70147705078125,108.69535827636719
2025-08-12,108.78060150146484,109.34699249267578,108.36897277832031,110.51152038574219,116.87046813964844,124.5744857788086,111.84817504882812,84.70655059814453,56.64033508300781,43.33386993408203,38.802894592285156,37.6025276184082,33.32946014404297,31.376983642578125,31.751171112060547,41.84370422363281,57.728179931640625,90.27886962890625,119.15744018554688,139.48529052734375,130.44436645507812,116.9548110961914,110.09184265136719,104.18436431884766
2025-08-13,100.4310302734375,99.12687683105469,99.9213638305664,101.1357421875,108.06156921386719,118.05452728271484,113.37256622314453,97.04914093017578,78.98053741455078,68.14408874511719,64.0479736328125,60.579524993896484,59.33723449707031,56.89342498779297,58.94520950317383,69.41468811035156,85.12764739990234,106.22642517089844,120.6212158203125,132.36167907714844,126.02738189697266,116.00639343261719,113.75996398925781,108.2397689819336
2025-08-14,108.7637710571289,107.81934356689453,105.75333404541016,106.46293640136719,110.87823486328125,118.39735412597656,115.1184310913086,103.87760925292969,84.49864196777344,69.48372650146484,65.54315185546875,59.53885269165039,56.61830139160156,53.57045364379883,54.56594467163086,62.30792999267578,76.84996032714844,103.22058868408203,122.6391372680664,129.71446228027344,124.35389709472656,113.2345962524414,109.30182647705078,102.53999328613281
2025-08-15,100.06227111816406,99.49910736083984,97.46229553222656,98.40789031982422,102.81087493896484,102.50640106201172,98.75076293945312,78.02523803710938,57.83504867553711,44.128055572509766,40.92597579956055,39.17213439941406,40.47135925292969,37.006919860839844,39.16753387451172,51.902488708496094,71.43604278564453,106.90404510498047,132.2169647216797,146.1374969482422,142.84201049804688,128.51698303222656,123.2130126953125,119.62867736816406
2025-08-16,105.43046569824219,105.78938293457031,102.99429321289062,104.43534851074219,105.83807373046875,102.969482421875,90.64181518554688,59.236446380615234,37.17518615722656,24.077373504638672,17.48676300048828,17.584674835205078,16.312023162841797,13.852973937988281,17.480621337890625,32.30849075317383,51.97724914550781,88.77619171142578,118.19924926757812,133.7440643310547,132.52609252929688,121.1069564819336,114.54248046875,109.10393524169922
2025-08-17,103.42809295654297,100.69837951660156,98.82051849365234,99.9317398071289,102.36451721191406,98.69621276855469,83.64788055419922,46.69353103637695,18.90502166748047,8.569938659667969,10.597198486328125,2.818023681640625,1.9468307495117188,-0.567230224609375,2.7765960693359375,11.912269592285156,28.92767333984375,76.41725158691406,109.1234130859375,131.9454803466797,132.43673706054688,116.50365447998047,112.05026245117188,104.47595977783203
2025-08-18,104.04267883300781,103.42809295654297,103.45674133300781,104.10529327392578,111.19688415527344,120.93746185302734,120.08375549316406,107.26509094238281,88.24357604980469,72.64704895019531,68.65029907226562,65.5462646484375,63.89921569824219,63.46735763549805,63.50011444091797,73.01162719726562,86.69548034667969,106.20533752441406,123.26593780517578,130.9386444091797,121.62604522705078,111.43328094482422,108.66150665283203,104.58662414550781
2025-08-19,94.44400024414062,92.82734680175781,90.95032501220703,91.29279327392578,97.48561096191406,108.32323455810547,105.68244171142578,89.50389099121094,69.25543212890625,57.31285858154297,51.54663848876953,49.076629638671875,44.915122985839844,43.48869705200195,43.172218322753906,50.76652526855469,64.50392150878906,88.39462280273438,105.4920425415039,115.15435028076172,109.84921264648438,98.31959533691406,94.50086975097656,87.38888549804688
2025-08-20,90.926513671875,88.1265640258789,86.97834777832031,88.63159942626953,97.30931854248047,105.69385528564453,103.87039184570312,89.21067810058594,73.21288299560547,62.31407165527344,57.608238220214844,53.00889205932617,52.65392303466797,47.074241638183594,48.27589416503906,58.133453369140625,72.3187026977539,90.01897430419922,106.11621856689453,115.59361267089844,109.09556579589844,101.34092712402344,97.47401428222656,90.48516082763672
2025-08-21,83.20095825195312,81.9330825805664,79.50176239013672,79.61947631835938,85.95220947265625,92.3819351196289,85.08715057373047,60.61298370361328,43.977455139160156,32.72012710571289,30.053909301757812,26.974838256835938,24.899169921875,24.940521240234375,24.076034545898438,28.129947662353516,38.21072006225586,59.55036544799805,83.16566467285156,96.16818237304688,94.0839614868164,84.86196899414062,78.30087280273438,72.54381561279297
2025-08-22,67.04350280761719,64.29706573486328,62.13280487060547,63.455116271972656,68.35939025878906,69.21537780761719,57.7042350769043,41.740272521972656,26.103363037109375,19.44733428955078,15.1795654296875,14.11367416381836,11.313880920410156,5.685382843017578,8.758842468261719,18.203369140625,26.890724182128906,52.963863372802734,77.80502319335938,92.67463684082031,94.88844299316406,85.06661987304688,79.98521423339844,72.49562072753906
2025-08-23,84.55674743652344,84.29277801513672,82.38063049316406,84.65658569335938,90.64564514160156,89.68000793457031,78.09649658203125,45.77468490600586,21.954010009765625,9.4547119140625,9.140274047851562,9.887809753417969,9.570320129394531,9.39255142211914,9.662456512451172,17.895591735839844,38.842872619628906,74.03129577636719,107.82592010498047,128.68101501464844,122.04330444335938,109.4944076538086,108.46600341796875,101.32288360595703
2025-08-24,100.4969482421875,99.50389099121094,99.2974853515625,99.92610931396484,99.6215591430664,101.72726440429688,82.2002182006836,52.629730224609375,26.779640197753906,16.388694763183594,9.938697814941406,10.516532897949219,2.8046875,7.672046661376953,5.535346984863281,13.046669006347656,24.990768432617188,66.91981506347656,97.99729919433594,122.11627960205078,118.48342895507812,105.5462646484375,99.40644073486328,94.10317993164062
2025-08-25,107.78754425048828,107.07855224609375,106.51288604736328,109.49259948730469,116.4549560546875,126.65939331054688,129.37228393554688,117.5398941040039,94.73907470703125,80.39242553710938,75.45010375976562,72.92155456542969,69.58978271484375,69.38189697265625,70.29888916015625,77.72431945800781,91.41739654541016,117.67789459228516,135.28094482421875,144.46905517578125,132.46006774902344,119.42951965332031,113.39517211914062,106.09581756591797
2025-08-26,106.10508728027344,103.65376281738281,102.9070816040039,104.28147888183594,109.56680297851562,116.75382995605469,114.1911392211914,97.06287384033203,74.95722198486328,60.15180206298828,55.950687408447266,51.362831115722656,48.09624481201172,47.8148078918457,48.791587829589844,59.331363677978516,77.19912719726562,105.72391510009766,123.24214172363281,132.32366943359375,122.55973815917969,111.6499252319336,108.5876235961914,102.0214614868164
2025-08-27,105.39927673339844,104.31888580322266,102.74568176269531,104.20427703857422,111.0657730102539,119.60503387451172,116.68797302246094,105.602783203125,87.69580078125,77.05330657958984,71.0054931640625,67.18830871582031,63.17076110839844,60.21794891357422,61.8786506652832,70.31561279296875,82.44334411621094,102.3043212890625,118.01907348632812,127.01842498779297,119.5508041381836,110.63821411132812,108.03034210205078,99.92533874511719
2025-08-28,74.11819458007812,72.99993133544922,70.59640502929688,73.05435180664062,78.48104095458984,85.28474426269531,79.64952087402344,56.42435836791992,38.174312591552734,25.683597564697266,18.752513885498047,16.189773559570312,12.834537506103516,12.30582046508789,13.516437530517578,20.54901885986328,34.76777648925781,65.1253662109375,88.03439331054688,103.10822296142578,98.16203308105469,88.52760314941406,82.6878433227539,77.91336059570312
2025-08-29,71.08987426757812,65.78103637695312,62.76001739501953,64.97746276855469,68.39959716796875,68.85707092285156,57.56683349609375,27.8385009765625,3.6003570556640625,-1.5045547485351562,-4.084465026855469,-6.502616882324219,-7.01959228515625,-6.5328369140625,-5.8227996826171875,2.9211807250976562,16.088294982910156,57.7989501953125,88.58220672607422,107.84748077392578,104.13349151611328,94.36859130859375,87.27245330810547,84.00946807861328
2025-08-30,74.41693878173828,74.67882537841797,71.88558959960938,74.45540618896484,79.22294616699219,84.75642395019531,72.94877624511719,45.79218292236328,17.583274841308594,6.9807281494140625,4.3733978271484375,4.4453887939453125,3.23162841796875,0.463836669921875,4.810829162597656,11.212371826171875,29.579124450683594,65.32540893554688,93.73343658447266,111.76262664794922,112.0977554321289,99.17779541015625,93.27071380615234,84.72517395019531
2025-08-31,65.36459350585938,62.78199768066406,64.35724639892578,61.58742904663086,65.78997039794922,68.08236694335938,54.443382263183594,19.09113311767578,4.639625549316406,-2.661529541015625,-8.34149169921875,-6.375129699707031,-9.224411010742188,-9.967453002929688,-11.769050598144531,-12.396636962890625,-6.251518249511719,19.7926025390625,48.937950134277344,66.84964752197266,73.25994873046875,63.68686294555664,56.20621109008789,49.697052001953125
2025-09-01,16.915802001953125,19.609146118164062,21.808990478515625,26.9111328125,36.30267333984375,58.698150634765625,60.111846923828125,32.354278564453125,11.648300170898438,-0.7386322021484375,-6.065956115722656,-6.908294677734375,-2.1611557006835938,-10.76214599609375,-3.203643798828125,6.882682800292969,19.712913513183594,49.42089080810547,88.0275650024414,106.93536376953125,92.8759765625,78.24057006835938,72.21871185302734,63.64206314086914
2025-09-02,82.30191802978516,80.84941864013672,80.02110290527344,82.92426300048828,91.82182312011719,106.03187561035156,105.3581771850586,82.48590850830078,53.915435791015625,40.60231399536133,33.369529724121094,31.410194396972656,25.877655029296875,24.266891479492188,24.095439910888672,33.56491470336914,47.73570251464844,80.1814193725586,114.12335205078125,128.20773315429688,115.09626770019531,100.452392578125,95.25251770019531,90.29564666748047
2025-09-03,83.21224975585938,82.9122314453125,82.09700012207031,81.20132446289062,91.160400390625,103.72969055175781,99.7695541381836,77.76950073242188,50.33715057373047,31.482990264892578,27.294879913330078,24.025768280029297,21.456859588623047,20.457901000976562,23.371776580810547,29.351913452148438,48.758872985839844,85.92754364013672,113.21128845214844,129.4113006591797,115.01808166503906,102.02206420898438,98.18710327148438,90.86170959472656
2025-09-04,75.61457824707031,73.24213409423828,71.72004699707031,74.71832275390625,81.79631805419922,93.05589294433594,87.3300552368164,60.95354461669922,35.10246276855469,19.436538696289062,17.813247680664062,17.438533782958984,14.738765716552734,11.658950805664062,13.191108703613281,22.10302734375,35.77631378173828,70.57565307617188,106.85614013671875,125.18536376953125,112.76996612548828,98.3428955078125,94.67053985595703,87.02915954589844
2025-09-05,68.06710815429688,66.5625,64.99784851074219,65.10321807861328,71.89091491699219,79.15462493896484,72.85942077636719,50.7060546875,30.41024398803711,21.205894470214844,15.022899627685547,8.186782836914062,3.9415283203125,2.5538177490234375,2.4420394897460938,8.039421081542969,18.332183837890625,51.86664581298828,76.92745208740234,90.00848388671875,86.58595275878906,71.87831115722656,66.54893493652344,55.74577331542969
2025-09-06,53.158653259277344,52.802940368652344,47.04469680786133,44.894622802734375,52.51113510131836,59.386863708496094,47.899227142333984,26.877113342285156,7.191474914550781,-3.0671615600585938,-9.175331115722656,-14.574180603027344,-17.32672882080078,-15.854164123535156,-18.030479431152344,-15.752609252929688,-6.43182373046875,27.934219360351562,56.77080535888672,59.970916748046875,63.775474548339844,52.143611907958984,53.23255157470703,37.776611328125
2025-09-07,27.0528564453125,22.309677124023438,26.11285400390625,26.616256713867188,34.086326599121094,49.54523849487305,46.71506118774414,28.804580688476562,10.48126220703125,9.540107727050781,8.34869384765625,5.50494384765625,8.270790100097656,10.285198211669922,11.794662475585938,20.434528350830078,29.670364379882812,58.56245040893555,86.80992126464844,110.20967864990234,99.8316650390625,83.41514587402344,77.158203125,71.25881958007812
2025-09-08,84.87435913085938,81.88896179199219,81.04293060302734,80.82341003417969,89.46910095214844,102.12372589111328,104.8301010131836,87.58069610595703,59.26898193359375,41.14771270751953,32.21771240234375,27.474533081054688,23.957256317138672,21.442581176757812,23.28139877319336,29.06640625,44.38249588012695,75.11196899414062,102.65177917480469,114.04086303710938,99.8035888671875,86.18954467773438,78.75494384765625,68.65365600585938
2025-09-09,57.92388916015625,53.03864669799805,52.30131149291992,50.359588623046875,58.42499923706055,76.71330261230469,83.02384948730469,65.91038513183594,47.572021484375,27.515533447265625,19.620243072509766,15.655441284179688,13.390514373779297,13.192283630371094,13.408027648925781,21.750267028808594,43.737213134765625,75.40309143066406,104.915283203125,118.39402770996094,100.22811889648438,85.46505737304688,81.38591003417969,69.57957458496094
2025-09-10,65.1541748046875,64.55101013183594,61.6126708984375,63.818519592285156,67.70893096923828,84.10133361816406,82.88058471679688,58.00050354003906,26.89307403564453,13.423858642578125,11.776290893554688,2.6565322875976562,5.533050537109375,5.533824920654297,5.5605316162109375,10.706192016601562,18.68133544921875,58.6843376159668,91.06932067871094,105.75894165039062,94.1212158203125,81.85972595214844,72.6493148803711,66.49847412109375
2025-09-11,73.81072235107422,68.84658813476562,66.46495056152344,68.16226196289062,74.97898864746094,86.47048950195312,83.0164566040039,55.19719696044922,27.56097412109375,13.538047790527344,9.99615478515625,8.767021179199219,9.1641845703125,2.24652099609375,3.5573883056640625,13.880439758300781,35.28112030029297,73.68806457519531,108.18685913085938,130.78070068359375,117.62174987792969,102.64979553222656,92.0415267944336,86.13359069824219
2025-09-12,84.18165588378906,78.78211975097656,81.24195861816406,84.76010131835938,88.88591003417969,104.3600845336914,96.67610168457031,70.62833404541016,42.00128936767578,26.233692169189453,16.702816009521484,11.933525085449219,10.033462524414062,9.623455047607422,10.605697631835938,19.06450653076172,34.541656494140625,74.6330337524414,103.33403778076172,123.68167877197266,108.8092041015625,96.38151550292969,91.02954864501953,82.58377075195312
2025-09-13,89.20970916748047,87.80747985839844,87.2398452758789,87.63484954833984,92.39068603515625,103.86741638183594,90.92140197753906,53.70711135864258,26.383033752441406,6.8953399658203125,-1.971527099609375,-0.843414306640625,-7.6624908447265625,-9.435043334960938,-8.119636535644531,-1.570465087890625,10.622512817382812,55.86421203613281,96.91551208496094,111.89205169677734,100.91991424560547,86.6671371459961,77.93745422363281,72.57252502441406
2025-09-14,67.88536071777344,63.653839111328125,61.73035430908203,63.299949645996094,69.5132827758789,76.85400390625,71.90885925292969,34.25788879394531,10.236923217773438,-3.7072067260742188,-7.786003112792969,-5.445045471191406,-7.7278900146484375,-7.69482421875,-10.091064453125,-6.673149108886719,10.650848388671875,50.763160705566406,87.70050811767578,108.12260437011719,98.34101867675781,81.67864227294922,77.50747680664062,73.5598373413086
2025-09-15,91.60462188720703,87.96842956542969,85.09320068359375,87.89674377441406,96.51095581054688,110.69940948486328,108.29505920410156,90.45436096191406,63.6248664855957,49.201271057128906,42.026615142822266,36.39883804321289,32.436058044433594,28.83721160888672,29.252456665039062,35.90925598144531,48.20814895629883,76.58677673339844,103.83651733398438,112.36184692382812,101.72596740722656,89.11734008789062,82.19164276123047,71.14148712158203
2025-09-16,72.0495834350586,72.22650146484375,70.74497985839844,74.9336166381836,86.23719787597656,100.85304260253906,106.37095642089844,83.93758392333984,51.90456771850586,35.21230697631836,28.28075408935547,25.44192123413086,20.81035614013672,16.953876495361328,20.712024688720703,30.880603790283203,52.27534866333008,89.21034240722656,122.91707611083984,138.62081909179688,117.6347427368164,103.2488021850586,95.44744873046875,86.7829818725586
2025-09-17,98.78977966308594,97.36801147460938,96.03179931640625,99.56224060058594,108.29308319091797,123.06012725830078,120.22500610351562,95.46711730957031,64.1408920288086,40.32722473144531,31.436119079589844,30.239547729492188,23.136882781982422,21.624027252197266,21.529273986816406,32.484153747558594,55.276554107666016,97.14295959472656,130.79147338867188,144.2653350830078,124.43522644042969,111.46928405761719,104.62911987304688,95.30451965332031
2025-09-18,106.17220306396484,104.22721862792969,100.93244934082031,103.12987518310547,109.59237670898438,116.3514633178711,108.66393280029297,87.17760467529297,58.40815353393555,43.24516677856445,37.11140823364258,34.4503173828125,30.742382049560547,28.29623794555664,28.775226593017578,42.4374885559082,64.22428894042969,98.51924896240234,122.61249542236328,136.974609375,127.60975646972656,114.17637634277344,110.20825958251953,103.2325668334961
2025-09-19,106.58211517333984,104.14617156982422,102.43230438232422,103.81109619140625,111.72514343261719,124.28884887695312,126.28553771972656,107.20072174072266,73.70109558105469,47.832313537597656,37.94367980957031,34.455772399902344,31.815753936767578,26.546642303466797,27.272018432617188,42.89247131347656,69.66963195800781,108.59938049316406,134.6101531982422,137.64535522460938,121.275146484375,108.31349182128906,102.02334594726562,93.47310638427734
2025-09-20,98.13116455078125,94.62474822998047,93.136474609375,93.39618682861328,99.9064712524414,107.95932006835938,102.26545715332031,81.76839447021484,53.434871673583984,35.93235397338867,25.981597900390625,23.215251922607422,19.85161590576172,19.85915756225586,20.47144317626953,34.6446647644043,61.294639587402344,101.58540344238281,127.58143615722656,136.52890014648438,122.17571258544922,111.64079284667969,104.17431640625,98.458251953125
2025-09-21,83.24578094482422,80.55613708496094,77.92921447753906,76.94087982177734,83.15857696533203,86.65837860107422,78.43923950195312,51.664913177490234,21.71721649169922,8.248199462890625,1.5912399291992188,-0.21706390380859375,-1.6794967651367188,-0.6241531372070312,-8.119140625,-6.5249176025390625,6.590728759765625,46.09661865234375,79.97360229492188,87.86656188964844,84.50941467285156,73.68702697753906,65.0523681640625,57.074378967285156
2025-09-22,39.962486267089844,40.228721618652344,41.865543365478516,47.17544937133789,56.688560485839844,70.97825622558594,71.37884521484375,48.42280960083008,20.128761291503906,19.105289459228516,17.245941162109375,12.885669708251953,8.769969940185547,7.599704742431641,8.895683288574219,16.101238250732422,27.092453002929688,51.561397552490234,91.1783676147461,103.54984283447266,88.65202331542969,75.50611877441406,69.18373107910156,60.134422302246094
2025-09-23,43.19511413574219,44.06372833251953,42.265384674072266,46.85186767578125,55.124969482421875,68.87952423095703,71.07671356201172,48.133792877197266,23.400726318359375,9.801742553710938,4.755401611328125,3.9046401977539062,-1.5028533935546875,-3.6740798950195312,-4.697608947753906,0.45123291015625,11.837669372558594,45.989662170410156,75.52188110351562,89.59799194335938,67.26277160644531,57.38175964355469,51.84257507324219,40.87815475463867
2025-09-24,34.46270751953125,33.04035186767578,32.57369613647461,36.06379699707031,47.44650650024414,66.30668640136719,73.04670715332031,52.10869598388672,21.64801025390625,6.897987365722656,4.389305114746094,-0.31148529052734375,-2.2938690185546875,-5.788276672363281,-2.7361984252929688,4.929695129394531,23.937957763671875,56.19772720336914,89.60227966308594,101.27937316894531,84.23171997070312,69.95086669921875,62.05668640136719,53.33966064453125
2025-09-25,72.72216796875,70.88356018066406,68.94327545166016,74.15899658203125,82.0506820678711,96.8290023803711,97.36373901367188,77.2423095703125,45.75455093383789,28.73355484008789,28.23598861694336,28.375072479248047,24.45960235595703,25.75732421875,30.162113189697266,40.64387130737305,67.66610717773438,109.38279724121094,136.69192504882812,153.89492797851562,132.47683715820312,117.3162612915039,111.84304809570312,106.43831634521484
2025-09-26,101.5843505859375,99.6329574584961,99.5975341796875,101.85201263427734,110.18946838378906,126.50050354003906,127.90650939941406,102.81574249267578,59.467506408691406,38.7200813293457,29.49782943725586,21.155838012695312,18.13019561767578,16.584400177001953,20.56542205810547,38.81896209716797,68.02368927001953,117.80858612060547,151.09085083007812,163.2920684814453,135.1575927734375,119.04240417480469,115.69560241699219,106.7069091796875
2025-09-27,103.33277893066406,103.638671875,102.67774200439453,103.223876953125,109.28298950195312,119.73635864257812,118.52880859375,97.85186004638672,63.498687744140625,45.436126708984375,37.939208984375,34.334266662597656,31.200828552246094,29.01769256591797,34.82061767578125,43.96278762817383,69.73041534423828,107.25599670410156,133.52798461914062,142.17581176757812,124.88258361816406,112.5680923461914,106.04132843017578,96.89344024658203
2025-09-28,51.742591857910156,48.467769622802734,44.14350891113281,44.31926727294922,49.7974853515625,53.89299392700195,53.5248908996582,50.51883316040039,39.20218276977539,28.596202850341797,23.078022003173828,17.92690658569336,16.076881408691406,13.83188247680664,14.501411437988281,19.75318145751953,31.73489761352539,48.95371627807617,63.937583923339844,67.7121353149414,64.66966247558594,56.117061614990234,51.158023834228516,40.27299880981445
2025-09-29,46.64326477050781,43.60665512084961,42.63348388671875,42.636417388916016,51.096435546875,65.42549896240234,79.70887756347656,71.2694320678711,53.205078125,40.685638427734375,35.41931915283203,32.75364685058594,31.115970611572266,29.990432739257812,30.559764862060547,41.330814361572266,63.66817855834961,89.7104721069336,113.22535705566406,116.7468490600586,100.11756134033203,87.09976959228516,79.40396881103516,70.08216857910156
2025-09-30,82.49725341796875,78.50875854492188,77.20733642578125,78.3790283203125,85.21218872070312,98.51431274414062,108.01859283447266,97.82037353515625,78.89128875732422,64.58456420898438,58.73760986328125,56.07500457763672,54.618690490722656,52.10649108886719,55.777950286865234,65.56626892089844,84.36969757080078,109.5876235961914,128.72315979003906,136.9334259033203,118.39885711669922,105.10291290283203,99.19367980957031,92.57351684570312
2025-10-01,98.16735076904297,95.8486099243164,94.12565612792969,94.86561584472656,101.43150329589844,117.52667236328125,124.1379623413086,105.92688751220703,68.88613891601562,44.55282974243164,35.284664154052734,30.492061614990234,27.169044494628906,28.555469512939453,34.26578903198242,51.149845123291016,80.5829086303711,120.59888458251953,155.2799072265625,159.3238525390625,130.38558959960938,115.5029067993164,108.17040252685547,99.03844451904297
2025-10-02,100.41731262207031,97.45011901855469,97.79417419433594,98.50289154052734,104.86490631103516,121.31733703613281,130.4123077392578,117.7764663696289,83.09771728515625,59.84481430053711,46.282142639160156,40.60047912597656,34.83338928222656,35.73619079589844,40.163360595703125,54.765541076660156,83.8619384765625,129.79135131835938,159.13365173339844,161.34466552734375,134.2045135498047,123.31114959716797,117.1079330444336,110.60231018066406
2025-10-03,106.74241638183594,102.43080139160156,102.2957763671875,101.09124755859375,108.1370849609375,120.82681274414062,130.00344848632812,113.23866271972656,80.08377838134766,54.23067092895508,40.809417724609375,34.0863151550293,29.519088745117188,28.844146728515625,31.103374481201172,46.3342170715332,75.58097839355469,114.63377380371094,146.67169189453125,146.0029754638672,124.03255462646484,111.64781951904297,104.172607421875,97.3169174194336
2025-10-04,97.59259033203125,95.02827453613281,90.81584930419922,91.32662963867188,93.51538848876953,103.07371520996094,105.3734130859375,79.34783172607422,48.89358901977539,22.073524475097656,15.27730941772461,7.8647918701171875,2.6392135620117188,-4.243499755859375,-5.515098571777344,2.2347183227539062,20.542259216308594,63.50835418701172,96.05117797851562,103.40423583984375,95.07965087890625,85.12948608398438,75.05443572998047,63.781063079833984
2025-10-05,43.351173400878906,39.95024871826172,35.00653076171875,38.631629943847656,38.050838470458984,43.964332580566406,38.8131103515625,16.5126953125,-1.0122299194335938,-4.8715057373046875,-5.353759765625,-3.2003021240234375,-5.408912658691406,-9.212776184082031,-7.8638458251953125,-9.195114135742188,-6.518302917480469,19.987205505371094,53.620826721191406,58.797035217285156,57.88916015625,47.0106201171875,43.02246856689453,36.95768737792969
2025-10-06,57.70405197143555,54.95860290527344,55.23150634765625,57.39455795288086,68.58711242675781,90.09735107421875,102.70277404785156,88.12126922607422,58.74315643310547,42.708717346191406,35.21155548095703,34.06465148925781,30.876590728759766,29.93297576904297,35.46823501586914,51.085174560546875,77.35208129882812,111.44343566894531,141.4551544189453,150.19134521484375,125.88897705078125,108.57013702392578,106.13557434082031,99.02468872070312
2025-10-07,97.24375915527344,93.29727935791016,93.82320404052734,96.92743682861328,104.66436004638672,120.87003326416016,138.17800903320312,116.3825912475586,80.8730697631836,47.110496520996094,35.99933624267578,31.83206558227539,30.432140350341797,27.244056701660156,30.789539337158203,43.17741775512695,76.6809310913086,117.85821533203125,152.4780731201172,163.68820190429688,133.61094665527344,115.7515640258789,109.85722351074219,101.8596420288086
2025-10-08,102.09613800048828,98.1572265625,93.97789764404297,94.51100158691406,102.61648559570312,117.9655990600586,134.0432586669922,127.05661010742188,96.20048522949219,68.45295715332031,53.206298828125,44.94773864746094,38.337223052978516,33.57156753540039,37.403533935546875,49.02806091308594,72.92137908935547,107.36702728271484,131.394287109375,129.2019500732422,107.39539337158203,96.57706451416016,86.45774841308594,74.6937255859375
2025-10-09,77.452392578125,71.74118041992188,70.68817138671875,70.61146545410156,78.41006469726562,95.68019104003906,108.5086898803711,92.58299255371094,65.40104675292969,41.29599380493164,31.232044219970703,22.821990966796875,19.948829650878906,16.752426147460938,16.255504608154297,25.15933609008789,45.01710510253906,82.20803833007812,116.98143768310547,121.11863708496094,100.49617004394531,85.70514678955078,79.28530883789062,67.16777038574219
2025-10-10,86.51897430419922,84.57392883300781,81.80351257324219,83.79066467285156,93.21199035644531,106.74433135986328,117.99590301513672,106.3023452758789,80.38912200927734,61.27937316894531,52.331764221191406,47.49169158935547,41.751953125,38.793609619140625,41.325408935546875,56.193504333496094,81.60530090332031,113.60442352294922,140.1205291748047,144.78672790527344,128.12152099609375,117.33171844482422,113.2703857421875,103.07428741455078
2025-10-11,104.0776596069336,102.86090850830078,102.79857635498047,100.7471694946289,106.22360229492188,113.95001983642578,114.64561462402344,91.62989807128906,64.39494323730469,48.79725646972656,38.276065826416016,31.33675765991211,27.55477523803711,25.607280731201172,25.019336700439453,37.45590591430664,55.962303161621094,92.01737976074219,122.09307098388672,129.00086975097656,117.27357482910156,107.60843658447266,101.35118103027344,91.9451675415039
2025-10-12,91.15666961669922,88.94278717041016,86.73152923583984,84.83792877197266,86.8169937133789,92.58609008789062,90.97978210449219,70.99093627929688,43.47113037109375,24.69109344482422,18.10666275024414,13.470542907714844,12.577934265136719,10.943706512451172,13.73727035522461,25.466472625732422,50.37620162963867,90.15753173828125,115.14341735839844,119.39901733398438,110.31926727294922,102.54679107666016,94.9500503540039,88.49919891357422
2025-10-13,101.15253448486328,96.52103424072266,96.71160888671875,98.44971466064453,109.43000030517578,128.50482177734375,148.23826599121094,138.60118103027344,111.90096282958984,89.3239517211914,81.28279876708984,76.63487243652344,73.50526428222656,69.48138427734375,74.40081024169922,87.1488265991211,109.3679428100586,137.33868408203125,167.15701293945312,166.74853515625,143.0576171875,129.6537322998047,123.04348754882812,114.99813842773438
2025-10-14,111.37918090820312,106.91744232177734,104.72374725341797,103.07804870605469,113.29496765136719,128.5765380859375,147.66082763671875,137.47543334960938,104.9207992553711,79.08084869384766,68.90516662597656,62.18973922729492,57.21917724609375,54.46727752685547,57.2850227355957,69.36299896240234,93.92893981933594,134.5854034423828,164.0659637451172,162.59800720214844,137.6947784423828,124.83625030517578,116.78175354003906,110.01101684570312
2025-10-15,109.88044738769531,107.62425994873047,105.8857192993164,107.73190307617188,116.14724731445312,131.19989013671875,151.984375,145.13619995117188,119.23482513427734,99.25419616699219,86.23298645019531,83.5849838256836,82.35814666748047,81.23814392089844,83.56423950195312,94.71497344970703,117.67965698242188,147.91204833984375,168.64935302734375,163.50819396972656,139.08453369140625,127.57903289794922,120.20880889892578,110.82266998291016
2025-10-16,109.37227630615234,106.2035140991211,103.9779281616211,104.40936279296875,110.1912841796875,123.1109848022461,138.7410888671875,137.2728271484375,111.73226928710938,91.76981353759766,81.24665069580078,75.7952880859375,72.92108154296875,70.6324234008789,73.02055358886719,84.8725357055664,109.89701843261719,137.03892517089844,159.14218139648438,155.25274658203125,139.30169677734375,126.35034942626953,119.40217590332031,109.56678009033203
2025-10-17,116.46624755859375,113.12027740478516,112.40098571777344,112.7744140625,116.18205261230469,129.39259338378906,141.94766235351562,127.86418914794922,98.8559799194336,78.5089340209961,69.7693862915039,64.31848907470703,59.37306594848633,55.76873779296875,58.56544494628906,71.46373748779297,100.9710693359375,135.8215789794922,155.20932006835938,162.5072479248047,144.26034545898438,132.1608123779297,126.80503845214844,119.7116470336914
2025-10-18,114.44029998779297,111.53441619873047,109.24549865722656,108.86650085449219,113.1848373413086,117.24798583984375,116.77123260498047,107.30596923828125,87.22586059570312,72.61607360839844,65.43511199951172,62.23591613769531,56.50634002685547,52.68208312988281,57.35550308227539,65.5698471069336,83.1026840209961,110.16815185546875,131.16836547851562,138.611572265625,132.0509490966797,121.40589141845703,116.25696563720703,108.34199523925781
2025-10-19,70.94026184082031,64.92385864257812,63.20387268066406,59.50862121582031,61.587406158447266,66.66355895996094,74.477294921875,53.997493743896484,32.67940902709961,19.138195037841797,4.417060852050781,3.2779541015625,-3.9093780517578125,-8.383880615234375,-9.378623962402344,4.259132385253906,26.06824493408203,64.78240203857422,91.94656372070312,95.30098724365234,89.3171157836914,79.7486572265625,67.77259826660156,62.591732025146484
2025-10-20,33.257511138916016,27.574417114257812,25.015151977539062,25.6815185546875,35.64661407470703,54.11360168457031,75.59384155273438,73.5770034790039,52.88817596435547,32.11677169799805,20.604270935058594,15.941841125488281,13.72072982788086,5.436332702636719,8.465667724609375,17.08700942993164,42.67742919921875,76.48229217529297,100.03485107421875,102.23187255859375,88.00483703613281,74.89768981933594,66.6082763671875,56.346923828125
2025-10-21,24.09386444091797,20.54297637939453,15.587028503417969,16.44530487060547,28.15911102294922,49.16799545288086,70.00789642333984,71.37870025634766,48.94443893432617,28.167972564697266,18.70172882080078,11.462444305419922,6.478443145751953,-0.11259078979492188,1.1230010986328125,14.11715316772461,30.351016998291016,60.097801208496094,90.71299743652344,89.16499328613281,71.8671646118164,58.209197998046875,39.06183624267578,31.623641967773438
2025-10-22,27.307815551757812,23.542335510253906,19.778602600097656,20.841293334960938,34.85240936279297,56.69894027709961,74.03839111328125,71.07843017578125,45.105995178222656,23.706363677978516,10.566818237304688,6.496665954589844,-1.4585189819335938,-1.0995140075683594,2.6569747924804688,0.8838653564453125,14.07147216796875,53.448570251464844,81.36137390136719,79.90321350097656,55.403968811035156,43.657859802246094,33.81703186035156,23.567947387695312
2025-10-23,10.114768981933594,10.118209838867188,10.896835327148438,7.3526458740234375,21.805320739746094,35.24659729003906,58.37187576293945,53.90835952758789,33.352725982666016,21.037399291992188,12.819526672363281,7.9429168701171875,7.165596008300781,1.7263641357421875,6.928493499755859,18.79615020751953,43.360870361328125,73.96730041503906,98.63897705078125,112.3228988647461,100.47572326660156,78.80390167236328,78.05267333984375,65.18547821044922
2025-10-24,90.03469848632812,87.70545196533203,85.96624755859375,87.00013732910156,95.43413543701172,110.97740936279297,124.48246765136719,116.20767211914062,91.57581329345703,73.6963119506836,64.31382751464844,59.321372985839844,55.69914245605469,53.58633041381836,57.1117057800293,69.19630432128906,90.1381607055664,117.77808380126953,140.93678283691406,148.34840393066406,126.20207977294922,112.819580078125,104.26213836669922,97.31453704833984
2025-10-25,77.31938171386719,73.51800537109375,70.62193298339844,69.52713012695312,75.57864379882812,88.70211791992188,104.09038543701172,102.82286834716797,73.28299713134766,48.65749740600586,34.60771179199219,28.173954010009766,27.859729766845703,24.957172393798828,27.44241714477539,40.45636749267578,66.510009765625,102.35355377197266,127.7691879272461,127.60419464111328,107.289794921875,93.1688003540039,86.2489242553711,75.11656188964844
2025-10-26,74.83171081542969,69.18540954589844,68.12921142578125,65.67889404296875,67.44244384765625,69.87704467773438,71.8004150390625,61.023712158203125,43.606849670410156,30.10572052001953,19.2242431640625,14.940982818603516,11.336322784423828,10.46221923828125,10.448143005371094,23.477767944335938,47.01852035522461,76.69468688964844,98.4873275756836,102.37317657470703,94.40704345703125,87.29452514648438,81.14825439453125,70.94746398925781
2025-10-27,89.21813201904297,85.98759460449219,84.35931396484375,85.78107452392578,93.61920928955078,106.14091491699219,116.68355560302734,101.937255859375,73.8951416015625,54.78579330444336,46.70147705078125,40.171043395996094,39.62702178955078,35.63521957397461,39.20863342285156,53.37773895263672,79.31143188476562,115.88905334472656,139.95648193359375,149.14459228515625,132.93505859375,118.17832946777344,112.6738510131836,105.13395690917969
2025-10-28,107.88375091552734,104.5650863647461,102.07283020019531,100.1642837524414,109.67398071289062,126.38420104980469,142.63589477539062,139.19007873535156,113.6723403930664,92.08489227294922,81.30944061279297,75.11640167236328,70.79296112060547,69.4519271850586,72.99140167236328,85.14888000488281,107.29460144042969,130.31414794921875,147.88072204589844,144.2600860595703,123.99919128417969,111.77960968017578,101.72126007080078,94.828857421875
2025-10-29,77.54306030273438,73.04491424560547,73.21954345703125,71.13130950927734,76.70469665527344,91.25062561035156,109.29055786132812,119.1290283203125,107.11748504638672,93.81095123291016,83.7640380859375,83.50100708007812,81.78480529785156,80.3752670288086,83.14480590820312,98.78761291503906,117.81646728515625,134.71759033203125,146.74879455566406,146.8929443359375,129.18704223632812,117.5893783569336,108.53350067138672,101.1845474243164
2025-10-30,108.10894775390625,102.68424987792969,98.07452392578125,96.47248077392578,101.61418914794922,108.58243560791016,112.8123779296875,104.79977416992188,81.89122009277344,63.18886947631836,50.05681610107422,45.138587951660156,41.27128601074219,37.12403106689453,38.19281005859375,45.935752868652344,70.84424591064453,106.63179016113281,122.96691131591797,125.1612319946289,114.15727233886719,104.87097930908203,95.33562469482422,85.07879638671875
2025-10-31,61.50575637817383,56.523189544677734,53.49888610839844,52.61509704589844,58.30366134643555,70.43821716308594,88.41082763671875,88.38017272949219,71.88155364990234,51.922428131103516,40.92413330078125,36.38153839111328,31.325016021728516,30.148887634277344,30.350494384765625,44.485816955566406,66.83509826660156,93.55980682373047,109.06327056884766,108.13651275634766,96.96800994873047,86.59580993652344,75.02594757080078,62.3877067565918
2025-11-01,46.88917541503906,41.47098922729492,38.03840255737305,35.952880859375,37.949832916259766,51.04975509643555,55.673606872558594,58.650596618652344,45.08298873901367,37.42921447753906,26.820030212402344,22.55718231201172,22.028366088867188,22.3541259765625,22.734107971191406,35.674686431884766,61.98365783691406,89.72223663330078,111.21963500976562,114.26107025146484,108.60440826416016,97.11708068847656,88.35678100585938,80.39368438720703
2025-11-02,50.282310485839844,43.18518829345703,42.14240264892578,44.7060546875,52.7171516418457,54.44781494140625,63.08843231201172,40.66634750366211,15.020774841308594,0.4789886474609375,-7.9766387939453125,-4.256492614746094,-7.3188018798828125,-11.880374908447266,-6.611122131347656,5.7761688232421875,34.27669906616211,77.32830047607422,115.1672592163086,125.4398193359375,110.5536880493164,100.6170654296875,91.80883026123047,81.49658966064453
2025-11-03,88.6964340209961,84.97273254394531,83.62580108642578,84.17056274414062,94.8603744506836,112.52701568603516,132.04611206054688,122.36698150634766,89.96212005615234,69.4620132446289,54.86280822753906,49.64327621459961,46.26731872558594,44.575599670410156,49.787696838378906,64.94926452636719,90.29893493652344,124.37702178955078,154.0622100830078,154.41864013671875,125.04352569580078,110.79908752441406,101.764404296875,95.1806411743164
2025-11-04,67.20510864257812,63.415184020996094,59.89395523071289,58.97364044189453,69.10974884033203,88.49699401855469,111.20743560791016,103.47428894042969,75.33655548095703,53.87638473510742,43.485748291015625,34.676963806152344,26.592914581298828,21.619834899902344,25.329147338867188,35.80629348754883,59.57225036621094,94.52091979980469,120.87722778320312,118.59968566894531,99.0234375,83.3660888671875,72.22822570800781,62.641387939453125
2025-11-05,11.336906433105469,6.4368438720703125,1.256591796875,-4.2212982177734375,10.375541687011719,27.70069122314453,53.741302490234375,55.71805953979492,45.3036003112793,28.888042449951172,21.085102081298828,13.547889709472656,11.086669921875,3.0946006774902344,6.978717803955078,13.701587677001953,30.673694610595703,52.20780944824219,79.76284790039062,74.21499633789062,59.17139434814453,47.328147888183594,38.685302734375,32.41559600830078
2025-11-06,4.538673400878906,5.400611877441406,3.8684158325195312,-5.413787841796875,8.727409362792969,30.90984344482422,47.389984130859375,40.716064453125,25.066322326660156,8.225234985351562,4.851646423339844,-0.3602752685546875,4.486042022705078,-2.7498626708984375,-4.557895660400391,3.0041351318359375,26.775596618652344,55.781227111816406,81.16053771972656,88.97689056396484,78.26577758789062,64.7720718383789,56.4362907409668,44.773193359375
2025-11-07,67.57980346679688,63.21305847167969,61.176048278808594,61.51454544067383,69.59558868408203,79.73648071289062,94.03199768066406,91.88339233398438,76.09992218017578,63.462501525878906,54.88440704345703,51.58872985839844,48.15841293334961,49.10979080200195,53.739173889160156,64.58175659179688,85.01081085205078,108.6574478149414,122.2152328491211,126.81188201904297,116.38854217529297,102.50587463378906,94.85359191894531,89.72464752197266
2025-11-08,56.52955627441406,49.77646255493164,48.12309646606445,46.45673751831055,43.43109893798828,45.09221649169922,49.5667724609375,44.68312072753906,35.530067443847656,25.012760162353516,19.341209411621094,16.503490447998047,15.572624206542969,14.664875030517578,15.100418090820312,20.47460174560547,45.51847839355469,74.18605041503906,97.48789978027344,104.05001831054688,102.18866729736328,89.7439956665039,78.93399047851562,70.78185272216797
2025-11-09,64.9906005859375,61.64200210571289,60.70350646972656,61.89979553222656,71.34759521484375,81.30240631103516,86.31505584716797,72.59673309326172,51.167449951171875,33.39908981323242,30.630050659179688,27.73651123046875,26.391555786132812,26.371173858642578,26.59405517578125,39.18070983886719,64.81231689453125,96.66680908203125,121.9441146850586,133.32125854492188,118.61463165283203,104.57503509521484,101.69022369384766,92.639404296875
2025-11-10,80.69292449951172,77.10189819335938,74.64457702636719,73.78890991210938,83.44161224365234,101.17696380615234,118.71924591064453,115.76773071289062,89.34480285644531,66.55429077148438,55.850677490234375,50.90119171142578,46.84507369995117,44.929847717285156,49.35350036621094,65.08419036865234,89.10294342041016,120.66963958740234,143.47296142578125,140.36929321289062,118.27183532714844,106.51292419433594,97.40746307373047,89.11385345458984
2025-11-11,74.33074188232422,71.02815246582031,68.68191528320312,68.05482482910156,71.82603454589844,85.81744384765625,95.59589385986328,86.4738540649414,58.99924850463867,38.67598342895508,26.545921325683594,21.02664566040039,16.018898010253906,14.871963500976562,14.138252258300781,22.459941864013672,44.363704681396484,72.27517700195312,92.83442687988281,97.24189758300781,83.49679565429688,71.950439453125,57.11170959472656,45.61195755004883
2025-11-12,41.15992736816406,38.8760871887207,35.393253326416016,34.12730407714844,38.71149826049805,46.5325813293457,51.64393997192383,45.41979217529297,30.66771697998047,17.824249267578125,9.32553482055664,6.292694091796875,3.6584854125976562,0.857391357421875,3.843982696533203,6.3304595947265625,20.42767333984375,41.68433380126953,60.36823272705078,68.87065124511719,60.21638107299805,51.939125061035156,37.5601806640625,28.659820556640625
2025-11-13,20.784835815429688,20.537796020507812,18.347686767578125,15.371635437011719,25.3050537109375,33.27888488769531,43.7041015625,41.098018646240234,28.107269287109375,13.075115203857422,9.93399429321289,6.650123596191406,2.103912353515625,3.6498680114746094,0.6692924499511719,11.627849578857422,23.36585235595703,42.46715545654297,62.07421112060547,63.18585205078125,53.42760467529297,39.53929138183594,31.07360076904297,18.86174774169922
2025-11-14,14.800498962402344,6.785285949707031,3.461700439453125,3.2270355224609375,8.745269775390625,18.459915161132812,29.00445556640625,36.236732482910156,29.607418060302734,19.229190826416016,15.53012466430664,12.894367218017578,13.682918548583984,11.190898895263672,12.619338989257812,14.997154235839844,30.347270965576172,44.23777770996094,61.4409294128418,68.80473327636719,58.63365173339844,44.45861053466797,32.70689392089844,28.854652404785156
2025-11-15,25.748023986816406,19.24346923828125,18.70055389404297,14.213302612304688,9.416107177734375,17.061508178710938,29.226158142089844,39.91364288330078,33.37273406982422,24.351215362548828,22.396446228027344,18.94144058227539,18.647281646728516,18.103130340576172,17.989784240722656,26.775920867919922,42.41346740722656,61.402862548828125,74.35671997070312,79.95870971679688,73.40711975097656,58.835235595703125,52.28377151489258,46.185489654541016
2025-11-16,31.312850952148438,19.310546875,17.109390258789062,18.27599334716797,14.179901123046875,18.54181671142578,26.08368682861328,27.469680786132812,19.755516052246094,11.558120727539062,3.720977783203125,5.997520446777344,7.89813232421875,5.7101287841796875,9.69561767578125,16.570755004882812,41.33701705932617,72.04500579833984,95.07682037353516,103.51359558105469,99.58824157714844,86.26140594482422,76.68748474121094,73.30964660644531
2025-11-17,70.41726684570312,65.32232666015625,63.405582427978516,60.738670349121094,66.85592651367188,78.73397064208984,91.13583374023438,89.9592514038086,71.47283935546875,57.15987014770508,50.96005630493164,45.86415481567383,41.375244140625,37.81622314453125,37.6807975769043,43.88981628417969,54.801025390625,74.088623046875,95.98448944091797,98.80155944824219,84.28404235839844,71.19564819335938,59.04637145996094,49.49520492553711
2025-11-18,69.23616790771484,64.30281066894531,61.01081848144531,61.072967529296875,67.83845520019531,88.4313735961914,106.23277282714844,105.38811492919922,80.16102600097656,56.88035202026367,44.81576156616211,43.050323486328125,38.912841796875,35.89405059814453,42.409217834472656,60.190521240234375,90.19734954833984,131.63919067382812,159.41690063476562,161.3313751220703,136.66139221191406,117.90193939208984,110.0490493774414,99.98316192626953
2025-11-19,112.13361358642578,107.29019927978516,104.97900390625,103.06781005859375,107.15535736083984,119.69746398925781,136.87289428710938,135.50579833984375,114.27552795410156,89.62016296386719,74.62609100341797,68.79519653320312,64.54965209960938,62.06947708129883,64.36282348632812,74.25276947021484,98.69097900390625,126.571533203125,142.588134765625,139.28656005859375,123.53813934326172,114.93020629882812,103.4425277709961,94.48612976074219
2025-11-20,88.79043579101562,84.83472442626953,81.10175323486328,79.35565185546875,83.81217193603516,94.94076538085938,103.67875671386719,103.35004425048828,85.46034240722656,66.39752960205078,57.29104995727539,50.6811408996582,47.04060363769531,44.486900329589844,45.006534576416016,53.66576385498047,75.31222534179688,102.71894836425781,114.69796752929688,110.59882354736328,101.41075897216797,91.70987701416016,81.53081512451172,73.56758880615234
2025-11-21,61.47076416015625,58.232749938964844,55.457637786865234,52.90640640258789,54.62199401855469,69.44013977050781,81.50224304199219,82.93705749511719,67.11382293701172,50.23211669921875,40.478431701660156,37.03458786010742,33.077239990234375,31.279096603393555,36.18159866333008,51.94847106933594,76.6875991821289,106.06414031982422,122.98485565185547,124.79289245605469,111.00837707519531,99.65604400634766,92.86955261230469,84.10086059570312
2025-11-22,76.47389221191406,72.21871948242188,66.85316467285156,65.50013732910156,65.32904052734375,70.30593872070312,77.26962280273438,82.20670318603516,61.11206817626953,38.730224609375,24.828670501708984,19.804080963134766,15.492927551269531,10.588420867919922,13.557849884033203,30.464710235595703,59.160797119140625,93.34571838378906,104.69854736328125,104.56367492675781,100.05123901367188,92.66663360595703,82.55305480957031,71.80908966064453
2025-11-23,54.41512680053711,48.31087112426758,44.76036071777344,42.42054748535156,44.88838195800781,49.807464599609375,56.41489028930664,49.41444396972656,32.65140151977539,17.4049072265625,9.256954193115234,7.094997406005859,6.558414459228516,3.35626220703125,3.9747467041015625,15.10415267944336,31.483753204345703,57.1479606628418,77.8038330078125,73.75167846679688,64.6425552368164,61.368465423583984,51.10613250732422,41.189754486083984
2025-11-24,22.97435760498047,15.743179321289062,11.967308044433594,14.682960510253906,23.106964111328125,37.180152893066406,58.525840759277344,59.8156852722168,47.395999908447266,29.563282012939453,25.674518585205078,23.704421997070312,16.989219665527344,19.85843276977539,21.300689697265625,28.29397201538086,51.02264404296875,71.23721313476562,96.21300506591797,96.63185119628906,81.52719116210938,70.7977294921875,61.704132080078125,48.36993408203125
2025-11-25,34.23299789428711,28.356201171875,25.812255859375,27.1778564453125,35.79378128051758,47.15303421020508,61.42787170410156,56.46420669555664,44.11219787597656,34.47037124633789,23.970733642578125,20.007369995117188,20.173927307128906,20.804702758789062,22.985137939453125,34.26866149902344,54.865943908691406,81.7117919921875,101.25837707519531,108.69692993164062,98.13311767578125,85.467041015625,79.6383285522461,70.97697448730469
2025-11-26,61.62209701538086,56.15098190307617,52.399742126464844,51.64503479003906,60.04719543457031,75.78678894042969,89.82174682617188,82.70038604736328,55.901668548583984,37.989402770996094,27.188156127929688,24.821929931640625,22.27629852294922,22.388385772705078,22.82370376586914,35.56490707397461,61.14418029785156,93.9669418334961,117.71371459960938,122.28852844238281,105.92405700683594,90.18252563476562,84.89755249023438,75.83474731445312
2025-11-27,82.13890075683594,79.41703033447266,77.73887634277344,77.47216796875,86.19693756103516,103.0205307006836,123.51171875,119.50169372558594,93.28514099121094,71.7579574584961,62.53042221069336,57.730384826660156,56.27812194824219,52.97111129760742,57.34162521362305,75.89808654785156,105.40960693359375,136.1294708251953,160.99575805664062,162.25001525878906,138.89413452148438,123.58007049560547,119.10992431640625,111.7587661743164
2025-11-28,99.54348754882812,95.46615600585938,92.79352569580078,91.80896759033203,98.36717987060547,113.20500946044922,131.82049560546875,134.72048950195312,109.84475708007812,84.44322967529297,73.7358169555664,67.89083099365234,65.55601501464844,64.75530242919922,67.85405731201172,82.21736145019531,110.84315490722656,143.2156524658203,166.08299255371094,164.0777130126953,139.4886932373047,126.30999755859375,115.85462188720703,108.03760528564453
2025-11-29,97.31684112548828,92.77257537841797,89.9634017944336,88.44036102294922,91.30278015136719,96.9853515625,108.75364685058594,107.75541687011719,91.33642578125,74.95101928710938,65.49658203125,59.8815803527832,56.77472686767578,53.60648727416992,57.056121826171875,66.69476318359375,90.25018310546875,113.50228118896484,125.93711853027344,123.89530181884766,111.73834228515625,103.28021240234375,95.42355346679688,87.4050064086914
2025-11-30,61.4497184753418,59.205318450927734,56.3316764831543,54.854156494140625,54.51627731323242,53.63935470581055,59.50020217895508,60.6730842590332,51.69253921508789,40.50669479370117,35.72694396972656,33.09883117675781,31.305740356445312,28.636051177978516,28.95357322692871,38.6759033203125,56.330474853515625,76.14889526367188,90.19186401367188,93.00141906738281,92.195068359375,82.33775329589844,73.400146484375,65.43984985351562
2025-12-01,89.59466552734375,86.95729064941406,83.79632568359375,83.38314819335938,89.74899291992188,99.40213012695312,112.39381408691406,112.97684478759766,96.41455078125,83.53455352783203,76.4156723022461,69.89307403564453,67.16655731201172,64.99917602539062,69.35759735107422,79.48684692382812,97.84310913085938,113.115478515625,121.47148895263672,119.25782775878906,107.44258880615234,99.1121826171875,91.85852813720703,84.20252227783203
2025-12-02,82.10739135742188,78.48772430419922,75.39581298828125,74.50115966796875,81.12980651855469,92.51630401611328,108.72528839111328,117.40127563476562,105.06954956054688,91.7464599609375,83.90292358398438,80.89161682128906,78.18644714355469,78.26504516601562,80.09453582763672,90.60189056396484,104.97377014160156,118.95619201660156,127.11625671386719,120.53715515136719,109.14813995361328,100.61412048339844,90.6256332397461,83.38114929199219
2025-12-03,77.09577941894531,72.83724975585938,68.77040100097656,66.11915588378906,70.16587829589844,81.8053970336914,95.19573211669922,92.78704833984375,73.29023742675781,57.32499694824219,47.19816589355469,41.32304382324219,37.19842529296875,33.7491455078125,36.10835266113281,42.7696533203125,61.5719108581543,85.0522232055664,101.46023559570312,99.5328369140625,90.37060546875,79.40267944335938,67.79484558105469,56.39106750488281
2025-12-04,54.88116455078125,50.02605438232422,45.123294830322266,45.29716110229492,49.580078125,60.95406723022461,78.50624084472656,82.0687484741211,71.68690490722656,57.8741340637207,47.702850341796875,42.93171691894531,42.79669189453125,38.28746795654297,38.657501220703125,50.91386413574219,70.42528533935547,88.95421600341797,96.32470703125,94.09317016601562,86.00830078125,76.58163452148438,64.6497573852539,55.572959899902344
2025-12-05,54.363067626953125,49.93293762207031,47.0417366027832,47.709808349609375,54.44809341430664,62.45848846435547,77.0548095703125,82.11540222167969,74.3155288696289,64.89456939697266,57.15330505371094,53.85498809814453,52.29404830932617,50.51913833618164,53.296939849853516,61.74620819091797,75.42340087890625,89.33821105957031,99.17604064941406,100.90513610839844,95.08678436279297,83.89765930175781,72.67439270019531,67.09089660644531
2025-12-06,41.73518753051758,38.498355865478516,35.72072219848633,35.24179458618164,39.489601135253906,47.09796142578125,61.41666030883789,68.26068115234375,61.562049865722656,53.7515869140625,48.89769744873047,45.6839714050293,39.909889221191406,40.74788284301758,41.096588134765625,50.59740447998047,63.95706558227539,77.04411315917969,89.89273834228516,95.1552734375,85.31305694580078,77.90867614746094,67.4364242553711,62.55234909057617
2025-12-07,44.429603576660156,37.81550216674805,30.054931640625,26.139137268066406,23.505706787109375,15.4783935546875,29.007400512695312,44.715274810791016,37.322296142578125,29.942527770996094,23.978992462158203,24.816551208496094,18.632423400878906,15.918216705322266,18.567142486572266,34.47655487060547,56.01273727416992,73.12924194335938,83.00773620605469,92.28219604492188,90.51666259765625,80.56245422363281,66.59138488769531,58.88926696777344
2025-12-08,66.3733901977539,62.60960388183594,59.965572357177734,58.7841682434082,68.2466812133789,83.6561279296875,99.63895416259766,103.3179931640625,87.22431182861328,70.85350799560547,63.51370620727539,61.311546325683594,60.76836013793945,58.247093200683594,61.02256393432617,70.58399963378906,88.61705780029297,109.38581085205078,125.18840026855469,126.0539321899414,108.88003540039062,95.5871810913086,88.09474182128906,81.81231689453125
2025-12-09,49.11967086791992,44.067745208740234,41.628238677978516,40.78555679321289,41.55213165283203,52.87401580810547,72.33946990966797,81.6794204711914,65.41024780273438,51.47509765625,38.703407287597656,35.469879150390625,35.24199676513672,33.56903839111328,33.39286804199219,48.4683723449707,73.86229705810547,96.72916412353516,116.10159301757812,120.76526641845703,107.01551055908203,96.87957000732422,88.51287841796875,82.7129135131836
2025-12-10,97.65400695800781,94.74237823486328,93.80913543701172,92.88868713378906,99.81468200683594,110.1705551147461,128.05902099609375,133.01290893554688,122.0677490234375,111.17779541015625,102.8007583618164,101.53213500976562,100.68474578857422,100.19015502929688,103.24107360839844,113.35603332519531,128.25735473632812,145.16610717773438,152.45330810546875,150.8616485595703,135.16342163085938,121.03944396972656,112.066162109375,106.72566223144531
2025-12-11,99.6929702758789,95.70854187011719,91.47895050048828,88.50569152832031,92.6302490234375,99.38970184326172,108.9262466430664,115.36854553222656,105.96585845947266,90.97671508789062,81.5608139038086,77.47573852539062,74.48833465576172,72.15620422363281,74.99269104003906,85.5355453491211,103.91397094726562,118.68768310546875,123.91193389892578,122.88398742675781,115.60408020019531,108.41191101074219,99.56672668457031,91.8154525756836
2025-12-12,88.09331512451172,85.31816864013672,79.673828125,78.69583129882812,83.23472595214844,87.48773956298828,97.6287841796875,106.10411834716797,104.59259033203125,96.70929718017578,91.3597640991211,90.73025512695312,87.81381225585938,87.32661437988281,88.16139221191406,96.81413269042969,106.21138763427734,112.33349609375,113.262451171875,111.12135314941406,107.58025360107422,100.42604064941406,91.29190063476562,84.78900146484375
2025-12-13,88.32453155517578,82.10575103759766,78.82237243652344,75.88838195800781,76.13020324707031,79.17874145507812,88.36447143554688,95.31121063232422,88.7760238647461,76.11859893798828,64.65716552734375,61.57654571533203,59.62791061401367,57.9930305480957,60.87712097167969,74.42743682861328,95.24932098388672,111.159912109375,118.48936462402344,121.71194458007812,116.74523162841797,108.28213500976562,99.7780532836914,93.69934844970703
2025-12-14,81.499755859375,76.853759765625,73.68729400634766,72.69369506835938,73.41642761230469,77.89788818359375,83.01171112060547,88.43843078613281,80.8614730834961,70.6184310913086,61.102622985839844,56.930625915527344,55.66090774536133,54.93148422241211,57.336090087890625,66.86375427246094,82.71343231201172,95.61121368408203,100.48152160644531,104.29013061523438,100.63556671142578,93.38323211669922,83.66452026367188,78.59191131591797
2025-12-15,76.67044830322266,73.57003784179688,69.25776672363281,68.39322662353516,72.9462890625,85.33025360107422,105.24962615966797,116.00898742675781,108.46037292480469,98.09583282470703,91.57148742675781,88.91394805908203,85.70305633544922,87.23989868164062,89.70550537109375,100.74839782714844,121.54707336425781,127.80439758300781,135.39126586914062,132.13897705078125,120.54754638671875,107.50601196289062,99.6779556274414,94.07344055175781
2025-12-16,93.4649887084961,90.67640686035156,86.7236099243164,87.4833755493164,91.22681427001953,100.57084655761719,114.29811096191406,120.50480651855469,115.12309265136719,109.92253112792969,103.39730072021484,100.36328125,97.55245971679688,97.33096313476562,99.40423583984375,107.17298126220703,115.16665649414062,122.82610321044922,127.27832794189453,122.398193359375,115.67188262939453,108.96415710449219,99.45623016357422,93.31597137451172
2025-12-17,82.61553955078125,80.50325012207031,78.3143310546875,77.81059265136719,81.46463012695312,90.79930114746094,100.01327514648438,105.96971130371094,95.202392578125,85.51721954345703,77.28684997558594,75.5023422241211,71.25102996826172,71.65142822265625,74.51513671875,84.48413848876953,101.82996368408203,114.6342544555664,121.22608184814453,120.79510498046875,112.5287094116211,104.17057800292969,98.12086486816406,93.5025634765625
2025-12-18,91.61670684814453,86.22100830078125,82.80811309814453,80.481201171875,83.38837432861328,91.8204345703125,102.84436798095703,107.45216369628906,96.24906158447266,81.8589859008789,70.73006439208984,67.96400451660156,65.66600036621094,65.8278579711914,68.51753997802734,83.05149841308594,106.08780670166016,124.44510650634766,131.60813903808594,127.78446197509766,121.14881134033203,114.73656463623047,105.51179504394531,101.34068298339844
2025-12-19,92.28192901611328,88.61002349853516,84.96009826660156,84.87091827392578,89.15531921386719,96.95108032226562,107.20276641845703,113.19951629638672,113.68852233886719,104.69930267333984,98.74376678466797,96.17102813720703,97.65754699707031,97.8886489868164,99.72793579101562,109.09393310546875,117.45662689208984,124.11925506591797,123.44812774658203,125.73045349121094,117.52581024169922,108.978515625,102.51527404785156,97.80913543701172
2025-12-20,84.69802856445312,80.37751770019531,75.87964630126953,73.96867370605469,74.54049682617188,80.43647766113281,81.82201385498047,83.92231750488281,74.09587097167969,66.89195251464844,59.11341094970703,53.396549224853516,50.19807434082031,48.27281951904297,47.83012771606445,53.85779571533203,69.65471649169922,85.26907348632812,90.84858703613281,95.58885955810547,92.74739074707031,83.71821594238281,74.35328674316406,67.55836486816406
2025-12-21,49.05994415283203,45.94710159301758,42.1424446105957,41.05854034423828,40.69911575317383,44.478633880615234,60.70427322387695,68.5046615600586,64.29742431640625,52.326114654541016,47.4246826171875,40.996585845947266,38.14103698730469,38.203983306884766,41.332313537597656,48.82271194458008,67.42491912841797,82.89588928222656,91.69711303710938,91.94998168945312,86.31230163574219,76.9628677368164,69.63761901855469,59.88091278076172
2025-12-22,63.37501907348633,57.80982971191406,55.99861145019531,52.892822265625,54.08880615234375,61.080936431884766,75.38257598876953,81.2928466796875,73.1632080078125,63.89049530029297,54.53319549560547,52.002140045166016,47.860496520996094,44.39249801635742,45.63924789428711,57.23759841918945,73.16815948486328,87.69593811035156,91.99253845214844,90.01783752441406,85.69316101074219,78.47023010253906,68.04283142089844,61.06901168823242
2025-12-23,67.24736785888672,63.34032440185547,60.510154724121094,59.63105010986328,66.77588653564453,81.37371826171875,99.44094848632812,107.25244140625,99.36579132080078,92.12730407714844,87.72471618652344,85.55058288574219,84.00494384765625,82.45024871826172,86.45828247070312,94.87757873535156,105.13070678710938,118.77130126953125,128.14871215820312,125.6773910522461,115.54167938232422,103.46076202392578,95.02908325195312,89.85891723632812
2025-12-24,66.90435791015625,62.18828582763672,60.2988166809082,60.05194091796875,61.623592376708984,65.83036041259766,78.38288879394531,82.96908569335938,76.09622192382812,66.37399291992188,57.49319839477539,54.85445022583008,50.380157470703125,46.947784423828125,48.995018005371094,56.73501968383789,70.56195831298828,80.61312866210938,85.56430053710938,85.98574829101562,80.10626983642578,72.98397827148438,62.844505310058594,53.277099609375
2025-12-25,41.17255783081055,36.9228515625,35.723140716552734,38.673824310302734,41.085689544677734,53.722591400146484,75.23240661621094,85.59798431396484,79.05735778808594,70.82855224609375,65.42252349853516,63.12704086303711,63.23162841796875,62.32176971435547,65.57618713378906,73.56703186035156,89.89136505126953,109.01057434082031,122.24166107177734,127.82903289794922,116.57410430908203,100.8805923461914,90.98844146728516,84.36969757080078
2025-12-26,79.84501647949219,76.65704345703125,73.682373046875,72.54988861083984,75.69674682617188,85.61255645751953,94.54127502441406,97.83555603027344,90.77686309814453,79.68032836914062,72.13897705078125,69.0595703125,66.64723205566406,66.75316619873047,69.80270385742188,81.69820404052734,96.8991928100586,110.73989868164062,116.36152648925781,115.60675048828125,108.7152099609375,101.20848846435547,93.80411529541016,88.55431365966797
2025-12-27,85.55758666992188,79.93155670166016,75.30105590820312,73.47686767578125,74.47471618652344,82.28895568847656,90.2459945678711,91.81268310546875,84.72064208984375,73.9331283569336,65.18606567382812,60.92670822143555,56.90803146362305,52.54404067993164,55.166709899902344,62.20491027832031,75.88818359375,89.40090942382812,95.61662292480469,91.57147216796875,87.69963073730469,81.26658630371094,72.37240600585938,65.88963317871094
2025-12-28,62.67198181152344,58.940589904785156,57.72780990600586,56.392127990722656,60.24452209472656,67.9444808959961,75.24359130859375,80.9598388671875,78.3126449584961,74.68446350097656,71.7370376586914,67.75808715820312,65.07243347167969,63.15205001831055,64.81510925292969,73.6704330444336,87.5898208618164,96.93480682373047,103.09333801269531,105.39482879638672,102.18899536132812,93.9499740600586,86.96310424804688,80.1753921508789
2025-12-29,89.40576934814453,85.20336151123047,82.78221130371094,81.9568862915039,86.0522232055664,95.43363189697266,108.3187026977539,115.572998046875,112.75308990478516,103.96102142333984,95.57740783691406,93.97247314453125,93.63941192626953,90.82909393310547,96.11231994628906,106.69548034667969,118.17652893066406,127.14310455322266,132.7995147705078,127.33026123046875,118.20142364501953,109.96308135986328,102.78861236572266,99.87223052978516
2025-12-30,97.75321960449219,94.33589172363281,90.12952423095703,88.15692901611328,91.95185852050781,100.63934326171875,108.81302642822266,115.0256576538086,105.67432403564453,93.24630737304688,84.09075927734375,80.18502807617188,78.07351684570312,77.00900268554688,78.87022399902344,88.13287353515625,105.25277709960938,117.63687896728516,120.08894348144531,117.05188751220703,108.72920227050781,104.11359405517578,95.97242736816406,90.55035400390625
2025-12-31,93.35013580322266,89.53992462158203,87.7795639038086,88.17247009277344,92.77350616455078,101.8990478515625,113.88775634765625,120.01348876953125,111.63336181640625,100.77398681640625,94.77137756347656,90.5376205444336,89.60262298583984,91.09150695800781,95.90808868408203,105.44418334960938,123.24333190917969,133.63206481933594,137.3206787109375,137.61575317382812,127.58051300048828,119.06394958496094,112.18607330322266,108.70291900634766
