forecast_day,h01,h02,h03,h04,h05,h06,h07,h08,h09,h10,h11,h12,h13,h14,h15,h16,h17,h18,h19,h20,h21,h22,h23,h24
2024-01-04,82.13952483838278,76.90714124288031,74.58086001554365,72.37896688584149,75.30472902704474,81.72390341910587,93.61677672936993,105.30143190312933,104.61427895746958,100.07153114308633,96.57980380340118,95.43659108671059,94.80031266319091,96.92742513007659,98.23081114233676,100.19147936902638,106.84568121909255,111.13907610290082,114.23131469984773,116.42601230810362,112.23173699732871,99.57961348781535,93.39714541800147,84.55730635178794
2024-01-05,75.81291231274857,68.45014125760483,59.3047630986435,51.17308803432222,46.593343235180946,49.27794281343937,51.44043009530425,64.19898797637046,70.12521287555231,51.025944475683744,35.51512971889644,30.50051107546227,26.418304795401525,19.43094168206244,18.939789690653313,17.157917433417154,38.67905399018338,55.947338003425955,64.07415043937182,72.18597953389703,70.8876830087716,60.36900020784841,41.241270888753945,27.748674990935214
2024-01-06,40.607331308347256,33.60310690365095,22.898476110602843,17.418932032823975,17.392351720787744,30.533598768272284,30.918037094694185,47.67604990587098,47.11518285039396,34.51802842662313,18.574021622114913,15.175501545169922,15.297034184749378,11.661392679536448,3.7615580071455383,24.63468517437647,58.11523655929995,76.27579815404425,81.77822026725454,86.24739817399563,79.37033990044448,74.39392368047709,55.49234099217785,57.83521399221497
2024-01-07,77.96925973841964,71.52829198885695,66.46721177794306,63.31922114525511,65.95286454030798,61.16324844270321,67.14536356575479,73.41490516797529,70.95917098445753,66.94203887091355,60.20427687143489,50.10198785125328,53.076814770743034,55.528655997804734,47.15517034353415,65.91902826467935,88.8377560829004,106.63275214233937,110.70482033294205,113.09139641050552,103.46919313089566,98.0164277958484,82.56718951873911,75.5418714802976
2024-01-08,78.7996852093935,73.628476894052,70.70276900413992,69.9241717676413,80.64175975243727,95.17775924246311,120.28784722221637,128.50099703368622,115.14348704857251,93.95615196895513,88.6160445672035,89.93779341948797,94.99169510625687,100.12468328530468,104.69801461377692,117.90215828407841,134.90909605140783,149.63340074287837,148.7773030019444,142.52857671440955,130.72963383769897,126.96042911096468,119.38732096619476,121.17498436873498
2024-01-09,94.44414383713199,91.81495501265913,88.98729454795898,89.79051142336512,94.72113211554431,100.65430538058457,104.76151390143417,117.2383185889859,120.31216664153904,119.76662743291594,118.00230095913007,117.96575925404042,120.22158017735808,123.52246515273283,125.41550052907141,133.87578770683453,134.57802232575546,134.37688143720138,138.02387262559867,133.87287583327037,126.81356979176172,116.6110694366125,105.59608903707735,100.92626560155631
2024-01-10,87.04145077692603,84.66716989101369,83.37061073594138,82.23993933327684,83.0644902637218,88.27302450432842,99.77412876022126,109.55501798418521,110.00651062239116,103.3418191097029,100.55581139487968,96.81990511824627,93.37017804649678,91.92856024728749,96.28877936459403,101.34364942574162,109.77531338227598,109.76361927422934,114.54041761821306,116.03907826979199,105.87014986547274,89.13220688604713,79.91359461123884,76.74219993372999
2024-01-11,83.84483037436664,78.70804659501596,75.61397268464438,72.5992581689761,77.07898491911254,88.90743386882374,100.84244093894385,113.78771111242816,109.4190281574094,99.53313983365018,94.7552736699439,92.3289574854059,90.55173200020027,87.56774355430329,87.81060209919745,94.36092636374423,109.1701925097428,122.36815101347256,132.8175709977415,128.6237050689371,118.19732455145058,109.08155172771885,99.20322805941181,96.21174246574282
2024-01-12,84.54375232970727,83.75954039979266,82.66881811863172,82.12207958503099,86.6488646717685,99.1757307747122,113.36329520188944,121.27099023570877,113.01105596102191,101.86545504574092,93.41462379158287,92.57544351337975,91.9627258588749,94.70990873315442,96.41832579545026,109.21645931646324,123.91051798623761,134.2378471994912,138.47340562177192,130.2789637370338,119.88556478392151,109.61510509634944,102.48332141139791,98.1945352511903
2024-01-13,84.0034608625036,80.57675088331806,76.69458394542542,74.37823082246365,73.81288112627689,76.8218621025101,81.65951894191329,88.19684285863428,91.62787735276024,88.3690138019721,81.60965473909958,78.953091441887,80.68679924488629,83.95280406549611,85.20093943655141,90.78012661637301,102.7795256059949,112.66411108046513,115.33185470384487,108.89852522686746,102.01858066146248,98.56785337937364,85.44665603727358,81.81395408814905
2024-01-14,76.08947302121108,69.93871141064032,61.295775526498396,56.588406811884084,54.04091170900852,56.297596484374075,53.80299143085908,60.548668374752566,70.4166903239556,67.68203259315898,58.73264325340997,51.97049733396487,55.395675048577765,47.902368198594665,41.752469353936355,47.88150637687427,55.296802972816835,67.81788531100833,76.38839462059494,79.85996649262421,85.45574710727495,80.2903158139813,61.66797416148752,59.222552040461835
2024-01-15,73.3378883516967,68.29852949990351,65.6717620976071,64.85268967891795,73.12014437567217,81.13335523693975,102.33725554603623,113.51758279423532,118.69652832580954,112.06334011320216,102.6867139603562,94.07793115740544,89.73413553268057,86.08264130065406,86.10191682009572,89.5888495046371,97.49049182755331,106.64932482544741,120.20319644738899,114.93223454053104,112.92242687484887,104.25425245595002,91.45881778223591,84.42295215719034
2024-01-16,80.7192434558312,74.86754791451263,70.57863468833467,68.13471762229543,69.91622075956788,74.19328633287057,89.06004945739589,98.00463857579005,96.62087163079201,90.16987182689562,85.95818304510846,81.13664020101373,77.86997244599803,80.64135006439017,80.36857535596975,83.37736275156226,88.29985208580277,94.34059211414105,98.8205430856084,99.33847870602584,92.60043930430331,82.8686004436415,68.30688751968637,53.250845955863504
2024-01-17,11.459152053901505,5.749224567837047,0.34987257563001606,-3.7156670230506563,-0.1375850639687144,15.618532045266875,45.88651228261391,66.57669262525661,64.40190228135825,49.79928096264562,40.35327831155511,36.7716492338143,33.943643583370694,30.81135214808193,31.298915787449367,37.59595701154895,58.37628917216967,65.91113882383536,75.61802768372544,81.9509546930548,71.99167316624141,58.066026399099016,40.37168962126201,27.087647299228948
2024-01-18,-0.4356386539721626,-4.577584535493685,-7.344240400949474,-10.122485496105924,-4.998417283842954,10.769902426879668,40.20549234742256,53.79195200141537,50.04657859489704,44.30166357281485,35.70745843236439,31.76811466773809,28.77051780871301,26.551250305116255,30.233234292551394,43.55153898166677,68.36707261169414,84.25529475113149,94.17980414481084,94.69725367920987,85.27408089466182,79.8597995973947,68.95677129176579,65.72897912474475
2024-01-19,66.92502196266602,62.06443978035968,56.82364660875289,50.87956248745953,52.095662797715306,52.25137712682836,72.97891791188782,84.22745889755876,82.26714451997874,80.44181138766547,76.09804622597956,73.75670760417967,68.76402654134787,68.66441435041523,71.58761507337412,69.33187849398718,72.88304386372673,65.53649177705498,70.38458479599065,78.92847144241259,74.87202286477618,61.76810787052031,57.27544884190738,46.67157448893806
2024-01-20,66.04533971835042,62.976263313481255,61.48478060764521,62.618245221768234,65.9875317852684,66.1923560233291,79.17700986810775,92.62746708519705,98.18908901994773,93.7649941009425,85.85363706564576,81.96166328234993,84.45515413145554,79.68100171313749,73.35811821041295,84.6794825620423,98.12666002804224,112.91593092067252,117.77229056788994,114.30887416123008,108.37726310626621,103.39874221406227,94.7349204146017,92.42252033202976
2024-01-21,60.433851311812475,57.665220409723645,52.50586449725253,49.677946671366996,46.70712743603211,49.9692877145376,52.77022056244172,61.516657480798344,54.79887014787654,43.93679213003796,31.654118199302047,27.023898399230987,29.085660855465207,32.323971859385146,31.583671647008416,44.623586418795824,71.17908411776719,92.10949889591078,94.4903960886762,94.47188062633988,87.27359208329165,80.56228747357517,68.40086108883993,64.03222738051772
2024-01-22,40.460148896639396,36.29872584147202,31.954358987158088,29.320034360586504,37.18333728703753,50.89965815243161,75.50694267900411,87.84825137985717,70.21462780526838,57.59068134402323,55.76891480527406,50.20325715664821,48.00087013294414,51.214276852235365,53.76107958378654,60.10125282841545,82.09397947050573,99.16252718447909,111.54643438913214,105.84657996032846,97.52831312963161,83.28595033909329,73.25224724576083,65.66710338615209
2024-01-23,58.65998386037986,57.299084942219324,56.18644260243518,57.049154685442524,61.344083041709695,72.62753224314982,93.30479474553204,107.19055984266237,93.16846209191463,76.66348260105953,75.29159852577256,66.86151869091336,64.90491422453299,65.8528858582729,70.41438073243754,74.99995317895869,94.49687167187587,110.0673816079121,123.92535437755987,123.7795985873387,111.81570328002385,97.75963650392416,93.39586727622103,89.08844084965408
2024-01-24,82.7092591083808,79.986932850525,78.69975440909516,77.51061996970485,79.38746364655579,86.40405973592372,100.78244425058863,110.92622255063995,104.59641078762799,88.73680695071752,76.28860889534025,77.03216447909874,74.34328693774779,68.91051681051773,72.28936484978038,78.35581751677108,94.12877467120647,110.11538985028112,121.25439208532023,118.70363904825817,105.48825312636424,92.76135738333613,85.15109836369226,81.84792764783856
2024-01-25,61.891221594788384,60.681544626606254,59.527618002905356,58.52058950397555,60.111859190197514,71.89627310468012,88.50223701529592,99.21000114734336,84.49079317865196,68.32825447393458,60.77438215520921,55.038339991958914,52.777401517185986,54.506585804695845,55.49098577227746,65.67342845606285,85.07560758737604,105.55112801086327,127.40515432098563,128.45037051893684,108.31678519281742,92.63454744769135,85.84147437644616,85.67170558088009
2024-01-26,61.42884716274602,60.90253488496374,58.64359064038143,55.71110527224288,57.42841339200449,67.98754689785315,83.54039354832821,93.4188196265203,79.32211600882533,61.394229308869484,59.98305651622668,51.24715099255455,51.76404329138156,52.65789257197972,53.398052702056376,58.35139924734055,75.69996328702516,92.98137841949944,114.34925967270519,118.5335579539039,99.36403427575809,83.3708087205619,79.09913466154055,72.92091213903194
2024-01-27,60.98769721668169,57.416215749324856,56.891387001205125,55.09601063441534,51.389611635646865,49.4035303516892,57.85984681831893,62.76743455767995,59.111711508169506,48.7099460379047,45.83529441192898,41.88953438101326,42.00904294630852,38.09649082687521,40.41008127940949,43.35797178547661,61.85784232230183,80.97078013387443,94.07048460123352,99.62143569201302,87.46243571589642,76.31432796153587,72.86083414633629,63.29520715186981
2024-01-28,55.08638131492955,49.543778337531265,42.88822827959007,38.35085648154579,36.14228451944358,35.173909229776,41.60631002450627,46.27692963744185,44.371347494750566,36.17321314380992,23.45384993591223,31.067016504130308,35.14330516940858,32.37607707645611,34.58784874472605,43.36318761584969,64.13486115559171,87.35522686890084,91.66617663117731,89.64475792510842,82.12838365219292,73.25072735389446,62.35972322309918,54.56292733345316
2024-01-29,47.02159421890262,44.60811553296117,43.268911939818224,42.277277924208526,49.12439456209306,62.27557706049947,87.38943640174188,105.42840552190626,96.11587765290078,87.13829923044503,74.79576367994711,77.75857567818197,73.67894436870021,73.98238148334916,75.34546595063415,82.24184454931311,96.57638953850838,106.91830686460389,117.79180483598208,108.87927456623038,97.53095906114821,92.91250293286353,85.2940263058117,81.81221273267862
2024-01-30,72.42891325424608,71.79448754369476,70.88461033005021,70.82340063775858,73.77953617921362,81.89439849349489,97.00429204389853,108.36697444723849,100.04153660085568,89.55117516595031,78.2350068937975,72.31826242627643,69.96598908675305,71.23479598448004,73.55351604454873,80.32358811663842,93.94349713892252,106.20315278696162,114.48281707985042,109.0576026966472,98.41391361277933,89.94990133110637,85.0057765992525,81.13472643817148
2024-01-31,72.03773614982205,69.56832257040443,69.05866431129874,67.88440974449313,67.59537444418552,78.26324570451101,93.52083342977105,104.76298029832999,94.2768592909413,80.28463712402962,71.25701229634292,66.88447912243554,63.504159624136534,61.83764660141913,63.70106880885663,71.03832529204334,89.0318166927147,101.50326410242081,113.62463245687447,117.15931203190581,96.70574692381877,87.0440039803949,80.89517423003164,73.319017195003
2024-02-01,67.52867489729263,65.36036553250989,63.459447014625646,60.96107170564072,60.53253765508358,74.07449228379696,90.81696388167398,102.2028365187875,80.23918090196507,56.801629879474255,50.99308952913836,46.98756776911091,43.30569134926158,37.644654199884876,35.187955450007266,41.10349111929086,61.040814346785496,83.28033021339722,103.88142874935767,116.5328279503706,78.64871461176475,58.83716397837084,45.72846877362167,35.93516864477813
2024-02-02,60.489519207416826,58.169758796554234,54.3316442484214,51.9627138542614,56.220948284883846,69.3878189483124,85.85619578905767,104.5699717887595,81.96988893228857,59.52782540418457,49.78013597562813,50.19902957276373,45.084249657845895,46.81003010215635,49.99861259679788,59.26048923528524,79.39947407494624,105.60681264999498,120.0150619078052,118.41873054900994,101.90025398925698,93.07907432974193,84.00650505784009,81.74800718101567
2024-02-03,57.23720086087576,57.46675534797463,56.936222988920335,53.71789616795843,51.70911917889637,59.29335115687455,65.9678849609083,75.96011582674345,67.47218286409067,50.91094256204329,41.10856382437328,37.50733148815024,38.49363279983935,38.5723175905281,37.493824638650835,45.896755249887796,67.74909396650978,87.55829297605271,91.72606425828556,93.45363531741877,86.04902399636094,85.64470415549286,79.82514226576735,78.54304529660293
2024-02-04,64.84722556730668,64.66941555728982,61.69329358476824,59.605812141128126,58.746675178126345,62.25105755456819,63.114364526630524,62.34656977539546,56.5161283083565,44.6932896730268,29.42913581644072,31.361862356083726,33.56640453528241,37.10427616070879,29.764299881156774,45.58431617037427,62.82885381100046,82.7955395426596,92.0478577743385,97.54479264509902,91.83080944067457,85.19144077132822,81.02697566402247,78.78221361020961
2024-02-05,70.18894688667774,68.76413435518384,70.09225255188589,71.05723127023869,76.82430570708104,85.27990828101403,101.86739313299285,110.15417903016179,97.6471125266488,85.16928466755087,81.08452872302165,76.87284769361058,72.66935593161661,75.5279049159597,76.4682094455909,81.47690267235879,93.61608547583747,108.94558190847535,121.93652044633592,125.49214660556287,110.5880313546221,95.63750178311108,89.08994580738516,83.3919313744386
2024-02-06,72.57268751711794,70.49562574492988,71.18374877998176,71.1982657361806,70.01083600273296,80.55429831535902,91.88076214438082,104.52160026387489,90.35060089839013,74.62696218013008,69.15515996588542,67.84056315671204,59.809866845829475,42.020832726926315,37.7879977005555,46.35897892524917,60.44381135726583,75.49506941128615,101.9622057909961,115.6329122614733,76.7891561350242,47.852204675324586,33.28941206561234,23.110064133596296
2024-02-07,35.202229178261646,29.61702872060164,28.3728179674779,25.95641748186722,27.59687789115617,45.27511667974041,65.52535454172505,79.53955676628182,67.8801104963191,47.0306519060788,37.21601212380971,29.724888930157988,19.80997175403259,11.923737968962712,10.694532256785081,14.166932439086168,31.268240132677647,53.975905163119265,81.53778692693113,95.2976702777606,74.39035271227648,59.533597436282875,35.02511865565948,19.61104367679455
2024-02-08,43.05872133507607,41.355458444060716,39.32182399998875,37.14055197752057,41.492080905569594,55.06214873922667,70.87139367096911,78.2185873327587,70.47116360028303,70.11128810316298,60.40771189118426,56.90020211814385,53.17691319925597,49.97373793074418,46.200216147191426,47.01283121286235,42.892487533807625,51.56365033726003,60.79181404659458,70.03783651108043,62.32887001393284,54.88812060858221,34.317542397873055,33.81828697912336
2024-02-09,20.6543903601835,20.627814819315574,18.67746960051967,16.499085956039067,16.904164802893817,20.42646652151953,44.74578161435035,54.88880456775175,64.54027526081057,66.17386975782136,63.01322620309901,64.31659038427259,66.22222326779804,67.35991207916501,66.1834193466405,65.64684785384084,58.146509666831825,47.85590671286572,55.77396344305458,54.17032743158548,50.37155606092007,44.35262959004311,31.887531903341937,31.250883708900147
2024-02-10,19.26024922289318,13.924544252139455,6.17335859056692,-1.17385553820381,-2.9568142100391412,-11.58292217537604,-5.1673305966343435,-0.05263612705967091,-1.6111546212538457,-12.038133546471485,-25.722720697805116,-34.847819364461344,-29.861641860734494,-39.06117732917852,-46.56081202954353,-45.01095241508227,-37.98978080559479,-1.557572085562029,27.698864040362693,39.420227172751126,38.620243275347036,37.00162238518037,26.62344965510769,18.390492555745624
2024-02-11,27.729192333600693,21.35404409528857,15.641771415590966,13.833331655421219,12.185549537985821,17.531244275342218,23.845451881220015,16.55032438060448,36.048398527640344,41.54440222532738,31.438976987392607,50.42850952160816,57.23775719635744,62.40544043346945,57.36168184268655,69.95689616426804,83.53117911795495,90.06467492536257,98.76016004515658,94.89585047372995,83.66923802712371,74.35941274719792,59.33898178074665,54.10331714772608
2024-02-12,30.134513024693007,20.23471400433523,16.440008356800504,10.002459284040114,17.35427313348015,30.200608063640786,55.38139315005901,69.22315630831852,59.49937931021965,40.959494007118664,30.99416581593877,20.241858727477137,15.18543428390609,16.05735040094133,18.286276479779602,25.762008726152928,37.32288203026269,63.87418300366551,87.0176531422223,91.68888294304139,78.97274463028091,72.50077476304895,61.058318480284434,61.726481566447404
2024-02-13,50.458783291117264,47.18031031659748,42.491273895474485,41.70172857738081,46.77975275501496,56.48054578001865,75.78319254619745,89.28699765480266,81.8361992554118,75.66182583958695,67.00143698769512,68.43644525239492,62.74111394110973,58.884162923820526,59.22609027310756,66.7966722858902,84.10532331856848,94.86770131074462,112.85685032456834,107.55831807430435,94.57044081577922,86.09999009680182,75.80176425516882,72.5046704049945
2024-02-14,57.02496144564332,56.519983639790844,54.167117834867696,52.219500567673904,51.17504639641444,55.66976874675976,74.44802087414985,81.4821230388022,74.51179756857333,67.70327826497146,55.99918659491558,52.93905636208018,49.611527569730164,49.22226787196762,47.63463044696715,51.79133313922935,59.292635590744645,71.7369396743731,76.92833318163646,70.05259282913947,59.38064559461496,51.97620254360572,35.88342887469871,31.97862171572106
2024-02-15,44.3338280208775,42.586517086738795,39.07293957108897,36.108929426274514,38.80944430546418,46.05129234578621,62.96317952351842,68.14486171449637,55.8981944904703,45.97722701340696,41.77032476620937,32.17616426008852,29.892454344667996,36.48088741537863,39.44642058007445,43.186951055177786,55.54034083159236,66.81081969932359,77.29062365089148,78.83161953141894,75.17087444663476,69.96948684546442,61.99343206399247,62.675886395342545
2024-02-16,47.96661409300685,43.64290538466097,35.98193029903088,29.931599523368803,31.325888453407202,38.02377646061569,59.754053853671294,69.87173416871838,59.478535128170456,44.16741362429097,36.45981195671929,33.40606818507865,27.969643469975715,26.126867564281774,28.524570180750004,28.219553460213433,45.470962177180155,64.51559181735024,82.33783414569064,79.33937297734008,72.0230122808733,66.29125171846947,56.382933394096874,49.479363214113455
2024-02-17,41.3067586100156,37.24010431900713,30.935152061957126,25.537638027143416,22.621918778485792,24.170445332842604,36.735387808899034,32.8617269003648,24.58416515996447,4.134585370394362,2.248637570158877,5.3559358425171695,1.6072115578116666,6.751929144398034,7.60723689702121,13.428340404838806,42.337846774808924,69.23423773152706,86.7637555999307,90.13192900543935,83.66408260190936,83.43996929467583,78.81742026247174,75.29530327794924
2024-02-18,60.07752179093739,58.98941077308,56.627669305755646,54.44328507183277,51.99848787688104,51.376255615731495,53.409943525323655,55.12959658402616,45.69193212803838,29.82293773254797,12.938061444814522,9.628145663093278,5.276247627250129,1.3947031977027535,0.2127905626152824,10.788954414120298,29.212970163824295,54.971326795053116,70.38417199085465,70.198113384651,65.62030540209525,58.60188545242191,44.876607342159474,38.63223117385424
2024-02-19,37.84732454222734,34.12257176644992,30.229922825606508,26.845721559188775,36.68333335275672,43.0951924190135,67.4102088420866,66.46171596649259,41.26523820662662,23.776078093321118,18.85756350857112,16.331750694738076,11.887212625484239,9.431631329894401,10.232618865524671,11.63399525009494,28.713877422661582,54.0739111670097,81.18645726382755,76.32565658449884,64.75641516014215,57.402306838064575,47.53173153416503,41.052590664369475
2024-02-20,45.79479560243591,46.42810201562544,46.83844978589965,46.76439054598826,51.39392335263297,56.2881242511175,75.3051956055591,77.79646247625868,49.61030204860291,32.410766834029076,26.748571653675683,26.501094650866193,30.20251664777784,30.28153768331024,32.931624503630125,38.13332215490783,61.61482140010352,84.48229197264807,104.7381966543264,103.67464678131361,93.45868890573735,87.68131050494378,82.30225263336551,80.34523818039618
2024-02-21,52.91537075569303,50.61699201984319,52.8430843280135,51.04462571726969,52.38518359332025,58.92669912920368,77.83481438902561,78.95339100004006,44.494816443410045,21.850260517743152,26.36775484740508,25.306643250679713,22.516058373287024,15.777728653473247,15.918227289191762,11.396513791854048,30.898107480656734,48.84924752976701,76.30588122586941,104.07786398656353,67.7148808754026,35.47423721996,23.033320297101994,21.263258292237126
2024-02-22,18.351762173123632,16.449129890587116,11.187873701008698,7.127433096747907,8.56711627254684,18.862122012621782,38.81976209278565,46.81724946737174,41.251021592616624,9.026708107638129,1.3325446594880503,-1.3795920880950518,-5.708330417176711,-4.521003312135463,-2.594338963482599,-14.157377229963288,-5.746629643143422,5.165868764214494,33.95011156982798,49.85602237392291,42.91588336415097,24.7408506148721,0.2747247551283891,0.8223202075866425
2024-02-23,5.854061488247183,3.9287720699118154,-0.6747034861382417,-3.905239141878468,-1.4001487285809304,2.3929359298074786,11.82563466603402,18.173210717131326,-3.105549024577698,3.6988465395958485,-10.749125861557403,-8.277310944617739,-7.929569391374528,-10.451536094996968,-11.336310337482487,3.3838966407580244,3.2915840769170615,8.742273579534142,34.478735545013365,41.57692151337045,33.120042015824794,29.51634063240124,12.49833156983506,13.463443269050174
2024-02-24,4.377884745205975,1.1024584073586112,-2.295337218059558,-7.0112171606229055,-10.25395690188681,-16.53109280540471,-7.22973987045647,-13.95878911705202,-13.455185516897004,-15.447762861670682,-25.87762529843478,-27.751169847703707,-28.611137481074252,-27.462838657564106,-29.206375277835846,-32.36604937784779,-24.820767353340898,-3.2537095267261122,14.927145876163877,27.710687081899877,24.486655235542912,22.10303009389652,13.063107946132263,13.047532743626519
2024-02-25,-3.0102213536135594,-6.952887657689587,-16.90990644641333,-22.606866773988443,-25.468444147864062,-28.10274169145569,-30.15263450198917,-37.84309958470908,-24.426435623572146,-15.565194386735982,-26.24353812658036,-19.39180822979928,-28.62875812774611,-23.05265067192086,-28.06480653838733,-19.680270050488247,-25.033456557920687,-18.179201019280953,-0.23842548357387727,21.371121422805217,19.72712149759876,19.195925261458413,1.1204144872197759,0.22196020684171458
2024-02-26,-3.4333489806705018,-5.468626120510379,-7.318818619379513,-8.900534264706678,1.2948317906912052,5.82806922233911,35.94199287277942,32.82681385710055,26.068514217800498,15.15327133201626,5.278664994117065,1.3761844903499707,-0.4446032679480112,-1.9348724255561223,-1.331263774352223,-1.586661843996069,8.612058763222734,19.449237469720572,46.237084728894246,43.9117508640109,39.21788640214811,33.64137275677723,18.67171194285723,16.57405224158471
2024-02-27,0.6427329005440328,-3.4494289449785214,-1.6212244196800754,0.11350460961899955,-3.383102832948609,2.6990583090587137,25.82334003077483,24.237255038042164,10.74889241118612,1.6469985492137482,-4.033788796315136,-2.361380325286234,-3.3160136155836426,-1.2694948710517195,2.7269010234630002,3.702679309975153,15.004383360406052,23.80086371692778,49.41489892174589,54.241633260119784,43.894484540811064,38.987724806099536,25.940781389838193,28.113709431255984
2024-02-28,3.4326480610143335,3.0066691575990916,-0.45781810674314727,-1.8846596005629834,-3.718832998523581,2.8528536283462955,19.680991646405474,21.40422072217089,1.0968837777919447,-10.59513623641368,-14.457919104519021,-15.00764878986071,-13.431937196681787,-12.369855583844483,-9.931529131891779,-7.736707912559922,2.225123891512112,16.81096825839576,40.858099793884264,48.752058765494866,38.112697261561294,40.97497395730514,28.50035432384651,39.242844096621454
2024-02-29,14.040933645563129,13.536291350697098,10.056863599329759,6.144445255785854,3.9219000515569746,6.764161272259614,23.41355622405446,16.647625415867893,-6.426163527720632,-22.07321672964288,-26.713712060021706,-28.18903569872937,-28.886258257140398,-27.636862881789824,-28.49932737512769,-41.09944219589764,-47.16932687136131,-27.424918459629254,2.034006855648556,24.37650551925873,15.287312008946472,0.6079466736777022,-15.55763461602946,-15.43062149528187
2024-03-01,-0.2777265827162836,-1.2469407244454942,-5.190103504829736,-5.488525876115375,-2.5575957073279483,-0.9159110492939107,14.495881521148888,12.01978586554921,-6.354318881773793,-12.825983376164345,-20.256855717683237,-19.00565208722236,-18.29774568423464,-17.004483489365953,-15.73851301961382,-13.66914402996099,-6.12351687058441,0.9823791904178165,30.16442386545654,34.44696077969314,24.40848486156203,21.135464218014363,5.962596472127757,14.736987273241525
2024-03-02,-1.669716443968369,-5.573892216901726,-11.234366821270854,-16.489698433622138,-27.018815650682797,-38.15431787805247,-41.00398208261278,-49.1835165946531,-28.839111971961685,-19.844225279548198,-25.427244210610624,-22.61215383395711,-18.00377469230628,-15.886252079440055,-11.024626612064978,-10.26369433433716,-14.242159334541327,-13.890119581556462,-5.033505961100644,6.31972731375302,3.4013230786584643,8.417315007588016,-4.4983228473837755,-2.6060432452576237
2024-03-03,-7.383870444897823,-11.872915556065792,-20.80112945395078,-23.845602637455187,-27.238887790170736,-31.092412643941202,-32.00481240523162,-54.93009386724799,-47.03398092963967,-53.16860081250587,-59.435062562005115,-53.180437920456654,-49.69702123958142,-52.388799929639845,-53.41447891910751,-44.81232667251905,-30.943713443419625,-7.366119802604999,19.24808966542473,39.37549045097643,41.1069456622953,35.33189344726041,23.138340367767725,23.44042915537375
2024-03-04,3.0027801203885502,-1.0098892927127707,-3.0873971254850403,-3.6803551975830118,3.9707571038443206,7.7173562940069615,31.756579510069486,39.20733926664468,31.934244250832506,28.54369528680577,24.57316119478608,19.272543173422235,16.170580004059786,13.204463403028853,13.775833759507435,12.4331866389673,11.426919723640594,20.544428917551244,40.58467477782442,41.816837764460274,35.79552907532653,25.847944181097432,14.725723505375427,16.398537612321277
2024-03-05,11.039827351077264,12.445193882309042,15.539641805722212,17.891378723056434,23.444253257636305,23.863490996970057,41.11195952015798,38.753007061854106,19.264287991440327,9.9117338533691,8.765686051497795,8.979801703338808,11.883993770994067,14.682520599266724,14.909451035444363,21.84946383831631,33.043396163048314,53.775317457374996,82.29594931658693,89.19219593173602,79.01589329822501,73.19458102417973,69.76707234459693,69.34276398936423
2024-03-06,71.10410720176037,68.97496453938912,69.18464628074463,68.55179246730452,70.64438520329463,75.46825754489294,89.97582996442583,84.9139453545459,54.14750511307763,38.06830038798402,27.362480428185165,29.77787787595902,28.05405346893231,24.428983703969877,20.338125654363225,23.190336322758583,46.94788802827552,70.17056526984294,95.54250509686207,93.17818759263201,66.5511322498541,51.62175846307335,41.555846361160874,41.934402211483444
2024-03-07,6.997313055480859,7.089390312472219,-0.4567221427674184,-5.673038151428031,-3.4817338138025207,12.531687137908463,40.339823974010386,34.15611342154722,1.786771835194486,-16.997598133539967,-33.775615323466965,-31.591319072210325,-38.44495050707012,-35.14616281914226,-33.272472881011296,-40.70316604317762,-40.874374459094156,-2.652750927989274,27.803925382300136,42.71203230066756,22.384147755977693,10.832347716475624,-11.529342775735941,-8.138789011236966
2024-03-08,0.6606906933810706,3.4357600131020263,3.4165481671290365,0.7326758295382234,0.9038823457150045,8.543810505220662,21.23013939513568,16.032870726319786,-1.2322929710437052,-14.306309447548315,-16.23407546139721,-14.659893313814408,-21.556187572302335,-21.07095447880961,-20.0565468825487,-15.90713387385155,-15.621895383902,-4.601748711541035,31.375894954264027,36.115971793207436,22.761424302755643,10.597867030476095,-0.7911325042860682,4.32747894549091
2024-03-09,-7.141137732444861,-10.347225422634622,-15.49111088477143,-18.519052093048714,-23.074887069214782,-21.59250755911407,-14.531440948698659,-9.781604112275431,9.18713070991599,10.200941963100405,13.038053542188948,12.577732256388188,1.9831179934333676,-4.0233099432899735,-7.335566790663151,-13.935162657506737,-19.906993814387278,-20.826318154441594,-1.3037646837642285,11.150646085390747,9.251987660135569,11.18614795069962,5.9001640933953325,2.651448680011356
2024-03-10,-8.327465901518053,-12.455713334706303,-20.124584683651705,-24.35994709944609,-31.39133512849483,-44.03017935792329,-49.282024916971736,-71.6824927858205,-60.453766077994274,-54.24041664664844,-52.79874524870114,-57.26374093419821,-51.12754022520163,-54.224746592903074,-63.10562573311485,-66.04481270810777,-62.97749101968719,-36.03595499161369,-0.2744707768212322,16.117859700996135,23.319744466585433,21.445638643486106,9.804615737219592,7.074610157594776
2024-03-11,-1.4449050353108106,-4.487918687337029,-9.9221181548088,-13.628296960396668,0.4774147913938691,8.516736279550301,31.98680446211553,32.951091311200315,20.502684669080494,14.171633980005737,6.298491096550379,4.055805053804988,4.190997590043537,5.526663936081192,6.761315464365637,10.41317674465003,25.16247307247187,45.67653633300593,70.14533488704974,69.7004685681945,62.923226911062756,59.29202777635046,53.42430953890303,50.99612707675107
2024-03-12,39.514876010547795,40.54148848243391,43.92813900390061,45.09992330100765,48.66778156995073,52.240578038195665,63.92749818527265,53.974293428283275,22.884782826843278,8.782589991146295,10.114443699847257,8.526828319331173,8.864968177943354,11.74072256170686,14.90136017009597,19.712449022900984,31.14220005391367,60.808976482721064,98.03828132097428,107.43962931455393,87.87527617403671,74.86942537880546,70.85879947017867,63.75074623675869
2024-03-13,53.03921373452895,48.66334488362009,51.34838919120044,46.648657372298,51.87342306455819,62.45736922606783,79.35417446403468,73.67910087481492,30.41022913773429,3.609183442061237,7.935341202714611,8.069152136428414,2.9271369610317493,5.560267245837679,10.150637338210515,8.996003671727081,32.97649866802195,58.49563273644284,96.6508205321145,122.97488306855777,89.27544264171763,67.19589355253588,59.74784764889281,59.49796685308238
2024-03-14,33.11417640535247,33.38045043796835,31.076771890956238,28.05846481412928,30.08066424282336,45.12107733920456,60.12402717202693,55.683088460962566,23.476856018920174,4.784895729227927,-0.10264957993906876,-2.5064027895427756,-4.76327227259047,-2.5671797433856085,-0.7909382491484394,2.444850943600784,14.85801747913061,42.80336149776899,83.59986235718985,97.75417340425096,66.57448305167526,43.76720305439568,31.641354770682014,35.268654282903086
2024-03-15,32.77755780297906,31.423518458236828,26.083683512262496,23.920786696892137,32.80224352992802,47.66140975287264,61.315742119840465,56.30752402156035,28.29166871710305,18.331194145628487,13.569116823630367,24.066401778173216,20.727471068734957,18.35416205734687,17.47520018664106,22.11258887775739,36.857961914741466,59.321960642408726,94.05630989881305,98.24759075730387,84.11307092241302,76.11628671743901,72.56693292621597,70.33847020096694
2024-03-16,40.51262973000631,37.67441359237,37.423323157910275,35.845074984143736,33.83861299655139,36.26996086007058,43.94056264346793,28.838583142257846,0.8386860354023327,-16.055559682822462,-19.632135278660684,-18.077801078355762,-24.805006437168558,-30.116871427216736,-28.953084465463803,-29.847593391064265,-0.5094459018357327,36.17855661043744,68.27706356130476,85.0681714882342,66.59353522076097,45.34204469094196,47.55361961342328,29.75390966702149
2024-03-17,29.27408613544445,28.72425662188948,27.524623362084455,27.031749351503805,27.30476077997055,32.847216939987106,25.005175355107525,10.616620279697202,-11.898143006648183,-20.12010718794673,-18.03979097587444,-12.999536669097324,-12.97178971428339,-12.661436983477259,-11.820770235510082,-5.1389786585164074,12.751542073668858,45.453090699043486,77.31133718520593,91.25915345484327,80.96359312621652,67.32722438897864,65.51490673785699,65.90446575432075
2024-03-18,62.49686365112218,62.50431331369709,62.15347678473886,62.244356983020545,65.68695510070653,69.87275608320417,75.69750650575192,74.38654631577049,51.17511485663288,49.56522703887806,46.9219648996299,46.28989066218307,47.424785270384504,48.81654689319403,52.40206455822771,56.17474596583398,63.39268806873271,78.38041688334368,101.92068022374143,101.64982060072946,90.20874019629099,79.31393976729561,74.55877247562718,74.1960737912226
2024-03-19,65.43121055556172,64.25482970438571,64.6189513363864,65.39608424056195,65.76435458218796,76.00048940054447,92.45896018835352,84.52749696526693,55.444379954882834,37.51811440896235,27.9171180973471,23.4100250866813,19.76209174670676,22.06944257906669,27.530143704807244,36.70396223687316,54.32000052400315,78.08979293728854,105.91751988626191,109.87650525674772,87.50010614647283,77.0293099290167,67.20631582350993,58.70301934387686
2024-03-20,62.692051978905745,59.64968309391582,57.777134436018336,56.608449850083936,59.74910926182455,72.026212101118,90.48068389929932,85.48773666467966,60.314310694145384,42.398141083422296,27.990584026528325,26.72696408918935,18.242774766457927,17.136892530517613,22.983196139094616,27.68013444120865,43.35439598487534,68.78040662808958,90.6369172940472,94.69173232541343,72.67428059724168,67.19206881697276,53.214599513290906,54.17502657412558
2024-03-21,32.10215997225542,31.06238104142173,27.676163285635596,25.62745734577412,29.5084218934917,41.458771656195324,65.25227327619007,58.9455152972544,33.21667755380007,18.058052807929897,15.90236131610473,11.356600806592269,4.843633384665154,4.928537784772502,7.193973930423937,9.162289959171986,22.7374738269926,55.48806867994014,79.15155240364322,89.89608958409985,72.43213105607666,61.983629829275095,53.554993941872596,48.11383006412166
2024-03-22,25.70416042713515,28.498680472551413,29.310733189467427,29.95809749984174,32.84474722433406,42.224089334546065,62.252909437692544,57.457639693100035,29.993451814515495,12.387681177015267,11.83962652982325,6.025451919049246,4.48116712678241,4.364306890435998,7.384809638558394,15.007583428136556,28.67488056249644,44.3143418672455,74.31932773890253,77.4538352217348,49.27299292242684,34.0106792608247,20.769148352468804,4.561734827406525
2024-03-23,-4.697580065470277,-8.940602863591835,-14.61665183310744,-18.621702689764447,-21.28418898598514,-19.083880762683293,-15.711070607142162,-28.736674461232383,-42.46750033097321,-41.35860922235781,-41.926515966442096,-35.4405483316763,-33.550478789777785,-35.022448037461075,-29.64702682599716,-32.7211309534342,-29.78675622812193,-16.15356734247578,7.059605199373323,25.173012749741318,11.864133263328554,4.732272346577133,6.064157561037064,6.528108019357489
2024-03-24,-0.027539905213927796,2.6606054491112303,-0.8552063095039273,-2.9470738515087334,-3.838733080442168,-7.89800300692734,-20.814267996967814,-43.32099913329503,-48.887299630278065,-42.909027835674294,-36.39111667494713,-34.32584826306862,-29.001235825289186,-32.536613006374196,-29.18956139764917,-18.36713593388572,-4.0781923673468015,21.15148790959698,40.997347497599506,54.499241506590735,53.68829560676589,47.56027265189286,45.85942144024867,50.40584579372514
2024-03-25,34.30575783242561,36.32156750433134,34.50894994245411,32.49848590824503,36.313886772436746,41.86541302288924,59.82339566481523,63.23594261167003,55.95566034101843,46.91362829200653,42.118349069864585,38.877332862233025,34.33702693004674,29.854670075064824,30.254001396708603,32.14946564400271,35.08905814423291,40.252723024014614,41.809375280718584,50.37086030203106,41.50810076200416,38.15195226095476,26.533927313048324,21.561840251015056
2024-03-26,-1.9176408164935737,-5.165114559180637,-14.451147473741202,-18.897863290289195,-18.597509566795594,-3.797783513548822,24.049839208968606,13.310774958392315,-0.21794064851722794,-16.376846039860155,-24.3033121267582,-21.965931189332622,-22.670248911531687,-22.507186720253614,-21.04074899822892,-9.289735007002704,5.883743447496684,10.415630688577991,19.437460276827565,35.84713916163135,21.373366658805125,14.73992652252764,-10.55221766475502,-17.01493567267579
2024-03-27,-3.5965068414665353,-8.018853845314368,-14.285063397010674,-20.50884029600789,-18.104136924263827,-3.1405501077790063,11.199815802619426,-0.979693434170386,-8.679880185223155,-5.350924066102706,-8.666510343268243,-2.67000541450426,-1.847335980067328,1.9714999935224995,6.725876192114399,7.490695732554698,9.518029229717428,12.419037128229462,18.26868205955995,33.313781818192126,24.442786595901893,17.623756510953697,0.012340013894757362,-2.4695124803186133
2024-03-28,-6.100558649434348,-9.111323335840297,-13.06397060349994,-14.886605736080213,-17.296146208909093,-19.799790780038393,-17.308806414164437,-30.31120565433909,-17.47289697915042,-14.051924067112381,-8.321321598340461,-1.2126222465857381,4.037017989312105,7.501506389674319,-0.9081342608110532,-0.24114340650228883,-17.459992987668016,-16.391633673061875,-1.42507972337026,13.377647492986569,11.756258336595067,13.1903899403829,1.8507565468476628,3.8884502709371844
2024-03-29,-1.7451775200608637,-5.076063911560325,-8.282464750446962,-7.742929507584009,-5.343144602810995,-10.676807865409017,-5.496422319968829,-3.041933269984739,5.485788643794294,18.555920261928165,21.04283186968776,24.756046812046222,27.10395942889265,26.297565002622868,22.486690431722053,29.743893453837046,12.511971564912358,12.481025269725919,22.678153256378437,38.58625241947753,34.049557700885586,38.83451968555032,39.80260873934694,44.59117328965503
2024-03-30,12.118348446228339,13.627027632025218,15.509861316803551,13.499310816706938,7.955036908930921,1.2639235751882865,16.77227673971639,-5.9532655584973355,1.1176547310788152,-5.786426579270909,-6.423966865936919,-11.596564261276896,-10.037637955557699,-3.1096179189381132,2.6085920898564297,-0.20729890121438643,7.266276678436697,20.685496354562247,16.513986437751925,23.173237004485642,10.950310065959755,3.0730574796755974,-0.8563294146046303,-23.740673682939615
2024-03-31,-3.1073472459305265,-2.319317727315081,-1.953566911507238,1.888876386167638,-1.2651436116141213,-3.454195750325937,-8.495013228433479,-17.013395078091605,-2.4609918334843,-2.33828491633507,-12.950192288834558,-21.422552604574435,-36.31822272506439,-49.63035552953963,-58.852085463483476,-63.30050687211224,-93.30620681662012,-73.07303565122447,-41.16263229813322,-16.82715262580146,-12.39687815594948,-14.951073950922677,-20.48530062668776,-21.647075980992128
2024-04-01,-7.392078105395285,-12.598769488121917,-15.008790975379029,-13.044310331528507,-5.4601942619685815,0.8138585647208032,24.1136309718313,4.733045855212666,-13.155815116722266,-21.51438834686438,-27.732733787231297,-31.78472144216971,-25.156166699270273,-18.36024424949447,-30.34054594166345,-23.30244268952282,1.7318746611186242,14.65987778946328,45.34996032227707,46.73122928167726,39.25413840818895,36.27977787247124,29.59637426378444,6.831383817984914
2024-04-02,7.267128120421418,12.226210444275821,16.91349092310101,22.07440308557922,31.379819220680304,51.22778929049733,61.71551725989456,49.52681256513857,38.872769714765724,34.25633151671458,28.89136752442461,23.54487024834917,25.073893064222872,22.098274835861318,23.834555119140177,26.384923892642234,28.338407693034497,38.37441105012158,42.33947265143546,43.77630361281804,24.271232716226237,11.007209541180401,8.993467792260915,1.1544832111509322
2024-04-03,-0.13871962641104574,-0.008764895805683182,-0.5600479110279935,4.971291705604713,17.405792611795206,27.05541537041131,39.986924173916634,26.581451368201286,3.0181769507433103,-0.4601083422827372,-3.315168813449418,-6.183688938710887,-3.6926058140884948,-0.7071755193744593,1.2060100683915351,3.5775179724957695,4.212693681222746,16.698691514693465,45.22325127440622,52.13866154331389,33.16530876962062,27.175354812660316,31.165628209626306,28.196792541351215
2024-04-04,4.454001774535513,10.764691666373409,16.043663674578127,20.72680483814672,26.83537358008148,44.95805752081169,47.843958542600646,36.27024153562965,0.7147995310643154,-5.559642872592846,-13.642547334447201,-16.071893075129196,-14.408383671567094,-22.566754603956937,-25.69947017511899,-19.838394113329016,-27.966860657595987,-15.331756325134677,12.830072501407756,18.728534834378195,-1.5930534153833378,-19.64101995545431,-19.03449650609518,-26.49839835944954
2024-04-05,-0.942071232173916,-0.12930279210618778,4.581025690973519,9.257364853487061,17.980927948011526,28.645919062460038,27.0546634092655,2.890030269547225,-13.32050395983103,-20.222162830390914,-22.614087853219317,-26.014740557259927,-30.986424737388447,-42.267613786019695,-43.914903461137826,-50.68107288490285,-52.71994290111331,-27.599514186821153,-3.6455172582847126,1.7409832166822525,-10.0531831557783,-22.12771544633341,-14.21005223338561,-28.38787880539391
2024-04-06,-3.0166109318290495,-8.312590286158837,-13.489708739797678,-16.034661717509834,-21.680772073287443,-34.30259708232475,-37.476325282315784,-30.787891325565255,-24.552105037753975,-24.674982428894268,-31.929315939956766,-32.01816912192173,-28.735551784599608,-33.87830661484436,-24.903242181302232,-25.381929342533795,-10.200115084837208,8.408524116726909,22.75514887054186,29.791689465572873,32.13256456119103,35.43375403519023,42.37102235389118,38.57620163434747
2024-04-07,3.5256573294885243,7.506265482733397,4.292275976536189,2.9595716346477445,-0.7294228967230083,-3.0486029211350996,-0.708545247925926,-8.140419027012598,-3.3543934215221896,-0.5637591440431748,-6.815867401326898,-9.233620496633321,-9.080606325804524,-18.397213615235174,-18.809123369375442,-7.469586398827985,10.055974817872695,23.108912878405974,43.918050058350644,51.5324084205041,42.79633620311843,30.75114408621036,21.180390820275605,16.3630090704781
2024-04-08,-7.010096250275623,-11.714638597878434,-17.027616213311717,-17.686653779838167,-7.0759704251154005,16.227032896175686,25.362201986017013,-4.078263702453512,-10.341389832857374,-15.716484672335952,-20.43756251186518,-24.702107009410128,-28.52008675933959,-29.940487832289932,-31.719513244685402,-32.94428689547115,-41.710300716363975,-32.452475773263984,-14.847006050282943,-7.551623642060832,-25.642747020720265,-38.82614317205915,-30.38321214388081,-45.83905198430776
2024-04-09,3.37802666858137,7.685370538940319,1.7207284569093133,7.461093916951967,16.11169923807725,31.595931485181154,38.62946993683859,13.074406767758816,1.1447375549638394,1.0651821243033055,-4.201505122046456,-6.3847873665161075,-2.7722886998889607,-1.0741399656701844,-4.577361718696267,0.3342933843413931,15.854558840771972,33.37360017729361,61.3138060480438,62.92017072346064,49.87857777849081,47.94255129061597,47.4772699107489,48.62350678780246
2024-04-10,10.38312616116383,14.414587215194445,15.052124374414234,16.388813986112126,15.849565871589178,20.068790780574474,35.96747907471722,10.120307367627362,-20.566709661749897,-19.764335867912166,-22.916611427829793,-32.788798913756935,-34.026602191270015,-35.358508886091954,-35.02006051059455,-40.577622586020254,-36.1840902570471,-20.05562478860574,-4.449435318995683,2.1106879942305454,-19.04933330616916,-21.066081075225043,-24.865450076235177,-19.10029065454131
2024-04-11,1.6815031842970996,6.042620297557605,7.416028310973957,12.381851959313238,19.561329823425808,31.765176804622413,38.60672026518458,6.20466558348302,-10.152286183460077,-1.1469144440255974,4.629476509771266,3.0789325743944858,7.145478972267483,8.78871330608014,9.29937874598626,13.53384595672236,13.524820222339585,27.552278588765375,46.34329108212975,60.0010441179421,35.04980880494847,36.61693009980998,39.0825372277733,49.077343682262914
2024-04-12,20.905832436197926,28.029545413586348,27.98924576576971,29.989196627029983,35.716010885815166,49.261062532054055,53.95717047013734,32.28797042907654,4.139281122556611,0.5328243880859276,-0.951818495927057,-2.467441544279154,-0.9861485021567518,-1.7344044180854468,-2.056410074377794,0.6942291108612721,6.871631167641667,26.261154346211654,50.5400760716432,58.9421301423986,40.36677002960009,30.652075789211523,35.96993341734155,41.441039039572985
2024-04-13,22.779042482993447,28.62095911244323,29.16849715826463,27.84327996466297,25.710158302685528,27.643541115182728,11.207695542029754,-14.695728720433664,-30.55585283272889,-35.24937595249213,-34.70019817637957,-31.38977167652135,-31.044015699099646,-34.500373546195505,-38.35433199803366,-37.12572481256379,-32.417593845310876,-5.763395175123179,22.374458737963124,48.209156501892494,25.144940090630143,16.23571569721571,22.471018937839133,20.574196625311274
2024-04-14,7.4393222532553125,14.11829560711736,13.320553117857258,13.339864591563042,8.086233609126722,1.3492343254119845,-24.786163643792392,-52.226269090434926,-75.65574326749139,-66.20946547982149,-59.145715522995246,-48.16886817768608,-37.54508536038277,-47.64506286355356,-50.70672477934882,-35.68813897749118,-35.99725561429102,-17.07953526846856,27.37044451049374,42.21882627499458,33.05419802569473,18.793864844392687,12.248789065624905,10.805773512416792
2024-04-15,1.2405304131069954,4.9268240941125185,0.8300207056968816,5.911745941776061,10.573083542486273,31.077552349505908,31.654329515891746,2.538201522716548,-13.096534407321855,-17.546953357786762,-19.44270470810099,-22.356054100849633,-25.620282729803435,-35.15289437774278,-26.58858412153394,-27.341933040640555,-24.04522302265238,-7.8762949991688345,12.486358435648924,22.63311343627062,4.73993960002332,-0.4090233960062335,1.467595451345872,-0.8887581492205925
2024-04-16,1.3025899986841125,4.467671257035789,2.1967003812184913,2.9431305098142815,2.180317815632108,20.618544081440675,14.041561031434028,-24.875497201161693,-18.209527806559663,-13.793693303271922,-17.54495572766723,-15.383052706384305,-20.033037139309158,-23.879013893186695,-24.621548650375956,-21.977606364332672,-27.393767492815044,-18.78219153980055,-3.8622612390863083,6.757260398138584,-8.449438992678068,-17.921787857861744,-16.415451299631385,-17.831743889278187
2024-04-17,1.959280125055443,5.202212743030444,4.438088145924368,7.5782444927711765,12.93577671441814,26.13928777639353,30.788356058650237,6.242697083978015,-0.3629726552717756,1.6014453634862917,-1.1377492770651543,2.1174359486415852,5.315387340320541,3.5750782412194013,1.4403779762376843,4.575856622589697,4.456881666537768,9.400092947433492,22.928981851034848,26.909467232418578,2.0655697752081323,8.342458827743854,2.981192485495697,9.802667132836703
2024-04-18,4.267805651387221,7.422046584632014,10.04998929535148,12.314440231393519,15.035498057048471,27.24893878813016,26.956453540659794,-8.647277703640412,-9.26178758803573,-10.173524676084341,-8.22589008691044,-9.822422463781322,-11.38184329686085,-7.125132890946844,-6.8169914807232175,-9.474806510949534,-22.465849108999123,-11.032492196128345,4.634713382372695,26.597730741052217,12.650154228871187,13.424170082542375,16.499353329840346,22.881427736890444
2024-04-19,17.57634056348749,21.666224818556614,25.338114148867973,29.578965669102857,34.64815193299728,46.8332479993275,48.87035023815412,25.17765694387009,20.089967666887247,19.184497603522544,20.580690411317548,17.59381886203265,16.8054857102764,23.68177350223921,26.009620097885275,31.599608446494614,29.33652931886607,36.31988324736095,50.059349303823254,60.589697384357606,32.878237549050624,33.0374139348082,31.69866986439331,31.28077060769668
2024-04-20,9.274475276207227,7.559279011090965,1.172594622078364,-3.899062000557933,-18.81268005284855,-20.600923046811005,-37.55183681745429,-59.7702138460412,-48.95221184278783,-45.315184340251164,-45.19044729759885,-43.8790200366561,-44.832373555228784,-48.691893502861745,-50.82957206036535,-60.91763436807784,-78.14822518952053,-60.375328829749094,-55.91286076010789,-35.734929605433365,-44.45376675188794,-40.59929393452481,-34.57892391846535,-38.33288256069821
2024-04-21,2.0336634114044045,6.659583335774997,5.238849518186484,7.509877522735451,1.4426493916329264,-10.858302078092095,-33.055989318681995,-62.81236808215547,-57.83870812085364,-53.76081548141144,-51.67616923943753,-45.17613560025498,-45.74388933184112,-54.13527780389899,-59.47151623139503,-47.4915717760413,-49.90721663763824,-37.661215228839495,-5.3492268808149674,12.844486014183929,10.362061087825865,6.550695086227208,-13.999650018128605,-19.10932850523477
2024-04-22,-2.806987886032829,-1.921843642558386,-3.6205882544263517,0.4405748019308078,14.259328544691726,30.729895554010497,33.89951936958684,8.81897105070442,5.2933306185127265,3.3481590070131233,3.927454667773972,-1.1838837053408753,-1.2617308047803988,-2.3317704196893487,0.4490715355646273,1.7761753516911938,-2.5771148239364265,9.717351527319892,23.232355818352474,32.102146556554274,23.395260937048718,22.000305791869764,15.86605026470987,18.56674670743449
2024-04-23,5.813694987857872,9.788832465623429,10.573973267896164,15.377057945531774,18.000610385781016,27.821655774481897,29.33512821997995,6.82059455572616,8.200345748099025,11.250673127589977,6.642728073235446,6.137012895882904,6.74672427338642,4.552214352167056,5.7137863943959815,9.882757807009526,8.024142279304442,11.352699415684768,18.292381655891134,29.277982907672268,18.59173652557989,16.923330245966028,8.156053166690484,7.400820902728
2024-04-24,15.744059284874382,15.817818164833398,15.157640320997672,19.30982326556436,24.182947344662367,33.63318431604465,35.850770064775276,12.655272016529892,7.716698408647289,11.85757865925855,15.00094203512208,14.21670114583631,16.680348098158248,17.742365805745493,18.77944385462544,15.886231209477927,18.28304780180848,24.98985201223384,41.53770295711935,59.45782118148112,47.225252886709896,44.1321217986104,44.33378042884017,50.10746341538798
2024-04-25,35.26208411609238,37.16072858327822,40.4332466965508,44.70739754918699,50.72974842957555,62.93689682324515,63.50318925879379,47.27992441757307,37.87786346191544,33.9181833304646,42.76891934738683,38.93954313899198,43.52515423946251,46.24528912810224,45.53335629346989,37.639890194776065,35.44514996242418,46.341914193930705,58.49207780855839,84.92385329372422,67.6605013828877,54.43159249112301,54.90120983948613,58.26314190453894
2024-04-26,73.91472036984726,74.60964326487968,75.28474274226193,77.53733766107472,85.28446535077039,97.90989326209166,89.25118540036327,73.41968428514468,66.15259010672108,57.265983577023206,55.66297531609922,47.853629229452395,39.784702980190275,32.11148183146681,28.857056847558958,34.30378906395209,35.55754647696736,35.756492174703624,64.03315672215138,78.20661988814916,63.968882879549184,51.59730919480623,41.96838536340243,43.71474240065888
2024-04-27,36.139337664737724,34.33149257913813,29.642069782182972,25.3305751878396,24.83947091630995,28.444178317109447,16.11862502177887,-1.1254677202836376,-10.55720498178485,-27.179142908730896,-28.554856613746452,-34.25618923472052,-39.14283289447219,-44.4986287872475,-45.21818718382211,-40.09965565765842,-39.20921212022341,7.996043643364189,53.120099520676035,86.51225551816418,83.7980725386488,74.37902866414227,70.14559040577119,63.67891518800879
2024-04-28,41.607686182453754,43.21667469611687,42.724905649194255,45.583877042656056,42.315550856145535,38.70985840927857,25.094215192980087,3.007566055391621,3.489201921169766,1.8243288497468058,11.669685459752174,15.13626771099102,14.00612470879119,11.856273366190464,10.586716765003786,22.595223538649506,19.140212864388673,31.72019290767264,57.82292527112871,73.59537165102132,64.76381519698194,51.01289016495659,51.22149257924747,37.91090665857243
2024-04-29,57.71222146576819,60.092676186663695,63.320688607265936,67.38030630549784,78.49341645781804,92.69264259075393,92.16722388674424,78.66951213210766,69.61116941518046,67.60731848620023,61.526614216160326,64.04359595399758,59.58738105780757,57.321323077110506,59.931874335456996,60.39265871412093,63.26684063707268,71.00321079888923,88.01605674806851,93.36825065628946,82.2896917652537,70.84670301012454,71.02046803827474,67.88996825990169
2024-04-30,56.10951848869026,56.61727245765286,53.64869227901513,54.547177265879476,61.41075612135111,74.09562445015413,66.11722990723774,49.19822499160567,40.32034328730042,30.14009434214435,19.684872485776054,23.546448958293496,17.85609119247414,14.766954960410871,17.8906768107598,18.285694544144604,21.33861180479265,34.813923046488554,54.1075765065915,59.6576362573057,48.71301649892344,36.835510390310276,27.56896745830288,25.51849713956328
2024-05-01,29.568814386515925,29.805822947251485,23.514683045890777,20.361502105979,21.633951353137988,29.540557723579454,19.47485754989853,3.7790566424819048,-0.5155099108653332,-18.80545574169585,-23.9939070609843,-23.806569649186656,-35.25799868291705,-45.12910618711388,-45.69113522313013,-46.43671861265116,-35.30026276758883,-4.661859980147426,30.932610201726277,50.32544493013535,54.054357410564734,40.993318929265115,22.68898067110733,18.069522815411332
2024-05-02,12.992788373368114,11.11786970819864,15.73511877201031,22.39496691503669,33.65817431250443,48.636779669635914,54.45564693370392,34.594497811222965,29.54554359256744,16.968773568008714,20.843532660293505,18.90791640744942,12.700102105364948,14.424907054007804,16.93921973847887,18.42420317750033,20.534496553849138,37.116498203742594,51.82605089040317,82.61894070917583,77.53204743860502,68.35860001257115,68.38221205352302,56.25041377050865
2024-05-03,36.16959720688894,34.870505264450344,34.076825715202816,37.85344071579539,48.33069840379555,64.74053450156424,62.089826606059425,41.48882947766856,24.062534491692176,22.21614546083849,19.21520585131654,10.083997001510951,6.842678947762394,5.172638422967665,4.176976406638616,7.770766516483221,10.019361252308613,26.824211832395008,49.219364300378714,62.32206439527894,47.85384604827526,42.33424135193869,48.57618813286136,34.10081321618142
2024-05-04,30.971707928383353,29.05702412972326,27.81457142342515,28.107375638895533,27.616420657088725,22.72106597532772,14.557687728503439,-1.0959583464054816,2.271247984269138,-2.9699593476835133,-7.578501322974631,-11.538745202402154,-11.094685337354804,-22.357248707901817,-20.454910249841873,-16.162770078451913,-2.4138373868317586,12.63262092068544,36.19422334488753,58.418075321837534,53.649975164971224,46.76910155034173,35.19633720944455,28.3716774942815
2024-05-05,25.707734098452377,25.05459647452905,24.030316149238104,27.695377980438266,28.534020320990948,26.13816184308972,5.973517882361094,-9.085523056328782,-10.292394349423233,-13.211022690879659,-11.305503890527092,-14.804307141617642,-19.78784733619875,-28.204324848421052,-29.06747405440298,-18.683669245311748,-3.215031208652462,13.77422194747922,34.82632018873238,56.8835632443832,60.999484536519034,55.39969613466158,45.24662432091577,42.961681988960976
2024-05-06,54.281435806421925,54.60334631387262,54.427592950741534,57.54135079002446,67.48584875457249,77.5701097606701,77.55120028601016,59.15562179549493,50.48961806831798,38.09787619188537,34.74982766876642,28.368994896382006,20.749977491401552,24.084574295073395,24.799632409115915,16.508354876380864,23.143149142367832,35.63420125391727,59.83645113121183,73.34384227162349,66.50279597770266,59.29618590920844,55.91596396732138,50.47932921412362
2024-05-07,74.5602484973513,73.50899968491876,71.92010734466825,75.2200834327554,82.98429273083273,92.65786931568526,83.66092496032392,64.69328847730353,49.335404429464255,38.967279098167815,31.416641536665082,24.12121493333366,15.803467017556898,11.857637447495051,10.945059587529116,18.560279841089937,23.123094597384764,34.69974584241841,61.90070057622016,74.85700225338176,68.46737076379871,59.60518375886373,49.59874687076379,40.674453829889856
2024-05-08,19.291121292398103,24.517991767238072,26.080989730915363,31.339385511555207,41.520896993882914,58.04097486804137,48.55410360617502,25.946983611221228,11.163666775174661,14.04093127248666,11.662296408614296,14.087186832415611,16.13742337261982,14.710139210747798,10.388138092233646,17.927970113069406,20.864688314252987,40.66271618822532,66.90090526603984,82.72890264420735,71.3966935745909,61.2864670134365,55.00866985134212,53.6356449805452
2024-05-09,39.95794667773305,43.942008106121385,46.2861807616535,51.95052940995282,60.479917389269666,65.74469819145108,55.255302216673655,35.0765496155023,26.609457857437178,21.094462514521027,20.57504757535493,23.06092162850628,24.553306939561352,24.505964319066422,24.894556064298314,35.12959075971151,36.923506350414385,47.71686182722469,67.92470238847355,84.59070838598873,74.48281154110632,66.16276537015452,64.43555941017976,58.30959747782579
2024-05-10,39.853306894363485,40.937396768285865,42.13232969574325,45.86392564089948,53.02734965995429,63.64475325609882,53.8397288885037,32.16974107945376,17.39835302858077,6.497775007762115,8.622459336721931,7.140206899177855,3.326401518165639,-3.2996915160580045,-2.9679339458026988,2.3281131565189384,-4.970637204232631,9.974046834969329,35.58216934496576,63.91609509197454,52.31752997367178,39.56021955779971,44.74644421290924,35.2788971336923
2024-05-11,35.14146054266436,37.06618377394126,40.732545815465095,44.86517726834272,43.50813483330225,32.76686859217406,3.2820569520479523,-16.95792520261395,-22.57074073072387,-23.3705709218452,-26.66632921257346,-28.840920812043265,-34.97159983292639,-40.98813607759328,-45.34861701303036,-42.04362836757488,-36.22606959189778,-4.0751637177431235,34.9871106463747,68.67460496357327,61.96622134651467,54.77645823423495,56.00710421486671,53.10077467463206
2024-05-12,38.86860230509957,41.90507892284425,39.94930224112204,43.47486707060708,45.06210147740087,39.60585951238022,14.945635756666178,-4.272613169512994,-4.0314639413326745,-7.53533841911829,-3.5434695348997707,-3.961367493026131,-0.3240825155702396,-6.2080044234055975,-2.9792344806870403,14.47450303629158,19.202491341931207,36.13574029946969,58.48292182094643,70.68845579572239,65.04300233405415,54.87543361963604,51.60403061487477,45.74070290646944
2024-05-13,32.42688933207947,33.83782079781838,32.99344639926369,36.2493461902946,43.731496913146955,55.83898902585111,45.11201124791309,19.764307769384487,9.948838861536302,-7.555406652325871,-12.986355901506457,-23.14451780193147,-30.96731067055137,-23.874398719540736,-14.921125326574582,-27.26504475273343,-17.21097858973677,3.124713022006361,23.88898359651249,40.604555540490594,30.3838396118869,22.849646476067008,24.96360961627734,14.74158627038807
2024-05-14,2.474490019394665,4.896147164972021,1.5583599561805812,5.512902835288884,14.731170520686788,35.66251236868753,30.698358804689562,4.548630111326702,-5.462838654868833,-3.1397423826944504,-10.297358912093387,-12.915311563891336,-15.600429403403282,-16.543481027657336,-13.093002227373262,-2.971878818409138,-4.7119106470746885,8.485791531433932,26.184062040859217,41.42547018194219,40.67311067895072,33.425338325393184,24.058441890771164,18.736634808958968
2024-05-15,16.082828586377047,16.784689945775625,19.407180847823938,24.967771754102912,26.98558523829695,33.219500492555355,23.65535079831345,-1.751451659595432,-8.003300549081274,-7.07271094859567,-14.456568629189547,-11.083550794241347,-16.702577783748225,-12.308692466097384,-12.185809170133723,-11.83051941536145,-9.47550907155798,1.3838608427646903,25.21571757550342,49.90147381909749,50.33702570100154,44.52605052882072,39.317816380702524,34.89850601714201
2024-05-16,39.26461440804266,37.788950389942116,34.70891754971443,37.47220485017618,44.61575184384904,55.661090249917635,51.50215703438549,29.965128849055063,24.536471460668793,18.750366995012584,16.50904912232909,12.090088706916433,5.367931628822603,6.16075705355216,9.38272576340269,13.630530231938323,14.852276628879466,24.834066637392823,47.57629801145012,70.47190476055741,69.83011120293735,64.86078252640587,65.78620430635979,61.117764439043725
2024-05-17,75.65983974532031,72.12553395487434,71.09679253686268,72.37441647199923,76.74607512379879,86.22579323396158,75.96035211749142,54.52892186178522,35.68096710050966,34.004746095964876,30.246637052998324,31.692921795301125,22.74741536092668,24.72743129595257,22.483402635747524,15.091776167381923,21.466135692582654,38.05350019258461,65.38927110007735,98.46242994631318,90.41998385112905,80.84719623212166,77.6766042395668,70.38422326456629
2024-05-18,61.51846150121906,61.30458288441995,59.40326673427232,59.551976564646445,58.78389404567548,58.497606990091825,37.7485601499953,12.538549867368658,19.56525931405102,13.307372409717061,7.549000205110943,1.336385951703548,-0.5723518107876231,-3.756474734724648,-5.450003967388511,1.5506473894981667,8.474285323774623,28.85163062278778,52.59483360987997,78.86952986081779,76.86850552481175,68.13930564683406,64.59612645155559,55.680606427502305
2024-05-19,52.95064522299251,55.174214000371684,52.62638875485654,52.66916542786892,50.35302228566045,46.00373819500611,18.32112691153648,-2.8821926400878226,-8.862600968211964,-9.693855203335701,-12.08312929848097,-13.219634230369579,-18.1044261669946,-21.346541844174226,-26.024691638695387,-17.705707840029234,-17.57572172961825,4.812544248679657,37.62343979199322,68.4682859079635,72.06004919061003,62.38153993796331,54.069291563570985,49.916496540989684
2024-05-20,41.52952684649528,41.641206848390816,39.796878388899685,42.38384783591092,49.36936594922675,63.19715844309733,55.02164168109044,35.002340440896376,27.091517339616757,27.399871817987716,22.688828990765614,13.939537704252757,18.228386006866344,11.286831275818983,11.305928248833297,22.215715264314426,20.582374634906785,32.751557534493884,50.78112373045356,65.56627894443028,62.74830453680008,57.369362895151895,61.64697162302098,52.626200858403024
2024-05-21,68.81214236656002,69.60112279187418,66.74595792337216,69.3111317044455,71.60372267402715,79.89219329240748,72.23852601206897,52.09189830435491,42.22511379881486,37.16151004630673,32.40366791315998,29.354375201515083,24.83451543849884,23.444636660657025,27.353549196806988,29.421420724162076,29.915156771056175,40.49654061280509,54.12163441669557,65.99680056604001,65.62345977191146,60.16983155157703,59.174774835689476,57.76201639822001
2024-05-22,66.92593650618402,67.29774595415776,65.65841553688352,69.02002523511945,72.43420462624496,80.31486895622857,71.5608366497917,49.05181991167919,40.22361789428143,32.63275307780103,26.59533991456435,23.524585609310634,20.970324176379563,22.831153410867117,23.103317582414803,27.89721461415499,32.06072997699674,48.089064821204275,63.77066895794664,76.88952565185699,75.46101214056185,72.94761999006755,68.22961092026215,66.28652480569407
2024-05-23,69.10018989242506,69.83636947787772,70.05827082361955,72.89797474985345,78.4599327622177,89.25542641219798,80.21767942373111,61.13553807763545,50.810998021587636,46.81056487642506,43.63579536968374,38.5267503137211,36.38884868707987,37.558775362762596,37.309609322422745,42.68788481376287,43.28258804543982,54.30318474151399,65.19527751187574,79.58678186980417,71.68666017232144,70.26817175913253,63.592052775837445,59.80556697901197
2024-05-24,75.79815649033642,76.54478271883454,75.70467826813675,80.33349942619618,86.5825488744449,98.24438235402583,90.72200372706834,68.10776649177359,53.15479492383356,46.03566090888778,45.32614251945924,41.95742956701462,36.79240943677492,40.98415169038762,38.540288988195194,42.99537115792539,48.631389166705425,72.0788878924076,88.70962164607374,105.6088267770272,101.9852223210746,99.48007659946276,95.69510507214638,87.96294757267641
2024-05-25,81.30998820392058,77.92598354302777,75.06111325197264,74.91849372269864,71.34960700670666,67.98038381305958,53.524451220467625,35.177909054555414,26.464346028998207,18.74831383384432,15.210264225487222,6.613174934427178,-3.199553875812285,-4.7796902951006786,-3.074383972694207,0.9005231764567014,19.335681129818468,42.00640795252123,59.25955826194246,88.99323439996819,92.5957372205398,88.03761467072133,82.08917273358858,72.37483479695408
2024-05-26,52.66753359331459,55.06323152174474,53.91870862279516,56.01798766863941,58.07694955612185,53.63291152016164,25.785937295112575,5.902326480139195,-0.3198537134237114,-3.3833829554209274,-3.750264424069286,-10.103845758624587,-10.347519647352442,-18.68273632910298,-24.252752829176757,-8.294990736230645,-4.827172832507955,17.69578206143882,39.720198024191944,64.34302890477552,63.53401294265417,53.316380080947724,42.4015897075509,34.63111300450251
2024-05-27,30.646873252049133,35.910056890310926,40.03931539084089,45.44787889460505,51.17725406163741,62.67437159660597,53.227261905008106,33.91633058496083,23.26059442126676,16.7511772344902,13.375162200056863,7.706558682522314,3.8992991842422526,3.405710119272584,8.44445107479774,4.001561898107056,1.6424719506227916,22.055078643009793,42.27580955136915,57.37788688004305,56.23816545522705,46.87044514958424,48.5442000432255,42.9302514188188
2024-05-28,34.5286234920823,39.54235604045368,40.26936182249026,45.87878524133462,44.5271632128385,52.0986879204746,47.054584243477436,29.19055907855254,23.851539292195667,21.68077147449135,22.757593428554358,19.113871982231444,20.69359115375424,23.582445271808282,27.184019110804968,28.295985346300384,30.04765342118175,36.883110327491494,54.73685011528946,69.35789946685465,69.83463657561988,64.03158395629268,56.779156875465894,52.31109799772462
2024-05-29,40.11163641043571,42.96208572085967,44.44073001311075,51.00408124247272,56.27096071912392,60.770657279220075,50.990891871214316,28.548157880959295,20.59436713494378,14.373783610077595,10.579542072629508,6.3079507834938795,3.406560563634585,0.35621138744247105,2.8801758656660184,9.49388839292395,4.594353349851218,13.19371646691711,27.957704295969705,51.85709485770667,49.30986485368568,43.86984611848975,39.48405946859593,37.072916604636674
2024-05-30,41.32808537350348,43.70608220306982,43.590906663614504,47.181830857695424,51.03117026202182,56.781323848398074,44.623839854295284,23.79947479035664,16.4249812002423,10.938305646939767,5.298597301673524,1.8363052328709415,1.3345394902191003,-2.21232836136231,-2.7179896413364304,7.226317642338387,6.887109368913073,14.699177308970448,28.21360717003911,44.60162537429572,45.954454310227334,37.783361761687715,24.0995734855791,17.571375607444978
2024-05-31,-0.0016535383659714853,1.9905687494158428,1.4999434141170127,5.784310963046309,10.440996433735464,24.963732414552595,10.634657260619349,-14.681523391319502,-16.77141700563037,-18.337336765261597,-18.36661525685645,-20.23682909738322,-25.39913167992924,-27.874993786476907,-24.56835672405873,-13.385303127937803,-21.71590199079185,-12.371296088565003,16.1117375064304,31.458750027338382,33.60954931625683,28.39449957932743,18.717132247931147,13.848924113612455
2024-06-01,0.21704598701711575,0.45349217898895233,-1.3385583386860986,-0.34102439439189425,-6.269022274371181,-12.473948563698912,-49.249584785954696,-81.10703654076585,-67.72711077752568,-59.04603825180291,-62.06471205374494,-62.93442609641366,-84.13486022783091,-57.543694987629266,-59.761907587835665,-117.78459583901952,-138.69826781897754,-44.313649151084036,-7.492012450239173,8.948949157009196,11.098269345665855,21.343237554062952,82.47145356149905,77.00116379397414
2024-06-02,10.611646753795128,21.774005881542905,21.568473597637066,16.89588667669838,1.9316756692145844,-2.974448220888533,-7.606080632375878,-19.236889766787357,-21.563196088215946,-12.720050856708198,-13.57742537901403,-14.414057570849309,-15.215803622255294,-13.919975299033055,-9.430309929209997,-1.5578624906574134,18.69203168914079,17.684027444304746,41.598817065867124,53.47031916271247,46.21255265297523,35.584242254498974,-13.701472562525268,-33.0543373876738
2024-06-03,4.757772063513187,0.7265117427665331,4.7109940565474915,15.695514712540273,29.209698663039376,45.35118466685857,26.933188009773943,5.873387576099944,6.507414537191536,8.453663165427045,8.747396772433333,8.560436752773313,8.031613104408365,11.516479474904003,12.425021080535132,27.49229951927434,28.143758776032428,36.52596714856294,41.19758632362917,48.174086500960115,55.00817943311377,49.68370007399906,36.44194514310131,37.03620314604957
2024-06-04,89.67378289780521,88.45156813528878,90.70453913967472,97.25902865931907,100.96788439810729,98.19185886994565,88.78515845162234,72.67229427018057,58.69215906662849,50.74740686947325,50.895288758684956,49.179198751411235,48.90605474344039,49.366394889187404,50.77035094751806,55.11892108342251,61.779618311524395,72.55356913754795,92.27927336649739,109.35623174191721,104.01883222048964,96.88072428791172,91.70936553677765,84.94566955210934
2024-06-05,107.27950318849713,106.81249010485003,103.88751955021353,110.64083717412268,125.50322095775735,127.90823488802914,106.95531851639595,92.88908810311777,69.97146689720039,57.20534868281016,58.89305888639661,55.844860832540604,53.82203410872837,49.904784137159275,49.21692205722031,55.26864425170584,68.26039526150056,87.21731251032897,112.60444003742374,134.92200595584933,125.05206021559424,109.27446183424907,100.8494192978855,99.69455365203622
2024-06-06,102.90473624816937,100.45888379690187,98.69169575648394,101.82783572596541,110.37161148789099,115.34217213151325,104.86054742268834,96.09737109157825,73.07628692355608,60.12788695577326,58.50737830007329,55.46232935012813,58.18844940496905,58.01348743856739,57.82277683980173,71.77021407295135,81.74235853253114,99.90213016454622,120.99383206425108,135.71995412309377,118.35355614591033,105.69086993100655,93.0119188430886,85.89602704745847
2024-06-07,93.67293078813859,92.90727707199537,91.41657581646912,93.56416840314155,102.53601137593377,106.62768191551808,99.14372728855915,88.85658077515782,79.07933917946562,67.20763224168954,62.281410549206406,58.32169973254824,57.067655131544285,55.61497820526402,58.04208514669746,69.70012861887031,63.55022443597381,74.20526304297618,97.50323910938184,108.79260397750073,106.27475722836172,99.83352312398443,101.60681810119877,92.97544486320214
2024-06-08,89.17252074224652,91.22138772699437,89.53972388228661,91.3136929438644,92.12330577542333,87.26841472303455,82.8481029697648,76.29568910593163,73.88172019228888,64.4838759406012,57.6470112262684,50.29170692983175,44.52806958808476,37.793895515866296,37.497818269959794,44.037209752359686,48.175878363280695,66.22691104212004,73.97832284510062,82.30213517401555,81.29229918761203,74.79854154211566,70.01469209427408,61.75310732125287
2024-06-09,16.61485288513397,12.891750715771622,10.138354561258282,10.156716449048602,10.775029333887417,8.590911698866549,-25.846577030337997,-57.69711816459761,-32.074921213493255,-24.055927962416206,-14.98592898687123,-12.188329761358546,-6.962820320321711,-16.717712286826114,-21.355344946610202,-5.577108448798612,3.4177010378068076,19.671074071031356,52.823470693807934,70.71803034494036,70.1702634021304,56.835720849232715,43.7333252677053,34.91927715741235
2024-06-10,32.18660392823182,30.297608358848862,34.35364557520178,40.45223682704104,52.702105733111644,67.13128712715238,66.85000575424749,59.63231830876284,52.13564839789845,45.97352631854139,46.35057824247159,42.896805302301175,38.30242619914483,36.0327401021027,38.139693401930465,39.73018710259103,42.17312469590243,50.67305589368398,72.75240841312221,82.43819864191313,80.6779024904077,68.79810096567064,65.79272848366526,60.820171738262516
2024-06-11,90.65615599995586,86.1214244887598,85.81317845895295,91.83337872212832,104.6451463680734,111.07181608935045,99.36726203753875,86.62254014458898,66.81738460978843,69.9432824394625,71.77025591334072,66.83842451575613,64.19028799619967,62.62464585535201,54.65776560629581,61.99488971575705,67.03384480989124,76.66724894132811,98.12922873304812,110.91352728577937,111.32385961729561,100.73987424347285,96.04025518084646,83.71751685366179
2024-06-12,55.43745100434748,51.99258703700602,50.3409925806443,52.402172006133895,58.233933530056895,74.29072644423076,67.57329246586201,55.891027592445084,37.20066908962292,29.83579066285131,27.266571967491444,25.203170291327126,21.0897603524582,21.87875804762811,22.844797890647968,30.971250592438707,35.58849332842294,57.929067946523176,75.51135130501888,94.08065466985727,91.09598584074814,85.71274810311675,81.83695718123757,73.36776221039193
2024-06-13,92.14018572584453,92.59208439626077,93.9755870000509,96.7877089109138,105.59192935823069,111.22197757749261,100.49701010648491,79.71742239629907,62.152876904725225,46.90159130259087,43.54700505523758,36.702798919874645,33.30425451566168,32.19325044553911,30.670884415516547,38.07323451623008,42.716349736337776,57.613780722852255,81.87790176617435,106.6374192961842,108.80305421357605,99.46407347445574,96.31586482926743,90.7701206832199
2024-06-14,74.21315023873726,75.73627961956285,73.291584578756,76.11614092494057,85.64152866510024,95.69773180403861,83.7676853335069,65.05091287939877,40.0862022742341,26.107342479708407,23.65429222651842,14.339884560411832,0.8938315570212723,-2.8486740278827654,-8.828392033646125,0.33429919931340635,8.389212467785612,34.86894846025184,60.112097795211156,83.08316265379554,84.64920891897026,75.71677124511316,77.06476144423644,71.40908684386548
2024-06-15,36.174226795165026,35.60834661168788,36.95713786387482,41.31457042116409,36.98307394819069,37.823391351377325,19.606770969690047,8.769983996296645,-1.867239793160806,-15.130471717320205,-13.695904344638976,-13.848820078523886,-15.373459300325166,-24.860181714554628,-27.102648267828954,-14.025137396048947,-14.523581042746159,8.429015576596328,38.20835454821729,76.1082753434745,79.77675314045216,64.92338678818106,59.45622893496564,35.06301872832711
2024-06-16,35.978569280044,38.434345970030385,40.49802166919967,44.15896903959847,44.09688829344496,34.71103905760026,15.891606408561515,-19.871454180030042,-27.05738591146671,-22.183962465774158,-21.016001779701355,-27.212000325349678,-30.25746418967158,-39.433702185246375,-42.323424928364105,-30.652720959863387,-35.5957138724807,-26.607719696447646,19.444746566638628,46.75067920641108,60.765782291959084,52.5221412905052,53.80571134286214,46.09767960360361
2024-06-17,34.37284793788612,36.4369316468367,38.47438545916887,44.2879067478495,54.19682347478902,57.41676251748942,54.24535430773007,34.05635649704588,28.828698957829545,20.376321212376,17.970416896394312,11.113741758056463,9.104929243013004,3.917808160562757,3.092599685197513,6.428917275173077,8.374718947579197,4.244644168386969,31.73540514305364,60.53821944337429,66.33438538160962,60.29868680914429,61.28113110646166,56.618603311157926
2024-06-18,35.824065886093436,38.03803243494073,40.24597963860338,44.63516986239183,51.642564645509346,65.09802275239855,60.43018044701733,46.26297848586367,38.431863722933414,30.205373420714736,27.429564148339892,20.58033491967656,15.470163455361217,15.505169433345117,16.69169711919548,21.258074223170766,27.733012348773173,38.653143412942256,58.65987878346367,80.6102271673975,82.16474163169437,67.13675110869981,63.79902264380626,53.678767809120046
2024-06-19,94.98631830971232,93.88492967759171,94.49454019155672,98.78599139252236,107.02759188952791,113.55155985905346,103.4672142975969,87.35811531826195,70.4387286232944,59.70668235906765,59.68673283597213,54.726714526390836,49.951347874312326,50.43305063145091,50.51769022128402,53.32958065602272,60.189413625707154,72.01829625922065,95.9487139043452,115.8420809691267,113.27396678424404,100.46396532084523,93.0627142057702,96.48356952063666
2024-06-20,102.05988100212318,99.16881037650509,100.05438627987827,105.50025715642275,111.24054047554071,120.99714725504224,106.65795178610959,90.74568840700161,82.12247291798687,72.59298182656647,65.48670934808595,61.447838389657505,59.0010209304814,57.4373738177121,56.31462778773637,64.0259351952995,61.35745817193772,77.37387541219545,105.97465063485996,123.04358418872161,125.97179862286687,116.76485150929398,110.25255110377846,104.56032624269389
2024-06-21,97.49912614369342,95.90811484035997,93.64374025239081,95.82549542197414,103.79880199175722,111.23168100320558,101.61513545212938,83.52238199534402,65.4023428186585,60.70187632136632,52.1552341801779,49.80303134188907,48.68932390165165,47.55052916433157,49.7379206839297,59.59894821198211,62.79123554208286,76.68384798749098,101.0730281418194,116.73637330537834,119.96058882490635,112.78577723462341,111.1781112437805,96.89207185289955
2024-06-22,74.1807108901192,73.02122383805639,70.14369620297036,70.04267532376419,69.9348901795723,66.7516133094314,52.86600205385726,41.64641155370745,32.32167907048881,26.10776373096384,19.026397986099525,12.775311107685638,8.12625786612415,2.4189622039262986,-2.047489687113824,7.735109599644687,19.070934660201004,36.41466015344565,55.30890359782235,73.97152855638183,77.19238157567122,67.94657127783361,64.20758503254454,50.10269314722005
2024-06-23,51.42521776837104,51.42473177207952,48.44472930114599,48.6383809919043,48.63090023702596,43.78809032502738,19.885914496248944,-1.9516887238029597,-7.661290044790832,-15.377541345177761,-11.730446242468204,-13.509754236336988,-15.871061549778176,-21.617743642764765,-23.87746502073061,-17.236104063337862,-3.1723556349299713,20.91138657518134,44.52641446079815,65.17727822135377,73.60064046141846,62.82617648513109,49.8328729799197,43.132595221073956
2024-06-24,37.13308042988125,37.5620553237782,39.042885547676946,45.44606924149692,55.47727815793608,65.29021890599265,60.9652336008678,45.34202206301187,33.66644574317348,26.2948593777965,33.34107112314405,33.9005210758454,35.10300177272006,34.78336936738508,34.52570150747049,40.02902689935627,50.80911363023801,68.07980909722379,87.50156881987635,105.15587596551184,106.51396479069362,92.64035665924118,88.55218898534532,82.66679004131271
2024-06-25,90.45814956067798,87.90942093528733,88.91094102502885,93.53704616255821,103.37487125404516,114.85769118602123,102.34533334393242,93.4598710060045,71.63790538770567,67.9190815370714,66.66045828294818,61.1600021155066,60.909941089487525,54.125296532188116,57.81523879459542,66.19159532692524,75.08692843177873,88.86921590354807,101.25411807537219,120.75254627558259,117.85779846888832,102.50397290877294,101.41573988364668,101.83706806821496
2024-06-26,95.65319481330528,94.0024674467943,94.81808535101455,97.87713533294625,103.27731295487338,111.80749921881907,106.81757911758432,93.18860405405056,72.96031167343179,61.52796118121237,59.8502181788285,56.40866656135758,56.834842928949385,56.721370331691965,56.847706971364204,62.96408869683474,72.68738325270465,88.76957149213558,107.71167361887314,121.09871706970382,119.16250464874541,109.33293735485485,104.47313988653036,106.20074947684103
2024-06-27,94.71216555404365,96.43724614306232,96.19844437769694,96.90557419139768,103.98333267124951,114.67971397640768,105.84641010823297,95.03814183608748,82.29020487153667,71.70497104592484,64.85370328811453,56.31856376609839,50.88226177219942,47.75116009018616,47.849667170711115,58.48634661102377,59.321720204737815,71.35525836300516,92.08491338200275,108.99321400310339,106.22455945299208,92.62558336165492,88.88516608714892,86.95527084293195
2024-06-28,95.57366917034734,95.54295711785647,92.00538565162383,94.99898834517347,101.00393399843159,113.26985589658923,109.37715990643407,102.40314206062908,87.56694778639609,75.93385156807045,72.94485236089028,64.80935720857877,60.03512392604074,54.0567642738957,52.554284761593365,59.99855466257303,70.41236769871307,91.70361306433995,105.12318792889347,120.19475023549111,123.51659589236446,114.73816506087971,107.34924024039597,95.44720941680481
2024-06-29,68.41440228107268,66.70510973752994,64.02591837785437,66.79028094651574,67.37679747596675,71.28253289278186,61.16501742721071,58.73022899827711,53.29291775688471,45.972473602489536,43.350830027272735,32.71547099497864,29.23716781489817,29.23861120675057,28.824055444939873,34.75482745332316,39.670161318515994,64.30945111185622,91.21850114774477,107.96258458795648,114.28145651784997,105.65196584123217,103.66124179728271,89.37059295458607
2024-06-30,96.86341915216273,95.74816425177119,94.82128322413807,95.20063926856392,94.06413024130903,89.55735353856126,77.6134290415916,59.890003544427536,52.49291443034846,47.22912829057727,41.38588595992251,37.146192203414905,31.506940295959367,23.109430196786732,17.809553297602378,30.673558594955324,39.24025562352561,55.659166709019175,84.04906977902101,105.50133625160419,111.80035384689191,104.02058140048756,96.82749031645955,90.73942436846582
2024-07-01,60.942477991070845,56.73006517620458,55.60308249352382,59.511889641237936,65.65443169196229,72.19241967420436,69.23220641770835,57.92253700897243,49.033454633008624,29.06331299295759,29.928157419350825,20.65569962842683,15.97943037612913,14.364626180488102,15.982781862407037,20.349235785719472,30.17048966616457,46.262753812133425,68.38152303988174,88.11822230166243,86.25511675494036,75.0310159626284,66.19367273898115,53.311346299367926
2024-07-02,45.66713847715307,44.70348922766521,42.989072017522275,45.312353373411895,54.74079453583182,66.06544003140883,55.990539368431655,39.77954983526351,26.22082205393886,28.322290838732002,18.468719339445244,13.646219192972453,11.997083091614684,12.906243841093755,12.274256684396391,22.506418415399892,30.959419500956955,48.46152523000285,66.91873878573439,88.73619007826575,93.11669424790117,80.42250576006597,72.91382272931551,66.09662401392579
2024-07-03,78.64695789434022,77.44097381568844,76.61072652247196,77.79655595933653,87.59626844610969,99.26995920312537,93.6377120616722,76.70661290725039,62.92092932820606,47.01755067129851,54.83365747246711,48.3398554469555,44.531126532856106,43.2677967782818,42.51031369365181,45.16483838787419,53.63365057805831,63.42706423556978,90.68132287821295,114.33553529803292,111.91768471137674,100.82131104679897,98.77009444163468,94.1663129538862
2024-07-04,73.97466755595622,73.16671768340589,68.7368696453968,70.74475723395149,78.26527455192107,90.04471171848483,85.02021739406179,67.6777448525571,54.288360487189465,46.81404654203123,42.45082784215926,40.84040729700311,39.469311376698656,36.88929997106665,35.9229576857484,46.872638575789146,55.99989835593859,71.73165799541641,89.4852793242668,104.21736231108255,101.68565877239428,91.07608052070285,86.99519040159109,85.19146576773124
2024-07-05,79.42985174484829,80.95239145446976,80.73365635138477,84.94597389516936,93.3921719266277,102.98752376808201,89.26413482281971,72.7228324882458,53.943375944187416,46.189546047068994,39.50105409278099,35.27148922598397,31.434297557942223,27.19228720749856,25.815379307161713,34.26350056985832,38.95383118758116,63.31710448757226,87.44184543926016,108.23704184079963,110.79176933330992,102.511922795583,103.52504343296715,103.2017223633795
2024-07-06,94.75384616940097,94.00771077300003,89.99031168484355,89.98582671076208,88.22866504002282,77.81618270683649,58.225149731294195,42.767262558463514,30.728239277778144,16.651866742576843,11.541405220340877,4.497908118486464,-1.8540037795838913,-7.199614957835465,-8.875489878071022,-4.962306821432236,-5.257424166086153,21.764642894949915,48.75945170118358,70.57417924468302,83.93458568030911,78.27894713353584,71.9280107552157,64.00168593550316
2024-07-07,47.007312717584966,49.563649400603246,50.36312923939352,53.790912450150955,54.01463078523397,48.36409515619155,20.70235633684412,-1.4800845690139823,-6.104528864470538,-5.294208576609009,-0.3024974449225937,4.103435414696747,6.965173218042352,-1.2175514796353752,-2.3687331331693002,14.162249092774971,9.83800117667127,27.621578784684175,55.88060818944743,85.76330247076214,94.63393936247795,88.55103759329978,84.20038662731241,83.42598356573404
2024-07-08,83.3931499143223,81.52284214847126,79.10712723424837,82.17604717516883,93.40795134020937,101.02269779913726,94.05961339002114,77.34102641510577,58.496379012190914,48.59609853068908,44.223450218277534,38.79049372335095,35.338657877518,32.97510167192197,34.27987560285897,39.0719299613173,44.69315249360234,55.15186357223335,75.14641062029175,93.85014380996029,97.76800362109549,87.95180048981923,83.30314762867438,75.61218093314986
2024-07-09,69.20304888622545,68.9640347458377,68.1560010981348,72.9846952384479,83.07730622314158,94.82988060101935,89.82244464123153,73.40640614730617,57.62010231026492,52.23091575901291,48.17285290024808,45.33440166067935,43.323566699366054,43.04225384442732,45.06617643151978,55.72100786789809,64.95045691911285,83.50683679477473,101.79461385291528,122.50638703883538,122.82756444769831,111.0659750665491,106.12975664364038,100.19705928724194
2024-07-10,102.89260416231087,101.12699162091475,100.08184221288688,101.90599869549482,109.14153312501244,117.4279362132817,109.00621465498722,87.70444814861209,71.18447729709375,61.72172604763332,56.01633509811069,49.74435427857129,44.81575598382859,47.84959613509335,51.867897458622615,61.68284836943509,67.14086449715836,79.41761841531276,102.2795014972246,123.07737023905719,126.14123465142443,114.64734067295565,113.24826909831033,105.92688781726334
2024-07-11,96.91989137248677,94.917643536425,93.1427093266415,96.0992605648197,98.78868975519374,109.31778612670587,100.28024626864618,87.05404578688015,70.91693652479375,60.4169619946684,57.48506174963828,49.28393943201687,46.94768959814517,47.26104246626296,47.74863124085283,52.813965038963026,61.36567955969184,76.21570315413,91.50539241229677,102.73910289663505,104.66019168325323,93.55145090229334,88.22084781406906,76.69179387344501
2024-07-12,65.96491562815152,63.94537217636135,60.44138809947322,63.11864902586868,71.00155951538602,84.66609854851637,81.59497440578157,64.55891744068924,53.846086305098666,46.54463864897471,40.930077902784916,36.783349289141924,32.68460096165059,32.62692717228164,35.26240442401357,43.16256521330117,47.385522623097344,68.66521056442403,84.77886920788902,93.81679894012984,97.94555929786603,87.6279170106602,83.74948989194817,74.2580775555761
2024-07-13,81.17034858552685,79.038638476717,76.83348054336383,79.02610139480727,78.63417795553433,74.24387327956401,58.77860878024987,43.8605847163911,33.81824680409704,32.26068784715905,30.1685927283647,30.11345227874463,26.231457480076458,24.133813181782998,20.963185801414113,28.124558051041603,30.201280305351062,44.25762496246442,69.68188221460429,92.79291764150587,102.18856221059309,100.03644315087178,99.18733866234662,93.84660078316311
2024-07-14,93.813889398297,92.83059516251035,89.12122466329932,89.40348543927595,89.5581951440698,79.84042199205841,58.94932167359699,32.77429641603776,18.00533275724038,14.210092513913608,13.316137514823055,10.4613980431441,7.057355902039831,-0.19668507110503697,-0.19518403917381022,10.114790415804109,27.8450563989784,53.26181404278546,79.83673959770725,103.27767033084352,115.10408687386592,104.16111317629822,96.88756178299086,97.89148784344614
2024-07-15,69.23411393558463,68.34534118967937,62.7902522303881,65.56512423075876,78.7209918838359,89.64569469735038,82.8361464457095,68.08128372524243,52.24433629587864,42.549914451230485,37.87896198931926,32.13234777242158,29.495029179182247,30.253108477913912,32.57054200893161,40.87440476920465,46.83031683318514,66.63240864261957,88.69975989960298,103.04205739280908,101.0611624725775,91.44153684611868,86.19701327518463,80.38787104917225
2024-07-16,95.05213896603769,94.94464994967105,95.05851581269495,99.00236711710224,107.33557380572894,117.78092513614004,108.11125373261633,90.85438431021126,75.09396957329409,63.10851319250654,65.59358569484787,62.80998325343569,60.2953483016093,60.07325492928998,60.74642788263006,66.78834442298877,74.7596821833595,87.95225849807296,104.2399218988316,118.73708281179364,118.01952280835783,107.63562626027606,102.51140762952623,96.19263881207047
2024-07-17,94.47491781947335,93.68542160506117,93.70540885389815,97.29565833526436,106.79688362266073,114.32198699391529,109.26175770226924,94.48400151523632,76.04516980050914,66.85486235989916,59.2320635693134,55.63561442018824,53.28203748981537,53.45965970497898,55.25969812342313,61.01189499824319,67.95356318024915,91.38946981155343,114.39061512740062,128.27744564780434,127.19392323328047,117.73375668885585,113.78855168806767,106.84649132657043
2024-07-18,96.30562420610023,94.76427617000331,94.18920628177176,97.95388254054338,105.58208140451151,115.04636621773993,110.79607326283549,100.93829790283559,85.13585576842885,75.0976176219183,70.43079562265532,67.33630848988133,65.63234109545186,69.17400769225597,70.75010030198071,81.55715229161974,91.9808201199347,104.44588354895089,118.25980250790886,129.11814859108753,125.12272435288702,115.17071179130717,114.11307690336673,107.77423541162526
2024-07-19,103.85803441726267,103.10127860858714,102.01933839982932,105.29317950140192,111.0793991544542,118.21641865285002,111.22207377831903,101.47466138358818,89.45436840424492,81.2622523548892,77.37766763616526,73.0391824026828,69.11444690987946,69.21169274410754,67.73386932293701,73.61358031949123,78.93293849287787,88.02761102531593,101.89798343574188,119.23557822595905,118.7665973682863,111.29580543277815,109.1715336990089,100.74639662112395
2024-07-20,93.35787005003279,90.6947139003172,87.85771868085803,88.9401871035239,90.88857036586342,84.17717329246386,66.82531048139865,55.542532586821466,46.03407446929858,37.07594914475793,26.77885538474881,23.257299356284918,15.476074765324697,13.437414689626891,15.748395749036774,23.807628010862345,37.746833749378254,53.014849218604894,74.7624851045735,86.91811588327198,94.49709122961809,84.31217580064711,77.80938936691338,68.87352314662134
2024-07-21,44.33408728810032,41.5877136943883,37.89287981730406,37.648316143031565,42.34709380535631,33.03271831361134,2.6048891866238932,-25.32326936498731,-35.55720643223394,-26.112340452816568,-29.87047967977736,-22.746406322093577,-20.761081513311524,-25.442810707146364,-26.302797903336426,-14.171598291385962,6.024253306441878,30.814292027009785,66.81938346306843,91.65193016592013,97.23343141749686,85.75776341452814,77.37976004943782,72.30939202629366
2024-07-22,87.57710778988526,83.87273594737343,83.03926185657632,87.1872127762396,101.11696707937126,105.93517457083065,99.97788846086735,85.21638147416384,70.0557605183788,62.06090418731811,62.52532390467186,60.4892461819915,57.32014926318979,58.6264282026239,58.44856713678395,63.86376005326863,70.05920955881783,84.23047980387601,106.7046241647771,118.54554851671703,115.05747564879647,106.71414159997967,101.56836380514272,94.10161175958405
2024-07-23,95.0867697066587,92.06408533380454,93.01622224470532,97.13495079219733,108.51619732695274,114.27559314050441,111.03296843361831,96.4122146568465,79.50680514516537,73.31829269993894,72.14636659878602,71.20891931794168,68.45752622353723,67.9992889324006,68.87909522392937,72.74699117916772,80.21314570535108,94.91793575151416,116.2935059111377,129.6106430982586,120.60145753152042,107.81239851272659,102.78716319319916,97.30289257827019
2024-07-24,94.93458340999726,93.24331471129972,93.59293247039538,97.61977038256222,108.20917022064856,113.77586062261356,106.64966651466997,93.5690152390842,81.30581147770121,75.09452106028311,71.41408523968629,70.612452574198,69.52346421914488,70.22353041028447,70.74895840566204,77.44316834619573,85.80501929795281,98.46537154831157,111.46467648570825,123.50898480980668,116.52866443737543,108.62194810205028,100.61348442113179,97.80078064365578
2024-07-25,95.84156841241447,93.02128371803309,92.7077330071059,95.69852881267573,106.3020269023811,110.07383629561102,102.00528106499796,86.44951685224376,79.08992522219438,76.579411404699,72.84805175743404,75.31871969840257,78.492103779985,74.8073259899404,76.37062554017047,76.41648466146108,86.83070372457121,103.28159327034001,112.38548776502067,124.61145049529692,118.76571353718474,111.21275918577241,105.52701612598315,101.51651772491795
2024-07-26,101.655532719754,100.39815003159768,100.18463218406619,103.07656934484002,113.41740899456198,117.89044638084991,110.35837707898148,95.57284843001656,84.40289781993633,79.61990357807068,77.43327383347481,75.55580676621872,72.41467793703595,71.7924382622952,71.22105232046307,76.25294085271155,83.22317528374951,99.51352923102789,113.07505973412383,126.11580466398064,123.3454019526236,117.76481724469218,116.08123520078213,111.22673990150214
2024-07-27,104.60197564895981,102.0081344196447,101.2300759629527,102.02934886622515,104.34691671778799,95.77199580882245,80.91047238161273,68.40361504214437,53.37413942281976,43.01305339944016,41.803079751246806,41.99240646212432,40.908467605371854,38.96442578992846,38.88303779154496,42.71383545229976,50.36003284154451,69.16388743167354,87.33283813089214,102.01242092902734,100.91233263639455,96.46928967057917,93.58405387061623,82.83314177842045
2024-07-28,98.22558704890056,95.92022676318763,92.3338207900168,91.90865927958336,91.70141389340336,82.42539989562087,68.73660762207047,48.438880886387324,32.45992164370013,24.388885415910593,27.011788599929233,27.227681344652197,25.025867970175383,23.12828695551204,21.204102602465795,34.996651279404716,53.968909706656014,78.21871623146491,106.64327233019962,125.64280958203699,128.48873927778214,121.78933198074662,114.35584831926023,112.42626910801188
2024-07-29,107.74016024893764,105.7385178676994,107.8428159477843,113.17530270295882,128.15975641952923,136.89976346453136,133.5824616612801,122.92268994577576,107.63795521593194,103.74771932985169,102.16277669723242,98.71675903228652,95.31705306568695,94.55736104283162,96.06811237004646,101.4831219340479,109.24351820493929,121.80648567576458,139.78793751408992,147.0404327523914,140.87334216780744,132.2798158475474,127.96287648953796,125.4101769037055
2024-07-30,105.46089938569375,102.8441313390838,101.50302335163988,103.32298685666726,107.81151004376028,115.14704180680508,112.15386720627794,100.64113173444092,90.38962045332832,73.98622501976905,71.57370251083739,67.32580397797734,63.06399422807104,61.897558159541944,61.493818937094495,63.75377559319168,64.47629603641136,82.15925570923451,103.8515323172023,125.54541545231885,124.92829343405994,115.17740933793651,112.8645462393079,103.02358871490256
2024-07-31,106.71362563352996,105.2383067171792,107.02135731170961,111.7838954785933,114.78770496859897,127.34433660129656,123.22553583661347,106.81730527254578,95.26540907221259,85.64139327668526,83.49008079822863,79.3840016607169,76.41435339593052,74.42198555667699,73.29232059391063,79.48932293048964,91.92536771313843,105.78182227372429,122.58555040740443,138.1283604373644,132.7432416677096,121.23062644127671,118.17522504941218,110.3930431806582
2024-08-01,109.1473262712385,106.11877965067141,107.43357404991194,111.14538775739403,115.28721619614514,120.41558068280058,114.93370091063602,100.26922446561676,91.99001175000748,85.77337801798699,84.0471214753365,83.77866720125587,82.4790038399321,81.21122375764037,79.81703365357134,81.06004153430017,91.84799398629552,105.26149448965609,116.28433816416724,130.55439582330118,126.08706947743406,114.84862054246467,108.5457440932598,102.75455524283194
2024-08-02,109.34590344077849,106.10217655313926,104.08073786522688,106.30407133016988,110.86538385983702,118.80311860653164,113.68336648471913,101.47836726382937,92.20256390906545,84.07751463977709,80.41615393538919,78.06206134485495,73.49416364574589,70.66332176925397,69.56049738060071,73.9019131073738,84.84242029034255,101.65042025578558,117.52915810075025,128.92878380621022,125.98481672501829,118.38885325442716,113.53694912751054,107.14446087911232
2024-08-03,110.82252198838934,106.56885683108199,105.08302961199277,106.39822273865138,108.72544365119566,101.74624750395536,90.31696402624377,72.41149137533117,57.649075232809345,45.45761191092606,42.50469426820344,45.353577613453254,43.55655793016513,47.07324541496099,43.97875289832237,52.332905865918946,65.31019871552803,91.27028956783346,117.39931119570784,132.8962197528875,131.94766667132154,124.86441531515864,118.32440887825197,109.8807964560359
2024-08-04,108.97695112264917,106.05489746917289,104.80625537341712,106.98111908841808,111.63276393231737,102.00035798463878,82.99706447413487,60.13317242403745,31.97544156868986,18.39512367182496,16.350777983381633,20.703676376945822,16.087055372737254,20.454250263072694,16.430398446433728,31.1293401575561,54.81835706877209,90.94802144571445,124.93665968803731,145.3199086869342,146.5295745055285,136.13633846122593,129.0615959705934,123.91540914801483
2024-08-05,113.76786712680062,110.6285497194054,111.93929608149206,117.29762442027419,131.57389739316363,132.85988045207,128.45900070187935,113.2978305912023,93.12211575781362,86.6308061505436,82.80606958452582,79.84540446292084,78.27307586088149,75.26584518219926,78.04015133067041,83.15899052601263,95.22476293229573,113.4901146500336,134.04930067990443,150.23006422247315,140.41267083464246,129.3348763751078,122.45398643434348,118.51371381943493
2024-08-06,106.85403824511287,104.90562323726456,104.24997826935075,108.65647610973593,118.36084435449212,126.91971851602544,120.14312399109012,103.32181102553207,91.17594878918565,87.97177947515108,84.33034506099925,79.4684873790056,78.09452396130003,72.01244215562399,77.02452173361868,77.74375146283535,88.64527284749828,111.57371286463254,127.05437093717178,138.57549385612725,128.26976969198327,115.03251942824336,107.63539781150614,99.33916384680887
2024-08-07,99.69224811344041,96.18581002045377,95.4539000643809,97.98312195020829,105.75658484474455,116.46436075146858,113.44844181010347,98.11632027800496,86.85883170691585,82.7325615437554,82.42701580320112,80.24704259242725,77.66811353204646,75.67059221082994,77.06763726467808,80.45715997576144,92.09522921101949,108.66342757903666,124.6063358651305,134.42369524454466,125.92455202416907,117.93114043808171,113.68911496856958,108.68711128784109
2024-08-08,99.03498639882274,98.30134811172437,97.39129832503646,100.60120601759807,108.92525804685992,114.29429183893652,107.01350297590884,95.50205917786779,82.04022130618337,75.40843553931339,73.8751146919918,73.15030348663177,73.09604875231557,72.12193778591758,69.76376309376104,76.38025134176635,86.17118391525509,103.20106931427676,123.65006854464015,136.30836119031252,129.5088828955003,120.99111486265785,116.32201119627379,112.11487401982036
2024-08-09,113.08502004288988,111.93022705513832,111.21611688332874,113.62467410582863,121.22460718217583,124.92669529272759,119.8788994255959,106.0195131344325,90.4357532388573,76.49117710010759,76.32409167336122,74.90538838781208,71.670332123569,69.88494885685687,70.11711784590824,75.41296635932511,88.6166567340824,106.57621028998938,123.32395546514587,134.3400536964846,126.6248902410012,117.28296289760061,116.20202882846019,110.7889200685118
2024-08-10,100.17584164875538,98.26930658939882,97.71944679108829,99.09924826464363,100.09305621544283,97.4709384851436,88.82053633368089,71.43934092005364,52.87630671741453,38.99431096312675,38.665065273331116,39.94779497788458,37.61624443653443,37.051537018487906,40.16382656990898,44.22393054235133,60.56128668022428,86.87211158746629,112.2168314530333,126.92258757756797,121.76979011364817,114.38215667639308,107.56740226453056,99.88494226749984
2024-08-11,111.68117540039822,109.34040744012754,107.68079327232357,108.86079641048163,111.74392156019218,103.53518207823006,86.49395841860019,62.65058359808382,31.946478461427134,12.018414977558777,16.968174041536926,17.739144656318203,16.115731173036536,15.623670246518572,21.34454158141834,29.59182392390632,53.367833935021075,89.81955407318665,122.06223884238783,141.00768396501957,141.56922557590246,134.42394794588367,125.98827365673071,120.86982986817439
2024-08-12,104.55017573182522,104.1297356006231,106.34722161574054,112.53725487107299,124.27913541337468,129.24507460294444,125.21679544538262,106.1673895689936,82.29760510799645,74.37524801118742,69.81301737165825,67.96395848767577,67.43608136801502,66.60248158738428,72.19172359986601,75.97593661798207,85.18415360247151,111.00971371754363,135.17642182457382,144.73503618975877,137.45123564877613,125.75824340775968,120.62455300849119,116.74703494068467
2024-08-13,112.93429401391178,112.24339440883274,111.6633796307757,115.92342875341346,124.09364751209216,131.19297398359205,128.2586944268352,109.19648932202301,95.58655945121166,87.65113435332697,84.6938488231134,86.8009585043281,85.55923432399737,81.08689253690137,84.7154476046223,86.84886415668565,92.46862936700359,111.3704743554148,128.45699094722343,138.4856279889902,132.3836036707682,121.18150090839143,117.52729114593576,110.85547336931943
2024-08-14,101.09922448062319,96.41209074401817,92.8900143818679,93.3023225593183,97.94869014008901,103.4566868980281,101.8380085791787,80.58980718228955,68.51148158803555,63.85412791823816,62.03296388082212,64.94104213706507,61.972206875763504,57.26592995029043,60.89832281139639,62.895909454631706,73.8941951052111,87.13665148222144,99.57355586414516,111.61405666246857,109.18562609521811,100.60487970227837,97.09864085831377,88.21998998755184
2024-08-15,54.353197961628524,51.905844393765314,48.64872094911033,46.803341549918144,47.05560925197753,50.97017299045601,41.876707769013564,29.184913761888794,17.969792952653165,13.412200838585264,13.691864782231846,17.205764955195846,21.4472050098736,19.889676268381677,18.543111665066576,23.787554030748552,35.272791186370924,59.607537110491165,88.6240771692481,108.21433513908836,104.9450236175808,95.66685809898706,91.01331639810597,83.33197949656775
2024-08-16,98.3293794696622,96.20173217408835,94.96844657091316,95.75723173944893,104.0468288268177,103.68259089227854,102.8994454033071,84.12727149846418,60.026040849748036,50.879557874797285,49.91454414773366,49.80381341790981,45.05849342308431,45.334676644398726,42.08773847459322,51.74178596211726,66.09883731781724,89.6123194915387,112.47611698582281,130.15208885233565,122.15935583703498,115.55584629776286,116.28799377147912,108.52124070459313
2024-08-17,107.27243695774756,103.70044134146507,102.68296202788565,104.44903189325849,106.85251400956055,104.76459345930155,92.08583524507203,75.33147656822763,51.162990793875586,28.19261268229677,35.21009525476562,30.171538519049207,24.958101973408304,31.757906912319818,30.310204081453207,26.957579035409978,44.45678226934089,81.08114176477557,115.07655797053337,128.27948825936227,122.62894149692944,114.95222348921834,112.57919727509788,101.66845228791107
2024-08-18,105.89869963651489,103.07144291590267,100.03429904564673,99.90547693615494,99.45039152798942,95.20790972648126,71.97295780070448,54.51188867062032,25.365629152020134,9.485164366310187,8.821626020968822,3.118217353103475,-3.3175701023541677,-4.011279455490509,-2.0478905451150524,9.59898010537907,29.084462330695857,60.27032582532014,94.98528261350667,110.899874544908,107.1830373241094,102.41335277265777,93.30609162073273,82.00511901236196
2024-08-19,71.27342725793164,69.66460129816303,70.53093681490068,75.55769330734023,88.2831092034408,98.50437518037705,105.54047854368791,85.89052736738924,65.29535167233897,60.20323840670823,61.99217342647397,64.49999426194044,63.16730149620055,61.14083207405997,64.55322303175905,73.29454685587035,88.44279456443557,111.14543555204767,130.64397007267016,141.19641906178995,128.19948612782096,118.74352749954929,112.91086333962437,102.22251288651512
2024-08-20,108.09719903280308,106.32436526598569,105.20568408428022,106.4155623490778,117.96353563900017,122.43451878869317,118.13077512199715,99.97502402683824,79.9578505250316,72.13457665997869,67.98236793224382,68.65402916651212,67.83189679449647,65.79591733499157,66.62577673052627,75.95871447394829,87.80256248572977,105.38153799713898,114.82782345671244,128.46745129903712,116.21187866930237,103.93313515646837,96.10652981593931,89.35693729366754
2024-08-21,74.66619588035718,72.52522811901298,68.61236437942864,70.82832510891289,80.24786917872476,95.10028739356324,95.72655676404568,77.88796064270082,61.18996259638315,54.07643329650966,53.934600077927776,60.127302130171515,61.0585717062128,63.1426559571528,67.56788551110165,76.0912173699755,93.20274761289896,115.37605810005064,139.46899663476717,148.82811664321304,137.7025422186053,126.78398519358151,125.60263120790228,123.07736987439
2024-08-22,110.32874200131567,111.707886975842,112.93208992954787,115.62267248327248,121.75096755824077,127.42941737217761,120.4036771538896,97.786907443611,70.54277991881531,54.13983630970095,55.552731458391044,58.66212553208835,61.49081078435316,64.48680178917209,67.10406532157614,74.14571126137398,85.52696231505129,107.47040242439874,132.64556474897898,152.8690942240568,136.61021559029012,121.62066174797317,120.24651961797932,115.21981645709049
2024-08-23,108.34924098063405,107.52553230635846,106.26603218892348,108.44959575576922,116.2190755333461,122.2120515136897,118.0809262705369,103.55798140620357,83.12329378659976,68.67003105156621,68.1121696165593,70.93258235926217,70.03245647811616,68.67749998814104,70.09146086450677,75.9403924411294,92.18868989549861,112.71323069502519,139.9191247806098,149.64472664031612,133.82343886983136,119.65326111880191,118.73248523450663,110.0524796963038
2024-08-24,104.50734012145443,99.2809736378156,93.46306718774177,91.47631485549508,92.03794299221799,92.47005515842419,80.48144901402766,68.5574618688675,51.529338143100674,35.188309455784356,36.51561241327412,42.50070118926652,41.37046327394216,39.96042793810689,47.73683796588412,53.76556750072376,70.19704175914319,91.36594096030602,109.5311402150251,120.6434485526269,111.7207474643896,106.93171271568102,97.76101682026646,93.60970415955545
2024-08-25,49.528873664139006,47.966127689580716,43.90331965215336,42.94337534811575,44.2401550688687,44.30351759600953,20.540133875476087,6.1759531500635205,-18.66911452433648,-33.52727693979229,-19.624761521819153,-14.903396536227604,-13.387458461579769,-17.81501314221083,-13.50829926866858,-0.9632313512427402,10.930977009952542,47.695693334274154,89.2684086320823,107.20525876031216,96.12909072775177,86.26837204261861,79.74848377964923,75.25032163492045
2024-08-26,80.14020007215483,78.20305956875382,79.74665899169602,83.29072328063349,95.7131170033169,104.56135956146787,105.01225188583601,95.92885300692295,73.87278217453556,64.77231175872294,65.22797634243283,64.9345179382656,66.33363056173505,67.0329791404574,72.782515947797,74.99800492864503,89.45612393739074,110.89853165543448,146.49366813919372,154.43617650655685,134.2631611453528,122.34095171032203,121.44791294859239,117.88941951128888
2024-08-27,118.51545530994225,117.69218788225984,116.50282540180672,118.86627327910693,130.44805332462812,140.44283939724318,135.70683453140185,115.64515812804038,92.218823296795,82.95173210626369,80.70555432141745,84.01145422588715,81.80692110263257,79.70001778535247,83.61035259235877,88.38241093197,103.93249311706448,127.1872532760438,145.06948309726766,156.78923364094788,138.31179993471386,127.08884578374762,132.37165208770494,122.19532470554786
2024-08-28,113.73900008508988,112.22238709831936,109.86936455288915,111.06210365337277,116.66160358767522,126.17936604181081,120.28783458352936,107.00180872059633,86.09948126463664,69.32862558767897,65.70161787809559,63.94221495262855,60.342173056932246,60.47426087895026,62.2549115154975,67.4719129505156,89.014795877271,107.64365180678776,123.33280905344358,135.722171389582,118.51473623608105,109.03103328050379,103.65990038326156,98.50051521040541
2024-08-29,112.41814848832874,111.25378673478161,110.19332931145426,112.59087326355525,121.7752710934675,135.2771241968672,139.28294906015395,130.5679689770607,118.39826186000107,113.87546945611795,111.66974204220429,115.50456349223582,112.78172045946754,109.14494393238088,112.98309517287147,118.78437116128543,126.51618455366498,141.01141660798544,150.62774835982654,156.42432805965385,137.4143752998409,131.4521477068404,128.0142843466083,123.32045586897789
2024-08-30,116.18324070762472,114.28809695672041,111.35736765792103,113.12997408068865,119.59458496212551,126.61704812788447,126.8267876226801,113.69192823349879,93.92425641498488,84.70499363241116,86.06642813125222,83.80461514417925,82.56268436485573,82.1473997978902,84.7813803355704,94.18608241011758,106.97450417606473,122.73064214137314,134.5207953797151,140.70552372192617,128.89330909300315,123.56595331232121,123.84368347081771,116.33436451921784
2024-08-31,119.87278727504209,116.50784685488938,114.26468703777337,114.47123080871509,115.44077222756556,115.43038275941032,112.18575517130547,100.10745276585125,82.77702915024055,71.19007717103136,68.14074354578985,67.44882616428923,64.07224264335753,66.16193053750617,69.00827500530283,77.39174618534668,99.04481103724402,118.03845941473347,132.4227455181809,145.69377899076764,137.8054827478752,130.4726016783202,131.96345620635407,124.7656088914235
2024-09-01,123.3914588389415,121.96292446264938,119.04361713848475,118.09044183345347,119.8397665738773,118.77975607102226,109.06510008619378,96.83567510387354,82.33373078682735,65.2489888804975,68.38574144047095,70.57693230355073,66.67824133894433,61.37183062118336,65.47269888342615,70.10461991180225,92.1941386500795,117.72624728218574,140.044069210402,154.13694417881248,146.39160812441241,137.982281119527,129.13527534036044,126.3714761573313
2024-09-02,122.87016247525719,121.18186378356368,121.44531018757979,124.1309234151181,135.17514279133746,145.9351665545139,147.63778146274777,131.62697052787578,110.98600951332878,95.78374882020307,96.18718480153599,91.60190935515305,88.8711074282193,89.78402572116318,94.25425936270275,103.915205513414,116.93678314634172,133.93841448976335,144.31773953139447,149.09516288994234,134.93975786971885,128.09857766494162,126.5358294381985,116.15278378822974
2024-09-03,117.95737618437495,115.59493854161644,111.86724968150904,115.33769979592049,124.99131260334119,132.17033642895888,129.44471002637349,118.58145439653656,99.16610343832492,92.40886400327196,86.2028444610576,85.00981676603612,85.1239704598883,81.48069324098368,83.07004094847714,89.43362823312953,103.06184239647108,117.43147883528336,128.6053191218211,133.94690589914978,122.57922486814942,118.21692099205853,108.3596248186814,104.68845732678248
2024-09-04,93.34705999452392,92.67989091241277,86.69419552221044,92.98518872930853,101.13789785680214,111.07345678700055,115.68697802099858,105.05110386726352,85.59071675327833,73.09178845424101,68.43058220380291,65.34007538610726,61.5731729683708,57.53559453947338,60.07278432774437,68.90369022384355,83.51207239726085,102.6038224054193,121.0972951413849,128.24063319914958,114.37605422039978,105.86513307256251,105.57613245256485,98.34301959130075
2024-09-05,102.01322435956078,100.82701192217058,101.93815677125932,106.61637230690381,119.0532486405289,130.88695987682564,135.6994316568338,117.95167419921434,97.17549993583134,91.07438631087655,88.0045988078099,89.61803638038731,89.9244838633889,85.19145023518499,87.96719887923136,95.36466005459185,115.55405501794199,135.97707449341038,152.3659377819323,150.25993940566832,135.54495117499116,125.59600976438402,127.66022055843172,123.39539151971456
2024-09-06,105.49137093286068,104.18714303847797,102.6411114363838,101.01078331230774,109.80953994545844,119.44553605984595,120.88466265241061,104.113837936653,82.51895636045354,68.03522112520398,64.58309795043385,60.36557061800457,53.41659783168559,47.79935314421743,50.90651703370191,53.14994654855958,66.36208989192443,94.53751218185062,113.88300134708109,127.68000632840915,118.09276753246095,113.76171384959349,114.2215007283539,110.6352268859544
2024-09-07,111.99751362149367,108.82899823934275,104.68750008576542,104.37568678938453,106.95853459596333,110.68632884008096,106.32408390756235,91.54866570900002,70.47613618096021,54.957218008922794,51.06341351554793,47.02785666118809,41.5786866279315,36.319145240115716,41.67860671376693,56.10222293309547,89.75505198606157,119.60575271193622,142.83305937051486,144.91517362144083,133.778623184276,128.67904217816866,126.19099196286707,121.21028597775356
2024-09-08,113.5353865962666,111.4548558758783,108.95562851408121,106.90485681376954,110.63524249420581,110.4694819982717,104.87565487180231,84.80040594704323,58.7484739935598,33.820721707751744,23.62553702400581,19.418545038922773,6.836910214163495,-5.517203884224855,4.972789337625684,10.575789042289315,37.10565842059853,80.41112560408277,109.09179015512817,124.49580810720695,113.80760871315177,107.5741366836329,95.03975539076451,89.91222088025847
2024-09-09,106.04199301851595,103.97937053155373,102.52188671328604,106.31534858924431,124.39174888191553,137.84816723282378,134.58183487757992,112.17757302568987,81.0775089244314,70.63964563864891,63.890017013527775,58.13554126708124,54.33399091978177,52.40335966398614,54.72247255867591,64.16121687291923,86.02682493682116,118.73164060125009,144.4925859971596,144.0260451402148,127.1575622845397,120.40015329396246,115.93005895828097,104.74743790593267
2024-09-10,99.6536380538605,98.45862905657704,95.97538990183166,98.91565197852967,110.15901939541031,121.96542709527179,120.82853600789306,105.91520860350053,79.48047685042766,64.25332490198718,60.192900138824356,56.731284188183025,51.097496358593865,44.556397421631345,49.56190271524643,59.30952056356256,76.12502406754618,107.98986248387071,126.6332374451428,131.3570855616432,113.78996760489532,104.9022891053038,99.6868440340686,93.58024766271069
2024-09-11,75.34169695468516,75.61698181526067,74.4908771916744,79.93948877285888,88.70253168304018,102.20919989706195,104.29862146730208,84.5825292739772,56.61273250344924,36.41408604101957,33.38974214329637,30.420823560025767,25.49390995193268,22.76040030877199,26.803406405079087,38.332115390863486,59.92210738728279,98.57281857673634,114.00061130833387,120.4876869599677,105.49446765777994,98.42072394875868,95.36508614883658,89.72189342180653
2024-09-12,98.45240620204859,99.78954209498777,100.44172755099338,104.17411452635223,117.23289679612431,128.0977097022569,131.31568634012814,108.91117303366627,84.17232623378706,73.639133692786,61.21920225573575,57.73354491478078,52.62834037164681,43.3808983577361,49.01874928580679,53.59317567514208,67.7736945489394,93.67108120016692,114.02882310542567,116.96488127903699,104.6890369829204,98.20170038361317,98.94165793360301,91.72766120190134
2024-09-13,70.94093888809505,70.44275290432385,64.89295024198597,67.9669336107761,78.39527591206038,91.6762618799494,87.84374874898029,76.27121047046839,51.51040431308618,32.30993946069364,26.97659720457184,19.945912523974684,10.411870631868567,2.754970228711386,6.178537677185091,17.672785722815746,34.45653017424742,64.38179077680215,84.6057757355685,83.22198039630054,72.01022714856184,69.24528669747099,64.43428739108606,56.26828824190736
2024-09-14,52.76760011297452,55.93050381547526,59.94653542536473,62.57459184158762,69.64562845448745,77.92543460601067,73.41030342888817,56.29055435272347,22.52719169908181,16.37540998916208,3.418893662733268,0.0738457329234734,-5.210285332236779,-8.527252809386411,-3.8343201518195116,5.378736168394724,30.478623507104345,75.91634389927864,106.83018069455223,108.99847084897581,89.70025925149002,82.01138616084758,74.95438384899397,69.17049919163217
2024-09-15,55.63362327553612,56.399253627958466,56.94811632803693,56.89477441471384,62.508640902522714,60.07034587886693,51.48238163336978,31.78380686622502,-6.462763146898851,-24.20203491719002,-24.735254786254885,-32.89681702832493,-39.271350311783436,-45.05651893012927,-42.61350303684138,-30.863812896253904,2.2762139902323213,47.389049002674454,78.79969069002635,87.35624382415475,72.603428959771,62.82475330882703,57.17194029206769,41.442622743358825
2024-09-16,9.666903943787645,10.429325120678726,10.434942369818316,16.542266785531325,39.73643076657282,62.1293899453197,63.92887854917075,43.41288570135133,20.823967478721954,6.862751082870915,5.524919805808921,0.44858412644406087,-6.490970624253336,-13.215577318116942,-9.350961662263543,-0.9166238840438012,14.93726982542853,50.341589368107364,78.26559578938557,78.18575304371242,59.46652807717315,44.763289427185825,45.68068351750442,34.656432738944744
2024-09-17,9.818128339645,10.310471308803926,8.335867649170766,13.759216769836897,27.841963783662578,52.38731733879142,53.66432011370685,37.71835601307576,4.459920925205466,-5.3415037921647155,-3.6605910939904334,-11.668111943765567,-15.327384859965917,-17.49111898742032,-11.515803605369982,-3.2197735874155455,15.562331592388219,47.00995142174861,76.7641658380679,78.50339000369813,57.53076772087637,41.31135653455685,40.232384196055136,36.36621853870943
2024-09-18,78.30919141178154,79.12895249659599,81.01951108574895,86.31191326139852,99.12350777754612,109.68057129126467,111.37454166044026,94.91270587631932,66.30495533964034,61.00877998671034,58.10979914322492,56.517626261320515,54.87538755822035,52.55603224041432,55.343909847462385,60.56251021199949,75.1366926411841,97.46586943175774,121.90623613804371,117.92604572769923,95.40623940090535,85.79856979263131,88.60405430246621,89.41190400263127
2024-09-19,95.80338841193114,95.54241328910686,94.84947869184647,100.68260703675385,115.28359312080356,129.13760479613566,134.04728791101394,121.5850470076398,99.40481609457433,88.15819023934219,84.67881125345893,81.88509508742008,80.70194803793899,80.79215996586707,87.05845306631316,96.91062333007494,107.87584464898859,131.68520316312586,151.9850569841365,148.97599272526858,125.48941804942433,113.69307992016286,114.07527803169624,109.4694709318649
2024-09-20,106.13690505339754,103.36866500945996,102.0507336637694,103.70135874963736,115.09682471335147,130.88905559192457,130.6440311751133,121.92930977047675,99.46929855671382,90.82206309044312,83.66680728066794,78.93822282840749,72.96181078885608,67.45075871676603,72.0759314176462,83.04739630436299,100.20536597342817,119.89138557828223,138.2867893061986,137.8320281035523,116.54187831729035,106.00259486364313,105.29919486952734,97.24578464427495
2024-09-21,95.6697068391726,93.37180421117972,93.71327758345768,93.81549047785852,98.00276320116414,101.57309165397119,99.83349037319616,97.80619703839645,84.01722726254184,70.00332846016417,64.02985275222844,60.04320378932181,52.115202022643466,45.58094420645852,48.10346771496676,60.66372487838172,77.48630974516831,102.75864009670508,129.38536174868867,136.92398933645978,121.05603981854557,109.78165181880806,108.62416672672713,99.52663212531037
2024-09-22,91.92530165745272,90.26367992456649,89.82502356166779,88.82392031855026,92.58202904782723,92.46104478451315,89.08207834280321,76.45979327194442,61.08971634320303,47.884478703440166,42.35319790298485,34.048301031084996,26.355587050205145,15.475576240234659,21.17932764332899,40.84219413492643,67.83288497510253,95.50016759163672,121.6181334041421,128.61227864745217,114.60168692795129,104.95401442123352,96.88475541584793,89.84013707551915
2024-09-23,91.87493138569795,91.07929347409745,91.90480423561579,95.14561090783037,105.69892522389773,121.53858975780639,123.20467315820412,109.78430841560474,81.07377925667805,64.38525151962972,57.79891952616674,50.0119421432967,46.31151249354954,43.9538162262309,48.437973739297355,64.4306880126805,92.11939617362414,117.72171683794917,133.93414845899352,130.8222026613496,111.12823223753833,102.12631031239835,94.68549685105562,86.17237163506431
2024-09-24,92.38359545226024,92.225024314979,90.5332908938239,92.95574702352836,103.63585992490115,119.56558003038442,125.28453585580804,114.5224914037493,93.49566248919365,82.51135983551664,77.30830834378051,70.14971393180232,64.37051752384131,58.07859848279071,66.92000217377128,85.05056381019118,102.40327325872322,122.0292613862671,139.81946613305092,139.7141434362664,113.55860360421497,102.17130058134939,95.97842121366858,89.08993931478396
2024-09-25,69.455069670901,66.77690201036486,61.016088289550154,61.75711606780284,72.51932336119876,97.15115516037022,106.80126393054925,91.71410537370066,74.2510361806321,47.79923299637275,41.775662829309056,37.669153538581085,22.220283757956906,15.009352671866836,25.160385200675222,33.3870099202645,46.41205655300873,71.9047187227583,96.77729339089913,99.95459742405615,79.52900446778293,64.5241644743052,60.83007198356757,48.51348000058752
2024-09-26,5.854625407258908,7.270465699633576,7.457787196239224,11.81460417965566,24.023978795355205,47.37269807876969,54.13953886190842,48.46958246809251,37.36651245919105,23.69761605911529,15.367991072692732,7.960656722072727,5.57792536735505,-0.22525447702815882,3.2898583985337524,14.783252149863344,32.62703524829746,54.239608330706204,73.85285714123522,84.18130368081225,61.3859416814832,48.439106122591625,45.51363467359319,33.52979958490283
2024-09-27,2.6436992712820455,2.7815192286897172,-0.5979284723228488,3.170258269660934,21.57212804743091,49.525940781989135,60.60257354338546,44.01602848788062,21.635792351117047,9.675921928397656,2.7049616044136826,-0.0307149860114464,-5.655607305904724,-12.208307594545289,-8.088536715710674,3.4612081789572784,29.349914625732254,65.96094367704647,91.12222461835725,96.76143750392319,75.1110519963575,59.98051620861198,64.7814272082831,61.991476697219866
2024-09-28,70.77721550690028,67.16381597185043,64.31764953172618,63.88152332447184,67.21328830020364,68.94092508413462,70.9902842779965,53.02748595637759,27.434129701115083,16.494658495882334,14.519268691989396,13.499305962470544,10.866556188440114,8.542438833866242,13.118656376564076,23.50509051109495,53.07315094925153,89.88291775806141,115.5920306765749,122.47844426696508,100.426864843544,89.24347968859666,87.6993512739002,82.04301176837774
2024-09-29,73.30880257016688,69.8468461315496,64.29452797415404,61.20571776996256,67.41631436892621,74.68582432403178,64.64257435772521,44.64668630755533,9.988969997691768,-9.972345704075153,-16.904585341447216,-18.12772964926654,-22.09774622840915,-23.131336725038437,-18.371881451497657,-7.2162649908595,28.38490997136215,76.61474677972308,107.0900013326115,114.91895297407831,98.56314169159413,85.66386174924853,81.07650822093836,74.75699225820688
2024-09-30,77.33774560889398,77.43153006398961,76.84882237764734,79.6462030882217,92.83412359444219,113.65292302738233,115.52955616244489,100.61729901476869,67.23536365578435,46.433531370073126,38.517507284955435,39.802389002544096,37.171884913141014,36.185618526087794,37.84711148631393,51.94539122935919,81.42434228458436,117.3421122140733,139.7307842383886,137.52581831079203,110.8105782390188,98.45940371090474,93.15767440150717,92.99878181313892
2024-10-01,93.66938991316071,91.07751827330894,86.71349554352845,86.92430188936862,100.20776468838874,123.51118977313918,129.9017365201411,115.87022100912351,84.05032202854959,69.85756139392248,59.15317241110306,50.02193283210276,45.875293300575684,44.517122095086776,53.833696122405115,72.86093475245823,94.93029952111213,123.40496511732825,145.78538206510578,142.62492617749538,114.12840254782483,100.3839606460455,94.572653900093,91.15260372563563
2024-10-02,94.92690224290061,92.5290893590801,88.38096846259783,88.91088400449567,102.00257024464784,120.0186028811642,128.96525795324786,116.63470697010558,89.04335416911026,73.17409660354052,65.2919398010152,59.90309277711728,58.2037541019472,56.32120783907662,61.375676383830935,75.36725489570793,90.96644439770031,118.67097636029176,138.94467644566512,133.12114562079225,106.12111125200886,91.32997035614252,73.00814088492129,61.32938286800297
2024-10-03,39.379833998834954,38.13789655073741,36.863414870021906,39.88038406115604,55.35573630099056,77.67065965757298,82.38152388185685,76.81968768112878,53.63609058239513,40.95565391259477,41.16148091493654,35.16947732365501,31.216833818509713,34.62960559739255,37.01149210302466,55.21289713763704,79.65588690534467,104.19043382503938,120.31232206710256,121.113048416735,101.72303197730578,88.84903653264396,88.88160214887634,79.98934460365648
2024-10-04,96.53149588969639,94.669707521953,92.57802667682473,93.31459634789174,105.71895411805275,117.70423703383648,117.9647578649093,102.88506599109132,80.64157926119495,65.26110641615819,48.7541800998341,46.8886024693275,42.1680848690888,42.17734061243163,48.26619400243415,62.47641275244517,93.24253867956173,118.3896643310585,141.49961647406676,138.24278974965938,116.720775817286,108.6366963278164,109.62626828853593,110.37869316887105
2024-10-05,81.54652274915678,82.06007802644126,80.60203169270272,78.46321029449305,82.98040993868854,87.63785166109068,92.99122075422119,85.1879140724494,56.26756534646983,47.53046232490036,31.68316017497027,12.721418212869395,3.01803429654845,2.548992312590343,4.2548907188009935,22.263753406990304,52.24116252772283,88.1269214640142,100.77799688222689,93.83039554429094,76.61726218210671,66.01159316958424,55.23895034341727,45.423046621641205
2024-10-06,25.042016063660526,25.305808758633816,19.899530376929505,19.38333107205102,30.56869809993023,42.01930081951322,44.00449471050335,39.66510587743309,10.196336343119881,5.728081175912507,-8.1563381093152,-17.37107862482017,-24.943979899130383,-25.25397963475065,-15.924018373971592,9.180613264294777,46.602604147682044,77.53470513106419,96.63560503089133,95.62704235833982,82.31213172373472,73.38369881899013,58.286350471425465,50.94135442151827
2024-10-07,45.0619406444121,41.20451471163051,40.6959557119493,44.18456211290221,58.60515210859512,83.01398178317852,95.37234934417822,83.03437048338758,62.990071893751924,48.45955479473315,42.48687603454773,35.74045323290673,29.78692935600256,25.128603641964524,29.123478987972234,39.689316784773425,55.27534862106946,75.31046326387536,95.70148254632059,90.59113288585331,62.65781712016597,50.75298568432339,48.19552217892556,32.103776904980535
2024-10-08,20.20729829498333,16.866514085508484,12.624542118526165,15.410280475814986,31.92305944873023,61.46032494639715,77.25667701734503,58.79708280667689,43.99873394819212,28.28746097189221,15.07481254637807,13.941045132071352,9.10280559906856,6.308437668755218,10.793825770467691,31.35691778732557,61.0825534352834,80.63828831359554,91.87160668819973,84.48726675959264,62.00624442896263,47.64970547548299,43.983031530140124,36.166445366450304
2024-10-09,1.6639603470071194,-0.7771786175979827,-1.5248940034910845,1.7409422475083431,15.580650348427028,35.76091512963329,48.44978108641641,40.8144801740725,26.821949730914895,15.392235620173977,10.845649952048205,4.231309914257821,1.5945271302814916,5.353155193885868,4.592009081951645,18.00333665798327,35.585263474291736,47.495144695338496,58.92026674381343,54.34558403902214,33.16285159717084,22.195386962841297,19.16805004783768,19.340244449682388
2024-10-10,41.06734365099561,40.154533393241636,42.997390088773344,49.229644247153715,63.7991566097419,86.3061809401544,92.49067187232838,84.36739946960837,59.584984751997936,49.390219298245945,50.689535328531726,46.78944509097836,44.284382778796626,42.06007377298032,43.376876811198635,60.13325445545604,84.35674649575601,108.74046897765521,135.4310001000972,132.52736348495793,110.69743628202284,99.73567535596412,100.37576675428538,99.96894932021343
2024-10-11,96.21120096925401,94.48427769661201,92.44566790025229,92.13100249375827,102.77730028280187,118.5678842459957,129.1884411853155,118.76101330456868,99.90499444342065,83.56874623450416,74.67456482437382,73.56784881710377,70.74245238465895,69.0608027067448,74.23437490866829,80.94672931676925,87.2565957113722,98.39909216919636,107.92696931350915,96.20119700329006,77.03227852772059,61.75979058682088,53.0909991964157,43.35409780445433
2024-10-12,54.05829891530672,51.25713398158322,50.763777639453295,52.75769316554299,63.39277594361185,73.3774936342622,80.59848945581379,75.13703643333898,62.659223098944345,67.4049559762803,63.447550269194544,53.284887341335704,47.225162297486264,46.614813558716506,53.37630968339097,72.23387271304217,93.75188062298572,114.29587370188537,130.58030068812806,125.83480189955179,110.4162954496545,103.05401497790426,97.86786310891569,92.47086709166491
2024-10-13,61.62722669890719,59.493610183693725,55.7839209601339,52.60572871402902,57.03327439532941,59.38173210953739,58.088386873312835,58.65671423134166,39.43040382933511,30.752543175056957,26.352973646862992,19.529066013290375,17.62649339339667,17.044643684125624,17.165371449748,34.21411989713947,55.090547549646516,76.01342360579463,104.66234304923161,111.83828517549973,96.8641683676149,83.32885462763817,79.92322791824157,70.76211105159257
2024-10-14,82.40514276625487,81.54866901784168,80.84905495176001,83.76535429918779,97.21202153789207,114.36875629602578,128.14727259459053,118.1144976239314,100.79633461559399,90.12053106142163,81.53724097143895,71.77588930164956,63.647447354363194,60.95312874746067,65.02534983117505,85.65932245645311,106.548253917016,123.74878671536953,129.5081590929002,119.01831265232784,96.39472609366285,83.22915649422737,81.9426508146546,68.32168161915251
2024-10-15,77.04383425626207,73.47802679281114,70.47307615424349,73.39273737036018,85.2548570793918,107.55519632382509,121.03477589433408,120.1662570600725,102.7914741926332,99.40912103172406,90.72826059346264,83.83091947888609,80.53341889472124,85.7626184501745,88.11077360914649,104.42388476354114,116.4874946703563,132.3961472633232,140.3532409467495,118.88466499798047,96.9555316169951,83.9976950532158,72.02197797117148,64.82250402583779
2024-10-16,43.10588480065461,38.79499465738139,31.154688000659036,31.520246717212657,45.045049195064344,65.39241877615488,78.8527045763536,73.12962978572365,56.42930056089192,51.73657924726924,42.12546218985011,32.491867173556585,24.61435788550739,22.533560032334357,30.481397684530045,51.790260960148146,76.21153061417678,98.88111328268243,121.0728846928012,113.32807783696374,91.76668883237863,80.2419640666659,73.29846637761614,70.06702800912184
2024-10-17,72.98368141172855,69.93004639355637,66.65584879390045,64.45071028810275,71.48922596594042,83.00637818223026,98.87238634349447,89.53502244966909,63.117756941751466,32.82863381528021,22.872202410733806,20.701131818820798,13.405853482241355,5.87152457665141,7.543224061510827,18.886798112363067,43.36556676145855,74.98522952604901,92.556404198754,91.93475864950173,72.35668255865019,62.76253723681069,55.47698747194501,44.986788846317936
2024-10-18,43.45904265374584,40.479630306078214,37.9939291851255,44.26938472638017,55.67840613633534,76.68893808054534,89.56813022370551,81.75797714666149,60.699722965193736,43.96066248897426,36.57382801929369,32.44278763363155,27.800663212186457,21.81203716013667,28.975638685315403,50.945413888020234,82.26737098435423,106.34240971361142,112.5058472335,100.16254103826967,81.9177887261163,72.13523100330818,72.34270102025297,65.46214625524529
2024-10-19,59.197926661561425,56.55068940913621,58.045968859528536,58.711744630434396,61.00833968147128,69.0177195512733,78.92661397982815,77.82345921190228,66.71130807665585,56.282507826772296,50.13043023153594,42.325293426872214,38.56386572881132,37.03589328000177,42.26032064930984,49.84755789188988,74.47269791662347,96.38051057114373,96.34302103274158,88.13235067997702,78.38718877405957,70.25894210839121,64.29734588542826,59.18891526132017
2024-10-20,37.71109592200764,35.80427540961255,33.617815292681776,34.99381205260485,44.13695474922093,51.021708138215516,54.79719568836605,45.53578144899413,20.55028888303565,4.75437824621639,1.6452401218723764,-4.4895468848875595,-5.813692544636041,-2.2545484922649734,-0.5824196143218359,18.70375092340028,55.842912766094976,83.88050966727376,105.37295267896803,108.60657774655567,91.63421296917959,79.67534795457938,76.70391557111242,63.32399928599361
2024-10-21,80.76788934886558,77.5789095488881,72.88004675249354,75.3834073921329,89.16593976468072,114.10074374014631,130.23984246918485,116.86362205373986,87.49256631129103,77.40572711186859,66.2623868640681,60.20808712233906,65.29537491025614,60.87862752405911,64.50729960320773,85.2348035427243,112.64661090995457,136.96332167878583,146.36262317513734,134.38884913005546,108.71037593426426,95.75933624739508,96.9154051627462,87.25993255185335
2024-10-22,66.8084599952974,62.90175859671192,55.53353336627752,58.345783946087224,68.9246951516557,88.88248205091466,108.78912726555129,98.158265861887,77.07848333741553,66.54156791062172,56.19902151861054,49.40695952847389,49.07145033335726,54.28077598378462,58.68058632797051,72.40187626485081,84.73373741024724,112.42863524778824,122.04073963503353,102.18719289739096,82.63316367072727,67.23630109224142,63.4664378677684,57.1376711112119
2024-10-23,76.99840410602796,75.76567090337802,77.11755451062231,80.40653762139661,93.06074129421563,110.21286444120234,121.68343580187238,112.46298823374069,91.0465511795924,80.14058241786175,72.83625753783711,69.81928423013036,68.06387813514837,65.61766727685796,69.71120700292884,82.53262762342086,106.41677388458659,126.42909187653925,135.2560672849712,125.84383393330076,105.49534367805803,96.76259254989549,90.77538788949754,89.50808993809414
2024-10-24,62.654348217024314,59.90197574471431,57.395740876549986,59.06509396664245,73.46492030341645,91.6098814457293,108.42619162515933,102.85844740601364,73.42592608110176,64.55273270985631,52.71486513086408,42.03978510747896,41.649132373443884,44.02075759650951,49.102460650356264,66.34762977358903,96.3236449027441,128.80008482115485,114.19358438675269,98.87125499877101,77.28558475811121,68.65057162655984,64.43693583201662,52.637796689321675
2024-10-25,55.16124875864901,54.55428142186979,56.32445829665087,59.3161004206449,73.99932786282073,92.4507253482937,109.4168846738341,104.28673973157562,92.94721412021588,87.21554955383988,76.88369248537154,66.91299072202757,61.24913232052029,57.842653090528884,63.20900696820824,76.42428718141393,92.91572939238276,111.6944951561634,118.91214645075316,103.33174202503716,90.81690825901796,80.65150494052727,80.63902765182078,78.58924091422472
2024-10-26,52.75423959333405,44.8336710442254,40.290388792541854,39.59765132941513,40.96009814627341,46.172637498567326,60.21953545983667,59.04629233920275,43.75332095301852,35.61332461371854,34.797141652287216,32.22739127921973,40.25741791090809,39.42904906306395,42.328341501569234,48.004483281758134,63.7009946226286,85.99187151291777,88.45946728345464,84.4796968255629,73.2103081599559,67.69469968160075,67.34677132331532,55.452234569383265
2024-10-27,80.72720348224955,79.27770974070724,78.35546151134703,80.0582308959053,83.83892697635316,90.4427786676703,91.74336076262747,85.1217430537973,64.84080367411727,64.94329016809934,54.46770448384859,46.96471700001929,48.44943726728414,39.608288681381154,42.10900079479694,57.74921377230184,78.40947855173883,97.24696650832746,99.13942510127403,90.11221000501864,79.5404620458282,75.40530404528764,75.29297818252357,65.15023792830723
2024-10-28,55.400345440100146,50.69988174731436,49.133967846388806,50.01422200030934,58.57706772895329,79.1354559720017,103.99130414068564,107.4294292679302,84.8327396383026,75.85881825828541,67.99175934486902,66.72226583438092,67.2055161991113,71.1969002193762,74.81412838198908,89.54855579828751,110.81055316063507,131.98666683686739,129.90678494190342,119.87673070333211,100.72471571586993,91.42754896240821,76.75729627947788,62.32930674607394
2024-10-29,64.1892422903797,61.79718747058839,54.31292311594274,52.14764209989549,64.67260160733227,83.75143362215124,99.26684672124381,104.45438189996075,91.35997050701886,80.91276554156029,74.0471360237967,71.77113959336738,66.00478097755702,70.57361290708533,75.49331156186933,86.4076615640908,97.90270123530742,109.90830007730342,99.34397231023385,92.26679236708725,89.20769488631265,76.7815832646066,59.68268258009832,53.90333003054595
2024-10-30,59.431879978977555,55.63212003002786,53.38479802690834,54.82171476752532,64.58111927380199,82.22747808452671,99.9046792520877,105.2295851097454,89.37816373513905,78.94362889683396,75.0241098728132,75.03367248271016,75.25427619787172,80.28285832280301,79.78100339752828,98.67943462886055,117.43275818430271,129.06089598585544,134.16494385120689,132.10423763967728,116.86050159758034,104.31358252592335,96.88001701309197,90.11799602041108
2024-10-31,73.7398340123053,68.22761485113173,66.86798536789742,67.60642313009023,75.73384331657584,96.75382833620334,114.03778401558725,117.04910724023001,102.95972994589681,101.268633755054,96.75125168961111,91.07553145168592,92.6124200375544,102.28311832118855,101.76521647216705,113.94623019858031,125.33421641481901,145.1299243254301,140.30068035715553,137.8920556344257,123.52327168904814,107.32420651578366,102.81351390940863,100.32924554529795
2024-11-01,80.5644722947241,74.55534717137661,72.27118578624695,71.59214998950362,74.99253942235748,83.16401051419398,90.86157371905529,92.15310374169634,86.44473471143483,69.85851455630038,65.37414741216156,66.43571675037852,67.2743485958649,69.15059300527697,70.98961042101163,81.22292575962197,102.25529102497815,120.536675641611,123.92442033669629,127.02940723439416,117.56034632833456,103.35315088484515,99.01758819228134,92.65355894120674
2024-11-02,90.38599246805333,86.87717168486323,83.3860736945338,83.21747651035525,87.67447769627941,88.88327231534778,93.20706382346411,93.86200490121368,81.76988397104127,67.29880959421158,59.48531846637984,59.528497899735775,55.38616571245474,61.523674437178634,66.38178926378863,83.07367169484696,100.46506902904653,118.88439709736936,123.14431856696953,120.27704147791944,107.92418026961752,100.38584300300673,94.32855700370659,85.7251595782327
2024-11-03,93.81605759078698,88.74619248187433,84.61773210627577,83.95026920284978,86.86370141670227,87.99014571454575,90.05664121429295,86.94111760230248,65.73334417627365,47.93104277004032,42.6790576024263,45.08820771265437,44.85129811945258,43.93298653487829,50.40515182733334,64.34293967441539,93.84562585835006,109.41445335866167,122.06876146288778,118.20439687758365,109.43119659805058,99.67161033190965,90.30951776324989,87.8160484757052
2024-11-04,85.77952483122739,82.56829805134895,81.54820199640315,82.01191129074806,90.7297974720148,98.14532056341228,117.96270804672243,124.88278034652836,104.47990898461563,97.7081587660755,86.66484697129324,84.95907435255624,84.97744861923853,87.22610439992017,95.54622148542755,114.39327205019113,138.07572863215452,154.52177055146566,147.17027533301524,135.75209729716985,123.4033074395821,114.89007993783986,106.17725502123366,100.59597159990302
2024-11-05,97.75366088568715,95.58451439372004,93.563098327339,92.96209403154757,102.16435427356596,111.0141927898713,123.56311175940542,129.9727118628309,113.33775763863576,112.98898511010044,103.36037152529005,96.38163706565572,101.53480049740759,102.48539530283809,107.97780902698702,122.91295527598066,142.51037095227355,151.6273972322153,148.64100595038104,141.04331400225567,132.85855053647037,123.57101555956197,114.00136465829014,108.8638797430597
2024-11-06,116.83656896364437,112.93662163310196,108.38716879222399,106.4214449455231,115.54075618095742,127.76166007783027,141.29364012198812,148.90910636861568,116.77421005697566,105.62313065088453,97.23554649849731,89.99305501508161,93.06196071541186,96.37023433193717,102.51150941886527,116.10700850613951,143.49775972602959,162.2879638384672,161.78348555769895,149.99317590998297,133.7751546659683,123.69178642823604,115.03486711507827,110.1371694033294
2024-11-07,101.35858089254486,99.33466458685722,96.43469285254196,94.33954303590043,103.6326093036151,110.50583130352032,124.26401932599882,129.14718453053985,109.10307271855092,93.51398907778132,83.44399559651843,79.29245703092059,79.98184038029697,82.99134222358654,88.5965369581938,104.1706366819472,126.75211719914317,151.29668005883244,150.43710374003393,140.56812290548805,128.7073020287944,119.71353980733349,108.41454001305654,105.72138277605163
2024-11-08,98.06562938353134,95.07980948113394,91.82805161421636,91.3728137130956,100.69416357331326,114.00866898651061,123.03727834488393,127.90862868139156,115.43019057662305,102.68830703042161,100.02771499623657,98.58302431976706,97.96428446112785,100.86067843969383,109.60117063687238,122.36068591369892,134.31278382542928,149.35113973623146,138.3300498570914,130.7099475674321,123.97660305851382,115.54309645190193,110.53107542258338,105.28423054016254
2024-11-09,109.39273481493409,105.65154513187048,101.60983727984696,99.7029737266819,105.29951995564883,108.25476074420055,109.24059150356486,113.8742227853318,106.74730548955188,102.61892246554879,93.55534002449166,86.30774493469627,81.86708433127694,78.60827604092431,81.58390781639518,93.50623200257387,113.08601150464482,126.17811963979237,125.06405683751727,120.22780560375978,116.73589058212532,110.0908661614101,102.29556407116563,94.53143503762949
2024-11-10,97.86011287959886,92.36499562670063,87.89586539788488,86.24467540768697,91.69479720675449,94.046115303597,100.03224455050487,96.07922029036145,77.33151158753881,65.60002400526079,57.53417429754353,53.94323850367152,55.40730760813108,55.01432291746518,55.73789374863665,74.4765030822615,105.20724280580494,124.37492574276897,132.63816315626298,130.1446949699869,123.17985307005887,116.63711079442166,108.68817430330694,99.28698511504598
2024-11-11,101.7810173738057,96.90231382452377,94.02661553216832,90.74865286274434,101.22835658564102,106.0839313963669,123.4179910173112,124.43429702307499,99.17017195521832,85.63726725921079,71.86423812877047,68.61183254022978,65.64828984537127,66.20893519569353,72.10718952020906,89.01094896081587,116.4623564441135,132.9954418841204,127.15097903848907,116.15606243312553,111.29165621345481,102.18125127669585,86.07439011454511,81.64731477627652
2024-11-12,59.55698121587031,56.39514931674402,52.65000133655178,49.046605227662596,57.17959850926068,68.36459303716248,87.50410970579765,93.27213534629095,71.30549400823064,51.323431482034685,40.84144233474462,37.210990469721544,30.202731747324343,29.757942461643097,39.03477951110873,61.428245862573746,92.3556575862796,114.28451619010546,116.98460186787796,115.86216931551698,108.56630306051726,98.43957769785453,84.00589734980817,84.25590012245786
2024-11-13,93.30386092512482,90.93518561549234,87.4918022218895,82.80428780686078,94.26108796815703,104.14730167319584,124.79853776800263,125.33459859517474,106.67743248921809,83.4958897647507,72.23751148190757,69.96913913855943,69.61736134565082,66.23003493520217,68.78781492241974,87.33039521378949,110.79998309806132,123.49542190424125,127.14277070583799,121.46432011971416,110.79701457881326,105.3738447175624,88.83061326909132,82.71583374427779
2024-11-14,83.66940745379009,81.59766170692942,78.12204529675088,77.92419532584077,87.67209239111293,100.82907570482352,115.71007647524088,123.47702031023583,116.88457355866048,110.58894131015668,101.34361970105,98.97971596200304,103.66018906456368,105.6785331385572,108.62445506808325,123.33885238544426,134.918781414785,141.12098866125436,147.33518479778098,144.48459173963673,132.16909094721817,119.69589613360901,107.56751747818264,101.72775778541305
2024-11-15,104.72628576619948,101.17172243931056,96.91277899608968,95.60052435067708,103.18888309993042,110.60101419230816,122.2374569087267,130.10396673347623,122.56761432394532,109.60159368449834,100.6138513729379,99.5280726306681,96.59468453744687,98.09991501578594,103.37140687747343,112.32766488128526,128.2277158125795,133.7712206129751,143.07703318150087,137.31240034925915,131.4958500145911,122.46656554198086,110.98997794041561,110.8173533285723
2024-11-16,97.32889059455685,93.786663886585,90.73831454853247,90.05250573265363,96.62358403214851,102.68274109083485,108.56298907926207,110.91419992346155,111.11315888947199,104.68690819011297,100.79499101833969,99.88980959587772,100.90947221684941,102.1719612625418,102.83923962417798,113.73994703392191,130.00781858073648,138.4955162846513,144.96237731084616,145.48788451996504,140.82382878773856,131.44484652521413,123.89812438676626,122.22323323930752
2024-11-17,123.36055436045903,119.6267404122255,115.91921720861922,112.4664897891407,114.64634089690914,116.98740552959067,117.61860186782945,111.86647370707432,102.45212967446903,94.92306111282502,90.0632630986973,87.28453209478273,87.56165803635298,89.02406683164638,90.7379468658861,104.86514589721864,125.79735501143665,140.00269997050376,147.79093642818273,147.92369715020263,143.02370887524077,136.09870093685683,129.94983722500808,125.31060046697222
2024-11-18,127.1651954278816,123.2397087438515,121.81479491571021,120.94241051414237,123.71120898613054,129.1804034125447,152.19983439799233,156.2429522272381,134.19514331140567,116.12594381939391,108.24824546913948,107.4219554046609,105.76259568070678,107.01443317166054,113.07338028566801,129.93616056403394,162.2521391465088,174.7812104219313,177.219463170344,169.48235928148313,155.83791167416467,146.80143571146252,139.38194763516375,131.72836137405486
2024-11-19,133.77579220810753,129.3156726562343,126.16201772017149,119.23749636980351,123.49907192305305,130.70513882888383,139.26954541814246,147.244201955898,128.55579233019438,115.09160341092888,103.09215415967977,96.31440318872092,86.41697061152487,85.07129749173353,89.40309308772102,103.63998015655405,123.95293887475057,137.17665767942836,140.62937250625507,132.12114730496742,123.02143563581586,112.5149702868851,92.00505441935448,89.8706640622452
2024-11-20,91.79821382320905,87.06022622065015,81.8432735849104,78.94256009482271,83.58215276559568,92.52737408196212,106.51307397147538,109.07139368092746,95.27832064778474,72.5420443805041,58.163699563265894,57.44303576314893,48.040826534145644,48.44406631695072,55.510890724009876,70.82173079556901,104.74192546509266,116.8189363422776,129.52162487019197,132.01247006887644,127.49886270180556,116.75468437103817,93.50715892894924,92.51340347535178
2024-11-21,85.89339375039884,80.69562458285202,76.81988430705533,74.45809209551436,81.34758862660634,90.14456881562299,107.12613908644433,108.62253391009443,96.91407489094283,78.26139691023182,67.49861586297875,59.408158656161376,54.556796552917035,53.1245937753055,62.093597247581016,75.76086229786509,95.06531336676215,113.40780133984991,122.5874622149287,122.55551480109416,121.06481154185296,109.05676501591687,92.41209988681,88.09138031419047
2024-11-22,80.29232547372648,76.083161709022,73.57044804760531,72.8624878897792,82.24248163539973,100.01453399841921,120.39759696589252,124.22547573592323,113.1700148206615,109.68305967331153,101.64388207773305,98.60183024923747,96.74778423318082,99.30884275163254,104.11121901271312,125.19859518075249,158.7493948936087,177.17671333087375,174.4065154842849,169.4341239105127,153.14554176973084,140.35384367449447,130.89658051190514,126.36659823675464
2024-11-23,120.4630083767644,113.06252091545078,102.0648649950227,97.05143616123421,100.85258026345443,106.20002664656079,109.44350942254964,106.21807416239068,98.20863041297237,82.66656784457786,67.36581153610555,62.25597907323211,61.87488044838584,57.4287119025844,59.745972598297215,74.9066300157968,97.73365223629571,118.15414525982331,116.62595902418136,114.67299088353087,114.35505032129825,110.11191914202976,94.21109570296076,88.29264199332168
2024-11-24,2.4960521129954856,0.007441887112250356,-10.358619212584614,-10.237177578006282,-14.094667846332499,-3.773466350180712,14.157928438986389,22.759680767557924,24.596645909270606,8.398223231819728,-1.137266263970588,-7.27699560708254,-2.232229048199599,3.5710792998525704,5.424203736589021,29.426568716939393,53.19353673177566,67.5306246616566,78.59773574437435,75.92178397986461,78.6254174673021,67.96252893123793,53.42020934796628,42.79095899602238
2024-11-25,3.922599283966292,0.150075914006095,-1.6966831442156547,-4.022772382753274,8.75722392468522,29.779384217193183,60.88534900044282,71.06970969211066,62.071419480008416,61.72414423415808,57.47371619944606,57.38158321245945,53.68990558147989,55.00412516068012,60.67029963005051,78.90852498947925,95.55410377587629,102.5781030723953,115.40638515203523,112.92417461584404,100.77527073271378,89.26519965461796,82.14428041656902,78.15154719955976
2024-11-26,129.040343119005,123.35936919584616,120.28698074244102,121.66577236929378,128.35551415579627,137.6915286713209,161.62830553841852,166.62648744872774,149.48606307090083,142.07492594481081,131.3318923817801,127.02347043219947,127.32768166622503,131.1363907429361,142.5990607062604,158.41414240897046,174.72989302373819,183.0028030584865,177.79457809970714,171.49790486131735,156.3897363346943,145.98182310757593,139.54235567582836,135.29661863986786
2024-11-27,132.85656031718185,126.39621707556975,122.43405121467856,118.9824110966552,123.8464865564335,133.10105342344022,141.3749966726808,154.24571312054036,137.55276085857585,121.86542145331059,107.75380859260525,103.52924711046596,103.14498306099962,102.77027538889106,109.26249342296613,126.89933359245791,157.71946151384185,170.22273268376517,172.31675407950542,168.33508584721324,157.23235463965466,148.06136911374924,132.574975971681,131.3462960477351
2024-11-28,135.38998817290013,131.88136383597865,127.91283846736098,124.9624089935091,125.38548929774029,130.9054773658425,134.98948839397477,141.9348591354348,127.44930253090962,101.69603943353886,90.6657855994538,94.7879715449032,90.36407957808815,89.5038383140787,97.09686583884499,119.9701479370858,147.6281973185425,157.66825119542608,168.6541926128163,161.7636673216336,152.20166095183896,142.81039349254877,119.39812894221741,126.15235244089692
2024-11-29,114.68169855851647,110.02188301151774,103.84431304280741,99.66484795369317,102.34576866689792,115.82933947074919,127.66594991379321,132.13896356048616,132.91605605461842,121.39104602170582,113.50500812250553,111.69005571893601,105.70265582348604,106.93065896537713,115.52111140979338,129.60375610720027,146.78547438593466,152.0194829502239,159.82438151950723,155.28126808915647,149.63620491010502,144.38239454164807,131.20834213635476,132.8711729746012
2024-11-30,129.02028510362987,123.62164976568874,116.46607131524644,115.32257399295926,118.52029975905091,119.18482966849434,128.85727876819232,126.79700321352992,117.73272342635661,108.59826579371156,98.31072370625509,92.77695912075623,96.2612805225486,92.9693615052537,96.22101278587598,109.4263805905778,127.18171517080103,143.73424063771296,143.15958742670398,139.99024712716385,132.72567181117105,124.88579876667008,115.96979865446039,113.16339094772609
2024-12-01,117.33700235597294,112.3702992927999,109.99193793792578,108.31980276802591,110.93374765191278,110.76684010948412,111.09136407184762,111.40764317758108,105.84064836538228,98.9444142233715,96.95622878910403,96.2277191246987,97.37204832151583,100.25294844076979,100.76508905507268,117.65284619939169,132.960740667058,144.2065607341615,147.4332071311613,151.41825197026932,147.78625638641833,139.4134717127262,133.16605517273356,127.17246114694305
2024-12-02,129.56736173092506,126.7551484021789,123.68434339879057,121.20272554119506,130.28952495023938,133.60034507014208,146.15612386720682,163.42286654493358,158.16549215063918,147.44903464705902,148.7271164508921,140.94634154406623,140.23397384059973,139.05793629380037,146.4013790302073,156.20629010112935,166.59718497518915,172.96336210309528,176.93993200636248,168.96487171364882,155.43690663475192,147.19754579644214,135.4689200101207,134.3699679793338
2024-12-03,136.07355032823352,131.56539451171292,132.8713097640142,127.86118824646289,133.35235804089268,138.85787262489856,149.38578907609457,162.19534562599378,153.19987701700754,139.14904758506117,130.14561282413425,124.00991589049971,117.09748945790034,111.42279237362573,112.381660744742,128.44356955698325,147.28057825628025,151.2829020815375,156.68217389494703,153.8243558611698,145.63597841233155,135.0932103422542,125.1998946821698,115.31348687771276
2024-12-04,116.47835965311633,109.81284777857215,103.24551929551234,98.79640781795348,104.4768244398708,115.56916798183825,128.48202028120562,134.43368671769147,123.64947556887905,106.65824743341494,100.20027361124633,99.44364611125496,98.9694702285222,103.04033775670919,107.32973646727287,126.38317360892036,151.63700643905452,158.25802049070512,164.75323213816532,166.1826083884514,157.6545407044078,150.742308817405,135.2328133288967,132.58626970815533
2024-12-05,131.50167995921646,127.55960723861337,124.13595363503315,119.25622354317667,124.18769338313069,135.2071428252114,155.30993152099427,157.56592330254026,144.83552045785743,134.95162099021772,124.67231860584417,119.83729090478732,117.13077085763504,120.33764601723831,126.66889640206246,145.01755640424742,156.86263589421617,163.79367154942707,157.50228018236538,150.25650603247408,145.31137894036385,139.18567253417126,126.36903623355512,122.38443979580481
2024-12-06,119.5552427169965,114.1825336122349,103.36115582643359,102.37610310444316,105.1473479797464,107.71852558807588,115.31092641299804,114.62444013907567,111.26721495198103,99.57771188070777,93.21788822502145,92.59589612218754,88.27116254012316,89.96580347461418,91.16620626838409,103.83582816263494,124.84287404373491,138.00458700878625,142.9223642369314,142.51901815134897,142.24359229421393,138.81251770832472,123.92287776452432,125.61628318054991
2024-12-07,65.17498246007705,59.95803159252446,52.408195187747424,47.18001777535503,52.196028812261034,58.796656703637964,67.21153172328823,73.27899148624375,88.09976686897157,86.17833715847001,78.57894505331396,78.94033248680996,77.93167798040413,76.34401384814825,75.7537635656734,78.24360223362567,76.2939526625958,80.71453651747312,73.14814495562372,84.437089401918,93.08189625041922,80.41546756236227,73.99818208617936,51.41628543874355
2024-12-08,6.469057644691915,2.3995229724001064,-2.2655601279904403,-8.59032979262173,-19.539306018474534,-1.7738507758918445,-8.037363055304795,1.8605176983323872,32.96472261342064,24.661849145212408,36.99788243407103,38.32301349379208,41.73281562983484,36.68430568843982,30.44548521914681,36.128169313817246,45.17409926631126,51.17605898375908,72.04836488326002,81.65606352191173,79.61325209543391,71.88302475709867,61.889975612558224,50.727009630027034
2024-12-09,45.719435490761384,42.82372794247628,43.111869914572196,40.05221279426204,47.45005766286949,48.78973664871835,66.89916460657298,71.64694584740377,76.09626807929189,73.14770721355801,75.89146136449392,75.71153426561374,75.8469056917087,72.97598155541829,72.04198581988713,74.72498372884107,80.3367276087011,91.9165754957438,107.97910082781407,108.65445255483195,105.72827994531754,97.43659074155626,87.60671674957567,81.70536769803755
2024-12-10,111.93728922807509,107.01456720576243,105.83974547457265,105.34429500104733,115.27447178358383,131.68208391626828,154.93952681228663,158.09900653244128,158.2884802084298,146.01347752102978,126.51522110988768,131.49146932925964,140.8085746521341,130.05396854883048,131.45655867978047,151.148842523903,176.56063010367458,187.54199356408077,192.44515482930558,190.44555054239112,175.5968248977538,166.71562205821232,157.29433944106057,155.5453132018467
2024-12-11,125.37101353883507,123.34754115008936,118.73333669829586,119.51549559420867,123.21146357000818,134.80934016118658,146.39083026650488,154.78218437328763,157.04466748497066,145.47626693780757,124.86521567497292,122.95033427768378,135.3564568346716,127.71973732301652,130.27966027953363,142.6101777509692,156.9082311370115,167.8808742228366,172.01857249544634,165.76236357560938,156.43097402762456,146.3069258285866,126.81929084470235,121.04076612325687
2024-12-12,127.79949310962694,124.0584985882063,120.75931035000886,121.98570591855577,128.71331972679636,140.34196078244736,151.6564770100027,157.48407887371883,150.16571234174532,129.2092954933682,119.60418049443365,116.88859277358782,123.7149290889945,119.23879673680861,122.97360899521072,136.38420627188023,151.9443616471571,165.28384036595935,178.68972149266463,178.01864540348276,165.62841315666947,154.6586479547141,146.447883018335,138.2768489044666
2024-12-13,123.51484007974331,122.81115934929926,122.58532747582996,119.3594699721012,122.5156375837526,138.09233050479548,156.61662106026273,163.95209877575866,160.53931572614073,147.3955228386087,133.42365032419787,133.7533296401678,138.7061159514834,131.36289712848554,137.09283539065277,147.89861200549345,168.33590390982414,171.81246690865683,173.2624151891792,172.18639270582077,161.9744134898583,146.64409751653304,141.56862084517388,137.36724668597725
2024-12-14,129.88943879286873,125.92839256911962,119.408912013914,116.44282346325475,115.95776109066438,117.79990564747897,116.49515060987956,123.56390347330554,124.75872361021413,103.28353590426227,94.85848416028138,89.79384830037336,92.85638265412128,84.71026173701463,86.74684130668334,104.6757625031871,129.23338191454138,142.77370519235447,152.15397226005214,149.1843286918751,138.91559135434596,129.17650024013932,113.4051212362854,106.75094504296273
2024-12-15,114.78390329160425,109.00306005282079,100.38624326104174,97.42679177624835,98.20600847968832,98.06461986995976,96.38519743072159,98.61791886212696,89.80035767839459,71.74448042935852,67.99868190251983,63.00780191930308,62.716481252203494,58.4734198452362,64.41150441511489,82.17120609391576,111.16147135588908,133.9765126718787,143.6446929692291,148.96888164229168,145.11969142284076,134.5298772931734,124.12228564469063,119.88489347400066
2024-12-16,103.50754313992388,102.10675720390662,102.17841701533223,102.54127018825268,107.03384611242312,117.57017886280688,136.48483050716413,145.03870593296227,137.74264014080768,109.3941073277361,100.41018597414049,94.94076668286289,94.71718244044722,88.95704184982986,96.26355917724264,112.58681109485717,154.2546793533304,168.7960240841204,176.0441054192769,168.0858467146365,152.49457595463699,139.49015105953671,125.65617886360053,126.15478986390394
2024-12-17,113.41344012526037,108.75087301774889,106.9280067133834,104.040504145924,108.35126778926099,121.84509146228825,137.55379472186624,145.90587413222363,147.53466690916912,121.52950335998804,117.38132563828842,113.41650503330726,109.8363450023929,108.31818301175667,114.0322795241085,126.37888161352717,139.99562395247443,159.84776531587408,167.41735429121638,165.62720516676518,153.52774693373715,136.78199661849766,122.81880255921993,116.51294090433952
2024-12-18,106.18118714155148,101.60582174775195,98.51549784053331,98.19771729380743,99.3235247416632,110.24643672670662,125.5878523945495,139.30847455548263,130.03801822022484,108.12476823905602,97.8949207554679,94.99506358463375,91.6298057662908,86.63033655451662,90.74206973002448,103.48428086717496,123.56447089344606,133.21669614123732,134.41366099451585,132.0173463546217,122.15535415659237,112.1954055256346,96.44375923227763,82.83999337257342
2024-12-19,67.03512617076073,63.19483108689559,60.91931161680264,57.162436648611305,62.73517223980868,76.64683288663153,89.56974518041606,101.0091072734612,96.99219381095776,81.03347161774373,71.61662330058628,64.57985374843855,61.739010457687684,60.18815727382436,64.03436241198746,76.6198350793299,91.86503422002635,103.81368851268687,111.80954761926753,117.7241991052522,113.05952920432598,101.68356734053248,90.70525373192781,86.15668276857443
2024-12-20,108.36682112985741,102.5674650263426,99.93651268801793,98.14496978627048,108.93486509531934,116.32518685916281,138.44564634600567,151.67152414565368,136.8370531669101,119.87518874403389,105.1040517046237,98.39293388559884,92.46606537535487,89.92972180901651,94.37462306591534,114.97531856446173,146.09175585171786,162.05573981554565,163.56014791366738,161.1670134159759,148.24117804200338,141.1338609861562,127.72465937447248,123.57009920012793
2024-12-21,115.03525063489644,109.85984355853957,103.9431160281879,98.56429706254615,97.57575623278491,106.7117395004395,117.3887206004455,121.73602062196501,116.5130000812951,97.16812251112086,87.00255347335047,80.6904489508238,81.00986349514577,81.92456271238768,84.15877576743107,99.80238281054613,125.14154934931155,142.82931280247442,145.80392095616645,141.1474330597292,134.7460009730246,129.8610050643857,120.805288638862,115.84544487956768
2024-12-22,91.75043359976645,86.81238645822123,78.81977405170875,72.55979894936385,70.42770816846199,76.18781638706878,79.1258928550356,78.0468669745782,65.10432941109345,40.09737311748238,20.83085382764613,9.861970835532844,11.058702261513744,4.371289366672926,8.553053712540205,29.308102189823913,62.4951409502409,86.36597480087127,100.16187501578,100.9126363161635,100.36214941416132,95.44197595896986,78.7872081374915,71.25903292320231
2024-12-23,11.405105739856978,6.238397209078073,4.027486886685736,-2.558339514870326,3.0126254226737785,23.303299171689957,51.068813514144935,66.70352778889634,56.21139218009687,32.05242957249128,13.157998211602376,4.206839339214525,6.491502672438855,6.758422329531882,8.631254609179749,31.09298263427744,55.05461540775468,74.632757400792,93.39471415550562,94.60011029756458,85.07978848785353,74.71582570443726,60.5397468141494,50.09494845132589
2024-12-24,76.54451795231917,71.77317137061493,67.06620099051007,69.00473082830395,69.23015708908227,77.1188520610944,97.5250851150932,100.92796258272523,84.65306331440874,61.66649784571871,55.32505423683233,45.50674772768765,47.553341021588,40.49503579824471,46.655267595716964,64.09833708771578,82.13229981591724,107.39687846828907,118.3654482418017,115.53865239107041,102.20188116299627,91.5715345938402,90.28294881613256,82.79592424459436
2024-12-25,85.34061507120173,81.04387557733759,79.94619165069568,78.07032817784206,82.68904110803801,86.00716255923753,96.54176320000079,100.8351473354559,91.83390438005192,68.36770921304986,47.18589570073742,45.89986106492348,46.469069504697856,51.15965911285858,42.13601831357748,67.0274508811338,108.62556562654345,124.47380181740262,138.81036724847402,131.89375460340347,122.95622835232338,119.47683213119707,113.45568157498454,108.72751658787243
2024-12-26,131.20494579338947,125.5423467954189,121.67518697089432,117.30432476415973,123.78881892793979,129.58270031067016,135.40321192682222,147.10191398859112,138.22133747787666,117.57557080369943,104.74221624725283,102.88916824949551,100.12850496279351,95.11945898902147,99.16976117381432,119.30161091005617,141.1198539846913,157.56268129959997,155.08382959852625,149.6816730164282,142.95016199966088,139.33772460885842,125.41633404553582,120.94951832814407
2024-12-27,134.15825873155987,127.30344716652007,121.35423989725012,117.03412899379228,123.28641386081915,133.93804362685006,146.85781072092615,153.17604220995003,147.62036382171465,126.5138826900839,108.48709165306956,103.81906318808583,99.80111711405439,97.51579797599665,101.9586903571265,121.69735711547648,142.6638719874593,161.03435147456915,163.8814706336695,163.01456151702996,156.2969098582194,146.7586218724704,135.53259177192425,128.6696738385287
2024-12-28,135.71235507512947,129.11248285360625,124.5924134296525,119.00398156071773,120.96095929959051,127.88987890138227,128.15988914194028,130.34786354947494,129.25267717242932,111.91248352341184,95.96115659505476,93.13625621362249,88.58427387505856,85.44916611077873,88.67822039844935,109.1124632411417,138.78041043246503,153.76641079621868,160.18446393179823,162.77428551931064,154.30891345584482,148.1282926302407,137.35469619458206,132.30691661497173
2024-12-29,140.2879786891194,134.58269844819944,130.5553137178138,126.81306941882575,122.92745909432176,126.48512386961976,126.13772415931501,129.04193854837592,121.28993371098755,107.21928093758275,96.97399830411784,92.33472628419162,92.61154093946094,92.50023936956836,94.14230394363412,110.94159811931635,135.7007826952843,153.1759715953409,159.57843470245518,161.95755077352825,155.76474173656774,148.24939126551268,141.22321860846682,133.65598357737144
2024-12-30,135.11393716938034,131.57344625883698,125.69681860926734,123.5420714818318,128.16895437647213,134.27541769712323,146.13374039958794,159.47754090540852,150.7071797819105,131.4062174793524,116.91874047171615,112.43827493894278,110.12879715810772,109.71430818022594,117.03006362140658,133.25037009376524,161.69439408868067,179.36103566654555,182.74123393146752,179.16279430074596,168.55796672669894,160.29326217696135,147.52073520209765,139.4282397745991
2024-12-31,142.291295044015,137.67080535157857,132.54901940737008,126.14781560538188,130.56887011361894,135.56000000100454,146.37828083989774,152.0132739734763,143.49981480478863,130.0230011723913,116.84630418296237,111.10105189384896,107.85282585462721,107.88118686709997,110.03848273632912,124.97532220232101,145.21368235294514,161.47576170021475,163.4069237145162,168.88427751084333,157.6120374871765,143.41187762878837,134.80193953014665,128.53704574217738
2025-01-01,127.60734009921245,123.79782141237422,117.14951084287061,111.87214967703561,112.26175119998149,115.44237859884494,116.7450570422435,118.7038934695488,114.77096139122321,101.10017239037437,93.24558412482791,90.76817626562772,92.99558617804718,91.61932003426429,90.9338902479798,103.9981886125945,125.32298292396439,136.26431797857396,144.59217123758373,147.05406145348522,146.11371820374387,136.55479098136163,127.60343982198779,130.8275348533912
2025-01-02,129.90771456699443,125.96202618526043,122.28068545154785,117.44326683780608,124.47113003381014,134.61120598552174,153.74088640178115,172.81884870806252,161.1435780174212,134.8377991409837,114.86478391951346,103.56188031262857,97.81388197120789,93.93127822789252,97.33060870385992,120.42968610687826,155.27106541487143,177.71148970445174,167.5301336420496,159.66845608515845,146.91292359166374,145.04202602481982,126.78285740203314,111.87993771651122
2025-01-03,112.97015608280623,106.97264702683304,100.71224623278489,97.85722332960874,100.9477044490111,113.22930271147723,123.35638891045964,133.99753606120683,132.25454638736923,107.94371042651217,91.06763323482568,92.09665613910497,87.57375299516949,89.99150739669184,92.69863610014845,101.16460429802794,133.1610006465784,144.15596032788116,147.44553118668466,147.13444412298767,145.56258865652387,134.9315552953318,117.92654547023463,107.24747075522357
2025-01-04,98.17852305043435,92.59195461340461,85.96083471727616,79.93950583991179,87.48532403166328,98.32748149349783,105.64489116983935,114.67592497968202,117.17623754623912,101.33282835912011,85.63858319123538,84.84787813571675,84.67391648932902,83.36006332105086,83.21320675971778,95.64777004628095,124.27347256230362,131.3384323361196,134.9083187049994,134.6791646390924,131.42967443820297,124.87174004428941,113.15786749376683,100.92248413176131
2025-01-05,91.62582616064829,86.65078309910322,81.00494339492761,75.95028056520096,76.35232358451046,81.41795829866126,82.20962630793369,84.91230724018457,91.41420265046698,80.85463189063877,73.88919759250705,66.41928520410147,65.38884666377906,64.33436977761602,66.24754205177446,77.56702878168136,91.61154164262129,102.18682659594481,107.61463177025165,107.11314851285566,110.77108049923231,106.56317046542878,93.09481774853738,78.81350173269132
2025-01-06,2.497872109217539,-5.233925511083342,-6.059542789856351,-6.678414610023765,-7.131001467040107,1.9204104661119032,21.293434557225197,42.89676342376079,56.167434268014745,43.2984638035931,36.99037121978905,28.863848173655633,22.322730309398658,15.359819208573505,10.54509546691412,34.51867377940654,63.85570398014182,77.90752905940624,87.1701249263371,91.68079731742282,90.19580573108495,81.32670845369262,66.39724517059403,51.37245242759977
2025-01-07,56.197685080507725,51.02284185043539,48.21834512911928,47.56975560537885,55.48781975673955,72.96205664951663,100.34420791569798,106.60117982189146,95.44789888136054,78.9986377109263,63.73680168674629,56.86336285546239,52.10220319390781,50.08848025097846,53.50983349778845,65.51437486108598,86.98294692513117,102.44519351103281,108.77614325434276,113.14220530160027,100.22704703955068,87.35109870947488,77.25754397758524,50.22574784112779
2025-01-08,65.10839859133907,61.79579548087692,58.15129633214283,57.55567867150671,59.91272191839676,77.46042017508844,96.34207614829472,101.989674526841,91.8996035899788,73.06607326506492,57.03551837890821,58.70979611912156,56.733383492138316,53.49024211563815,56.85247941583101,59.544210363995546,86.4908672998843,103.56150796417604,105.77875343004158,107.85770621431652,103.61869110558712,91.55049308635542,77.434902542369,68.47166685176951
2025-01-09,49.181553049313955,43.009265786894964,37.90600089070476,37.95359293982271,44.280115202490464,62.356929130852166,85.41592749564042,100.41285337284495,94.45115394240817,82.08833608750447,68.59046411421012,63.98763084246102,66.92892069402758,66.51778885926353,67.90892723525462,85.19694934897551,108.7783251565577,125.7265973583637,140.4869526479671,136.81755818828873,124.78044525565737,112.39118914816903,95.91203942330705,84.43010103987952
2025-01-10,88.30404040239746,81.69174756428804,77.53268367065087,74.63174241532276,79.085318485143,91.64609491441847,110.83248365186823,119.85142654921452,115.57056799997989,101.62580426795066,87.1690665628744,81.94962946870149,78.27043388279611,74.212794539811,77.62705042483213,90.55764378470336,108.81503243444193,120.95863971624048,126.6521084080672,125.66932150573743,117.5153402162608,105.36393317436485,91.28148484318768,81.1352038564912
2025-01-11,99.6691634126796,92.56158948329572,87.63668279651311,84.85474790033575,86.27132359446932,89.02250276273192,100.35847617229769,106.59172943201034,112.6546746839674,102.85330185169116,88.07663139536031,83.36371738974361,77.26316399288542,74.2911618602705,73.33482798657539,86.63206230522695,110.98753487104686,126.60019414416732,132.52584856429635,130.87461492723043,125.64838986426304,119.54570008462841,107.61585377917298,98.44724503177945
2025-01-12,100.26889519405427,93.0368258222171,87.55436023971903,83.11678962522669,85.27964692876999,86.14376126905346,85.40793368017147,89.86350787455646,81.31854636310598,66.5744136335598,55.810688454691785,45.50769473734364,42.949577892105154,40.2962013622337,36.22921737357932,50.51969481448954,79.44080689951747,103.15189705333908,116.91086874129675,122.08549182148552,119.55330655720314,113.44632128352777,93.88929183394558,81.84192963929485
2025-01-13,103.03967118219302,98.65349787130121,96.94482935289341,95.72565578387852,101.83265021184644,114.66426098149238,137.51993693137058,153.6314478682243,132.14683756962964,106.89949831470223,96.56504103959088,90.1761361973661,85.41169155441234,85.03285657102575,89.08076425652281,107.16112068433397,141.86690789676237,167.0495488678112,165.95790758873935,158.58027362844274,145.51341340168156,137.57627870395774,127.35704763465533,116.47549650834962
2025-01-14,116.9902974024261,115.90704042969223,114.32074218711696,112.47576940994969,120.08951645674654,127.45401088782866,144.6174644582238,168.42825636019924,157.95190115030545,138.28589047635424,121.60599558925792,114.8391144124503,119.36887649333357,116.58182951291948,118.18474622407572,137.28504186502082,160.02192656576128,180.56681643506448,183.18893467995872,172.39863140816843,163.61625295532468,152.01733011035054,134.96504054197948,134.1064018966425
2025-01-15,124.76192117048484,121.73977564503431,118.2107360778214,115.16376357194503,121.54221375239425,131.78497889115238,147.91879125207836,165.06437678612593,149.33178558895838,127.68273746030277,108.82360633842603,100.66813478555808,94.69838410649359,89.8303963370083,88.86261411621909,105.53797021771109,125.2926481670105,140.13530245783488,146.719108243385,136.51468385755993,126.52461486923127,116.33288234301774,103.66695044999304,96.01565375271707
2025-01-16,115.2062161796102,111.02538624313704,108.86627006515866,109.09693865001563,117.67329862561631,130.9005440997769,155.4310454397177,177.13669677110255,165.6000550396738,147.59500372928858,136.39761975493016,129.61773629921908,128.25429319735747,136.316874587442,137.29307247697727,146.00382475942817,165.11126828162224,183.31753953905235,189.10397921967646,176.4378463761774,163.31429968363204,151.22012704086399,137.38136713328885,132.47463894936914
2025-01-17,117.7689048336481,114.29928017227525,112.59099680741927,111.87811924084738,118.46619721226593,128.7330530586074,150.21617543826707,169.15976842369594,154.73480631262086,137.551632648087,126.64112255587614,124.1530388039968,123.68132902734453,122.94051515914208,126.87507758567895,143.03815904690552,165.25390735023137,191.67715117040245,190.31795378264758,178.75901682389443,168.34078016754728,162.11502964549516,153.54727192570934,153.5376825406808
2025-01-18,129.4629646939777,126.65061928971366,120.94894994954171,119.25608115135867,120.48108454696231,123.74397225768236,131.48778700538114,139.77252557233817,132.34770796417388,114.88023474698366,103.55624852305877,96.28361035275898,93.82308464989835,91.46987776795709,91.10452221688863,104.3985215959752,130.74847808779444,156.23372748228198,165.25597374875372,162.56262856057953,157.56242458012025,150.73004302095984,140.1926880333979,138.01514002690675
2025-01-19,128.3717757318535,124.71544927503571,117.95549693437786,117.02557173885602,115.31371086756504,116.80490391330922,123.74521411489133,120.92730170297915,110.97589862388159,94.62851760136287,82.23228451662442,82.27820360597511,83.87056289009718,83.45969093725469,86.16933956774288,98.63945014921806,122.22977698755454,150.72905958802323,155.40644714096294,156.20758296035447,152.02177061193856,141.85723807659946,130.3670407634392,120.39319379487253
2025-01-20,115.33358490582975,111.40576348650373,107.49488418648959,106.2910589387521,113.06016087328344,126.02724003746906,150.6091147772948,168.95772334159918,176.36311566644386,167.23325584053993,159.98105887927986,157.31574996275128,157.7636173132948,159.91173776032207,161.51034011694463,176.05947595746602,176.67833082418616,176.8127668792543,181.80772855046243,166.3747891725116,152.29999846723956,143.29764185741305,137.83835548122195,133.1685851334747
2025-01-21,128.86255250724304,122.03641793101987,116.17213913879428,112.89743981344775,116.78320494472126,127.59215476252022,140.679291133803,154.87670692481962,155.8718630554253,148.65599160377525,138.37553498834154,137.70066360806513,134.97403451435105,127.09893078795818,127.59477218303118,133.38597874989273,138.8089046374797,144.94754495309184,152.64614068663576,154.49860145700055,146.74973120901797,134.90741230162692,125.83867670974524,115.22332458181852
2025-01-22,115.04915999708706,108.71671148893162,103.64531528423585,102.66426684717764,105.9826693253101,117.88735142103182,134.37453160569282,146.51667392441243,144.85364223127687,134.9569996131774,120.82101070114777,116.98840026543729,110.98899076229958,105.69740866538986,109.66471224440033,122.164827977334,135.86533957292505,148.40587902224922,160.46645560890303,160.7926799235294,150.43038347952384,142.2995279466722,134.7607950710055,127.04267211752489
2025-01-23,121.34608572266114,117.32699022522095,115.0595371019659,117.00112216535396,121.34567771473493,133.71616918177725,155.9749589288526,174.84504521832343,170.14825557215045,159.67822461693825,144.67958746207435,138.37776188821493,134.8846497810394,133.54580928678206,138.35912919141657,151.56802967580504,167.602594939893,179.37012593930274,191.88728443856547,185.60985070371524,166.27523263300137,152.64668092291137,137.94433137344487,128.81252992490164
2025-01-24,88.17813293616125,81.82161892464879,76.88370290638215,75.58992338960168,81.91287372568479,94.6832533463313,113.59175513506072,125.05280649819044,114.9080102557134,103.30865265915662,91.78254903191612,87.3677963847021,77.34812595348014,71.82799632271366,74.29479059303684,84.27067284054864,96.92790372128542,116.73164245922084,129.65214046432322,130.24123556055778,119.80411246781726,106.76752761303037,97.16113516971973,84.18731840189903
2025-01-25,51.186517170734106,46.21172857442095,41.67970312941238,42.64834360070665,40.816947673039735,47.79039668155391,56.76164136142302,73.72648140528884,77.59195062831861,69.373588293613,59.840794516715455,53.92349665563509,43.46986538894195,35.77269001504841,33.38365853667077,40.68937222297189,59.627781735462435,79.62244170760414,92.80238772225059,102.93280285321651,101.11378001219609,92.44304761370637,79.24814903466147,69.01905153463728
2025-01-26,35.96854237652283,30.95557931243809,24.025530438481,26.32441779592361,21.654892559229793,25.66429402574309,34.74562530153949,40.48451429036086,34.096911985786335,27.78697473054116,19.161111592670423,11.092512981785191,9.32480399646397,9.575631539209056,10.192052074306446,9.171787641649814,32.78174700409916,59.87128393292024,69.24568790004108,77.6172418346236,76.18461490625381,63.02939349899512,56.73556524991153,41.36189376126348
2025-01-27,6.873479879476292,5.176891649765551,1.1296741384560107,-0.026561220742337355,4.968533548239677,22.389645068007212,54.69433747155391,61.369391110033035,61.59158996214049,49.06812497044461,44.30257668000687,39.659525451884384,38.273025565638186,28.464799185955258,20.134375439988688,33.1979223252833,33.49133206860496,57.253041466577116,78.0320735156601,80.10766527395432,73.7564763165297,62.38475330188096,51.91438298282109,40.500221712762034
2025-01-28,-2.1009092816629362,-3.0047420909574925,-5.458740374119728,-6.1192481822149745,-1.5281897478850084,16.489208721478235,44.71778033932716,52.3205868657381,40.57423251043333,25.342720299907477,14.310958239403618,7.037217944753735,1.6238433164698591,-3.8786324677485453,-6.346638383628473,10.148933435627299,23.707686888053146,48.82500112849547,67.86177800042258,72.58980178996711,64.27580763103661,50.629703403231076,35.42521782380787,27.854205159335308
2025-01-29,11.845366130722567,13.542425108985512,15.213483147757657,17.956829702039784,25.713003276018398,40.92124184898364,65.48651673861295,77.0509052070026,68.47088003742903,62.31823881881581,54.490994843525826,49.087401142374446,46.2080703634912,45.771479273997144,48.38167472833629,54.409660324308206,59.27932776616601,73.35319053459017,86.5081914256956,85.36163038724169,76.64067840395552,61.06964595486954,50.60982173490712,47.078703400537655
2025-01-30,49.20084209730639,42.56224516094276,38.8621996375431,39.80668301626077,45.57631785963146,62.68577495901314,83.52898538403517,84.28517487212733,59.301285615809974,37.61243853756455,24.08733698607425,19.360179874600085,20.296273732671274,21.092790118986336,25.293731824563174,27.42382110901022,50.70145089019872,78.58195736947833,110.56801702695965,120.05576210031734,105.15067856382959,83.91997716025628,68.76557577221558,60.820113811250465
2025-01-31,53.42723541626558,46.72924887447887,44.94218514875219,45.86379670656782,53.17900741710855,72.22816286173432,92.137288473809,98.7892099958002,78.10592316529943,58.980765728883895,51.395506537263245,50.998906914870595,44.502727473499654,42.65636289512419,42.97852000271005,62.785168544162346,83.4946162278104,112.43376678837143,129.7888761869758,137.67209945431054,119.61396969134509,104.608845485179,92.07354985041259,86.27658403743536
2025-02-01,122.73719708951293,114.7138048179514,109.4685306658397,101.0044048521294,103.5014827696728,110.99860444333622,117.55116294850335,123.79307952349353,104.24135675624323,80.47006372261097,64.09049054620368,55.40645519370457,51.466435811853664,54.44408519718438,61.22789174642827,69.62447475186767,105.98420110815131,146.28749240183055,153.49783351607965,153.83196132359024,145.07780031768846,138.1719595183816,126.16868339211416,123.06356598164659
2025-02-02,124.13372810531047,117.73284721944542,112.24185693745179,107.72546832967501,108.46770973439743,110.57040631776196,108.3126376264445,109.80699561083493,104.48262197581013,78.23429508670408,71.41336837577444,69.90417719054284,67.2575048936491,66.07410073149265,65.39215024428908,84.33567003382487,110.02444463020214,139.53641492212654,154.8118347251793,152.58773834288849,142.31825378956788,135.18459860967369,114.0762702625667,109.63892239170971
2025-02-03,109.77009051954188,105.90017792879698,102.43925786914848,102.37361256214908,109.1550182586167,119.5373846505476,140.48877905088756,155.0286210739931,143.84364075583284,121.01351335046883,107.13965946099756,104.8425017663823,102.78251268814546,101.48893246544846,102.01352189052923,117.34295530928125,131.81535244714865,158.42005068738104,173.38504206683922,173.98080110379186,156.94256013791207,145.02535958419534,132.3236519741053,125.69544511311818
2025-02-04,124.9227177154435,120.77210908223644,119.40102379404917,116.51424138985209,123.4817225846929,133.69948943285272,149.76839011052502,170.08478116502312,150.14806823374772,128.12116824001782,118.49548031925977,113.27037031299099,109.16037685241889,110.36049567929405,113.50159856828253,124.4543251232004,140.72966345261153,163.8358735346393,176.01431989577503,175.12715227737903,153.35475401908013,132.8988682370944,122.0743173570856,114.91480357510106
2025-02-05,118.92963284508598,112.1047014657738,109.78778205823724,108.3753566702656,111.60831535812055,123.57202407255895,142.47255044489987,158.77193704390055,124.26782447797571,94.52532187684443,80.08653253592762,76.3697034506633,70.78089850976059,64.70425533229526,67.18048004228797,79.34261356311873,109.7043697055604,151.7673963771336,182.29022369560565,188.52440620650475,157.52073085780032,142.0654084769512,134.93385659368872,130.3724018181986
2025-02-06,128.1492012133895,127.03801367276226,128.01337404368508,126.84414852030073,131.51142732479005,142.4471298049503,158.71889281890918,178.35124111168108,147.99731432636088,112.73680843872577,94.50037487185037,84.9536655793774,76.99379378539362,76.7909154590893,81.69641225772804,99.7139212560461,134.82191359365007,180.10893686767508,197.5468616461203,186.01053029398776,162.06818301035196,153.41316421181847,134.95426011514155,130.32609273110626
2025-02-07,119.34602487458,114.4892049218894,108.83110562860837,105.8763386346712,112.29421346688453,125.59626613440452,142.5100047107631,154.31170265090458,131.2726188715041,104.28402444790483,88.57234890995674,81.82670410724056,77.6224521822355,76.5486123527476,82.31348777213755,89.31117773347839,114.29724014570598,141.50756060960254,153.19485300000034,154.84407658749296,139.3386707517751,131.77546032602854,121.03615549142526,113.12220908951448
2025-02-08,102.44507211100273,99.50744539127014,95.93033382017182,98.96093482779243,105.74765338031175,112.81989758422137,120.49468394494038,128.9024068885917,106.89971644033778,91.98808615054257,71.97531478498105,63.012206089238205,59.263109956993034,58.58742475165769,60.12357848620026,71.39047462714986,104.35075148552494,144.54164443519244,158.5282338767302,163.12079645429355,153.86305685503243,141.66886818274062,131.31488186745082,118.67553407631158
2025-02-09,120.3716245999151,115.11404470484914,111.87161755174557,108.03784922933956,111.6181906832411,118.72085901528843,124.8925468381488,125.06632610280286,108.69777616172532,87.19839569778607,78.35412096081704,74.64714441691713,73.39790292548342,74.25989144178665,75.96135134187088,89.58865488771644,124.26770392254181,158.98996342308752,175.3823549776632,178.15205659553052,161.98236174450662,151.8953544981369,140.20969011729932,134.2997744982778
2025-02-10,115.17466346892374,109.92162904609069,109.00512288486281,104.08749209672592,110.44445060751424,128.75756101128283,150.97622896522213,164.26830044954312,152.88458800622766,125.08080456671702,112.80795513076716,108.8425747029294,98.67668678505589,99.77677937138503,98.445846141912,110.65807528635844,132.64124278097003,159.20565684221975,182.04314498863056,183.83259232584373,159.21576389357998,142.18160244022363,130.49338325267811,119.92400061682841
2025-02-11,111.38486190821519,105.48890912267407,101.22883000871099,98.58905646258452,103.95479131773197,123.81110356691427,145.24317794504887,163.0958398591351,137.2841503388227,117.66834347117359,100.74475095513029,94.71411912168112,90.63046580103295,87.28207635075205,91.87378643614798,103.12440708989077,125.54334567682857,151.06819475964133,166.05904066659895,169.21396676903805,146.10869644538718,133.20311989093415,120.1662301098377,108.6090674805204
2025-02-12,114.80400629036019,110.31201651932547,106.76117542713438,104.82149361473951,110.49331343550824,128.42130309591408,147.30189509832815,153.02548708301416,131.63603105788036,106.01613423076607,90.53626043616147,81.27191698795872,73.68724382446666,70.40229643604064,70.76568323998148,84.730604593377,107.18253734986024,133.98836281571292,160.92146034583567,165.3669548895852,145.7933233817264,134.40066929471297,119.47141023061019,112.20803974891773
2025-02-13,120.80186129286992,114.48991760925284,111.21284957952173,111.05024695769887,117.48031928521965,137.23656150399873,165.00715410556262,175.64811114066688,142.60884832810126,111.81441762480753,96.1711250689626,92.10860706085971,87.18097464063483,84.27230486222226,88.61191001964728,102.97626309260257,135.00320036388678,171.22745952921986,204.41390088020847,204.27103665687207,174.17075489646518,163.24721874971016,151.56399950580607,139.00113007437164
2025-02-14,123.30109901508443,119.34739541917662,115.63027619004316,113.93075758132755,119.73610651677043,135.121562279798,158.9375797155476,173.14614955397815,135.37252386024122,104.97085287740295,88.0995062783533,84.29344804462892,75.63772951344892,74.18311788067085,77.1570614916429,94.02655611255176,124.81770923320944,178.03600099785308,191.43146107075236,191.7927670399106,172.76020465139626,158.34648912736668,144.15404720679675,135.5212460654617
2025-02-15,114.124066649255,110.0544678734029,107.58105217229217,101.32596294573777,105.17936313963516,114.63275500843154,124.40406966365362,127.90659014228417,105.87999106974551,76.91529091220751,63.31663761089813,54.10179326219434,51.194763317513065,49.63685078929131,51.31727137345332,63.241938335922114,94.62844899177743,134.01750816912192,149.40846784187013,149.09605498269906,137.5229017559152,131.79843931273723,122.57136894366381,111.95811930935037
2025-02-16,94.88596029198027,93.28129730777452,91.87079924853859,92.35977473022079,93.92804223972026,102.52796926053256,103.6869476954349,102.7449737283019,86.1626658096069,62.05550172090646,50.1514035045585,44.09959277087449,43.03912996783673,40.859098314339455,38.373321755161584,55.03110791744954,86.17116817405166,123.47055520970282,145.50437451204348,152.03291963524507,139.5023905300342,130.1862291575521,122.46369164565736,112.09364657762369
2025-02-17,121.29314545288636,116.51893322367081,114.97233770938426,112.93486145248744,120.7399927137369,136.89702800383424,166.83350137040958,175.8572278066349,144.27426121580365,117.28088939321066,106.02490208928336,100.53556810409798,93.72771847882555,90.14416629971291,92.6642556479327,108.16988350395138,133.20395992242334,168.7199520991184,188.82055929935075,181.09688445903132,155.5569988024508,143.95728485437863,131.65036535192007,120.13516729436027
2025-02-18,97.96280759786711,92.6269498200372,84.76404016349693,83.83145250760056,90.76037981193461,108.35531329712329,131.14431230761224,136.95600963675008,112.0343679799988,87.13633591253995,70.42994206603326,66.12487875906606,58.9941602218216,57.57554257960986,57.365516159394645,74.58129222028198,93.77159889916794,129.54399335120516,156.0860373357861,159.352498865592,143.2005649990084,129.88981646240583,121.45188554844322,111.87328098176401
2025-02-19,100.29044641218972,98.541079789507,100.03059743085585,97.85114346259746,104.96008382823985,121.24451909484938,141.04347417180998,147.3790377983281,121.22379330018373,101.14810293185829,89.7243051426985,80.89167285851828,70.6156082017122,63.736635579803576,64.73190521729546,86.32564643028368,104.12771055040734,135.3480691494407,174.6944387638818,171.6160645659665,147.15265147723935,135.52140857685507,120.54871849588113,112.14255233761926
2025-02-20,93.65573006018646,91.85252794864219,89.21484913367493,87.44626560075461,92.20917140475707,108.91930364487307,136.7331744639368,138.43544925383426,105.84093658561899,77.45367483596267,62.07899723489452,56.30570264941292,54.88074589835568,39.94504821538104,42.16515226212577,60.59013940501074,83.20991836966256,122.77916001116417,155.30828604410505,160.67846017585396,137.60859639747792,116.57632399756804,105.04059688885008,90.31721321142818
2025-02-21,64.55707768397099,59.19920186621582,55.71824738110399,48.98125505738499,57.29443211741307,77.12237442291631,99.5702806523193,107.39738159385863,82.81140781068403,59.37670813822568,46.72743588395316,34.41541566325456,24.215989483271358,19.77024073110495,24.910462792520285,39.19670438155959,60.70363430434247,93.74557718511443,113.57456637101792,117.90355480127744,102.81586382575573,89.66251994312078,73.90196415389833,60.88388259415836
2025-02-22,54.62812714077519,55.98336943479546,58.00453371035108,61.969968746646245,62.041946469308286,68.10917762688143,81.20263611466078,85.5745178082459,73.10065923170495,61.27883357343107,52.29822869645215,44.23578379236979,38.49845155473356,34.61053017253307,31.745621948760366,40.47703835835046,65.46487439621504,91.44950108178807,115.74022573277865,118.12859005273147,103.33355905096461,97.73613588583004,86.67912317871725,75.11836840506464
2025-02-23,85.08699620069589,82.73737315904913,82.27796498613338,78.72969643635334,80.84836304133441,86.11352219929694,93.02975322275698,94.34541553666526,61.223035161368266,37.57572151198523,27.6161338918439,14.66841359183286,16.39372502758937,15.51663548642663,15.345248844391058,22.88441513250097,57.650236389443805,106.05858965809239,133.3124887360845,141.26362755249093,122.33048466282808,109.71862493290416,105.45951835593044,90.47670394506329
2025-02-24,72.5988581618235,67.55419621345233,63.61586758666974,60.013665320497104,66.80093587040665,84.39367157609362,108.13934702286699,113.91634740712763,90.42519233518948,69.3577460266555,55.98794284968916,48.860162947957114,39.852743327490565,38.92761071085038,38.90833109371435,47.87651089103565,62.45949294302274,99.0427655044428,119.54517968906083,123.50190574291337,100.40800436183721,82.38226452506554,69.08977496193586,52.9427928112546
2025-02-25,66.48657285638895,61.98000002869625,59.52629090912534,59.70434542662377,69.77009702564638,83.13655243047715,107.19543843420169,113.71684293656388,93.62278285989674,76.45453397475,63.5252653234468,56.32927563680454,49.89871712712193,46.957953656327646,45.33444452423072,54.97086134929209,74.0717130905602,114.16742515351864,142.00351779268343,142.73931210852098,124.3126061723656,110.48491875150279,97.28020804488206,87.12599911083053
2025-02-26,95.72701264635303,93.3263880112309,92.05648269388938,90.29880695981876,96.64872402499863,113.03187604601908,133.33550336042606,139.5497952492681,107.51379765429127,79.4345004521085,61.661339273417454,58.962208563262266,51.5405200036931,44.74940556496851,46.81689149135428,65.17665063742216,97.39925656228354,140.6638387250865,172.58458161563698,179.866425713401,157.2261715581726,140.88879495767048,130.48176033734856,123.2827046030723
2025-02-27,110.29545540502687,105.98707139977465,106.43378844151295,103.67131671519448,108.9786730411811,124.67613304747131,145.22833382188566,150.57812543473847,126.4990565759845,108.22415530675401,96.64866257614682,93.97258237859408,91.76482762573949,86.78615955547495,90.95247286091833,101.01128205294833,114.39904817289086,141.8394619264699,165.96881931352362,180.53213929527038,150.54413530556786,130.24257262301438,119.61665105561626,114.99687953332297
2025-02-28,108.88013903746015,103.51807024859013,98.11253005886839,96.11525772760989,97.24088540140669,104.80811431362177,120.22712253930315,122.68770223986064,107.94752110237523,88.17186321729721,76.89755772248141,74.95586737336623,70.31148586637411,68.21958280138429,71.30460534969761,72.76757882649925,84.69566739765781,104.83483472647428,128.94431595684532,135.1526249679845,118.08323112842886,106.32185083417579,91.7203661556322,81.10873654891574
2025-03-01,96.4414207966149,92.2069516820339,86.9809001798036,85.2642444846774,84.10867104023981,86.15019831879864,88.64302614238831,87.63536572693164,80.5916013822729,67.67986544198773,61.31065031863673,55.40966202735116,57.595049974997806,52.677164963441754,51.636103228841876,52.0146035594893,69.65344601140225,85.58162455485602,105.14765329186443,109.00764003140452,103.1209438804504,99.25788369672017,86.11423851164434,76.52980515299217
2025-03-02,56.62064336817984,54.98909683366524,53.08911908911958,54.37027821901909,54.5627317223655,58.9267267072403,65.49249936129706,65.63449634285098,60.567304500139784,58.916785828026164,59.5879047379654,60.977895489595525,56.884084790453684,57.69000422683576,57.19374597288913,63.37960106997536,73.13703637757237,86.70104266910462,106.07785359415902,115.24197169056474,107.19450410010364,95.6212040970841,82.08260464174307,74.02576848206543
2025-03-03,69.39764163116672,65.35238861250986,63.47233267328809,66.55598309929331,70.26909787793545,81.68001035192188,104.49623711171238,111.81996056249885,100.21919760278688,93.63598693432031,86.17594192496689,85.2147849045692,82.88810076566101,80.57265210874428,85.20366650196273,90.09083115450125,93.72213244868684,105.36413102155225,127.13153157475107,129.42643117263142,116.85446980575665,100.28134084559505,87.55242469564368,78.20409651683701
2025-03-04,93.24658678749977,89.99039341767464,86.38995855290646,88.30458878970774,92.85080756995133,101.699430932478,110.12612057873518,109.86390292979543,96.20492305675941,80.15691664923769,73.49391893321094,67.30500711132231,65.3840675235156,57.89060990414469,62.704590453551866,72.76259790167772,86.16224603667227,107.28176526869125,133.70741726503442,139.24816109109744,125.4877083408471,111.48395333312202,97.47871262625603,88.03659069156933
2025-03-05,79.91816849261363,75.81454444483633,74.57693252088954,68.20663091341196,73.70592707512806,88.50308245047859,102.90246859884701,102.02092350226879,90.31969606630194,78.99034749380327,66.19678596108983,62.70390106789415,59.52803089792405,55.327977183499044,62.626310604694254,72.88959583869836,84.05528436125391,101.31569619912057,121.66387730925302,124.54038307863422,108.71428980385924,100.46848890360195,86.32188239475511,78.00234600644276
2025-03-06,57.33444219403533,55.87049049314335,55.148939083421055,56.208623392356664,60.52680881318402,76.02799381567712,94.50370330448607,100.57641582423638,88.39638678557743,76.52124241054875,65.52189637538899,61.35705306251086,56.98000143192397,56.52287101224127,61.718212661702864,70.81918249178365,80.22453040072112,98.48754104387183,123.16614651086452,130.92820335702066,113.21610897735442,103.67705562898965,92.66027691705196,82.42917048988964
2025-03-07,74.55219512317949,73.32394277894063,70.24183408049822,68.70944496319721,73.96930793023314,79.79845506215779,99.0248700207199,102.89840597173902,83.71722175461021,69.21292189695895,60.54736674841877,48.48134886500617,43.550782447422726,38.393853999907925,38.63328230006278,40.72827878581413,48.57645209089972,63.48192581513049,84.5752554381254,83.61988002778114,79.80607773781088,71.05655812884787,57.97861034385776,43.993605369897274
2025-03-08,21.393175986530792,20.006104753878603,18.005321082054905,19.09748497239123,17.089018992849915,11.749954498258901,10.691956181879476,4.792893048339437,13.612578803167253,11.811800259428836,11.74086588872423,2.4449265978959573,0.06016666914031532,-1.7141397670835943,-4.766366776320126,-3.6031124136650163,4.998447128055304,23.43514716923066,47.70329053616982,59.112333665157536,64.1616910763985,62.24938801595828,53.3040864282758,43.4217937702509
2025-03-09,30.1980229035712,27.83334699237932,27.394080426401096,25.247847183721944,23.13354356422812,23.88893796361478,33.984969271853046,22.22090810309757,20.307814396977435,12.957968810494435,13.227856215134665,10.710703710112227,15.814899279873515,24.710463232937478,26.573333227260044,37.3658440325487,63.588131719827686,89.13277759812779,106.95831358144629,116.68427156715656,107.53105853256942,93.21751962309663,86.85413628707761,85.17152504391667
2025-03-10,80.94192579870962,77.62759048961064,75.45767275902647,73.65383322573038,81.89157286839824,93.43219387884525,113.87287491649622,117.19264293277539,103.7360095351936,92.20931197623962,84.00261993045567,80.41064227017606,76.84127202847307,73.87623498301846,78.77385175470546,87.80701407164251,95.7661597901514,111.57414685935768,130.43659139176938,127.5596661990832,110.00007329097417,92.64954808409655,85.45224876329587,76.9233506362666
2025-03-11,84.76761946070076,81.89645427196024,79.34855716516059,82.31757799470203,88.7349669729661,99.5551142262756,118.17513888584536,119.02972018008109,100.93827497156303,90.6806933897573,83.7745636641328,78.06664283319698,73.22662621558766,72.99972903455657,74.50032683443756,80.07522981816935,91.15240545331393,114.95775694273803,142.01355873989203,139.89392355937775,120.21943082333858,106.38726525738787,91.58486887080463,83.23417979712232
2025-03-12,78.11254686812202,73.97155811893484,69.97097875919361,70.48418724610552,76.45260327320631,88.1298354005252,106.12597553279566,109.98690779906029,87.35511271619879,73.15848286410997,67.2796649602632,63.28497406170226,62.208609030545226,62.09734361127543,66.65773664533893,77.51663414229697,96.24945587612238,120.84317949883075,138.48471667307817,138.90628342880467,125.35863851696399,113.96782834932178,106.24453121988653,100.61502708894737
2025-03-13,103.72298540373698,100.44452369032747,99.26861879370553,98.11061477454516,102.81280503059475,111.67933375963044,127.82700807876401,130.9334109626823,115.88531215729184,108.80481809259061,101.80177152124064,99.1669270371826,95.38234046277901,91.10455566368363,90.86569517725725,88.99456260640142,91.74590710636261,109.37755514714041,129.60350910962822,125.78089145615283,115.18861747405475,102.80883177102288,89.22747176639943,76.75914987703732
2025-03-14,46.78791910067949,45.69051572985616,44.47005289272087,50.40983696987889,56.638770924219415,69.72255225255122,94.3594107483749,97.5784417290131,75.7255595104049,62.38823350333023,52.47749576021551,50.22702669024835,47.53231394003848,35.56541692014548,39.47874172292746,44.970026644429616,55.84051169498171,87.13707193776833,121.51752930364601,126.40788733007672,111.5569121373737,94.20599713762971,89.19684888224991,80.56139571674186
2025-03-15,74.53700136917567,70.36954935264463,67.85842923970274,65.2809195761988,67.35247582155532,72.11793811898865,77.68035677238605,68.86779051826616,43.55411079786024,17.448690935917938,11.172033090666801,5.328000224103448,3.486093611513766,11.859108640226083,11.930355175100779,22.87166510273999,59.814805795742814,94.99848060866165,123.45341430480916,132.5180955071753,116.18749152706972,105.06306080940087,95.36358339046421,88.71565943875694
2025-03-16,78.02466842726561,74.01609060243263,71.72746854771071,68.94574141652257,69.81685320874848,72.29125030422713,81.3562995072358,74.22135713224885,54.30672493203173,43.51096271883273,36.20461869491035,34.63693143959942,33.09664434283905,32.98368139688955,32.95383309493448,38.400662715954596,58.60422542764558,95.27876312250707,127.3470966165178,133.49799707558836,119.44229385879515,104.93457272923959,97.5221989607849,93.60835241646176
2025-03-17,78.27096739515792,74.718994762793,71.59069614680625,70.59219196123168,77.02780727158354,90.6114031701872,113.59285464988012,116.58988121293802,99.59899198294593,86.00754478547378,79.74733593673201,77.1838529806614,74.66001166078941,68.67647141222089,69.9289410693196,76.83269821313247,84.19221552779975,104.07890091236978,132.97528493007974,125.21221143832257,107.68395785878687,93.64315199871658,81.73239024338355,65.55647899482835
2025-03-18,64.28873581301231,61.27102072128196,57.50813129302707,56.98510359913488,62.32486245274822,77.02509724588262,99.65946822978172,101.94034430017895,82.82293608575824,68.42494924820741,59.935151395535996,55.02851193138602,51.71710330143322,46.440536231720486,48.295317900552405,55.78896772479902,67.12286558013837,95.88487910350085,131.4721557056939,126.66221461752677,110.06187844828479,95.23570876782283,83.47920012878582,72.59913999479582
2025-03-19,37.75201642587281,37.52072244603873,33.36923363503482,28.87510079129447,33.8310002694101,47.779426318952716,72.27603472205169,71.2358348675299,32.24557692173066,-0.12826892596018524,-12.832205378811082,-20.37603138575065,-27.43493631288932,-40.7944003519236,-33.347479337263735,-30.589174793570834,-12.326015815984931,39.36955666673282,100.49803878154874,102.59437168322066,80.26242638939637,60.07615804616908,35.77317151036581,9.1863760357909
2025-03-20,-10.075634339926665,-10.709913987805919,-10.433862598607703,-16.531422709999575,-11.407003800508335,8.82662102465099,41.031668105892464,44.65912004675492,26.71141810383824,21.15598096904629,15.345907413847321,11.211962345438167,10.483880004635033,9.617217681792994,11.674101110713842,23.51996123516556,39.590326247662794,60.34351969714905,85.88481829990357,95.03844149336805,78.32073739157639,61.38261863345678,45.27759430092831,41.673941750320715
2025-03-21,9.467372904994662,7.512226386081082,4.829890950678191,0.7767862608823322,3.8557185757228893,15.028490649550392,42.20767591932044,37.177344386914456,12.260629055468229,3.0514760337722038,-3.9547161692942865,-2.7631253572136245,-2.5582869241043937,-14.318949742192103,-4.220698989672655,3.4669177669285745,3.4383219093344337,14.317268841014467,73.03191634643338,66.44607646175614,56.96095643654809,41.13507027418211,28.1628808666744,25.04818172757014
2025-03-22,-13.260661395150251,-12.370897899063081,-14.483318561402541,-22.478297600864437,-25.120097518750256,-25.393781716278298,-18.405310854613646,-42.62434181585519,-30.97373735949131,-32.90478098644812,-43.542158655339804,-42.61822865333929,-40.36003326936071,-30.11927097211496,-27.282510908358518,-23.626310449825297,-2.629039965605699,16.338770725327493,51.965650857511264,64.46156431806997,49.58703386440605,42.113145512789686,35.66098452373882,21.829350904066203
2025-03-23,26.319397716048428,22.074065884961982,18.794225643899424,12.348129739283081,11.525926614588002,18.22167691369458,21.585218744865898,14.767896097429045,10.05511947784818,13.191980667812444,15.300899336106639,13.966135455375408,16.054252504496183,15.028112089474973,13.910523413432799,16.77560317319743,32.425227705610936,60.0444325417653,90.54079150776295,104.47020752679391,91.71243388713916,76.06868928527918,66.62844524064079,63.166741097679676
2025-03-24,33.77454992788938,28.385033569348522,25.061144110069094,26.75602932522368,34.57742018756778,55.141304350181535,77.57790051993842,70.83119091505483,41.98239364411816,28.669131461680045,24.14705390270334,21.382838159318112,22.711135761035493,19.19651503488908,23.44986095114688,24.425191054690266,38.4499487253827,71.8447139461577,110.6710798146436,120.454853395029,96.1642363417119,74.61956260822751,65.05473614310583,49.63133173352505
2025-03-25,34.32392146924591,31.170423579626124,29.934893900706584,25.584672369865245,34.407891663516416,57.57739592755177,81.93416773833542,65.81913149137026,24.877563740061504,8.792809952149867,4.1208965620364495,10.696575300210881,14.830884906492301,11.220239414336582,14.995227611619285,12.752357667965057,21.58065304114953,60.98379548702949,130.8556209511764,135.7428164361983,108.0729803723442,83.96966794993644,72.83922662279267,56.36295993850193
2025-03-26,39.84768435050834,37.987670269075146,34.81397710190657,30.449437544831518,34.22513890863163,51.981037692831464,76.34440913820512,53.668413412914525,4.520386544108533,-17.962696314126973,-28.056835753977083,-28.76581449844855,-24.979006439607247,-26.31251819829224,-23.911792559253456,-26.81493384865611,-25.007303548169205,21.447087003617042,104.01718996847418,115.24675708413827,92.05223599967458,68.66028968013988,60.747536030251766,48.90790987159108
2025-03-27,84.90478625069508,82.01096660896513,80.3780672332928,80.45386624146265,86.43815035588841,92.26650177354543,107.59777222022099,86.40257719852119,55.412180046936705,39.15977205910898,34.4515738647579,33.9762793624283,32.804305605660865,31.10946973391694,31.805626920633088,30.177957843231063,33.313800260537036,69.11601132494815,133.24751283262194,140.61976979716601,120.44970260788645,105.43989479601285,88.01163237878157,92.6159547783397
2025-03-28,45.12403265175924,41.76847217639132,37.485902587288976,34.98570421770988,42.571612512566915,54.013028624879915,78.32918693199852,38.71798217640381,-7.74038966955726,-23.228663082206154,-33.09327198367225,-31.584859951840286,-29.785839282315877,-33.30350504067043,-35.316551353516275,-41.03646796055483,-45.22429333349247,-8.911883558722948,87.16325702620759,85.25279372610274,67.75000544165948,50.67461058571478,34.39363147047136,6.021645084310123
2025-03-29,0.22513440104373217,-6.898151357274088,-13.005527125598277,-26.619706032409667,-15.751493230052787,-21.309790660337796,-16.187919518260117,-73.11232622945974,-73.04451702095311,-59.84766547769584,-49.00379045024718,-60.4982624343516,-64.41003341473149,-61.06351232703253,-50.235729828834295,-87.77464808223921,-115.33057330270516,-120.5445191132946,0.874573592708316,26.432745942247777,18.777465207781162,19.729255684097936,0.5318782466598861,-16.827241430898056
2025-03-30,-8.720696780452272,-8.937236126562539,-9.76522389683835,-7.8692621012698964,-17.04350464219415,-17.32334378950071,-30.94509104907175,-92.42744936517667,-78.66144141470448,-77.56557207507987,-66.927542131071,-62.66472580790648,-42.38002225380497,-54.25159509446175,-49.02808246678501,-67.40927711350254,-62.84697235447908,-26.919254918076362,47.01617178909264,67.82630872781837,59.592436998129656,55.25626213648896,71.53257210357035,69.20551630035152
2025-03-31,5.997975215671033,16.0077763557522,15.645455279521144,23.406330072901994,30.38163389951815,65.31430653458035,82.23976650200709,53.274443858306924,30.915334669334065,16.530636352316108,14.544371114825104,10.809589753826927,8.453277675231597,-1.0208444849635043,3.9927466831098144,16.339417443156734,35.92678828727721,59.41772997139879,108.54704840729255,111.1516809561912,78.2284977605272,59.50090765852609,55.21073727197356,46.35554854234876
2025-04-01,68.66040011997764,65.20304190177741,61.99447038875219,64.42083138241344,73.50527687636878,99.17005294630529,105.20110903491818,85.05995745143044,55.17205630417889,37.65884136132694,33.571949872261094,30.871517832812025,30.559042055139912,23.281430399216134,27.19670151925029,30.253370769566402,47.01726773995033,71.48291011780151,132.53828488296782,145.85105500281242,107.16469900354751,84.96088891545864,79.81460934257575,67.89246143898629
2025-04-02,25.11551210777847,28.007066619710578,26.74360175834532,29.97790018193151,39.3114567068493,65.7750083976446,70.73648534401133,45.35862845824782,1.0600527859836575,-9.344101825056327,-26.601317872835807,-41.93127142134517,-49.97981416191426,-56.082115348970774,-56.544310353721215,-48.12374661856903,-29.72361275146129,8.04277472492548,67.5024326572078,75.05146827276039,32.837923623648365,11.848110197277222,6.1537589007745765,-12.1323873458323
2025-04-03,13.51603954732694,14.205657444115275,13.41864175414652,19.640976490678838,33.153875590051186,65.73426755679478,83.22645826614638,72.5494830944381,46.337974249025855,46.19393197881874,43.39739339494326,34.978698454227775,29.26270812352047,39.44417737421634,33.22696391310591,35.522810797509464,39.04658863932243,51.54054215830475,80.40847010257949,73.79979405862149,36.93246419856389,25.678532806042725,17.14480562260249,-6.2515010549956
2025-04-04,0.898617700753988,3.3516897402751056,5.912185526184203,12.870418146747198,24.113649993518578,51.883173730929656,54.39521210966977,46.380662288112916,18.850913484188595,7.762962391843672,0.44514823624105304,-1.1805027983201342,-2.800205893236452,-9.806148326274368,-9.681287713035232,-13.166951010310243,-7.238595365071006,24.129717428242145,59.56183828524529,59.29725144268035,36.027103124893145,28.835170084016127,42.00347973607436,17.52915323113679
2025-04-05,16.584210694371237,15.568355834838357,15.424691996771998,14.50663287701029,15.696114468951805,23.316324943450738,7.191676245235257,-6.331618795062084,-8.703101127283546,-8.845308151809448,-10.105780519120913,-7.273103768899659,-12.54686460436264,-8.940728591694565,-2.1291159818376997,0.39172074856402617,14.987847562496583,36.0251990658152,67.20973750652797,79.21559423483826,64.32416071537307,55.807193274090196,50.92554201724251,42.38856489282326
2025-04-06,43.3046038591001,40.59800594781015,36.38383264772904,34.945037908206736,40.45370231154751,45.62275474240027,40.5449947507809,18.0146200869424,1.739478406383796,9.532775773793475,12.260634493305417,13.643976960454083,17.80664256234342,17.500334519701326,19.615039196843725,22.220285098813342,29.63427655686597,47.60812448340415,78.77822261049778,84.96472608855373,71.22193111713963,56.2457154812595,40.95713968330347,36.39224059207804
2025-04-07,37.88284651355183,40.03578840175147,40.96607943041002,48.040616139996445,56.94801068484498,86.06544991851207,86.59591003089403,60.01201349315122,34.36516887379445,22.629011201531455,7.736184542376336,18.246639700391867,6.8874080672618945,10.137597812651165,9.431022770445722,21.176184758203313,23.572867232903903,60.85831376796255,107.96830235539579,117.42012735204236,93.39231548694879,79.67124068854658,77.74786517888236,68.80996475161368
2025-04-08,67.97110951069781,63.16904149628435,58.20547440751385,60.50015535504575,71.17014052063254,99.71569905109658,108.3379480563875,69.6743432760494,25.32752630538731,8.169748529622694,2.88355535091236,-5.535734621239399,-4.824567578823093,-4.060354281299183,-0.7101831442860345,3.7692734145251166,17.922991710201828,58.57498973441993,117.08407403160108,128.29735882785326,101.12953446779223,80.7331159208302,73.1217902224429,61.37819181291959
2025-04-09,39.28357596161665,40.66447229405335,39.31264831105934,42.97794740040147,55.90745147808554,84.8920812505642,89.7223302114578,55.068969579185854,27.440608707959946,20.577344178532954,17.966986246071386,16.628890065855067,12.182694335531771,5.8408189286145245,4.207011618860761,9.992610986491528,10.347833538743174,47.95759832367749,95.70230159454266,96.48199060195921,63.63991946549398,44.16771095936299,37.78139689752618,31.574760082075088
2025-04-10,28.130642278774502,27.118068667582833,25.540110213145354,28.962927699120733,36.065369352650144,59.739713268577226,65.23442642623809,41.86328574395778,18.580596170210896,3.568440324239205,-3.7943545327388932,-4.83991391598903,-11.138577026145228,-15.263393406166557,-18.182925804292637,-17.90522030256949,-21.0161931090218,17.180898571526015,57.00313410351849,72.1324864124617,46.57246521053206,29.127798717755354,27.916024575959014,26.232493133196286
2025-04-11,17.990716285340355,18.58189213948289,18.23083285422601,23.20589096339242,33.45125243780646,57.97208617301008,59.30220613459301,50.32148340958726,38.05805415871446,28.206506107941642,17.54899228744346,16.842725910652867,14.131302190401797,10.968004065507486,12.90733812992967,18.21043727513262,24.045941128715967,40.91473385365963,65.39583190250767,76.45237923302723,61.28513061486393,50.306841581985104,51.73925778271362,42.52807309580402
2025-04-12,28.065877661635625,27.555810972011095,29.252167987745153,29.892311146747055,32.64856414884219,43.10937237179695,41.521198350648504,41.710189115390605,32.00861307311221,28.739261991059166,29.184235053624136,26.105663603329212,20.936372250123675,28.181165944189438,24.023369473142616,27.521122757202455,32.85965466087874,48.83893952967394,75.62619630618693,84.86434743832099,68.10669688965086,58.688411658540694,57.44562940184505,38.080763440335325
2025-04-13,32.98731054861162,32.63037752497079,32.78547446315343,31.980207047146465,29.52050558745239,35.25894351796396,21.45918951649068,17.16980806850306,6.1880274264809,1.9759189184608346,-2.1455421619489954,-5.109918063865848,-8.960100263499001,-13.213003277539698,-17.50911135573358,-19.68535623453168,-18.441256455515102,7.982463803835046,42.79236952972538,60.375644395197696,47.82803179720061,42.60355382476111,43.34494546226917,41.30133760809749
2025-04-14,34.60459997493806,33.05646499015245,30.57665224946235,32.887978394593674,40.57814490742486,68.6919600993522,69.80294887946916,41.54547972433659,27.716591915756382,5.165707398137457,-4.906353366532841,-14.480232670469732,-23.811794137830844,-23.42240235651829,-29.105402880127883,-27.067085968635865,-15.462696304289764,4.220031125305738,51.4591511275341,60.846287593660406,30.95555442672324,13.523542619129998,10.396278438522288,-5.767602820983214
2025-04-15,6.890083128429609,6.042596244638247,5.578358024682871,10.161906516210465,20.65109616714642,51.97141833006324,58.708335531656445,30.64283162866775,17.49815569809155,8.533221262454092,4.910705645963645,4.3169328844194865,-0.2615028353457234,1.2365578317830028,-0.011228511800524643,4.123744653798312,8.663117735519862,19.626581886591794,56.89487891028935,62.93122282119813,38.62967069576955,23.019796743114284,16.164794083725695,1.914886261904769
2025-04-16,12.59639613706193,10.48002335184816,6.559644910069835,10.523406237210835,17.25550554383311,40.434126941098576,35.49929193319254,7.049597123588626,-5.233732317746799,-17.11124521917219,-23.146189146112064,-23.395847524051618,-25.066994134471656,-23.404899241804515,-20.639839417632203,-15.641966603508038,-5.7329072061108235,10.45619938055593,36.77828751817137,51.61097131692097,37.956064119620706,30.29891837503375,22.74126786786985,27.62502498959236
2025-04-17,15.926204585015896,12.357069981892096,8.653559468346245,7.915180473625554,11.114691967548822,18.72120423709788,6.70726908188243,-10.498357442401812,-20.18908794405087,-24.393364378301015,-25.87914489856516,-24.5957482613522,-21.701981247034993,-21.27186749837024,-19.562446907863716,-13.055832527455038,1.072074930702243,21.603849142508793,54.3798900599501,74.00795053092293,59.02319664222271,46.68210760604217,42.199535324929506,39.05713341145121
2025-04-18,22.42402520820066,18.264087654708405,14.06456885616521,12.118379804080817,16.431816922525428,21.441381328566294,13.410425972124841,-14.543031907155552,-25.624970760085205,-30.98661578059263,-43.79196214851666,-42.67092111242417,-44.230122955755036,-44.079602632488616,-48.133337651149745,-56.32021476096081,-57.8233933149217,-34.730820229451126,8.15706246240768,35.62954894236698,25.960477093243583,10.335126218905941,0.16515990169622796,-7.848022202653908
2025-04-19,-0.7329231894771624,-9.112059754370037,-16.278787897641678,-15.877281355938138,-13.207740886986443,-9.04470785194978,-16.607333839638798,-32.45735217767286,-36.44273907782893,-36.26251354149021,-48.79508778693746,-48.41184179268038,-51.04632150913807,-48.39854529583738,-48.90003805747254,-59.55477444310701,-64.63698784522393,-44.54369670271117,-12.898224615943974,16.156741944320515,18.97447907959129,13.751800653791364,1.9964685464675256,-2.9052124628238687
2025-04-20,3.6981986346642657,6.400717441887764,9.881389910397743,12.845717182853804,17.71448946853657,19.005272719657356,3.9576236338812834,-4.191696012579754,-10.074629802982926,-9.014417599377026,-8.165549781173652,-11.655043748437961,-13.221751572037562,-13.604842439648593,-17.284103257879494,-17.392606659875568,-14.08885648011173,7.312907471329282,40.624286678645774,65.1939618455523,56.98825773018169,45.2750030305488,39.531656351940825,33.829287230067116
2025-04-21,25.41512696253386,22.754152224471326,27.550273274883132,32.657052661827784,42.22143966918749,59.25826178641938,60.10784218627714,45.67627790634245,31.312492010628887,30.47120647989511,34.45166961501998,36.854295607513215,40.68679695633806,42.97391126048948,49.07848839299055,56.29556786066084,65.72903628159384,75.18050221488022,99.62614993340964,113.19948602684572,93.00105774532544,73.42701693490335,70.24992166857731,71.47587713828487
2025-04-22,72.33761149477897,69.85589134235724,66.10210727144513,68.95150738740294,77.41429735942863,99.65138806648498,101.83629332537056,79.46875796297743,55.999408898479466,41.967915685135736,32.223895599479185,25.54311387352987,20.102813679721457,14.836835122384159,15.50104764533733,13.374779734986973,17.397508539316306,49.70549037937635,92.18716505642058,108.56954711201224,92.06675464621856,77.10216120018973,68.12273680260691,62.79930022174868
2025-04-23,59.81587975003255,58.79204675785384,58.082461973084065,60.41808055460819,70.50038128420788,90.88565472723522,83.67931894502738,51.06574964311128,29.257123659501374,13.956610082704941,9.078615241881536,4.993332858590577,4.364412880570846,6.080712818806745,3.07583162872141,1.1991307126940711,10.259010000600952,43.84114236716144,93.35732756648744,114.36066788976493,94.16127222925071,77.18160013067802,64.84466052496565,58.61520614094041
2025-04-24,50.42101792417574,47.66746995341579,47.492344778461806,50.798178628322994,57.40949296596928,78.51103819477598,75.39117762348782,40.34326834176798,13.861939116983052,1.637611796312143,7.328771963000619,3.5723223761095255,6.671141655444551,10.55983699894513,13.672087367939831,12.337637508482352,18.734609669820145,44.358306427245864,92.68082275500086,118.78629919226248,104.6314412570336,84.14869405870016,74.46112345644671,67.20640720419091
2025-04-25,62.30196191964491,62.93757699777808,62.7974087314912,65.26700069630559,73.86945071197567,91.61261447435888,88.532832118642,59.380453157660995,36.98791460285303,27.24003233476283,31.956283496792736,26.253887598450262,21.714632538187324,19.84125113782168,15.621570599545691,15.111927510161095,16.799010343216423,34.46712189260104,71.96548795022886,84.6996246368441,71.99753919232481,55.15722833976246,44.77839406476994,21.9034044335682
2025-04-26,2.553322018665824,0.04036447552235245,-2.4691394514594833,-2.781716653921734,1.8857119863820913,3.6268715175867214,-16.17278785813251,-45.51448784803732,-55.1512629306029,-55.79655846005464,-52.37759809988468,-54.90629572927466,-57.95010779897436,-52.08544507162571,-54.38254331289261,-69.22795440292539,-82.60770521464008,-53.180609002578834,10.099450271057506,39.4305600343328,40.864892747988605,25.495783840691104,6.638086830792616,5.114891169029434
2025-04-27,2.9813977540031544,3.082013961406119,2.067039430138408,3.844099406247679,5.683025850579767,-5.572481899654775,-38.68092493408136,-58.4498577761761,-53.11635976648293,-42.13624988318283,-23.99342137830436,-23.15160015675076,-17.24141648307763,-15.393925476875566,-12.805350486728713,-20.424957939708776,-24.83448343866398,-9.403646819597896,40.38991155385919,66.99388496072422,65.47392199805549,52.459827460025984,47.46810932871578,43.414246326274885
2025-04-28,13.104597750690871,12.228640931382103,11.981735704338604,16.248930824193124,28.628774173307633,59.7246661053067,52.396642691124626,17.409260339405677,-2.425485911344623,-20.862243904673704,-24.319663611831686,-21.08334544446528,-21.26608898752633,-20.002159615912582,-18.661915358488955,-22.72229580936768,-16.477938617998277,7.726749484134771,61.74488945861675,96.23632679874692,73.03965317407489,43.1586187498707,38.16386912462782,25.406541922689698
2025-04-29,0.9636521085634797,-1.5588882694010948,-3.7056570033036564,2.331612587620171,13.520244784481235,45.41934431468964,39.47474692941013,6.408734679678886,-4.750173066930444,-14.084826428957356,-14.81172683046755,-23.301639850530506,-24.27384373393089,-21.542248459253905,-15.570398145801065,-12.348127020479652,-7.432565008052009,6.032789520641785,48.0217017499332,76.17350667415243,56.849920373495955,30.52795522957605,21.53269770272412,10.38302216803254
2025-04-30,14.74964585344135,16.401744963980036,17.53521502073656,20.266955183254126,30.201156173388824,53.28265373421819,47.97587332242625,24.993972325807476,13.9160502196532,6.425767982214353,4.262394546030322,0.4535310343946293,0.5796733565020276,-2.6967787159007415,0.7164943542524753,5.067893855091157,8.965217206860288,16.823104431563905,44.439000112214984,73.38265954354284,60.59966149508062,45.718368074067854,36.69842826297635,37.48681313893434
2025-05-01,22.926007562108822,25.869799035699558,27.258642272438273,28.050562161417027,33.128574736896255,41.67282842729413,27.26610982844673,1.8919470820122228,-7.370349808038796,-18.070929416178743,-8.658793629945038,-18.432829118640583,-26.995562706378294,-8.025550755795628,-14.450482286816253,-32.156963734233486,-35.10475708914943,-25.974971785499676,19.991242255554923,67.71788708458831,53.198421776522466,25.028383939199358,10.837818320800608,6.014529214592869
2025-05-02,6.75792326941513,5.065370447602035,7.859045751854268,12.689905319905847,23.11907479600262,32.8749005772506,36.139640499151696,14.939729280477493,6.391645778672739,1.2496262956688469,7.1791290599226585,3.901572720474917,4.865621923721427,5.792754482997594,5.724609514663982,4.9631607274885,10.869808711223513,31.075000535447884,67.13557151969431,86.92471089024095,76.33337793799991,61.80378241997868,61.500504850434844,56.92946624935368
2025-05-03,26.597907012544795,27.424272688180345,27.262516661506787,28.34856485175132,32.61620931776715,33.68070225790372,28.565992211857875,19.75344421499325,6.523232610694478,4.272671911917911,5.474886682134937,4.2373482268202025,4.6476606245712375,6.540240000258777,7.1808848226142885,5.268604230073095,8.806173401858828,24.58222745284408,49.2134797885076,73.21138977582453,60.20773475378554,45.89594416717747,44.214729704413564,41.04822855471079
2025-05-04,27.436863719288695,24.710244203506363,23.041591259739057,21.754085598557907,24.417458205905845,22.918088622480198,1.9185461156410923,-8.893733271795753,-13.498683824595219,-5.907432998931398,-1.8660284002879877,-3.0163118372562963,-5.174790504141896,-8.16171847300486,-6.09793759585169,-10.642395832005704,-9.274404459478376,1.4702173518606543,28.955892321430753,55.094107743975414,51.52350123547464,32.642186102671005,22.228742143528564,19.03027337380786
2025-05-05,14.75161884951821,13.969476669406149,9.941661513692779,13.327619355763957,23.81936616630138,45.16671215737541,41.11997688316265,21.02932062197631,9.822326242126309,4.0053852434717925,-8.39584990559598,-10.636609860434021,-16.09973011990901,-25.59666976258361,-22.67234001816429,-26.21324379534336,-21.135701760124647,-13.260001214159246,7.406967611789739,23.731135380877788,20.950319920608763,8.197295854026166,6.761876657447573,3.9523024473819532
2025-05-06,4.159622289557078,7.420338085070355,8.417509296760286,14.46034269832549,26.944587396076926,49.17943362097837,43.264218537105585,27.90724991712088,17.62173988115704,15.70654429944036,11.933760255200795,10.237958683350293,6.987419171886529,4.13974325027543,4.0838110410384445,6.549997589628546,4.9265097355418135,15.636700801385885,38.24561190005096,60.48038916036312,51.70646819866913,35.668516262627875,35.094942091953044,31.94079027034946
2025-05-07,9.313616817307548,13.092938748616945,17.86677209023422,22.03573551088472,34.79591123497034,58.56142324411581,54.22216475190257,31.921103460704046,22.388748667639618,19.442172696182425,22.664638948657597,20.05473593907069,21.482124688782875,22.42703827441933,25.54333789765022,25.29104106331394,30.998341223190067,33.84081148090122,61.23796543170537,82.55516533009404,70.65967002702197,48.560644097327895,48.92586838825415,44.1542972529526
2025-05-08,15.229895981729669,18.935799314369362,22.963218191153764,27.874648429268255,38.8939520436433,63.06221059053423,58.40770369559425,41.05481762808632,29.95705699201374,24.55473229035276,20.708012910522058,21.01730649160224,18.905256239523666,18.96801361298005,19.686961691866138,21.34127013105887,22.175204808345285,32.74961279816216,59.051055010728845,80.05610729749057,64.79583621971886,46.66157293388444,45.99246344288169,45.05898232436821
2025-05-09,11.89878949495531,13.248800855596258,16.41290184585202,19.42878449740651,29.560673775039902,51.44168652625431,37.475311439149436,19.8688319961677,18.022196216427744,16.82254088605066,18.957112383653012,16.61877345130987,14.779499777989905,14.803188278324882,14.027818562640455,8.975405954547952,4.945533243790777,9.762324633314961,42.440034676616534,67.5121293947357,50.25654406022524,34.50477327601098,28.892627877817276,26.571590291998717
2025-05-10,12.553585037412702,10.15660409775505,9.52224292864662,8.830355146603594,6.422057286533629,9.308336362835433,-11.057121447051088,-31.106638728960633,-29.020850611991435,-28.225124777244517,-23.961950672174808,-26.448047019319546,-24.24384984916587,-21.536610621121888,-19.977977686662193,-21.532940466011667,-21.46545019570945,-12.267602671033472,16.583506712268203,51.11167268844257,41.369785621953,26.83326041348893,17.20379879179906,10.011047196545888
2025-05-11,3.2609050624340483,1.6582957950149932,-1.1562519912346119,0.04791406325318803,-3.111634989618338,-16.15696590932842,-63.592452405523574,-90.17952481119592,-88.53117963603003,-84.64863517848752,-80.69147651283369,-80.04630403475048,-70.56871195992221,-63.43112426612573,-59.223026167193495,-57.11077047764016,-51.96980122673682,-42.13432442296461,-3.023140921692786,38.58334457315388,45.96566006716644,31.869057754640608,19.10342684681808,24.29052194832886
2025-05-12,14.740431994995234,17.099948399870755,14.980906478664622,18.79880232429815,30.694837085945323,49.53761845327854,39.13184400395386,13.42039890286705,5.415791742403485,0.7644333909819778,-2.3778866449478784,-2.766196277824804,-2.8004311458867477,-0.5029420595622085,2.8179981209607092,11.22176413198428,20.274015470235383,35.700406251143036,63.84526027667124,83.83080423141743,72.19867410568617,59.1642528215974,56.26376857873928,54.72945270186833
2025-05-13,44.766055441395686,42.03227509484511,40.931536440258846,44.188059467876194,54.86078524886738,76.54543973443847,63.74538315657687,37.777145325390165,25.783551715302167,18.61402959856639,14.744641379047707,18.42855494281649,19.213940743633124,19.55918439673487,21.737888053774853,27.078369258670968,35.867515793542445,50.00085549355944,84.65901349321408,113.47992517507492,94.43701887816736,71.69084633588062,66.52410114688924,59.84356078101946
2025-05-14,42.327180400683694,40.011953938836236,40.19356250386588,45.32521106673645,53.9198718204689,78.6920769655716,68.81234261520389,38.07710409578302,20.73034334218019,11.90118125541045,11.266877104912936,10.930277891996248,9.44121633176524,9.508654133192877,9.358764073665505,11.00961989095402,16.94845075180467,32.413431721274364,71.42743664323622,100.8677954576293,82.95457934260003,58.53763024412597,53.290349931290436,48.008112083870024
2025-05-15,19.41208494883203,18.95793594451534,17.446037849935337,20.397979954320007,24.710895539180626,43.52706999040025,25.581995388623795,2.5544367141800137,-6.810039958708742,-11.359252890596778,-14.331151014798593,-16.038402853326588,-15.830335314060903,-12.700465956893197,-14.778775193316285,-26.358049443421123,-37.50527136849965,-36.77046511746474,-18.959406988304224,13.165457729671289,7.016362507403528,-13.638502585731686,-28.575065388053318,-44.626613517456576
2025-05-16,-1.1923009638927908,-4.512562252639057,-5.3340391415292885,-0.8851605440344628,9.834756878760686,29.776185668665036,13.642369657287261,-10.178455694422212,-19.8231848629125,-23.283740154364892,-21.961334582237498,-20.185310285709377,-17.04445799840471,-11.567041838077394,-9.100893139499163,-11.359045172414412,-10.826358311626265,-10.653095852405812,7.3914189106242105,45.72162667072017,48.48484643509546,42.47081664714723,38.07731889256898,33.02622381656955
2025-05-17,14.840425421054064,16.55833630176427,19.27158784030543,19.65823675847399,20.61676017255307,17.721487846531048,-3.515301101694291,-22.03228399275946,-18.44729924386982,-10.294883442005542,-11.00673384529452,-13.729348127903464,-13.26534488805396,-8.341091649070819,-7.259672916803282,-8.313750642356865,-9.74348150349401,-6.557246162746921,18.757785098594923,51.39720579695492,50.130376695216015,39.650852629168,30.99587169656901,23.404417208293168
2025-05-18,18.440730333961667,15.25553691087299,13.887293739699217,12.2425635581654,13.79053591431429,8.062011843670476,-24.12786456911492,-43.620769864666926,-40.19023020614745,-23.56432689502313,-16.431572609963283,-15.26907013819772,-12.591242286761641,-9.667213192953504,-6.943498472979044,-7.101123482432527,-10.517152459900728,-14.185204901463095,11.69952174469924,43.94859971900286,49.42685131823184,38.30855719475329,27.84658459522329,24.186384609752125
2025-05-19,14.58280363535907,16.443029616780464,17.92104738886698,20.47721664005924,31.886434439676442,53.087576616591825,36.93045606834362,8.009877944795079,-0.5973585550642326,-12.925357237863707,-24.841085199947827,-31.7406445642535,-33.72228944912007,-34.19154558888566,-30.958782493883916,-30.147632448172047,-22.201173039540834,-9.782508771317822,19.503572682333385,59.211612949669984,59.18516983465258,46.88909593053508,39.896969728455254,31.4231870030169
2025-05-20,13.955961987773506,12.483337508197124,9.93543802125349,11.295541002566324,19.772225028127878,41.67166192629666,27.32693005679866,-5.36576955146009,-10.48872049598991,-16.14985075836421,-13.716450311174867,-16.615361418491133,-14.306047321569366,-9.159471539965303,-7.949871735658725,-7.084873021806445,-3.1872229131833194,-3.0178575143245894,23.807721525501933,60.514273651418904,57.790818290191076,41.128154810973186,31.71915988933263,21.33537816286737
2025-05-21,30.075900581141532,31.19898253139818,31.611094565963256,37.08301630225369,45.44169447014196,59.39597882983915,39.968713850789285,10.987237181929984,3.741374354162744,4.738617190851144,1.7980815205923477,-2.4899280409625817,-3.379440698316813,-3.478689630271269,-2.786090955024264,-2.2299291455301784,-4.18729647907827,-7.516982421697108,6.229907390382749,43.40744080501439,43.561436536362336,26.263414936006953,17.56776429975298,17.246746995695716
2025-05-22,8.33707413683129,7.1653378443430285,3.577060020301033,7.061503744575404,13.483727396209801,31.972885886823576,17.79784746368169,-6.308783154085745,-13.672243129807725,-16.532080641651987,-18.37801307444667,-16.557567739398124,-14.287728147902499,-12.770143101449833,-8.791195254613307,-9.55815549297914,-11.832655568476483,-12.365838867399276,2.1557618040483675,27.550770085233566,19.150606480271236,7.448218784049558,2.0074417756411407,-5.574206334727904
2025-05-23,5.74810073458093,5.952866055007831,5.609764669443933,8.95206646054288,18.98389200518301,33.45330654625572,16.301169325913136,-3.5023939178246195,-6.408015831981274,-5.722182488365192,-7.988904082541453,-8.329765566507177,-11.005875788256205,-13.171019953007587,-13.073094455303746,-17.532614286201394,-26.388370020973696,-33.44821386485329,-25.756446893688192,7.317195901084361,18.14427206621629,14.537856866993806,12.878435867544184,7.153093061039613
2025-05-24,8.346669833794849,10.018990985035643,12.591139804771004,14.977637548197393,17.358939797090684,12.971040430236897,-14.380810474681212,-25.83481647782392,-22.812190769083017,-24.48942138602615,-35.2728511506413,-34.672351685292796,-34.92238473042378,-29.9472494440327,-23.863510494768278,-21.894131290430636,-17.625323755886583,-6.660340275973667,18.739007811724903,62.95239912139842,67.13196729139528,60.25289011164836,46.45496972622604,44.11502271181637
2025-05-25,20.921454072930842,21.02499651105616,19.282789828577933,18.829706999997157,17.959847325764784,4.992481790579731,-39.235853448691586,-52.67721450900653,-42.60398598455501,-24.63383057497137,-17.602739279489825,-19.00740378896259,-18.41079407686012,-16.860539756998207,-17.22701551237401,-26.00771705689199,-39.903178422416175,-56.511903917363796,-41.603975149899014,8.260256097935638,29.454046826531737,16.31102243222317,8.927611010476127,0.7169339266126258
2025-05-26,15.965313173523853,16.618480743194468,15.682661095055593,22.6489021893388,34.424934474105676,50.75933816374173,39.33390858215412,16.936105494095514,8.334368898196857,4.000140059096822,-0.8972583448533129,-1.258686835775677,-7.553351256319374,-4.671059929511863,-1.4144226048351456,7.559116794574862,14.219171080562148,21.31565179662546,42.139522070065794,57.66216823441009,54.79465049872122,44.70106319329608,37.902562403659026,29.844282471807624
2025-05-27,29.237786192867773,29.953517425901126,31.873580065853147,36.03473097473572,46.712703102598375,62.405541145766925,45.72601159149558,18.655905929997147,11.444084844501333,10.393554225199566,7.082335448616945,10.616896786550718,11.396518227035848,11.967878460586498,14.458183259469791,19.575988336123906,23.869400987469234,30.20386960386854,55.874074009023886,86.43881040499282,80.15074696892941,65.63955181476055,59.341478849590096,52.91440720269086
2025-05-28,28.497439656473745,28.47924584529124,29.010378864517612,32.26580569239819,40.64311932819803,57.81627688423002,38.83053405085069,17.22574603396589,6.133528948134369,-0.2859572660254628,-5.265446369348609,1.1486347752841723,-4.239815437230817,-6.732247587058168,-3.2849549450439497,0.09177361157705377,3.91736243120927,12.242583296053382,38.962187918758744,79.18275589391675,68.92386960387213,44.5370031817755,43.60243199735738,40.10431893421412
2025-05-29,37.607874129665625,36.45308174636307,38.53321792525602,43.51964750274646,51.8173175172461,65.92611474277388,51.755685918116484,31.936963532249322,21.92743992114582,17.588667933981135,13.856007404772,20.163753228233873,19.349582502287348,21.81152897718846,25.119245173700733,30.880092833804063,36.03471312201296,48.885523333049875,77.2295436603383,107.43455169245982,98.50129173614656,74.7054341518464,66.4598109881708,64.10588663895611
2025-05-30,50.046630673801204,49.23595289889028,48.98495540146497,50.598808842543015,56.275283466361905,71.16495490964022,56.892921148073725,39.25327787314165,29.155227215311896,19.95116974242446,10.22698636312041,17.087084561697395,15.3145258054669,14.673647720735268,17.938029885895546,24.855281686231358,30.970324091489722,51.286449335864454,80.11521512928674,112.84912214256732,101.60970206621775,77.5101777302041,71.37873631129531,70.56679161462456
2025-05-31,82.77265044498807,78.74345179767704,75.663071490745,75.15439771463721,75.54139147178637,76.12468021488965,57.93971278728508,33.97617914797088,23.593972706818455,13.168966359532668,0.8445228621876737,5.549039809830312,7.73183789755857,4.327154198252188,5.487929358251613,14.245317410410294,27.273830629105504,42.620177752875605,74.88232194434903,103.69829973850959,105.13131641839605,88.62314784057646,75.77493388034748,70.11698050270488
2025-06-01,30.600303107490035,31.327459776290723,28.457484667197377,30.351021591113074,25.233553205020016,10.596336155363659,-19.607995665446467,-45.92405675790056,-32.091634448643674,-34.13103069842272,-44.549463825535156,-32.73459983403539,-30.056520525928725,-28.092082756729617,-21.923181027871678,-12.203925695590328,-3.4588325324158973,15.785629017518488,42.62461013736028,65.48497205993684,68.65625020093675,54.72837501789186,37.44780555333224,28.88221420249718
2025-06-02,22.794042175049356,24.702986872341285,25.015635697846115,29.67071833946202,40.04571515923047,55.61572006070795,52.46671813039761,39.29459672836452,30.0572269986832,25.347535600133114,21.548814869679603,21.86474187506031,20.43031702397198,18.352919445724055,21.390421700301715,27.326981302374037,33.30305921241965,44.61343383941569,61.73370394352121,79.97557338847429,77.80122531626016,67.05585490301513,62.15965482302824,59.629100810323614
2025-06-03,66.38029328279846,64.31786435883095,64.15146266035245,67.15730570294754,75.48515461909695,86.5954093504687,81.22745562165807,65.09441335814901,49.24284151264524,38.74860123169842,36.64606662928104,34.07960916910449,32.2639422762808,29.05597298497232,30.444586697291765,33.07481315482185,40.365912631942834,52.250913968776636,81.66944027790015,102.37813989195206,96.72478377402055,77.87740110691087,75.4475504814213,65.54987692635146
2025-06-04,75.98663424922887,74.27318707430085,73.76886894151828,77.78533951659493,83.64836330301384,94.69347196830448,73.53122155101205,52.448433039090226,35.63144132104803,26.14348549561602,26.950855294889173,24.69802571932162,23.403527004774446,22.839162399853322,24.449373317425916,29.040992061006598,41.97711045356871,58.55396598891854,80.41000897234505,106.8480861688498,103.85278385567713,88.48781817882323,86.13522551252014,77.47044788927346
2025-06-05,91.60814742728688,87.49821142667078,86.87734937296193,89.68570180502773,98.356721348373,108.28313199718748,94.34441010170808,70.78284120993123,49.36930270348078,33.92904763657494,31.17269308637789,28.52987754300873,26.094347066296912,24.46708724621695,25.754765084829195,28.91959938658431,43.103376650414894,68.33503865651177,99.39623814635569,124.13816476635617,118.96690158620706,104.64876286581335,97.04270733865027,93.21537333929685
2025-06-06,122.97643338196485,118.73148076647847,117.7665845118712,121.83523106434046,127.35549310303101,136.48043360770407,113.98172596674189,87.44280834350201,64.57498164337885,51.68078582969551,47.09071540300555,45.32214411137049,41.905729740660604,39.3154946323043,38.60534712138585,42.78015863035859,53.59614332872599,74.95583641580029,109.07944852524987,134.57941823133697,134.83305319779606,121.88271298404023,117.83760458985765,111.01435767343159
2025-06-07,98.0658017468379,94.69138881467026,93.30696208163194,94.85737546345858,96.0337553869444,93.60540825576612,77.81517786466854,49.47366693432534,26.661668939702103,15.159055840838072,9.848305145200023,8.147413488901663,3.311568912061375,2.174224593043043,2.083629355912805,4.386953529618367,14.017236883499223,44.17441586857433,80.73485285783579,109.2790754382556,113.90016232610924,100.12121325561219,92.08583738944976,83.25353853577583
2025-06-08,74.7000463667099,72.8321227824798,73.14728791799482,74.29276141422312,72.30408321744645,61.09693523987775,30.864844660312087,11.320719306608964,0.5700695185611409,1.6943813810546686,5.247573115214685,8.133261626746894,9.155479965282034,5.659656910040965,7.9713216937977265,10.242184345375243,8.23015104794652,20.173783580538426,52.7224560753163,90.64451204127668,93.66320572674142,81.87161589852133,69.62805666296619,63.366939994076205
2025-06-09,75.3902159478326,73.44891301652595,75.06671800307937,80.18479720720364,89.21429814560487,99.39319908540271,94.02279377414553,75.2509646465322,55.51391982335986,45.412223303877326,46.41227732131792,48.21357032157669,46.55786553472454,44.60785671319957,49.49099194568022,58.900768120516354,71.13772326387294,87.80947944221771,121.67226858942682,140.896527585241,126.37947428828832,108.15221489056638,104.92296548671086,96.5086838739403
2025-06-10,110.93867485418916,108.61078261277969,107.9873660598087,112.07420390837163,117.83069498272732,128.19550115010327,119.96782955829599,104.59670415720335,88.65908589798754,76.85359191097756,71.87106325492861,71.71187030932144,68.63041299841514,68.77514431158272,70.81743131076749,77.57171017628558,87.35712124387749,104.68407181513155,123.16357370008409,137.24420363978965,126.17432625002503,114.34463659388457,111.5716569885795,105.33972280243214
2025-06-11,104.49033561892189,104.73754229435062,104.70699832842121,107.85339036929001,113.09325547954846,122.07999263765818,115.50491585596994,97.46973631170746,85.31061938386262,68.9452852700271,55.14747458800038,50.36311524084945,47.52114315434247,43.67885485883329,47.547314486181456,55.44376770714699,64.86749551624803,83.30101101450784,100.3240469713705,115.14675275703863,113.8057607154933,107.83325837362275,100.33252053158482,92.68960768414422
2025-06-12,96.26793455973706,96.74310164560352,95.35423464686889,98.62327266669554,104.8502366548068,114.08284473358886,102.035663129045,79.96810300592188,54.38344259824552,35.66495788218462,31.98299866432017,25.192812218419398,22.78310239507323,21.221288997450458,26.195907851727107,35.005419985604696,53.209051467263386,82.5709995146652,111.28048645659536,133.18834707149637,133.13735788100155,123.44035992243697,121.56146298443683,112.05263901095131
2025-06-13,116.17064525715136,115.39122099451819,113.95669382345757,116.14685065057589,121.69824931330389,129.62891715183835,114.89081736236837,88.2824818770574,66.7970560768421,50.99497037661353,41.802672941373345,36.085633412280146,32.30838925804308,30.96613756563384,33.52456595440522,41.39636322234092,56.35604490320024,89.46190294483719,112.06650663034102,133.4741143669382,135.41120413215623,123.61796968626403,125.27501902337127,118.68367914348829
2025-06-14,105.02352119905697,104.685616615522,103.58264266002004,104.18903233120726,104.53433557393653,100.9831148922906,84.79020509637164,59.38434326306862,41.94916401491675,30.560499056364108,16.591019521754973,17.62998763581318,12.508804677941761,9.485444595863903,10.524233280615377,19.07495149816502,28.350504311859275,67.87455828160506,88.93310591702435,108.82061169012037,112.08489567421474,104.47118552065643,102.43482592998527,90.14196083736155
2025-06-15,57.84170860714745,56.534499836600396,54.48884598678235,54.715591844554496,52.44924671594104,39.72125562932397,10.107617570797515,-28.230641727427667,-39.415685736412286,-42.782200031390104,-43.05970231948801,-44.800823063240294,-43.98397453498895,-44.898816897346975,-43.45402084106557,-41.90089271431373,-36.836891930179064,3.882949891461436,47.144135990323235,76.07576631758093,83.43037378861595,70.07694991304152,66.44007269757043,48.112981111138495
2025-06-16,20.334798494571487,21.66905459077404,25.902688289929287,36.04475843481316,50.242099782794384,68.5501009350654,68.50479426757153,51.320739198905606,39.1081671867703,31.328523046412414,35.00840825483215,35.55891166356406,37.118806329426086,38.45628072589581,43.22735947835933,51.3496034917364,62.63668675214318,80.15300994957258,105.42326419004571,125.26317804325437,112.49605938737676,96.28850600997708,96.2795731271563,89.9316137960636
2025-06-17,117.75519055158821,113.04202127517527,112.49569044432089,114.06725271779784,122.69981487286037,129.44158269470717,123.62402870058457,104.89356918780895,87.83186286342531,71.80028260658415,66.34531905187143,61.58453660686937,60.22247863815291,60.08909802162216,66.63255360932247,79.45084446915315,95.41592911239384,109.15271068528149,131.77614251396244,156.1654329087983,144.28360117119615,128.81761491590265,125.39057838345741,117.54511712671291
2025-06-18,118.9491865657487,118.0230046140044,117.59077252655618,121.5407912068936,126.46124680829128,134.1273973614792,122.2014174218562,105.00196055690945,84.43597099669788,68.88210442659374,51.48962041203063,47.7798188326956,46.040893813223164,46.37409871699527,52.15539915881268,74.37450553151213,96.86309952948561,122.45565512437489,150.65149716500596,169.9804058496595,157.90216973212102,143.09819321711774,137.02264218602411,130.44963145190877
2025-06-19,125.31910224984725,125.86608265883362,124.5693556869027,123.86745303320478,128.40993626926831,133.0639621449796,126.03823642784076,108.29594815917187,90.62090356402449,72.82878636004868,63.797282428122685,61.43907868240155,61.17199620255638,60.99309545906516,66.15148734272802,76.09000267826018,96.02401685018515,120.5456437812295,140.17601239689148,163.18825842071533,154.69667669494342,143.25797281442715,139.836664026047,128.21477251209814
2025-06-20,123.37333372987717,124.08048372161889,121.85317685316991,124.71853399197843,128.5292012767304,137.66889500191473,123.28998320419242,104.57500072946608,88.40510617222638,71.76645472937551,65.71229705230814,61.789869423874386,59.65073770279852,60.90889877556482,65.49817082532127,80.59614804888116,99.95570690428704,119.69413013718457,135.0933578724896,157.56360723381323,153.98716388517875,140.8644955312522,136.99856434125996,129.0226830113034
2025-06-21,119.33140836377694,119.38499615927405,117.17025893826656,117.04618559798222,116.17866504991049,112.64037326714154,98.84842134068411,83.1967806346739,67.78628745627303,52.15104190390323,41.94809980069655,37.41704682683131,35.34686471913582,37.649935502983084,41.11430663896425,58.58537040401852,81.46312490820407,102.68084785622862,121.84840673178208,145.39339320382237,143.05553016482423,130.47407412022676,126.27346196473627,117.44371548630377
2025-06-22,114.10846700889394,111.47679803122087,109.92370167313322,107.4287057398928,106.44655608350845,94.55666297689315,77.98449472106373,55.43203677708587,35.67667129813128,23.11065603299616,9.886941105083856,10.341782108525607,11.722242808657683,13.068705951956701,16.79816527802489,33.209927855718284,56.215969807805955,82.6510929349875,106.81051342635288,125.09244707698322,132.13993657536685,121.40153786637768,112.05749332670572,108.39209917794754
2025-06-23,118.06823312222521,116.78723627354904,116.63859890651324,118.95883347425868,125.63082911655647,135.3877643609439,122.14835414425805,101.62074547371013,83.32642535179673,65.7199551037971,62.07146165860909,63.17170466149839,64.78029689351428,64.29339397338296,69.95090930081756,78.32047091022785,92.95374528571531,126.20777552471876,155.65474317864818,172.9211089788172,162.23613882176915,147.93916096404212,152.077447454902,140.33743642626328
2025-06-24,123.25127224260842,120.60654008996049,119.56498577656355,121.48385028623545,126.73389134819513,128.74026607921417,119.46861635949773,107.23464935774305,89.09324731470345,67.9260570973209,59.57862533167239,53.945749765061095,50.732118979247986,49.14274055472994,53.540501091711945,65.22903124765526,81.01122161891739,105.83758519462197,125.21719553772994,147.87068092287464,146.5139295454831,131.68642696911056,121.39291544550522,116.61834897410733
2025-06-25,113.97308134932796,113.15820239973749,112.59636144419079,114.81147076601164,123.0002224738765,128.29671306860513,119.48796271452093,98.59940302038844,73.66382227179072,47.27205262142756,32.67107490813128,23.62013627034584,17.50361520685935,13.151839904976725,14.599299931791116,35.482475243042515,67.41060432815519,95.39454591175519,118.61345046648732,141.73765884989083,144.3644306335617,130.18642803427068,127.03976723327011,118.77031778695739
2025-06-26,111.0811275370747,108.75156913228336,107.57935233437769,108.41534830207216,115.96678848578331,123.03821331024984,115.41834089261584,95.39751900039035,72.71801074437583,61.17309992396274,56.48530228475334,50.866066623969665,49.68951329293769,48.97570060448355,50.72726564012203,60.15114335510865,74.37615471566868,104.98795660032589,129.97150277866035,152.73750201734927,153.02614908634973,135.8480338081302,123.05239026400119,122.5986686513712
2025-06-27,107.92942212859555,107.3817624833334,107.51463377518184,108.10732186165714,115.09442585326556,122.54896418227666,112.21682641743377,92.88454883841744,74.72895310328508,62.527501991385236,54.807069888075866,46.694081635646484,43.91414416591203,42.10165423650139,40.99693885864275,51.87272135023145,72.25960864707727,97.42303574716206,117.72882156889762,140.71838665623332,140.6852000877431,124.18470773719437,118.33952332456099,110.16860990477646
2025-06-28,107.75446423693008,108.06064293249838,107.97156894046284,107.88937278097302,109.08476186070186,106.99552756420331,92.31057582281453,73.45251874500343,57.05234216036685,40.637303348601236,34.1811469664261,28.067829199030633,25.704935075990917,25.957942553723274,29.72331986641493,42.946821745397585,69.72434576721838,96.6680853848008,114.96607615533725,135.1988230578808,133.42953680487093,121.5699056461797,117.20832172154674,109.89600394731089
2025-06-29,103.5935372950152,104.35730309946604,104.58818377021755,103.98415200748074,103.48493143227374,96.27574298609235,74.28749056330798,40.40270674385921,21.830806269520103,3.8039790185688247,-0.0041711925264849015,0.2512535887109735,3.997248385828243,7.739887285932667,11.820012552202158,23.992958077019786,51.712899270757006,86.57115660043418,115.22858032220198,146.84480180191937,147.77045343099283,133.98102515716695,130.05455277566233,125.50515570638322
2025-06-30,112.56772132665697,111.68001368502408,111.49534478586862,113.4316777801981,120.70194261400496,127.16748200632071,121.42881690439233,98.50813924968152,82.70138570519607,68.84327590620032,64.90900893904741,61.494465383698866,62.436458750868965,64.38350829783064,67.95737192169119,77.36261417923224,93.34470411020693,117.35093570154443,134.85226248379672,158.6077026345556,156.68888880682383,139.5301323737417,139.5013063302358,133.5568167739317
2025-07-01,114.79206039313344,113.87980800382749,112.42431162152732,114.20583778381122,120.30156443012568,125.70696693847822,120.83874824518986,101.63250406975416,83.56950954295958,76.23740688116756,72.03491651899309,67.93638738832766,70.73987862044586,71.59068067477826,80.23640044093534,88.04308256109485,99.22999180475662,111.69321394187924,130.41064567574236,153.57064131698394,145.34720978185294,127.29055970024405,125.33370463568765,113.53611698659331
2025-07-02,114.2415931489453,113.7224886110382,112.20684548004252,113.91222411128516,117.32648995863089,127.22009079729807,119.45024654545878,103.90155539768733,84.23069079015661,71.97793922803457,68.81167299564211,66.4166692342985,62.880284932611325,60.7126890077061,64.69831970441973,72.57371858185142,88.49641044540557,100.70651710839121,116.80057189146986,138.1273451959019,130.72480656759984,113.05557394467955,110.39875398648091,98.77911900794625
2025-07-03,102.60082450221267,100.48318682811335,98.80243006054302,100.64991418149751,106.34471461972305,116.0160177477416,111.60552138990336,95.05347816353209,82.6441198273511,72.98469213424342,69.29686069781148,69.99472917617851,70.36511684577596,70.40282184356977,75.40607698921661,81.00583668257919,91.51196699890134,106.05661755837181,120.05304212301309,139.18472052885107,136.8136768271764,124.81867685546675,120.95549420059044,114.58310661225725
2025-07-04,102.67650566132042,101.36618801361739,100.97195400483854,101.36654557621212,108.07643856053143,115.92499568847143,110.34471858201744,88.6046860377655,80.26884380681902,71.0555939024398,68.11021403264758,64.5922151530183,64.23861359231559,64.44564137307121,70.76994820155954,82.02557819586139,92.69154968904752,106.38109096752873,119.3988189734523,140.39390155633743,140.61503384944467,128.74751242711147,120.39035042108439,118.09220892628471
2025-07-05,113.68161743855813,112.4020772649602,110.86586901193674,111.61545771272078,114.76113340953339,111.62774455208948,94.76345000529571,70.05457425147316,60.45910251627025,50.30769161470966,43.51252546054553,41.25595212281281,39.90750259918627,42.63298041238111,44.958309727891276,51.716260906923075,75.96159624757139,97.56037087905544,114.11321873246565,138.2463538623574,140.0581866800556,128.02278710851158,130.17793846565047,118.38547370420221
2025-07-06,99.47776496147446,97.11576886099827,94.26223290249781,93.30405787726714,93.47157722201966,88.19094705143141,65.66015135763524,33.6638474334055,5.124416471970264,-11.42500417039868,-16.39284868739348,-12.369432906019895,-10.021947004668192,-3.6548409923870935,0.8310094474458083,10.135342806857025,36.448623420763305,73.00507001033239,97.10294815860344,120.7927121904934,123.88231402220674,110.77049313530124,109.54215559873575,98.34787344356565
2025-07-07,91.0209588456664,89.36472999774587,87.92631520187659,89.41424487055657,95.97827460918809,103.78208360924242,99.89503058311824,76.7054756940604,56.146804469579244,46.20968180329688,43.350095975538984,41.994773859261855,40.281247015434204,38.613885812917346,40.711355757987945,41.74373137728203,51.502294819181415,71.37239618714368,98.62521014921717,113.57049653706912,108.89353279365508,100.74959472933251,90.82248588947475,83.65286093425343
2025-07-08,58.818714275108476,57.454049366691876,57.375652398822744,60.58100238430977,69.69651941184404,80.0803367735117,77.7675007472738,50.86010285506027,34.63529702459099,23.824176019742396,26.686011399720783,22.227355201324997,19.178816583954962,17.734078503028208,18.181801730556145,27.098007669257576,35.688681145998366,62.98468338887722,89.68487986684603,110.43396042455677,108.0518778107801,93.3066343168644,87.2899111402213,81.66777987784984
2025-07-09,100.23225636795861,99.78594986761654,102.52728355860702,107.5392658337012,116.82178229569419,122.6178233148684,117.92732130485352,89.52106469481441,70.1545258627018,56.133618209263986,54.26577574834466,49.70077789279759,47.394259633605856,44.281951752336106,46.48075758339901,57.41577897177018,72.69472463918467,93.6323767202482,121.78992539228851,137.77805325094948,136.04464182281131,126.73696547257501,122.35401493190342,122.80005069649809
2025-07-10,112.70230545470002,113.52887936419769,113.0982155724597,113.8339731757918,119.02181202515105,124.98334612550825,116.57154397671701,95.72087552842454,74.08201045241893,60.18797865322654,53.7132870526276,48.14408064564659,47.28479058831304,46.05539020399256,52.170599544525764,60.46664352034256,70.93564384420785,96.24151938803743,119.49893251905587,140.90997271435722,139.26303100695307,124.28509735350292,117.94292342149836,111.86058154519874
2025-07-11,111.20541761689047,110.82415173758923,109.75289454251029,112.9258801988596,119.05509709003995,126.42359882756293,116.7268126954039,95.7701686113244,83.79988146151669,73.33149873324422,74.49266017786454,71.28389939365914,70.30422529006559,67.96579451340091,68.14592560993061,69.23480258712455,74.7596472034458,91.62351697353101,110.31376122177271,136.47111519094216,139.57564371731885,123.03405564633064,120.59665404705785,113.96544727332164
2025-07-12,111.5093437591855,108.22744913603903,107.16864852639209,106.39859381150615,107.05964688444601,107.9336099358041,90.94000793798725,64.90689273135327,55.78205265528392,47.94538306235319,43.15328083174637,38.88466709187669,37.273321619365234,34.9670935022978,35.82418011767788,44.88062472034074,64.66612359930636,90.91954918204158,111.57936364222189,134.72458202121655,139.80503511174226,127.58368217181034,126.85643301134063,118.25686206976616
2025-07-13,110.98381408890279,107.12366411683125,105.26871102303012,100.60829309599134,100.78228510212077,97.1074266146216,74.54232970099514,33.92706077555762,18.233740006838815,3.252767066168417,-7.404138974992044,-6.166036972105957,-5.014752002622949,-4.954058779449035,-2.7595876987931476,8.4214066413139,25.875825673647277,56.51215140661933,96.89127396612515,123.0217291003097,132.3213947752605,121.56630215422888,119.0719992331553,111.88195860556797
2025-07-14,109.10533467255708,108.5495330892568,107.1393446028496,111.41530913707622,117.08268065824926,124.57508509100106,115.47916671120629,89.41682746322327,66.14552048608128,53.797439086505804,51.26248411653723,41.98695677993973,40.1905291134616,37.55175558550725,39.18407505657862,47.01558470945059,63.09315609538475,85.87944076017244,114.12024585319107,132.609072138689,130.45661687007438,118.17176485130841,116.56955105510804,107.62331104027689
2025-07-15,107.5873041047715,107.06735479326981,107.21193216660313,109.72877671759623,117.09668170600874,121.76591406408942,110.90417937842885,83.75714224195791,66.68117184140206,52.75828613072544,51.67208865224136,47.4800642192985,44.31505685635574,40.796792574883966,40.840992301561364,50.43927526933274,58.471139060300445,81.44016888963212,111.74934940738059,128.28784626867517,128.7935440039711,117.06943323898673,112.33693663434319,103.95356208671413
2025-07-16,104.89031451435918,106.07432646058948,108.38899526533946,111.44389703608914,119.54876776018182,127.97080106078702,115.40072601457325,90.48866909442566,63.18292131998767,49.280484374388806,42.57201772122999,36.22405384786634,34.44383037380265,32.07683086931783,36.409469844471715,47.66627062252036,65.9189688712944,94.48490719093039,121.54307321032125,145.77415074816008,144.7952575449151,129.9044120491411,125.74664116477388,121.38526313531767
2025-07-17,111.86950930559277,111.46671850346456,111.32722142442584,113.12810009521291,120.04664748808413,128.94734852465953,118.31832926080827,100.52096922091145,77.77918030397839,67.47581294185859,69.0083312924612,60.08766818919443,56.8557377949106,56.588714854984985,59.76650179741904,64.74972558590264,74.0399110399931,95.41241795794592,118.2031306277532,145.99653646188926,143.52356538046675,123.15812960520796,115.47956334793965,109.36627233619154
2025-07-18,104.66136849003055,104.25043556724047,103.03918115779418,105.72346462146072,111.63068243102164,118.06357368815588,113.60263855854038,99.17934916036596,83.34277932324055,76.14550484935526,72.51813886159125,68.81829645282772,65.84581291329764,66.76807490572676,66.14647583946584,69.21608932642151,74.434728702351,87.52758941736847,102.80567918379789,118.687810672899,120.79352436491881,110.22122837641135,103.21975189311192,91.44231320406672
2025-07-19,92.07963844235763,89.80402332008886,88.89217485184632,87.66699541614759,88.51321574421573,88.53851687579578,75.76609151247035,47.937788269856405,38.75537443507415,30.94870826371183,22.489499462865005,23.430375681617342,22.313669403347568,23.792078386530594,25.151852883429246,30.114034502131638,44.08687835568086,64.51796393445454,89.69517525001072,111.18691723525579,115.11403566665558,105.91717464978748,97.50582591365766,86.69755800200721
2025-07-20,39.48719029135288,38.74128292623221,36.81445998141289,36.87289297908636,37.24172654060547,31.652306317880573,-6.240545172151101,-58.951314858518515,-76.15394410679136,-63.092936001952,-65.5567566783358,-61.3285643389433,-58.04250825717281,-56.14997914592834,-57.63965270586948,-51.75306537541776,-31.39534256274628,12.689185344622189,55.548788257814024,92.79757898797422,100.10942938754462,82.38748939336242,79.1995600978693,69.63436892581994
2025-07-21,50.575221339711085,51.73417691134555,53.066909641675515,59.33805474765079,69.82951903507626,80.76303497823784,78.08324497354171,52.10251971630785,42.981377204797425,34.69451259683829,32.942113498992775,30.59301388026939,29.42086288180797,30.728193556825115,33.9683882279473,39.78570418213272,51.7245445913608,69.58359217302771,98.70890159087219,125.21353465324385,119.81586728902644,105.11604710508412,103.91294642491862,97.20874238579054
2025-07-22,106.40637412118366,102.48124471610534,101.1488197737088,102.83931429855231,111.43536705580308,123.97873529187666,111.50632785474123,82.7310152796729,57.188341196456925,43.45939640351504,49.94455667737604,42.859397349331374,37.907845467414475,37.96977023987465,37.43206657418109,39.350023999267734,55.33957587032557,81.94063165361894,117.98990779101,146.22057084761278,141.05383867637255,118.37044650768706,112.59368351404895,106.14779849885275
2025-07-23,101.59347009346047,100.45577591663103,99.15708091004139,100.62161846363928,108.13552324150312,118.08058674692268,110.92323547097496,89.0524086378686,68.40358414459371,54.71366775729433,46.95441742209867,44.06289017897702,41.12946957266347,40.918070238833664,41.428724563875406,47.00119062237127,61.145870078405316,84.94663080065214,108.20876846935091,125.06650619503525,117.53008492367017,102.18024240753265,95.92897746364507,88.17526890455774
2025-07-24,80.45441154121714,77.62937545897867,75.34019092760515,76.32632832602907,81.93849987663097,88.72947798907268,88.56995724178071,74.70922187775578,57.52763287532821,52.42373164530048,54.263672486455995,52.65809829221641,46.14531717047979,46.650258513950426,46.016626055219874,45.466688030980734,45.021631830381885,63.45458861847671,85.61348157083715,97.18890551241813,96.59237838909725,88.73473905960293,77.92360167557183,70.06285151378951
2025-07-25,62.274219706970975,59.24892536954253,58.42581496515518,60.749205596216754,67.95554086134226,70.16437553640527,51.19752204972342,27.70841991682829,19.33970652595748,14.476809258831501,18.076424891734042,16.866805949189406,12.25861627854107,5.515460074810342,1.6546348486167801,4.923627948007976,7.673420817513488,32.43422898572331,58.85167140870527,79.56185113786559,85.57308060799689,77.74873381846076,73.83916007444921,65.97495778565406
2025-07-26,72.09415913873498,70.18207089962245,70.26489708902247,73.08394555553636,77.46040567119164,75.16576078398978,55.54506575026374,26.91459328636887,13.343265821529144,5.615799767127783,-0.8349795265287341,1.0116698023576376,2.990803006505601,-1.695853534302067,-5.873994321133395,-1.9636226479144483,3.2073180697172887,34.21042771968838,71.05151694316737,98.84680438741088,99.79145216593653,87.91323872345822,86.89440786040754,77.6454153819802
2025-07-27,57.64137128250723,55.442199726916854,53.84154081072921,55.88612652175986,57.85880709812396,50.49755602850163,16.02392154607726,-12.250770280220891,-22.698114842415265,-24.595084929884962,-19.521941554700014,-21.973315936007523,-22.765680859251972,-26.153263580984472,-28.775691699438887,-28.524584775187762,-21.982505791293462,3.2439228476059156,52.0042482508664,85.41466150489362,92.84711603572156,76.19004170933589,69.93881685383478,59.82705003650281
2025-07-28,50.721329760430415,45.28555256328201,42.16609403368756,45.49051792704927,55.59324197109784,67.51213803169836,60.221401087339146,36.18050329427443,26.396369575319568,14.627726667693302,12.992728054312458,15.52951133010253,14.149346107439428,13.275483465092648,15.056445381035644,14.939490984988488,20.830623104617167,35.052942105689525,64.38557669748633,90.11293786565665,87.36204017253615,70.81279582632239,69.40760464647165,57.8390154124219
2025-07-29,32.87608769660626,29.12720798486125,25.64799222578052,29.695606043064615,41.25250894504277,56.93760788804951,46.0651869155358,19.534287465699705,0.5648229420191058,-1.248043898308822,-3.7877935493930153,1.2226390080024245,0.06965998216484337,-1.9424488442668277,-2.564294311449629,-4.165730766819408,2.5668113585293355,22.288789905429397,56.11973873537708,82.07740594860539,80.91509330497635,61.967247145368134,59.18638083845765,50.24432632523366
2025-07-30,46.65649912560015,43.907205786552524,43.233360821362275,46.81076079462918,58.25600539842878,71.48760910103364,63.777924899488404,41.77488745664221,28.36782055572587,24.354139972841317,20.8836641635627,23.231983617476708,22.611898871949546,17.623604127375557,17.006603034239603,18.953585496064598,21.633135343126305,40.604558474970844,72.53082871055446,97.73071703665717,92.09391985205818,72.79968372553614,70.26356645983003,60.814194017958
2025-07-31,72.35218068816984,68.4576418383858,67.24993977903365,71.04895223917653,79.31730417618512,90.18845649629418,78.38172855365966,49.314911781444,28.915434965217635,18.137559580257694,14.258310704808792,16.698027072706502,15.989732199712492,14.745579141953066,16.502330384447696,17.309040690177014,29.583719931380287,54.962589539287464,83.08417336544865,107.58312644041801,100.66806480164338,86.64653985327233,82.10108883258673,75.94248425370961
2025-08-01,87.48757781159637,85.3161335051555,82.90706477664075,85.64156223165315,94.4662169862261,106.65739625264908,100.09245648633602,73.6844636952703,55.68326036448648,45.499597733828196,41.05130146422251,40.89575810611718,38.206296507777765,37.565666609071855,36.421378899325276,40.82051698800832,51.54159966027644,73.81016866180764,98.02762375113207,111.08802988008833,107.09272689492379,95.60842458660368,88.10073896717772,80.54683380413755
2025-08-02,70.8776572922423,66.7473730617599,63.91075528261264,65.4521499224477,69.09656508754264,69.3820812584583,49.6756259169609,18.53721360714958,2.8983926723781224,-4.730470597181338,-13.423169889377142,-13.216085390351793,-17.80841366743993,-16.584979185638716,-14.887445573026874,-14.011488448911166,5.584997636342834,39.080399678175894,68.14725840551549,85.75367380322726,89.29274586173554,81.10511295200926,73.26868011730758,62.441486600189606
2025-08-03,62.737451015702625,58.25186931259377,56.55754330862746,58.71861831341184,62.81515490340027,56.41952169465383,38.38973378214342,9.085708493525289,-6.9305398741975495,-4.221709128955112,0.9763394003320016,4.888764101082408,4.500526180800598,3.2326011992093555,4.3240206232796865,5.612454096171696,16.430704576019274,39.83163763912702,75.84811385717157,100.72093527228427,102.68131360831077,89.47672214533634,86.10977026085942,77.84931284212334
2025-08-04,76.2742734920221,76.78108101978225,77.55042221491105,83.25354940115079,92.5936887142397,105.03890970954716,101.29668733294612,77.04421927400924,54.152174630422465,43.90645460235973,38.846171902456085,38.0728126268167,37.439126503589264,36.809403984664144,38.54677711991393,46.77054713974018,65.56246148971925,90.61790751592842,120.60431606903721,138.33862333214125,127.69485102742092,108.83837076084083,106.13326401682755,93.99548166895147
2025-08-05,101.53792574703162,95.43307722612627,92.53717686626713,91.75010035919932,99.0042884464044,108.38812706422061,92.01352674562773,62.13738738993995,35.877919527636756,16.613029150264104,3.233955004209278,6.53082745452582,7.993853179673181,7.698012037283533,11.309361082740267,19.697887125772,34.89652307622051,63.52390950404276,96.25796543555802,120.88235122196158,113.4106770691295,98.0628595768896,89.31152717806602,81.09539610247973
2025-08-06,73.37556561582682,76.60561154703858,78.34709623135872,84.68832985036141,92.18627001528402,101.83103749429034,89.75530311256323,59.87542464085688,36.287687765989276,26.71646176231826,22.12474085045917,22.073936754508615,16.78502093519564,16.187657352917206,17.250870343492053,26.307990356586565,41.987969650249276,77.85805055267386,110.8307658679345,135.26473577913953,127.36824825529715,111.49253240900251,106.67866415510522,106.6708844704605
2025-08-07,105.4019899824595,105.9967695673012,104.88680768679717,105.60508992926648,112.07111624504299,117.58465203343144,109.22402268577122,83.30369248938912,60.49608936883509,44.45006525666511,45.063938695106955,42.965394194511596,42.239663518145505,37.60897458332586,40.60142194409966,52.92230607980897,62.43009197364496,92.77215465649392,119.55667262171866,143.59787346498973,133.74254812835179,115.67764648684852,107.59752534599299,105.11378979767751
2025-08-08,101.00389747025221,102.21972944746231,101.45751408502483,104.50001749421884,110.76098584907551,115.89619349151153,108.41291964293873,86.87368340067155,65.83286063178802,51.99805091343397,48.59458600225279,45.700686168011885,42.660062050815036,40.77490406390648,42.72533374132249,52.719918504485406,67.86561682116387,92.44626146908891,114.60835811805104,133.41305860270052,126.28374268466325,116.25929570044327,114.03370891602664,109.58191714413921
2025-08-09,100.57993131757182,100.62133764225156,99.32035070980584,98.11754862509228,99.23330115138823,94.02579265706461,78.81058670080255,46.86152905442445,26.00941052551297,5.584492549805667,1.90247298312633,-3.2624018518146727,-4.866525625926698,-5.6900411792893735,-2.09694323515712,16.04623993189712,32.135194915019405,67.39428490447321,93.56633057509683,111.55945947023974,106.610647893254,100.22297488573817,90.33266380475504,85.70444394579044
2025-08-10,82.74331301040326,82.91118608974388,81.44292713865214,83.5296857898575,85.88943739051399,78.39005588291666,59.62978864255342,28.17791304455986,6.997126725888364,-1.6436410977106704,1.1942872290656723,1.5297903623292584,4.024428538359295,3.4409787087513877,6.665760389628801,19.893321112526465,37.63215418198673,71.44297418220707,102.94777773565514,124.36022205217029,121.39254272051161,112.2788440267299,105.0342579699523,99.86991011208569
2025-08-11,96.21851883649711,96.16025301815067,96.35388457380856,100.66855989263443,108.18408093618555,116.44018892002086,108.54956267742192,81.04623299990251,57.276435946327176,46.26202770921819,49.854443050183974,47.29117354217532,49.09571617425866,49.04660438351667,51.488499960900796,62.830776187898124,75.85025284723858,107.73537832414517,130.8650169920668,157.17328808762167,142.69393313293904,125.40123580495143,126.43221628323053,123.70697760920017
2025-08-12,98.25197540664192,97.98032964363998,97.43375177339044,99.92088696325726,105.44213986473244,108.45159067142171,106.70992690583977,71.53812429797509,54.01999515698888,38.75493027390424,31.63452873195761,31.17534918057627,31.53493044161338,34.99402822076867,46.89621731817546,62.19513948650683,80.99748603756775,105.73089949640652,129.1235334841425,143.90176399650832,131.38566780941392,115.80352065901033,111.91747784311045,103.12400924139925
2025-08-13,104.3883717133498,103.86244722090731,101.63802637814909,101.67109068201681,107.69068821312524,115.55893224353339,113.53035873557116,92.09508007417507,72.46773505901939,56.46867806594068,52.84428558333106,52.392829005647535,54.68208958475956,55.87180301600818,67.97175117202987,83.92927800484364,94.17848863573008,108.96720451540527,131.44192088581,141.0069003887423,129.8185207027026,117.70392052135674,111.0095593988241,110.1544367071551
2025-08-14,110.22960826854377,107.10531915362589,103.19838416813086,103.68041533057756,109.43149610503832,115.88935255111949,112.00197007081736,87.57862920832261,68.72347033370313,61.92698961373229,60.60586578828856,60.85525138478824,62.9847918548295,65.3075285120712,72.38917732746205,80.98642244140967,91.52890482323293,105.68757204053715,132.2277987495484,138.3045103368676,125.64617722022915,115.90613808135734,106.66256284587337,98.28819869733627
2025-08-15,100.94712918293902,98.31943265355254,96.35938518401079,96.83711368509859,97.69546786706879,95.41390753132725,83.45454695187064,57.990751728297155,37.64510881790351,22.118783225398808,18.210582939446013,16.7463992945285,20.882581651863223,23.42731921249065,30.27083003533914,46.61194324235464,74.48122120302483,99.40611605545068,129.1341714848628,144.822366577437,136.9085079133976,126.06013313113615,125.87131326416456,116.07509265893484
2025-08-16,109.76965269116903,107.98182615730838,107.14973370357168,106.94527891279913,109.2228657710204,106.0862971247139,93.30806651327381,63.41965004021956,43.838821275465875,24.578669608960034,14.164806646939276,12.41661449697105,12.76751622180145,19.711785911414154,30.136332877509496,45.327199468646214,69.81008667702551,103.50370288649793,126.54861617452548,147.80860191189052,135.80134889536117,127.57906641202928,128.3450728539053,121.75288613559837
2025-08-17,108.36399969263238,106.57561846229666,104.74421105229794,103.62246463901104,104.3086095777149,95.54100168831319,80.82392708487835,52.208159055946254,28.499973940194735,7.569071823083718,1.1832624931119682,-0.25077630178318344,4.465172014780308,9.931833860955237,18.944157985772634,36.912484582990174,66.04752047155037,100.91635708968087,125.09531293921155,150.4524981279522,141.69228257725874,127.51398388221843,124.61759638054698,129.56047339033012
2025-08-18,100.88534042425003,98.59572166884436,96.05675223797512,97.62372454122163,104.44147130661739,115.85593960381173,117.5259301460986,95.67955063454943,75.06566778132235,62.87507036646315,56.3104076967621,54.56700071274313,56.31934960490247,56.80656543125071,68.57430918989046,76.6200850577597,93.16066815821246,111.06474221547015,128.4219960858464,138.60164459136965,123.04122260310294,112.04771427781593,106.27637179456143,93.5664868259372
2025-08-19,96.93530039949505,95.15025186062265,92.93004586538459,95.43780572703115,102.54077574543962,107.32940179364255,101.80423355794782,81.03229033155105,64.33086407334048,54.110795802213694,50.40491967526444,46.56506473138629,44.46648584034267,39.207783160396914,42.53286882919918,49.00601155959732,62.63805654078922,87.55780416900208,109.71257106685584,118.93463344453548,112.46863238343495,105.52064865821336,97.98265582440374,81.19871248500647
2025-08-20,83.54877223407107,81.72506065383338,79.6895208817865,82.29860385197162,89.8325015776829,98.94876815346925,94.33006446120217,74.52615481561865,57.23933605858778,48.992467897998885,50.59422183928734,45.821388055906226,43.39572235927756,39.8216713697564,42.38352809137477,50.886917037260645,64.0709072123635,83.52115518202578,103.06366236172573,117.02967252394869,109.5866855911439,101.12247456495994,95.66346338830294,86.57469187182288
2025-08-21,85.60419843143498,83.94533502911804,82.49559010400536,85.01615072221583,92.18044750460419,98.73818244091233,87.28807917860874,62.989017493423944,42.30234073035566,30.949106378216896,26.738264475855615,25.210880176101067,25.15142942921155,20.600112552367378,20.587349889978395,28.191317673925703,45.58889651522565,74.78473777773554,93.53771842287553,108.24140133477611,101.52080190396433,91.35152477325443,89.2901374641215,83.09037883594893
2025-08-22,68.28568778170484,67.9326736948861,66.79418814306786,68.31025184519453,75.54099762856532,85.54740226703193,76.5037605771903,41.9724872741242,22.179502022724982,20.540765853674323,26.563440160881925,25.34029951305852,22.85534706638339,18.213899747058875,18.064038865989396,17.69018934837046,30.88781338129303,58.815213263354366,79.1108685530217,88.50336156704307,85.42164017274705,83.05678167271031,84.63340592331627,78.13300881089093
2025-08-23,85.72671685394867,85.02747296216042,84.88448466042044,86.1186096346252,92.15105249613431,94.83298485480464,86.60592917917617,58.8199782713221,28.767716536959746,20.84547772392552,17.479787579811784,17.245718342526217,15.313640756265642,12.351853346569719,16.96670453444593,25.779819093540667,46.440059458213625,87.91889063339663,113.90922704908182,125.54592728710662,116.59476146677711,109.06606602801469,110.31755147594349,104.28941873082597
2025-08-24,96.61465262312556,92.86899650542432,89.52722203390742,89.47905736387176,93.28450900545408,90.61739434944927,81.36116787543378,53.342158903200605,25.848353100598707,13.07349783602114,10.223419811384112,7.933573739019565,8.948945848831428,12.163940305281365,19.72441790065771,33.33912421534423,56.05302748928068,89.58876627783306,112.6657613806519,121.96076982744395,112.27458859767572,106.12035318794572,104.58704156682602,96.14557210384439
2025-08-25,104.39844489957275,102.66285755498161,101.56726943396697,104.56936062925979,114.50600970336959,125.69016116648609,130.8354653148584,117.12109724927632,93.36681758953947,77.24827018915911,70.87266020469677,63.62649813527076,59.27399343199278,56.92490674009973,58.47118031424829,74.59939946749016,92.08762375762002,115.5353612035403,131.91190373308996,136.10888804571604,122.34991022958641,118.4395509584646,115.66100051385742,108.7439288952522
2025-08-26,100.11608918491828,100.43114308279755,100.18563121046022,102.46431624102203,111.21705107284778,116.87623808229404,116.11731584616453,100.46234654920096,75.09347220780508,59.926312485248154,54.29499395046207,48.40367124967416,44.123714921461655,42.52630845524353,53.102370137976045,68.31416051142118,83.20142701819366,109.74512098818124,127.25548879160777,135.05862856456866,122.17875168631413,113.52740934662765,109.94947191402363,102.90020795355804
2025-08-27,99.71378357896994,99.53226886453326,98.74825676345964,101.001660858411,107.57860703658535,114.90236464250994,113.4904772951602,95.84611330574009,73.5027900994272,61.21818978068542,55.668683813135516,54.15877528235258,54.871653825505625,52.8368576770731,58.07938472101131,65.9486231105238,76.1133383695074,96.52878815921855,109.69185943269855,118.62889795437881,107.7464335416219,101.24420586917431,95.78540779827162,88.5197215359806
2025-08-28,84.85175760494027,81.11377386721271,75.99131117360189,77.11227117315866,83.1397222251078,93.60458524743596,88.83124357545017,65.08407961374346,42.96167130130033,32.09246756598733,28.233966134729705,26.141225139175656,23.828832761926186,21.76373926853625,22.055325055082438,26.53751719564793,44.53178228861504,73.81982567188248,96.8075288551659,112.29941576591695,105.14139672980387,95.70331887678908,90.50111286123372,84.86674017095936
2025-08-29,75.76270572410931,72.10858220680187,68.89478330695378,69.5980837519089,76.70496946094337,86.62219226352985,82.90482646717062,51.42734894749264,28.378416773776927,16.534454364730543,6.869982926783855,5.714480061972694,-0.039049068732509795,-6.400657261345202,-6.62147699459571,-0.9083707339164988,20.214880193729158,63.03114879931163,94.3118611228653,111.94542095666773,106.65833963933598,97.16653872351502,94.91485490133756,88.94941414651821
2025-08-30,82.13907007985696,77.9544621347513,76.8278432288343,77.4280363219101,81.636724962556,84.08498136325223,73.73537747616612,41.15113700464373,15.148187654659843,3.839616634635277,-1.3952025673896529,-2.620177484467085,-6.008688280458905,-9.989662544141872,-8.215717066858602,0.12423882743424741,23.78376713756144,68.47349323881114,100.54724293765261,118.49333635197901,108.27597604871352,99.0599179424445,93.86631530213941,86.93533151757273
2025-08-31,72.35272469186235,70.25296890392141,66.65272873330275,66.68679346024562,68.79988438370651,70.01155742065151,52.57015033022096,10.458179287116891,-19.668454485155024,-26.587699983667505,-27.128707496458745,-26.79466513903676,-26.934927945397867,-30.027989714740222,-31.71204453977751,-31.285744292375206,-15.851347944977434,23.094585784627952,57.643113830986486,77.1530986399892,74.94484064498396,66.92888135490311,58.30621959219855,47.13620965661996
2025-09-01,16.995281646297485,15.064792624505984,10.97922777177557,21.40089884407856,37.57966353479914,60.68628480363975,62.1778004285147,34.80166756284892,12.123985167696823,5.05380962834429,9.726246223465772,7.6691652412743565,6.940662035791327,2.6347603108295203,4.587099060052346,9.805630936251482,21.331099400706016,48.99294968671951,89.4972550392396,109.63916614606896,95.95722446580574,82.45141180987133,80.92475405737667,72.99961408626919
2025-09-02,91.06478515225112,85.19255093119253,82.59433516980704,82.98671479797434,93.39721776110046,103.19305885633055,100.31434326667797,69.03027243174749,41.58195512467878,33.11645024381248,31.347049811713234,28.866928225138057,25.557922811960623,22.17871172194046,25.027908020157238,33.682965815230574,50.93706090218695,86.20504489840795,114.92615032531599,127.65448689865195,115.6470947359707,102.03711376722404,97.31100433395454,90.65640272566262
2025-09-03,90.33613910669807,85.47673335322712,81.31104506112135,81.2809039641407,88.34030582307052,101.09118254229136,96.09812500685128,66.16144659211952,37.29143522508865,27.483221826241675,16.148610789352844,16.080149445824397,20.14033552075048,14.228325556291932,16.904938129345954,31.170215939483175,49.77161524294634,85.87601373376773,113.99831747901966,133.35225805619098,113.90439903534873,102.35547934895017,98.34759242988589,90.82053267395438
2025-09-04,81.56561637889202,78.09207443523648,76.23634315092905,78.57627567963544,86.40314378468621,101.85601659801335,100.59184532123535,63.91881029950369,35.4076163669405,27.39395981446009,20.364222294390387,20.4200461712794,18.657021597527677,14.061516220654045,16.977329917317174,25.079775369929543,40.98433424864462,82.21909491416947,113.10222478082717,130.33998200093512,108.38860539290496,96.5185212900132,91.3512509059225,84.64241595974454
2025-09-05,74.93824421902772,70.45125371575666,68.27187998257915,71.01469243216746,79.63541268171458,90.3541088555257,90.25034692850058,58.962489011221095,36.42124773787207,28.903260351890175,23.018946813797854,20.019789342340374,20.128093102250517,15.762457626221149,18.077621740038836,21.111498779981744,31.254280200035588,63.66851523450854,88.69972431581967,97.58673368576396,84.26649080580063,78.27881872721349,73.62264088011918,67.04655153990578
2025-09-06,51.176956486256195,48.547259335685744,44.70577990674135,46.01173047354328,46.6523102237589,45.8940192246969,45.351647297008974,12.718860815304225,-8.177043984055388,-26.71476217288916,-32.548970675611045,-34.81421740433196,-38.48415125166571,-39.66018176096841,-35.40951338714729,-29.308572813435674,-10.921887250083032,35.99760918927507,61.295380462179885,65.89989853203434,56.17082967715983,54.05827297149053,46.71656657157509,36.75208306541266
2025-09-07,8.416694798381627,8.542792683116659,11.221876086767637,16.880810380988848,26.717276644083164,26.975809848408332,29.04638731345655,15.448162073284323,0.2843507233446587,-1.8272442711342833,0.2359437623106686,-0.45095446781092363,7.544166303596029,6.8091581274173265,9.876052984857445,24.281468007634373,48.45182962728356,75.06927235073992,102.78527675709827,116.52329140714197,99.40218707148502,82.96839626477352,81.59459351505468,76.42444611666718
2025-09-08,88.94578946328984,86.17331170057557,82.73714705752931,84.86765144722823,94.74816510704247,108.2340735016861,111.07597132978195,95.43865050057278,72.9869405753548,57.28676894190765,49.4728464025596,45.92630190118312,43.901576750735074,40.45654777822358,41.430768260300724,46.4039924011795,63.3954721220726,90.15547094908179,110.46444563194405,113.00942358396593,96.60342452776173,88.82837920648116,88.52984262876991,82.67106046855854
2025-09-09,60.40851932937487,59.67242170453657,57.75975495046474,60.90716893158598,70.48702146831394,90.32258158962901,89.77085206799312,66.72782315617579,42.441513533749664,30.576712902911325,20.940124086115645,14.639128630509141,12.414938513614224,14.13578044008035,11.008260400666671,19.17566654413458,47.70793682107106,78.79503581446113,103.74755679582807,111.7387365719841,95.63129341178762,83.4699903467717,80.97592143990946,73.8416497132756
2025-09-10,76.3885171577574,73.4561946088578,68.79066937091194,69.5069550911907,78.76899714431998,95.27658980979267,94.7078101147971,63.56727081196189,36.900118687403804,18.738404845422842,14.898768864488517,11.303112123058071,10.542015113878811,7.749846161615459,12.712407679262718,23.173825927608505,48.29350414712591,84.04403650663976,108.66726010733407,116.99675641032142,100.21567776673912,86.68622467609632,82.05741641865704,76.64844532677168
2025-09-11,75.65659018102401,71.75190373669015,70.37344219944106,72.40965745845338,81.00195586515096,94.01500229427417,89.66439421980736,55.288167851558896,24.24374566329336,12.743021104472746,4.512825962305925,2.500686802727543,2.7867399698295543,1.036537438788642,1.9740207729906771,12.341830727385371,39.73219237992484,83.92908099485706,117.36340931227788,130.6375745461768,112.73682351239682,101.18421358425248,102.08434256324898,97.25899623252162
2025-09-12,93.36526430523148,91.0683479913371,89.58915420513017,91.42543795243148,100.86410667393548,117.49953599220157,113.60714121655771,88.28605739255475,52.7612605451591,41.229577335676126,34.74663219567432,30.59227998072795,24.578858944955243,22.04196955934934,22.204958851544454,30.66157842013312,52.33463926510291,97.70823369906948,121.49614444180698,132.05454699467717,110.08457312886019,99.22200937020763,97.61190919429143,91.83214641098373
2025-09-13,95.51933100285032,93.36905993560367,92.34025664255603,92.41886041355156,96.24909036903868,99.11977814039184,93.6147133112954,72.30513086450735,36.58171545690872,20.717483499700975,9.278569937972783,5.40619606726338,1.7804680411829494,0.06027770558765866,0.5932778358849617,8.964624832727239,35.61269487322502,84.56269093769218,111.74111481358977,115.86937346208894,99.00286051469946,95.5135294542633,90.04553858501589,83.83325369387205
2025-09-14,65.38980400855374,64.80651418511269,63.91416642179804,64.67857905082737,66.46910706931368,68.82311705350341,59.4660969726013,31.729053070885556,-1.6648394087028322,-10.197780288458986,-9.476354323943724,-10.512184433272601,-8.587665509559919,-10.076505208450982,-10.617678833030041,-1.1847400610636782,27.226976160917687,73.65474097362574,100.80900500914052,113.94481041555844,99.81864855431925,87.57813766338754,80.08541172054808,73.22153305092213
2025-09-15,92.50942295747502,89.48881621833526,87.73672742806367,91.46029315532303,104.9397008310351,120.2855449044045,121.3968883041811,96.58022607227025,65.15578777310787,55.73086989972225,52.91439738039185,48.37736553373572,45.30869971062453,41.60126111852457,42.63364629424571,47.94880606596111,61.927897307361576,96.13326071772674,117.87208104952697,121.53481215028309,101.10615013994722,94.29358310846997,91.86799150494419,85.63517653229782
2025-09-16,76.45445025246177,75.41531442416454,75.36326306202999,79.67404118830984,90.7696346444241,107.38853831853774,108.44175765989823,83.12959015990633,47.40695148987341,36.241357885281346,30.637294013486798,27.603077122222636,26.264018971406898,25.868507642928165,29.383891279859288,39.894752849368224,64.51195007367858,109.81465872144015,132.88916253115815,138.77531082127507,118.78895888038458,106.11366842398137,104.4851234658229,99.71950556663604
2025-09-17,102.62168463068792,103.42481215382028,102.46990737331637,102.38510803341546,112.18511955656383,126.09958640865882,127.93613500008634,101.67384022925275,63.351545157582,44.42923452087206,39.57341804257946,38.441297124108566,37.62522287130077,37.21479481560985,43.88876294701765,56.24262292965825,82.10725753343094,122.06413012784634,145.85639858202583,154.66762912832806,120.53014253988789,112.86107764659911,110.5371985114349,107.18173273312777
2025-09-18,103.3108231989829,103.6723420493162,103.4540147179439,104.59714958437723,113.2467136548166,124.90477288401449,127.09867545485727,97.7732784018229,57.25710927497785,39.682990800477754,33.4031695401096,31.257662324689583,31.44006375616953,30.217370033294248,34.211245222930536,48.844616324751996,77.99145097598856,117.46849342784935,140.68747740629496,150.15720968613456,116.3842604581728,107.31651764993985,104.33884003596805,98.05980061045683
2025-09-19,110.79105424614737,108.49862661200217,106.1418821477848,109.61444382914283,117.9281501516866,131.28713859093057,139.29141831921527,120.33510937424741,79.24829874980199,61.542286971904666,56.44029082969725,48.654842119850436,44.89336628435357,44.34669464906841,51.160727646322485,70.59855725724977,102.67815489491585,127.10729379462268,144.897653392522,145.34514399514282,114.44828068478898,104.2635301123671,100.73853133035614,95.76944379030651
2025-09-20,95.76164666238735,93.58598203985517,91.14099016767099,93.23021557973095,96.60928281961559,99.86205008189903,96.29488540318195,75.80190877656428,42.40362331798696,26.502170482154497,13.268739454159558,14.675797071253541,10.520382356795793,12.3762914577546,19.48274942049686,38.2683125872854,65.0530488635732,104.2204746272744,124.10721276957142,125.12045139114335,108.31663549798564,105.31900483909556,101.67456687109936,100.04629215455873
2025-09-21,79.1825930788,76.63658610003242,73.54071847595148,72.6425526236663,74.19355182472587,75.01198521182448,66.36155673587925,36.25265525965982,10.001360432261592,-3.81897178937632,-13.429922837606185,-14.23557592669625,-15.929016798159601,-18.794419749108272,-18.98867363956935,-16.407217254635718,2.4381365345772963,49.64612168181083,77.67145708821093,82.66936979324171,77.99312391118903,71.23426023168486,62.05513697091513,52.79583275578234
2025-09-22,32.94945395459809,34.55689984657145,34.476438069269236,41.39440638309736,53.89300874278889,75.66417975550854,79.22399799501576,49.78443049045093,19.693832041045113,11.703632649320333,9.636581975669323,7.087696413545643,4.337651015778221,2.0122400539184966,3.8119902995976105,10.176877256038388,30.940601931789445,72.12492565590179,100.11179770206027,104.58787907745497,81.57366147790644,71.27062763883895,73.52722401786708,65.99104554583975
2025-09-23,58.961343727757026,53.84417168849325,49.955899048030396,49.34067461511651,60.73142742314348,82.30315306099757,85.4647157603863,50.14824944701188,12.899617863415209,6.660069525399585,4.7002903559431815,1.5183698024809331,1.1219200642913094,-3.998976856845772,-2.6588072076176346,-2.4117325016363793,18.732011061288986,61.16817470980639,95.23380815137476,100.11184317524894,73.17186234469813,59.76103669637359,58.09674966599275,48.782316497305295
2025-09-24,41.75550674315112,40.05906124577738,38.42969198199535,41.10624528393356,53.37264427397412,75.03178605954612,78.96695553137926,51.848780561908406,19.952635676537824,13.52871722096198,6.727419027336872,4.6907374563271205,4.920645645373483,-0.3075777289558417,1.9809638031794066,6.803072036553388,40.27515391698169,82.99681504320492,108.86586256421957,111.65257505542704,84.419550944942,72.00120788961354,68.18497286212012,61.113232185847075
2025-09-25,73.79850266585943,69.86631836335333,70.02251851152228,73.01684442572022,83.71185178846888,103.92065138087287,107.63021262163346,80.63685093303285,46.72837473552556,30.776236465574875,25.665698764564432,24.345802724962088,22.971299229625153,24.125202681907243,22.89619001878807,34.35950386020053,72.19817033922993,111.2418455967337,135.72372253116822,138.31072503851732,114.12050347144425,103.44202355007421,100.02676834793313,95.64771246214178
2025-09-26,102.80191607332841,99.77269245765805,98.60475228952704,98.62966246815279,107.16902596901824,125.962740247599,132.47432371138564,102.11545233782371,59.07923305081962,43.63578869134366,36.95404118952197,29.57566580590122,26.786060122767154,25.773916167826975,30.413238675775858,47.153901488323804,79.26789956055615,124.03333905464717,152.57067703071974,150.0635361345802,122.04845332272915,111.23297272822273,110.02162839032275,104.96849596807844
2025-09-27,106.03209419825106,101.37577927571158,98.5128103502246,97.54169290413765,98.79999912511701,105.63480942832007,104.56435952772188,80.9492827497317,46.41405917843146,28.795825675682007,19.54474206984078,15.5797619997984,13.004920033500298,16.539497077843684,26.480604653717133,44.91860060550003,77.74943569555899,108.66087883539319,125.66776193240338,123.08264354586905,105.9022561088159,100.01531837845681,93.72502640678306,86.10540761559211
2025-09-28,57.661492234120786,54.19829873568059,51.62964655763509,51.17542925459007,54.17830701009583,53.63983642139985,59.85449407854638,51.739902426470366,36.209561299044914,28.72745371486901,20.472345908969416,19.101219858335448,17.470450054859885,18.598327469820326,19.004501617643527,31.237283591256634,55.19048153831022,73.57594146921394,85.5083369379427,75.78536712577645,66.06832422027219,63.96122954096435,54.09682549958346,46.42046490428477
2025-09-29,43.1115240754211,40.92010360027357,39.64524947311058,43.82521610681421,55.734529676983485,76.36157580070801,87.65727769198476,73.65761118375113,56.35338963692638,42.74024830293196,35.05599047299667,31.75352408913237,29.763484035514523,29.919052196983166,32.837533952273446,48.599624357781536,70.23064220030165,93.43073440565917,111.10157613571796,110.32369259032926,91.91087055097668,81.8250271848424,79.77332817289162,74.6558735360669
2025-09-30,84.89424083774907,81.69765738262038,80.42702854239333,83.663938442329,95.34850934774107,115.02206753727822,121.13504239291623,93.99811609080226,66.42267543282064,52.83720619080444,45.91148505950592,44.006287232143684,43.22500641359235,43.327270782663575,50.660240952317906,64.59376886355602,91.04384525050816,117.39836148358006,137.1649335261497,129.87000310114942,108.32919581298215,98.39054818058374,96.06484137141959,90.11456670313831
2025-10-01,102.26139646646459,100.09127493309148,99.42049435292529,100.39920043039167,112.20304878501605,135.65367031328793,139.2327233808745,106.83236881836396,63.737144840500406,40.11310134374536,29.43952834335114,31.226787237488544,27.28000830108781,28.478645563593027,36.312486798335506,54.61418072223584,88.76029872767445,123.65406512020726,159.40711085752972,147.9615349910092,117.73393978938208,107.23392232040155,104.64765886538362,99.99473550922453
2025-10-02,101.35361355779855,100.8910899037821,101.48524022608736,103.54661933879038,115.1064030328048,139.08141886178686,150.1491510613245,115.19289653185744,65.03915997486331,45.95978156662053,32.3632910965178,29.1272277640129,23.930957018286538,21.859274828816652,25.759317452859356,43.03663627592813,84.5837277180435,131.47629106043232,178.87347920880234,159.46038397808576,128.5517777335617,116.93531299949441,114.96815601256102,110.15391893806431
2025-10-03,112.6678444606583,110.56884105709922,110.24017474821132,111.29761030132545,123.9863591355155,141.2966850727915,157.69320179087174,121.03863856977704,78.12529584815853,59.717109592608104,47.88202749090438,39.43876466079713,31.58489053951236,32.6317819196651,33.83677193241546,51.063406842142506,78.60214105100438,126.51183308559165,162.9818958638798,151.32354060173404,123.22032600478522,113.91380186369382,110.57356866548191,107.08023261692665
2025-10-04,101.95326809102595,99.06564648793983,96.2055233399062,95.89249739605205,97.24927930183013,101.51750433190118,102.90902815140214,81.93604506790788,44.06466696593942,27.777504793597707,15.319450996934627,11.00356136052855,3.3953803602183825,-0.5221404213070002,-6.015298293686044,8.488808963249014,37.83238604106926,82.32743472944051,99.36508219549964,96.29188706362214,86.5064260000079,82.74264725225964,78.44369386336163,65.20013229985895
2025-10-05,31.36045592367607,29.97994309667878,29.165417222755053,31.57146300128821,31.824356123083327,31.35910467956804,26.56615081054555,2.848699798727509,-30.5443240426589,-45.86304147716797,-47.223192882373624,-41.66568775047013,-35.218341221337724,-42.93602287990255,-50.007459843140424,-41.58913078740558,-16.01686319977341,35.92709889359623,57.897723634574184,60.64127285152754,54.3025555058607,52.095544897658854,44.323609770063186,36.2415680721899
2025-10-06,46.043079878030206,46.088581523389934,49.05650868718575,56.435414475938586,72.07808312002307,96.05870345411954,105.65928661791398,90.73117258238314,61.10809575140463,45.65999018277234,39.43144478365865,37.817844875076304,33.556175856811365,37.358847585943074,32.25473927842531,52.38396444963108,82.41161420459676,113.90605112596612,138.36885009112754,146.26980826199397,116.67945569693379,101.01560092935777,100.04143881676536,98.46802027203853
2025-10-07,107.5382877007903,102.99614799791394,101.66018696449282,103.40025285350873,117.82919153980106,145.8349075144484,155.11481612652153,122.03479469582084,75.1651377121645,55.35178920844366,43.645188085704085,40.59302964316476,38.59200912951313,40.2400738931116,42.89478859031539,57.14375889340329,89.11819973884145,134.19214879041024,177.6986201837147,178.42922450304894,137.4612895970602,117.83620227767453,114.02421731472901,109.33989896337506
2025-10-08,104.61138016658012,102.39586646358751,100.10477922126354,100.64253466793588,108.67989073210634,132.46967283783553,149.3253194480732,129.38011083948834,86.40176177085095,63.89436965056933,45.19779890062648,39.66706174127107,34.87188355533321,28.747486300179553,28.752125934098565,46.22375544933948,75.52753344719599,103.96748987649865,136.51181664806114,126.76412687956035,100.39224897123614,91.49453673962441,83.85878264691759,76.29530058330583
2025-10-09,82.87031774405597,79.70349463971569,78.97223417784977,78.81328792741907,88.11928075007017,110.18644957859915,121.71019774674686,100.55585019672739,65.86088439811411,47.662480004268104,39.06721384551002,35.430216248055174,30.02853242844985,23.5219353028933,18.16169691174131,30.539308057393697,59.650497121253686,95.77919856015815,128.23772958112752,119.04367786149048,101.91068583704028,92.28362404348579,83.64979825749585,77.8711022535222
2025-10-10,86.4223884381302,82.8757211779107,81.76191910273398,81.64204390193605,92.15302742235549,114.47603945648717,123.19998980685979,106.9681950898196,73.52061778395634,58.787824332344506,53.68702960111882,49.82967454373638,43.51958935059357,41.51171904669647,44.39374664524249,57.72665976348952,78.06144046255501,114.87130729966111,133.29269851189412,126.45979288479619,112.5483210998775,108.51843793235057,107.72710672510922,104.40745118529352
2025-10-11,100.54770515264836,97.20727441769901,97.8922402945867,96.47714339541524,99.50368442064006,105.63970079611948,111.99780672894889,95.18984140994745,58.74261843041086,40.45957247882204,27.053150223890015,22.5042750249765,16.318734259826496,15.963904217464453,18.931974832903578,36.27656452866307,67.0173462272816,102.01594485949124,118.54983143328502,114.4026008226114,104.77024830599747,101.90867517809453,97.27063684765223,93.37933857783952
2025-10-12,98.2659424410781,94.7245253591867,93.63429606944467,92.04036813484355,95.97241181650261,97.8340557177601,98.06869584819805,87.79232956458496,55.03069214126927,38.06354698951819,31.322074762266013,29.656663910155117,25.58159056054044,23.33141333424083,27.00057219640835,44.78648281518186,70.54617998339806,102.5942843252713,120.42662658143875,120.22790016126896,112.31058800395944,107.1017279584053,103.30927821594634,101.07027267610272
2025-10-13,88.28104960611819,85.60376667947011,87.08233812966171,88.08422972245761,97.51682401313622,117.46521356551892,133.4202851801987,125.56146361914945,93.44568440027722,73.85433622233664,61.75263736785829,55.849991180212044,50.30807906741313,47.3206894256833,51.65944190070395,72.76306169337886,95.7218361947144,133.81702436758303,153.48721785480197,147.83170505115908,129.22269630969186,120.32705023200005,116.06529027925747,110.33107084697087
2025-10-14,108.6671978759691,104.85804531494864,104.75181276428347,105.3402094818899,116.7488103509431,139.0209975894635,159.37147242987743,142.24622369051184,100.98464839262061,75.33831186774347,61.2286165098788,54.06723578328114,48.762543888809944,47.18686162010215,48.67955263488551,65.78190030317347,95.94138793906131,138.1239234907734,168.21041571273153,161.40773451182227,135.77697247126798,122.23464406007983,118.78715076582368,110.89486889550636
2025-10-15,107.09725687409477,104.67550985096631,103.59238246854243,106.86311530822782,117.31757585687322,139.64372884072435,157.35806690328317,137.90949836326018,96.86226972995055,77.13827934677276,61.067671708200656,58.78409443654502,56.325939503069364,53.73825021310252,53.86723665986468,77.06028136925349,106.0212414084159,142.6802248429998,172.02074184475225,160.2872762615545,138.53874414431584,122.72695321561089,119.75326095029537,115.93367385861595
2025-10-16,109.17786358065331,109.12570393227445,108.7410684699154,110.41440995915295,119.52754228494291,138.48848857655815,158.57966278994513,145.4438970350492,107.06051302528266,83.58497125728537,69.87165233233635,65.62981805384089,60.58743270290158,58.57848046146884,60.97035985501,82.68793953284131,106.0068675180365,136.2486043196792,160.97804870774303,152.36506716149827,129.86831663608294,119.21223397764163,118.10980068074588,114.49527332580863
2025-10-17,111.52223590232711,109.76865091934465,108.98716432296519,110.39178833854628,120.08705238469754,136.39855310639493,146.94648058030427,136.82394361882933,101.0821309773693,76.48771166996661,64.12893348564276,58.38598444830494,52.29648195853683,49.616149541985166,52.459012044537936,71.86667818170223,99.03609296289063,133.33905866359774,150.12110103343042,146.72900679884256,132.38674707253304,122.37957543951126,120.74399859286044,115.4011264279982
2025-10-18,111.07277090918059,108.31200944050755,106.17210550634111,104.366967052473,105.10191722324882,111.92127011893778,119.96317019072944,108.98463186464268,73.20845369360457,51.081159482687944,35.28765246634825,30.972479450916957,24.00539593827422,18.5705301413313,22.300020275094727,42.610829778550055,81.45429802576965,113.752360783855,126.57038753472368,123.82406724048828,110.14034780688199,102.8985432406067,95.3249533749118,85.07914598128343
2025-10-19,69.93477343554024,64.13920886717945,61.47892418471149,60.37672162078134,62.744420254801454,70.96175518170259,79.54580324122381,73.3137360735895,34.62524832492512,10.10194176960269,-2.3955785591206578,-7.419931649659766,-12.875278834369965,-16.286374071459775,-12.222362101585055,10.251358720890657,43.4848546792804,84.93626175874739,97.42439595597479,96.27086645862357,89.71576528181306,84.44158904054953,78.84930026988035,67.64499884807682
2025-10-20,24.45246677875859,20.554745741009285,20.421580397949803,24.339978822183966,37.52347750660976,65.07551300100238,85.3115119249448,82.29190046565932,48.62364266045646,29.834520722975785,17.003087430992395,13.437280825181166,8.530459793727484,3.7115061137026757,-1.017444226826747,16.40963186878909,46.59574525274657,82.10230119316384,99.92808711174354,97.9667705527144,75.93388777464264,66.55205790886828,59.25111134370447,47.55503727577652
2025-10-21,20.94879660955656,16.596764053616525,13.73897945709875,13.66243478068003,29.174343955921934,55.975880382688764,79.37883342839409,75.87078718150362,37.93001292773596,17.844524629216558,6.050932833951009,4.376952128366163,1.3591388637814958,-1.4841413392422567,-2.0432847597302413,10.224739931325082,36.93952498494916,72.52555479216392,89.38432422926572,90.15561175306522,66.36300871688778,48.74305845306061,40.612906769666836,28.87817649074926
2025-10-22,27.247435593850554,21.773941066484205,19.53773448047422,21.510201359138897,35.27891040655368,58.88663934630537,85.35703169966256,76.71575783707027,39.21457708746061,20.117033424002116,6.04337726175833,3.6879436471555564,-0.23555214735674923,-1.9521274037733463,-6.210287895498261,0.6325158104192283,20.05052937874668,54.78863725101204,84.14175084608515,77.42423055273474,66.34081601183055,47.422907125890944,38.632442535190926,29.582987698062254
2025-10-23,-0.7733006644327247,-2.664608968704144,-2.1417347012531422,-3.3877439530398448,10.158306821109193,40.997255740078046,60.60797317575436,50.491641684236846,19.396797368981936,1.305726458444319,-9.001293107788236,-7.6952057804664165,-7.938555266285007,-5.989471938617797,-10.432056161477568,7.2279152161660605,35.26190651861186,76.04149669253478,103.56981040034421,106.59789027472712,91.18354673254805,74.65833088304069,73.71182581397487,71.4876920033554
2025-10-24,91.20572655218292,86.41806510128863,85.00232314868786,86.29965964545431,97.04316967481272,120.73284982609334,130.9439729981008,118.04801767107534,86.02763858298607,62.153352054554155,46.901398655636264,42.62914669737353,38.667145835100314,38.29144574767965,36.833694627002416,45.652852916202285,69.07678036572841,108.50637853689699,135.47359755979454,136.56703089428905,117.73418754757537,105.93673033493664,97.28008506248153,87.14929159184987
2025-10-25,89.29284537332171,84.85433068962003,83.3391595735006,83.13038708201857,87.8199307250905,99.37942862078938,115.23936527020552,114.70991417868966,80.45311880195081,56.208864529140534,39.2714234737826,31.812904365913404,24.49227751248048,21.02458940064743,27.814049758539216,49.1576351122764,79.48716097896053,114.6937452364311,131.36520221571254,123.32472562929719,107.40785869595466,100.3179188852613,92.69222709972853,82.7001324296784
2025-10-26,82.94434372963072,76.30706475862549,73.12721444227756,70.22833768645026,72.07325529284525,74.21668079317551,79.66982578502669,78.29108708853158,54.535687231313005,37.53621529174697,23.482752063331507,18.527798732995794,17.032824434836996,15.363080203355455,16.22468514513527,30.281455600362914,55.33271092079397,87.91061623184336,104.17131757656796,106.20310317882924,102.84131878447293,96.67240309544258,90.90959154871813,86.31726464740983
2025-10-27,86.3180520040076,84.04976463525321,84.96771155011753,87.65563460434628,90.10268988862646,100.24662725316925,115.5265070769145,120.6645787913231,77.94040304825785,56.22063465561513,44.476789690545694,37.72150768391254,34.649650569677014,32.941120036003184,36.17524259893067,58.83814409369416,90.82092558681052,123.70840644788294,146.23779023221613,151.19275286531337,132.5055388407256,118.45308376047086,110.61827858463177,104.76586009549558
2025-10-28,103.82581007199023,101.51726518381226,100.43065987756678,100.24613707840288,103.49651480092004,113.02363604749837,140.87764471924697,148.62172978183136,104.53342434022184,79.90450280546983,67.55953605690252,61.66066566942021,54.7824497047569,52.74079756597209,57.188272262040776,78.83388566704708,106.00522463139299,131.03072613893787,145.552567463226,143.9457122962005,127.45623074570409,108.31318833251068,96.91950834657604,87.84771372754425
2025-10-29,85.26208797575055,79.76135667968128,76.83135219200871,76.50442572685651,81.79028196861141,91.14310804114179,106.58447166997954,114.85646264233752,97.41695000829091,88.17976637299077,77.73276409009776,77.22085715398433,79.29931368404387,80.33274601417554,84.81243247850296,101.8440102031617,117.33828820911233,136.14970700238575,146.14904556070124,157.15828219306832,143.4216155245606,124.01542303386871,116.37589835873429,111.31664143067886
2025-10-30,112.32338581608806,106.90114208681597,101.40542643962826,98.00389513798501,98.49753502772538,107.74281430978647,120.32896624458036,116.90481865141189,90.98136218806064,67.34579204845198,49.4990866310894,41.407424146174584,37.966250323190096,36.30831425606472,37.44955981157092,54.964188843696185,80.26421843840127,104.70650046507261,120.45188935906003,127.42970890511523,120.06201332753272,104.25685781872178,94.07998153557291,87.37556428444782
2025-10-31,72.03340520034324,65.72694150830871,62.08117511541082,59.20499266422374,65.27459801128039,80.64397943218646,103.35576097917634,105.1025126708894,86.79826675837452,67.49614396577519,52.02156933085027,44.517760401334094,40.60638211451157,37.47724748445905,40.6350425107815,58.32996057721539,82.82653966806474,108.73575958063499,117.05625054770456,118.24131748899978,108.47256080221933,97.71193393382474,89.65382973162401,76.40342424524948
2025-11-01,41.077491775412454,35.65241714865981,33.86735036344822,31.235328407640687,32.737389351528975,48.37701902994366,61.52149764718651,57.3045307577842,38.993372334303054,21.497625994321204,6.260297320187476,6.055265175966994,3.9773329732929383,2.4255351178425144,8.34532821226339,25.112393105517704,50.07996783240512,84.94989621936536,101.10798742874393,108.41421644385399,99.12388423087577,89.50916888810492,82.38165594670916,73.73257369115554
2025-11-02,71.03245501602485,63.538203225566235,59.23187144979525,55.91297513437449,57.44968169070242,61.98685066259659,66.19025350888873,59.911052522089854,22.3197793731901,0.03262513413638857,-8.379641845243817,-12.369065560989348,-9.894787471866906,-8.403363345715952,-3.686309471527295,18.134308333332925,55.259551887333046,92.28805284791554,110.53156856259348,121.10975608951512,114.16769494863927,99.9331722587586,96.27822288374033,92.21501338249637
2025-11-03,85.71621433795768,81.29943031423213,79.66039960842309,78.901901660758,84.94654735299588,102.2836244085666,123.1366939337933,122.0783097379531,80.79643624685835,60.919195654134036,48.390349060189976,41.460513146240864,39.45755063712857,34.32838157183452,37.659386432187716,57.16418513943737,84.7650971081292,120.02637821925902,134.6277899226488,136.70865478679704,121.09236523167,105.66514734427126,96.32517519064369,84.55186238167826
2025-11-04,71.67794996265766,64.57198180706408,59.61087101979726,55.053118593230025,59.38394358643346,72.11597053562802,98.4777295332325,98.96829734772113,62.03041773644085,34.03327864945605,15.632679576883028,12.536308233808164,13.377245605018572,13.17864216635521,19.225693004361894,38.89832722496059,65.62534610444574,94.74606127962964,109.61683438906948,113.36573743979491,107.2921171389035,88.96492583894104,75.66455914905171,62.919176723647524
2025-11-05,27.266636346300857,20.3729990113361,17.659148086394588,13.876038471669347,14.525217600383215,30.98167151035838,53.9210532075118,57.98218461148051,35.8161669385329,19.537840237810435,9.201904278722004,9.36400976832764,10.411978970436568,10.247712915625172,13.703092697948811,22.952483847521364,33.27712593014758,59.97816321691487,68.41281948632553,75.30723503264528,77.5751763498145,65.83916287224005,51.62266075462046,40.981968020042395
2025-11-06,10.912703660260988,6.260002492874165,3.443480834500548,-0.9717250380307263,-1.0706146757462704,18.650646758458862,45.95896646971153,44.87130070766181,12.477422781319298,-1.6729448918000571,-9.049987585410598,-11.224812721135194,-6.911594646852379,-6.997976350372426,0.39630576461905775,17.0853116299051,36.150300526719896,62.45907585163132,80.33726776470135,91.12189903724668,83.40512464215102,66.68031522891845,55.92538287307811,50.56625745573489
2025-11-07,57.841050256701905,51.29231071085198,48.65852109856388,46.805525669933786,54.34612481725009,70.92725484775379,89.25599217889993,90.89322353228563,67.09534410272802,48.3949929888883,38.54741921371975,37.75263734980988,40.0872988453803,43.07130206487729,51.55002045730875,66.66199817660271,89.17939326502291,108.23073200927703,121.47088494068569,120.95378630093856,105.85294100057132,91.52583949890764,82.88238696865625,72.76541038300985
2025-11-08,68.95192284638057,61.133404197696194,56.473239843968265,53.02912460908023,48.09790978333147,50.36867078438212,59.79173986000471,56.455002731915144,33.15019537187295,12.978558261669185,1.7295488753358512,-1.971264867319391,-2.1246570671369227,0.4857038167584591,7.167222388704786,23.907385005253,54.05464766280197,81.01756173169242,93.8203026506843,98.72826022245616,92.7164236795875,86.47545454345592,84.11259542929197,73.48116445885752
2025-11-09,71.67896585176692,67.11732877544537,65.54050741745668,62.37534021097398,66.14325249252612,76.9084459338713,83.53079006307017,75.06381973452771,48.416366948324836,28.03391325959004,18.719228281466478,15.16738097382915,16.847799786864822,19.09103073547775,25.805094707860235,45.34215308683837,74.17745522347356,102.59831694735276,118.92775655981745,127.9107772671767,117.40293838031282,104.66677141659372,102.30473287986146,93.3863942208252
2025-11-10,82.7081783607858,77.41915976712964,73.93629082999396,70.06003009124547,72.45832266316616,84.24200220037747,110.40510389238699,115.79233357268816,82.13838413533848,55.93615996588808,40.762841596712015,35.44746272567393,35.258424955050934,34.80286941958083,41.280156102573144,65.44711137247725,94.87630178260594,122.69054551131511,137.35600743806452,136.6228153699097,126.65529268598637,110.91780921103157,102.50111808850545,96.09809145314844
2025-11-11,86.17232641442025,79.10033923531165,74.9233283462872,70.28834925299802,73.06715555435706,84.29542509028659,101.95426087797858,108.37101486321191,73.4762983016337,46.18270814719101,31.62107804667088,25.868586898577945,27.354923156573257,23.750150515421623,27.996576435069553,50.02490603836205,75.75779123308028,99.3078610787625,107.98559999996945,110.51690321299662,103.95557505341336,88.37253654983456,83.48663949910389,66.59956324009028
2025-11-12,42.12241773432321,34.36217933638639,28.628759222168995,22.82663719879841,24.01842261566849,36.19234200182511,56.31256975552377,59.474024477159006,33.65108314585282,11.050259687586987,-4.212625323965746,-5.9888681749315325,-5.417426187515353,-7.2912157170159375,-3.332741490132676,9.775377328083337,28.2287595919382,61.10649422589396,76.04342275378241,81.92582239863992,81.02486615867551,68.68284102355048,52.04857263985786,41.195532399457086
2025-11-13,24.077705902025485,19.192634109683226,21.669584174048325,20.338933722835023,25.643360945756278,34.31717083664401,59.63483723615045,64.79862263997333,47.64310331770224,28.24371553532338,21.941814768510476,18.62062064222222,16.10819339209611,12.92432230995108,14.667392449445565,18.945842960483105,28.95995200285914,49.49507521996103,71.61693526542882,81.1562083977509,73.96900286297173,56.378504992237346,36.491575115897284,35.573645078235856
2025-11-14,16.136640587043843,15.330014000684585,15.059907710906494,10.54157643905856,11.797580513604288,19.024194299264337,47.63862458023289,64.13857841194394,51.94503649714105,35.06254982242812,29.754530340256924,25.79152748921267,22.907821899123963,20.68479056387186,23.263719558243896,37.08084542052119,48.25220745063254,56.78034178861761,64.67408726352095,60.24645697163139,60.127630983406085,48.79543460635072,42.6506459656871,28.943566957426874
2025-11-15,24.235125672491485,21.22254196014105,22.91210788942076,16.402241061110246,18.473180326943137,20.50410173804336,29.64411043064031,37.529514926975416,29.054661591257947,18.216408527949035,22.752637385280998,22.356291756627353,24.145962620413297,27.8740210093991,30.608255161221024,39.744369058734904,52.925499281288424,59.19182470888086,68.71983730404398,67.15022735874811,68.0809320995564,59.07284167003538,49.6225439892455,44.27751998557169
2025-11-16,36.70305590717753,33.49845179146909,31.98242987026741,28.604597681384263,24.781050923068413,26.03160488663019,33.20324376086135,36.7227211896202,20.67643157856297,0.40327005920158143,-5.940059821601579,-10.312878708812065,-7.0620601268703,1.3198534992278184,10.739351822215149,22.28149347208871,51.96826892649311,74.63002411652545,96.03894870837277,103.06165202496541,97.40582137735505,84.87097552129899,85.35778935350777,86.09334808044628
2025-11-17,79.21505819421078,76.12313305948169,76.29794056686681,74.3655745792679,76.32734298656378,88.40297241942804,106.42374851373391,116.04273343121784,92.30730135633853,74.7952484482468,61.849216235672685,49.96574167134406,43.443955736868375,43.587619567547215,45.543574779887365,56.7117252976426,77.94441891613324,93.37656388686322,100.91160833190608,97.64817467437283,94.55822689896252,82.55424705172877,72.26917696207944,62.28344208485528
2025-11-18,81.97219759860992,78.28964446587415,75.9638437282439,73.31629964925912,78.9521725002934,88.48762848639772,108.54937557062797,120.31718370297442,85.05185150531996,53.99510875178886,42.240028855715465,39.486455931733296,36.098997804419525,38.9962090838778,43.34064132531352,63.0919205147198,96.38713989073375,131.82872222998034,146.45657858492672,149.21876214890574,136.17004077447382,123.80687071343723,122.503573590343,115.06034445364021
2025-11-19,116.01638591465525,110.25067597944964,106.56558349950792,100.52974081388011,99.79823800578154,106.28186747569922,125.74146843548792,145.7430494697566,105.00591895794078,73.83601653416135,55.98815612871182,50.50418542758147,48.499712042480006,45.70039636893283,50.75272118879945,65.5376130842898,90.19050451394912,113.16750383830399,120.94665513813582,120.47680908415106,114.95857255137356,103.30925711038884,88.75614999576727,87.29796643784479
2025-11-20,82.3013512525467,78.79422878719137,76.52737020637028,75.24690525066659,78.42462882246677,89.06541968185657,102.4710693381105,118.8729194234857,92.81616540085383,69.35064223517072,52.48783374966243,46.76104811466885,43.638848432064265,41.26215355315869,43.49776498310351,55.52291323349992,79.07918776416867,99.74071603839948,108.73958580141307,112.74217861305922,106.71604295352078,92.03970654534595,83.13282101631256,68.55874398610528
2025-11-21,75.507463493498,68.94808030922934,65.19604413449416,62.98363685370149,68.59760792083377,78.15663287239516,94.64011032013204,104.10995521474598,78.9282086107491,53.09227289075794,39.910689493605254,37.22903625166828,35.711862613296695,35.42740142699949,40.63365578586089,55.18077032327343,82.42019739232073,109.80414654806967,123.29443402821815,128.9850303537145,116.22763246647138,104.57055106583971,95.05659613439215,88.76017983839088
2025-11-22,86.62350024615085,79.3962784771171,76.89260974252379,70.86541949102968,69.79906104947648,70.9521743864359,79.01321670532946,82.03567778908894,54.878259588665784,26.339159887982557,12.533734938862523,13.794430804591808,15.57412809914409,15.682830075952563,20.098669487605555,36.63001006631083,65.03553656972714,96.16765455244591,111.35860050887123,116.75276028251187,98.97466564042148,92.80129576483516,86.90084856359138,77.34600505251757
2025-11-23,66.74040239684565,61.59815948155127,58.593493662417245,53.54546020679207,48.34734651454102,45.61388499484523,55.24686442733428,56.22612769607875,36.274700047491976,8.900967169363078,-6.8424013118656575,-6.237836612068513,-4.635368366461357,-5.3511804481634115,-3.9773378101652312,13.616911365917595,42.03792239228575,69.10318370470674,77.48246775481296,79.25579621737943,83.43425190089978,74.58512619489434,58.61702746822805,51.15611744703393
2025-11-24,26.349795064727772,18.787842724284246,14.808815410696965,14.586582203526433,17.4793465174226,31.754497243641396,64.20571782437005,77.44832892467134,57.895952549373945,43.70429987460419,35.89131940707181,35.02153256849647,32.24464508212306,32.217425891941296,38.83089627473002,46.8117900063874,59.760267141922114,74.78860025667728,91.97616215788557,96.86923573874043,88.98287906288114,76.8801482917849,61.108285434349085,50.381748052846746
2025-11-25,39.18065215353174,33.59310990475878,32.784113070313595,29.37905074246357,34.91968938652283,47.86499499625873,69.92089393881044,81.10892683286863,59.81710171871245,35.20389601509916,29.115448861954462,20.70377708812005,17.951160824618217,17.295011508690486,22.756170992550178,39.433928050096824,64.25065492569367,85.4797883144493,98.12248561482781,110.31979524806006,102.74987544095215,84.28945185692194,85.15328500102864,74.49605735375503
2025-11-26,76.2032189051545,70.00167565220349,65.16645604205657,59.831996210690086,64.28537645730628,76.96813089487881,94.67711338542459,104.2284590491536,74.35622309578923,42.501889411170595,31.23858960216732,28.23340622323905,26.476540220418432,24.8055578686592,30.84294624631895,47.058650126455206,82.44445982858474,107.9870801334333,116.11555844435082,118.04937037184298,108.1644476166039,98.97902565573685,95.00066025059594,88.44872289053598
2025-11-27,86.38284511451079,81.44667315797119,77.37693174240889,73.74345435566576,78.14073360039724,89.56048777084813,111.86776612321367,132.77099663539548,97.4564046529626,61.67536625377167,43.079214790506065,41.628229127100504,39.738285075893586,37.707343793978666,44.48748802304598,63.93831274629544,98.34894583717562,128.16296703193987,156.93232251794777,160.09402749153338,136.82659954938572,125.50507633873822,125.53189475091341,123.57895715046251
2025-11-28,90.57653557802034,87.86321725732519,88.41015330587373,86.3129597701168,87.43435408598758,99.73661768617868,115.65979868091395,131.4899352486269,104.39836983585232,76.88242393879105,63.405895203218435,55.21386862206619,50.15700715040573,43.92930758333259,48.821402303619166,61.174405776551964,93.0506980954784,126.15777997469442,141.90893522382885,161.89095930710909,144.82932081748618,121.84173448909158,113.80666309396668,108.55207688675652
2025-11-29,102.1925243759207,97.0762600069982,94.67071092732789,89.1544187931472,88.22350552355671,91.4138668465637,94.94924849771667,103.434261438435,92.0754918437943,70.7951123568486,58.29637217909285,51.28134304179524,46.974791843954115,45.884344162117536,47.702080419121984,57.41923053301986,81.51506237585613,107.02896134823656,116.99892544497173,120.78964361007013,117.35384390166956,106.28219454516157,95.45946889950051,87.49542444883429
2025-11-30,77.12195727388729,70.99949502448553,65.58678465659169,59.36710182682564,56.35592614963497,52.59529039034417,56.05080101177234,64.06366191049159,55.73132072791629,45.243375495534806,35.16630406566078,33.289118920541654,36.57848891903208,35.94888393902095,37.2790777271738,46.98033388790211,67.59039416627336,85.28218296120757,93.77492071182465,98.02127618211458,103.49872496789209,96.22078946819313,92.48539507493047,90.72951189277008
2025-12-01,87.9041305357803,87.1454470771319,84.4683040908416,82.76880753878547,85.47063048810506,93.78795158027086,105.77114601296915,125.32094223256917,111.41679106051836,83.23206297062475,67.21437757407332,61.2833223315247,56.52114298594107,54.52482561946414,61.109285841738824,79.04332770069837,107.37808824149089,120.64546615826566,132.50897129789098,132.2689438618286,120.64987900270117,108.01892312257877,98.85749628503167,91.49182535081333
2025-12-02,75.75329001234844,70.574852990402,68.70099858709263,68.39563081761786,73.93537851982936,86.9149833767454,106.28435013506437,121.83374769927761,107.12941833206436,93.08546387657208,85.2849252231392,80.55529450259964,75.41628701258873,72.57821967248405,76.5553951119235,86.16766022008007,96.06032868009086,108.17518460835633,121.89694456031856,130.17719087232157,120.00902614376578,102.69369784763387,91.2355506290243,82.8299093880443
2025-12-03,83.85065112218399,78.4494365589434,74.72093527131744,69.62067267178136,71.50886267119176,81.4171833920525,93.3950891984409,103.51229615018492,89.34079670596677,59.02791377322002,41.78761259897327,36.75981503587948,33.224784625041195,29.31379565186377,30.530849202727204,41.77847297499781,68.45967585513615,87.6681311409211,105.30746949280862,107.60178137959346,99.77094856650805,87.9785638602486,83.99750506504444,69.78138202875203
2025-12-04,61.763479134232256,55.973322011662404,50.65753535383105,48.10252726132721,50.45529972562541,61.11161279737797,74.72444941105508,88.8483260708796,80.35864581376083,59.16132720919652,46.54778838208757,41.92061354890784,37.92363212834716,35.24441302352072,37.724885187566436,45.65407209696813,61.79739232268222,74.99271354603069,88.83053187971694,88.33448299525337,94.25094901482127,84.75608589182704,73.03701740738667,66.36411732151629
2025-12-05,68.32268931635006,63.696425021837555,61.05395274860547,58.5591961506474,61.55156426527135,71.07049001248974,82.80987779917591,99.94790472343702,91.08384406036336,74.92192336966295,60.247048440958885,53.31377042585353,47.741910540113636,46.413946926263876,50.030642276703226,61.99092003345847,83.14580762051867,92.54790224908696,97.16415260005606,96.67665472930068,93.80364969417954,87.48159579311994,77.46015314428008,67.3652196117895
2025-12-06,40.675616366164704,35.24663056593659,30.45839236980929,25.722841632368798,23.032474998684478,22.809672485393605,29.005495885719682,48.25940828148456,47.99551494878894,34.299134108157375,26.25345843751746,18.094959776537795,17.48178739526196,18.916816821558783,20.768319165215637,31.761509099599298,59.51468178664041,70.24352457959652,71.8644577113017,63.41162979113425,71.57926764653234,69.11238315002775,62.142470130279364,53.19855651758569
2025-12-07,31.742910924390436,26.31110300913808,23.366414363904333,19.551670074129255,20.486138576714524,24.990253044995953,28.084052661051302,38.796593332171085,35.820628447709495,22.613736371703457,14.8837194319076,9.334875306695949,9.175259379458883,11.276680847376884,12.270064113316838,27.354085738070978,55.387696659303266,77.35191361072476,91.78309777140016,99.45594576113814,93.61679855329768,83.27222136723289,72.03591201094589,63.673622665421064
2025-12-08,64.87017997484618,58.99076334834244,55.931751642223205,51.75426081961007,54.73437330685373,67.36691512602533,73.15810150573569,84.32968330681858,68.51262967253825,47.61069520374224,36.06667520391136,29.255521110220055,25.853448420590993,25.32149245649321,25.316364491975747,40.338620067610755,71.13210809216314,96.6117741842096,109.32339626841542,111.63878264972688,105.36940300092745,92.96917468340621,80.11571408223489,70.2795434056776
2025-12-09,52.63056935046299,45.72978306849089,42.604046317597806,39.487513277306796,43.6920694601585,53.64179626742135,74.59695028601388,82.84203169703493,69.2232819055557,47.49273189561144,32.50817574822366,27.954127862480984,27.575132472143597,29.841253649135773,36.53605768698193,47.11477887727982,70.39639908863987,92.07623857489877,109.39584333664938,116.42071392948716,109.48387993403598,95.0645769538429,83.3587894853285,79.34038575429253
2025-12-10,93.51881373513456,89.73107773330656,88.72301465836814,87.47511598678123,91.78061002149269,102.65513159153716,120.11759210666676,143.12185682075614,125.27136268960317,110.10175102578549,95.68023317240804,95.0505044459704,95.11796762654296,92.85505003775083,99.23064241977205,111.52183330203448,125.2373658218457,138.67199837461177,149.40903661063402,159.7314925872684,150.43204977477495,128.61592530212098,123.94856357471927,116.32436436283831
2025-12-11,105.03979373890354,100.29357686146847,96.64929909658025,92.86800756385792,93.18095235515162,97.66792558453099,102.826828337366,118.64188713748533,111.84849372183427,93.10822296003465,77.60653103694827,69.58114265446926,64.56435298578391,61.23461973144505,65.08784157122058,78.57645548757878,96.41522684951508,113.31729851402376,123.50246975986131,124.435037788162,118.32671796183722,107.01131415258197,102.1746448404694,93.75479239220114
2025-12-12,92.16812103112053,88.27814138850867,86.41195956015862,83.63649491639418,89.84852516331864,97.74044180617456,105.2649861010489,130.2691555399909,126.42924412439297,115.24254717794523,108.49216611975496,103.60425818343519,102.33701661006856,99.5416800223732,94.7092048845735,95.85436060523998,106.6449647053513,110.7750698622079,116.30337924205953,113.85601646681525,111.28984921308316,104.45731018942239,94.02207038397921,89.06854015509347
2025-12-13,89.20427835525975,84.13454450426373,80.85397869240028,76.9318978710318,78.38157372580683,81.03224738718863,84.2127310172995,90.80468277434869,88.92915062595826,71.08515376375752,56.50665731742302,51.57703606645518,49.63178599764646,48.10952730743888,50.55416326404658,64.16077487981165,89.45572268597604,103.01042979528218,109.56656435596678,112.54377145095744,110.83034004392564,104.06188265947499,99.044763264455,93.95559279980077
2025-12-14,89.53282012583614,84.34384075506567,80.60426243475385,75.9670000862221,76.3255978071842,77.61090370681056,76.80792715537942,81.71424883330099,76.45373480417526,59.63983569820101,48.430669590973295,45.63939762994483,44.433763841286016,43.6310886876437,44.38588296355242,55.260498646104985,79.64685546508574,96.91206944401809,101.19575439052136,106.08095228569765,103.90882636492427,96.62440003328412,86.89965327533179,80.49327682199618
2025-12-15,79.3253338551204,75.35393809799017,73.18097965869913,73.5358953815378,78.4827369467671,92.23219898523998,110.94231214465928,128.45501577722888,128.57751892444023,119.00889700350444,104.22752118422375,101.66350583546264,101.45555154318896,104.22669136542277,110.9276268607674,119.0609447872778,129.42192776968392,133.29313089368202,130.40987521218003,133.20080985735873,124.8191114171504,114.21313205639504,107.35790964068964,103.15267682626049
2025-12-16,93.34612545397361,88.74036274183271,85.55807119186275,83.09218286867822,85.30853266073586,92.84433900311224,105.21365173233836,116.9377502696494,114.95782727665761,109.33958345778635,99.30060036652048,94.52473256429083,87.33569852835491,86.98052528551061,90.41188722413787,92.11882055200633,103.62267957697813,110.68776820012039,119.44374733959513,124.188332618831,123.47011468277555,113.65348710368778,105.38941447632867,102.17616741539733
2025-12-17,80.42047615841851,75.29869927127828,72.08225606363763,70.22250452880871,75.46856838074251,89.20342386513768,100.8940464687617,116.63986342338521,111.39874490196794,88.07168515446818,70.95508090740476,67.3305530335639,61.92281549013084,59.68902695592803,63.80675885235168,77.65101054152646,99.56095152629857,113.93576912265806,128.1152604863508,131.41159282482892,116.5343225421369,106.20886126682659,100.42721500213271,90.50019777455483
2025-12-18,104.21787485978204,96.71555342015361,89.16355940575305,84.15518198451218,85.75071599080158,95.22012968006636,110.54395903118049,128.79774612716676,117.7275122004537,88.14470281382023,68.55240915971817,58.05786211277395,55.8043426871755,55.10667675870111,61.76091229886772,77.35458647892197,102.85595960015041,119.90091851818586,129.09973956368677,138.0621589576143,129.49539099927617,118.89139406009612,111.35230483634798,107.10858222229315
2025-12-19,89.31615941658048,87.9546307913171,87.314013427708,86.59475629625486,88.598124258416,96.8613334653713,106.89554835371423,127.43640412157927,128.75976392602388,123.40136954212454,109.71641176458496,106.54120578747643,99.62130333296159,100.52937656128967,108.30196160846333,112.52637538050276,120.21731325664038,125.156489840062,129.94162170359735,130.3011326143226,128.4730175176236,119.50048439213299,108.96004577733538,104.20701298747855
2025-12-20,88.90688190124709,82.4875099472421,77.01703895567316,71.23875608844124,69.15251707443706,69.20659653929705,68.80165746024855,76.81457453527219,79.61373193108122,71.086935889258,58.7939380907378,49.95556870545633,45.33911247311949,43.00536934957245,45.2886662391046,52.33507043357663,64.90479237692664,76.7048771811011,77.24278536393115,65.24250802977545,75.54098766998031,76.09262657103008,68.69144517882894,64.28764592525874
2025-12-21,46.97990345497846,42.44766731991089,38.23698756870611,35.406822463560964,36.68809483634422,36.32973804255964,41.928068382427774,59.41218572604068,63.713610803105475,60.00948218186234,52.65231461859392,50.77265173737594,48.79405713633358,48.37005586857343,49.23702805322961,53.45195854654684,72.84351873925229,84.253819175871,88.8764423862942,88.7602979883085,92.64014919705302,86.93188721280112,79.82412642227166,70.06628852068704
2025-12-22,56.006454491121474,52.0677727124657,45.10866990385398,40.31374094139955,41.94535935127766,54.632776196424125,74.11340493170798,94.25822917095151,93.24763773072667,70.62279372687203,51.50840803550941,50.012382370801745,46.533922430142205,42.26516603219295,51.51332903685151,60.46464803323709,77.25681816920512,83.08659698122348,94.79676963969098,96.02250075621438,90.88526898786839,81.19735134300309,73.06859126739593,62.8969386037206
2025-12-23,73.3538846976183,68.42882573170175,64.92399660347688,62.81928375491052,66.54791493955875,77.26288847976316,95.95762206310394,107.74184086958122,109.67692833232618,105.42368122979512,94.04004999291827,91.63908544904407,90.79957773599028,95.22896479134243,104.97874047528933,106.96823909287109,112.07314626135954,116.54217519085458,124.27510094247054,123.84788670122603,115.57656702901926,106.7830760750743,98.16204160010595,91.53640701838992
2025-12-24,72.71233147016845,68.4355537949107,61.84622238483821,56.41985684774022,52.20006505023327,56.94545541294379,69.20231564982146,85.92616041016355,86.83660165881096,75.57823196546843,57.17597337096852,50.82225248706499,40.79210104142452,39.858603888166286,42.01432989363333,49.53122300212051,62.39948742511003,70.2019319790852,76.25846975679389,65.99436416118479,69.01667675096508,66.19197957759137,59.36448710622398,54.586466944110384
2025-12-25,28.525234700328106,21.365433586303197,20.284674888349052,17.808578794545753,18.628761270221155,26.51675077523629,28.29057199816755,59.5003351691378,57.732800791356,30.87316293380398,25.212831073314028,28.55555672884681,27.102248911450296,26.5118456759659,27.69852625873779,34.92728801911984,59.016212771696274,90.40000454715515,98.97957191983588,108.99764638895013,103.97686605570104,93.20463871551145,89.07904027568692,87.8226246429246
2025-12-26,98.69083992217088,94.1001774176325,88.911013220638,84.77408292015117,84.43732316779044,87.88806381521661,92.91995492349687,109.83932351055643,112.4574929386753,95.33957251107333,82.04405093814611,76.12386277125262,73.23749458043719,75.98248089070844,83.14043772376795,93.7715204094028,108.27963872827289,123.0138181693231,120.8957365960475,121.644785831163,117.8828792805354,110.63350691620215,105.65451725778033,105.9839817602031
2025-12-27,93.75144295643076,88.29421376482054,82.27648944187474,75.7373866956879,70.34659364760617,69.33895832314495,69.14758723101673,76.20274228499218,80.62548084158438,63.95167796207348,51.152913220408706,46.60602504032987,44.62283223388843,43.68996503842407,48.08403881544917,48.198705785849064,66.62741538491197,82.56143115705409,82.52631869455834,80.84152282487898,86.4048079185088,80.0522899797787,63.92252858258368,50.94535810060201
2025-12-28,61.99440261809213,56.605553696294066,53.21205741646487,50.356768757886464,50.978447361403894,51.2870862318674,52.50550193393299,67.79146493413613,71.27221388705169,69.86161974308783,61.51019335621892,60.09362281435571,63.741614765991,68.62554360734731,70.69916376331716,75.0647926711079,86.74901478388733,102.50014759981839,106.67951858830442,113.10108588951466,112.8053069995136,105.53668683494634,100.6369265999488,99.87674610384107
2025-12-29,97.23012507406631,95.11127237357974,92.54142081812022,90.16071920043028,93.40583396075262,100.97307410531673,116.65001211959557,138.33351092561892,139.1948682690466,127.61946119255566,120.10667980929577,112.54261901527016,110.68464427108398,117.3071629449905,122.94705374260083,129.31421394839924,142.26724406330032,142.29185244828722,147.47872745908376,149.24152694682473,135.8027344733367,125.93470927803887,121.29966404692232,118.64452525339311
2025-12-30,100.43394916998253,93.96591698146301,88.03124510648476,81.57464581434705,78.74412410284145,81.56817401077807,87.96844830437804,106.31124554552255,102.51763684519302,85.26930095983961,65.52118795784102,59.06963047546523,56.52864044994696,55.260340798345496,56.337275157852304,66.65080078967408,82.93693431664445,97.96220756810595,109.03143882272268,115.83454451684713,113.76117835368711,101.99732678571814,86.02111137528397,82.15720249777021
2025-12-31,96.5983275411992,90.84825073066048,87.48965394559745,85.61789772754378,86.0711385433839,90.49489694406041,92.19241031844281,105.24617803004178,115.22629983599639,103.45869152601277,81.16221154012698,81.50206013154528,83.4873669167385,80.0581387207297,87.68592413408462,96.24584157623983,116.9550307915462,125.02140474779827,135.1434325881656,137.08585430157697,127.75110759977694,124.38893318718391,117.50544578902365,119.0944146400549
