forecast_day,h01,h02,h03,h04,h05,h06,h07,h08,h09,h10,h11,h12,h13,h14,h15,h16,h17,h18,h19,h20,h21,h22,h23,h24
2024-01-04,53.48271150485738,54.05680112670935,45.00311281863531,45.105050398715306,50.98370667990319,67.01170455175166,87.17654509081572,96.98097150513348,101.09771236178618,94.85833799363948,85.70139698386292,85.54063010485424,84.53514646677553,89.59753162392212,91.3338389587527,89.79002779052266,99.15100689984254,97.01972860606631,93.15452163607819,86.52091846511254,76.57275568618836,71.52107787377139,64.12658940780236,57.45848129405704
2024-01-05,78.75080871134597,75.7471981576202,64.26815812042099,62.69969496126268,65.60013689539691,70.22334859268807,86.07660624989269,98.6981970789066,108.69914936667706,107.58998563038863,100.21778948891655,102.466599570861,100.75499452523906,107.49101574366642,110.41752618679949,111.6276764860161,120.105824063583,121.2344995170799,115.81902042902942,108.7908312701224,99.89184615673952,96.9556114300184,91.25461606324325,92.70753267518843
2024-01-06,82.20874054340746,81.33360931727246,73.43708577073582,67.79795147319984,65.45488478284976,68.29543135068596,77.16456822158395,89.0733993474418,101.64227525035392,94.62670937402729,87.04575674712694,83.64638285040704,78.43742685330643,84.01696598178425,84.41588813404664,94.50622904278778,101.79557784836837,96.36452243407669,88.05985192020607,87.04304511350556,73.87064283263348,72.05191302874178,71.6575782267199,65.94435283749098
2024-01-07,81.98495371754615,78.49074086086306,68.26744862085968,65.5912586413481,66.8716743549159,64.7832053027415,73.78764090552119,77.43643975581057,91.39390902589614,91.68622381189408,92.25799890107102,91.00692362304859,90.77069030370241,93.01401668248268,91.56778056094822,93.7915359910825,106.66480334827637,108.18293301797374,102.35766332274636,98.49511714877666,86.34077235780498,85.51182899462668,74.56282975815579,75.98903768382756
2024-01-08,81.59322633116354,81.46081899687333,72.91065455631707,69.92609508788331,81.15585754031758,99.34535149519631,125.80194615028299,128.80836440390885,129.9291127340431,126.57347771107823,120.08385280919795,131.41168519964813,129.08621782609885,129.36463944338118,123.90664669941629,125.91113924479491,143.5718358821031,151.28719364421306,148.34348037451625,132.76612215740968,124.1160406201356,124.54088598033456,110.1715562955656,111.21592187784144
2024-01-09,87.39598397629473,86.25602617017012,83.41505927478264,86.73291552519338,95.79209550868006,114.59151501657792,130.94797720254786,142.11867101413517,140.78758870270596,132.21132988611689,126.56262945490107,126.24660176408375,123.62608435031073,128.89261715642013,134.72227974316957,138.07172112711174,150.00286338921202,153.54586396269792,152.57578425085708,137.77866799730418,125.2288947546683,121.14737603199994,112.72230854694257,115.42924308757698
2024-01-10,86.71559748595189,87.54788884439759,84.58024270449017,85.9819863574036,93.57964380087071,107.65777374616405,125.45821683189465,136.80009674219974,135.05803316754768,128.1951690301965,124.31203553005655,119.98027380744836,119.6507810957207,120.19357079228698,124.02666946360722,125.96055761582791,137.20020093649453,142.81703110716177,134.12546101372232,120.04569891611379,106.46136783936613,102.34001145615217,92.88382016946767,93.55403549161953
2024-01-11,87.4330234855851,84.82790239794646,77.83325100794029,74.92360575587435,83.73740021981446,100.42053745592284,120.96709592353187,126.13920086296069,126.62633609482806,118.40974947785755,112.60580141724652,111.65054756581215,108.34872895567109,109.9783467518967,110.02223996865725,110.83576685688108,119.85175215840299,123.86216320087482,116.23353634213518,106.40303869278691,95.08162928214136,92.92006299469891,85.08876545765742,85.95847569646351
2024-01-12,85.85664891022037,85.02107531005291,76.99391428419436,75.26254621634497,85.48029369106887,107.06432170027078,121.15683222296103,128.6159022287563,130.11802423611184,122.4274273325957,114.85488205472423,114.12457054042032,106.51363502420595,112.68143733285049,116.00318161612395,120.68717006024565,134.42993483602095,137.0130062342626,134.92747077541594,124.95377769913884,114.68018214840113,113.31751927784973,108.80706399337906,106.01133647129174
2024-01-13,90.72286776600406,92.35071301696338,89.24474767891063,90.47010072716314,90.0744573396696,96.38389039037797,107.17837705870977,119.15775567163294,122.04260319599882,114.4069583726425,107.36076776351406,101.71295074626227,98.43251605632064,104.97431862377869,107.67408468273885,114.62922891306467,130.56446361480343,138.27600246475603,133.50353553904043,120.02100498929516,108.90512076439255,107.8738316944976,104.12689009068511,107.72205357177585
2024-01-14,84.02608701624087,82.2593336824481,77.12049718340742,76.2758140919749,75.55773578685681,72.07598344916173,75.84992515280243,77.90132772174837,81.70527069991803,81.69249547966186,81.97583997127921,77.8933594041658,73.97293283750707,76.04085997136436,84.37636795739857,93.79016319144682,102.81409920095345,111.6040865407879,108.430751218009,104.88018080640569,96.01751266505897,91.68298813062665,81.36116457817742,85.33751470014775
2024-01-15,74.88718857423467,73.56930840884412,63.53470139759354,61.0212369600228,70.86366745918596,86.38712505153954,106.11722214034131,114.00633698926939,112.28018965176909,105.4565260041037,100.17381874689609,94.3795392353349,89.7652219938723,93.34997586403665,93.57966771701564,98.67461718663293,108.59837350248611,116.83865491589273,108.13048622949177,98.02626009612496,92.30545520719326,89.73590238300896,86.0304880528611,84.1148299339421
2024-01-16,85.20010310369929,86.80709305935423,83.88575991747479,82.78016320340623,89.2665742804528,99.78658702373627,117.24392466958186,123.96710839477781,123.10431323558103,113.43195881232364,106.84308912055235,98.81547655013884,94.97830513809856,100.2368561987291,101.33020309591151,109.11620813632261,122.24614432949053,123.89653269370454,118.10302994400564,102.24023508358039,89.6571137392115,81.0111167616866,74.59096004736091,69.15031354478629
2024-01-17,66.02830379624926,61.44452962462503,53.20358264661376,48.12647884192866,50.59236905677631,64.20130881478735,86.9643960322027,99.77734153626764,96.63711874744936,86.82858050557343,76.66664816881337,73.34288818961203,68.85477256396474,69.19522199168678,67.03860119069626,66.8518485656775,82.94490788820656,89.52584529018023,81.44217667631452,70.88249239713505,57.70746369096014,59.08675683416395,49.872979791698015,37.605808879348544
2024-01-18,65.07276085626387,62.87544551845692,55.176069209472345,50.1463476422164,53.18260982796309,69.74614461383734,92.29714343372922,100.98256956015561,102.86715071115994,95.7989608217574,89.06892666352809,84.97065139596344,83.78743945705406,85.9615251947602,88.09061519887629,93.74448390743359,107.00345750891543,114.41727172298248,119.52045972133651,109.69618093385176,104.53842008021442,103.29055550166993,100.60203366132482,98.71458162917547
2024-01-19,73.96914040798504,76.88770969631591,75.26578029967287,73.51762684822977,82.8469247315322,92.25341136590987,111.23471228778905,126.67434058605427,124.61339691674078,116.1207938826165,108.25082003656718,99.24202996305449,92.97289883475878,101.24193641550033,100.01787052608165,109.79805982202693,122.78193467207049,122.14962896217446,118.09909241015643,108.85228407508211,99.51578089028611,98.7177189116498,96.25183536132539,93.90888554051236
2024-01-20,76.69233216394353,79.8396965185627,70.25037336546657,64.86110364562717,64.45360734664305,61.4562963817351,67.5792081088928,80.92748858231454,84.09320299753003,76.16487663501259,63.346948557039276,58.52313123901412,48.70675258731661,52.17311191183495,55.0305357100018,61.769664749826,72.46147775407444,70.96559614025472,63.43038862751324,56.950475391952764,47.507499694049116,52.58595585384644,49.001385294424814,46.802805698031584
2024-01-21,62.45036191301359,59.631670192069315,48.76766963416008,42.17181971364228,32.24746910800856,29.458316156069216,40.483610792192636,39.83719469894869,51.620372353563354,50.55164492192182,42.75858233808566,39.53378578006566,27.17146677454815,24.535351232349342,26.34482839364803,26.04046976299874,36.64763577399009,46.09314125538775,43.378973260799654,53.149481088826874,33.92011930205885,39.290047567200475,31.198603889657065,30.32328022960114
2024-01-22,33.82116297820298,31.697239107444844,25.585663230746803,20.73080958458057,24.646923716752966,51.25852915891022,73.77447561496723,80.57954296291328,81.10000406726466,70.85109955416718,63.002540969375,59.33853779931134,55.225868333143815,58.265893159802545,61.63362068655398,59.30668727405672,69.17754932522357,81.13616777114296,81.79583250719486,70.36146817358187,60.03245297853843,56.09719475751891,50.80294855710731,37.35819133629134
2024-01-23,17.756048035864325,17.181979115125273,13.748831481744233,16.793386311356088,24.177565433191816,48.29758258714635,78.10716072589896,91.14108465626904,89.9212424709971,81.10130222440776,70.05190512528361,65.12697438522757,58.91461130557877,63.37077263366001,60.45894998355317,56.989770039245734,66.49153716012773,72.19723455280153,71.146689913063,59.48642877975773,46.66558475031778,40.429492721239185,28.829607925469418,4.261672472853036
2024-01-24,1.0182959717660793,-0.3738354113212097,-12.163938413262983,-12.946264936585493,-8.731122586195582,11.440226755465105,25.52036567418334,45.099168049453056,48.556412115391666,46.26734028931038,45.29562476857129,41.85668407017224,41.644222720171356,43.27157148538009,46.51506787500495,54.22894814560088,74.66721500847474,86.9775286849913,85.4983185108656,70.05716136483196,68.52008708124748,67.35915622038101,58.610613320759974,49.201442792839224
2024-01-25,61.20277388975131,64.08746918762932,63.26922176116106,59.75272389470024,61.33369233840298,69.1337083432875,81.00965446770526,94.58958838517847,88.67842373760608,79.20950703578697,70.59490953424583,59.141327270786505,54.40797295361868,68.2278763779444,73.36822812391297,80.94300905697472,91.54102337472926,94.0468908999114,88.43886777774516,80.99057250374409,71.53546630138487,67.40168228474542,60.11497217993344,48.05570441631069
2024-01-26,53.15440150632889,49.81034275247204,35.215600881671016,28.20919385849902,26.46688213425891,27.463944825831504,53.21412937900577,66.5425305396182,68.33612679291991,66.87237610079914,55.195405203296396,44.79104028805423,43.66347419264184,56.41940100632408,61.99171889749037,69.53692591347024,88.12488544583826,88.93322965472308,94.96264018935406,90.4813247003996,83.06641202097292,84.71350477443113,84.25021053762401,78.55580734624938
2024-01-27,64.46039584230115,67.48574556262147,65.05297725517214,56.83245977692287,48.23173120828196,37.76144749803663,48.74246573613465,65.46776317337815,69.35305214984572,68.67140356971353,57.539295763999675,43.679543443120075,36.36611106363315,38.76601068754407,45.594185051479386,55.45842451467752,65.63329503560024,69.75868336310313,65.51748755649157,55.549377018920666,52.64353909449001,53.80630798274635,54.73596141245561,50.22843850536019
2024-01-28,61.58459549319557,56.7230848034503,45.45862592270292,35.76882110247432,23.689289924719034,5.493511931324775,-1.3070339199836098,2.6790177431601876,19.736791376822737,30.89454609629847,28.746240516560306,24.904628171948644,11.661495143216385,6.210419209095576,12.74711798352034,14.12285659043151,32.37871890983726,50.50910998615993,57.368598482974704,58.80956312157328,47.710902089093864,53.01932945917844,48.49777947484688,50.46121869084451
2024-01-29,48.59946947989506,50.802123822398016,45.186317677470036,46.53185096184431,55.051675647460904,74.26311611396659,97.01481894597855,109.27268488744588,104.10567925696368,96.70561790817501,88.15077607303968,84.98576482279742,80.4489571991579,83.59202397781976,88.10261913091882,86.91647667686956,99.67792443447848,109.72848824149355,101.36574609670294,91.1409565806863,81.37123385643659,74.22105804899019,72.21448272427443,63.88552230455153
2024-01-30,66.51790395515822,63.981283802687315,57.84186294770817,57.340314261747785,60.07014677801461,75.34820782821416,83.64568399260128,101.30152156222333,97.30229782009773,90.17715399623316,83.19271273453053,78.43150066966945,71.09715297317388,79.79093743029897,83.00648820432419,91.6799601032143,112.58836902292809,124.94376253676418,127.75163492797873,115.86490299738784,105.59621762970033,100.68038871971973,98.26107590794548,95.80103664724047
2024-01-31,73.4677514488721,76.72696083779647,78.03079175457651,75.94643686957556,79.62810184583446,85.88580087544457,95.33382707084439,109.69262474669591,100.6021814013238,88.23156063565213,83.41061489972489,77.17511316990291,73.0884592467369,76.62326258410587,78.48114785853352,83.5298900015302,92.5818693155127,97.89592187696837,90.35122921731387,83.26481854392293,73.20512522004887,65.23447498351676,55.778115556959236,48.440122457672494
2024-02-01,45.13965380713552,43.49306521183759,32.49385909973697,32.89277584588933,34.787698447981626,44.062501186311906,70.63623160226999,85.89729967734833,86.50813752802696,81.80433753231475,77.95306886462674,71.47005656053014,71.54748873440904,77.14913501348528,79.16910679660788,80.30508608234665,93.77077387606849,101.73421167956907,104.14202266863165,93.76950673502893,86.57724092930383,84.63399549751449,80.50604333906512,84.29227446521912
2024-02-02,64.63659165786164,64.63436166154563,63.04609420162416,61.142982765522376,62.55766468955993,73.49501423380511,93.62487033294072,101.87884056546233,98.21700478362742,84.62147911878237,77.67784201512194,71.27827957236559,65.77893254113764,69.72079523588503,71.54088161809251,75.44319237162479,80.73009217557532,83.069189637857,79.48480843012348,78.53062882656944,72.88259613491681,69.95693452762504,64.60331203774766,61.19933182285527
2024-02-03,34.92185031482218,32.80275272408966,24.75125208280231,18.546074118840608,10.324248747910275,1.1309335745946925,15.73921282806819,40.376046229323435,46.65957599225867,40.32478272451786,35.38352554108536,24.17113591716374,20.308726360795163,22.244151401617927,28.70475482944812,33.08916442224934,49.58605636805143,58.089954285599745,57.54027124228571,46.667522416503175,43.418292813714814,47.40868126436537,41.760225846366524,36.72924711083358
2024-02-04,33.09147662701966,28.41113180999332,21.13273957131446,12.817062724650768,5.513257551465728,-3.6222443060748333,1.303661003380796,11.091915831778905,14.49584688356775,19.541895391519375,21.94534698082778,11.870266727428628,1.8986162744189556,1.929904871462682,12.673874803935007,14.9895339740128,39.92705318684925,57.61007808563616,55.91164435196836,48.00437232951734,48.26995829894929,51.336037805779384,39.75949927511073,40.196073047392346
2024-02-05,5.3146349801431825,5.587464937474209,1.5746472791635568,6.981221453088224,19.56777397212771,47.83894062217935,70.11582032113358,86.96926131881581,79.91309232746613,71.88916482187487,64.1895347994627,55.944811287163986,51.97380629310291,62.47693048958266,68.76317303836558,72.10279591943942,89.91212402697766,105.07947003420546,95.48095918114082,76.05357742046772,69.51360859460101,62.96096918793022,54.77086839199385,45.66334715823405
2024-02-06,31.593788337319367,29.20662353373912,20.76287370924574,17.25802471818274,24.97581001899175,47.56319540411694,65.5909346051247,76.14874703407716,70.96865661601709,58.8534968296786,51.29038128221458,45.64296279868501,39.81108878031339,51.38535438328416,49.79744770584669,49.344149555902376,57.33047829960796,63.12758252094646,63.099954532721,53.890570030814544,36.954758952991384,34.408422825872094,22.35566611903957,11.962125232445189
2024-02-07,33.147889670248816,26.27748916371877,14.782628163825095,14.082989312401267,16.327485632073717,41.10324339821187,70.54578575836639,72.69887300569903,69.79453819785397,59.79436589927389,48.24034902279259,41.07137579850695,41.42615565872096,46.54083977931742,46.56064439037539,45.80981244868188,62.45782936071508,70.69059750318254,74.71535676826379,63.864151130145615,55.25019552568766,52.3510094432534,40.832967611452474,34.207648960541505
2024-02-08,66.79048092275772,64.0054884808747,55.232145756568535,47.88308069477348,51.20169953063033,71.4146702069171,86.14574202236189,86.35576473774196,81.40716330432318,71.67694757421503,61.86834267506386,57.23117029656844,50.07814436454876,57.67443664961469,56.556781997874786,54.02838523228223,61.41056011185114,70.28891973280061,77.32186785838394,72.34353814291585,61.226621482735595,56.662220822076456,46.237394816670474,36.83994607175633
2024-02-09,15.480182072283384,12.98318816399724,0.909212608444065,-8.161458625007128,-4.433062023836612,10.316140156423472,37.24252129421315,45.50078985231241,48.902116423103436,43.11542248416957,32.167985127330994,25.63031049139721,26.02266010132017,34.43847535224789,41.8285409984491,38.25029865320964,52.348211436043755,51.873265801721104,63.094126777481904,60.84917504392031,58.950611583952735,57.795783936814544,55.24754329749168,49.19573137733791
2024-02-10,63.59135283720416,65.39955175672573,60.54604342512425,58.81220035189405,51.970590695917444,47.36824654282813,58.971237247966116,73.24418614733813,84.12954326542393,78.09542586729361,71.77258686532824,60.84016615657326,61.83980021305968,68.54069495549858,67.28231994389327,60.75748796237583,70.58441420151381,73.60545912426744,72.71573532478514,65.106816796086,60.828779052745915,59.52687117215169,58.577678847658234,51.918149423606025
2024-02-11,48.532623221307986,44.399127105258245,33.29666052599088,22.913609162107207,14.893115594507421,6.249763603741087,16.045109250798134,22.141386158185256,37.34499248177764,36.035749985482454,37.21821529625079,31.2966159873926,23.958086556871862,16.631269940060747,18.407032429489803,27.480993617834542,53.27482765820044,72.51619410933723,79.64926879270044,77.03145985277287,73.6686961768916,75.87121111835705,68.10761795312087,66.7167872817615
2024-02-12,63.25029727360067,64.76521862909277,63.2450445411648,68.72157742172969,80.50112265818856,101.59678612435344,122.67273463092712,140.98612867657155,137.55437589062427,125.45262131653679,119.583375728913,112.1777415553505,107.63419943524951,113.54325689746145,114.55764040926464,119.24658224484621,133.84001897397775,146.8326881651744,140.98419498506775,123.72815449753875,110.53978547167425,101.95149223224571,95.69719410130503,91.52596558353041
2024-02-13,64.57455263182919,57.93406423199885,53.247821854786054,48.63718481444601,52.49110887119648,63.17329680202046,80.42347927039262,85.44556600460015,72.39046025150898,65.46668567440162,58.9312396746288,51.22201544678971,44.95096265671344,42.16156758322047,40.772178060395376,43.371089066956216,54.84550255011318,62.34372290317674,71.4412920281843,67.06093082807074,53.12312296909457,53.14853856109805,43.1736057260282,38.60184221372016
2024-02-14,55.59263664482088,53.35831011187443,47.25557887575328,47.515304341670905,52.58441253284332,69.61721159354941,81.41821187033837,83.92473209379722,77.4792538501327,70.39688333796343,63.038798315167405,56.841568336990214,52.985206922059,55.80582636755642,58.64389186126382,63.74933151556264,78.00689664313245,90.43932575726362,91.78555482400665,79.4171331481856,70.74199528928796,67.83175132587192,61.162877017160966,57.56330268818164
2024-02-15,54.511902922784266,53.9341509623228,48.45398509807805,42.7978195127407,42.82098359226062,52.51012707674427,68.76337918725984,76.45497473010232,69.33315434396772,58.8780525696982,51.37171541124322,45.859644823943,46.65997096331192,53.177894881730204,54.667290216831965,53.258238323592096,64.00320879422307,66.87619036095128,69.99169980537819,67.52879523528837,58.77792738509447,53.205115743895576,45.83880158042632,43.41833749994003
2024-02-16,46.32857230459418,41.60868545532408,32.47878685012758,28.09722761267291,32.414026268499995,45.01758863449368,63.682805977022724,80.40064119768067,75.71919985369632,72.28955556900395,67.84638473999186,57.07427085167468,51.85920814304457,54.495888771256965,54.28329693083724,63.612941965642186,77.31384666414344,86.33890708609663,91.49779437744976,88.48719321158185,83.89865223083982,85.91130174315228,86.53642428920818,78.97951585325563
2024-02-17,57.919593127486316,61.26861807785588,54.21348552193199,53.63458759727761,46.099106488259665,42.68036308001106,46.99694771341912,61.10078915537407,60.91677333947521,58.607928338466664,49.58244049819799,41.953880375533835,35.230664322710325,37.99688134918824,41.59879155961801,56.11391621958415,70.83659587295551,76.15240561248831,85.36322538297108,73.42210456347632,64.31812318555438,59.0730158536018,55.75806353774277,49.82025257952387
2024-02-18,51.53368675011454,46.456287241607804,37.28672177873335,25.313727996082676,22.51140271973121,2.955176357631643,-1.1941142450961308,-1.7206488431661455,8.322958020127558,11.448413052508158,10.28381576160804,13.230002725292806,6.898748657095084,5.425918840820685,11.571587059045129,17.22928796004136,27.357019612870246,43.3531342513439,58.410317712410276,52.95728149524059,45.50404921093103,55.874245936478715,48.23033365972454,52.095200741558635
2024-02-19,41.87279796907439,42.986519594102184,43.58973166871595,46.04985599682604,53.82401942834536,72.83466448458137,89.13135714781245,103.0876774041229,91.4116653560525,79.08437883803174,68.34139772427851,61.053800515945,53.70806040907678,60.52048871507766,61.038487174743196,63.466800023390824,82.23581635145413,97.17125885938282,104.1778552021606,91.23216448457923,82.01627111892897,77.82969028182646,72.26976214642178,66.90379680670938
2024-02-20,54.77162730114878,53.71410854009243,54.253007505575816,54.781426123901184,59.37982906224355,67.80958545247788,84.35838837349817,95.75994777489785,83.72095579499924,76.3074526786042,72.84951710510724,61.229418577193066,57.68438880160323,62.00770543226417,62.1426845854165,68.45688797356198,85.11390882647837,90.78059641198328,94.61653915532376,85.4730163431439,81.74600700688615,79.62093020737237,71.24108803477132,68.04881558658815
2024-02-21,46.76166765818243,43.27302882216868,38.10417890915923,35.79610299160756,37.506176880456934,42.787959683264646,56.0840282998618,63.88728786225042,54.48955404088535,50.701399892635436,41.84730675872785,36.557288417362386,31.674844170239723,29.93935695274675,20.873033866005997,13.691517685338255,23.03268561077391,36.482683650477966,43.88499970251176,38.363655955904676,26.371422579866547,32.63859562029049,19.01425732685108,15.119759706500233
2024-02-22,25.104061380292194,22.982666458249582,15.309382607504617,10.773368602090102,14.699659661610667,35.243494201835446,51.166326292126115,58.61643897526591,54.766475706593425,47.25232251120667,41.625509056622505,37.97600245490189,35.695245593301635,37.589799467560574,34.639714211811295,30.288882532127445,39.65838703243554,49.294688475297505,56.32816840251196,51.9995101775981,49.53836720925395,51.17066456174608,42.35165386023476,39.10980305596705
2024-02-23,5.222497659345336,8.703137858418174,-0.2551994016758101,1.9675778521734628,13.20112429602706,41.847613228874565,60.03511147281364,71.60194249689772,63.84058842895815,56.80681937620498,53.079909578673366,49.59156549340002,50.64610408788901,54.598528698436915,52.99183786167137,59.045196318355515,69.04755688712527,78.497318460181,82.38813203832606,74.2324863420962,64.67254627842196,64.05985390795368,65.22109883430525,60.411938136051404
2024-02-24,66.6379166788476,63.93601836117318,56.634639680874855,53.13145609786481,56.13290694142847,65.7333550812761,73.11343099752797,72.04436246394451,80.3778652663505,70.64846108122882,63.93141013057249,63.644877891425985,56.98098118893302,60.2798148169459,61.405626065209205,60.279881467548485,64.15054730560496,77.20082885921875,80.63501259389467,71.00846112752653,62.152113674106616,60.27635890805451,59.32615001863365,52.66695155912415
2024-02-25,53.54705772504205,48.89020164110793,43.77910414463051,34.72796118682076,35.792976092993584,33.972167874024066,33.69628337166864,25.82712789975696,33.05401600978131,31.133848504105643,31.201576073033095,35.56226341520269,29.688297169078467,25.89585653849275,29.720868110245647,28.49864834469372,34.46348186803418,53.863867954364466,62.07370522024986,58.72734094634281,51.78751377678279,54.488617146849066,49.63516551408678,48.59695902533392
2024-02-26,55.334921245718874,54.02893560725749,49.31317933514176,50.011189183648945,57.54785769116594,82.01449129141776,101.91246813355902,108.45725392779839,105.0137625737649,91.58982115757074,83.88760427778581,78.91079544453399,76.3444258710399,79.0905344592426,79.51143470648941,78.10314918067978,92.24653189648745,101.9703348685295,103.40537066564788,90.30833571643984,80.30563433873684,71.75401366776487,65.09778323888217,59.779061604514986
2024-02-27,52.69867153742997,52.09078921524449,45.77122539212123,44.008949077090364,52.68095005347316,70.08781343495791,91.07027420856758,96.87593131428893,96.15900240418739,88.97441424645514,85.00608067703673,85.59341244602543,84.00891092057415,87.41958124343054,87.15875849635216,90.33420908584608,105.9905515457765,109.88775948644708,112.93557983824422,103.82793014393448,93.56876214813505,86.78287878077415,87.83691839698402,83.26441800734973
2024-02-28,62.03639772371087,62.73882616296967,62.03649270338828,63.89523280135231,69.0550647083336,82.9308645024977,93.96633318767581,100.5215692677273,90.57869628706759,82.52059314399611,78.1823466346274,67.82377966474002,68.1546177879211,66.69200286987802,69.64496316457826,76.19549733509791,86.32759247876825,101.53235623567562,106.01817819060648,90.10654746031688,75.58616365022337,66.75752602938505,66.16928176590321,59.671650197144274
2024-02-29,52.94898390080479,50.235074036025715,42.26242627606149,36.05092689205888,42.85907618297243,54.44017486041048,66.19484126835772,72.9910479545114,67.55542551051326,59.50385408666226,53.019148277754354,46.590523229443335,52.10042630176134,54.39998878636776,52.06244340767684,55.1008748968975,62.220551604666696,67.52267223487512,73.29602614828732,65.7094611615703,58.49274826768685,59.66741204164384,56.508253470409336,58.88032590145761
2024-03-01,59.695716118205,56.28104496250996,50.10105518958221,43.158131565249,48.306447552000286,66.28183426225101,80.53053611362792,83.14167128692111,78.33924097963484,67.96883036528254,58.7657489416555,55.66217219250776,49.13750215060439,48.435210901556125,45.097135662634095,44.790924105511436,50.96199814469145,60.604964624265264,67.22670083551294,66.39716735314491,56.931970593946176,59.09836333921598,57.56502820775899,50.06066687566425
2024-03-02,57.66787617275797,55.98764840977616,47.36329380859978,39.783819561907315,37.9242571765336,40.220917992804175,44.37277076044887,41.535597223621096,51.82731813076613,49.46301583809628,42.960763618359195,49.574517309272785,42.29015413837872,40.77894672922292,42.3499801684284,45.83295622100847,57.479916351621085,73.08212799213734,84.23295791190235,78.39514416663401,73.8677493768899,72.44241084389068,75.88907152332212,69.28027124141491
2024-03-03,58.39166931464105,58.498114209189566,54.81061268325991,51.59440144484495,49.63483856141299,49.482581560085364,47.1353872134829,56.23166289281326,66.43322575920797,66.10997397276344,69.9838757854942,73.21559957345116,66.1291726726058,66.90468210645011,72.07573471383694,79.31945495889681,89.1958791721933,105.83698551560688,108.03682114366217,100.16364393969775,91.36660816229563,88.18713063307838,84.67022037426851,83.73650360990845
2024-03-04,68.53745969688363,67.21219306153289,61.95298736129033,60.76794688211404,70.92998207243474,84.46800401848618,89.65158741026008,98.60622440274071,83.31746846031986,77.07474166877367,68.6733506421223,68.4802664873867,62.46625328371574,63.766194554478126,67.61036170215075,74.24069340904441,89.8821833781404,103.50546542701987,107.24283873584035,92.44164301928774,79.1284168760616,73.03913636005171,71.18633799150035,66.27384294091682
2024-03-05,58.46934892520573,58.90359694795208,52.89948519774244,49.06297923454046,56.630118914193844,72.09675726172802,89.35409624014727,92.66118312886968,87.82765249159407,81.27500743368707,77.44051907510388,75.3860594512837,72.64140443686705,78.93740923863774,79.75594479169959,82.74605103658996,97.35109742829698,111.20528274003219,118.2457409286844,105.33088607569658,96.46618719913121,91.4635106468756,92.18615664456223,84.17793443097898
2024-03-06,71.53669597461746,72.23247024122254,70.24313349296432,70.84369812603836,75.4364309828967,91.95173867890969,102.8724409298269,107.32630338304662,97.91021717798621,85.81906814172063,79.31678235420608,71.70736800276023,70.02295310102055,73.62906102305624,77.29929140277547,80.67176329646,100.49453731077395,113.18046064466415,122.28230466705959,104.270412989314,92.75379324156327,83.14725401091948,83.30151151075476,79.6568739485853
2024-03-07,69.13391991500828,67.50655241345251,57.4677548952604,51.41694561275315,57.62824434065166,70.14000096875611,86.95307463972284,86.65086604993125,74.57174709260181,64.69505905387211,57.09011981400193,50.22186832115341,50.69689831296781,53.10676836659823,49.55879147317659,49.93001930575153,53.740762518575664,73.13444927014639,81.4422259975591,72.62883660760032,61.41836693308984,57.452549232949764,54.13454163780896,51.75083894437135
2024-03-08,64.65379933255268,64.50147245251176,59.315771897181165,58.610065429558055,66.21713817388263,76.248441618153,93.67829642767283,92.17115109519003,89.63591067122196,81.75855389013986,74.57453491431329,73.99734527248077,73.38085184526611,75.65735740258611,72.9532381816077,67.28302338866536,68.93184195760489,76.71549494712615,88.35756275349459,84.20285957556051,72.90978396456026,72.19288036976775,71.27373705876943,69.60001873572222
2024-03-09,56.200526882209736,56.54909754985976,46.21545530681717,39.32944059845656,38.773570292204965,38.273012512761625,35.892975681292356,35.49102926764378,37.818089422687336,28.8102040929394,22.228238609966283,30.736884310044914,26.06575636063191,28.44524590237134,27.770537381069545,29.29383439552076,44.81458111269332,63.896943635415056,76.38265089926966,68.52040932519084,63.26796745432539,66.57594990119047,75.18269816862886,66.64573843226849
2024-03-10,50.40595995970221,52.19258671610957,52.5385118101679,50.44887329851814,46.41553683381404,38.707069116318905,46.454404366066825,42.90853580762635,47.30356210501394,42.59230667412814,43.34162462315233,35.33127915621485,34.26835485588664,37.381770110072296,47.3761665474519,62.27232331275367,86.1679975515176,102.56936115110611,112.01030070529742,101.249481692287,92.25967111875231,85.11903403607852,84.1329359377297,79.42632162640763
2024-03-11,55.501218145702246,55.62804609191801,51.84678831308965,50.9609794693582,61.5001645864894,82.6108599052797,108.09212425602742,110.34516602966296,102.87482098280583,92.63734844783431,87.09787957593431,81.0664981027464,78.83073787986194,79.65416883373254,76.81847395338289,74.9824549727216,84.21370471695631,98.62593249238518,98.85305499163815,85.37423205487131,77.2329525989376,71.24141318527423,68.22113087215405,63.691964853481835
2024-03-12,65.15824382805854,66.1417697435807,59.989817378630434,55.898830226292006,62.52274896376167,75.6409737385332,86.19189098968424,89.02865974823601,83.69279540677458,72.22310887972456,70.18623907473724,72.85674972081384,66.4809531372763,68.64432064992602,65.15030739147377,64.0151717750844,74.56416561058523,89.23888641886934,102.66785379838772,90.71285632669563,74.95755705035378,67.21152650359713,62.06251756362768,48.42991525573767
2024-03-13,50.28240641403951,50.29886522848143,47.0307050973686,43.06597510974939,45.095824494623685,60.070113885354715,73.46535083994404,81.57990316286404,64.97671839526511,50.30242976666074,42.38770503205586,39.57334853014494,33.77690442768446,43.21756574343613,48.957472355533326,48.83000642287763,72.22623495842247,89.60534071555143,102.02806823669826,85.21303963661097,70.0198309682144,69.62781878063524,67.54574828928699,60.548101071227556
2024-03-14,57.89679969578767,56.705220668211375,55.04508364361484,46.93507101987785,54.138129403224625,64.89524278805962,83.34199925954695,80.80247329497035,66.62030620603346,54.616128145878534,44.12870321559201,45.057047588578975,42.67759501362383,45.62583259524767,45.992110352109464,43.49666636958341,48.71948185353108,60.81720482615516,75.67692823864746,64.23092204530032,56.163174678038004,53.57199845227676,43.640843471406555,40.84680415286532
2024-03-15,39.88396741670033,38.29804801759175,30.329834128332152,22.28854128485355,28.110260231041735,46.097706597453566,63.35729596852258,56.70498272829255,45.11171853071512,36.79033137078572,24.67551866819052,25.853375114306658,13.786168476061974,14.949600026808227,9.257429359784211,11.191746887818454,19.75043201880895,33.62486283941318,58.953833548488774,53.27729520060528,51.06746613191487,51.02907903229509,48.259380415242816,34.33644544361562
2024-03-16,40.11698948585584,40.30695057766949,30.525764777950833,26.257471752435066,24.849903319466023,21.220862702254692,22.230867939803062,29.97977408060011,24.01215355046375,18.986332505804754,11.039965125084777,24.19416702214825,14.508687086379396,19.67781126278298,24.383462255621595,40.46135849691909,55.78177096287706,73.5090768133607,91.90850944927024,77.74655575789191,68.80937106684756,70.06880219835136,69.12304773466371,63.709280047544155
2024-03-17,56.082249377329916,56.495311264744544,49.159018634336455,43.328943278700685,35.09024627728215,19.906674825092495,6.122689129796527,11.377952471926818,14.156071867742256,12.318187765293032,11.229737795088852,12.22282539120964,4.699241475062223,4.74458631832475,23.05745994248113,34.93972452972578,56.64148485973996,79.52285179100497,94.30499786516461,84.99618795644687,75.86360193979759,74.27643392432282,71.67538274306767,74.07423014888514
2024-03-18,58.8877068783661,58.292044845379856,54.29998554203763,52.795732969122916,61.27795379924842,77.94605791693306,92.20037807605198,94.90114454816883,81.632654221069,72.65010812578348,65.55848151598339,58.204434214775716,54.54001200439057,57.2460000073445,60.56361345724154,67.04423376009866,81.52226534356038,101.69081663457573,118.48115815646968,106.99744620273572,93.44935081240448,87.15026613740534,86.12598049752233,84.13223081139634
2024-03-19,62.18323759520096,56.10507738524907,50.349990735885335,50.14639897869826,55.59558849339135,68.00093730403151,73.33096425458123,85.42783205493461,66.93747644112383,53.837016828819834,47.41989489823096,46.52367864772336,36.857047458875314,40.50734057302602,47.02396926394244,58.05468926060139,73.90231762304985,89.23261586409376,117.95385033604802,105.26575964654668,90.37934633228463,85.9023499553293,79.18187718415948,72.89767241625049
2024-03-20,69.36715678017619,69.3748231174518,60.15588266031129,60.46362466286064,64.38113923389812,77.5450920512758,90.92650673901609,88.81369815159516,71.63266464181224,62.00587571606805,49.5123618586848,46.458928606002495,44.5885072281745,50.72894977333039,55.512416682869684,56.68188174070458,73.53877378279667,89.92025733784176,117.51987790163388,101.32376644749863,85.47555955602593,78.12059465344063,73.54539652114164,76.26779680715345
2024-03-21,58.466340940403256,55.68992540318319,48.00285079634597,44.8301810641711,48.89123650848934,71.74611008409963,90.5671894458662,80.45669780964127,62.30987819598148,48.35786247898537,41.30498031923567,35.2178969930214,32.53433119149753,37.00755232904485,44.778488809883726,51.44091636143423,69.8402490800887,91.53198525827058,120.69318772814255,108.05104014964236,97.34949104064566,91.0492698331126,89.65534975756403,89.42201697106808
2024-03-22,29.84209536847169,31.5620999307979,27.610628245937967,26.033209628088173,26.43542932349179,48.145881007163965,54.44911582890451,65.03845401609942,37.1445843550688,21.059816934365244,10.764517626826446,-1.2514741218962513,-12.44209767802215,-13.493350581234822,-9.076523181760876,-1.7732704330582436,6.148892757504967,28.693397056032296,69.7470470279066,59.57663328100695,42.163342977283065,40.272889900336395,37.20144837179558,32.86150128458334
2024-03-23,0.19520790477344008,1.6076410022161411,-13.142260864804271,-20.160059298223302,-26.431652725158287,-16.399211920514404,-8.17277773064427,-2.9721905897822296,-4.369535013354707,-14.211737783277115,-22.686792682480174,-19.56214470038519,-27.24240953725767,-30.87636316999206,-29.627063398345896,-31.600809681627496,-6.484685705453359,18.28371342428875,45.58064924554438,37.02416021434415,28.968099947476475,34.984578504552246,42.42888534108805,35.41131240052876
2024-03-24,-3.5911483048096926,-8.346005881805638,-24.64857353181735,-22.697586164956533,-30.13961286400361,-18.98241159374558,-19.627134331142656,-27.68460314942743,-21.612352472358722,-17.176852787010304,-15.654583298460835,-13.90329268693803,-23.670154111515643,-21.34765918590969,-8.175158843794264,2.12937629009393,20.85930079080559,49.65483922917457,90.9819414118772,82.85057082712535,74.60807096162898,77.23431825765897,75.29976473394271,71.25722457830054
2024-03-25,58.89536654623103,60.66658669266627,62.035867408956925,63.188695660729245,70.34006328294316,91.71751077078184,106.47528025641812,105.59472840818043,89.07942283732527,69.62036953626283,59.14593210860009,51.21601694133514,53.40715159091579,55.631930253984535,65.29936636504604,61.82705049390464,68.41215910502449,85.87300312704198,96.73861334089091,87.75301758702284,68.1295928546603,58.76821497420104,50.94082780326453,45.8130508669677
2024-03-26,3.8677002177822146,4.9868467013410225,3.712789717845837,7.646968924917672,12.42483646539361,40.72968736144166,72.29426925570326,77.3989587517163,64.84243919841805,49.436662410784166,45.92176207711134,46.62801432823673,40.60753766659431,48.9685303231684,50.55606855566602,54.51671710023696,64.02785481997722,82.86407254354603,104.25651946390656,87.90793641322364,70.69874916917513,61.181959762724034,58.85628595653554,51.821482288056885
2024-03-27,53.685694572749945,47.274238303156714,39.574914035240226,37.71922778632356,44.439579278700975,71.10929022093,89.04444634618406,85.01134646098998,64.23121269089988,49.55059945134931,43.71752546071198,38.3235974485615,39.77445469639911,33.032461236955,41.005000925475215,32.712903273815996,40.6047235031521,60.94966606588285,86.20899638587072,73.28712529099909,53.174471038655085,51.714114061122345,43.10567210163457,34.45995305274607
2024-03-28,18.85721968124045,14.50064196261971,1.4641335979353727,-3.244406135866427,4.814586199601408,43.930951503307966,74.31205177443852,59.53964212768149,41.8748486476033,25.967054121793495,16.802237544097125,13.286938593088237,0.9191077654215718,1.9494581205175052,7.317225082874614,8.325945675945519,21.08409033175984,39.73613353947627,72.33264891099402,55.69246064528629,34.91726860560101,32.22272453272143,35.97042700402814,28.613877437036535
2024-03-29,11.871005615051871,8.922213216099408,6.783002327818153,9.869202614026491,10.26303905340258,40.58234505813583,57.1402522856484,55.20511484336744,44.880861940088735,31.673018793992725,24.794551225671725,19.183397569299814,23.573763103642648,29.802947448853686,35.86940250833116,24.994323644946263,31.511373944542044,39.118191727834926,65.7489930134763,56.33637719275383,45.237627144557905,48.48488751533745,54.65308052558961,50.23799550220286
2024-03-30,64.12724567371484,68.31347731995936,64.92515468113979,65.75943011870578,63.60037959752496,68.1913420166986,70.76585783870831,66.59835653789719,67.99778572852381,55.05188707806522,48.1125172582476,47.09363868241199,41.55004434344434,37.99881962224077,47.064078659797076,56.01945108416097,59.18870593919064,77.01834088817799,95.99795905868464,77.89342744190657,64.74143053740653,58.933810570323224,58.883500960350254,55.188250123207126
2024-03-31,55.98728992544249,48.04267409361398,46.88234106766282,39.01938812727716,48.78570273407489,46.509204823455605,37.44240438781512,24.595862134538194,30.565893035078403,25.29125629129669,25.059088928605178,21.8488157770486,12.897442994932618,8.959115301582955,19.59289363771471,38.924659170077405,51.11815635116464,62.777669262886846,75.36555857965361,71.1672076294063,58.808277159154756,62.069033997147976,55.363302561854844,52.58992034782766
2024-04-01,16.369210846935303,3.4736187322798315,11.866571365329847,11.535986750526973,7.345169508442751,28.750891895940597,45.16410826777229,44.42141127115249,30.92672700217831,23.44518799539229,24.679498281992082,-6.813941537399145,-4.579485287662919,-7.5776849617479485,3.6381431561458726,5.670454459022551,26.974428508062744,41.35345770499033,49.83504292305173,41.20118306550758,47.87101629429178,39.14782206906774,27.559865767706412,8.688935214540479
2024-04-02,0.3810622904718741,-6.813970457693216,-5.871576816416081,9.712868241418533,40.6472870860986,68.42679498512095,81.41953034930418,58.966401336604065,40.414071641716234,36.58853002338026,26.2608327539549,25.555598403552224,13.73986476853976,11.659421955443605,8.665415184118402,20.279811198152416,46.26555396278388,55.08941193422132,58.84342082756049,46.12439454545134,30.87648135786897,19.699947488403964,21.85282010571629,9.236010309616887
2024-04-03,6.578526353286037,4.128824013403943,4.929694942564126,12.466242335825044,36.449211791439524,62.90996293860047,77.4580449528925,57.66267418404766,44.6419541035153,36.600325317718244,23.20473733871762,25.067609193581845,6.841157553540455,-11.725240967496063,-3.1508641772836654,11.933679254383762,25.886924592417472,35.95624928969988,35.65922542149826,23.611682519980448,20.486464675685923,6.412326801037295,4.685460683356382,-13.420263379722797
2024-04-04,-4.395483960388603,-12.286084533974275,-9.372065844435852,-2.282117160891829,20.28994547860806,38.130864581733505,42.55219585434921,21.39624686573002,-0.25943346422261016,0.2103579405334557,-3.4064385650222135,-12.10033725445615,-21.308484691697274,-22.555639638425887,-17.804280161122193,-6.08577390585242,-3.7386470329062433,15.391134113412932,32.07382761559499,26.56360357854861,21.924606709429966,22.916707825396855,18.924930183192956,4.594711837883111
2024-04-05,-2.6790170422969766,-4.27208907052227,-2.0250234940621255,0.8429076051379667,22.463914297404486,41.37526320445957,47.92651366772279,18.456221399311872,5.501930331011877,-1.2039412590706888,-13.798780524729835,-18.35178419967336,-34.51818294711447,-26.26444291844524,-25.13846291751956,-14.133013618352706,-4.482445524254928,0.7094158484989919,7.866621020225097,3.711156256005296,4.532968988508017,-1.4534645740979215,-2.5581671858433737,-22.92566644768955
2024-04-06,-4.935409778732549,-10.604460482169685,-20.026432778775373,-29.146447720125167,-27.576121731023065,-40.5243088358516,-57.319164020725,-64.02729540039041,-58.51355457966922,-61.065159533297916,-64.8598982387039,-61.991311075499695,-84.69667353563261,-89.34669611316966,-87.11726698734772,-74.94589097575464,-54.117422643994644,-49.534329687927254,-28.07326259878772,-32.00319500440847,-22.832093569420806,-26.14194817422286,-21.03590307480711,-39.95885629651181
2024-04-07,-3.7847884079644842,-5.427474107370884,-2.4936521739431043,0.18546762557419072,-3.1456925854331956,-15.493273434910833,-19.979972091955744,-33.70001032500301,-39.111571404889915,-32.46514470460038,-32.89496514122065,-40.86734679430292,-41.95260443848605,-33.57187827222833,-20.32620905283318,-1.8260100634087877,17.36396993453647,29.382453560250838,37.680232078093425,38.7304799498188,46.926056235363816,47.95035321532667,42.37645752974372,37.70542948996767
2024-04-08,6.436045023141119,12.103370578729297,17.89787249427752,27.248691343227563,45.84611365346169,59.517207590049125,73.0398262525452,62.374303455916376,45.622515943575195,36.43137613004825,28.464106624849506,21.28820975754114,13.712188986652308,8.910592232496128,7.756205375963901,6.4149566645427285,23.253457573888184,34.932241805039496,35.93476397107747,23.39036717946972,17.662821987307282,7.859734329583858,-2.023446386716401,-12.313123775770919
2024-04-09,-5.597074600557974,-17.119574192327647,-17.923151391981037,-6.621890171680903,15.106177308805485,33.21406550464566,44.578095685444225,30.079126455158885,24.51817534610798,20.51053951956105,14.445342888200855,15.62309646185912,4.466621686217962,-5.309653179343911,-4.950296594477592,2.813101772985064,15.005601986487846,27.300119593166784,37.976684980263,36.90020132802354,35.183656735511946,35.61380556548201,38.741959555463694,31.059138882196308
2024-04-10,10.915500512977218,5.091670189906424,11.457285093495173,27.511817568298824,35.54975380197587,46.81461271004122,39.29734585748437,41.90166383256148,27.55086074589488,23.049423029579458,17.76257142210791,12.854509555563823,-2.013270640282471,-4.7347900993266165,3.861627378038449,11.621790423365937,26.548262999733026,42.55246027016868,49.722994058719166,40.51554762956472,32.966561631861936,27.302228272703758,29.220677367668713,19.89903133293906
2024-04-11,1.89932089760039,0.5945737643287288,9.997440444986921,22.27343449429776,38.91492559557727,52.74665844775856,61.57135834123011,43.58331321601507,20.063671285214824,16.330595875100954,8.697590654318432,2.770611094810633,-8.688753729585514,-6.777099416728305,2.7730006447657445,9.879764595857964,19.402784200168085,42.69700792989367,49.169755948790836,43.57086184628359,50.59380269271739,47.61599357147308,52.49145702285473,54.436324886876804
2024-04-12,19.776486972992956,17.51473567329289,23.04623563418245,30.613611670853743,39.637473034688156,55.50515173385442,48.55069050654802,18.95548803793632,-13.740801075200139,-21.674699928294544,-24.411108112561053,-30.836170951407937,-45.897456856721334,-41.94459199485556,-28.75584047312732,-19.5667671652471,-14.63513155259895,4.3744100204213225,23.3607098407646,26.12219637194383,30.175014048781094,25.30938896827682,32.65923023263305,23.451310234479664
2024-04-13,14.605394606282076,12.78683909613531,12.421076354237996,19.494869901534912,19.83663879338377,17.743432754766232,7.769115810742761,-13.573588174876988,-30.342343096549527,-35.47832593946585,-41.26216288338627,-45.41900859660272,-51.63856192482302,-46.263723705783946,-36.24954802964727,-20.399148294551267,-15.920713233952341,10.094991188473955,19.36987099178731,16.16641355412561,25.64425748182437,22.628667066088397,21.59959263663896,16.67196784895218
2024-04-14,-1.7985889450079782,-3.4096039421261395,1.8703579514636743,9.02506984123066,6.285231538163401,-5.245401378371525,-27.17040134403669,-42.354009307211555,-67.53719334328046,-60.84482852872496,-61.70901742645948,-85.55740407534897,-81.64085922723788,-60.230440068566,-34.81491266010342,-13.641811969034464,9.4160252333225,35.2035035117254,46.559691496699884,44.76647400265266,48.08094975838195,37.82704050017655,35.341559735809156,39.445856842146696
2024-04-15,-0.4240554644201211,-10.127903788414727,-9.761707813504344,1.7470673474754648,16.891853642162218,40.382844926772705,47.84276702407486,33.56700987559657,12.751712105877644,6.606152550913052,0.31667179812556867,-18.66797465734591,-17.36663804638559,-26.641801536117327,-25.41845125608525,-20.401319208398874,-14.793123872739017,2.9988786175631503,7.30630505466516,2.9110500260278513,4.248917750462411,-7.423297001177119,-7.726921556924651,-17.43642062421516
2024-04-16,-8.045829494651514,-11.929354743096809,-16.49559133452938,-3.4585923865688244,17.02792387454859,38.11818550545739,43.340185262323445,32.60715386724753,29.517901938228206,21.611038593041158,22.15633766339029,7.806691010168194,4.383546905344147,-4.994594732762806,-2.758762058142665,10.16275438107553,18.070500501844307,26.62051966231732,42.53256719622793,41.90974387605708,43.487928611163454,42.988166946486075,47.33471247904069,41.7283051134182
2024-04-17,17.93912712744961,16.89555673386306,19.58775579033606,34.591301105447975,45.14991294599405,71.03552076038781,76.29460481005489,68.50283790152871,58.74403798360663,45.8241196657503,36.967497251087835,43.37859036082722,33.8199615851495,24.128495791340086,24.8283976667788,28.49236471703003,40.01192066635683,49.91902166780528,54.51796079601155,56.863333648182106,45.599859599577954,44.066314106058385,39.488698643854434,31.700952434435152
2024-04-18,72.87966684242612,68.847935440127,65.96151252547668,77.26389772734657,87.16757015640322,99.46610853903934,104.75709803959904,91.2085370887581,68.93552545415452,65.67614827026713,54.97908941936683,52.35429912453961,31.890339289524903,32.403497071379476,46.85364007604285,52.20822623377312,63.22601419433076,97.18219092997191,114.34745055405125,106.09485125980461,88.57970230963981,82.0793628466125,81.389987604252,64.13163643788954
2024-04-19,16.554820859495408,-1.4761098799323094,2.381447258180984,1.8872837549972843,22.828656580066436,59.07634019903122,71.94921532058513,47.556364506317095,3.5357112415155143,-5.4303992699407075,-10.858903054773563,-29.247817022499575,-25.65101469715404,-31.3379070662574,-24.166542765413666,-20.7486283658272,-8.771211710554695,36.90159570224239,58.98608250168721,59.94426167254974,54.74327394683935,47.07590223646922,51.20993664937372,43.02755064314103
2024-04-20,4.666530347416881,0.07552759278298993,-6.562000898546785,11.137374887657643,-3.6603092797543013,18.375974898886824,6.110695499001537,5.751165189501478,-2.8372241545647086,-18.419194393690802,-25.204518488149418,-44.75950769154524,-53.5788384258195,-71.28527820165269,-44.33905476937518,-39.72202024623108,-19.432376134630857,6.564991320740461,30.031934805566422,46.60939750722875,40.81483725923388,44.828649609483065,45.74777484322284,35.38616705580178
2024-04-21,26.392261796826403,19.001210662754076,11.178761942598214,18.70766300343378,0.2299820286436045,8.1858327502174,-8.778315363513656,-11.101218515493201,-25.343649438933156,-24.639130677373473,-22.472359997706334,-26.5639219201867,-47.639201923131054,-57.512729852574324,-35.09592266125493,-28.903724278453794,-13.969049473571914,21.47401453999646,34.02766524474474,50.494519762203794,44.2024111865621,42.809116152352715,36.52126960617579,30.970596243176118
2024-04-22,75.35606410041788,71.39101434395917,68.33363852160328,80.36724152826697,90.53468342374697,111.15250022455564,116.14538334291859,105.44953803576271,88.18870059128403,79.44575879931205,74.44791543628662,73.36452327470528,70.97234827349013,64.00069161685744,67.09830539864564,68.72284425557663,75.05440782091951,96.613746238553,96.97812229900919,98.70078282268875,92.79904026888138,88.76472243456071,87.41804510501588,90.10682603436751
2024-04-23,92.60748085583934,80.76239896465998,79.13566572141602,85.15270332576048,105.0501833840096,122.15491685204321,124.93115755812799,104.28967700707874,82.00561940007913,72.6135134912615,65.55653101667357,60.65577244631969,55.491181116182524,48.34207386316489,53.59917706000308,68.12545231324805,76.84216595497983,97.80785342174778,104.67365759156542,102.10189430285259,96.78457357480828,88.83457417092987,82.7633616873467,77.67734696370835
2024-04-24,62.013276256071784,52.559688431393376,51.211824163160315,56.087426748172156,70.62145345643066,96.95386101414235,106.45007253195482,87.56105291973034,65.97832143156774,60.714247521732005,56.461267034969616,52.06222630952106,52.656750382506694,47.865638891684185,53.522882453950636,56.09542747572606,69.42944845175619,86.88134563211511,93.06891105275415,98.35760857857278,99.99952892783637,96.42727683133708,96.74448605746315,89.50978755556292
2024-04-25,81.25538334239705,73.990175529821,76.0855766196801,88.71376298617825,105.03544576308563,132.32194021306935,130.04127051067312,109.46929494601896,87.5496182004411,75.83110744264079,73.44470366550438,83.82587221751807,69.20927392674845,62.296317976485135,65.555753636079,66.88859486133103,73.18950181244448,97.43869201257834,112.77754682363175,110.25448395501944,99.71406669770444,91.668242538186,90.40922300671781,79.61963058559917
2024-04-26,70.7565242739936,65.5710531908455,63.69861644366533,71.89368949399062,80.40659369292926,94.4638575429791,97.00148642518872,81.81907235501663,78.79910809753427,75.21154448674844,74.49419573951586,65.22119283936631,59.15391761844753,53.63808702532875,59.644960434403025,61.80620462370781,63.972527989106496,65.8797111276273,76.57626451809297,84.89561304232004,84.16942591004366,77.20742012768136,76.72255983737315,67.4545281907462
2024-04-27,67.6570677595812,64.48382161620899,62.07035577834625,59.52072158818656,55.011038132783945,54.85387343138689,38.888799581551396,36.3406729044337,30.850207393212926,32.5858574848498,25.49289159157398,19.283071484299555,4.263584110144052,-1.8069816950506379,-0.06075881932814298,5.698331345048288,8.866946891081739,25.817018385709247,36.11680800238469,44.76981052373485,37.85953997246773,36.23519285931427,28.9792191033024,14.832574737835174
2024-04-28,33.101506182771814,19.721475303842396,14.348703402040556,15.468580793695693,6.113339176371625,-0.6134766726364091,-1.2216131951498426,-20.493612080880126,-23.628395060923324,-14.893818238242304,-9.25902913388471,-21.366073834106572,-23.89151159671161,-19.424317441470123,-7.495460062321641,15.112309039758642,44.41272322780179,60.85892565146371,84.72112040104898,92.3116076598046,87.67979375894356,86.00563865225476,79.5986822430105,79.50904235686828
2024-04-29,55.912810136763866,52.88139327708972,54.70287566049093,67.62872350865277,88.22860339624795,102.76840751398748,106.08788962734467,90.15833400527475,70.60353038867369,62.781653159384824,55.32170201218442,43.119366629999895,44.31728981853759,40.88371948952347,48.692467630245304,62.79640908414764,79.23724090429985,98.5990822256617,106.34135686660417,105.6476000435326,97.80861293981361,80.09069548276341,75.7632424472893,61.15137476872281
2024-04-30,57.581628889265616,49.996005560756736,48.67259875273972,55.17104914624617,63.241685800659184,82.38136931465326,80.85478271066117,56.8729501516402,47.13580398750858,39.875546487039315,37.03010941028438,34.60329792089702,23.072448255271183,17.906484568082988,22.535252678744015,29.782896248554678,45.4167523118813,61.4015907248649,81.48307925069358,82.52803042821625,71.32720813114523,63.69793599316305,59.54409371505765,49.910126566402106
2024-05-01,36.72410153812081,37.1039092812279,40.48984701380024,39.34139700880933,45.9454100578526,47.072826010685844,38.67909595583835,26.123868456601897,28.268023936023212,31.013634015119123,31.144575544428747,28.870051232531026,17.677451721005838,7.79010706389046,17.759946020311773,19.86365581442422,41.56900463658495,44.009473278246986,37.861216149313634,54.300783843238264,55.671050621293844,45.908922398569175,41.874009698143155,40.44432410475009
2024-05-02,-3.067248198923906,-2.946733401109398,1.0213923730152032,16.122769034860582,27.67495283164331,49.8905837637282,50.83546109308699,40.66594507698041,29.487647361624937,25.51069489745079,30.250335267224628,20.79728593442958,17.88871504541838,11.148365040144157,-7.7759488631542695,-18.621141882520178,4.974778764744116,22.17249875713503,32.881417347576374,43.26099860525166,32.763264480435154,33.01292371912794,26.761353105015445,20.311678341818663
2024-05-03,26.674442207249385,19.959679254603373,16.726476291169817,25.368772631406117,43.38781130184593,61.594273505496744,56.21064722889032,31.49747512793502,26.260777094271134,21.852604904718234,22.953155882402527,26.441727974641296,16.900981846081365,9.372013320223175,13.720281865289195,25.757347744311303,33.51476612247606,42.3757175763608,66.13145037943971,72.76045835861503,66.40894550420511,59.53410685092645,60.599726370875125,55.59339242955243
2024-05-04,41.806968715673484,39.9324090588398,38.15396817452114,38.06593515614337,26.97030898935627,17.19962950494761,15.794728048766444,4.767836647706133,1.672304605322509,5.453107140116273,-2.738406926231704,-6.341656046766531,-12.623350541603926,-12.56313464506674,-4.4485601183922086,-1.256241372164581,-1.6974829134493916,7.08559660778451,18.509208644670593,29.367432981294073,34.2896970239412,30.578621740047822,30.474230445633495,21.3286998994613
2024-05-05,20.693797785771253,14.987232737578921,15.685282756627004,12.689287724237602,1.5585871572111785,-17.978139922355666,-34.75699721015735,-32.0259014130707,-27.934770821620546,-22.636137247884946,-15.034093824129116,-23.180234846837493,-39.068045760826095,-26.89978703295239,-14.625223714476874,-5.442758179513476,17.44483348871111,28.734858880129252,36.53151762786506,46.82225436052411,53.24478690333925,46.786718471454634,43.53301739681518,37.87556337397024
2024-05-06,48.69493806731258,44.64730687977901,47.42128709685951,52.62534871734666,59.508360626341165,81.19024860666363,90.56240081046747,75.01239099619744,58.560180509080254,52.22357579428459,42.65511825604155,37.48581798411658,24.607370661581058,31.742057648478905,35.74627111947713,36.472934408998896,49.58147003203868,67.53248437793359,75.27049251818454,76.85046499441984,69.6067937070982,63.69983933326244,55.182153195715394,44.63971442782838
2024-05-07,77.19223342375314,70.80469914567948,69.88709730813405,76.33211580039526,86.02609067767335,99.5221803977651,98.67393637471318,75.82576838627986,68.30245988448888,61.216521499603324,61.40991836357432,63.62479191526233,54.84966845470199,48.67219885289869,50.66303278067957,54.1186007088878,58.49574841432744,64.10549777090566,71.03565019356675,77.18518605860069,71.97603643424549,59.48721809392702,53.845293849745126,41.79995936773175
2024-05-08,16.54917186781087,9.467379187080411,2.3013954239499554,-3.950921390604691,-8.781215270742777,-5.457676171294253,-4.274482621868742,-11.244481270177602,-27.18387446923775,-24.732360680588513,-22.651223916835917,-28.497516439485608,-39.37493455582137,-47.984688532952646,-41.03598648149112,-18.65311395392861,14.807576338444704,24.705654441743377,38.93493805957792,41.25190011380508,49.39327453054288,36.45741973215435,32.47460576675938,16.79280532659996
2024-05-09,24.190707140314203,12.921135256521012,14.101267515642803,18.748693006330683,19.299373475202998,31.924586244047134,16.308076123544012,3.9105946619062877,-7.400743629389964,-6.375004980331511,-0.46497162138498993,-7.058757532940433,-19.490601141324504,-18.788272669191883,-13.584526566048808,-2.0381539247241847,13.98436574979003,30.223630730629225,52.07591002105133,60.3556407967035,59.21167331378773,49.624150404596875,39.87945427760897,33.546774620736485
2024-05-10,-1.8340752942541911,-5.58259187600413,-3.2697059017231993,-0.3700159122995501,10.640136986436048,28.220923190960846,16.595360857034393,-3.1653125068646375,-14.29671529436196,-21.611338769875076,-22.062251162417184,-17.53401545834322,-28.935999180253788,-25.947861925197557,-21.029843690219394,-11.986983010807037,0.5470452207239873,17.602115937048723,25.096789267317348,34.642012918381226,37.637046492248686,29.518279895148822,31.877571732868887,15.926948659566094
2024-05-11,7.880261415312489,-0.8355469615123639,1.6204491973416992,4.824276061928202,3.6073998859407936,8.679214018034287,-2.1309435321478816,-24.166380225246996,-34.51218078407091,-39.289250692294715,-41.711394044934295,-45.54526413414753,-51.643689399267316,-47.85073288127086,-35.39294404402109,-15.823681818243656,-6.441005271621407,9.371863034710714,21.20528140954417,26.50005884162735,41.408701823323966,36.332989405640745,27.018327668921728,17.534040076224173
2024-05-12,11.504331511962235,8.162628781926088,8.361243808823076,8.428648870262407,8.91505439026271,3.609234146198844,-3.986979910230758,-20.469178480025704,-21.846024642344403,-19.365574599376785,-14.154730672496484,-18.462476197582944,-25.82191525131421,-16.143073320570608,3.7274203155021297,14.612323184276946,28.201581633424,42.85350175324808,51.726222216503714,56.833951745220205,62.76215359539154,56.561368964406604,47.094573110725975,41.43484974977679
2024-05-13,26.224471938991996,22.972709286379867,27.64967892180278,35.26534161792335,51.545520766671125,71.72299437214679,64.26185852883522,47.84103872190127,20.107771395532012,10.657664233781219,7.857360286919189,6.662565001262635,9.71770983365748,10.620132790216715,13.70224277895879,27.63433550831364,36.19647084958406,55.224373262981686,56.8835580344157,54.38051607266989,45.812160942605985,33.80595512648169,29.49284187943637,13.932767493317925
2024-05-14,-0.6151881042296168,-3.5744786852786348,-1.90373184283942,5.499441422544535,20.684889109041492,41.01146984072318,38.22477265138119,20.282960967383147,1.3566523676964977,1.267855565600641,1.1689372223758738,-0.8559543601635795,-6.350634967435013,-2.8787001023470395,5.059047102325735,15.560372767439247,33.002942619382466,45.90587005517105,52.78111181905659,55.343987541989534,61.07260258747995,52.654425832795354,50.474609577506605,40.54431235968565
2024-05-15,11.01872623288682,18.492394984310195,22.386121046818502,31.72125888227074,43.61785027222627,56.302190257149235,71.56954406931075,40.43395429159675,29.836564353763308,23.7365855204672,24.653752914186725,24.06572243339754,24.26593349069165,28.525430428409265,36.56683424418607,39.59480686831134,56.115244716619515,62.67955086916595,58.286028554441245,62.93514537075576,60.034455786933194,52.83609394156744,49.00564637992629,48.10932359270446
2024-05-16,35.05716287901009,35.411185832939985,37.148245830598974,45.28833730308793,52.63749136158265,60.02838784405553,67.95174470220819,41.96553791539266,39.91116170165539,31.354029946606744,28.581156499566376,30.20522547029323,24.21549650103681,31.868779656155297,34.50061104790417,32.89896759165879,43.55031714564946,51.97933999931445,54.63485712379995,66.51246264029459,62.56387774920526,55.870675334233944,54.93365384877344,53.57320397237063
2024-05-17,28.80253537485673,22.262629678590045,21.03337391132382,23.52701439732091,30.968372458157617,40.66995000705121,46.04481930927737,16.986566007324086,8.989567789303706,5.89518037195073,-0.24092565916814124,0.6465855130782217,-4.734630563024837,6.143079456752986,8.617906019867675,9.582519890087795,18.263165921660843,24.442609252039432,40.028825889862006,54.62503395001718,57.15482884293448,51.54956801059235,52.1092371582721,43.64468976171644
2024-05-18,60.611141463092196,60.679459776858955,57.708423319855,57.569387351003414,50.97054688494812,49.35127587581235,53.058714410610634,29.98072569453312,23.759049384353943,19.11713850462867,15.974414635314346,11.29771864530305,7.5947104063725845,11.029895246897283,18.102032734867365,26.702885326909737,35.217971500659544,38.53994382207094,58.55189521629727,68.37788329004813,75.57692098812706,71.65947586269348,66.70157636408898,57.401919218452086
2024-05-19,17.052285116920217,12.716994535020262,11.870871585042948,7.537493464328193,0.9142898106098585,-18.763232142823824,-55.897172382578844,-51.40687537447121,-56.665658225391596,-48.54122870144401,-44.92563021990735,-54.750344317490075,-67.97071039270463,-59.265996941892894,-42.939543412771414,-22.10909322188978,4.672676406288446,23.989895788493897,41.53744912299588,51.661447688641545,59.846710006556094,49.063471578477305,45.60345475638425,41.7374786256776
2024-05-20,15.315810656391946,7.131071698151004,1.945128182882513,12.484243963552814,2.8551374445401905,12.444968183477371,12.07974035364019,12.497352830664894,4.615294113970563,9.95897270888264,11.727913843691056,1.0162234880891674,2.805702387204036,6.835634723384601,14.367560697270434,20.61432418337995,30.697769818267204,46.93091010980248,49.670489873398665,58.56411240522897,59.725440432921204,55.11817642421468,50.12663533021385,41.62032398811572
2024-05-21,15.929150191528706,11.811048337414334,15.138331260146572,22.948693143227544,32.54149891655524,48.5652085103314,51.500696756173454,41.75154693615988,29.872678549631686,25.7147825778746,25.42498958659199,24.803149202354177,17.651949105850974,18.233393741699388,15.511617526056668,23.892818733105557,37.31903606303311,45.76703074659564,52.92093334513913,55.16105006161702,52.864679908046654,42.19102786870734,42.16420202681883,27.52627685501585
2024-05-22,30.479002995378778,24.076546378610516,18.52928855411382,21.611105319950738,30.567324213968135,54.92077481327752,58.829751493772065,31.38096700404428,13.202592456359739,9.577906255632513,9.906783292536716,12.964082095786182,6.947702062266956,1.080701900016109,7.8062710812782115,21.640517047435395,36.305485615927026,49.95197728008968,64.43947492255715,68.52275121028853,68.10529792768999,58.13108352980304,52.448470976655415,41.26137609491713
2024-05-23,31.658155375489983,25.13715046896516,28.46084798221721,31.479763792819497,38.62107808623357,61.55470575871027,67.81900866946796,50.577524803772775,32.926195626619545,20.963292967901182,21.144537729553207,19.90160137697086,14.419182403950643,17.24164465964361,27.16280138998755,31.294352435968875,41.13780510622328,58.89917564479353,71.06788102232309,74.53414363059012,77.71721280211551,67.45111551160085,64.55201985294295,57.57283913331604
2024-05-24,72.47239106621397,68.75165273764098,67.1456240478145,71.34239437658347,77.07394144963243,87.7093815731262,88.70719999938063,71.75491335318094,56.00873134170064,54.17924172262033,50.3942905854373,42.01396046563276,41.004646052293374,44.4673119116383,47.97617173055326,47.71786855355455,57.565693896027284,67.88976822292427,78.31760579500872,88.41518540348362,90.60266797424465,85.4029062449246,83.43843548489124,74.01428135228974
2024-05-25,81.03519319541584,76.32723062618223,73.2937923870582,72.33898105364167,68.50720072019215,63.552589259290244,54.67019288582652,38.26272237211626,30.36308252226432,21.50550053215497,18.80972329169255,11.736313443123834,5.9493173218287865,5.264097472336957,13.750653091074398,23.009886922563254,37.581188208797656,50.599718479255,67.82407961005447,76.13744618551196,77.77510493531713,67.93409345164275,62.775570629611366,46.76033273737112
2024-05-26,4.5999893827013665,-5.581575992250123,-3.2087371061876553,0.5674317541951837,2.972245700600709,-0.8529585474251178,-14.592712422994595,-31.720416803694008,-35.02499439115759,-30.68155074572759,-23.61720079049762,-43.97828953031002,-51.280201682898706,-45.585119230939,-26.884197654044797,-15.321325960141266,10.648472999065916,33.39876997870911,55.23872522056958,68.77878159239843,71.23526375570873,66.8520982533004,55.774678376264205,40.09426057388046
2024-05-27,24.263657157050858,26.15326462794566,31.793309977079375,42.47713022542314,53.613177600690015,72.75047228478722,88.39068210231595,75.04222413095883,65.57435200452372,53.480435947252076,54.31642149304531,48.28665956049082,44.1351475122942,40.643839489262156,47.31571162740289,48.26901299956343,55.11511805013366,70.79640840618217,81.96513863391453,88.89613019854117,91.22748977868261,78.74702491526796,62.12359322838609,52.22446304747889
2024-05-28,27.582735919960143,19.744745862749525,17.759363320142086,23.15777476117266,25.800067141348592,43.920241734523074,26.399458851117444,25.77227981864712,7.736396493233713,1.7900779101906323,4.460759954211909,3.2887182182960117,-11.874135062152718,-10.542934880911346,-11.007387439898736,-7.228779447485508,2.9467823834659725,16.394976138630057,30.996800969171687,41.03562784228754,44.60858147757715,30.860812229022144,14.514961858754845,8.681191343776518
2024-05-29,22.192610174092437,16.50939067219099,15.532422909021477,23.751739231359977,30.497693969012403,46.864556884383674,52.522228875834315,41.59095570104169,34.3171439662065,26.94951402612655,22.077883703470704,20.760684876019226,13.956168165096145,17.999415352760735,21.680711843752533,26.184729257050577,32.83123648884769,44.183121329504104,39.52374292075547,50.29142691551449,52.35328839667355,44.019009158526,38.63904393353175,30.719682172092973
2024-05-30,29.812632279256462,22.209665964934572,27.08849683080804,33.5710147706418,41.931109484868045,63.41696662145722,76.86120011038722,55.57875940884897,43.155161553324334,35.98285869637364,29.01832610006454,21.135273229745806,15.91020603797567,12.486917029170655,9.91481226615197,8.758668106882737,20.09703407199713,30.404364356933627,42.96593387905985,55.129809045725494,58.45890289169134,48.43372022228344,39.90036847527496,28.086478744075293
2024-05-31,-4.530145249755776,-9.459866171815122,-16.77166191377397,-6.501409505497534,7.451336972706358,32.180612304677354,18.193529925783523,17.75926689083724,-12.452897221008257,-15.855420053522991,-17.51884904920081,-29.633776292922377,-39.2470207098722,-38.62826063680777,-47.228325006982274,-27.808337735929726,-13.684426439538726,5.547594663364777,11.907867839462284,28.848987418791182,35.08133258240399,30.752146300768146,25.385714795473973,4.820828102749786
2024-06-01,-6.67353757729407,-8.345346584766261,-13.230502746049794,-9.140308410298601,-21.60058585813529,-25.015936599904478,-27.85698816733975,-27.523395300730613,-31.92072700857146,-38.84274528562925,-36.25107181452081,-39.510989313916255,-51.48934144625807,-51.8260156818929,-44.1468592973478,-42.470476801715805,-31.636811955484774,-19.132035612769528,-15.219856846107803,0.9580958441157179,16.284220769227375,19.818896058434973,7.9452089876072165,-6.913748065995179
2024-06-02,-1.5614117601129607,-6.479375921581081,-8.532908634658142,-7.468701484644058,-15.221493665593187,-20.119647640449216,-26.207497739157162,-36.53486052442588,-34.95488101797223,-34.42906941576696,-25.484878869841552,-32.57640832997835,-41.86466758715591,-40.087386455178915,-26.462506262196015,-12.82560907393956,-1.4908585062631516,12.75613495109593,19.596617080058195,35.37523522046385,45.12144185943217,42.991613279842994,36.325782972799956,29.544050014333877
2024-06-03,13.80764694146012,8.78831157473141,10.907701199103172,21.845631873061777,32.55769163919112,57.46724509308919,51.37197593303979,47.31490424700549,29.218000169806402,23.6713448650695,24.263534723499617,20.252466962640497,17.395128477936993,19.863235745903353,23.5500759729172,31.936114903727827,41.68590679157745,58.70703813549284,66.53829558660372,67.1874666195115,68.49208604510616,60.69002364082249,56.50944220309592,48.498794287900594
2024-06-04,85.6598525178581,79.361363188381,80.6202945161163,84.70903675215153,86.09232543930722,98.07371821523601,101.01721851549534,77.52399351867135,65.29331127016358,57.13600189170057,52.04807255414768,50.808931620581916,47.64383721997466,48.02949219394111,52.46901442996221,53.362333609900006,57.50283180343065,64.90310028636392,68.94397743260485,74.9048012582415,79.23287262456977,69.84840439146089,60.07323312663368,53.19896926725529
2024-06-05,41.83627572433746,31.38600870048417,31.04201667609182,39.464103737002375,53.40069847436057,63.13178129310279,58.15531666959255,52.06135866213502,28.18318480893197,29.365717055467485,24.821744557905944,17.603846263444794,18.424898383784054,16.477514943313906,10.693090878019802,19.818931081319178,35.04161185209486,61.09634545763302,66.02101759611297,69.45269066050014,75.84932799350155,66.35508377142648,64.92453423972486,59.02410618737667
2024-06-06,35.841257549194395,32.10141135837273,36.29384082811459,44.18445608766496,50.04074489096356,71.79094454891512,55.215281012472786,37.998462864816304,20.86945390859492,17.570309152673588,13.856773915363533,5.102298309482805,2.9225869287392214,0.48531281439200313,8.567632119795334,27.738286852060043,43.02084118756359,60.80093956196825,64.83057199409284,75.64964204526437,77.14184718740326,65.6502632454912,56.625250060970195,47.27598992376148
2024-06-07,71.22975843619388,66.56168729197454,64.98726194073393,73.06163057477724,85.51455983298398,95.80725679886237,94.99988569290602,80.6860016651468,69.77914052562664,60.61728196704093,56.31402093379848,47.238732745095405,44.278668833093384,45.41335590428966,46.10952199346928,64.61878913191617,73.00741812300491,85.14934396820036,79.18335031789458,87.19973237099839,90.10494557455903,82.9069351555406,77.30233595813532,66.83697352824205
2024-06-08,39.402473643309094,31.209789823826227,32.54642055388317,33.568103667369726,33.679984825844855,19.517958967100597,5.647019411930103,9.701146628187615,6.777480954439028,6.182068079107182,1.884759153417292,-2.8773648513596015,-14.223338554189453,-11.751143243941485,-10.146093386061395,4.615631344786152,17.090087821399933,39.20965677271826,37.583397276148844,47.00746323217817,59.096492838452605,57.198987305006945,47.56479502469884,41.80302669766567
2024-06-09,15.883471513528349,6.2809005862445275,0.9296360742048364,0.8024477923341351,4.573827777755923,-0.3406322720088326,-15.933391406710513,-21.276321034899894,-27.323358416979815,-18.619038301672063,-8.246085120312856,-23.997977592322215,-36.71069153388373,-36.39744567531565,-26.13000017720789,0.805347583025096,23.56695579759753,38.40686586675926,43.919312988732244,51.84066126735458,58.62251594564343,51.400041866417254,32.47395588909488,20.729296049379272
2024-06-10,33.5101053805961,28.36963159460946,30.229282656604482,34.103578706003624,45.97682134699306,64.70521277995175,63.30197987008101,54.226845027150915,40.95092422698926,31.659730556045062,24.90323371801817,18.535362073715575,10.547498050945606,9.213189774706066,9.486462625472342,6.23944001415326,25.169938273475267,51.560514495553846,57.08804031857888,67.99917881252384,70.02138632061815,65.91974574737348,56.572307056498374,46.144502070277156
2024-06-11,53.23922659425156,46.07707451666119,44.59844072917111,54.15311562392271,67.58721653840557,83.82056814635246,73.2357732247896,56.698997192586674,42.68891550239124,39.81083761327298,35.46253516378566,28.951810386290262,27.287270039386897,25.226062015998323,23.50701917855936,37.20524952278403,59.313193272915285,70.80236669900103,75.45756341298868,79.00801412398582,83.7216612476858,80.82909730238319,67.4478519279943,59.969084267406494
2024-06-12,28.076174705299863,22.23973106650506,21.776436790427184,31.291144961387914,40.675653396764034,58.84495057014013,52.923221249638715,40.71416323978865,12.497252313567373,8.662435640073753,6.8961537906029236,-1.2062177171806638,-10.804463399140076,-9.882614901514216,0.3134526919228904,15.105312992821382,42.954909299710664,64.29325119397534,70.218527170011,79.4938690073397,77.58804457795179,68.03384033451479,61.02840630507335,46.82654536607575
2024-06-13,26.57043545813326,21.92602166581065,27.817703152663093,32.670236324537605,40.623946558795495,56.467400063554436,46.37761542039077,30.855242413713086,12.194228844646702,1.3046219949323472,-1.2096655318592013,-12.032653725915694,-17.796878825312888,-12.340648222084624,-10.553108989029752,3.9147658098079745,15.664082090928389,34.59945756103795,32.275341168072416,41.020369000174455,49.67351716059329,38.7755539576719,26.53832290036911,12.343165684646806
2024-06-14,-10.473188081036483,-17.440762344283925,-20.62379568214807,-7.723369630630529,19.775093744649354,39.66998064388176,38.04087446756736,24.27129201052449,7.116023737114034,0.7753392572398639,-5.01250271398078,-8.97891267312886,-21.231538805643822,-21.600940533317853,-19.238047230854676,-7.464491479810889,-6.709058761438968,3.195537987346597,4.516419187655941,18.942172185431374,27.395884982638066,21.528008359392857,4.7303753467330125,-16.80006011834334
2024-06-15,-0.32344710753187655,-10.809924253674055,-20.546337815581907,-20.3500828200344,-21.965166241645804,-19.4239871152418,-21.613639684965563,-26.708719096574924,-34.60630402583813,-40.164281847055534,-40.71178630891448,-51.043378547805204,-60.70445804411443,-68.83739228047796,-63.47728607832322,-43.90779183930481,-33.35355097991268,-19.935555384088843,7.0928825027091875,17.416711011733668,27.40204577115621,32.452059671904664,19.259339144411527,-4.665673041341918
2024-06-16,4.786945111175669,-2.84982321507934,-7.693383345698322,-4.189811585052894,-10.11008673770857,-18.95688641021971,-40.834331315880405,-40.53950592165742,-54.485334930532204,-49.60886313422735,-41.0535324526124,-51.197553139489756,-58.8447583988831,-52.232644403535716,-31.57512328373012,-6.670579188952146,17.51079247418147,41.09317392100145,60.529017559283844,64.00777508738827,68.0337460185985,55.61876025218474,49.14092304989484,43.00696801759201
2024-06-17,31.297034186423247,25.008179425571782,27.03145436948209,39.47852647837121,54.34495013630365,70.31660445096853,77.40145830158957,61.364331310423154,44.814167616093314,34.65656147053845,34.07731348009112,25.01673659332988,22.683741381621545,30.711779601555875,42.15828538996266,52.130558923601825,62.862904559906866,78.71301409703635,75.01037608472761,77.52231161201084,78.23410098959252,68.67229214493263,66.17801506933839,59.751818268842506
2024-06-18,33.86397118705331,29.818390497411315,28.632543468106334,33.31755023420011,47.51339853817163,68.58315569689834,78.98511227523082,48.87157366899174,37.59592158307099,29.820996557114157,24.713599660473392,20.45967790861377,16.717863072320924,21.43016708970164,26.253852368157553,34.838443055320866,52.866919465442066,58.53732305311762,56.00115275988303,63.44151457972234,72.66886240309584,60.36437187215503,51.59483235148628,41.42559452698832
2024-06-19,47.173482501649566,39.820986059020974,32.50003139893717,39.34448215166496,36.668312600825956,44.99921377793122,34.128503209655875,31.827450252245015,21.81069454416783,18.920150890279473,15.037890139725008,13.071895326555122,6.473112066895027,14.756227962646093,9.45389168735511,13.873942890599977,30.773613450433473,45.94015893360957,37.312369985171856,45.51193197788429,53.73001357368189,46.96954861410232,37.02234326962167,25.584260380346777
2024-06-20,64.11877647884077,57.914729844516295,55.99850356336074,65.26953334958779,75.25040246122617,88.83408596425011,98.29745664979573,85.48129113686002,81.97764264257543,79.22039387815693,72.03483894056657,65.67022671498009,63.60590004616069,62.18511023586469,67.25659467860058,65.93287240501162,83.90881726296635,92.26786481778733,97.85631215404864,105.60077349058466,108.81114638309577,104.2518328744071,93.68982378410132,83.76707068350203
2024-06-21,87.53999522539503,78.09524830094136,77.60611114862178,80.25840174844397,89.73819863899595,105.23250825828669,106.17311971264454,90.20376257872582,76.36657948678584,68.99458466468418,62.083142532512824,51.31658591040351,48.287180321842314,39.28878151010849,39.1041067014734,52.2478304794989,60.17603459335115,75.69089319121333,88.72561531983557,88.78615015231489,85.68753404528046,78.10275281241813,64.59346737943739,49.27320539073006
2024-06-22,64.07351283599321,55.539378738977554,48.0310085588073,46.24498826602551,48.14082311297838,43.67153950528642,39.64323898458707,37.144193320322486,30.244776838031385,32.35898002656232,29.901262787805322,21.85101176781336,11.188061816617449,11.062280019261635,21.44175831065064,40.5190031219835,53.55320842932734,73.38304508253972,87.94260452091655,92.8881849529451,94.90046559921427,88.21734934920357,81.79425988169145,74.20805033805937
2024-06-23,54.50184343328319,49.09211436026474,50.438924842450305,51.14693201553702,48.581966225839054,48.211271673091076,37.94073583122959,19.409747964804467,12.778966440450716,11.123881984827946,10.808839256666772,-2.0234714867948753,-9.184689218197093,-7.405750997338728,1.4221200387068365,18.732217968917965,41.498291170447814,62.44142474298435,77.4710266381257,87.80750433280706,92.95526759305122,85.88377822542824,75.852592136868,65.54000960052983
2024-06-24,38.68897421346291,33.73048548740761,30.282371023713075,39.49461574078226,48.61922287916301,71.48243422845232,75.17556102604209,61.255541701383635,43.35598518968679,36.22303906235537,36.63603738605791,31.354170050366662,31.6681433894026,32.32946684000754,41.06408170567161,51.17478635569101,70.90775234313652,88.2597679782427,91.32488431566755,92.3930290213354,91.08685771405132,78.96654561826026,69.35814983795726,57.3125431712957
2024-06-25,36.8973732967704,35.75708198744129,37.0180331051987,47.05889678076871,66.91720156596385,86.66725088499366,93.33751304397293,72.78687187710226,58.16937965769041,48.74519677251075,47.620813747114646,38.243246626199124,43.23575525007358,45.8061043375317,56.96606571773163,73.25086928523157,88.72668917027546,101.62677856535494,100.63542147710848,99.76466066428378,96.62616416006952,86.6391680997115,72.84513983176996,59.600559179114626
2024-06-26,92.29947384535663,87.31529492395593,84.54995747335758,89.40797686915519,99.70269410618616,108.91150954659852,117.02779233242596,95.39567095683657,82.46251167543456,74.63281845861154,66.62111730255981,60.494209083853754,64.10686051566395,67.35637221178233,73.8223204714183,81.5261067708037,101.91288708606272,122.17718839582938,127.11126789677847,125.39299179821248,125.0535203871114,114.95770653652491,104.1905146755408,100.97879289231871
2024-06-27,84.67305472421155,82.17648399748346,81.29735693967358,82.79320956982112,95.94195050590884,114.11165890639604,112.15881396931468,105.0929380766008,89.85215723586921,85.09460356126792,79.75351808680394,77.72208751946513,78.33907595072074,77.46267847551724,82.73449715969167,82.19450161802536,94.14891924526175,117.75358424694866,120.29181409559688,118.13756862035198,111.19836798086526,97.65352140704906,90.27797560132751,85.19258193918273
2024-06-28,17.821667823032243,11.933527116508188,15.104710279074283,27.160764747466104,44.76584164973006,66.12299085892192,74.30262381225619,60.48905180907428,42.0011049975094,34.929128298238595,35.58876553551244,26.408881929387178,28.764503787040965,30.897691047326276,27.636766763463996,41.51099884575929,53.47114683531362,73.89117275430503,85.00462477829524,84.35812449420277,85.15137684420701,77.50612909356298,70.89134337226153,63.53621600638824
2024-06-29,25.812983460396822,21.571652829049086,20.523618133829032,16.617275764566315,12.38258241365861,6.447554525609803,9.44771813159079,5.732863102972658,2.5026661619372987,0.06746629195299647,5.311750614444492,-1.5333364626917927,-3.577100210269734,-5.168569018968128,12.229829432273135,21.87111283003769,38.58756173092449,52.894331166003,63.08129177010265,69.74873911126195,81.61722999883936,74.90809438887419,64.23115943762988,45.451911311992106
2024-06-30,14.577895950780473,9.415557381001662,0.4699125006718248,1.9073924120077095,-9.538133417135882,-7.389388035825846,-22.775450975648482,-24.80631799046307,-24.523249043630145,-23.312439180258693,-12.266089790825575,-28.93884117948754,-34.84545309157318,-37.26492495379489,-24.16308499574187,-11.058748226738217,16.225976581519348,42.95148612552616,59.474994729984246,67.89030703980451,73.866060114226,65.19100268227109,59.48653614499294,50.88960745549956
2024-07-01,63.093141478233946,59.08582002383695,57.558900320654075,65.71282028174025,80.67463649700113,97.36591458905704,103.76913916703793,90.51400606401646,80.43593122780943,69.11790234221856,67.19255249097017,61.61376347901801,53.33678601205789,59.346161551284084,57.68014249477498,52.33878597563857,66.40882551416554,79.85490432133135,85.77242483909562,92.56610376313586,94.01806986968415,81.9077158666949,68.4825479605171,59.77432314196568
2024-07-02,43.866650724048085,38.6198878192648,38.981904450611445,43.3492903015242,51.59443467813496,64.96066213531384,69.63590226885348,56.0069524935593,43.63944050311245,37.09157678953504,33.371917103464895,30.333348473386096,27.04412419073465,26.855934040480946,25.977966574602945,31.542159332654975,48.324644249824544,64.94176454891083,76.15147430399321,82.8908843257915,87.7084307968064,79.89609479678785,70.47291673744411,56.296356523682384
2024-07-03,65.10040967250441,61.24768865153039,58.926798986225826,66.30090656498479,76.47605638857834,89.19842673326536,94.64906656304692,76.55088584427044,63.309632111939536,59.09746587689873,53.81912626506103,48.11103228350762,41.54454440169583,36.48328678791884,35.73409329725786,42.54501736766784,54.02155258981372,62.49622570914805,76.9239551157939,80.70028344152773,83.48967284281207,80.66130181424464,63.42591470743878,48.50221460528831
2024-07-04,-14.61267902674139,-26.643100091476242,-40.888932169264265,-24.375554880294303,-14.828887934188614,12.303608662385898,19.907642638305333,21.51725449619451,-0.8377312004044342,-2.420492242951596,-8.311360580907348,-11.63252268915491,-23.78468845026815,-30.35206636199743,-35.97730782304443,-19.282183260106663,3.155758258915654,25.036759874731985,39.74527608650051,47.741316235851755,58.22745384929962,54.372765943568595,45.226084635166245,36.279389845227314
2024-07-05,3.5686491220680097,0.2525735465201393,3.5937750820697687,8.909408708308902,8.602972844061114,33.74270287723968,31.021477881155192,20.66622961339212,2.9993553320492197,-12.371994351891303,-11.526849640744501,-13.137851870503951,-18.85360584283005,-23.689171945316062,-15.430703099047946,-10.571069856395823,3.0641914531124996,21.642966724907268,37.800192492564804,45.76076146993118,51.988892442131984,39.02254822233371,24.287428707133785,8.476658787441082
2024-07-06,12.15279842631898,5.365825273211172,-7.396632957035308,-6.700572126078413,-1.2103500658608795,3.7840344430336614,12.083142213464,-8.814459351464592,-10.55471223708939,-17.024962142998575,-25.983419244022215,-36.23473630045133,-39.15951034153605,-41.170373210473315,-24.768720898146725,-8.379339254274157,9.787623609249493,15.057473590048915,26.56365257671598,31.20138217933855,52.6635353629177,47.09320508183848,43.42389552659769,26.31643137001612
2024-07-07,-0.6899258127261305,-8.350978064101838,-5.8193272123627935,-2.5055474172466177,-13.212826839517462,-13.518563139896571,-24.8392650055587,-31.421103208940906,-44.17215978514737,-45.08896448391012,-32.047960525050044,-45.748370086152605,-52.298485021275894,-47.502318150963845,-43.092674325533224,-28.569451316849396,-3.720649801349026,24.290576618103785,42.445591997001145,55.15781107500648,61.46507786684562,59.17620476997174,48.20581080740211,36.53788076218916
2024-07-08,69.60799026944144,64.2652807455967,65.89764924465979,74.82498368676232,80.87273928940614,95.19569321929431,89.1120776088566,70.87954627861798,57.69985925248966,50.18942617120969,45.08630343074745,39.080839974227416,33.67659882616978,38.64678157930192,45.940279314881074,49.85993114552279,59.41444237806353,80.9152530742378,90.44144913975795,93.20407348817346,99.91586521534862,85.52740342925836,66.6405128738682,63.66664759077994
2024-07-09,38.97803721029548,35.61597605390604,31.57571235617057,37.216903353631935,50.807128439862,71.56556441218254,73.01766152541995,53.532097189108256,38.753496854372116,34.88426343787458,29.97367241977537,27.41703288168388,24.521636981281333,24.610415030565918,35.37116605730739,47.55900615689532,67.25414832528988,85.17966611799405,92.11824921978604,93.1307397662851,94.32241324220094,82.0140199128486,76.05775168623099,62.849081258784274
2024-07-10,56.04046952588544,48.67061502743145,44.30766061350888,53.21869283812679,62.595864770072936,87.42031832342283,93.29995545134068,83.05003792861733,68.22129032569542,58.90581106801749,54.06819840568965,46.91914049799663,53.558650576947045,52.279358586921134,54.877109405286184,66.21261686672658,76.84327973589052,98.02495996112752,109.74407592332253,105.8307742054865,102.65241472148196,91.02381389595277,81.3596450908679,71.33002471412043
2024-07-11,71.41665731268839,65.89639449330087,64.40453326613752,68.34211993829524,74.52195628413904,87.21312847859488,86.02087269013458,73.8380905682799,62.028461435795265,51.65385002236541,52.020330017197466,46.22984632361151,44.229380918064514,48.424908280082605,51.12148474600519,64.00835223032752,75.86547236867636,99.03813658468837,104.51743740583072,106.97287819030502,106.29953753853702,91.23757623748635,76.84945382871575,72.47934676757578
2024-07-12,54.54094732116032,47.81379633018956,47.07390280984124,49.57882748328995,52.45449946728255,62.88713236959077,62.4298968416998,55.963281336332614,53.816943018625665,48.51514093080583,42.60010986154394,37.20159600252954,30.14199279835867,33.76817174481869,40.74404005911046,38.62573791610876,57.57207520425962,71.9160888090164,84.04521077305195,94.19793753633179,96.27954968001488,90.37959008204399,85.562586857935,78.2123331425712
2024-07-13,55.03119493137347,47.15976946735001,40.02602082734573,43.91138338167467,43.510388569151125,41.9933570685013,31.113379291664202,28.43459464043717,17.1526922903915,13.187725323016764,12.500693399335844,1.0462113286854873,-3.0797497454009743,-7.629026339223259,-6.07250644865519,10.343464891729766,36.913262948163364,54.27086863995466,71.53773286314687,76.76197768257998,84.32228832823752,76.17201079816101,66.21738093833531,49.32379863812295
2024-07-14,52.754127908743676,47.39076402795469,40.988257311201735,42.054180491157986,37.883404375241085,30.188838288991676,23.59967349230311,0.041406267244099126,-7.791195933355752,-13.892458289795954,-6.919601625162116,-23.36992764105048,-27.187774998331093,-23.501587363409612,1.367090759649841,17.28807917570738,40.23431488451101,64.66057733937122,81.51610051350058,91.7842575120282,95.39116509327468,86.3070559026547,73.60143800640452,64.03282501055693
2024-07-15,61.953188807197705,56.11692296678191,51.87421422673626,59.68779710537437,65.26248449054515,79.36672804960965,82.19714628441717,63.566446613199574,54.97175948376791,46.93379985147945,42.205488474194084,38.47591000825362,36.63714668977127,38.89650046987147,46.06381049205944,48.946232295044425,61.57930304729011,73.76022282227498,84.29581664557315,89.07941009907583,87.28422932038808,73.85562894784222,55.412969580382764,47.436694995934836
2024-07-16,19.126219743398195,9.905386837765207,6.293641649798587,13.880329324606251,24.412757330674452,49.111483579285206,53.75865072702837,37.815686391239396,32.70317248941764,24.16253046473969,16.346170651011533,9.262738150317688,12.198143100451915,9.463205237876863,13.341298897711468,29.452847782283996,50.98189830281376,72.89184608586828,88.08556665782854,94.18165379094091,91.13595608159787,80.39229913063838,70.82839002090293,59.398403221313345
2024-07-17,70.55639740600039,68.41040512954989,67.26370273018296,73.73454889713403,78.88345382695516,100.62777661106406,102.14420477951916,86.9543820909882,70.71671200851596,53.325442634588356,46.00976379286155,38.970251355991394,39.045783506286156,41.5332154019458,50.06858487521657,61.48946999668019,82.77863515718074,107.78893252566445,116.45653709151416,115.40619261859494,111.80029709150034,95.03077270829101,85.61758922414717,75.43028947540078
2024-07-18,74.98898141817295,72.80045475109847,69.42702672017842,73.89190363541243,81.05520444329014,96.19889944819698,101.72608976377305,86.70467644712733,71.25762509291874,59.37916080300777,53.499258588258854,48.63208841297746,51.59102132741396,57.153067534900984,68.79073189653622,79.68528395743306,97.65686211949216,118.90960435811212,129.9969502943492,124.83881295906195,118.7917340580691,107.11616887933533,98.34658426794313,90.52487184683183
2024-07-19,77.80992160181326,72.30233604490007,69.60589250627334,76.20182096769335,84.48148772328298,107.06419970043552,105.2620887561274,85.08126245909969,74.46347524699132,64.5515895122629,57.347057911551566,52.68645901794518,49.402514456034744,55.55549620152374,69.91365368387319,81.70232093453762,99.17770788658413,117.67390727294223,124.63426633224732,126.63904883755185,119.01840922314915,108.43608426445903,102.63602430447298,91.6887942992066
2024-07-20,83.6868068315384,78.70898525430195,76.52730271123062,76.5029559592007,74.10876572040846,76.76203908885256,71.66256444412696,59.70426512567552,49.44315144182144,38.716076259036754,32.460463428794085,22.64727955476816,20.529964597620946,28.22304660522107,40.867569647429576,50.12925749231398,67.52021933448653,89.82102020426449,101.66408097026837,102.43753050757628,100.88847247484426,92.14523451446607,86.23826144602553,75.88365693891993
2024-07-21,44.34216789675805,37.613068537411614,34.926074811842405,32.074373751424666,26.594194995035764,22.87218070157715,17.51728739517843,2.03633273172764,-11.350351618486442,-11.290196012117576,-7.0003772063969905,-23.77099606053973,-36.6694285391965,-33.349387892988744,-16.81801725199793,-1.4616789465079876,22.7336162518409,39.362981106863444,56.0110221722755,72.56673040128598,75.43639536082219,67.28653343367009,53.57015932291536,48.01160738022456
2024-07-22,43.77182476655648,34.70968515522846,31.045181985857432,42.198114892301895,47.63687480135837,64.43526120405346,66.20753373416096,64.60257346291912,49.341741775903174,40.452305443750646,41.245287589786855,35.09291774318868,37.911828109737264,32.203881287905375,33.83065401838944,37.342725916230904,53.240312101552064,75.14549783184651,86.85874806642339,91.47132754288945,86.61432110984313,75.14900126871296,63.11218386918618,51.33193215243456
2024-07-23,52.496723798551876,45.54746208818977,41.48953039803836,46.53148359231927,52.89755369992273,65.07276638567515,74.43194094026958,62.21203538034692,48.40010863623239,37.43740891292178,30.735073665986732,29.184557953698786,24.91761328112473,25.443063236042207,28.865517379984624,41.68327360856159,59.580109506847535,79.75069189167544,88.78393106326884,100.78597027572229,101.91234122696153,91.44265459507676,83.87203053279411,77.54859489884048
2024-07-24,76.58065692522509,71.3328143250006,70.55001500859117,78.17272621202486,85.65293275370769,102.53905996315379,101.55611559838891,87.302300701145,73.5227827309821,62.83056625533966,56.603861405275865,51.148658834286266,50.30241220924433,54.883596303761266,60.443378842656465,72.9267883687572,92.77534351363535,113.49440203290183,117.41008996816731,115.6564004881476,113.01765285592744,100.27441160698599,89.90635037138415,81.38023711930984
2024-07-25,36.65923851015478,33.47432889391435,35.642477534321955,41.116132099290866,51.4221708080927,70.40725169906786,78.57352295595507,64.78020806307613,44.787808839427015,33.08358969418997,29.694915652839853,25.689712337057813,29.388177603721616,31.148663041298335,39.30675195514145,57.2733403792547,72.65815571767136,98.34929404120423,107.8258741675859,104.978742729862,101.76288510266899,87.61616981091028,75.64247214295565,63.8581630021779
2024-07-26,64.35257067139983,59.76642469745204,55.79497861812415,59.95811259187743,65.61718349919227,84.15227390273904,87.11450835371258,72.27162650020969,60.80668463048862,47.66119027975209,39.75396083332841,33.514717995875046,31.06979815040353,36.58060431760843,47.78525578759623,65.23555451929356,77.9036914426514,91.30667011640756,102.78794491673615,108.45432566714864,104.16538970719388,94.11113716009426,90.15416677955052,81.37249278601597
2024-07-27,48.7289209003998,42.36280261088261,35.48444818394308,43.436967873462486,34.17690642922963,24.86579137569707,22.32926223569585,22.52802561679708,16.88619544406471,9.683193532166399,9.220855368264324,4.485897091392999,-1.4149371597978018,14.253703057024921,18.402501402585017,24.977000594183053,38.143217756658586,53.039795332939946,52.446654431153576,63.37197568831304,68.30395169880994,59.95724124719359,56.0879099165589,48.46325227438193
2024-07-28,28.08382144098252,20.804513621234108,15.973607345553859,18.740079851928044,13.30335780033532,0.5853502958925816,-12.90183875246862,-16.025691986308743,-33.21283349833156,-33.927248244314924,-25.3679048128338,-36.6542553680343,-48.0356463954119,-39.94770953898518,-28.790542227097674,-8.8332087117047,15.552989946278672,27.438673836997566,43.08035183433354,52.52514957534666,56.807156945621486,47.62108043272465,34.300935446393964,24.557523191628178
2024-07-29,4.150380868692579,3.0707352863836803,-5.505749463932986,15.243029732527063,26.253005641932177,49.59653874903199,51.15386133870436,41.77572739286035,34.2703162709046,29.55599888033919,30.896548579808936,27.087555860724393,26.145610488582804,34.51958826685973,42.74858282777883,63.566866633591324,84.59676462361514,105.58635301679737,100.02328826523268,94.8006587242441,90.55401012344682,79.45204354235292,70.08722776320832,61.036442606365824
2024-07-30,54.132011054783455,47.60248079440561,47.54251106452219,53.963893160229766,64.54222507868968,82.58082492671377,84.5709077541116,74.20783831731978,61.441349656850605,55.23245299345327,49.443714566300535,41.50436694536975,42.80627983127188,54.32470417821477,61.6770665373996,83.46259779787547,95.608015693342,107.5563369641581,104.42344036659728,102.21857400518735,96.87792094393745,83.62671070846588,74.21417186343595,66.18653233124712
2024-07-31,62.84466309590943,58.52422631866389,51.596619928476784,59.58917088804315,65.83025687741583,81.88408779937251,85.75537760307593,66.16149689011364,59.83941992511703,46.51616466237414,36.69968642485992,36.34507700443456,36.98669701339954,46.54596029327991,58.69555621353553,74.62638583886938,93.61125662204404,115.7744144866025,113.22572546132722,112.86871104519307,104.44676243070745,94.09671182622324,84.51082419410781,75.9650500769983
2024-08-01,76.67348357421108,69.98688503449478,63.68415039459069,68.759938805681,74.32586748184352,84.39802256434842,88.71880310751925,76.43766751365544,68.10330498145265,60.111835067121056,54.30677800573203,51.66887467440697,49.803131364066225,60.22785184053302,63.24379409497065,71.16934222236091,82.30211856935018,103.77560838562079,104.83596928359353,105.69127669125395,101.84254003579184,91.35191710178059,77.11630461945778,74.56456171641577
2024-08-02,74.58803736885595,70.4366008283352,65.00050518592059,69.18886600390225,71.74329450803451,87.2564203083309,87.57657335889309,78.19595928840732,66.9530277618911,62.40506072568504,56.06951304379659,51.52803168430185,42.910868080026816,49.58871551576437,49.32992142185867,52.680722057852094,63.06225645542665,78.51115119626989,82.67218632323602,89.40974385566659,89.08058943831855,80.01396953624884,64.98921760364964,55.38231828643485
2024-08-03,44.62863868791366,35.512742730821735,25.885961892322527,29.16628318709745,27.755785869421103,35.353495419630335,37.07590338951667,31.382651753940024,19.077640634829194,13.560836476633483,10.905853069964962,4.697938140184519,-1.0636097549895993,-5.8943690146167,-0.993113399571854,16.951412898244072,42.38270046661677,67.28693053539233,84.62568719644622,82.43994184051257,83.57790695792289,74.73434938596998,63.7783140935096,48.08638496977751
2024-08-04,31.719203207297625,26.725991788994605,20.92188212596689,25.273070410449094,21.1881812952727,19.68292250303074,15.345394086954173,1.0202516322413544,-11.646898117170494,-11.199549405608323,-7.152837816136099,-25.59084491461188,-28.409431893050368,-22.997081010546083,-8.973320872833312,17.47628180929709,36.553186844258036,61.21982387304308,74.93967600087564,81.92142282617405,83.68243479460486,75.64208009736149,65.95368151495443,57.99821872644615
2024-08-05,25.364028710176953,18.384642793668803,19.54879800144431,29.2828057986183,40.64844398455621,63.70701272886468,77.2502084129487,65.78575976975168,47.678693076513284,37.0670100481276,38.611712322116105,32.61871968840461,29.78509085507754,32.80908360482388,39.04983997116051,57.2793993590692,77.57206608100127,99.56208674080798,103.84363676907518,98.83139659317558,96.79946995192579,83.14394760129105,67.12070532960514,56.510228676863676
2024-08-06,40.00704557266764,32.56407817433507,34.037388888433476,42.802017952629164,53.34668046794323,64.78288003111751,73.43403417871177,63.93691619553363,46.17871764965852,37.199255910906444,34.41317823147382,24.84774283628441,27.902384147451073,34.18786873290229,44.0669369869009,63.225304454292704,84.00893135540147,102.72137397196626,103.31321550445514,100.5898586655245,94.04276752124291,81.21798233947266,72.76431947624269,59.40431413148891
2024-08-07,30.87191423330161,22.46104851265494,19.220217332543044,27.927774686594248,35.699838419806156,43.84613297107548,54.24171609011442,42.63581961368325,31.133336219362548,26.890759550257357,23.016546898597184,15.955650380185347,12.122180608945442,17.702828547226616,22.148281992511045,33.86567279375893,53.51059777898139,77.14973410961493,80.96775737646617,84.5364742891634,81.91205418277004,71.97311178522425,59.45261969265929,50.910809211932126
2024-08-08,27.871684305227802,19.87940733096397,15.7226469567793,27.23282882902683,27.722998143701446,37.60840131909093,46.51776538584913,40.35904165954079,24.623562057263143,19.482711579402675,17.628067308904818,10.110974713990458,5.117909570623397,11.29667993344323,11.368081459313643,16.947303399621177,37.59993762979376,57.666853379211005,68.24838400883132,71.77126505563939,69.45010199029579,57.67938693717246,39.184174100248995,33.770906477244
2024-08-09,4.256292291132283,-5.782927116063647,-16.814508455335726,-2.5051932746153938,2.806290583251439,15.976233839220754,32.378716633132385,18.587322394349485,6.172496046378058,3.5266199304782333,-1.770995519351331,-8.752884277055145,-11.33428859090742,-1.767732772967335,0.4261519186425602,15.77055780419289,27.084180509694377,43.316837244116286,49.34028222691087,58.118561897560824,60.635883498819396,56.92113232549639,46.79649037189736,37.821091116946974
2024-08-10,23.02793846436238,18.74437323895114,16.614681982946962,25.465348570396685,23.934745816936243,28.031942554968765,22.10767062875742,9.752745487210746,-6.398966550739701,-17.147431140742057,-20.605858377913492,-31.013881401420647,-35.065947346517476,-25.133985306212182,-10.728489712017108,13.138841410758033,36.50253468314071,59.47206162509869,70.00640700568613,66.49815035977728,70.53238045227432,59.695072986710585,47.061050578915314,32.578371996985794
2024-08-11,29.749484788931596,21.79188562909229,23.619735588081014,23.300869518274638,22.212091147732963,22.149752600798436,18.768443419164484,-5.855201618371922,-24.26921173735316,-27.593337520262637,-23.823856854576476,-40.913183214225555,-43.67779089357484,-33.37027018363162,-13.435694207546973,16.4291798646463,42.05212756814946,64.89626008859307,62.81220230743938,65.85707840034972,64.64626510023287,55.15753480143786,37.11824251751966,26.956607620557037
2024-08-12,8.242774894739554,-0.3225950420508781,-5.236773088666482,11.493761530694329,21.998522998871664,44.064014564085284,57.45611996651864,45.886907456647776,36.90777520785453,29.902760847419387,27.22627540828391,18.497665307890287,15.090892929692671,25.72844502047822,35.59817512561919,48.7204182473228,72.60578873807209,99.23701552418578,98.21533018081757,94.58705248675668,87.08308984124912,77.07087546240692,68.31854316506943,58.724469969570656
2024-08-13,82.23860554997086,78.48492068802916,72.32153362942732,77.34389559696676,81.94278494166963,100.63143688290256,105.12573432161497,93.16842168851862,81.17482172885467,69.92343828008183,62.36894201416653,56.47043353703126,56.1643574695985,65.08448912784411,77.84849604961336,87.01119199370514,106.8011322497787,125.47877377745084,128.117289987034,120.19222792774049,111.08530649029024,95.56611394548108,86.55371767302283,77.19582000344833
2024-08-14,71.31785110099253,63.84205046336681,60.76295218374117,66.08861125355368,75.89568377935065,84.5400308168359,90.31324090100524,81.27318790824253,70.58623732944656,61.512455541848425,58.27957520813676,51.49122846939601,49.06103660558211,53.80667977376245,60.31051029245483,68.4757853091578,86.40225241822628,102.87566531620072,102.21813004391711,103.05789780027499,97.97962143821354,88.23898252728422,74.05678450767957,65.98625464896266
2024-08-15,54.282215488379094,44.93447010251146,42.68357431435266,46.957046341963284,48.84331721985441,62.7024876236822,66.53154181802734,56.45966273133163,47.71046423187322,39.00879994939014,42.75824491455123,29.648220990267177,22.08035304736663,27.05275832681285,31.84903558453901,44.089668210795125,70.56018354114148,86.45316962966815,92.05116475652557,91.97024047875465,87.00481873430817,74.2289602492263,60.034479910404634,51.550515803027956
2024-08-16,60.02041006003438,50.74138773830167,45.717558811071754,57.08251309042544,67.20818499041783,71.72686141551543,74.96381662015263,59.71176197525952,47.55350896003466,43.27849199996933,39.27904677973119,32.6739917282774,28.21476736059907,30.126964389504664,35.407925466797764,42.27345892739491,60.39075347283452,80.24232679978361,98.21563771660396,102.04484214446755,100.50276348260628,92.33960301764364,81.00755709944062,74.22560597558532
2024-08-17,85.9012283120539,79.77560891859105,76.2321075262234,77.85347500791262,76.58570006993551,72.85295786093369,72.30709838574485,63.68970761307584,59.362328186817095,52.48907853578707,49.730265134083496,41.75628585097387,38.656775510750386,40.62233835514131,49.11657572676819,61.44310688455247,82.89668202757201,94.31486934285937,104.91317858383998,105.9343131457477,104.13317579212634,93.49138393911659,84.64207030123404,74.74266733410818
2024-08-18,72.19633093732978,62.74235822245695,58.66630155513842,59.85922302071305,60.51222072078684,55.15787836415549,51.79641546743514,39.159222811733585,22.43890508629373,17.18290407317609,12.78467733667587,-0.05169311217542827,-8.157211182887849,-6.451870567139309,3.012266985691525,22.097496277322833,48.582767406886376,73.11562646036404,95.2156593751694,94.7771290011525,90.59060774190559,82.29859134365435,70.83588924597879,61.65544908991909
2024-08-19,71.00407919863724,63.89308548583112,60.025775385127986,69.33461325422672,79.07952124334241,89.7033399913947,95.3833371849557,82.04479796558692,65.83189685385906,58.14476922764511,53.974909503959346,47.83469376269438,45.30798953783718,46.15155119139625,51.204737724724076,64.10029607615881,86.47170224069193,114.87251509516503,128.94761683161815,122.12522594723158,115.1273391868141,103.61114019597196,87.17494725283959,77.5445311668673
2024-08-20,58.97961786623372,53.70806080469811,49.23024495001239,56.25927376131855,66.2104642087925,83.05135397081537,93.57184917806359,87.73637918977711,70.29915637588657,58.54767841935658,50.516218012431956,44.13821991132666,41.802809023464036,44.45926634067411,52.49363307028393,63.32136737951058,82.25122542594914,100.83974791559383,107.67338821043401,98.25354313601582,91.98465273975964,77.8694495970123,65.85530558797456,55.558723129963425
2024-08-21,11.385974902310664,3.1694945357898803,0.520540043213245,17.99807180590021,30.99280266516945,53.060078541386744,57.467339479096935,51.58098993136535,32.07613576232302,27.241830752903255,28.068935345089812,18.939266855314074,18.896957952631865,23.451958293224564,26.83860423013671,42.41573990039922,72.34198699265403,101.41460868742755,109.58614489104974,103.52405077514082,95.70421862008124,85.427758750144,75.8504036034339,66.86552233675486
2024-08-22,15.295579618837834,10.556612489997988,8.16428580763791,13.430445046733567,25.014143288109267,43.88493925227573,48.585564248579175,28.04525598833763,4.618328579343171,-5.086686481914839,-0.8682889474987974,-17.189390934607275,-14.426878010292427,-9.38136455080371,-0.742531040219049,20.697226457085904,44.047409348338775,68.29689214141749,67.15555952337971,65.96646981828823,63.29747749948514,46.38251744029539,23.573363676507157,11.292989725635678
2024-08-23,30.577814361550637,21.89999243183665,11.184916271195377,23.202061385106987,42.012855893528524,63.987376596767206,75.17178227067978,56.769216474328346,41.91807056875446,30.808752673554963,25.986900266773972,20.905506888878065,19.540135739390763,33.15378622882142,46.87151518430868,64.38514638800575,86.39794878664122,110.54127608386966,109.92565790858816,103.11850342828726,97.1879977759845,84.83055813144236,76.74059189753223,61.554113826068104
2024-08-24,50.195634753248356,43.89724492281175,28.686870358207145,27.113790888279524,36.069713986987026,44.1707503345518,44.200349709621975,20.109313056531718,8.182475238451872,0.4693033389143011,-8.87223464818264,-17.86581571935548,-24.192010272165277,-15.435131293349585,-2.6726966777543737,10.420540332344743,33.06229769465328,55.218916811388354,67.19071854095819,72.40228174384467,72.75881767039613,63.95098331464328,47.41296739182421,32.541378209365135
2024-08-25,2.3566951212959424,-0.5048963481794715,0.4805565013413968,12.364686948874464,14.04731618384453,20.1687970084984,10.086132391849887,-10.158390747797796,-31.629026597692302,-38.682186286397624,-29.720709808570476,-48.53480860008351,-57.169323658997826,-48.50990944717776,-25.80566333575986,4.608817078937818,40.25925240236485,74.1980785555026,93.74581456360431,91.02082770095808,83.79414852045942,75.30774109502553,61.3194814450576,51.47012629830351
2024-08-26,48.1462401450909,44.48373606669566,42.891758892548495,51.96487441883083,61.50925893822482,85.91572931946246,97.11375049625116,76.82456099377075,57.40502619629801,49.569361895383736,44.90297495757788,36.25137100634902,41.595748172169856,44.68292683954743,56.451665514669855,61.449489301233974,80.38594407860009,108.46594116735587,123.35741606886464,112.55676087063846,106.40371139974972,91.69944806057526,79.35904959723513,71.52298104960988
2024-08-27,76.70185165319772,72.31405407416219,65.87802530117304,74.8142446396105,85.09128796142282,100.373982661536,110.56377903436537,96.0415495613411,78.86296369230658,69.16215957769259,54.152044783882886,47.13241931286641,53.53740818294511,67.32107004603182,76.14036775822171,92.26361292258342,111.88274321784948,134.55037986688862,133.33606335050294,123.39670425641432,112.68845170174322,97.92701487271036,86.72953044263471,81.59430735637798
2024-08-28,86.64942119010111,79.12918973915606,74.11777542245841,81.20048023920407,94.83615957882596,111.0492708915495,114.88680622425039,97.89579742237385,77.81941668210584,61.57906175233783,51.69078747070796,49.910761172124396,48.99072837083734,61.19009873063754,73.0570948881374,87.89670495927211,114.6420094658152,139.36423527294238,136.40802923930198,131.71474170026363,116.25103473054689,104.55463379908997,90.36885296795859,83.47284825006449
2024-08-29,92.5178118796919,84.03368480592651,82.54385565723969,89.50509771038699,98.64594705959797,108.4013790716067,117.79562148888178,106.10112877379333,90.97805490750198,76.79671230846259,71.08852928293658,62.745488432409005,66.11867632777557,74.51247162299005,85.3604253490112,94.63746126584121,116.52467198323367,140.06294930271517,140.01680838850046,132.28148413788526,121.15949474229673,108.54021316449365,92.88689475769397,92.4827551508417
2024-08-30,85.86347445493905,82.0705355106663,78.28420912724889,79.57221538818521,86.95382258196906,103.05348343317578,106.97212241612802,95.84053709098039,85.28535052681931,75.15419938854598,69.23825866446656,62.36731603581337,56.988713220825844,67.49179465683457,67.99319945838104,74.67662278216474,91.4837301081732,108.27833016885967,111.79046371916465,113.26207198437429,105.08928237288906,95.72179880360918,86.36158531327285,76.4299972384078
2024-08-31,81.33905096511418,71.89089899516885,60.635067474102286,64.37026323215403,67.52484689371678,70.12802894471838,68.89267560641699,67.655374200927,57.928281319587555,53.22180374435183,51.347165947854265,40.66798858846306,35.48656000084731,41.3560810459465,49.497898457063826,71.24044392815087,90.90898368837871,108.67476585428952,109.42994492115953,104.59504190147982,101.70758053373295,91.81891049884939,85.94975060384803,77.41312632714705
2024-09-01,80.8834719257759,72.13403737427845,64.0133041803086,67.68148209326691,72.2772780157139,78.02032016618784,76.86808209215334,61.15732118987937,48.21574500495177,39.51909050140014,34.8721101795452,28.086059078057716,17.515933374830865,30.406740022365398,51.210425620380896,72.76110856448918,104.92861125042822,127.5816105996753,130.24481214471368,125.89955404220491,117.76482794951104,106.04336712664889,98.23705500398809,87.35842346706922
2024-09-02,93.05900129973848,83.47450331586441,77.60213049065642,87.23775844698028,100.83320898427604,125.22988551123092,136.296527289964,122.42736110989054,103.11070548111597,94.60526926767051,91.25087241765411,84.45490084702905,85.38872242995936,86.9647808841773,93.5953205842776,107.76557862864627,133.56666832757867,159.07446710753686,153.508912192416,140.03446938538772,128.0160387723862,115.60005172807017,106.86744571799979,98.73384039958093
2024-09-03,90.12103234974298,83.72775357081514,79.19096764105494,85.74746293920015,98.75266457859658,116.05943260193267,132.64080487158483,119.29867561037727,106.78958003836559,94.45184991233518,89.55611598648238,84.20551032781633,86.23353739472725,89.5920483888009,98.25304188476863,108.05140665698154,125.58579469540786,144.7203584569369,141.7499751761925,131.43464885869065,119.22880182269765,107.58288140429583,102.24379414396594,96.75639399454977
2024-09-04,92.2990802856249,87.80506202445554,83.41697801194249,87.86133444125804,103.1384974465015,122.76943674472261,135.04149577353925,118.61288432973907,105.29535462492484,93.88766590669564,86.30940470813367,80.83859146957633,83.94313249426575,87.12305409618334,89.33059513972519,101.73969183107222,119.32232096132067,136.16479682967213,131.7555022190768,123.27214436743816,113.25547579354796,101.48527821027332,95.75420506350015,87.81219356268784
2024-09-05,86.14906750305576,81.06831395934495,72.29261990185931,76.12415441307323,93.8842684663594,111.2970718025991,117.25122523853734,113.84901013510733,100.92603238075216,94.25145081863741,89.46578698233232,84.9319940274462,84.35089380719101,90.61659256714896,94.31643968008036,102.52646822360623,124.7655931008583,137.69689161945462,136.28545043281002,127.90671048685981,118.17997154306211,108.12244236023575,102.26077873799845,95.61181631176682
2024-09-06,56.07269659309351,50.71196568691753,41.439761887136065,52.11633431161024,65.85783445979706,84.63215285721206,89.08108920559364,84.45980541330988,66.75519699848982,60.31964084957797,57.462121276101364,49.407405686281095,41.81472676317661,43.61689943872384,45.03835652752757,63.977744396317036,81.7702404912949,97.51715214074113,101.50591478516037,94.7725836045816,86.14730541040527,77.44541720313055,67.86932052712339,56.33065224892272
2024-09-07,85.87701762173862,76.53266288523334,72.61545160945386,77.01113611304064,80.12100578796132,79.56832240337553,83.18724719407015,81.56603960353894,68.85105743179525,52.279883728262554,45.47971893200882,42.72852775854652,39.53117221170068,43.887719544462946,55.7235517684044,74.4923479817259,92.30765708736686,108.85839540685735,108.85445004025715,101.74773730387457,95.50225817583703,87.35991318558719,79.96181014257712,68.82115171359253
2024-09-08,68.41951442285915,52.74146810066566,42.15266371740617,43.42671114729537,41.17588766003696,37.9383062578474,36.123952039943276,29.555868149844358,8.134987945242685,2.8743261515422347,6.473197290345993,-5.829396175717321,-17.03354250116,-11.193189183077507,4.541667763250331,30.29610726552255,58.44946264307556,83.56492015291596,84.49878949687592,78.25200706486271,71.02939710834069,60.20563495240953,47.16965345829021,35.800699968768
2024-09-09,43.923544078823205,32.252473250434505,23.129075444247277,36.962837819266774,58.330867770094606,90.35137168387992,101.4402181683445,83.88955479861201,67.64013534994226,58.21491561407379,52.04494619330188,46.8601074397352,42.01541308246037,45.760144892908166,44.63647201529761,50.60400577577764,80.12702224735813,111.35557107017922,119.30131819094271,103.26064504804727,91.21483787169396,84.37705926675885,75.73878203252258,63.377825371253515
2024-09-10,56.69136114885702,51.5297785287931,46.61643067819003,55.03998698259851,78.5129226832637,98.61824942414373,107.94542556378775,95.4865673603231,67.0985319051835,52.703723469356916,42.74039913246596,34.324478428168874,34.377739655874855,35.73206845527484,41.506843542215336,54.93663837434863,72.71630840641592,98.05586654453863,96.57112830258669,81.44157092003874,70.3252080570168,57.43319655796618,39.05291029596641,19.019394607783624
2024-09-11,-5.3856502676825215,-16.676295941819305,-16.880223025627203,-1.9312767804594841,28.751322082537726,65.8759949485572,76.82738508942569,71.61431787584678,50.8816244311471,43.398255924953446,41.71997449476061,32.407340051102565,24.256579725477366,22.330508255202275,28.27345063528921,43.112545117352894,70.0899092621332,94.94491736939239,88.23761399863878,80.83579202148496,77.29769900372611,68.65892891420859,60.11085357396011,47.29622266512789
2024-09-12,57.107343942232994,48.0674111619434,45.70163751167915,57.209962669080916,75.3242861972593,113.20892843884786,118.60529567949727,102.3393326649442,79.66852013341979,70.75704968574263,65.24616645256998,58.24072540019209,49.49720193359142,48.71795156833472,52.432068483534444,66.44924378437506,94.51045045597775,114.63237776749128,122.07586578732821,102.83022931697104,97.16614049386699,85.1568118426691,73.44631033134883,60.86168087290204
2024-09-13,56.95518789893842,44.14536908531676,37.33532071586095,48.67614211983751,75.57274670613765,99.738707057885,110.26868435351405,96.85852955799004,69.05040039501836,58.665000193728126,43.81019814775813,31.5400243323396,23.00980726351098,24.56681692518596,28.328839321969,45.97330361298481,67.05795908746695,95.26373398900265,99.7333690577534,87.37179270271773,83.13312762010716,77.53504012947212,65.41786469062951,56.40916948725442
2024-09-14,48.62146067113388,35.82519930353542,28.56911218479194,35.42002687094836,49.15668054765289,62.84217982767327,69.05992593596679,67.71424218759344,34.97007330503638,27.102078841317635,14.639452095705707,-5.117167736483353,-14.513153118313767,-7.325547860829573,8.538217436724466,38.979608592456444,63.58382454708672,89.54351455173526,87.63033363333591,71.23736683157908,74.0755745819653,64.95310209203802,54.406087246801434,44.27330678915999
2024-09-15,43.477663249984424,32.010072849954504,31.089517558380734,42.54313790837331,42.51757757496031,54.56297347691037,43.95506339429487,28.543250174299686,-1.1753679581973415,-15.142354027275005,-17.83964349153692,-33.483476086616264,-45.313668980112965,-39.50067856266506,-12.395858448798634,22.944547535904434,60.41921723963911,91.82845990524004,100.74588476299073,87.5227927091903,87.21804571422322,78.43939703879016,64.36759177163333,56.80444300431886
2024-09-16,7.6216290193759875,-0.18134244429415958,0.534542606340608,26.409977847900336,50.24086372983282,82.15033249940538,93.02976815638854,76.67976414028152,52.1110635058823,40.67548486157072,34.14755134191421,21.67583198084496,20.703899987854086,21.95846897841318,27.416576497708945,37.691364089276775,60.55863083646619,81.25803912940195,77.18165061263916,62.91454455407599,54.52066676981893,46.14982684731834,33.76104929347915,17.88991729197258
2024-09-17,5.082737878125542,-5.930429122837992,-12.257689310546482,-1.1493974538937834,17.933908534048157,57.62464998611385,68.20096545661876,57.57071701905599,26.649393477231428,6.612143338210402,-2.5384876391678404,-10.857682542790329,-16.97430450006138,-21.934706947100054,-18.44287085398726,5.338898884372924,37.63260411269826,62.01422841781216,68.00056751008015,52.07220180654177,44.12698759569567,36.50188280419904,23.56622583786249,11.80923071914087
2024-09-18,56.21086927573504,44.02000081421331,41.48186664666434,48.69528980308902,61.78339730900713,90.5455518344823,91.93102468587321,75.71851068220269,50.41232293108585,40.85193314805406,33.33458633978708,23.882255032027672,16.120264698232404,19.71928540639155,21.208501138032418,29.317356242744438,51.48377436767237,68.34382632205339,75.18921434384453,67.02108656270815,60.51456641716685,55.01425065024312,45.68158339674501,35.55151989272959
2024-09-19,33.280525645574606,22.03026218677755,12.870931117005824,30.539000787926007,60.68966907211483,88.51735674744276,96.83577670473353,81.53130052984999,53.56522991030009,33.68968493275722,20.951126730747205,11.736276105959362,9.853171490173793,15.469925278415644,25.455810224341107,45.3910766758859,73.74321098445222,106.2930232303086,96.96278512014504,77.23015029202173,67.57893637767258,55.951503065530474,44.664169579525975,36.17797124953039
2024-09-20,33.09706011147632,23.38226979044572,29.615211497767085,40.612496556276454,70.64215257644395,100.84744848378782,107.84099640214623,89.83327344982739,62.880305108295175,48.310207517669525,38.31612587731402,28.160139613389276,29.798832505179874,32.14875870516304,45.85923506024879,73.75616215687924,99.61975812941091,119.30409448327914,107.20123095279364,90.44040014308837,83.14799746335552,73.77642356986513,64.57624590305696,56.72072197268114
2024-09-21,34.35662084973046,28.216538544389152,26.2138134523014,30.287488194276698,40.90454192591833,58.729830861708116,61.8228120783191,50.81811783037047,29.540349265558916,14.181681959721914,6.7766528724993265,-4.994254918447581,-9.868862146446048,-0.06553895462009507,14.62755835947165,44.712696360584275,73.31542493413934,90.05008841393979,78.84330963429018,63.575984698840756,59.63700549961864,53.36291955962198,50.04223207999485,33.00525392751146
2024-09-22,47.940110746732046,40.99817800543088,34.04820575082706,43.15751648944296,50.186257964363655,54.14572143590213,51.098577569995456,39.83705928451852,35.41729964907991,27.090064804548263,24.862951989006575,19.01695161247936,7.272980744726837,21.09902433104925,31.0378336907047,43.797523825722664,73.28448342816574,95.77222588615594,88.63033284994935,82.01615420888969,82.10288331236434,74.6145271825479,69.17066562608795,63.86552215377366
2024-09-23,40.63469057714591,29.614218801652484,26.316308391538726,38.969943584655596,64.74478714338393,97.85952594006923,113.21136387959078,90.23859657184366,66.40002336775906,53.532391812660016,47.18899254080621,39.480474374691084,41.03101527374469,36.30834731764974,49.04149521752549,66.67679560565153,88.87282767334239,108.50962882123967,104.94065981123084,86.543800528959,78.301794905588,61.620675930985335,46.847317392874096,35.75579844654615
2024-09-24,37.71120757254666,28.01665526600695,20.683932381213722,31.83052400015221,45.02421295418104,62.94410580722436,83.17085645784977,70.18976290455186,44.95811235231585,28.707681862279983,33.30178742918274,13.981531302726125,12.166898294905025,21.29058734170235,28.431147395584887,45.199925855722014,77.13088255471374,105.89468867507287,96.95636920797386,76.77737072716613,70.92310865061988,61.430423323968014,55.283419013148865,45.260133004493454
2024-09-25,40.23540894522751,33.51913156771273,28.29362793478709,41.204707334308786,63.258865505778424,89.5634608211981,103.97475568051823,87.48351833351973,70.65477423754064,55.96635265165376,43.52603484924431,36.26293262150263,33.13647029337033,29.30238557118558,33.0084218130292,42.279933805688316,69.176084744013,89.86729861819532,73.67497025939127,59.13330083254614,58.06097610170478,42.5538139851317,32.36603424244913,18.742209533315503
2024-09-26,2.9811936877136986,-12.927301494833529,-16.86950908153011,-5.111246616960827,29.72929265381724,56.06231149266108,75.55599756167292,61.01822692858289,41.63627336464492,29.11378945613069,27.248026008288306,17.868516937665774,17.73826545736624,13.977885763752539,16.28394878157596,29.423817438150934,49.359863255947744,70.70687247547647,57.49736150911083,44.89722885455831,37.793963169474694,32.95794129149711,28.105566028882492,6.727803469538074
2024-09-27,-10.881917406146869,-19.47187251149471,-24.91737994929386,-11.175886054186392,17.529277994665605,52.03867460550215,69.73568120765813,55.81797814876725,35.266234192595476,17.87233688506592,6.212059204099404,2.520406069307626,-1.5087335581772123,0.4764347972546119,4.182340968210582,19.88763389365174,50.75544378560194,63.902724964617406,62.29442546869143,51.0540446439597,50.7575054656367,45.505597852519486,39.4788175041179,25.355176892400337
2024-09-28,-1.5870148191679618,-6.175354071291437,-8.847836373298975,0.020474534661545363,10.181250443908183,29.442113136262478,37.14986683052875,29.147837671633994,17.229830873190437,0.09893432730142138,-4.203352525481051,-13.857364142747784,-22.630669610276712,-20.54785136168988,-0.4190381390107092,27.648814328843486,49.25548388351527,75.31934450029124,76.98045679543614,55.57190498616079,57.78577999216455,52.829673105642755,48.82779124101,40.01517403639175
2024-09-29,52.67324245743215,41.46674485538184,30.79595651329381,31.77227831869571,31.710385072229784,43.516471683449865,47.673428510988344,24.682565527027975,1.3110617449613642,-14.149284666370463,-15.348186717119717,-31.023045692300784,-42.13620188250948,-32.503090371860935,0.46971761485629315,19.43909966433111,41.25092842456104,65.29226527122823,64.52154342381094,47.902908308849945,46.8138748878179,34.52975357125689,17.10868835766078,5.376058848850846
2024-09-30,-3.825869764135703,-18.24996136826445,-26.901155396609497,-11.765583671289818,13.901588909943172,43.42449069532641,61.31337553953509,45.83473193650832,28.94098145689391,18.748951577940417,11.641153173113395,4.633656737326746,2.506142281701159,-0.7295976893004621,6.209993480740323,3.4693484476208027,33.17978571873584,56.31349629718349,57.263270351116944,43.69750581837933,34.440333943730536,30.88748135369576,14.691070763492377,9.221522355309133
2024-10-01,-11.192246644708092,-8.065181794963749,-10.564474849364274,7.94636467116932,33.66945405516893,67.79254533351556,79.8240953517715,65.95828918442771,55.725076662194304,42.11206642902776,35.09925927519737,30.22067092813461,26.785818426940637,29.278632998855798,39.1138341005351,45.7478996634879,64.53511965015404,85.19056418012205,84.07136906945917,64.70992162604803,62.00837794452611,52.37448891725208,48.54736513642599,38.41693106113937
2024-10-02,63.36991550823143,57.02996020651067,53.43329126035339,65.74568743957693,88.71433617450825,119.0884288398053,132.00591153700483,120.87692231806975,102.01588638658636,91.84962813089675,83.54382555621386,78.00298411501463,79.13905200643069,78.57348120675564,89.22806274358193,102.31260509868525,128.03284912093406,152.32022765366335,128.47096930715514,106.8978596049795,99.04439617465613,86.93263802154028,81.90470518145591,72.94338854872365
2024-10-03,37.220166255483385,27.451413795978254,26.17245602391297,32.670104174987856,56.63674786320337,79.47799495908956,90.73397618499067,84.03651857085322,65.44507035548705,56.68961652210617,47.96958556684301,42.27081371140063,34.75542107824877,28.599744258105446,36.944563557687246,52.096513360652736,79.18774909988002,102.90477182668135,94.83553594895562,72.61615956568234,69.40201900387498,60.40285048845194,53.75038401631291,46.792867956707504
2024-10-04,71.52086237133673,59.95128327952766,54.156412369042094,66.00665065503883,88.97466638718568,112.91405079194928,119.54911717923079,106.64296052788524,82.7747718220918,71.04292651863534,59.39054300894847,45.05637613202484,38.912673234747494,46.00108041755776,56.38840542718181,83.99198783101441,106.74304010666388,134.45744980058868,122.98869800112655,104.50750674026797,96.69761848391188,88.0221035457661,83.2121117655388,76.06462172446228
2024-10-05,81.70836333230643,74.97685628303245,74.61078080554942,77.27421440031016,83.29183530072999,89.44797552565221,91.61524688569088,87.26265456605626,62.31998619149794,38.73964898959751,26.122734385297065,11.516416791748398,-0.9989681164980055,5.06542944024207,21.835274496057494,43.614795186871135,71.3157111971496,96.74117269979537,91.50905681016161,69.41886629520468,69.98900964051322,67.3802214050013,54.344613197212205,43.885407558111055
2024-10-06,27.328268331072906,13.021625333752624,11.69596738776363,22.802700426650517,27.340074865591845,30.74171286047931,35.15278549532975,28.570787477394376,26.27459209987866,16.82248331775476,17.72283941527752,0.9078778249037356,-2.9832402221046266,-0.7002982414985723,15.503168594155767,29.375242364104167,54.82794732596889,83.10700090209609,78.1460843664445,62.34296466635364,63.705764670131394,56.301029284041306,46.82008861371175,38.64075134119472
2024-10-07,33.48563269230927,22.962086234193094,19.24062204862018,36.85287872976495,61.764364286310595,89.70180511909943,101.02945837775806,90.65426536334897,80.22809180971794,73.7286104529142,72.08244347944802,65.09205042245536,62.68551339155085,58.19523005923611,61.25274765755515,62.14722595203024,84.56057441763043,105.30529070491718,95.6117983295822,76.4795098249835,71.59024482090965,60.04124387547915,54.707230705817274,42.83518414937206
2024-10-08,19.948411534917824,11.92106699411633,6.732545893267584,16.124637065184174,44.38151875312821,76.67113158289875,93.54022166059636,82.04009108681743,60.96415855177463,51.726722014336254,43.78796840126658,35.34612324126998,27.329233935129125,18.27918660774428,16.80373061979401,28.455346780548723,58.97901249799865,84.07992723064335,75.75796031994712,52.62727833418272,48.9363704209822,40.854990001072466,28.895147227580807,13.047354649916386
2024-10-09,-5.539211951123136,-19.31400140163052,-20.486436964738758,-7.274785827815251,23.897955063826714,54.17135565328397,61.46174642939637,60.641880071511046,41.20168523867979,31.62610067193019,24.38372770749892,24.35785663985041,22.32974986161389,21.29836248483106,26.981005445891498,35.6238806933131,64.35762303912173,88.90880071490952,72.28300770782421,44.641010324540076,41.439008870946495,31.86257927543754,16.558782823633393,4.960306711407654
2024-10-10,-11.021192990603012,-17.462811282410513,-24.97539506913992,-6.018320077975432,19.700054389571164,55.61196801057686,80.00606693544356,65.47575091648604,50.25561826024679,38.64182381120334,31.806706637509777,21.390398791554887,14.584955511493078,17.129297648528294,24.494594317908877,40.83257367522779,73.80648349801713,98.19540185638351,87.19478318423356,72.73428903296342,69.81200183164809,63.53158624239201,58.33750202100331,50.85273383958385
2024-10-11,68.94246810709778,68.86515770443847,65.66335070469445,77.12337657747888,101.2325749159158,126.43130605481409,131.23946704096653,117.92249191029461,98.3623070572454,80.46728156170536,67.34491734035929,54.04623563450595,50.499557097620446,60.938902784223124,69.23392519530552,86.20550829965849,106.00322114629964,125.32276254024895,102.08126248366356,82.12710425828058,78.29518319000479,68.23242731293085,61.04538540046636,48.927093562526494
2024-10-12,45.800381236889216,38.20123726607682,30.447491817654274,24.814097753471373,41.55541868216092,41.99959229600307,52.37435186156692,57.46952541380183,48.118938981193196,34.85825346479622,26.323856477452026,20.381555353313658,17.273174235574373,18.661576555470432,24.40695438269806,41.63337209303391,57.719849132891596,81.73560802884816,62.211233104638325,48.5869603840832,47.958512780903106,46.406935681111364,43.38133841868078,30.99399897065851
2024-10-13,-1.8083672321073152,-10.711573245650214,-12.699811370489314,-4.835819965296579,-0.1716802310041743,7.546223770921387,4.461327049413086,16.021587604497967,7.337041359790405,4.371032333653233,4.917667228971226,-5.914840729138518,-18.146546950734717,-7.1231238210579875,11.432632283921023,31.416908620861975,63.98078458599947,94.90682815689064,83.2313754710114,62.50303485837347,61.69545442585175,56.86513287260191,49.2456327710888,36.9353373527938
2024-10-14,33.09637307390739,28.688669684208328,15.932188769560923,30.490478529042427,51.985294428493674,82.32149932990208,95.88280822102308,87.29477760664867,69.59844716855572,57.83650084121174,53.86850150094615,50.940018392114716,51.38878442935971,54.8407748275241,61.525607981911854,69.74778495677495,98.85327778828152,116.90175775935356,106.27061209683252,87.45382694504474,78.70321105608062,67.4731968572894,68.1089484641403,61.05729028386235
2024-10-15,71.10255592959484,64.45365902804444,60.36140876740836,63.71107687252408,83.3344706968397,105.90152602653194,123.04433189306367,109.89187654310517,97.59520293475596,82.64487118105163,72.29183512878545,66.96929849757463,64.89625104184894,57.97900825601799,68.32788027476059,80.52024141456252,97.98287347911366,114.73002412838812,92.6384097431714,70.70473252992505,66.01284242309478,52.233847520191006,37.39126722105479,30.317173856652587
2024-10-16,6.897475864618087,0.7104773093752925,-3.337887555213527,-2.2918979806224513,21.742195754848666,39.30958501297225,54.052821259167416,49.764805944333105,44.32466714296257,40.566390963554355,36.4228569874748,31.724140069681106,31.06440109270443,31.95597934149834,34.26219525162715,43.815512494992284,67.6439605887098,84.61805708750117,62.7398226486589,47.6837096083362,48.931393731074095,47.188773202830504,39.61518983776294,28.653290641202418
2024-10-17,11.324022398570818,8.511639131114492,6.478650917348375,22.712639276196597,54.52271315499369,84.57020444770549,101.89176618186124,89.72714041589134,79.76726042794174,71.81606324967936,63.29821837060673,62.37561353032717,55.925908112438506,56.21831702500193,65.26191278856214,77.47022036853807,100.51924644222606,116.401821712737,89.81937870523743,71.19531466796394,66.27307292342473,60.954200416278084,59.6471302595711,45.114692308328145
2024-10-18,41.62693758967292,33.89537336498256,28.929132773800468,37.65962275661584,62.66678536604092,88.48056416938886,105.57424661741568,87.04888166655715,82.37551423112379,77.02947126441121,68.33362784426316,63.52903635736919,65.96814286810753,58.30181911306373,67.20289148851337,72.69579092782408,87.95317456979086,104.90524609240961,87.63468441429816,69.50697936538225,67.15820879207442,61.9381112372274,56.41953748230048,44.582499138576914
2024-10-19,16.44814275601044,10.539299244282958,1.7169251191348565,3.4049542450358103,14.764783340240527,13.875998970894017,30.916562617439723,24.557118409882136,20.08185752946777,13.873471193856105,0.054255503646075454,-11.370605366401378,-11.143055364963885,-3.597050189632867,5.269578679821436,27.421603842470617,51.32563106074889,79.90303113339726,55.81342752681708,35.59742765873942,43.464054140066324,37.418645232273846,39.80435228002622,27.4736993177073
2024-10-20,26.054734321011495,15.22150846639586,8.633408888645462,0.22038792463327184,2.8923437032058246,-9.117747620795626,-13.514273095510816,-12.39334761966441,-16.43872917986792,-16.386571905566512,-10.785282409941502,-29.81639056604368,-47.54620379501033,-37.29489931839001,-24.018981812780936,-14.753596579646043,17.682500900621022,48.47684454755749,39.43904518340618,33.144908251312756,32.92838012527989,30.289593038468,5.902716494935547,0.6711026262840107
2024-10-21,-5.458932418188539,-6.540799066527171,-6.147154450045676,17.708421810779015,43.347554239636736,76.7399002177863,94.72833919877246,83.98067615884008,68.27115679066534,58.56162804649995,53.196073120891704,36.88106901236165,38.468405112594695,40.494106873456744,48.762128889273775,60.85407502534724,86.57797024777861,112.22714783065959,92.1252695179282,70.87938675227419,67.25824465765288,62.26155912777834,54.41434380816657,41.09783331982345
2024-10-22,64.19298402990904,60.49876126573463,56.264511735855365,69.49587079772797,85.67806842693676,111.11561540707055,125.47491784943212,120.99878238873325,110.12837034603888,101.28297392124041,93.64521788457107,84.80579015767944,82.52975075163138,82.38774012102769,90.12945182873912,103.73611080010424,129.93563790746893,152.00915345253713,127.9030818435728,107.40528067746888,104.70527668839816,93.01600588044211,80.75332541833868,78.09592441061066
2024-10-23,75.32118933209723,68.58548741102962,63.72849376568855,69.04279655370692,87.68502784414576,100.33499419553448,113.47722560147844,103.8039993752053,83.04945949984383,73.14830553280726,66.62391429378201,55.576061296747895,51.47430435975893,49.26857233314248,56.5346085540189,75.97167804022732,103.636060898789,127.93935276610759,94.00644330323081,75.35278076901716,73.47813814220827,66.48015875982945,55.007365805758,47.84785167475523
2024-10-24,54.91363220707299,49.34772873873462,40.16764714479819,45.94033852300164,71.36878135872566,98.40745401153374,107.16484576402463,99.61157444989786,79.00698604071253,68.60421123585574,62.18686531134331,54.46271433520656,47.48490887448314,52.816254783388615,58.10236746432203,70.56102414690602,100.48367552464187,123.08736026463444,95.73591458957895,80.64643304395167,75.44423890178015,67.15049250223487,51.32596521404026,45.2560572632297
2024-10-25,33.52652671717411,30.642995715287157,20.348210284794447,27.83460378817118,49.10131223177266,71.69641765345503,90.11570014083082,83.66306132176602,74.25487569148709,64.62679096998303,58.45895318908685,48.08263710941196,48.669876658164426,51.57121886821759,59.94567150021249,73.6582523828508,98.68539696875939,120.27869780328123,104.02300517318415,92.45198953729329,89.22586601633881,83.50500550922668,78.3173595361841,68.00424223383474
2024-10-26,53.97122639791349,48.78403704128308,39.07998371068636,40.120789415626874,47.765727290019754,51.6960862250033,62.7133924600342,57.54949982831215,62.94535226734302,53.873167450702894,46.688758620605995,42.09100036030681,31.696499795542223,31.142582697595955,41.6547422336591,58.35279823338638,74.93092166346,94.75225349870047,85.62442777996696,74.4142465431721,78.56844056603504,72.47286887519196,65.68098018248313,54.539073648595895
2024-10-27,75.38328974885873,67.0457549627775,56.93490989379234,60.23281249042585,58.89233280412248,56.07375399464876,61.08003097377335,53.87311119931492,53.031313576481615,50.846435689913996,49.94353520860667,48.67533337194581,48.27474981925645,45.976017737455734,57.44031845128324,66.56279784351285,81.66630403005476,105.33291804602696,103.67324025021968,97.67935205202994,92.24923146417288,90.70101811645236,83.81045724464603,80.83661587797047
2024-10-28,77.84694484621915,70.67265664455977,64.1459935595405,67.08148143067798,77.62102368297545,99.24434827782487,117.90436897336156,123.15502516875196,105.1851792031215,95.21990570517582,83.84139404908963,78.71485229317095,83.33672649847145,90.24397445128747,101.27912767355573,110.56162740003023,129.09465110487417,152.41181111115287,155.7704892156365,132.21465289456447,115.03420989558612,108.0271866333177,96.61533754974324,91.67090535960862
2024-10-29,63.23003451442379,59.287506340684615,48.36419598796282,50.02624622074301,53.71832190023592,76.04619240368825,94.00035272123819,99.52593296353479,84.01102176397129,67.74866346785645,60.23542817448261,54.49491051073412,59.65779369913369,65.35933993530548,83.07368604550008,90.67905272864363,117.17104491239076,141.40070087506604,134.54698328351458,115.64920209417416,104.44407104421455,96.41196362590689,86.06733507805595,80.58036068263854
2024-10-30,54.99296515059138,51.57977227254174,41.00617482612827,43.09909198717554,46.852038291341266,69.1570669264398,88.17041829175928,95.35333571006912,89.20615065360062,72.22862778345154,63.24186987751282,56.906271021987116,54.8017145324018,58.62248500875189,66.52765030810383,84.73812284181696,105.6369340171257,136.58590682114732,127.52640068257602,102.23748466950124,91.3777084623693,84.05133426490357,69.58041795603555,65.67889757575294
2024-10-31,67.82622694000162,64.31174039415646,55.2629972551582,57.21984536533617,64.39517552790909,81.91164744132286,104.91291745970547,111.34535129213141,103.3776296348478,90.0708418203732,83.6372035326265,76.3393953160534,70.62201679374039,77.01734106593076,88.06806032791647,96.34132362267779,123.43013254323363,154.29073845289474,149.8203385344595,121.46735046704865,107.31966498201238,102.69540611301252,94.02481649152682,91.81953604507301
2024-11-01,79.06043275200113,75.79406212340675,66.40194223667422,61.137062216672376,57.57862975642316,57.83192751481818,76.92494699353784,82.42580286632722,75.46605040990195,65.97605714338053,65.81040051837127,62.613118655814354,56.82324216476419,60.65776518517305,72.19565138604531,75.6164482840602,93.9354920863901,111.78618064425117,107.90410557142829,90.15596577270989,88.72861061761907,87.4093410836437,76.95626836661621,77.06131187233464
2024-11-02,89.2266703616906,82.07008425286955,74.12214852196435,70.83090258572402,75.19007746997795,80.9713106229351,82.33657902709837,77.58957053201956,69.89307711864072,59.3030444927563,48.70719074147402,50.68813055101476,45.760357507505674,53.89275803348106,67.33169823805174,78.91160511249942,99.94241047239336,117.2170693221769,111.77674156156993,96.99528611638459,85.31350829082257,85.74717301862889,77.84115841019579,75.62901165587787
2024-11-03,92.72530570541315,88.33497898546591,82.90029165778009,79.17761170078823,81.71647698025225,85.50853922664113,92.0796700380769,87.029003280247,82.97253769928162,73.54330182461447,69.26340303365465,64.90297429541303,60.59132844925526,68.66653748264818,86.55924305858764,104.89357489877774,127.44593070952247,142.0740096526109,143.899474384237,130.70172330475648,118.51637231310401,114.44359728079495,106.68591462498551,105.19139321600358
2024-11-04,83.59430937940915,82.66199537037093,76.16475957144746,72.42700078438855,76.09641268854989,97.89608810104045,124.27814013518538,132.1490759443986,115.0820634500553,103.30141742828792,93.74527410287502,86.94038358357606,85.02647252497012,92.0221678988715,100.54296270142217,111.69890887093153,137.40094230452922,152.32005739870354,148.26699702628298,131.15954251594874,116.14538405535417,109.17704548946949,100.31497834503827,99.48396889011305
2024-11-05,95.48735333796141,92.4699669907355,85.7553588669863,87.31288949369221,93.18255171550294,111.61683247603357,134.31393916568365,139.9421128529744,139.04802871885119,123.6904729726889,115.65844149507178,115.7757333395501,112.4121103807336,117.70760709555415,125.87533817789563,134.6368217780907,154.37148757106195,171.41574544256667,169.28779280178384,148.91315786930332,132.84909457430516,125.85731422161857,121.66759657895766,122.12304338538814
2024-11-06,97.5486154796624,95.84630188628941,87.24750213743584,86.28446716072987,91.95003269801852,108.86190881624444,136.35402412477885,138.01406463937968,135.15379372094907,125.1241274119025,115.0533109034573,107.34488175219713,110.5727118419333,112.8128951072304,121.39260605011171,133.50118257246928,146.29250052711245,170.9939097702236,167.11467689400098,139.7525667617944,124.76920089961173,117.90006358436243,109.2519554552965,107.1275018366345
2024-11-07,93.74171281690194,88.6564713084035,81.5558680995779,80.13758086555625,88.584756341673,102.2084646257047,128.76468973287547,135.541892414863,125.79084600279816,117.01802943425052,109.12773245476947,99.42563905555654,101.51354640407912,105.24459617113217,111.27530375292044,119.23979809056888,139.6403123308159,163.8181245874208,160.80944600836753,137.35936415584058,122.3765909606993,116.99616531328425,109.53480200904639,106.27216214744213
2024-11-08,92.31961212045346,88.65963357063855,82.60325870105714,82.44427512382393,88.94610279032955,102.3115541915314,123.3641197236968,126.98905296336785,126.8310030289624,115.21764850831764,111.64798506761014,107.41473896840844,103.30870651069793,107.30869265627462,118.20585607161703,130.811886904738,140.8535863238141,159.08376221380942,154.66461728466498,140.4451020158872,126.84857928799735,122.94661585023705,118.92481401215706,114.47377514624876
2024-11-09,96.33824345790397,93.92641075200326,86.01169661441163,84.14815186525843,84.27196285591447,79.7526215990221,91.47672968460923,100.1935496108446,107.31177111263509,97.89559968918394,94.36817654580844,94.75023385601317,88.94205499031067,93.4433727057943,101.06334615454362,108.7266060857411,122.34919184679357,136.34417942317867,135.1175172399546,119.30645988678597,109.14963859131511,109.67464854361214,105.63257262908758,104.58956202273438
2024-11-10,95.53302843193852,93.42902605331946,85.14273399599006,76.62864732993349,71.15952708012361,70.70684538072555,75.62153997465451,78.410145006017,82.56253122104077,79.86993674131708,78.65848427209278,78.97404267971042,72.59564745967229,72.41732140145362,85.07841966880883,97.2084078032179,116.57633189767357,134.29514497645926,134.89342387170393,121.59290541870638,111.23564863501602,106.90893229540758,99.79127107265384,96.52311534537974
2024-11-11,99.10331200308043,94.93842506158872,83.36746990130321,77.64130789323893,69.28163596737525,81.67424516374075,103.82681609373853,110.71443598739332,113.5111106494385,108.14693285691892,107.21891673295846,103.83127315074647,98.47710508988544,93.81848029355206,101.21135284850564,107.6174900629189,121.25558380629693,137.9533940501002,133.6476222283467,115.73824970133694,103.1007763932844,100.6037176410379,91.80450931930817,85.63342914894736
2024-11-12,99.09660098029164,93.98132284062042,83.00588161360436,77.01337051910942,82.4536111372913,107.9004148846877,134.15718034180514,134.86934018669072,132.71573161097174,125.50357245302017,116.23012378617211,120.67563373220831,112.24265239773487,113.03570392423633,113.44979141010003,117.92766046930906,136.3905817221297,153.60493101026807,152.35231483864305,136.24358349454556,119.28123929461462,116.72815653240595,110.71339895006003,108.73953355868169
2024-11-13,95.7473077628904,91.11284280190426,80.47525320571496,81.41523679718154,93.22011794056425,118.00122085416854,142.3767923409751,152.43159492957653,143.02067716666383,134.87585281762514,128.55534164433763,120.76184762635823,112.91753329132281,118.75600339062424,125.25523232152025,139.63065079643272,162.22952142904106,181.60556956545454,175.4789424814552,156.9420233863654,138.01319071064813,130.2616597871102,122.99038789670911,118.6838756610727
2024-11-14,97.4972133282995,93.70905594317503,86.49621859511507,84.91814588919893,88.3667947909645,107.22565995411382,136.74540917172726,147.65396644012662,142.65860686663743,125.26961272353006,115.58524197386731,112.17593978068268,112.35898760257909,120.20989911333109,130.35307063524294,139.29127749977297,158.5698737667194,172.67438240366712,162.83224241929074,142.5532341132447,128.5735489686935,121.78974014289332,117.0927535030677,116.54601126309865
2024-11-15,108.39120765606233,106.57046271384841,101.79681189272151,100.48323939844805,104.79069225098465,126.08979691328604,149.6069822988351,156.85261318277398,159.2176718177701,144.22726985418754,135.1558130619662,131.58123831065532,124.40777727897387,133.03286302616908,139.5390912499151,142.93413385678107,158.29104768231463,166.83436409476118,160.39036847145232,145.41483581627585,131.20587977704776,129.00467744275846,125.60052007362731,124.9301960590488
2024-11-16,99.98380554794521,97.66677500328252,91.10251497549348,90.07199107578579,88.22606687414853,93.1397725905274,107.77216129155624,117.64763891365486,115.56407315268848,109.10129875094741,101.91087603225347,99.81639680888226,93.2635017648616,99.31920030016121,107.03647291617521,113.60497579306636,133.56980665311227,141.3339122275104,137.62865523955293,121.48234148277083,111.99644093883954,109.77767594424348,102.21223447983353,98.79595634403093
2024-11-17,81.48828645998535,76.98336237468655,64.52852605757569,62.80892333521513,57.25515670099039,63.229501901535826,69.46926152161214,79.34327552783475,85.59126370785918,83.12632061751452,85.014250407794,84.19698441936549,79.42477332815295,82.54491899511882,97.37404019893145,108.78957196055735,121.42911437195954,129.54358046698013,122.8999117583665,110.94213356759884,98.68659795267973,94.91837694528844,88.79325887927725,84.42973797042826
2024-11-18,87.0089059065954,82.2297345007001,71.37638747968558,70.20144938673532,76.46489082197586,101.48538839188352,126.1038800189662,141.81359585424767,146.91361501137953,135.9638936771438,130.32718075431063,127.39109079035565,120.59260289053802,120.76234347241015,128.5264568450678,134.08923589577006,150.45665085793274,160.4328452496093,148.70396722307862,129.52159262697944,112.03355219018127,104.48942605277011,96.77326442731389,87.7651816083349
2024-11-19,70.99499584004982,64.49737183968675,51.32378823258592,45.623614242387575,55.79928956304089,70.89488576896787,95.86796544190378,110.38213714002931,109.82498965997452,98.46511538357457,87.08889590893666,85.33817841712336,81.93582520971019,82.2463284149891,89.43257381641192,101.67761829214041,121.49706545883846,134.47537755836078,130.47601999151158,111.62161714432477,98.6770162792231,93.8460846769602,81.74428733782683,75.3704953936075
2024-11-20,96.06489342754246,92.04889952712134,84.9166208739311,84.58496561249284,102.27316066023984,120.58860549927802,147.26664357805302,160.81885680438296,154.89699532906923,146.46841660979055,141.17448052512066,133.18513710920533,129.3681378090733,139.24577039267632,140.13182424269905,148.86813823173156,164.6024046185662,176.45927367912287,166.5068749600268,147.01423538741358,136.04895942974088,134.79975690666873,128.95297843051475,120.54302876073695
2024-11-21,88.99105755493197,86.69107147331063,78.6057010729749,74.74242793484468,81.28810257194749,107.0703917503493,131.89475845625802,140.58741719166284,139.7532727734793,127.22097990691492,119.41839646290745,122.83884199411258,116.43515535690534,122.05809169939465,113.09722199518217,109.43839100380256,133.75242630573203,137.8851105471643,136.71300669169824,122.84811169524144,112.17372388445828,106.94362424033281,94.97719825504372,93.70633550556778
2024-11-22,98.13410818875182,93.63684068673606,83.47756579997582,80.61450513896877,84.99826254296224,112.21704033294625,131.89609973259726,137.36573814669265,134.82373338996376,125.4010356006413,117.24024281328795,118.09902436836478,109.8469414620422,113.63167239893542,111.21551451190273,114.39474322077196,125.84426660588962,133.2691697495861,133.67826999753217,124.79253729184882,113.07507743118109,110.69706830931979,101.17973566531037,94.29579817704143
2024-11-23,104.32513688676936,102.92247967955817,89.5670040032222,84.85969870634877,83.38638303477802,92.64447898975526,105.05800468851507,115.0366271331436,114.20185103957428,101.39297344412115,92.35301398242116,91.30679339165287,80.66998727333282,84.4715794770877,85.53144030917893,86.93283889542548,101.63633929513298,107.17414256546147,106.11084285515562,93.96718289512955,81.85487951170731,79.77322439117762,70.42776909835263,65.53749868948485
2024-11-24,7.548156558989206,5.094544225729237,-9.986334984524902,-25.65604105858216,-31.912657414079447,-36.857803890142165,-29.735921265525775,-8.931388921076504,6.786156379478811,3.2374226635756287,1.7948325048680687,6.200385102965797,-3.3367830409557513,-16.788065827388976,-8.116891964013789,6.208492452466203,29.232440474874863,48.32561368681422,58.98543131406235,43.45887913392866,38.71530869093472,36.05824061290508,15.747036703723111,3.530586917314892
2024-11-25,2.86096176566744,0.7691164680390585,-8.5696616499106,-18.612596056598477,-13.285471419138588,18.170408605506523,46.81540741489155,60.89439599931292,64.72032292852955,57.030312450762366,51.75016321826066,52.36039524836762,55.66612092223507,57.61472666696648,68.23627861353401,78.63972736127498,88.41929960205833,105.36363346710317,103.4371531600876,86.65535090186256,83.1036426673836,81.50227629889797,68.01981180692734,61.53230534390374
2024-11-26,85.61600040381347,83.6665487400299,76.40994889873001,76.914653440598,91.94591919567739,113.01136526399908,131.44875114757022,136.3648926461238,130.37284034501397,118.69370953025418,113.09814457190762,112.61122457336705,113.96017818636224,117.83391744805505,133.17401544342673,150.056952785617,160.1756326276963,167.88830062761403,148.63490889489162,133.6784081240078,116.56358212117033,111.33629704882858,104.89675909988158,98.4082494588622
2024-11-27,79.09419890573652,73.40828472234912,60.29863973863189,53.84183263437809,58.661918657207885,75.46065309448464,98.2191320703478,106.55340532516608,100.69997179933466,89.11796494905066,69.32093509990884,69.82761697741127,60.617916228321775,69.31388912008138,73.36044417797267,85.72347376535278,110.13257044838315,123.36970765298446,119.37259596650323,104.57629381295519,92.0482518759573,89.62865241055403,80.51976414716208,77.13535877891864
2024-11-28,58.48196494139187,60.250589503039606,54.17666696763291,57.713670142849885,61.5912224179756,86.3094976663421,110.34384739188394,121.79723144439427,116.9162868961485,102.74427389733054,102.45797881897491,96.83876225859069,85.66308072815926,101.38805844174001,104.59666207746042,105.85769839035784,136.44109874609325,144.11269780390646,139.69300057187428,121.24987120831524,110.47773835394717,102.08668849884974,88.53610965352668,82.47203979032427
2024-11-29,100.88071546627407,96.13934401734635,83.87616099878538,82.82100588486357,97.29107623921085,106.41457455026509,124.24848987204723,134.07355373883738,128.9807735242495,126.10647426142816,112.68436342132281,106.6892161607037,107.22469913821041,103.13846582019121,113.34645727556463,129.67974989629855,139.40053122438795,138.77188952036988,131.2830160626178,120.86179355284922,110.09458025866509,111.32212676639611,101.91289272984446,94.75782196202418
2024-11-30,95.7596923581483,93.13236474940729,85.15560302872345,86.39996072266885,85.20123533458914,90.58060532493903,102.98249809602429,113.79463385804873,113.23546478113674,102.3309391441143,88.21797761644477,90.69374957237818,78.93956145234046,84.61713815066838,90.00469296417937,98.15519468625605,129.26122608898095,137.8656454121234,134.06724608662924,121.113538412859,110.3825159921732,108.49741664913634,101.42027064495069,98.89110199240874
2024-12-01,92.07299229991158,87.37491651636572,74.08078105993287,68.66086452883496,62.81795152927067,67.57671021038088,72.10408093868625,73.67610058107351,80.28373077406782,79.10125641081109,76.99996118475451,82.5526654708938,77.44434896098377,73.87266583280814,82.7222607736418,89.59334648847553,105.09843448623658,109.15123858391904,107.65241033777309,103.64948806449533,93.89047818396429,90.36791163500696,83.68579181030479,82.38571976419699
2024-12-02,72.72109172496519,68.70577769402134,62.28313011578368,58.14574848054171,69.15458635429441,89.27175966032388,112.08537804072022,133.29396784626292,129.56090441206263,120.90676134776751,109.25096345889256,113.37706600206221,108.63623571412988,108.15008523725922,112.10930009698079,115.42942621678377,135.0126310628743,141.7338365297506,134.87400044434588,119.8876961241532,110.64545159129919,108.10117261162108,97.41591000838811,91.79633603344384
2024-12-03,104.71318403229841,104.18270645591005,96.87396271634928,96.6744267980424,105.18464619046304,128.24488234854874,155.14297885400597,167.96470159321086,165.91699083426494,159.06722703406132,153.2263472580781,153.57451173400705,150.44178594665115,153.4447539456824,156.3707674336577,161.55318880569803,178.92792292809568,185.91316729740453,180.62647093223615,161.59743572651507,148.0566325495318,142.6954116612919,135.1960134159463,133.71460157163108
2024-12-04,116.73269139431594,114.77754266892224,106.31026137133972,104.26929950972206,112.87616307837854,138.11346536619672,155.98127713528686,169.25755687986432,157.8982207031668,145.63908617100034,128.55215673246,132.23068580408525,126.92991776165995,134.98352211737568,143.38416341502375,157.0830446023839,178.68069782094227,184.52274702027438,167.06052535007638,144.51148062925287,131.61321403206531,124.28898385501122,113.4389025080163,107.19974302384789
2024-12-05,104.86173910488826,99.35927950778,87.59302753306176,81.36944225503342,90.53070569430653,113.6799844936482,137.84117855145587,147.2872010480391,139.144000082689,128.1894185056553,119.72955408076152,117.14797848604739,109.97669982254436,119.44915040785999,119.82190157490506,122.5816422874961,146.12794572385766,151.62022311169764,140.68298796168799,123.10566120697305,103.45403586977882,97.54429457593051,82.8641823391471,77.17951078847918
2024-12-06,14.858801118945493,18.25196538695654,11.947871390133471,6.4286697585732355,13.547533033367657,43.72332562808106,73.02846546721136,96.03453604204822,102.41878744412425,96.78601799294808,88.93365221308808,88.41227218582368,85.27946944367788,87.70651517351293,96.28542930589252,112.7271077631687,125.43087604353717,124.26380935306354,114.55862027840857,100.74157115318448,91.89743257205016,88.97808040439183,76.26972434749197,65.22637377512775
2024-12-07,66.48743405520158,59.899475665478285,50.51286469983327,43.15681328314715,46.913221510152574,56.06315783933309,69.70269908834224,80.53047782946521,88.69108805952308,85.54044236748904,77.7801530006154,76.86529541503289,73.9535847780174,73.61064513425833,80.51814408659087,96.1000221741722,109.42739918167442,112.60491302168847,107.62523368444198,93.35077482925806,83.07779991575975,82.54157442546368,74.06027518055618,61.28701241764751
2024-12-08,13.111912720336377,8.613320343029613,-4.833693783020564,-12.514984045438567,-8.309035388816909,-3.1192434579521375,10.36696285017652,14.988614181445513,29.653592014310775,29.683863793866593,36.76129017171974,39.1398852096843,36.40332460216448,26.879694565069123,36.620139437751014,45.47094610602136,65.2663511835547,84.35993651830125,90.23867152942934,81.09029596962898,70.2963272847478,70.91780418205222,60.75063405948969,50.03514923747593
2024-12-09,50.10125130135481,46.748524525000896,36.924396589552096,35.70040589943266,46.034086255826416,77.0446553828088,102.22048946798579,109.07106357659195,107.93741256786187,100.06065890092592,93.56939125733159,94.33243000122116,90.40632498846352,91.54857594515299,96.14093028866941,95.72472548335928,107.00925888593082,117.3147029343967,114.57347589601508,103.67179851201887,90.4030654815315,85.22214931216564,74.29534986993168,68.04257485109733
2024-12-10,91.51939099041282,87.30303781704615,75.84495143220845,74.6038407244321,84.8663100368094,108.73606176691845,134.16080423323925,141.21116331742633,135.40849471039311,122.27654578652695,116.14231126796523,113.94783628578523,107.10236680017505,115.86316303588254,122.58713934928228,126.92567733067506,141.16379426694965,149.1865876768832,140.77780484094163,125.59563738605836,113.89012858225247,108.11944683664574,105.17144643843012,95.53134391003515
2024-12-11,105.24230502869305,102.09888801348295,95.64311790566198,95.55717411307464,107.69570782255175,130.91297432766362,158.62453164778614,168.26220178866092,171.57975474565592,159.5037115054621,142.603562750411,144.90235890394888,141.51055615567566,141.65887614340477,148.69597316394757,151.53317013259036,166.54077306957902,178.19940452264865,168.429193688328,148.22233257162918,133.41497410943023,126.8640808400648,115.60277781188941,111.42962471299752
2024-12-12,119.92110064612737,117.34099509694678,111.55997354821298,113.26819166974057,125.54701084898292,150.00606992038624,174.51323012793716,195.19717339208367,195.6019695659793,181.67436705272317,171.51906698698366,168.3046303267683,161.91638387087806,179.41306369715008,185.89829337238007,199.07404977700315,220.47797270757337,229.3779102343795,201.91171458787298,173.18884126434068,160.0848150872513,149.71280968496916,136.53296756041166,134.2819252899598
2024-12-13,126.52124096823299,125.76226038300547,123.01824638101317,120.7509334448061,134.23144753069153,158.63557459150613,186.37062572090804,213.8502188032092,212.4959049629321,205.05042716436694,195.34552639980055,190.45656742367515,189.3729741032791,190.43958211445215,193.71985458702278,212.02743999860252,232.6122263090358,246.32372290560158,224.25709543720882,193.353467106884,175.95964789069814,168.1437702330119,151.96817944640037,149.94866745737758
2024-12-14,110.36186696997578,110.69553127603038,101.16750275850606,97.65994685958472,103.33957977738582,111.58094755308412,135.39938473247824,155.1111588908062,160.83529514311803,155.89127794657057,148.97115843070526,150.65089431709157,144.94052285276126,150.08814970890938,156.47789174972465,169.0140673609256,191.91199837006803,192.02421543726408,170.2892611262018,147.44240715159046,134.9365482579227,128.92834040131402,117.68710996480746,113.5761358143692
2024-12-15,79.07383814239083,74.52427942647647,65.2323338330823,60.59596441819393,60.07359622005002,59.70713937879143,70.96131007658923,81.33840785763043,89.81318794143206,92.34569893828925,95.16800912168061,91.2289144782704,83.13985887336526,76.99863496114716,84.76419115836048,90.86747819072019,109.71186954316696,114.13625224939155,112.70129617738858,109.69534012912553,96.51900812791102,97.22789541862767,85.1019642075105,82.03207412670615
2024-12-16,10.465118233678481,12.322690422527003,1.5135890123457045,5.012864501469508,20.30670676689236,52.253033333434985,83.88243430101706,108.45032728958768,102.6573526556898,98.45822836810005,97.4647261631019,92.62428447796519,89.85464750016594,90.11109751887517,94.79218458141882,109.64697643153978,129.25122797481234,138.46816776651735,133.15560215626905,117.82645947174184,107.6506648350272,103.94146606494525,92.20226841375131,85.42274393128369
2024-12-17,47.966380520973225,48.83902770965013,44.112888300518364,44.003607342287964,48.241514899884194,70.76933789984608,90.16967457719173,114.33927379784497,112.04257003142206,99.74427662655668,93.97462320384459,85.11777697513821,80.5679716930577,83.0127066761151,91.43604415552656,101.45070400194678,112.43684366807682,114.03135540707294,106.58537711133296,90.41409789773084,82.83940399334541,78.21121663540845,64.26210801136513,50.174544920260146
2024-12-18,58.310179237224936,50.37238177589046,39.14984854480462,33.740568079450966,46.95089464928663,64.44052617045348,91.04092412717645,105.30380986680942,100.82123803254174,91.56857332923924,82.0084229342093,81.14493837451353,73.99560296641211,71.71451767794277,74.87643690460467,81.74820129347951,98.31056164244426,104.79545220260611,94.42575003216825,78.78376140006333,65.5651734722911,66.49584774174744,52.51291639365043,39.85850113446967
2024-12-19,11.234141648237596,8.244866836936353,-2.8492386284836755,-9.43612956414512,-0.27112480393101634,33.90397569620953,67.96031321411894,86.98727117161704,82.02093755203148,72.70031341228837,67.2314646031665,62.011091185924855,58.58448721653612,59.563459317496154,61.81407978813868,69.86652129950437,88.0588825887065,97.12325551573281,99.11136813941869,85.76864482980045,74.02261694087979,72.40532523418536,61.07130083411914,49.17433728500493
2024-12-20,48.16445505379408,43.6295242623672,37.4313833240264,42.55408050528188,54.77623204755491,84.56781097001854,114.52274421055796,127.79570428202707,123.10268478330181,108.29517748341867,100.1082431590407,99.58867218832684,93.42568437293974,89.50205820536773,90.0274989488444,99.52533964643021,112.96314756179277,113.15303334729106,101.53207971209244,92.83106212427788,81.79844511211745,80.99877360195174,72.2281434929207,60.38386325813721
2024-12-21,25.88282431985968,22.791139885233456,14.315483680396426,13.144171478781459,20.4211259545733,28.373788325206363,47.058517605906715,68.96770271654566,73.20675101276333,66.01768389537749,54.56040168770324,55.33197541051312,44.56107494067515,37.70891771085604,37.11950817203075,36.5992339605763,45.42354854578983,50.663478036571604,51.132811471943796,38.52488278251769,31.15766448512761,36.692935324960345,16.293630559111122,-0.5799447215740656
2024-12-22,-2.5087096710335572,-9.352020124562245,-22.196593400685842,-32.225651273394575,-48.63960820817424,-47.617449214414265,-38.11291259044971,-15.64460490710428,11.348473804848581,12.722839393085707,13.77128588115815,17.93489592722017,16.497361044412045,7.122612926976885,16.276239812361297,15.197192298958711,28.934383790394335,41.079418752955334,39.138990415972174,32.58812682479423,30.054637238727636,33.396406662620606,17.496348716597595,8.599785282267888
2024-12-23,14.451752184959602,12.398839859239601,4.79169787814628,0.7600072268111688,11.549342355804768,39.38695973794883,56.95652052961244,75.14241273708011,75.04462036504707,64.32866961449187,59.42944123366051,59.546410365892676,55.07497962958809,60.22183461099908,70.13417566302792,81.71538053698126,94.44803819457218,108.25137259937502,105.77560659902001,92.24459590090379,79.66101663789382,77.63319127718326,70.40329477130037,60.6606745763719
2024-12-24,82.83410936851666,80.0563239076928,77.60537961516033,77.62086655585843,84.47142333558168,96.54939551647108,115.42407900861012,122.50088380947187,124.73385723709897,115.71364435316335,107.77183708440973,103.97514872765585,102.73651505855963,108.55027650830965,119.7025973214823,121.43163597881046,132.4930574470065,135.38772753928737,131.43393309707767,117.59860976377779,102.96586963019327,95.90476822987968,89.72196372878214,85.57599732976357
2024-12-25,85.49390702118198,83.44557660888513,76.9734597386894,70.6200994112773,62.18901825492869,61.932512632766176,71.70540776525431,85.59638834639884,94.889463735071,86.92329095427226,86.16033299180482,90.74992181327924,83.7518813440783,76.17211260979948,83.92151458350835,83.61600910185615,91.52790669100699,97.9591907295555,96.86795614239269,95.59788172322634,90.40430954811262,89.08023712772906,82.23693802936819,77.14904993988911
2024-12-26,97.72680408321224,95.44994815432594,89.98206833736144,89.02862103132418,93.88806874171757,105.69557349610979,118.13405680350633,130.60818652533302,126.74457444489937,120.33363052396113,118.73742417463333,118.5590601957954,110.86136014813847,109.97441310439223,111.02905785790483,114.90342246635691,134.9299126486252,134.7524499152259,132.08565751343295,126.57371313310269,115.65988183709163,113.69095518404724,105.52499362503706,104.46388225353687
2024-12-27,103.30167912846342,101.77512227460645,98.54290891551443,97.33667555699283,102.64113428573998,113.99897925482242,125.22123277599398,139.14247878967245,138.99399145037387,131.40485398203654,121.00374564759073,119.03866165026805,111.68141624279782,114.0179081602888,121.92020360022364,130.1026115140764,142.57468992752956,148.24653362697904,144.31457319027825,135.71980928689902,122.3473138705785,121.82778791361915,113.27367853867335,113.51239746204175
2024-12-28,121.0561485830442,121.01742263457524,115.69991627254261,112.80691949336455,113.08031570800213,112.4203798828329,115.95988052715289,124.29979834658577,121.6290701140321,115.48797247987238,106.8351814678736,106.93116873732212,99.36442239328242,101.98769461141178,109.24628424879498,121.26784828639272,138.8102455739961,146.22912255802117,143.4969556119567,131.02659111720936,120.47132767050657,120.51442903926186,112.07522223948185,116.1230264202454
2024-12-29,121.30976862260253,119.06093260941296,112.53363403223857,106.41044956239969,105.93106323259411,104.20409959134261,112.96153914243784,118.01455621073062,118.61328180927589,115.75850269341336,113.91859071114462,111.91745808022172,105.42780397415436,105.3887742536651,114.1430614173454,125.22297302952006,144.7572666729878,153.27797906734554,150.17551864306125,143.07828910150997,130.5211301137646,130.49588617377438,119.04534521514789,123.39584844472502
2024-12-30,102.56115970775461,101.58952432611176,98.80160804250275,93.1260133211951,99.65473902120051,114.60461786723315,132.77268111294816,144.3435955164285,143.56719256114394,138.3420449970381,133.47648837711102,131.1469463380563,126.92845127076137,128.0127669074198,131.72893503301182,137.67626282918602,149.85557638626852,157.47598460268668,153.6924561941733,143.14106388742002,132.70112743401776,128.1534885626472,120.89175365290319,117.27129731834455
2024-12-31,109.31164893611505,106.28075666439767,99.15721818316734,94.73506109777338,101.56789932634007,116.23296283574012,126.801328951401,132.44772402869978,130.20409386076983,121.36143197840954,114.72437101934831,115.38380126099064,107.68947957590856,107.12421850893278,110.28396782138928,109.30640032108914,117.90614664961046,118.39229306047002,115.6218168162678,106.01192775206465,99.01662822569877,95.04933879991424,83.39619459554049,76.80407454400778
2025-01-01,9.030157682855986,5.370118630925305,-6.0549616653395475,-13.749615112807419,-10.955782213240639,3.1952140422548183,10.793906052014648,30.432332210207917,44.179742670070645,37.12711865662805,36.61863710393384,45.79413778050012,34.145649436538086,33.29239714199309,37.20431163123555,39.96633061688552,50.87007076677503,63.88568151420242,65.57707794687856,58.45080119155797,48.761124619374385,54.31290491522036,42.20375178637089,29.05764920290285
2025-01-02,34.65975519897008,33.83201695355379,29.869096753043365,31.828474620392505,44.592837949129866,63.91072840509023,85.62993607309214,97.65967160955724,98.27100082507259,92.28506552580285,91.6245690776602,91.27826099987323,91.6001918348284,97.0188960919397,102.70018501212269,106.53412215011353,119.24442782612766,126.33711938255126,127.14986281061569,116.88625943686051,107.90722043173028,105.1674193173114,104.42086992862204,97.66471563805865
2025-01-03,102.53806021477416,101.07167392336775,96.29358284256602,94.20162450726122,96.5588081680486,113.6523804351172,131.14578983771014,146.6936977965256,145.27284901160036,136.7673799783393,133.82908555856616,127.54754049668283,125.30706498949566,129.88837125759113,134.84895106191317,139.81339587974264,147.86552959648233,152.4189719986417,145.51240662273412,132.69941468940908,122.58155378177598,116.72289552099109,114.84328671591989,107.21668454208752
2025-01-04,103.66384903145867,99.21012646300079,92.04469073069464,87.53029964984529,92.13022524592269,98.44497644922717,113.33001055114262,120.59809062166615,124.59870564224579,113.2835957080363,104.88704661909233,107.54898604542731,102.50142242753786,99.9909151703345,100.25483225014953,100.66352537960496,111.25586240356076,119.56034364804306,111.2209521567059,97.07972175362292,83.75932613463434,84.67220488339092,77.34964716376692,70.07473933955649
2025-01-05,94.04509217110729,85.61405206750804,73.12838689312258,61.702243831851376,58.82180906266518,64.9855449363757,72.09066434476165,73.84322089750239,84.81814496914983,79.80459699537357,75.90485163151263,79.57389838171477,66.86437484248032,63.551947847031855,68.47769946430535,69.31151400055141,83.38219440534814,98.94178411732452,104.2326196874808,96.66182204935875,84.03956385108121,84.36585615643887,69.40678471715414,58.94883500372011
2025-01-06,5.083203325075317,7.604260165922909,-2.8777915624371673,-13.182064303119745,-2.680688750643057,25.839844960096855,63.156412572424856,73.75338080772408,73.32499920512544,66.97988523314568,59.187395124612884,56.73694065404281,55.379214641653974,57.33428029176257,57.72657026012435,59.775520984419686,73.77407097988876,94.16161203435581,94.71117481839619,83.33168679454678,74.4807428144498,71.39188386278735,58.27439895139252,42.728685594729036
2025-01-07,15.440181575261974,15.229287515986357,6.696538892379166,9.74390663276128,20.919786409562292,39.600811304846104,62.2125069805591,77.24073715140221,75.4267145220971,66.22426106515778,57.369091769091526,57.804585231301665,56.85159509538528,57.959077030401694,66.01957843390092,72.91101029234214,90.92577351891379,104.51570541183727,104.89660982877672,90.38727115486301,76.4037130353968,73.55848914303914,65.75168162552214,56.77199393958936
2025-01-08,71.38181417908145,68.49918707862011,68.76245544856492,68.67765899675467,80.17348294568404,95.35619966134314,119.11804854094872,124.54640673274949,118.02744593066815,111.14611135043832,102.25272726421377,102.68221615201539,96.700962717263,97.37638887816111,101.10910631647,99.58552824458305,108.10835185551609,111.14812782077885,104.07778338772981,94.68691692483078,85.2550214755826,80.41323199193535,65.54138536196133,59.55268982114285
2025-01-09,54.87037323832349,48.15269814048763,38.726882931354254,33.2472851167597,39.84369282176349,59.7591243649587,84.92539700078044,103.18250965920235,105.55795709808987,97.48247992540894,90.33629382896137,95.55707398261332,93.77352953680114,94.38903758275227,99.46234044800671,100.57797262290484,115.55608815648735,127.15271194559648,124.13557955675154,111.06880075987192,101.23165458707544,97.73921021310314,87.80588470268103,78.43261664454108
2025-01-10,80.82027413377756,81.7515645003351,70.01163908716912,72.37271912649295,78.88242742459896,102.56101054800304,125.33264881142415,134.86345316201172,136.06253326800123,129.28218477686306,120.06013325485007,119.0868658889238,112.37843377176458,118.97169537368045,121.04206073370636,126.4375734680324,141.07140990581127,151.3765052976489,148.93984891175958,136.6993839476379,122.4253970891529,119.62944022055903,110.36090405640901,105.39301500239942
2025-01-11,105.23272833836573,103.0505123869375,94.41874615896823,91.67437685178356,92.79689510040413,98.64810951383794,109.87573648825813,120.56386731137046,129.75428993960503,122.79097604628677,115.1943360931819,114.61947095242931,110.76572609467428,109.31053611343617,115.10685878213883,120.01117650082219,130.59390465029932,138.95292690347694,137.7692791452052,126.36575315485823,115.70140588446355,114.08827798573459,103.29975651555432,100.90378535796398
2025-01-12,103.74730468616033,99.99681787152818,92.20765863956998,87.15765127563076,85.5169677227837,89.90872079233273,93.18977038285377,97.81112434550668,100.39390804775837,94.21640426032427,90.12158516169583,89.69063237468502,81.66113589208699,80.2470575640781,88.4377826545596,98.1271662312512,115.88589037094465,124.61986465158475,121.07706596234546,115.9938988669146,104.98764994427177,104.83405808074768,95.17005860340042,94.12799244777041
2025-01-13,107.4484774890825,103.79207038760674,93.4406267163024,91.98472837496544,99.49062544091312,118.1245019307564,138.24432459310773,154.79590720237906,146.16220739937103,135.8279386618781,124.64624878512186,120.39056039452007,117.3520052876095,118.17715364472578,124.90755218789405,135.17016111763195,153.6003049595236,165.00300734332046,158.280095289901,142.7303983224571,130.15782687018756,129.6560269394982,119.45590678694373,120.53913083145136
2025-01-14,120.46747303191357,119.60860064773289,114.23830455435991,109.56495204414153,117.61213766730519,137.00060045592943,152.15739076205926,173.9959192653385,158.28932311244162,140.87883635951346,127.31384018214331,120.01056408496531,118.42361594210034,123.3406716981946,130.59389931788803,147.20944943598948,163.84243972489713,171.16287170112867,167.7825928914641,151.3652890888657,134.15895588373456,131.1434164769467,122.19128461034272,123.24454888262893
2025-01-15,113.99011387340468,113.39225312843892,106.5438038938659,104.5509890427917,111.7302040149796,132.6700978607663,150.0703674081742,163.3263175862739,148.8726480473807,136.3664737968263,123.292419203392,117.49678004205431,115.8952689747198,122.6032811896633,129.97761273089387,148.12247431542664,165.26657955327607,174.02866448084785,170.39790312526353,148.17870113688556,130.84487683450058,127.03547525899496,118.08418575852568,116.82275949530235
2025-01-16,123.23198809502676,119.69281669772272,112.54507128706706,107.83629014784518,115.74651307063915,133.4430553638065,163.32955454161487,187.15661115479992,176.21003799205042,163.17536856978006,157.20759396737492,146.40536755349268,140.9303219862119,145.51041863894207,146.2706434656343,157.91016629916544,183.58134809591223,199.12676179530476,195.10164312702935,170.94630931513757,154.4575514537975,151.23658544228869,140.93328904542767,140.23477549034138
2025-01-17,121.15580598354177,120.99919621841661,112.12318815974254,108.29312243180351,116.65821899300482,136.10247110268043,158.1285378582388,177.72982569603445,166.63942822698772,153.06451191921042,141.72069466682316,134.51105464632738,124.68750566366128,125.84089098292596,130.44323620046703,147.42655751412167,164.46320908532857,178.73614539094018,177.62105154762028,159.70047685641612,144.9010267665279,143.16807036874158,135.03575220454664,131.24061277701819
2025-01-18,120.41806579635514,120.44171404424989,112.29465412337329,109.67027983761295,113.95866395540989,120.88367047460277,142.35691890257704,151.24692103680474,144.44402731132448,137.06823625855574,125.9836356584007,122.4140701234216,116.1482831377383,114.89812963575825,118.7589981257408,131.47139181496232,151.2506435053085,162.6207029686496,163.00436704463738,149.6530251152944,141.09734911061034,138.21248623758768,128.74439394384675,127.69342897100424
2025-01-19,125.49402605737495,124.55027677127214,119.7559805106186,115.14651813574908,116.04768751315062,119.69466008353993,130.49365449592105,135.02746801944446,135.3911649754836,130.71906581134377,124.16933834866668,120.67779950062828,113.79878777305103,111.5407992317875,120.165845506173,130.0910844777232,148.6333772988044,167.0354019824065,171.14483555070473,157.28805080627475,144.14513881686207,141.01678664870138,133.3137051438472,134.1439613934517
2025-01-20,116.96071822268706,118.33398364307244,111.01261224585315,108.05570415495124,117.40243746164813,135.14627541601737,161.33734207102702,172.58418780110844,167.25501854394602,157.52352530777114,144.38814163775697,141.43679732636434,136.4988346778699,137.76183108210958,140.18616230559434,144.75475697116846,157.56927903084033,173.24627427294362,170.9487965669376,153.72261023977768,141.577289480288,137.06113481529815,131.89569234914464,128.80863962340817
2025-01-21,130.57590423678047,130.8451217189052,123.21298492990815,119.03760381427273,125.14846065463323,148.23157209995742,181.89472573724112,213.81520048759631,202.65623900551697,181.31820713029424,169.75474334071149,161.0708513679714,165.16189728370455,164.09109089661524,168.27230137056227,182.31760707264073,201.69403634161407,229.9215214133347,197.23827859249124,163.20800174079642,147.10760229079156,133.90861988455765,124.10410557568001,111.5668084002391
2025-01-22,115.83073683896733,113.00852160060322,108.22939427313196,101.45747129825676,116.17094889472494,135.70236919503083,169.98495345542278,196.3474993022458,191.23067173301885,176.2344198276706,164.42492318778892,161.64098021403026,155.58831477801516,151.5311663474684,154.1993117184741,162.65666518203642,183.67722690876386,202.19185852037168,187.51209860154012,159.76764639529952,138.92427375632232,133.7958756047719,123.70391670488623,115.0833564318394
2025-01-23,108.98740722696104,105.2911165078128,98.73527378788262,91.88853790111732,98.0876114461056,117.70003341568399,151.0885308118479,165.2872085917315,164.69103819600855,157.67966090128596,141.2106750605635,140.22419024109246,130.70279083950834,120.47239621643777,116.31683104388246,111.3111896544843,124.97135034943442,140.45861812856108,142.2239822696795,129.6483331609651,116.623776383123,113.65773569923071,100.46976003958893,90.29741049184432
2025-01-24,67.453050602197,64.68440376530899,52.074490382646864,49.609527587148,55.529084430309894,74.13903995420478,103.87915026891638,115.83677357146523,109.92163669877324,98.46100827463427,88.9185717131711,86.5518359211506,80.24859480734533,78.16722780427176,75.51201005702066,87.15300505840773,102.83544144551578,120.47544298945002,120.0442103740666,108.68400694760793,97.16633807016235,94.13399073613479,82.77684145761367,75.17764614446483
2025-01-25,49.205206265418596,49.29642703700979,35.383689445535914,32.39565660558274,18.045157106973335,24.217170859205197,45.21233738182953,72.42669505416602,86.10551162915857,81.44506936980866,79.7238876224058,75.49719749046496,72.75357163464366,78.82461764724616,87.09098938251049,104.13780746240168,114.44987281092546,125.27137619711796,126.42162891902146,115.04081924829488,103.77809724840601,101.15427263469809,96.22743297060234,83.63666351956502
2025-01-26,53.13707569032272,46.63823681254491,30.551176584399535,25.1734674302239,15.092737832807487,18.683162464246948,33.042022390059614,37.21176952718531,48.17908025810333,42.8771717060107,37.48710915725928,37.02484957605113,21.438617696083583,12.70635558791129,15.207335212064791,21.95060018010814,39.11330697037393,68.89715794298264,77.91848537312438,67.5828462028643,56.56550596276442,57.27847837330737,42.37182640362736,28.117774064615247
2025-01-27,6.027855940941421,-2.0170113536796066,-16.220084015532322,-17.874409160677615,-7.080592553593021,31.54229370713135,68.72809488870863,85.68481266140289,75.48277849049201,65.2734300829942,58.83445757395477,57.71829642869692,53.360436317886034,44.914818257702656,48.14834849159178,52.69536159813597,66.18425383376751,92.12718733652534,87.90477879350968,71.74050486272479,60.54160762851403,63.15022763884975,45.339582702021495,32.54545996604203
2025-01-28,12.484996194427637,8.192059030857223,3.2510152001472647,0.22662234009742122,22.06922649378602,43.492169120648754,69.8150056074901,76.1265450293964,74.81774352556332,64.60755638260957,51.387719750876144,57.27615277832922,48.48464422450797,41.26864816481979,49.82141708307855,45.299555819419396,57.3512438273311,69.4584041207793,73.27075040230307,61.76027199051227,46.79885518705491,47.83318734888783,31.46152882786025,26.392356869330655
2025-01-29,24.638492939463333,21.56158404913188,20.685670938713706,17.395362833582553,30.348945050922516,50.03044476812644,73.95195656557098,83.37639992071308,78.37111726851333,68.56507715865843,61.138583871441824,61.0625572839907,56.60887035699217,55.570470815232966,62.67196770009011,64.04899396767176,75.02210328378303,85.15167188289122,93.88142731788692,81.60279087728567,71.47463452424796,73.78952332936889,67.68575962980407,61.73368292802584
2025-01-30,64.89789650641283,61.03522901472164,58.82940333331122,62.62556924543634,74.5931422489151,100.713425544425,125.75122259906631,134.14976593259712,131.82019454047196,118.99844868194585,106.47049553942279,103.58443784989962,99.28155460706486,103.58395053467305,112.65917986303343,125.60063007254274,143.07720551062602,148.7084854947808,145.81997402828924,126.77466302514974,114.19622561790943,107.07731224173703,101.76402070203133,97.4586852884914
2025-01-31,112.84878825131825,110.511570942685,100.66403996657647,97.90364636952664,102.7598141014887,114.69758320890008,135.01883123484095,148.856982981305,142.0338815802196,128.33328088473988,121.8815711008425,120.88770965833095,113.02576618035923,117.16944084023739,115.85766745275288,116.09858614284347,124.92755515027713,141.36835829301907,146.3474296524774,134.58113902590935,121.15190527034105,118.14107012712351,109.03965031342369,102.06910477877095
2025-02-01,128.41859113356284,127.1355865762043,116.21403119063314,113.57605966828307,115.3352535004117,120.79690131899801,139.98837602889037,142.7389519689204,146.4844232373863,140.49517779835443,126.95639643034536,135.51669600061484,131.80825131380175,119.95637447753666,123.04388963411333,120.9150076904738,134.24673728215572,157.97991047936083,160.7660778237335,147.42766011534653,133.47672143307193,128.78094934840752,116.25718080837612,111.6465679428394
2025-02-02,126.55690348152969,123.56972209762273,112.55095691759368,111.37508810117285,110.039441251477,113.60656088759043,116.28021674537095,118.89615127384408,117.89725354479458,113.12543487751282,109.3661286933827,106.86482635466096,98.4839039951165,98.1318209524912,104.27102757204904,117.07761021970597,135.933802866199,158.2085057480817,166.27130441945508,155.7079252857437,142.13497423722703,135.4355032438958,128.87070512134153,132.13439816497691
2025-02-03,125.3729100480661,126.20537054061025,118.73476139458612,117.94638093558981,127.31164036118597,138.88718259517202,162.10347702692462,169.73408409015263,159.55590447846848,149.59829961188774,137.67976306442566,131.91334667426798,128.30275359781137,124.49088941431114,128.48758347199401,129.57422539361528,150.35951966930207,174.2080168482021,178.4892868144896,160.75205910184428,146.78753636472877,139.5450146743525,128.52060452712973,128.00091403866568
2025-02-04,128.07048607121033,126.4385886722649,118.03479740875962,116.23554209603412,123.08920503123626,140.2979874166579,162.90610629108622,176.96335652720364,153.52525554271676,138.18916617941431,118.34765643886853,107.60688955875554,107.1864967991473,107.35353505214913,114.6742245572428,131.0920367193698,155.7547080143042,173.72233651594343,173.06013485763734,152.77986593892462,139.2545206943557,134.19146784955447,119.03434450793816,117.89503662012996
2025-02-05,123.6499455805016,122.35067527828345,115.48129413884257,115.60472803399898,122.72441653257962,140.56602840300707,164.59536908923576,187.64383307736324,161.2691235453698,142.38426672992205,130.10940662700472,122.92744839860401,120.99550835412485,120.47792494312402,127.41845657553526,140.40355539771824,162.55543306435416,183.70508153867098,185.86586806757094,163.3348769595067,147.77742782059835,146.1521070754038,135.7029534044122,135.0171821169713
2025-02-06,129.06984681689576,124.72646366102501,115.96048205276381,113.54775770452582,123.00924143769534,148.16763146511835,177.17892389662336,186.66673434533777,169.9413079647682,149.36589941789978,134.73606173922664,126.71614388837148,121.58491818838664,118.33740869746572,121.79507419081179,127.50498982000917,141.54532014135359,159.48444284202938,158.15873996109096,141.8751974021111,127.69726117303493,121.81447732944447,107.4195312862039,102.85113299984144
2025-02-07,117.41030664982668,113.47676769617235,102.81667661205343,101.57881091254033,110.38272214583556,128.13343754565528,150.9414155279473,161.4054017143945,153.9608829346702,141.2194879369137,131.54897127951713,126.32711282467685,124.16220340820891,119.88053333826993,121.77108468333827,128.67991512063838,142.88119522252705,163.74678947356918,160.72006502632672,148.01384588784333,133.57102789535264,130.69693110378321,121.2054668637728,115.04898387567683
2025-02-08,101.41244210569064,100.47387688147101,92.11394160189829,90.99908744043988,92.66560460327001,102.0023584645412,116.83652858927645,131.32758540697665,134.80210499584544,121.88206414125987,113.5122063612703,114.13987208357783,109.93888490057657,109.59748988817319,112.92670297474353,125.15660339605802,150.43219154036885,164.9763887288275,166.80609064284488,150.55770451237169,135.85530016517052,132.90408577573393,128.6585895301633,123.20053195927954
2025-02-09,130.51230158544436,127.98362451726838,121.24956281687398,118.9149825660488,120.95702882938807,131.47718798348188,141.00237469320487,139.20888299843668,143.5987040508142,139.12756556570992,135.25425296668885,132.44022793955014,123.23408054686499,121.57182495954874,131.9216617974369,142.01116466662089,159.42602385152978,180.6789376430834,184.3951912820911,171.35465433416005,155.55786778168869,149.5840157402937,144.93033389686238,139.5655110462951
2025-02-10,120.46723126207323,118.49956908249571,114.44481588729798,112.4951013005307,122.01086482292321,140.962829548481,173.81772077044906,185.0058386336453,179.22687521092828,166.75219384270645,153.49404616813905,150.011032890945,143.9932879533247,141.01937529670482,142.92971822033786,146.2616422204243,156.20486364511757,179.48976377149174,179.97890724617682,158.19870108421733,141.03137456507977,133.92314822385296,125.90798250770747,118.70888689249887
2025-02-11,115.58420571203224,112.78717393929458,104.23473101994506,103.26317183048087,109.54485489554017,127.32459894927491,150.22392169199628,169.92201961037796,165.9975932632753,151.31518272297166,142.63020663662513,137.04557144797053,132.6276726253657,132.53891746940286,136.884132285085,141.82651974818657,154.75721855723268,175.10637880542674,182.81344938336977,164.26824563579598,145.60631842544726,141.10939725397807,135.0728707075922,130.31212659975495
2025-02-12,124.98953045560246,125.77017245968463,120.13093122070939,117.21151993407862,124.21948475975826,139.66197472578855,161.39238429719111,174.7023477143992,174.39194662325454,162.4626256747469,154.047003593982,152.61690803987284,147.1861541420912,147.89744720322477,147.88690141076222,153.09152337179032,170.50802678236894,188.4290110964175,195.79611159439312,175.1939038181327,154.76896183948998,149.90224727494837,146.63446995862742,142.78020671873492
2025-02-13,124.04206744377322,122.86916880540066,116.64683108208885,116.79702884145776,124.80996248456431,137.77691071187732,160.46505824200324,177.4517852810369,172.67166500473178,165.24061034000368,153.5723841455775,146.72522117437464,142.74513451970674,141.187282045635,146.57233124976437,153.71343522400366,161.93745813585946,181.01431973786043,186.912682961014,167.68208946387276,150.75612265715208,142.8387615978927,132.6135104451412,128.46805599644483
2025-02-14,124.09018537259908,120.30408373031123,112.67855666024371,110.17517720744789,118.31644421245608,133.2094554638726,156.33345458703303,171.6014248361305,162.9121865887978,146.52565298919774,139.11799059214655,129.17132342158527,124.90180641348923,125.01435843230314,126.79082295409015,138.54635135661454,154.9480590352962,172.75276859913578,173.8782477417188,159.3795315597201,143.03900996754152,139.5436727939112,127.42288383847011,119.93970862224218
2025-02-15,118.011133028878,114.12525098758414,106.76707212603989,103.35751515958466,110.78937969259344,118.99468562194022,131.89217377423225,143.4301219207616,134.19303800408903,122.44477644124004,110.80202678292416,108.57911133469611,98.94784796472842,97.84537356948157,105.27190479761282,125.87089389251588,151.48594660036952,169.5478894576789,177.91861711510225,158.65895855012252,142.0527946336076,140.8000138925983,132.92673098158127,125.39191319121448
2025-02-16,130.05765370104098,125.86853014136756,123.5065952137507,119.33907331007353,118.23274209582905,124.20101314539272,132.05820815633808,135.33987261209703,126.9351253702093,119.35235875173075,113.23446741154362,112.32142202135863,100.8799332712715,99.01576226086442,107.44252313941304,116.47309395689604,138.63928150507937,161.13483988070567,166.6058153064915,152.12113510526737,137.09534147290452,134.8499516611054,125.43554166757471,125.83810971468282
2025-02-17,125.1408191383596,121.765379094082,117.98536699771694,117.61602412256457,123.42038706334318,145.5932624959886,164.0342368588791,173.66775121072243,160.2921227767314,141.95383249518775,137.78317897158897,128.06796525344333,121.88963281198446,120.40254596937903,125.53770379521559,138.07451814983708,158.5912841919195,180.0057819000772,192.35322265932354,169.6893404335707,150.05651782745343,145.64234543149433,137.72160793211253,134.28766531328247
2025-02-18,130.44355948721085,127.95644327325255,122.54404386981821,118.24940659841799,124.00374004085354,142.21531445504738,166.73921341342879,176.34288819343428,158.1065128897408,143.7225313885995,129.85277127065078,127.42877228055899,124.12829508736701,121.79118556271149,123.93858916596622,128.9845393179802,148.72383273649632,166.46735024976343,168.45479247699313,146.915772784255,133.35017769339933,126.16709773776273,114.2080908775176,109.08478983259965
2025-02-19,102.90775523056988,98.41132253934816,94.44922702297629,92.98362290785428,102.31026020674265,113.81844407465128,130.93907036161733,146.7976211330688,136.9434205937585,126.53136565149543,119.88220632987819,114.032951272052,113.64718155593778,116.07182194940418,114.32616429360685,129.87851558130896,146.7779312715133,166.46372105565985,168.0986630657044,150.53493616750396,132.74923307183212,128.31563240021356,119.3170059725192,114.17143593730512
2025-02-20,88.63589779950125,84.98383368050199,76.64763365065436,76.0464711728008,80.03420328784468,94.8574279218046,117.84729053675636,128.3788374362747,116.53998318452551,105.33807648780717,96.29931338142381,93.98160400211398,91.00195202114075,88.19652463625094,90.14618141073247,97.20277529035798,112.62164340660594,130.98420401845996,140.5750631346793,125.38616119424282,112.29306070091944,106.65052812935546,98.19476779857924,95.54035265527413
2025-02-21,69.45757056772963,65.25135145912662,58.83987431366069,56.63389944443801,57.59838523514806,75.03312795228618,93.19896569185252,105.82344256423684,98.6604922625494,89.67735231044855,78.29815254788252,75.30097753635854,72.30605351475855,68.28702556070364,67.1150444511964,72.79235948494822,81.30093825258015,100.01455140399392,111.89418255981539,101.63050327195842,88.56525358061836,86.32807042670912,76.6758308004162,69.3204515247961
2025-02-22,49.42769158079937,47.45891067857463,40.36923792263365,36.421392409471586,31.01123515115379,28.920236596155718,36.7475722227765,54.09655713138735,61.14459093349559,50.281217586610076,45.342278908313446,47.703928857910334,42.171773212529736,39.68490722070407,44.19917838623821,62.92226708521108,80.06126343777905,101.64847897741585,116.14106789661783,104.44184919546646,95.67599060103902,97.15209995520593,96.72803470563083,91.30887099966898
2025-02-23,93.94934679631517,89.71512858003412,86.89866696318711,79.96857591179588,79.4904126943568,82.02201196452084,81.19453674420606,82.50750465944337,77.41084281692707,68.78558236359927,61.67385855069831,60.76040474672353,47.28693158895158,37.315915117521705,46.30278726193527,56.26944912242241,69.1287007886159,93.16342754935951,110.96783721937393,100.97595221562204,91.4076862673374,86.8984499896885,76.96982342394946,71.47666030359282
2025-02-24,29.031765203433608,25.657224723003516,19.45480671988134,16.535810714017558,31.49038571818607,49.79832524593865,81.68378080277364,90.683095136459,77.99129086904146,64.93148909866069,55.30089069244712,52.21479723183478,53.994076555734836,50.82521175176392,53.92096069831164,68.07619555750055,92.10468774584358,128.90269822296978,140.0657717478431,118.55444398554985,102.61049786262232,97.52544091676347,91.99308555978882,85.63439983802269
2025-02-25,87.19295704072482,84.10270004822023,79.03441329083387,80.7481912942326,85.8087650843488,107.20992844367932,126.99124011751316,145.78320886271274,132.90350049162225,116.67449995800457,105.80483382161536,94.1949175236018,92.60778872194521,90.31542114887066,96.5214586309771,100.35316540508055,109.64732801461516,134.72238713571758,143.4873841102202,125.52900061077713,108.8591862305051,99.84976385807153,87.07171752526882,78.99342627730529
2025-02-26,97.3266763720473,89.07099075879762,84.2498393999445,82.63266225164543,94.88456368173554,116.53277859260614,131.65031234742494,133.87551911189723,116.43029301447557,104.03021475979833,89.45995161340568,93.71034695127858,80.22081805662938,75.39038552028751,78.97780039063221,85.29082382223734,98.6726263288897,122.02525399899224,137.01168034963558,124.21837927727123,109.90427646522032,105.26052189051796,94.11449027235197,85.5242705040529
2025-02-27,100.83848934648496,96.19406248772597,92.58461844279923,94.09960576647326,103.14499063240822,122.11561148370733,146.05895588469517,150.29753631013844,132.05284865504905,116.5178506461063,102.98873333287472,98.22323394421127,91.40893644435346,91.45105650823479,97.00762744256309,109.21961584748053,130.04381922040244,156.26914911096102,173.26157589521569,153.28626051816133,135.6702228283875,130.32098830794018,119.27596396703444,118.80580999708508
2025-02-28,115.49218141772576,109.79523981346676,107.14402612935714,106.05663939999096,110.62072738713687,127.95253445779242,144.2213738181108,150.92122001613868,130.56717680926556,117.50580446844313,102.74020296428574,93.24915083989438,87.99254606780478,84.45565434165655,89.76506337109514,104.60872981377456,119.03746714661392,141.3124642436395,153.34879996732596,136.95393572873584,124.84224967302174,120.56590418183583,109.15113314454837,106.31850144465628
2025-03-01,114.4149929889273,108.1267685098428,104.59112479096339,99.95161341478823,104.05524159312733,113.19757994225719,121.30832576908519,117.52449957555419,108.75203117865452,95.53254438674887,76.55141233476536,79.01494575520908,66.51627588473971,65.78076080752501,71.94980195960767,78.39192527818898,96.4454709827638,117.14459968979551,131.10928560932203,118.3073594091142,107.0549161533251,106.25174251035317,101.39992647770458,95.9651787891478
2025-03-02,117.69451095906938,112.86821855125072,105.33163879243597,102.7456837250831,101.38905824222292,106.60854161223818,110.90294394241107,101.93584445899049,87.3690531194687,79.25708019222552,68.02024785989171,71.5472306321314,56.3538606195913,47.501634924366,62.41848192003087,80.48126950344648,107.87190939772951,134.64075096268317,154.51552331177788,141.07440307819016,130.30494566292947,125.43193695760826,124.25377540847809,125.89488078828438
2025-03-03,114.35197024224331,108.48060776723344,110.32545300495391,109.33996175913546,117.51076394650369,136.294186961794,156.95896475789596,167.44713515825134,136.53702323534978,111.91053829057505,100.85491517859555,94.42272877426218,94.79698287897423,94.22194818244415,101.7715861801432,119.04932197893893,138.67626981008902,168.1339585138109,177.32151332262947,155.12535091113295,137.16086545802693,134.82306780687338,130.81580871083193,129.98046199143243
2025-03-04,121.26854477994623,116.3082467934258,112.2512274502806,115.79343569838045,119.0649880729297,134.16744409227076,152.78947203951023,155.82445078318145,128.42588121022203,111.11818559967163,98.18480786495462,85.69447555569039,82.57159494776373,78.15560702779545,89.19521972288483,103.69451413214387,122.58125265894493,151.55639953021625,171.61709440321476,150.31363225981198,133.45847730995857,128.2934964321926,121.43254315269047,120.57074825961124
2025-03-05,91.63857285852679,88.09239759652206,82.66953928749996,83.28643135647778,93.58255727367127,110.48996615486945,124.24377551185658,124.8330145333292,96.00841656901952,69.7446819382995,47.830309571638644,40.97850452075341,35.9632116879976,33.631428731830255,47.032883727396225,71.32608025070049,96.14954206747016,128.3899946935242,147.50280726751535,123.93242042974721,106.99385311259044,102.94781843870197,93.21508491763336,89.30676493124412
2025-03-06,78.87991898071115,73.45974313520568,66.57546806346566,64.63383567453252,73.85014498833543,90.10766846648716,111.04127657406515,110.00476601747566,83.81397322652894,57.20530422645512,38.81534154553352,30.467735424803486,26.345952429852346,25.200456499802755,40.14980333587842,61.8538188782326,82.71996507109063,109.99579801070428,125.84079607559148,105.93370271728234,89.01801853431965,86.69793031106701,76.44119874469607,72.68579306744387
2025-03-07,70.0497557427655,65.28803776757364,58.99660623722133,58.26492104862376,62.437803972405575,76.50406485882597,87.63737299459879,94.82886754322705,72.85705253128188,44.94772201538324,22.949435482646507,14.232818939201792,14.503413277863274,10.430571841926337,28.869373775511818,51.114588043053566,68.50541412077337,94.93239324604286,116.08305694365532,98.48031922394067,81.75488482294965,81.86049723139755,74.93318511300342,69.65817164622673
2025-03-08,74.20185763554666,68.9144088277663,61.25123499631364,56.352806048094294,51.11248031760261,52.969581720075645,56.16146813324658,52.66142397596264,40.25488150386914,12.533625887818744,-15.783718366471987,-4.681525306002641,-11.76070083925481,-18.28908963656511,-13.042891270816554,2.5518452440207113,18.828194228814795,50.47407158646442,78.4315189180449,62.70416266182121,50.27485843519588,58.451010975404344,53.96975140922144,54.5631534050592
2025-03-09,23.404528333941684,20.735878134422315,15.757588951102349,-1.1088342685445554,-4.948703385949543,-0.5095008514521169,-2.103599960900638,21.083172681668117,8.910317304850437,-5.659614359802092,-11.996996902124025,-10.137218110683165,-13.716851967058574,-23.60096405415713,-12.892357004991595,13.51682942227913,54.043410726147556,69.08489634877118,88.74937741908687,83.99975812973034,78.26062695981096,80.88866546400754,79.8193395327062,76.45864759984855
2025-03-10,83.02282731773909,82.64380278353936,78.03033429115523,79.65371483533546,86.86392301124715,112.69891463605951,130.63927195592584,130.93106794405233,113.3402054570446,98.76328891996253,91.16480735668114,88.34679244975422,83.54461033663158,75.03776936715862,84.14492355025077,94.69562457555223,122.0523230544673,147.5484730615088,169.17121869006127,147.7591194425915,129.9099869745988,122.44703537100432,120.26650975298803,114.18898328132282
2025-03-11,84.49186736878804,82.9060910426955,77.67851967036701,73.193860884218,78.14207852600624,99.1143415875661,115.33981402936568,120.56463317384116,103.39517948255,87.26606910512288,75.82426934273889,78.85387615135797,67.40866907623513,68.04035567843793,70.54682063345813,76.5361515602527,90.85590542209123,114.87252551863962,135.30267884859276,119.5442698090432,105.04852782905498,98.9570493618678,93.30558866431595,86.15723827995883
2025-03-12,92.29296152313943,90.1686116220294,86.35831758125303,85.3453779082897,92.52827858648504,114.72747821634688,129.14286016306642,132.06711470753282,120.10150280777154,106.96582704082934,97.52002631237005,94.98330617055151,88.96704724491629,91.21269848139221,93.9354403942767,92.69890134878563,114.41579147006568,137.28935971068208,163.57847732213952,145.78346336813635,126.29890175690488,119.8286706814896,113.25999846211036,108.61228862201257
2025-03-13,104.88725114906242,102.42918323159039,97.03075785051277,96.2477537635873,103.01071041422094,122.00299105296374,142.22224018851875,149.43948051318125,131.4841121373996,120.94476764528974,113.09440828786572,108.02743219291762,102.73836576300098,103.1596194582311,106.53000544976558,112.45060640994208,126.68813690685678,154.15296051832232,174.93802221636565,155.4569272786672,136.87672465754852,128.78033297860478,122.61672975965999,119.97794691523636
2025-03-14,105.59606242200717,102.88821535469839,101.65002418281158,99.74700332396232,110.11116654398069,128.3076581398332,146.0271868013684,150.8028054018128,131.44152471941658,118.57232677134974,106.45151791666761,103.74004893120556,96.62892058627538,96.61749051150602,95.96746514519384,96.2249608798473,110.10450746141055,137.30963151510392,146.9345738646503,131.36324859484176,116.08312071258453,109.71828879841338,100.08571851424477,97.08391341738768
2025-03-15,104.22915594213765,98.82494216059331,94.90672046314835,91.74546590583992,97.28592833816423,110.45787108348473,123.87408268467613,122.70305185401666,106.02343234172365,91.12035446196028,77.67518403009919,79.67448836685668,68.27942534297736,66.7325056460893,70.1465499336336,81.35939837193203,94.72430687618555,114.25864711169436,127.7341110680936,115.59236464079768,103.02587807812019,100.90380391878034,95.35421521472742,94.01267593390246
2025-03-16,86.38052373748695,83.26526502188572,79.4082503326609,77.30506448184316,81.49079499266693,95.59508572358538,99.05464191761939,88.798712654602,77.98184017415713,65.57930383387371,56.39232695050086,52.1627949764296,47.412748015789845,46.074389212099454,65.2478007526983,78.25038112498838,108.45521656414361,135.53497359237556,154.51013775307726,137.64794435546858,123.93526346070676,118.54478779670134,110.45168944880768,105.2397972583197
2025-03-17,93.41581969394667,88.89944783605608,87.77466756703888,87.06005254910275,97.29183208260658,123.03768182842168,142.8739265517677,138.12949123118776,106.22732095949233,81.70547028198938,68.15162185947096,62.26558541129161,56.34122129705867,55.11259225141472,66.36307027782192,78.5737986190413,93.85761834734673,123.41136203117466,142.67507501423816,118.49134164172443,100.86405568661985,94.34127293819037,86.2372983466041,80.54851784943513
2025-03-18,85.11942352024111,82.10697341100021,77.43162866578545,75.81393562336078,83.64871454156577,103.98357500933304,123.54561436718811,118.20012787173113,92.6329362918153,69.47810886429149,51.099968625590655,47.34913916437089,48.51023641086006,46.047753011168155,61.56189792190119,72.88465866161997,90.08660973194196,119.65299890720064,147.83392157977462,124.86926811125612,106.15407386473109,99.71170823817735,91.67040680340537,86.34964653706902
2025-03-19,77.78764168827902,75.9864331932475,71.10435335716738,69.72495092571734,75.93142504317095,99.03835095541658,115.74126592137902,104.79292747740836,80.75331440004884,57.24599281265438,35.610723855772484,36.40410805705631,36.3502184391498,33.755782066830065,47.04914638149435,63.673789157260416,82.85772984091943,110.91567473981979,141.66795024096035,121.17539717671538,97.76368860419016,91.2064675085204,87.56553064213362,83.48959805268804
2025-03-20,54.06146085726761,51.13847668126992,45.86855423762601,48.075233360633995,51.71311406038093,75.2930090524114,100.27976152035129,93.91632267616694,64.61143783859191,35.088786254242535,12.290744974473839,16.208480737413524,10.702437041559008,10.479247884919772,24.9250502746343,37.04520629975124,61.956071020575195,95.2606065525051,124.92263723736774,100.21886994542301,78.72129572262912,74.7201306563292,65.08555404042099,61.89872614923779
2025-03-21,27.298156960713058,23.648977056430233,17.53341732513467,15.544223986259325,22.11023634868434,43.96163195824564,63.67629910228869,62.34241904365781,39.088356877519146,16.701592117265704,-0.4060546098469757,3.004052096008621,3.8842761610403045,-3.116430957268122,1.1840455299559665,3.32876563505188,19.155352860490893,39.612361745716356,82.43735917492852,70.57072151098791,51.338943672656185,52.29334479070973,48.13777384799057,43.81489186949325
2025-03-22,21.679437228845913,20.61374183412675,10.840552159377253,8.983893934198278,3.0131964435002203,8.027688281460783,3.5037255997927446,11.259548750828387,20.504926738144263,-4.770220127169765,-7.24775213224035,4.176569259612478,4.049211597114066,0.4876332840930644,11.395963461936077,25.976564704052407,41.17269746343868,56.97784132927511,79.6649460483312,72.41353802885263,62.99222041917028,64.31515771112083,63.80688052007818,58.44041762235576
2025-03-23,29.63700861087863,29.726981514047246,25.631841453932005,19.38843167335517,15.046435776353391,12.11096535209208,12.473371671785173,11.298753483760734,12.95278052268128,6.235875649941178,4.344038234349355,16.013280160408698,12.031298156609722,-0.8577523121579418,9.88729939442328,30.001319633402673,48.370289582530845,75.51111162126216,104.9088052607177,96.63326852247174,82.80569161322443,79.80262711285262,77.35206702572329,70.84548194211654
2025-03-24,93.26381914914805,90.21675902697514,86.11313482057618,86.27354540402189,94.56645543091525,106.87325975736934,130.36491127575655,125.64265497622414,105.96414537167976,86.07143013102394,80.72934755097592,79.2510839022938,77.03220975168978,75.49756693338207,80.31777212632656,84.57522828068423,92.50148980090361,124.31681489837771,148.50109478817532,133.08051556803923,113.27998961373105,105.89909056254213,102.27009882112179,94.86173100139715
2025-03-25,84.92380387390239,81.66605682032234,76.07284051814206,74.4771482495697,79.63020572747106,100.246561103265,122.69155666376028,118.24095370804405,96.5161719056435,76.07682356955941,65.76399675546838,63.98707078813402,57.51036570479782,55.241679678219256,58.538025907332916,67.72248068814199,83.03649650439543,120.29579244921636,153.48315023720403,134.76786919936495,112.57527441734788,104.49894953980952,95.38998550274923,87.17053471441962
2025-03-26,94.27694734696779,93.00357113844115,90.21867615305962,86.14911056344995,92.94494534142981,109.99410448874377,128.03952380426236,124.47363826383202,101.03378482631096,81.89041793593127,70.47053933460325,67.92009843628033,64.40555612469959,60.27128219720894,63.368565476466216,71.5934470324862,87.53045978404916,119.82108125850263,157.55542386890446,136.81463000023936,113.0239686890829,105.52352726332376,96.79557809973727,92.43832245824544
2025-03-27,87.64913318826952,85.46837448413608,80.33433297863155,78.54638315143106,82.81842998213341,103.8087988477418,121.57451599289122,121.04190217408427,94.81394087428882,74.76541884130754,63.344311707989235,59.367582402940286,52.375572787778175,50.377108038273896,52.27328247635167,62.13449067195842,81.94081711212587,114.32891607378353,151.66181768074546,132.50968197695258,113.65837269696404,106.81461260971743,99.57220162889176,100.76759470414584
2025-03-28,70.360668734718,67.13737372894855,62.47115792506065,62.52600461253934,78.75041661636436,92.21918612511129,104.01385653007982,98.02282821383771,71.34081588492711,54.380449721078065,39.36014693777941,36.0907244186816,31.937565665549762,29.79241135822945,36.21346203828329,45.01069661385143,60.568110602593286,83.86256763449896,115.97638449680036,104.79833498778228,91.09706605998282,84.02899336672886,69.57488871787339,65.27856936755117
2025-03-29,22.310166995157857,17.083202950046314,9.018712288916035,4.417696356630984,3.5706849542304724,-1.370098480729581,16.72996779784006,14.326603098622641,0.5447115466552646,-17.826023856571368,-29.29084116371483,-20.626553282801268,-24.33636288117667,-25.192462508478158,-13.797128635175085,0.7380275767080633,16.990748931683385,44.99534833116111,84.38831446476154,74.16785342535809,59.897879289858615,60.22247632974472,49.30841960161897,46.5180596279615
2025-03-30,40.61893438351153,35.44726333111944,30.335088506427482,25.471887217624428,15.175093802223174,25.696141441278243,29.454940202228173,20.027716279741966,0.6500983116471559,-14.534719972969398,-10.417862559646622,-20.198386475649755,-33.69910119795304,-43.790658739674356,-20.941210900971853,-2.9989136617623444,20.29585798923665,55.20970118820277,88.19114532525761,83.62799394971245,78.43006432162974,74.91148766538056,71.81950233841981,63.67995692774738
2025-03-31,51.75709883761602,45.73705242560735,39.48958695014599,46.68153586755411,64.37305891015174,92.18845354752244,108.22923464729236,93.57139133903735,69.37706589045766,45.39969414784571,37.78532853227544,23.849419393194232,14.808635470337535,18.100525517343897,28.90770321854869,32.750497971374784,58.86991921614168,91.67279579440878,101.50569238546703,84.10814030204136,74.57532414402196,67.6161609893707,58.4804015552602,47.853197888428035
2025-04-01,68.93068519487163,59.59650505022812,54.54472267099801,59.293862420173326,78.63468608500503,101.26726221216043,123.70173565205808,87.7293515963789,58.95028695613554,33.73695146562702,18.898366349445922,3.730757578112332,-7.236458290108601,-8.63198013494332,2.610188293597119,11.116947808107653,35.56480585637465,69.04415515619463,102.29714792561967,90.08142193785616,76.91903016609385,70.70409529910056,55.43664599254385,47.45487900943603
2025-04-02,26.61946515281268,18.11410287922581,21.01416930693925,28.80471787832161,45.438693446027344,78.73677988307587,95.42870989998741,72.14283345571829,43.70134935646687,26.087476340200055,13.140090985040032,0.6624518873294392,0.0007672114107037942,0.03959343474221555,4.070811926485405,14.487958846626412,36.717085818832985,64.75360235606279,89.50691611002478,77.62369132431567,70.25255113483803,64.49242602980043,52.1161378062728,45.1891685342519
2025-04-03,10.203586921561595,6.258052253699319,-0.9856254402665883,17.806439567246926,38.05571365094145,77.17664227149486,88.83730629018036,63.587222840884344,30.763641438358164,-0.5925219494794476,-15.255252594623968,-28.175616671683173,-30.66560055142125,-23.458291736801726,-6.7664773990718174,7.299930158295126,36.988520599786995,69.1713623654976,89.6625581581089,78.08910086749046,70.41719901088929,65.62589752389961,66.89517978507901,55.05997643804153
2025-04-04,41.91292744650376,39.22283180740769,30.5128149078158,40.84526181237399,60.56579119821022,91.06645379978394,107.51167643919278,78.79320597139622,41.57831116615485,8.10919575950679,-2.5952579821915265,-20.959107038176143,-20.011041636840233,-10.44534232099393,1.05324440562255,21.94822440831642,54.981209426683236,86.30113275217934,89.85027732909356,69.12768837643888,65.89589367876957,60.08317500443106,48.95653571839076,36.22162026305428
2025-04-05,48.49440409452595,38.38624858566802,36.77630308487836,37.54301208966465,51.424468943568286,57.0346453136189,54.223790356269696,24.00643851934261,0.28363497384661684,-20.852270130409565,-29.185449869602664,-34.36472802074796,-39.8078622908329,-37.863451414649745,-28.489938909448114,-7.671914416230905,11.89225085698672,39.24666211553654,51.12895083659484,38.50644805038861,39.920062485727314,44.72465192920624,41.187851812284016,26.765626296119365
2025-04-06,37.175703830881616,25.95069523240845,14.197254241079555,15.399387205465331,22.161069040670554,32.06021735057277,25.128334477448703,0.37404951346422877,-25.399083970244106,-37.77664108710533,-46.30370938137145,-57.4674558808627,-61.60003482240687,-62.29605098276639,-36.22789921842802,-20.444571519996543,21.053134093216656,44.569819265349636,67.66243160632669,65.01482317966975,60.337561014214735,56.97174727524364,54.63971599017571,40.185534916159234
2025-04-07,41.40897931969221,34.940739874080755,35.65333697902735,48.43202730659444,71.42040198862053,109.28058562123366,122.1090851354582,88.58680176516232,55.91846600970793,36.20002211892393,13.652235082221523,13.684327835276633,8.336656626601425,6.8749981872939685,18.34406428744478,32.019852557534975,63.733721154562616,103.23955148336417,125.7469782136651,109.3787651408629,97.43827042616073,88.37090010446084,79.80631232717653,70.6564630213335
2025-04-08,67.90140022492909,65.04379535261786,65.53242493823359,71.9803849975578,90.80831172613654,131.3909793555826,139.86247805931822,89.85019326690845,55.47192499363368,22.927392619279118,17.85321384806764,1.1543317054313036,-2.728643973914373,2.054393222992502,10.886719499984693,37.10389674603954,64.04844068463863,99.89471787268496,136.37954714594616,120.1006824745494,102.98984860651045,90.61232540515829,85.10196516065554,74.05360324711276
2025-04-09,32.928408693349695,27.116447860381605,24.297738875798565,31.3014021567025,45.44312562607141,88.91976900972378,99.12841762434881,66.95356451366597,33.78070767040589,13.203914188426225,-2.1206745945437007,-9.64470514104876,-9.083216309080484,-8.629021659626247,-6.853107835966085,6.979215112427553,28.84095236897909,61.12088245953453,89.93741325222646,78.45310361955313,61.20592360805605,50.7142594571638,46.75253543661463,29.623083988876644
2025-04-10,20.61901874336624,15.917519618205262,12.581933683928455,24.56407243900602,48.039553112931905,90.1934244563778,98.26310608498756,61.087771222405784,35.8162651933807,13.208382852291294,0.36289451982733567,-4.090395796917974,-6.9168055784632685,-8.441183790152607,3.3356364354897465,8.506787911074099,47.489547305566205,75.74594439436692,94.65491849985575,85.6290539658361,75.88468913305744,68.35181815401724,62.07875238701099,61.14782107074643
2025-04-11,15.604230946120424,13.919900872092867,13.924887514919916,25.725135956585625,45.24593100554234,79.98258894149774,87.75352305883041,60.02323593924904,24.21887200746987,-6.760196966335627,-21.77913777495172,-28.552188315411428,-29.037386958695947,-27.985780987993223,-15.263210575857514,-4.222818018090948,20.785632682279285,39.21269739841756,55.233087716481236,50.25481381142954,44.31049511418183,39.5947383321789,31.456617614485964,10.410983624680142
2025-04-12,18.07148403471048,12.543005699943336,8.24333254360019,6.404978236675902,11.121527060421698,27.27745799711299,30.23865558228468,-1.1264806861395016,-24.447946066553143,-44.446325964331606,-46.26167681397203,-56.23443494099443,-54.95596756961868,-52.76184675731169,-37.69275113632408,-15.109340209543092,-0.3154050474669674,10.805740105052678,23.25322314344315,23.810313065675246,27.54433962863604,25.27353047541564,15.462325334768153,3.415996670810202
2025-04-13,29.29968361366047,20.34061381354295,14.723822192977003,16.870573402890933,13.051032076196137,14.191364439535391,7.4831965728711936,2.0274474318156166,-10.849880230708933,-17.07734476470179,-13.23566827809762,-27.057137011703134,-37.568608389745464,-29.630938162320632,-9.960101151574051,18.811741588967962,41.53593176490185,67.41578410196202,86.41949764248838,89.3064899590805,86.10079934860458,80.86136576627638,76.30994960765706,69.50209745410419
2025-04-14,35.4413447588026,32.70755834540078,32.295535465762285,41.74739622122329,60.63458088835394,94.51606673291624,102.51752563471315,78.31858460162086,54.64363243495192,37.93043968523535,30.33815682181882,20.388334066229177,21.38018830293241,20.420906210925637,28.796632001980065,39.50734228087925,58.526838103787306,83.07494411290274,95.46107137749013,83.12538973298433,73.94167035348084,64.6276489469048,58.4246137725317,39.33116824325941
2025-04-15,2.0375270660668576,-6.239150199144532,-10.039414741812621,-0.0187583769510411,11.82900444883434,45.38600264096799,50.01528788599113,28.550500315459473,17.025833699991537,7.125854180076814,1.537492802336061,-5.381832665166897,-10.770403918448963,-9.033880305358394,-8.18380457226813,-5.271817107345001,2.449418960304996,23.720038360457636,39.11536705149388,36.76777435677654,31.907602577690298,28.077083151209393,23.161708234094093,1.231158966387511
2025-04-16,37.72338970207754,28.96581859218115,28.474243325833584,37.51853408777811,54.12951483427891,84.5486485572313,91.43086718116601,72.4663674928693,54.54596348619005,39.48731668961544,44.715982487346565,39.10668220200236,38.88179662900571,39.280520221832504,40.608165348612935,50.123013963547585,72.17638200049575,94.9993147671702,103.39614864369972,94.21057649007267,85.3557213269898,79.32801403726151,76.60578226043977,70.60275124516426
2025-04-17,58.52701540452926,50.441559047057495,49.78417986189227,52.712974403130346,66.3318103036196,81.18081075528235,98.72585037338489,82.60978810410481,60.73088342900942,42.383248828623664,38.13945876615909,25.91213736519837,25.809740952813158,21.790017586524954,26.32454021398599,38.69648144741655,63.36555091183455,89.21139131872278,97.89323711161028,91.69944454464388,88.19124882912027,79.19085549958383,70.93728697830683,61.92001722835798
2025-04-18,27.641583899407102,18.007888219390168,16.957807534268802,24.702610086738055,40.18611378211195,76.55872266752053,82.51226244282746,59.811987408361006,28.026503119326193,2.278750941714563,-5.44156661528973,-23.30794084871208,-27.130750104075076,-20.898735237964473,-19.970787319740182,2.4300881817816844,18.28563035326748,35.69963657902865,56.04675983631269,56.21409607815233,53.29034614334897,44.40717665729736,31.4639085897049,-10.259189411366535
2025-04-19,8.531372302963618,1.0786429789057053,-5.192654199121193,4.789178036802525,-1.27921528701917,2.4867760694174024,10.742809853975146,0.0385086099347518,-12.222650676044182,-23.464806071076097,-26.55809200396888,-33.16617070630684,-31.93839290402424,-24.855256599692254,-11.297667845468396,1.8557649797723599,17.187857332905665,31.417430589114403,40.65873687413833,39.9029828651516,45.927001812074245,42.763241730358935,33.17030580754478,27.428207476255118
2025-04-20,38.94412583499068,29.964425809363775,22.09227010746681,23.835850469597418,15.761787304659492,22.058123229826677,14.240131153316256,0.35284548816933636,-16.0505201550027,-18.86467175007148,-11.693803332387645,-29.290891278082583,-43.4537877579712,-33.3505274153963,-20.424490225509103,-3.1801871533022563,24.148773050530792,47.22542080938605,60.03321642960036,65.17506034402365,67.9039170719206,64.16316076071419,54.36003242174728,46.599143246509406
2025-04-21,63.9448357797012,56.04169639730955,51.66548154331602,55.00658757445355,58.076422066820726,65.28355526927754,71.83044831315729,58.48395030739919,50.50969039504186,44.6805844946327,46.110411584107766,36.86750542240611,30.704413000353902,26.608767722642256,34.08868337171103,39.127039276992186,51.211752939671854,75.3396718803408,94.09121676927037,95.43329607404215,90.6143660017664,84.53217443050133,79.21317760146385,70.2961424987364
2025-04-22,73.92849411497939,66.86934749548966,61.77283347132714,72.08929659265814,90.71820101108679,115.12314613780312,126.37872113735119,103.4373420394704,80.09794088884632,68.44879330477193,59.97387697285849,52.48891427997617,45.787006139371805,46.06829806364163,49.53214424362497,48.75155265051591,69.21481411226927,103.4575845783856,121.42068952612367,116.36393251028869,109.52197179503521,96.39845436369865,84.54811286200811,58.58347634901005
2025-04-23,55.777568896599085,49.120404888209066,42.64925076083109,40.651362551403544,46.505947463113486,73.27894634036497,83.57551623322742,64.61258118485328,46.790219698026156,30.038488118762004,23.526936032875497,17.299893511778407,13.855654275001456,12.26115142603821,20.43799623955097,37.235673644958744,52.54342185851309,82.67503974020485,99.91423274854355,99.2030110300743,92.29325380794195,80.84462732136602,72.85922513460673,64.09508219889538
2025-04-24,65.92778416433462,60.56508304249289,56.86715438461637,62.40699676331047,79.57932353140968,104.40744564114311,108.09893407464088,98.30228167857263,76.9536077964011,62.74383956028489,53.23665443182372,45.4323527986469,39.268985790290486,37.252614433643224,39.69263008203817,50.945823556840026,69.16099803224131,92.86711606981365,105.87067065028486,110.54546163703822,105.38124353618458,93.82106440139549,85.74545566469982,71.5755823708185
2025-04-25,62.96277803502497,58.13536894327589,58.61487823410944,62.09131574108263,75.00774226049982,93.67351520097766,98.91282867260522,78.41430564959855,58.15718285097342,47.72338835769321,41.74179843758439,31.81662661608557,30.661897262030813,23.189423215357685,24.804643120571946,36.84908168103696,54.61957571366171,75.41303658876922,94.59350915331586,99.9214193384075,94.03192161237014,83.83700850562504,77.15829846795872,63.15997224920232
2025-04-26,40.96317305441944,34.97867258962617,37.13115438946579,38.773859916053055,45.291642858479264,51.428410148404545,55.292263848147606,47.862390264347106,30.711835933275935,21.269747935567693,15.1301000559815,7.694428446570868,6.683011572165114,6.315580980552269,12.049385463799723,34.138750949828335,46.91521097481521,64.93521857960457,78.77648810051664,80.16162738017448,80.1080907979211,71.20059730305616,64.47880282092424,48.06352874824469
2025-04-27,43.70608341913634,37.055740406963004,36.18875369060489,40.342962286655656,41.59300177688904,36.9757330345804,33.68582770199593,23.76812386166779,10.49240139517461,6.359494711075612,6.627355228674162,-6.651837260650069,-16.81535106663327,-10.310590849603145,2.545322430848657,19.67737097646885,42.44553826558027,71.48687932699316,82.24756194460484,88.82438842076364,90.55702154681273,82.94105731384941,71.65296082528661,61.98724241008575
2025-04-28,37.557181617950654,34.63891036061726,34.613750978273906,44.36936746326705,61.22993177472398,84.05746329794698,88.4357182041011,56.84289153908156,29.553009692120426,8.563110474913302,6.736586827787292,-2.878751132975964,-0.04881937219879262,-2.664375823722011,11.950298266263118,25.20190052606013,49.196663487500786,85.83355698836445,95.3399593791527,93.13750791307763,88.13620213055111,77.17240230708964,63.91076834958455,40.475675909752795
2025-04-29,34.47842048062644,28.539757150007944,28.5772632201056,36.57729932726402,48.72917082078792,73.12767834929767,75.46605868936399,41.42448617973868,13.683407218737415,-5.57485939669148,-11.593005809982515,-13.601910158093347,-15.613338824800621,-10.198587101419605,-5.5106945681100115,6.471618915778748,29.35722588205121,58.38907978715298,77.3186994910356,70.75581536354372,62.33154001285717,52.40585399244882,43.48915908177515,23.74676964799329
2025-04-30,77.7364158974473,70.16794366577969,63.50649621838839,72.7059327696201,80.9538560020853,99.12848250712878,99.4565891798067,77.15543275266685,51.49628472067528,34.4393789785709,24.575871582224885,18.3949374087315,4.985369345754748,21.0494332450423,25.075964003268645,37.32449749051956,54.323002452798455,78.11732459933341,78.86531891000092,78.7990833885014,76.25168429552147,72.98243762511298,69.60527733631027,59.409068229182246
2025-05-01,19.38579274759573,9.935837915795986,7.582141211076149,12.35712667130342,34.706002699598386,47.6783964403464,31.918973343459257,6.1463904004545356,-20.469205411036867,-27.181511195875146,-35.82358998748512,-40.4805723478369,-41.98100548178421,-40.627929240978986,-17.16940158447487,1.5615355937113264,29.640866257078756,57.519654354930324,76.86155380888249,79.32711559565506,74.15032664628114,67.2466926794576,54.78926364838945,35.757682755563515
2025-05-02,28.996210220219503,23.431915334316052,21.695598907080687,30.30867041362709,50.76824933366647,60.00265186352618,53.52270138623878,17.096324063762495,1.525436958396952,-14.396657274962124,-24.199744887137342,-41.42344292192003,-36.66281393409065,-15.556043732539337,-4.844791156362206,29.32057308831415,41.723046133245504,53.43275622189158,64.94720899665728,73.12361081351393,72.26232667124576,63.460480658068974,45.30535240998627,33.58194296453198
2025-05-03,16.550750610442506,7.666027738414343,1.7428985974562607,5.228370979439944,18.26866636528618,21.332012948769815,15.981587503237506,3.1042328484430755,-5.3232699065908236,-15.006687160076268,-18.852350522927395,-18.464696892786534,-26.281690551570506,-24.0030462245181,-13.08650589182858,-3.2036685557760904,18.01718365814604,33.61631833676191,42.43825465080184,50.77098050374627,53.41978478026098,49.45350602268024,46.13806872643816,26.763057566504116
2025-05-04,24.070068561138058,16.336458207493074,10.21287522228807,4.494339427021231,-6.525614935796455,2.2815932113970945,-24.669135409373425,-43.31791346801867,-49.9353511643111,-60.85197367415661,-46.871964452220055,-62.86500982562683,-68.49706523866024,-72.41523014583397,-49.67953407792919,-31.843321687024016,-11.731915249442366,4.650108502399945,17.149117250427764,33.766868764191955,39.49313132656887,29.122596699695038,10.68562230384616,0.2741311149402179
2025-05-05,14.891334453068453,5.276040315808814,1.7366148794061615,13.751125674822127,36.02349132127712,62.961362684007796,70.3497769388501,51.84539989512304,34.904219543410484,28.60354747366536,24.708202482048407,17.565652844259816,10.371824544779315,11.597453289361894,8.022210871984939,14.808923607060322,32.4079441816161,56.418564279509184,60.592566715864834,65.09467146836622,62.725550773355124,53.646166114590045,34.944580692931346,27.332056424399426
2025-05-06,1.6429428911155526,-10.753602361383727,-8.384177566205764,-1.7306609793618861,14.879289437534055,42.795343807076705,43.57207491838028,29.55385487458392,10.413458462608773,-0.959590123190651,-1.5821651210955707,-4.140022870780015,-8.3997591312649,-8.737947227471949,-9.480207961985087,-1.9140937859919376,9.442507069225485,23.730613519988154,30.193175045547207,36.35281219233744,35.034389347864575,30.725863940732253,22.2875432292317,17.199969380925054
2025-05-07,8.6122711839256,0.2659408840297459,1.8244835054080255,10.4429454896609,30.494724324182798,57.75585749203618,54.29483264212398,32.96400158283845,13.284252805108366,1.7668578944681599,0.5540522689546492,-5.792157907229523,-8.197339550794439,-11.080744842193681,-1.701519991459449,15.352764580823447,36.769989808162435,58.078700049270324,64.41641104219539,65.5900986332196,62.49559704015196,50.75157939099661,38.982712826337035,14.525555398498753
2025-05-08,13.06020044019067,7.709338395515175,9.545651572635826,1.5201689714460116,9.236413431571634,8.266713443729785,7.546024194814336,-10.196443775822416,-18.992508898479343,-35.44986226128607,-27.99709464158981,-34.48860127831881,-32.32741932281729,-32.36783368511712,-13.596370408375648,-4.181393372631689,-1.580376370160181,16.650183379810713,31.01728305175429,46.798168517966744,51.09407580948324,41.694697567474066,37.663504144755144,27.296176922882857
2025-05-09,9.508766348848539,2.2079312709399233,3.6881079293364536,11.211451245558962,20.794664748025497,30.078144810593827,29.685910525232913,14.586721593544581,3.8600026406825236,0.47192010171301035,2.0411812183106406,-2.951013522893277,-5.859123884319061,-4.127155405035666,-5.746651108612568,-7.616572596690062,0.19928655910899806,5.488227688906562,23.875454284528686,40.446079187029525,40.80115972718757,36.03885369022998,25.265597298294693,19.83945651948821
2025-05-10,9.91105335466574,2.584563523550031,0.4412558355511891,2.0961703202933535,6.434695841120288,5.592990292757861,-1.5797038643121795,-15.961650701875826,-28.975242001056372,-51.52311104258922,-50.81226004753479,-44.64031948994089,-56.130466272663284,-41.25271463850294,-31.566564917460767,-17.00997025424678,0.8516213513752007,8.552241412867886,21.080164430477055,26.156087965232757,29.074979618954842,27.77802475910231,21.216493467725186,3.8203154882870223
2025-05-11,3.6947814751124213,-2.875645279637581,-0.866738775636648,1.8296194365633767,-1.8447352922653266,-13.66034403051141,-31.778459086486194,-37.17164843244534,-46.57140045071523,-45.776876470054034,-48.73658953845677,-55.585224011833205,-54.8609883905948,-39.75948275779504,-16.036669944988915,3.0600803517172466,19.465286810319142,37.71509657532036,53.614183352732965,63.05627090544942,66.67730946064758,54.86430972875113,49.224606185965364,42.24843214463053
2025-05-12,16.164039894081924,11.797658426306029,13.666532232853314,19.55510437393653,32.69066745349558,44.24670755874251,47.256120610574584,34.70149264959119,12.990804962597082,4.708304010827916,6.481561154155642,-3.28360083559231,-4.884872138995476,-0.4298966442009231,8.401418927907685,21.752353263235293,33.091458476012335,56.53037777407698,65.22151163765022,66.53138569807678,66.57819149146968,57.86470035756817,49.79303365300648,39.48359119535898
2025-05-13,42.7847072925262,38.574791994235596,35.394759918666566,39.256858100431586,54.705510492524866,69.93427621183702,71.418957298375,43.82232967751851,25.268962515203555,15.944498094101604,16.601612321439774,7.323970828419391,8.554445891221619,13.487724247140399,23.36830516077275,32.16483477288373,44.648417115138194,65.7474116450183,78.3151183358825,87.91391505400232,85.79393381476291,73.37033069239222,72.83678002822921,55.37740499527336
2025-05-14,41.26284789383571,37.94693264629825,35.427324225058655,38.79934994484165,58.71697179244933,80.3144004681154,76.34452763270536,46.83972301446135,25.571108488523222,17.156981389178384,15.866459422509564,14.793664548647193,18.188358856947822,16.886216734193674,18.649562056311865,21.918349687216136,34.903694816086656,60.4381949399003,67.0359818037853,79.99310317983588,76.03218323989749,59.97867215292159,59.128578962322194,35.43735763081775
2025-05-15,15.317017318275063,11.247848623732807,14.198197746363029,16.48157322627342,34.8220491517958,51.79725873254649,43.99134806610894,23.723591713032675,4.8728917751289345,4.651163804456189,-8.217874898515348,-6.987410392191393,-8.35153667190012,-6.62794589959735,-3.6988444461436245,-3.7267340771093274,8.170911749314257,25.577881563872893,26.322063714208184,45.37927787815556,47.99180032643312,33.60871288971276,25.543565789681338,25.14298247456182
2025-05-16,-0.3831257107337933,-8.01293027924963,-5.664195102734553,4.695543539941212,20.111505054995533,41.907008271699354,38.575109748703824,24.82151377968087,7.5079083816569465,4.41755096040265,-9.080964011315217,-7.977605943094844,-9.602337746561531,-9.33313506656647,-5.4702660589043575,0.03676709277624468,10.817933840803903,22.71041317687653,31.70549335822176,45.868180835792614,48.459082146933255,44.877793731236956,43.15732559188565,35.828889190904704
2025-05-17,12.018407854092445,7.153869181083664,7.45538084526396,7.259316329992586,10.836461387430248,11.274668636918719,-5.615507558282673,-18.08704062098019,-34.684478737327424,-45.67185172129015,-46.21977041825596,-50.49100746680959,-57.42694717521404,-50.2838896810817,-42.97276343893536,-24.89914488378062,-8.600750219799295,9.856962906569962,24.09603824139245,39.97049150369206,49.261836551955824,45.587825667646285,33.83585473957354,24.990864045070197
2025-05-18,17.256841239568004,9.201720150020606,5.034258009576774,6.475995693236115,1.2272583792884717,2.481137546294889,-16.392929981146963,-35.93724900010933,-63.75540969296401,-69.9631461510353,-61.23733323014788,-69.9894550792924,-78.96220218195235,-68.5888577738863,-48.92406851169713,-23.70303158628097,-6.485973771174216,20.985176764981105,35.100806696855855,51.99718376177405,55.45350087678894,42.5391305252577,29.102929797143645,19.297369035218452
2025-05-19,10.231105405531608,5.847802133430221,4.723776195452572,12.984802742665998,19.160346987953858,46.003662768980355,58.46237078998762,35.888683884184175,20.728864176005814,11.025403195629238,11.537500113643972,7.8688981310752695,8.134496058581362,14.5743113722477,19.711730927409363,27.9886142596296,34.02669352617154,56.98573297187998,63.79094834495501,61.42079151560982,61.54943512942873,49.76980942882034,40.6654761376432,21.70638588176506
2025-05-20,12.773852549816354,7.9775803457857535,5.131265776477207,12.36858698658255,27.551436108108057,46.7439587519026,48.78698513854482,26.992096008178137,15.596102255441707,5.969830390762098,8.93669633793128,0.836525535996131,-7.129487681642232,-4.708795616327748,-5.196642704537425,7.173961206227801,23.910945450180222,42.11656829610146,39.82739195805637,50.738880776249445,54.76201343290503,46.13864086677533,37.993237575258206,26.650284294833163
2025-05-21,28.027693704782052,24.20635703250519,27.50606966932046,29.74617858482499,43.73120383773922,54.18877267394475,54.081765604790526,38.65530738107175,23.064549819242046,13.392912913536605,20.37002583085846,15.838298532558895,17.87872918802323,15.836707011968699,16.647639662855873,28.721647556794913,42.83542446733978,58.07457590546467,55.03457226545204,63.5692750309461,67.0793807808465,55.67186133912014,43.19491383840103,30.35072416020742
2025-05-22,18.51390854109986,8.78054963904745,7.243011006112482,12.991018257888499,28.089990135464213,44.58922515577031,42.146716756153054,26.914318430735435,13.038014501972114,10.399298452336211,5.502975757073557,-0.5372518820777259,-6.598617895968559,-6.986973951330327,-9.274950989346394,3.4931079879850984,19.85235114338684,39.071323061537925,41.14859675978748,58.802201919609274,63.37090397091547,54.016591091868115,43.45604419327548,34.97863511165283
2025-05-23,10.840364477736912,5.157058214031551,9.404158569000323,15.349101031382439,32.33676430636743,46.563441783123096,48.94352660395857,32.498135288947054,10.308920376154106,11.833784729173871,12.293325548215805,-5.653420169658602,-6.563821899946873,-10.315526862273614,-8.450957259464701,7.20219035424023,15.366386552160165,31.009387611986313,35.474679706077836,57.2455186703158,67.98215230629751,60.73470417407318,41.50339135921371,34.38647216187519
2025-05-24,9.197715417730166,3.096920486359707,0.9663097947018571,0.6509625548161466,-3.4536351530576326,-17.865663488525684,-37.37964102016298,-38.89897186580424,-45.53158761195225,-47.63174477741717,-48.74133411283155,-59.86950426434305,-62.074054105399,-59.22809296735842,-50.7819244950319,-39.822011728838504,-30.304287645677974,-29.502200620007883,-31.088867511942198,3.3874386726072743,26.722534705426014,22.708490356511803,4.888180031101186,-11.98680622075868
2025-05-25,2.88485872809882,-4.899501048181875,-11.42068663844438,-9.513589685951487,-19.03993114468254,-20.840689269463155,-34.37754844155107,-49.55286570114657,-47.32344501669381,-38.31687066885948,-34.58150195302254,-42.582784149802535,-45.055695822693764,-41.626799150213614,-30.20771226990628,-24.022704418078973,-8.666262735226368,8.964052109594505,18.385174413262234,39.607839121746025,53.17865018929137,42.501472726328046,32.97037450232174,21.534942779572077
2025-05-26,14.489541210934831,11.865977818069268,12.380105509320472,21.729948171739963,34.09484684204169,57.492289790300156,63.62357925271448,43.892102848254325,31.212505561346035,29.6902231171305,30.50443961269412,23.49332337763787,25.767129427035094,22.921329368512666,23.301020504185274,23.315540893544167,35.75537296404556,62.21270368127045,66.62033736410282,69.27956138806351,73.4587467335235,59.9160388081449,39.37994321190039,34.70826169030983
2025-05-27,24.459023212113188,14.452070221024947,10.33824243106232,10.597919112039058,20.359250176176147,41.455184369796356,41.429518189024165,22.773300417489253,13.803553825139616,4.11639497135171,-1.44228261354543,-7.905269769826205,-8.33591116253875,-12.48254824500522,-1.469826296663257,13.429269930093398,18.928209556401427,25.942344386280425,24.592180095609052,31.586063969583336,33.487415662697884,18.99276947652119,11.197880281905,-12.612828396015743
2025-05-28,18.219175709842915,12.941734068565694,11.808084916141695,14.396575392957757,34.119840486173,51.17432576934324,50.669895700519554,35.927938352152964,22.795438283497063,17.266187005028755,15.67893202207172,7.232579579716585,3.4322488086559417,1.9192621310900364,5.798512705907385,12.594454154491714,36.90109622634533,53.42698196280557,58.93497401957684,78.24846045439426,79.59564042813227,64.65611966349442,57.49259748134246,43.070380689052556
2025-05-29,39.293245464139446,34.20314272098982,34.69109733500187,35.0992849508806,43.05709279523833,51.36585825996413,41.62103334986561,25.31763017538053,14.262732566739459,9.340400415887487,5.738560394605216,-2.3302771344638273,-4.117607961669378,-7.909202425158938,3.232473388963612,9.711853355284418,19.698138933919864,41.54725551567425,60.1679820339982,87.46548619650247,90.12039704156419,76.10652910439683,61.43540939994852,52.552479264507284
2025-05-30,25.914378267591154,24.6956932607547,23.951941298161465,28.074445712188144,30.330880361616167,45.45339144790227,40.91390178654375,16.566976855546045,8.76347708776511,-0.07542106634527102,5.875007056228171,-2.565104318152038,-3.9890760299991825,2.464087754761266,4.013416451818756,13.264339767713295,28.00954955069568,48.43012499044579,70.33290776854541,88.56163689617544,90.99332892617217,80.39303273057037,72.82206503646371,57.76616032050471
2025-05-31,66.94844915799594,61.760717545528244,58.241819312769046,61.39152870025452,64.47501051786116,65.175123242773,59.72434937287728,39.37353427100174,28.234443743613184,18.925832774494722,14.133376685622864,6.76861966160962,5.352505644045181,12.907094361583084,24.578637039907463,38.23858112971943,56.33034586645964,76.30895583826586,89.58405721289814,101.62775467110986,104.12916751335302,89.18746996964991,77.43561157267922,66.0038519279274
2025-06-01,30.883544620315966,23.887378698669366,20.331262393068272,24.970416805776146,26.553562747470316,19.692197770356728,13.8446842832562,-4.149571028214623,-6.912822560478645,0.7501191578061679,-5.13802142341865,-11.137748253920435,-14.354592963343833,-12.940845246081963,-2.561458766274086,4.184328008513248,14.558463910697242,43.13565022790503,57.47829964098776,70.65749193568547,77.34213754274646,67.90785457032081,55.187311645481685,50.060065885258155
2025-06-02,22.532092926841813,19.10797152098477,15.71350570437972,25.06500449495457,32.23366150035881,50.71533100213937,53.652593413363796,41.62708523414099,31.130495657886158,20.15431989430114,21.83054429706786,13.275713352102272,12.657501303958327,14.187243533975781,20.63274613313836,29.908394123323205,44.487728273215204,69.75565157173176,76.39286584081086,82.95895605449167,86.04599151135076,76.26636583543191,67.4411566939133,58.19793699726594
2025-06-03,9.64804627676672,8.493375219706934,7.368517786211221,8.836557683023145,10.957346967939245,27.79238855830029,17.931479162056462,21.266923575656577,6.525591662662336,-4.069665613227102,-2.9595821856031534,-10.483804860212558,-11.461747702628273,-13.148685798965971,-13.562028075118207,2.795565176228891,26.688592414402976,52.82494311375464,61.91324578171023,74.17133613793897,78.52896583166886,63.18347735947291,43.7818954372065,29.631000985733785
2025-06-04,7.666940447871056,5.122007707213598,6.278188273167871,11.315444553284763,24.674775768199517,42.21214616237975,46.43962329190248,41.53341659664864,32.314271002702355,30.529323029419643,25.763574379154015,16.333316397262813,9.224873537449987,9.195200892943149,13.031286668022062,25.723472577311853,36.05480748160117,45.74647753733545,46.522193414385626,68.28797915069117,79.65274313776368,67.63044129196423,46.70561059085175,31.655404261096038
2025-06-05,-7.428118613023599,-12.17137265166636,-16.92659864895893,-17.903539509789283,-11.227825966455711,2.213041655721341,19.141365367706783,-6.051950698795139,-15.142165006710627,-18.465878675391508,-26.196828674314474,-23.307087483811543,-19.29660455197761,-30.727290678686416,-27.834265844322488,-18.210244341672436,-8.258840457450077,3.5211580801585,-0.34506333765236263,19.95035069620097,39.07150492031725,23.744108640223658,10.662620764144279,-20.5625254471925
2025-06-06,3.4735194350162146,-5.987270419110175,-8.966351355538919,-1.3341868980690776,1.346545704848964,25.24793753062329,26.956376158204833,14.103912787970316,7.777674578129478,-0.42835758730562645,-1.0176260094662979,-13.69619606454799,-22.05114941411628,-15.529477197880112,-13.52244625620591,-4.101634449572572,12.658666405373197,30.158442628444547,42.79131865374568,63.15896206894917,71.49764251154697,63.06890892228709,47.32204346430557,34.08047149885347
2025-06-07,26.009179239920485,18.25625026723354,16.66609938593062,6.487763244476767,4.578044812983393,-8.507396998761791,-13.042034684732599,-25.128625853240038,-18.063504935609743,-18.089989322913894,-16.741391713026346,-30.10980477666996,-35.96646838880294,-34.16459268145856,-23.2343413603207,-10.892104928139304,-9.693713135258193,-4.265118476119071,8.465496216180398,29.87336214707092,50.337330433649655,38.34238861408511,10.996197154794586,-14.88120431672371
2025-06-08,6.582228280402276,-1.6300974425596024,-9.177568870528717,-6.864696141888317,-14.516668616465111,-20.742147357349452,-32.11003411972425,-47.06978439271087,-48.54591594035388,-40.46416958236391,-31.466882686055968,-49.23538930767229,-63.685016697140654,-58.1650314033336,-54.00968315087262,-46.70902137526039,-21.171961506429497,7.629730350100985,37.10978611150601,59.08617247585782,66.7467642522746,56.50858358723606,41.458345311814305,39.54269371353586
2025-06-09,27.472510168736044,24.70482903272203,26.46946421316011,25.29785594058925,23.357906616219466,30.39228248847013,27.932587515996957,10.543045255806703,-4.394401256263919,-13.552144778714123,-12.231638090513513,-17.993103127432903,-17.97661882922624,-18.07868584155409,-9.77164308568257,5.146261481225309,25.973450925831898,55.46748894569008,72.59754927929723,77.17604533035333,86.20198760886016,71.66667862813509,50.42512225517619,45.007466994566244
2025-06-10,9.641356946342526,4.733973185415621,4.589327263826064,11.850312708056926,15.234643107368939,36.45765927328277,44.78626059091523,25.544003354835453,11.241229275172856,10.414258270508114,5.9787818704974285,-3.860435634336554,-5.967142262875839,0.7957376902227793,2.7883671808846913,17.368966136222497,30.87375882009414,51.950888596550755,58.486628796355305,70.56400284185662,81.01842588957679,65.96165418325684,52.53956919806599,37.21874528385566
2025-06-11,29.886333664974337,21.607771914596455,18.827396065019293,22.911768527200017,21.97730304795182,38.57291936460732,45.49293734432125,28.652363855891053,8.771027693969401,-8.171802627282958,-13.157385590702603,-13.372745440725055,-15.429768793736187,-8.495098856831675,0.4265135867089498,20.37038222910229,31.55163213279819,50.683455609785156,44.7718274040687,48.43569778988628,54.587186655405,44.28548105597325,22.130337049717568,6.305882215265115
2025-06-12,1.0405244483390277,-9.395582781860682,-10.835027436787485,-2.1497934671053827,12.940318876118411,21.400475229312974,35.31862904225767,29.039059830316162,15.214779140624586,11.94243383291672,7.066802624412162,-6.5949537207094835,-6.506493679914655,2.260784071420403,12.797546403790989,25.09877271778317,42.172458037207285,73.17947155670467,80.28853453356894,80.38097411006973,84.44236381612649,72.64371748889407,58.166244075749496,49.646952927340756
2025-06-13,48.29195801198963,44.538599097636,45.63059172893415,44.495538837599824,49.89033397826806,63.25831467303713,61.90251260384094,48.7471090225901,37.201806922008664,21.946688964562824,15.66814247085643,11.34653529293773,10.411108349400578,15.903897221009458,28.40100575515912,42.93737451586159,54.05186689057173,75.03269775728825,85.2229806617326,89.76549233925988,94.54199277481334,81.02435287105477,70.84133365164936,45.74037742267589
2025-06-14,57.72106443722299,49.2951566203255,46.01572074915987,49.44666682686241,51.38994773556307,46.402702470361135,47.996642048570344,37.44953155808176,23.052151920028564,14.905353459168396,14.837438002294206,6.388841556731762,2.827188399036686,11.754367200889845,22.47034067741069,37.35126650594152,52.62020268022345,80.65390044816567,90.18482313266719,90.48400608696912,93.78486320858413,83.96953824520841,74.48069972380286,67.41945463625983
2025-06-15,30.278569908384235,24.90548982533337,26.138851687443584,23.253277637408253,27.501130781150408,18.671160524459538,7.599156016995508,-7.211234161380489,-16.181709816802396,-15.537884670252822,-18.826814808091598,-30.20845802530856,-40.54045877266181,-35.2720966678928,-16.987129315643514,-14.805368616390794,-2.15774298612358,22.74260013694233,45.44354189177176,62.063516940576115,74.44020636748168,63.49828846747998,47.026085120493754,33.98955423916397
2025-06-16,16.097593330158865,13.68202939230325,12.025045678316836,18.68785080630709,28.697972748751297,45.670346309405886,58.16597174897015,36.09298130865979,23.44992796821441,24.115241995520172,19.881720628786468,11.772282310731008,14.604155571261536,14.352675896228419,12.470907734739697,19.198785040463918,39.50742249802548,63.984602260916866,71.97798931681845,80.18735137779481,87.18756318005492,76.30306880849648,65.5051902231885,48.8014205529259
2025-06-17,16.945327828404018,11.82833547421577,10.251052081564971,19.465636127788088,28.48522515258592,49.83267410252622,60.2148450896725,45.04688417009066,21.61402001479962,10.88049042448364,8.407213387753714,1.1142431864995785,1.6492598003010528,9.624406984309914,12.907676984050042,25.68676729974242,55.89333376332352,86.49797313073019,85.34736277048111,85.79669561345935,93.37724017503304,79.76697441582562,58.359864265056665,44.19997843372438
2025-06-18,80.02536789309647,70.33387535999408,68.52153142268605,73.46759659571569,82.9161942463363,90.7244930270029,101.80752796346816,80.01598371891893,64.47566410302255,54.223487962042775,51.435531329642835,44.75512479946279,44.62705685538096,50.30113569356729,59.5201944978269,67.18864391401006,89.4071704286596,115.04506197676847,117.08445017874489,111.90048736043988,110.89767541271202,94.43643153884246,77.30609524855224,68.194417602042
2025-06-19,46.3061130835009,38.92989697132155,31.34347775299336,35.00509617282442,45.90980194663732,60.1401826571708,74.17702839823664,55.14877195503617,35.87218624893469,26.176576193462353,18.365503163499064,14.878889724647486,12.436369901647673,21.27829722119052,28.03638425401595,43.70587675118548,67.49270194554992,97.91675407916682,105.95487998084201,104.86525943224099,106.37347719421496,90.98650501304566,72.5313517058549,53.60836914403495
2025-06-20,65.37106128055375,54.79932102586322,44.520757624976454,54.21345506989661,63.90098495453112,79.57084608266088,87.81936209705967,73.6978445577621,58.760109276184025,49.347098982236616,43.39510294923255,35.08915651313397,31.26975863450179,39.30735538915235,46.95722863716219,58.582998546420875,84.9217507003068,111.54639900144402,119.42124361051405,118.00184500866203,119.16368249292086,103.59245944629556,88.33042472084318,75.62508868132431
2025-06-21,103.30807875001062,92.22111889615257,87.2732148341118,82.82828844950878,84.99365740431975,81.31694247708016,81.01476378471135,59.76478217054376,39.13234192523804,10.150209859576577,1.8866697408878395,-3.7157719421228563,-8.392627226995913,2.744682725386781,26.59162390839213,58.09173694408666,83.1115907845396,108.20569864575248,119.43643375296595,118.74984503262931,123.10969129534931,105.60319791956587,92.68896133059953,76.29526492157098
2025-06-22,58.226727968731495,49.06821933152047,49.00813134402753,50.5118717755707,53.685579504328146,58.12566714456419,43.23927824938202,24.239378747565752,3.4064973569267636,-7.591429319165968,-7.3290619608982865,-16.842669603877283,-23.676274768238684,-12.507082568285824,4.221522087648054,30.489559077319285,64.64264445116834,95.24262803335547,110.06649912197443,109.73469228787448,112.63254438046233,96.35902597090147,82.30646745585406,69.56743039735444
2025-06-23,21.724107369213307,17.697820439051455,10.862776109750499,19.183665980394416,36.52903787109933,61.282881347947146,71.80398325595797,48.73181950663644,33.438340337751825,26.240333215237712,21.16789909077282,15.926472562012414,20.248939498484155,23.172357957426236,39.44676966645982,45.58711131003184,72.8101101910119,98.72052994713387,113.21882113337149,111.2341987345198,112.26688613488173,92.78471125822242,79.24326312685857,61.926626861322795
2025-06-24,58.038725057892584,52.5011835972541,51.663867225591616,56.24682193139317,61.55211398813742,75.31730961282915,79.23910157397842,51.26006818116763,39.33835344777137,22.37714698647725,24.58932554696078,20.19256191615009,19.777958251995322,25.79825907544643,33.37689979264289,45.74309432264177,69.20039154048378,95.17190021780195,117.69337243080598,122.23435357012742,125.1725113997218,108.31982494487431,91.83715006173992,79.69232114264987
2025-06-25,66.00346247458037,59.257769689659106,58.3747210008618,62.28191154134469,69.86699987444408,87.19228788645273,90.06348368686687,65.72541686757828,46.41121474546341,29.268720039210443,24.83921358304569,25.894660088637792,24.62048879058991,28.430731461776894,33.72554902475479,51.543596573022306,77.94175741002645,103.61842474131092,119.88935756056657,119.93849160322702,119.26570251314259,100.95671128261715,81.10909718039105,72.48777713839876
2025-06-26,92.88495628100179,82.85257641110913,77.01591212362821,76.64551897136406,83.52692196383848,92.27097270606518,96.53897886632367,77.25061967020751,60.38257489411978,50.453250302911684,46.93861096193885,35.99445612069382,34.6109712883141,39.270416971832006,51.87418565222453,69.73191541994463,98.52343163462744,120.97350226220512,123.55389444704313,128.43601970051765,134.42543257427883,111.58691499704598,97.86012902177492,83.45796110924356
2025-06-27,83.01287448066518,74.93109167606458,75.95753634177908,80.4697040504985,88.97263607410169,102.13225146955507,96.60430310287313,88.60241047257577,68.17293196983961,62.77747143587306,59.48933498828269,49.29206082016793,43.574554905706236,43.501666661636335,49.64575101003135,66.64453123358062,85.3015083504475,103.83190492395663,120.96968442747469,124.49620190410964,129.40212528149797,113.62789272528056,97.10951548861254,89.11323922741657
2025-06-28,74.79273547026797,67.24676833451548,61.539381000507234,66.65872993105863,67.23812091662384,66.77996134570084,54.72731955325375,34.23816346989365,25.695302293743197,9.446606361558338,10.121306755670247,6.408409819556027,6.788232943965127,10.349038463251041,16.006872110174243,56.8186156877743,82.33763288443136,102.73020341695755,114.37572644428204,120.03105494136007,121.92196166590175,106.13628129692218,91.70180646741757,80.25931782395836
2025-06-29,81.59070514496194,71.34675258271781,67.83867698997612,68.33602661165995,67.1096484728038,61.76803394777414,57.1962899862998,35.362542522691044,20.565910528366047,10.593638689090966,14.546086496097395,5.104641739089388,2.2990060961557077,10.169925437374175,24.53092020732273,43.926243356148994,73.98703654897135,104.49836128931106,120.01981708664981,120.47087325328623,125.32805427725347,109.23028843873865,94.69177702511107,80.76315217660148
2025-06-30,83.58983187379454,73.18654191347747,72.40172211498995,78.47231479862934,86.10444690793325,99.0822596376457,101.93000703765803,83.57962541106824,63.81682111691039,51.89158157330507,49.7883637057689,40.918840287473756,40.55961559505384,45.177737571248244,48.20945741160708,76.78542418430135,98.75084298535583,131.05856128799442,143.17792480108716,145.2195806793896,145.8165418437045,124.65392260281882,112.02111233793136,100.23057981374926
2025-07-01,95.27700399076674,91.71721518919792,91.99004637421034,90.79740517925308,101.97914159688092,113.5768404156255,117.59277202351397,99.21690141362951,84.2649037585516,76.27984469938816,70.52298179919619,65.89773825274888,67.19371309800917,71.41618035415851,81.06643538156071,95.08106701139317,115.75339259884548,147.90184468020357,159.93804384503733,155.85505152152797,157.00916163522612,130.62378006800128,117.03418879136487,102.24072472239109
2025-07-02,100.44835625672991,93.23486623791183,94.07823009746113,93.84275617323166,112.3289256700362,118.97783994282575,130.6908153181697,113.81861606033091,94.2971715397811,83.56760311708187,77.38871560622877,71.44557448418706,69.04599167080872,71.9258536308953,82.16377579507143,97.98533176022296,124.43599975458463,156.6871660331688,159.83774482713213,146.56275650644102,140.82671491169023,117.48723715022612,100.27351409722579,87.09091934382411
2025-07-03,77.4252141673166,71.35444057988786,71.38348274894902,73.37384476899858,86.36222540200517,93.66547605707841,97.48762823908389,88.98791328869152,77.65439605791951,75.04574732852235,69.53299352216324,64.37442150874413,59.78787617994184,65.65207100606838,72.94762746000387,83.73464665954214,99.81602070660304,123.49172382808948,130.53385720547638,133.05712834441832,129.40503003484244,113.18405204686648,100.74762212132188,88.17863009805053
2025-07-04,77.36397240199481,70.1779844650778,68.22261044462698,72.90511763712203,84.46337744489215,95.52860898091097,102.95023952534679,88.93623929690587,73.63356989503193,63.66970050883205,51.278339102906614,43.407811463736714,42.40529182724791,50.45493077561545,56.22085517505801,77.92474120595371,93.6837884711423,111.07373165964798,122.59466340067048,124.43754634966952,125.4462668139761,111.94987848142827,103.24012019968924,92.31050114731931
2025-07-05,35.71259983435086,30.34210325929918,35.56701926389465,30.46145266079276,31.369990066703117,23.85588257774144,19.759543209326793,12.784570434645971,5.2380692604745605,8.724609504285553,15.49455726415129,4.108887272495792,0.9676756038071517,8.37505613486318,7.69738877975044,25.38563934850908,47.32924041054078,65.58034431662483,77.51429520422897,84.50703484351418,96.17388333556664,81.79767150434255,66.02964332642853,52.49302217049761
2025-07-06,63.55514634149342,53.683431170953035,50.05980882927096,51.97640302270876,48.904038616370556,40.80672509333456,25.810818741606553,14.249765128620751,5.3151297446008385,0.31578657779941466,13.879490456534285,4.144743385330287,-2.861685914563097,-5.157054411344049,-2.051144843281108,10.308606161477272,37.8116378820143,59.422210779592326,67.26193363529964,79.08212624803191,93.47249960677705,85.59342653501268,67.23414800125622,54.25544525438988
2025-07-07,29.075224559574245,17.920514105217755,14.123185987776921,25.781315706776418,43.60236654536482,63.67740349542441,77.52368887010104,62.91419701903147,44.06313269120481,40.97887170563316,38.318745482437656,30.4800694268043,23.114893152471524,19.773936090166117,16.745758061634042,26.76415628094226,45.907227659918014,70.59404184086318,77.00128918791862,79.80531406703382,90.57203900209461,82.74332773192945,62.853103783955405,50.44363234656309
2025-07-08,38.84869485218828,27.88137317968249,25.8294894646169,32.56540055423087,44.90730250294367,52.179653777308616,53.48145096755205,42.90870013895838,31.47060789263839,29.01414040161187,30.523150383040566,19.379818314702796,13.602622683388987,12.764475354733172,12.407725744856812,28.611981822343175,54.99628161135817,69.58110639654042,80.09411122172354,87.34932648800016,103.01583293863133,90.21768644646211,75.35373368365221,64.30876878142304
2025-07-09,37.68858464592772,32.462856490555666,33.29815017390231,40.18219132201748,52.57516185046775,63.66421690810417,67.60594628821484,48.014814954073096,34.19366401323435,26.80390289318442,25.625625411212056,16.610488884903063,11.029594858104723,10.121595282944043,14.462466923139623,33.30473395172626,54.74173018578161,78.45251327407996,91.35180626360298,95.35158525688728,104.49856122488232,89.19665197264021,69.040996237302,55.09260295871262
2025-07-10,89.22076291131985,79.13250120488213,77.22884230844382,84.10686121080829,91.77875700117087,98.2920442014915,104.45271760973519,87.36548851099727,64.18344615871392,50.02192057677348,47.21026545075761,37.86675273263582,34.089602338324866,38.08024712507229,40.7530598831041,53.7657499240578,75.69996311775361,99.02516043426823,106.0284903231466,106.30822228043984,117.4766464695264,100.34233218311769,82.3834043977192,73.43572162690901
2025-07-11,57.42685194321223,48.61218622847786,45.96116878840982,46.798417701077085,58.385282814276884,74.43510814917497,76.09191977097876,65.4579714379112,44.68367906750269,25.053864057141,16.871992312690125,1.5391540919948454,4.150800439649089,7.448801452057403,11.788448413254763,36.8196599748685,59.902179741217246,80.88583070854763,90.94722773785698,91.58598955755213,99.74742666542016,88.64893420695586,70.36979305592072,56.297530980628835
2025-07-12,81.30738821850377,71.2865543365467,65.08576968328566,68.07013437484721,70.67122932609509,64.25215273811125,60.47741730815296,44.138759507942986,29.172808794253953,13.040850384501397,14.31566528611873,1.4527290121832976,-2.4482190071743446,2.3089741700167394,11.648052446681753,32.37349425380848,58.9040857710713,74.83674589718268,80.00692766609339,82.93332436686286,99.53019404421583,92.48867233803527,75.61823818843092,66.71807501203284
2025-07-13,82.70513471599934,70.34184599006898,67.5623467964579,71.10811383712687,74.10715405292753,75.63546047465547,64.09738477899955,41.21363055923897,16.692312332928864,6.586910432243215,8.06893258229637,-8.92705856528093,-17.15080484366986,-14.791652362341793,1.1642944967132678,18.70320629919391,46.354826545672836,74.50099408677657,99.45781829291353,102.38486895256328,113.10514764719345,97.74837665084425,79.60843535446188,72.4559761813036
2025-07-14,64.1317453653141,56.21358914029669,50.77757198782628,51.55868557882029,58.46123318306074,70.74390230588702,70.49330802056429,56.31905033320976,43.80778257728584,31.190693802730678,27.86577384397141,17.490485914431567,12.089341647189038,8.871963580878514,16.665145103058016,29.048109850866936,42.70909827225469,68.71927670496683,92.63096342159248,100.53274066961201,109.49594905985244,94.05622334627883,80.24826471992859,66.27115129842447
2025-07-15,54.2776804415244,47.12837299134105,43.35169731308709,51.72955900378723,63.26586101055014,79.99154872724722,80.62291783289302,66.84590144113949,52.620304403541944,44.85869295478548,40.20827018736224,32.5436420492315,25.37451042646377,21.46186434564349,21.04153987178544,34.381475214590715,57.74670566944854,74.2278725031909,87.64493909192494,93.76144089420093,107.19110314237307,91.72612473038653,74.15951225844816,55.58469585591263
2025-07-16,48.995503383872446,37.80034412728978,34.959560106354516,43.071014643580874,50.873411211034856,69.82847596223499,73.18381650999319,60.83094957114429,44.94946389035393,37.49901586120479,37.323497133103295,29.74353562203938,23.872934222013313,19.039188817890874,22.552656795249042,44.22085442035244,69.51354166343775,88.99143145728529,99.10424834100502,104.99466853682847,116.75595532375719,98.33426086454038,85.69195918965544,71.05346344532218
2025-07-17,95.11829170359712,86.58733897483476,86.8132141971324,93.85118682862102,103.36675721598797,110.61949692742328,111.90772748390754,100.46565531347606,81.81469737394475,71.65090000050371,71.67391141192417,62.5773154799975,56.62783560676507,56.16840977705146,59.254289294098456,76.52619139196962,93.51068304684608,119.2361317792054,128.39218402091396,128.54562945891584,136.74531414792068,116.4753618573921,103.4750022746844,95.0653701238559
2025-07-18,87.12815321250243,79.82117768754861,79.55290137062812,84.11683799779972,92.97069217013242,99.77020600490982,101.87207417627455,89.49565200417297,76.46447333663372,66.46099844604112,60.48262342489389,50.224211246782275,47.8718544813399,52.23015323139169,60.87714069527541,73.97827733039763,83.64334558840395,106.21562324690454,114.22693331539486,119.36983920095132,124.32664915988107,109.39977561160143,97.2310953582689,84.0997446481611
2025-07-19,82.78875764525328,74.77084093038296,70.1181073373722,68.69057160651558,65.52077984462228,69.48966984927085,66.3998062977833,59.21457231024883,53.235061313702616,44.950317126593504,41.75427964184215,33.16294373593638,28.09026812196047,31.564411722001125,37.669242780429805,52.860498560215504,66.37132279218767,78.51949215296978,90.01158650211076,97.17345851869189,104.07568832605571,95.28921653016398,80.33787600895455,71.71334252062309
2025-07-20,37.90292168617053,29.418263587877348,27.014376134434457,26.48991058466831,22.399563223342028,20.494747746051686,-1.2095647820599424,-12.11288524917805,-6.694998642031635,-7.286313420890778,3.8986208670613536,-6.868968992912741,-8.261606331833669,-12.007484905112733,-9.368622661059831,0.49812246124771775,16.00804520492038,35.328832719454226,62.680873262042844,79.41389278893442,92.1016169118947,77.0008505847956,59.49778181310438,41.92509843853759
2025-07-21,31.010873492705024,21.62413717154851,16.55956775561058,26.04044306414316,32.18631992979548,48.688450534054226,54.41218490353599,44.430746887188995,36.04431530593941,28.37978795170571,28.962487177222897,22.665548946458223,17.36466083416311,14.412153097337793,19.69983008909717,27.213909537744243,42.350668353552166,60.23699829621607,69.88144862462715,80.35989018620629,91.58081641890035,80.326480271782,68.50645816727862,49.465598931871526
2025-07-22,63.07474404086042,53.09324264336833,47.44933154497104,54.29637924501033,62.165971055369205,73.14721736903032,71.23069407252278,57.73718797955196,42.15637281131086,33.068495903242905,32.64168956191621,23.669029355734928,16.10688270544501,19.653197796051593,23.682800671836347,35.21037879105711,56.59967786004974,76.68390311044897,85.26111901506539,93.28668691611183,101.03473865070816,90.9928732821996,82.49300587307297,74.22866980591027
2025-07-23,81.52026180743404,73.31857773521796,76.97856927313603,78.7546017649314,86.5086637756445,101.79716448482105,101.30199626217173,89.539172217295,75.37010402402687,61.82887295178751,58.22790916755248,54.05778663662642,50.04045322071645,49.67819066820303,60.32603072882519,76.49952368491417,89.30558373174571,107.94216378422352,117.04023095043776,115.2737953591357,118.25872765916415,102.21656852961601,97.31099176476735,80.47426915068314
2025-07-24,82.81957300491976,76.15357217259769,73.12405124527344,75.52651060207806,82.11677405815055,89.89555418654886,91.88934410692929,80.9793092676104,69.9438665894076,62.95508703390761,60.06881227836586,48.32988251361961,43.94893847855984,46.49798501545801,50.9890300600971,59.07691696269298,70.69691775539297,88.41183344193807,97.62696257106344,102.64461036233519,106.19896018548852,96.58125485734166,84.99278781797345,76.29926790755749
2025-07-25,90.4823887340039,80.13550496783279,77.86876595508245,86.98824151627642,93.80902340722007,99.31208599907312,95.34197975163876,86.1591502869008,67.13488748888801,59.71188984300599,57.0497759374889,47.27268787026169,40.72149594605416,42.643375902369655,43.29477407796244,53.52683692731368,72.5630751565707,88.50533572879566,95.0081243021015,102.70204706871547,109.94940381301116,101.87260621920537,87.47745583872911,80.8813911485649
2025-07-26,69.48324226629124,59.63930049826065,53.68092820833805,57.934885108096694,62.01947641031252,63.90568434993861,51.047371752624734,42.881926152462896,29.84311808944655,16.840303838841862,11.989144179659029,-0.2800819484234722,-10.666423445171091,-7.794885380415039,7.1110799909217945,21.62874763916046,41.42714654939881,59.35723645889624,70.61727539994897,83.43449204219128,97.50790349133148,88.77810302623469,75.31702994398401,60.919252710450984
2025-07-27,47.332425617635266,38.10143310039857,37.56919732584073,42.28185834688239,45.2853774436276,49.034746596727224,33.1262217646499,21.561799311913916,11.854932782286383,11.046087275116207,17.17501751340709,5.09802127183594,0.7725907756385979,-6.800460302862518,3.6059578536986123,13.108913733196303,25.40422615290214,45.888041550071236,67.08720348263094,81.0396640528756,93.95246291420841,81.42496989732058,69.60598027872797,48.499777207040474
2025-07-28,48.826339888293234,38.94176981818721,35.3644784237039,45.707612802924324,54.220536886443455,64.03128595472562,61.508060429728076,51.03073354480042,37.1784060715282,41.90258036597989,39.54394406015931,31.288683214245403,24.084909036973286,21.144017510508796,21.261574083092583,26.686701375199448,42.127572008971256,63.909441467609405,70.9243657198697,85.30165206959455,94.2391509976248,83.93779550178441,70.42942654200766,57.94964152756903
2025-07-29,36.797241172136985,28.29304202085298,30.020881628763384,36.71792407808701,52.668415587384715,61.786727187475314,61.09160145603481,43.569406530515046,27.906728382243664,22.82264347260663,25.285882172382507,17.165621197281354,10.752949227484763,7.257385497554921,13.793764468593075,28.30201852228319,46.00584816547983,69.90480286466067,76.60224905709968,89.93080856645082,98.64065262818083,87.18333215694958,74.87426326115921,59.959218399448034
2025-07-30,48.755389937461416,41.61908532376064,44.29806081286719,50.357096032484094,59.3921879465598,70.69692733318209,67.2228791104238,55.56473373190566,42.11082362182734,40.3905148615206,40.52593015643447,31.42114084115419,27.449815835414647,24.281288413896057,35.06007265080815,48.10551112314295,59.923516933585795,76.00270137129812,78.81050809391948,89.76189816837933,99.03327165290018,84.7784952675957,71.56396893923164,57.66187639028244
2025-07-31,68.82836204922597,59.46164612799846,55.41001730842551,61.96526024047245,75.93394741981835,85.86015153076616,86.29140077259414,72.22393000724065,53.90727348764925,46.175608495062036,42.81522320080735,31.23296252109889,24.506700864470233,24.125683529054342,33.68052070262203,39.27348546356995,48.9707491511556,73.15821493048942,81.32098888527966,95.77101525526498,101.13548270251641,89.09731251710899,77.39905089191956,65.62572272733117
2025-08-01,85.12825031086014,74.0922821267074,68.19095712105546,75.76929222804446,89.9594933467456,106.58110412359642,104.04218570110874,88.26772682463546,67.17117016118758,58.680140126784735,53.935817253298154,42.133076900057674,35.131511295639484,35.56225875959628,39.138117877165456,50.50625261185466,62.2292588394057,83.49902035994742,94.48732011795487,105.1998833100382,107.03022920483069,95.5912955653145,81.77926945914443,73.37291571510042
2025-08-02,69.4171048060226,59.47987482077466,54.781830175329276,57.304212284379304,62.02794663005575,63.89815044217286,52.31875640199047,32.70402230224991,12.099292936884552,4.372263262867946,0.3199024948309557,-6.503450915568422,-18.761924101981343,-14.71010948619292,-10.288300091499536,8.88659824671447,30.670329902779642,55.88441810359303,74.15213278619134,89.0797924039639,98.60734732009374,87.48650526445539,74.59392525110457,66.30592925869374
2025-08-03,61.71035643173677,53.8596900919178,48.81037167436169,55.21471054923725,60.342947489967116,65.64181494789091,50.534658165151626,32.48325360858591,17.39572726815682,18.70514095022277,21.60734631119069,10.848590033829495,4.991185880860996,3.5967305733547477,20.872566192580635,31.614906796036244,51.22974532436593,70.21640188757819,79.1382324164849,91.8134627851417,98.66872009380933,86.96843212879445,77.63599962128119,65.83917404125346
2025-08-04,64.56570121756504,53.85810346824893,50.070485247087475,59.97547806192283,70.07704890432156,85.89986007389894,80.04123400148995,64.13239721839616,46.427686968501156,38.81212218132072,37.21222465760265,27.630805262291183,20.109109891804806,16.617963961950984,20.696460432066395,24.699361310165173,43.4515044645977,72.82717829432991,87.80974404044352,94.29642416963152,98.36873656801858,85.91224317996952,75.95895986217883,61.908858637265055
2025-08-05,-2.025995504732961,-3.015048008959994,0.5612109704438666,5.448766500227315,9.81713774276625,21.898144100222126,16.760991354754083,5.386867160778593,-2.923186490036173,-1.9020142318016298,-4.741613101167005,-4.835991668950285,-5.646122506207625,-5.116463126394052,-8.563549416987982,1.7764589204520433,26.347357786388812,50.757948411055445,47.52824578739977,64.44138650383391,78.35724574873451,63.08689758795658,52.29182735766693,40.7528330528403
2025-08-06,35.63440648647429,27.197315206326664,24.711371068136145,38.63758172159248,48.046386451992646,64.63634641871815,61.85582729221141,46.124366932339264,29.738962039252527,24.63641471362407,30.521089844102285,24.66852921554854,21.113114274264404,20.3372401663905,21.75481043894912,23.599168975479685,43.48809076708643,73.335077349619,90.43096017875524,96.77412983202314,96.13598543414741,84.29953791944472,74.18695602759026,61.643384747814984
2025-08-07,57.54924411113065,47.229442207907965,41.25420798247535,51.488914206938816,65.75998377490356,79.54130203019739,85.87334647926423,56.72342229521214,38.03893350613331,32.42160245278098,35.54480645824283,21.52914008650334,20.356614821368048,23.27889734012225,22.489934669060794,37.670071869806556,62.39467920273379,95.12634929478398,108.50097021220064,111.21802076081715,110.83357161887713,92.94535970797205,78.89326030655263,65.62149480230698
2025-08-08,58.2492146566407,50.116154400607115,47.804117994266036,54.04683429631339,61.220582934534896,76.96798866491793,79.55885145627214,62.77831984724201,40.56954306938581,31.285586453665246,33.06644699581983,23.43248098896607,21.782658840323727,24.610662898256436,27.583873235338885,46.247301413151085,59.9257761618522,88.09630458374687,100.53039092472164,106.47082979075255,108.27941954098758,92.47932362193735,83.02324959625594,69.21221564975369
2025-08-09,59.86423791624476,51.2090927321153,47.027514418021305,51.819665663652906,59.131166240719985,62.63067742010161,59.48384827400535,44.9434987512172,19.569120991681515,7.266744303800195,6.11571959206448,0.5800429648282872,-4.210036489534268,-2.252843154373707,4.129881690860884,23.01815515247919,48.62874216814937,78.18385105415933,80.03573648564222,80.44585129079262,88.85753620796737,80.03205548121394,65.83802584950486,54.703867606223085
2025-08-10,58.97231783092905,48.57491484380079,46.21449025706518,49.63232721397429,50.25405774347139,52.0368339963834,40.3044673795085,21.449265681489436,0.6885963324191238,-7.874245784665746,-1.1396106647396778,-6.797117581945109,-14.360680248935573,-14.355781971515803,2.69921930410365,11.71671565778351,35.30989328912396,68.39801391340058,87.04403605408311,89.70494743868802,88.52680106014554,80.14794637110666,61.31614824204485,47.99867978035012
2025-08-11,29.16922723278266,19.795269826670747,13.303537283392274,23.42126515614609,38.06035018557054,55.697568897608704,53.88540402914609,37.54198459474428,13.980154570742812,0.890623821062249,-11.321118111676228,-11.821137976770338,-14.153320844030425,-5.050554553465965,5.906839283557247,27.21769355570789,54.80926948208428,90.10063511154303,101.28134904879725,92.79286001104248,89.19769451403806,75.8997778420011,62.362964666005226,48.66064084180525
2025-08-12,84.31926121359501,74.65425669029177,70.58724727776695,74.09674963236105,86.08954329512191,92.08681712173014,93.61563043578913,69.7347168000117,52.813586447001065,37.5629534110546,34.60568589438611,23.99412638880809,24.131297869655533,31.519627966925434,46.25175496675746,64.13591957827299,86.65511090198821,118.44672065174882,130.90238466509828,134.05248197746448,130.07823001185957,107.62452004951582,96.32258532982537,83.65456073801755
2025-08-13,86.02155248624959,81.39800391425348,78.75368763950253,80.32506170373888,87.41518288148016,101.61683592945647,104.14220825044555,86.45481953312111,65.55554899621984,51.61607254537445,48.24745580169728,37.46342324271977,38.77797154424477,48.54672544612276,63.258030532711714,81.59546916420716,104.59376359605113,132.93644021764572,142.41967326722715,133.34157695190865,128.28207723782987,108.97241095894921,97.46379250497083,85.56485378294069
2025-08-14,87.77861374391505,79.21614905092639,74.30050530480636,77.48846361211203,84.84322973864279,99.67879431625308,99.97113187181587,88.90318533383227,73.01827300860548,56.1509713145569,54.403852708249175,45.31493691914773,47.17469666169682,60.181062509234486,70.9974390134162,83.60880097068812,105.1487984997722,131.3411701400922,141.17536634771284,129.9980578619909,122.59707471709909,102.92353617137732,91.83494544950997,80.00374699461405
2025-08-15,77.2195753219187,69.07973195062017,66.20917148345006,65.99622314138098,73.51758808191443,83.30628083894285,85.58322711159475,70.30898656107462,54.279218302463775,40.07777362180435,33.96886008078811,25.629177571404554,27.145538227048654,37.19579274033022,46.14491090951639,58.91588459462305,75.2171819034082,98.23571438517703,111.83696555006328,109.32707588454221,99.11084415810181,85.79154563062795,75.27138798659426,64.17423111228946
2025-08-16,65.39698643104421,56.68944958128415,52.43239984891132,55.4145940411641,61.9293140608148,67.18668499652247,70.82495679370498,51.67976632998569,37.57838539649738,25.145632037919064,22.674564117411038,18.47401871338448,19.852225855789854,25.761743001767563,29.42883899099393,45.71592148488368,65.65932649282993,89.11915523769157,101.94511619600625,99.94076406149962,94.91023934402854,84.43879514025379,68.70670547698717,57.375841939626625
2025-08-17,54.524429458326466,44.43186693441533,37.67164203799152,37.085445467738886,40.1345163453667,41.95891300550814,28.305207676465685,14.666820361601395,-5.190981723501324,-10.849960063010101,-17.44779341134469,-17.57781297035008,-26.173339691490256,-19.427756954947554,-4.714666678623331,22.656576240191043,56.071645852464975,82.30598775953001,93.23207092482383,96.46615044888388,92.81114462079488,79.77237585638828,60.06931647197837,50.59277306366329
2025-08-18,51.285240199312355,41.71660086583516,36.763795274008956,42.38504623522201,55.64016280883803,73.20438108972516,84.32528981119751,73.17229826376109,50.271421056614535,37.146382474310336,32.63145917585629,26.07402248568753,27.139708406885173,32.595061916235835,41.462187414589266,56.59298272350209,83.61134114040357,114.68450101351291,126.18430701541902,118.769089031628,111.57536856856666,97.76819648409365,85.67193983723055,73.13456860992302
2025-08-19,73.75698340605295,65.69654271201583,62.27192013387929,66.32883235304968,79.7539318049912,94.83180143027703,107.96261425591747,98.36416118865212,78.53457527733242,67.22641028158364,60.441697044235774,50.52844063688126,54.54004833161583,70.34920165792943,78.25791488110306,92.9239106610731,115.66009331017565,131.00020125689255,131.66581505557633,124.72395464448243,114.51044031212425,101.50544493582564,97.32215174612956,81.90561298929948
2025-08-20,71.66252413611858,63.399413064783545,62.573997313449254,65.23255289519031,75.4935222181395,83.55736984146225,90.00918665695322,79.14356606867271,60.92074700054609,52.898392758071665,51.570274377287845,40.005631339118565,38.37598315179598,43.67012385204485,49.27249049422855,58.30366165113061,76.09100547011306,94.68620703504286,100.64153166704288,98.08791562743943,94.02250447032421,82.4630582711337,72.14089882076742,63.738539459060014
2025-08-21,17.91195341537138,11.76931421615113,11.339448776525451,15.283565468462392,24.269686842527726,40.92991381192939,46.87496359230237,40.49560239673922,28.47354246611325,21.892296018705444,19.620161632085285,13.787403561280115,14.654270592635285,12.555450733122122,13.858455110289974,23.742875893548288,43.15093189761655,54.29240007558714,66.04195827886028,74.82054423597472,71.23993970826407,62.431961809569316,49.58306756727194,37.76362217179046
2025-08-22,45.07132663798336,34.923917290185855,31.521574704951366,37.90317898650419,52.30680405718264,68.47826710359014,72.66743305296055,55.10663844669389,28.546556258252913,19.851620792726976,18.034970223797224,12.520074481871163,11.274288696534391,14.769956164807375,17.7226145007876,33.559902026660666,51.07176060854065,76.12072440853996,92.42221978439588,94.19420847591144,88.3774872495607,79.49584442019322,71.72400044298351,61.94456362758097
2025-08-23,78.84852414997485,70.05467201264453,66.66172261338482,66.31042794340642,75.28866885346828,80.65602725136156,75.85272647271722,59.221145217572136,34.31870100333812,10.788501363411953,6.088538566907594,-0.36055223417670845,-8.201560253354764,-0.9642143169940169,12.620082024511419,31.130286585016492,60.04923349684292,80.91460256271685,97.99317209059997,98.90182029117635,97.60477234183064,88.30494313565534,75.55917440708842,64.72827354790289
2025-08-24,88.89480865238997,77.71641986461061,75.57691433262191,78.7157720384081,81.9342097423216,87.22399789462459,80.20870796031038,60.02128071357582,39.47788799826311,24.781652457807596,23.745946958685252,14.720282413859366,10.957574332835136,16.304827820475253,27.61111901350617,47.801686732193865,72.2280861763765,102.905461513944,116.48248455050458,116.8597800485899,111.75489456295396,97.73896883405166,85.33777120390462,72.84951455263804
2025-08-25,82.89774008746613,72.08893172103252,69.86700650249131,77.88063624711106,92.73132515864921,99.77919690781518,105.51196626768338,87.83222685593806,64.07322175077807,48.67361886001166,46.368226771097724,35.65558207005536,34.950718982740085,43.93987760382474,53.16714960941168,67.84620806729696,96.41744017589528,130.8526080622718,138.64998930443952,133.67385674868953,122.61607016794432,107.94663222391111,95.77426889476078,84.30093319996264
2025-08-26,82.1892299077173,74.7102085842649,70.07877349225832,74.66134124925951,84.70853667573523,95.17069138090766,101.53539084838022,85.70100635714572,66.32417490474953,49.74749363522599,39.0875714024627,31.384196008658133,31.915449977813655,42.81609487268325,55.268105867679374,71.83090422342616,91.02998028721595,115.76043728804844,124.10580292380095,122.41186320404273,113.8751265499184,100.181767278575,88.90505788685081,80.56357729550237
2025-08-27,84.0506910566317,79.37922891029726,76.4672054059595,83.05016056520063,91.34915441851749,104.47603201382574,103.68377675685785,92.45392218983022,72.45663116719889,60.23920901202399,53.50804006192155,46.548093428846954,43.35867015983136,47.25002592631146,57.25120283199908,69.26956331127143,87.68065496622367,114.34689037320271,124.49526741613626,123.2012552644292,117.07472974588703,104.37104213450226,94.78237663201737,78.84177022909014
2025-08-28,86.5669507747515,75.59783577412092,72.43243705237794,76.48692818280117,85.13483356752985,96.359921062259,99.08866256449646,89.82080991234355,71.9709087602168,60.37725983713989,53.292933378610186,43.80377021747077,40.46667230153635,42.170718991587414,45.032635729761964,54.68132177292007,68.69370830704244,84.72565232960554,97.4975925532636,99.5202743525332,97.27930043998927,83.85905292150423,73.93558303372542,56.87086084983231
2025-08-29,44.65934632778245,31.36869494511832,26.021776875330822,31.329830070044913,45.88316975961288,60.94016661089055,60.61532099962813,44.73972305397621,28.721377376732214,12.780775028173501,9.65925622722466,2.173417984162967,-2.0034442989087324,0.811072963614464,8.47878804069667,26.136297867872656,48.65963940934603,72.10599295976444,80.8037858404142,86.05289329293095,81.11557159072512,74.11160403527904,63.861732502579514,46.357066292538406
2025-08-30,49.64569306521874,37.864152176499026,36.49989111302855,42.585220273194246,50.75215207750466,55.28098439634183,53.22212074492355,36.905368714592086,21.15990391109961,1.1224308533212906,3.0467892782382506,-3.3979191312310704,-8.106190070919318,-4.248257797656834,-3.2137920510866422,10.83438892622128,36.80545099528888,63.79863965487625,79.91682924314513,74.21918786968499,74.83034391995875,68.59156701742543,55.795919480363686,45.923496329664594
2025-08-31,6.814506477720684,2.4587159600564803,-2.118276705033942,0.6224753063670363,6.706067029240856,9.218281513627744,0.8645361256687067,-15.012935529197833,-16.80739910168886,-21.350154375485303,-15.411861993137975,-24.02571549733105,-25.63651463574726,-28.445257960661316,-12.838576642512507,0.6484666202185991,25.976727535532902,70.14627529395011,83.38250767959426,80.03204977369957,82.33980648263221,70.2072724465958,57.76095819684967,46.222567971279474
2025-09-01,17.416195831879236,12.573780398780976,12.421510457140215,22.399409180927442,41.65938475550857,61.41144749792641,72.38500490060017,60.24714753397603,38.017254615552794,29.30105650448923,31.154237840814254,20.54664446699313,21.465340239721506,18.55786268769244,27.223378083162487,32.78799171096986,52.083123385753495,74.83846824285604,79.4554139372381,76.37861724050862,76.04870165656831,62.8638972082433,47.96762597824334,34.24271823628301
2025-09-02,29.317083092162015,19.88290135458825,18.549921376991108,25.575979862027978,42.435857743144126,61.31221540982489,75.36967802128515,47.349428181083454,22.83243656948951,11.903642633719933,6.849441059413849,-2.1730087945169103,-1.7791315594538943,-3.4899246360117075,7.658493198487555,15.84344013174509,32.051235925188884,56.64883819752207,63.13504507689431,59.80398154994457,61.37237616911031,48.74741707898137,40.09324937746586,24.244470062261165
2025-09-03,2.8656492063948065,-0.9357194635051371,-5.303813026028813,0.36116971408428356,17.681598274272446,44.114026277522605,47.03821910246834,40.62450566989616,21.428228351361525,12.759442025808326,10.619437780138021,4.893196777772594,3.2657219484026285,7.584654650682879,8.800399035878442,15.361508309437987,33.338704176883894,62.461206707774146,55.75065031396877,53.531401852087996,59.25186195483892,48.468383098558895,31.23052812560322,18.24042556495118
2025-09-04,17.54237181313224,10.063658673579027,13.438575553710976,22.28570750812719,37.22981543685919,50.288107528317454,56.92729506185354,45.07410422357269,28.029107003116053,18.893417478110365,14.941082699771279,6.2392287704918346,2.8669620832314706,4.889711539881333,14.894585544933513,25.426210743461198,38.81683490919812,68.55140316352279,75.70833710568266,74.91173228685109,77.73194377288539,69.8188417584311,54.9152313997421,43.31378571104866
2025-09-05,57.15400279162862,47.222491056226644,45.954606342948075,52.91190374893497,65.27357535155532,82.52537994909176,85.38894848760205,65.18798814874555,37.2321707927964,23.500896102955252,18.134762512780817,9.599493156052155,6.144791228387113,7.588606909054533,15.053704649602452,31.52751892558716,52.947876202981384,84.26963149705522,101.71849183732573,96.36478691363429,95.03678870567158,83.65549378492275,71.74479043103564,61.01793501145886
2025-09-06,48.70964383311226,44.056422799785594,33.861907285499456,35.23149235013689,43.186717798321666,49.64390628267873,42.64771650381313,31.040453855304,12.455106346191968,-2.7407678301697445,-16.345458626171762,-15.080022001977717,-15.095583900269645,-10.573768020541728,-2.6324332288825616,2.8174610106745206,7.850351506722745,38.98745614631261,55.68107632665278,47.052210193390245,49.44385027687778,36.42585539004334,23.693395903267046,10.071175103112793
2025-09-07,-6.356016221188725,-7.154346770399485,-10.040863494929589,-6.954213336608447,-14.140060551593677,-19.879813117645796,-36.8600610487334,-40.07921024688498,-27.84140263244214,-28.480344644367477,-25.07172818942162,-25.991926647461625,-32.58290321151519,-19.802118958703154,-2.9585169134172276,4.220158134332948,24.48838729776486,61.40561673677829,75.96715267117389,69.11590741315507,66.83636515397626,59.91855527612088,47.307675967921945,37.10981534827481
2025-09-08,57.76123532905777,51.74675662371173,49.420687359765964,59.67938778026332,70.46425046127041,91.18976247766882,95.52170534159588,79.89362142192003,59.599441687809716,47.86401533530493,37.8006504530871,33.943098186471445,33.566552594468575,39.97333970295455,49.277798833189905,64.19866862918852,84.87873831421798,112.23389416104449,118.63391200614723,108.56679291774232,102.50557020082181,89.75450223623125,81.96399477078555,68.47813085997304
2025-09-09,38.83382950444334,29.45738581373662,29.99652535353382,34.63789595102997,53.07913248972311,62.71517868673655,71.84105647414538,61.60483219520098,42.021808644384876,31.663084999682503,25.854173734904187,15.905688178444223,13.661377739264474,14.627160306385534,22.29773726175931,33.74486525695008,58.24141920630075,84.32206853346608,88.25742445248594,81.67490656249693,80.19641876586266,66.68934843551301,53.020997620839935,43.475673278902505
2025-09-10,0.07132613283789624,2.993989277651373,3.859647506680396,5.726146785163024,21.36575080537432,49.74776914528836,59.00018551505703,50.57852404119316,29.58513574997795,16.95355092518261,17.98155171759273,13.321469072925424,17.71983855805292,17.67215417734345,17.814055008652296,23.772526259983735,43.36115298262448,67.66338578559753,68.42614301532657,53.93267440955574,59.437456772903616,39.521862997301454,11.822838302467531,-2.6840182980763103
2025-09-11,-1.3839134163378617,-11.631882215831496,-21.114833365842927,-12.20542074338195,9.162998783964895,29.128652954762217,37.150499254958625,31.895282803016045,11.398727287783743,4.7771221568130215,0.905278484789946,-2.3650126767119772,-6.340404854451457,-7.443468950458957,-6.036427075450618,-16.273442496153322,3.159706334470471,41.69961538315437,41.29842752838633,34.346169205279125,43.454249274386534,31.496437963514097,16.283627132603456,5.30737855068746
2025-09-12,2.6836703859757307,-5.992825229315187,-5.459653668366968,4.2566842047218145,19.03846511914069,39.033142015795455,43.17931055589383,28.241280657848947,7.455393044220273,-7.916843485382714,-8.90304773965687,-17.079265947932072,-21.565593079223596,-13.26011976095566,-9.835535371278304,4.343034968689224,28.749568806072887,57.817705409018494,61.35713092022311,55.27101488666964,54.373501892442086,49.70697919964524,34.55670374014931,22.95944777058824
2025-09-13,5.020327831009141,-3.431916375196053,-8.680246424669747,-6.866443421926313,-1.6461644304735472,-3.5622371287797563,-5.3293087999201845,-7.208135681760936,-17.462368483975382,-25.819516144377104,-29.19027976001678,-37.46754050551788,-37.52274551831058,-29.280354539057562,-20.17916847244075,-6.26062654509559,8.784252275882352,24.761833859199626,31.138315654082703,15.91692647858845,19.787907494361065,20.244046838801367,6.614515370157477,8.471711837072306
2025-09-14,19.556616903783585,11.392528437496821,10.673868160746188,11.111099049123737,17.836501055434695,16.843861870450638,7.862235342016433,-0.9224039789743301,-12.741273811813741,-16.296003409503868,-8.118370521448611,-16.432376866469653,-26.361308748457937,-27.26899888474383,-19.092114721532532,-21.554909241661022,-8.161445163299192,7.601938358926503,6.369727227172248,-2.8757349674364576,14.159368434447217,10.567278112643521,-17.076155901558167,-29.149247244131416
2025-09-15,-8.924977111840107,-20.875181798908727,-25.906879753252163,-16.34841294729131,7.4966311350225965,42.71544475000294,55.39398416086498,46.57950769856975,24.436029316439217,15.386261403425294,8.635965853299595,6.6511760058503455,2.9148986844235694,2.962358189808576,1.1395616910346718,6.01698512069369,24.13950424211623,54.39635667877005,54.24429872665279,40.714013864301634,36.86431260753683,28.490757768993845,5.9807812812314864,-2.5619936607347
2025-09-16,3.2778605779727883,-1.7077228051131925,-5.768109740771266,3.3684921746933227,26.043097698431154,51.77121767229919,58.79658764640222,44.89121612600857,32.49754415716042,17.107726352090708,19.741071217508683,20.806520380382636,24.795625115813916,22.956990938150817,16.280380253835553,25.796708042659745,48.338984700534795,73.9839877497779,80.79823133872324,70.98600546853899,61.021882293037024,57.16456431141347,52.55131397108113,42.079125352543365
2025-09-17,61.79497648227964,53.43992881027857,53.44682303969853,58.59911853965936,71.83407662285686,85.95419220571799,91.96546576779032,77.19112236274151,51.435750383030005,30.246763832665145,23.339647414966016,18.245655231256052,14.269651205844106,16.287101688555545,24.470240260851895,36.21944716621425,65.23279774048096,104.44060968263686,109.58005878973115,94.03225797367978,89.33232196655018,76.62086693264408,61.46842207212271,52.08384928102008
2025-09-18,27.385233287672058,21.881397585030555,25.963145275743308,31.327675170465355,54.92240902172534,73.7756657047798,82.17948970290539,64.65821003378811,32.184480037118135,18.885926663529702,8.451860281369491,-6.745220184970066,-6.811003865430358,4.966203454651982,20.281236074826367,42.072917984504706,65.5206311739139,98.99035492475058,106.40696188609347,90.031115723467,84.36969241724921,74.3179845173977,55.68751839746585,47.850485330268995
2025-09-19,57.07759589777399,48.93003786702674,44.345847548798375,49.84027848144309,66.19627266723096,89.08752477809244,96.28052023911779,73.11988278856654,44.93332958312341,29.92433327246721,19.046662755078707,12.696256009667813,16.907036748418847,25.63060093124444,32.56218712658945,55.63027208016595,81.6565460989002,103.45279119142631,102.73834620549358,86.78301626025194,84.30134124678686,73.72268177663129,59.50345732249201,44.76027264881056
2025-09-20,5.935451664365658,-1.0226169875063391,-4.17079462206781,-3.9717882610305324,6.623802011617158,19.021360671408218,26.613788857038287,12.105421147009011,-4.519567160978838,-15.95438431312958,-30.84389619264789,-37.99051225442535,-37.53707427497626,-24.867093732111428,-12.726123629702045,8.643040566617884,34.81180522491585,63.85395587600668,62.95393645588646,45.97106091700168,51.85875573886693,49.49509805022513,31.602513431642436,17.88598271917266
2025-09-21,-1.7660345619364364,-7.075033026626485,-6.763454183317364,4.503190268817299,17.700277743370243,36.15677478492025,30.39843136861461,29.033287000553095,15.330335269049087,9.479872029763584,8.72324926285291,1.411430624616699,3.3439926152178785,10.215570787279056,27.3015201016512,36.745850449245886,59.38443615967562,81.41382899458912,88.1103668544467,74.55843201924984,69.50051778019979,63.20407065531564,47.88806167124118,40.30489294318723
2025-09-22,7.498599527476671,6.443078891211023,0.5718263628881459,-0.1490560062434767,17.494410258839302,40.144754096808335,47.55276462358081,43.792535669396926,22.97111587351622,16.35942291070686,18.79290757292791,18.957875890225417,21.80661202970214,18.347413166930707,22.248322124344412,25.01670611030446,40.57075354582397,55.14169224065743,48.413966566290895,40.99593450394683,39.35673198169657,31.602408963757597,27.64981210256466,15.40585883697603
2025-09-23,10.291360018315522,4.9693376430644065,10.563228584918264,14.96052288034344,24.926851632654852,49.060741578548,49.89144381025347,31.91312959284617,7.613685380574964,-2.467461639733699,-6.570142198943152,-0.956644986604239,-12.183492480682546,-4.466011687816426,-16.20572112212612,-9.24276866196513,18.38368217854439,53.0312610839447,54.790038249743006,47.17325126874652,42.07889279148492,40.50208368435523,29.992804352634003,13.450311326027418
2025-09-24,-3.8997626574091555,-10.67874937142966,-13.049992536791741,1.3202936587994074,25.029007165781138,54.42815108356359,68.5537950117736,53.22866586921787,32.60145819562254,17.50467927853674,19.037652060561847,9.025018609779558,12.856851340422587,10.799420468025673,21.195492255094784,37.43231055191751,61.08483323030798,86.58028637627282,84.93185602280448,64.75836652075881,66.11718540523837,56.40439878647307,51.75868790723931,44.984999710962505
2025-09-25,54.480123953966896,47.94078248967888,43.03110081482991,49.480668571427394,69.37649119041028,92.04406197912164,104.0495018834439,86.5632004535311,62.50677176563761,43.449456900701065,42.390660122096406,26.253226934681468,27.87528830464653,30.575360558110635,39.374276521487616,61.20531995412936,88.54610414314628,112.48570283465332,115.92995771611994,99.5658478642497,95.9146949723432,85.84834114773096,78.64366392538676,68.92678517494218
2025-09-26,68.08469852715598,60.940598592278576,54.8820951023732,61.818727187438554,80.51362546196273,104.08095834322586,114.37088047860955,96.41049827572067,75.69414552780867,63.26265919060049,60.0752156992214,44.43780113475747,48.97118087862536,46.51411548027531,55.04338344160246,71.1610060304769,92.79772098832116,116.1038598567097,122.76109053616388,105.31284321702776,104.25760384874737,93.08476528229328,84.05637096044728,75.01427082966467
2025-09-27,63.58228811995678,57.30556389247185,52.75493413777573,55.6496499271143,62.22556034220362,68.18283546069807,70.16494385679505,63.2490685308008,43.132831526896126,31.442820438795053,28.19781113910291,15.609750316279964,5.2822343470413315,10.756421780406285,22.332390339427747,39.51027910440263,64.48792754790986,90.09106774046228,95.99554902052559,82.43915171908307,80.53584254461913,75.62095742869379,63.233191505708376,54.216905958128336
2025-09-28,54.711138248412055,45.73210310865146,38.66178582829569,47.03412693995449,52.25605488158489,53.00628203873526,61.21979423446514,46.43884344936874,22.632816103958852,8.023791131067625,3.4018122374371558,-5.483110266694851,-10.89390021785271,-0.4456263760271497,13.182568219575167,28.142235686408846,55.34513614436463,87.85152633762512,95.51635599539759,76.46134285788403,75.63545444745569,73.12636720848647,63.990471853698786,57.2051228378465
2025-09-29,45.2146288558641,38.524853649519656,37.566576455905846,47.51388166736555,62.22457909842125,85.22719410483528,97.12518158469742,82.28811987671152,57.025036296975635,42.37693547254318,36.684143073367395,23.538826781275972,18.217606701118804,23.57851988456067,32.3636025445353,49.05199370068679,71.71466392077477,99.7027820516936,100.43381091332458,85.53045868179778,83.15641307018731,74.78462588913963,60.792927912579174,54.417074616653565
2025-09-30,60.179266174385916,52.909494020647365,47.98088387646744,56.769279709627874,74.7073260997469,96.97229928602158,110.07745330896626,92.68339359625006,66.68330154945465,50.269635374744865,37.86358614244099,27.66255677694828,25.414346722984565,30.51703008966614,39.67617980971474,56.325432059278064,82.25754712639052,114.6364034633707,116.34119492623623,93.1835803208186,93.24245851087774,82.92264084044966,70.28004870271974,60.49351145909765
2025-10-01,79.31246556569036,69.18317280507554,61.99008481937309,70.07648637318061,91.71580756318446,113.0188522143954,125.28234414800653,102.07086433260567,68.64613392229757,44.40298834458417,35.73451872532746,27.45335251964559,21.940432272958567,28.58317657834251,40.18633481968626,60.87660181237692,94.10812899707369,126.12249553486836,123.37589182224258,103.02866566987275,98.89189458366401,89.23258163113121,80.89995681624606,73.05312877143078
2025-10-02,66.1491854627369,53.4627471726918,47.55736244514215,54.295664603674965,74.62197849336032,104.74687446807587,129.3271656457312,103.1450548142295,69.08629081774048,41.82324418961214,29.33467093165452,15.596729676023486,9.577861357831857,17.45041654350465,35.60820039419831,49.604263911984404,75.23500302675977,112.14068596627219,127.08541278855922,100.18920960625505,88.51357703975296,80.03045872777031,72.90824677219018,61.21043647562584
2025-10-03,40.072366509482336,27.124484349609837,21.894474540051874,24.40765031939158,46.2706988171209,81.15695372962433,100.66682426035322,81.27958969245643,59.73283532342599,37.695401271275685,25.696477460506948,15.036212426833494,11.027137669475827,10.288172699711637,16.667043853361264,12.600552785570748,32.88469371426124,62.73919710743736,77.36009929044125,51.412392850952465,41.83619731604467,31.752046008332947,22.477180919720624,1.2272831624546114
2025-10-04,-0.9876684210284878,-4.226196481408451,-11.071080329398832,-20.871158199983206,-29.902380506266127,-15.385250072616032,14.078019738877074,19.24073520006327,4.220467654021149,-3.6278081224247813,-10.80223848452664,-13.195252133873353,-16.006218910770038,-17.42397627010549,-17.83475655495638,-30.271426733369864,-8.350079380651962,17.168229734063544,41.17689957787891,18.259682124646005,14.032193373546463,8.427835262523686,4.5401307406499996,-7.232978308952724
2025-10-05,0.6387851529358244,-7.599474039737359,-4.002051553043536,4.067374837616342,-0.8224435554728302,5.081721039400904,16.82818797660255,15.26372537578078,1.6192940181405362,-3.8581602562954487,0.21498693418919856,-7.694116057333794,-13.033717977148854,-12.656040437607317,-6.320172327114875,-1.7241079454899477,25.20062912958238,63.434394661327794,77.72797559287268,70.53538548753525,67.38525657930788,63.35137047547596,51.664689639738796,42.409958937337194
2025-10-06,26.019459135580412,17.16369113016527,20.42408887049256,33.27123321633284,49.86880608501764,79.42754520941331,103.76196825879428,84.93071437321501,63.92629116697224,48.65047131431025,46.57848650408846,36.81241410406405,32.54628482635776,34.77965731527023,37.50451662420016,52.530136950661024,78.6637787178713,112.82861170554835,122.40977749141797,99.6966176640539,91.68852416237355,85.18486671399357,76.31522083901139,64.8311618382656
2025-10-07,91.77392194917319,79.79022870316456,71.44352575438984,79.50295229468848,91.04790997861271,131.27575856812518,155.99736040312297,134.7759005690171,98.40057519475911,73.25977054177136,65.36824006424713,51.044484481581904,44.90557165623347,51.26853259902043,62.95522592816268,75.74721618638385,97.37393908774081,131.13847451608774,146.19879834790746,118.80648297983603,104.0571048505374,92.30018173737953,89.25249484000483,82.91731786435021
2025-10-08,83.5572913080464,73.94404140218273,70.56443108450475,71.1450524547695,85.94917640801457,120.53179156877908,147.76462612287781,132.4115159219754,97.55050883164392,70.5945660056121,61.06128594213829,49.030266076836455,45.89784230660634,47.50289233676839,56.97506957472008,68.75420093069735,87.73725449002156,125.31991552930232,151.2815988192399,118.0785390600124,102.69425075367221,93.48880113478316,92.41723266702476,78.89763437402429
2025-10-09,81.94745062257795,74.65957716638212,69.65050744794364,77.12084818331063,86.74119404744965,118.59073492562638,168.53132522389518,147.69569268979976,114.61922960823516,90.81738721585269,84.8438246403555,70.28695145730691,62.38741786218699,60.972913218198805,56.32887069658726,65.85782529745994,83.90610769271116,120.19974367937473,152.02534112978017,117.26218364476131,94.90280820604377,86.87971003630429,87.12334247266782,77.74792674389218
2025-10-10,87.4785005153914,75.66322615951907,70.60328910564758,79.31013739845127,95.72025250003853,124.55868860359195,151.77705192718514,140.30089659978637,99.89223333065806,79.97440231702376,67.4726145507398,55.94872457637481,45.50670950763366,33.98921258966199,36.038636645339906,53.01770434183507,85.8219964153928,116.36673471459767,135.9974264983685,111.06948120754538,102.1456506134074,96.95923923788187,88.64473064661351,79.12809701531816
2025-10-11,83.07414779437855,73.33279921417625,69.79555749032171,70.864130670826,79.38912260055638,83.91262403862251,102.9838583387378,97.24756709648037,71.62929157584175,48.85775657672252,35.56680023324288,19.205168731677837,11.521220321736962,15.126929807522409,28.86213916213411,48.84192555396629,72.32338882722024,99.95569931629262,108.32600767758609,91.93115900013593,86.81973425056897,85.93698337791325,76.57753732520557,64.03410926772344
2025-10-12,79.52440283217265,67.883540108455,63.30581711351104,64.54721388451577,68.00146472445881,79.14706983492356,86.45379903610178,80.82607379657692,54.19993230428101,33.153484704825324,21.82804180898507,6.224539083138083,-8.535064105719343,-0.030686749315798068,16.16457489571323,26.86026243359953,63.15612985405266,94.71443895214557,108.24865985309833,97.13929526964189,89.48009458332285,83.0568057366903,77.06247001376218,64.97202344029635
2025-10-13,69.68775970471876,58.148630159279534,51.81636216104425,60.99440933593192,74.6040852139024,114.03286277049085,148.442855009572,134.92842805078013,97.54170130519482,77.95647290857909,68.63678918779081,51.36690150292635,44.60903164082009,41.394782723081846,41.985237307493776,57.42095640608021,91.34108410965162,133.0661865144321,140.72696163525805,116.17840647568453,93.86400800282958,94.5054277488689,92.30391772064993,76.48032019516423
2025-10-14,95.31397992623623,78.28991270500214,69.49697847332624,73.19408610872966,93.14892252796383,115.91612587329087,153.49190844276356,142.73686204792,102.06918093352112,78.88771279024213,69.03037711926748,57.82615587432333,46.70581554273153,43.16327499824786,45.7674589070101,65.74977124336033,97.34969875408,134.07084768103846,147.9187271119061,119.79200301829454,98.9270084735876,98.81589021497481,97.4127321862936,89.30246101147259
2025-10-15,83.44708039397833,69.80081202618801,71.02501809686811,69.05493873971905,82.13117071673445,99.44622583569712,146.44387344858632,139.36059213304893,105.79700858003054,85.48862273242737,69.19699674385782,52.70309051025048,43.11594781201933,40.558703185435334,44.034065159253885,64.05586561090203,99.33305404751009,127.70100900101336,149.74095557505112,102.2605684351325,92.5449823132428,93.39521304040471,82.33505784548767,83.37407371279674
2025-10-16,70.49657302490151,61.36152536297784,55.845145469500935,58.68804961270547,75.86592568376471,103.55484910274917,138.88709409557487,143.87104353196287,110.40690969207766,84.0553397017201,73.74218116974363,59.6522657660451,51.58958410004383,42.92233266180838,51.105402728695665,73.80393115266656,104.34059592460432,141.05648320878853,143.79327620015957,107.66637432142024,106.54571843002113,104.44361900457153,83.87694365077742,83.8322010079927
2025-10-17,76.61126455844003,65.66020051366353,55.79226563326119,62.97722377313727,80.30477541538338,110.27878027788122,151.663039299431,148.6372530403802,114.5874838248543,92.48975081026603,78.8574569013895,64.58568048228719,59.39950805202824,51.85818122505646,58.125803893047525,76.48855048694692,97.33074838377752,133.58232849250766,140.9767417476563,111.36444283896833,96.60709605519436,100.2314484266825,97.35748589257136,88.62861102914552
2025-10-18,93.57899400306064,76.96689581154826,74.15035024050152,77.85550577041711,88.92030583023728,84.94851654123187,110.27698557714213,110.99443487096333,78.5419964966001,58.28150459748672,45.31447432741726,31.476931133023502,24.168729396639275,21.324357620313847,32.566612823796845,60.22098129469603,90.90202893622919,114.52744439547862,123.9991886135859,101.44914927701087,93.9299535429608,94.56170177504171,87.46527797342443,85.4443837415829
2025-10-19,75.43571427098792,60.761401572263956,50.026312652117355,47.85902201394134,53.94524824994977,52.11190943331415,74.17468140504621,74.60024938890666,47.44623248148164,40.829910372428586,31.40073745775494,16.68498688874684,6.60834854800347,-4.143222539057213,2.096989201031512,10.21026410637127,41.06820932099558,75.69317787607163,92.33214920647322,78.01126834516589,61.07977084063783,66.68454403482914,54.196723601558894,41.221985911534134
2025-10-20,15.126155164818286,-5.709251357297703,-12.217915880919136,0.7154742297896775,19.883632408711613,58.6812137016297,86.81802408539465,89.48649435817713,68.78636511942857,64.35794561712176,58.54787483516769,48.85965610542064,45.23675942563938,30.73235166219605,29.103122655639847,34.73682499477456,51.39853064228772,92.39092336284054,95.07906390509439,78.67748010682824,62.11660698223121,66.72369584836491,56.903327966502914,46.77484315866303
2025-10-21,19.952651868917307,9.925166838764135,8.215527627371152,13.398760801945805,33.21202793260863,61.14786584560306,96.51378352701987,96.39467292426849,72.86121361406772,56.96173392817725,48.76645120619754,42.94534218270505,42.239534257522465,38.97900600568546,43.10817896739352,57.96720041528914,83.2921920044901,113.8804450335883,119.91014967454089,97.81212811481497,96.66394910242042,93.13653343095065,79.0938233402357,79.16750205171634
2025-10-22,32.627169435699884,25.69871045420104,20.404167285062705,29.832637639748775,51.46048530279765,74.76212424424804,105.08274489508437,110.28410129032684,86.42054108676855,73.80488664860835,67.64478348363247,58.84285269597739,54.24989767312869,42.575446870987776,45.85601887160402,60.790993416084234,85.83633752637486,107.70493795320127,100.17193532731699,71.06090991033037,64.10693831507652,51.97981308819428,40.49500578659565,24.790796636400792
2025-10-23,9.563643738390958,-14.526381097154598,-19.896956323351766,-19.152531547963136,-0.7228819569586449,19.783521580603306,55.130505767097006,78.78016503790671,55.3967404867588,48.491483056388304,46.641309806231966,38.732891439352116,36.40759551861305,33.124048002482326,22.199144037626937,6.092343312769991,26.07203967990195,78.80381709255843,62.582006816902094,37.428853437809636,11.540939528410277,16.16594729282434,15.261225469574754,2.3877913776965727
2025-10-24,20.280170750288107,4.909013978244111,12.298524987185822,14.594457596743204,38.89099474977042,56.00545393887804,84.8131121804791,84.7857253347579,60.91003725449279,47.980936124396905,39.22962951631588,33.271938575746844,27.502139685971244,21.07775977909996,21.937371901638215,36.741428525269036,49.22141103522543,91.50419324022891,79.74657545476312,61.45843707342416,59.60072056100304,69.56534305482114,49.73037508854793,36.590692779074594
2025-10-25,3.0048873712960074,-2.946363293622902,-10.205272628235385,-14.061228353388806,-7.94857564193893,-2.808111688023544,34.18209084880106,55.40978015764758,40.60413208484849,24.352675452583618,14.871312678481296,8.259597465980875,0.4524349281104776,3.102438919348728,3.695887667148412,29.86043249939751,52.329559393281045,87.54402491586998,76.86305715600304,56.04340176789055,59.87492751891436,55.52446243410425,46.43116450322928,35.031933512677405
2025-10-26,15.772284838700223,9.180290760221503,7.6700546886823915,5.989369950597933,-4.259092837706021,-11.68557358304487,-3.29453907430306,16.893146054784836,12.599150370330719,4.459231586865272,2.563437118778978,-2.287081479668295,-11.168735428147635,-7.3687584530245545,-1.4784249069736148,9.309091278856314,1.3625657537037341,21.4615925030605,66.63350544829837,46.36450724941664,18.59986341618989,22.833263841692116,13.20696863502053,9.41974940782508
2025-10-27,-0.8615275415088348,-5.71467800994013,-16.872527088103837,-26.80089858808347,-25.649269464233726,7.137747300108018,48.78542838222095,57.42293593736479,40.739716620470205,30.1487695540781,30.88387013085635,28.085376361491683,26.160485886458016,13.31309311805471,22.7880682648632,23.8776171396754,65.99662774099221,92.27737905930091,93.68750216679601,76.57666916886313,53.77912320704362,55.95158180935607,41.659113149768615,34.44801365272552
2025-10-28,55.406949827532344,50.58573393410188,41.20658358813975,39.24825150432862,48.082697059914,64.40617711808989,97.15881835261467,103.76484827502273,86.5094493141217,69.56811803088802,53.65547386535012,51.73261592818495,46.35943170989758,43.825496840568654,53.677789216444545,69.4248115853862,82.90018958946696,123.29152701098305,140.59371330470358,117.3091219195826,97.64686565562596,91.85654768075102,84.3520879434965,74.22132131290117
2025-10-29,56.185800647175284,53.25978308321351,45.00034326700542,47.71608653541098,51.55059477202866,63.60397921367648,85.13588520377489,107.76439516443953,99.48604076098042,88.00887903880678,76.2369101313989,74.75535463834976,70.32879025033438,63.734405291386395,63.84541353956456,71.3286515637064,85.78210876553526,107.66757163360752,118.37394887257777,97.73155046214099,76.81002228047626,72.43354979023363,55.74604885028475,49.58997614153172
2025-10-30,33.079532816970286,25.8929090880464,25.072563481303355,17.355790216284255,21.75120369370262,45.36608220784572,77.12198768297763,93.75516870914021,81.61227324947481,68.0897743174856,55.80920300114835,48.35951978926225,41.21728548902353,38.26141139786073,50.44232622727579,61.125937114338214,77.73223200068503,103.23188621639379,112.09681412780844,97.33908079759655,80.55037278240496,77.04521510661542,56.721491700247434,43.63122171948507
2025-10-31,23.975745934503045,22.011962712677494,17.951184763726957,7.283696526910937,19.771163525509927,36.04683622169336,58.85219552134771,77.17285782559196,71.18747263638947,53.346956404115865,34.35984154505745,36.05677306429432,31.355291279591924,25.077890769347842,27.792168942403446,34.27093811501241,47.909277615808165,72.36027123431381,79.71363956756088,65.60601398269014,33.636793456403026,30.653000374931047,27.484857947049477,15.543786628355711
2025-11-01,8.916592768906277,14.5449597564687,14.27342227907581,-6.076828636481814,-13.685863732848091,-49.404878570832835,-37.72079977108018,-9.76516377637148,0.3112623019400331,-6.2049249803417155,-17.289444411299826,-8.802749449547754,-13.1025782131397,-16.01926174396629,-12.889673957864602,-1.708777769499278,21.817650001640345,35.367646344300155,38.82212189208086,22.05535685064787,8.10671297200588,12.794921554119782,20.685311648985852,17.754491619446036
2025-11-02,19.56305209135293,15.299687769335996,16.663796499938705,8.376865419518076,13.567533438896419,11.222098035343933,16.030791136975907,24.487260380520823,20.648329446695925,20.199188779432554,21.043962278055382,16.79565091444482,8.366825214048767,3.119604653748887,9.40033456472407,18.807799397110998,41.65504361046617,68.16879149477327,86.90389357405745,74.53182851650769,57.41310307547043,53.72218418100572,47.41802507318584,39.09920585839184
2025-11-03,61.47396666926052,54.58659836714192,48.64128754242919,47.435022145117244,57.938959223086044,73.44821801910403,99.33837132543329,102.56222622556923,78.9763446593097,64.6935408755975,55.990217330436316,51.458634075152254,45.89204888380787,40.35905518138089,46.616498484450524,63.46411681489965,76.55909459731684,111.57111077780539,118.37785661655491,92.41406564591297,82.77630018226404,78.8864535711255,74.2693635593791,65.84803612818723
2025-11-04,8.702791434537893,9.812442471313467,-0.39597761130055176,-7.162164888761794,4.469197543276692,20.762222619095184,55.16673631165921,73.36897385292053,58.76481079671759,40.14250428543792,25.047017913351965,19.858211053521273,17.0479673358574,17.855946320112487,23.76514712711768,33.98778833869992,39.304078489560524,74.98131619040669,81.23530334761875,69.36180436383603,51.285812922839824,44.44635890541453,40.229806649931064,23.5320848605285
2025-11-05,11.549417812259577,13.269597528436542,11.316435128086923,-2.2529984842396544,-4.52825038471336,6.845334355938874,38.04984482202544,61.99220900059969,48.12238936068077,34.33324961341858,31.484373052298654,27.03473519600831,24.003471856505065,22.139847229271368,26.578419290573102,26.205873978809606,29.89140087008787,59.1300226055462,77.0586207478237,51.39070654554755,36.916193382768924,22.098507058377166,24.95109454805855,21.58650328342084
2025-11-06,14.294045824306032,19.277731974949646,10.506879270054455,8.506607109062173,16.879236688830098,37.042834439615305,60.073470352693604,82.69276360887234,70.62743274357192,55.48993874396065,47.58746996730478,41.83036801125143,40.81252064961125,40.859523189931465,47.015284523930355,61.81198269250426,78.81112592635054,94.09642515153554,106.16032320881344,86.99718391027626,63.718471500324156,65.3357259691933,70.16853307757255,64.8389947841803
2025-11-07,60.86001965378517,58.84665140481559,47.88291415881529,47.767966121342745,52.55654131253073,66.47753888916047,89.51242592618568,94.52435820545558,87.07643129969878,74.72212759075782,61.30655227627776,57.46133125827312,51.20925112655094,52.75114224255711,60.677328970470306,66.53682270328635,77.6339463850701,99.31241034471965,119.8492271397862,103.80566606960174,85.4654069034819,80.19928030225569,79.08833543973375,70.55403465201717
2025-11-08,72.783785680608,73.26264896737207,68.35860401660477,64.29365390604002,66.47516274240184,66.90023807743697,73.37567746615557,78.0337657775421,71.24303318042236,64.3409066796223,59.38701380787937,56.77834879807871,51.88067387035803,52.41727252942211,58.905400591921534,64.05793878332874,73.62905241181677,96.71786184995577,105.23366555840927,90.14339006178787,83.51016674421444,79.99435113971197,79.95892119071745,73.1435168057884
2025-11-09,67.18599292766169,61.666219999180136,52.45791321412591,50.71218481448507,47.56248904683714,52.5538720203697,60.32184232411154,66.37549620532917,59.046331520530416,51.75362468058245,48.47237799582527,46.29520641867476,38.87584506868796,35.50126469804629,41.64324981030477,43.455293309605665,57.20987748413906,84.53418578538557,101.05496956423792,90.32767513087899,78.81424346592894,74.60169575800448,71.14012658039859,66.46984035277335
2025-11-10,53.85041193666416,50.29418907901553,42.57566804195964,36.323949764949994,40.80844163026638,57.98057999426972,88.75715566276865,109.46749836782035,90.35948329838699,74.58620093681526,65.77446664952728,62.67914623796829,56.490039903812125,43.09819240689034,43.4842244173972,55.66410951615857,65.1459963767854,88.31925272313524,103.59872038895332,93.04415424440118,81.85987811240732,72.51203783456697,69.3634673201924,60.97575291470809
2025-11-11,76.3275000360218,72.08194945002336,68.0018147374109,55.864456606317894,51.80317889186518,39.4101389693184,51.50918926685506,71.74003757912497,60.76683429268758,44.923240930055,33.12816740258765,33.02203652880812,27.56559903105803,22.7821357689093,28.782385491840106,28.36275455524995,35.48863525875443,49.58494569425386,67.83194278911668,49.197372079005554,48.462308899118305,35.34776129988606,36.58117290934172,33.582631284442016
2025-11-12,39.481363880820155,36.148273651804594,30.5804882024341,22.74012284381999,22.11985391519834,44.11311932954047,61.29248966149067,69.09650153573838,54.673230589833906,41.25483277682672,32.97894096275744,35.77932944329361,33.06375562320725,30.329637385927196,27.546721921618982,38.89445082313094,53.18648713814288,65.80210915475266,74.49583206102284,63.586943632196146,53.23969237422123,49.52504983412552,38.96274067285726,35.9966831879766
2025-11-13,27.590884145848598,21.214002046289735,13.55941187399199,7.367330967251554,4.234811424404128,18.31768769562801,53.55411123977599,64.33770809403195,49.72762857360922,33.42842793442037,21.540268492620562,22.250125824471723,19.180491218011973,17.260197025195172,28.926738456487296,37.421147849766115,53.648860861499784,63.229679023873516,80.08472314122368,56.09162217899314,36.76582236426111,43.0357602349662,37.30926605233407,29.973894366904346
2025-11-14,13.851121447820951,11.861528067201093,1.3298828261873794,-6.963434698540233,-11.832988167955179,-3.9285794497977093,22.976218532723564,39.11804126852518,32.51784424803207,22.298666775085287,10.75348324867418,9.763095020821822,6.319637664221389,4.1613976129834995,8.985352633833287,11.928675702136744,24.93363752498214,34.29582044387895,45.92848580871931,37.15258477860749,20.97213953598495,24.2752028347427,30.613971791649604,25.935309681678206
2025-11-15,23.199418028759368,24.46105323448311,18.199322529222748,17.854873576812857,18.847656167395996,22.048382699080804,23.660289833890587,41.98183660008433,39.04244637557875,30.751656222061044,23.17408807739872,24.93910574557295,23.967282650040822,24.326181587718356,31.552524036508938,35.8816610296595,48.29347250762833,73.34636268527431,90.83670997926212,79.31680963927317,65.23859375952944,64.95879705430808,66.50072797861168,58.36872448579909
2025-11-16,32.663610890721074,33.81788334991214,27.39730488927034,21.064389171774955,15.945954260995904,8.029029534282628,16.83114080627591,34.68280750499539,40.27585824503817,33.87590050221544,31.855576863990915,31.419644668840583,30.201114640894914,28.458455576729435,35.01132088816419,34.79083903218459,40.684736046318314,62.458318994781195,74.43200648998061,65.02905660423197,52.13184042864948,53.797444872669544,53.62044194892969,49.809131660055705
2025-11-17,62.7840524943749,58.72855947426914,50.134449617939936,48.76730669152226,48.201903537121225,62.69887940379287,89.52809415160843,97.82860807516974,80.77279729315185,65.78032409668042,58.73144650393301,55.193680843712215,50.75836523674257,42.31648785424378,47.843858535929435,58.230366014415274,79.30797241611927,102.20392468294936,114.03870839076173,102.04309321590563,98.28125266874021,90.19502872959136,86.03987657606297,84.10703032692388
2025-11-18,85.84142526465078,80.5243153426359,69.94368649195282,70.89349551405331,75.89932599945918,91.39365745799526,105.56312635695416,124.32909268276896,110.27869619849872,88.7691346941765,71.81897825102966,69.2494401736317,67.22996801347392,67.55952309199861,75.3027940798178,83.44863953994218,94.45633465723579,115.38771196969054,122.39157167646735,108.13515743072739,94.91169004868489,85.15613603167468,79.8157006773488,76.1481369328089
2025-11-19,84.5928574208596,73.41210784696928,65.78039557446891,60.07813548663771,62.06494473476637,76.75261322363497,96.59221787104524,108.60661442125148,97.22809116236554,79.24509994724957,68.06446218845194,65.35540452992058,57.62043194482964,53.58097678282813,58.22523382021894,64.85464718106917,78.0399995688504,96.56834378472492,108.1119515274719,96.53844860859657,90.48489295765478,84.43585021460915,69.03021128581483,66.5439632042672
2025-11-20,90.52019707480278,86.10430056400513,81.2093813101016,79.42584460402819,85.52735921308036,105.06135765865423,126.93881492623231,149.25237112644737,139.95647022414465,121.35999172276796,111.80190485368514,105.83177328209896,102.66141791361515,95.3581201197,101.2278260032532,108.61030878757947,124.86792087335864,145.9648738033744,155.67927515299039,140.3814374463946,122.43054659279761,118.91044421557099,110.64547040210113,108.38764576841653
2025-11-21,102.34982262798073,97.89083768381099,88.62169762113848,86.2492523859088,91.05712713055254,113.2140403298985,130.50526405009717,150.36493888463707,142.90337956905742,127.08616313467112,110.07882617369825,103.60710789393163,96.92037132974585,91.24186234093642,92.00241628817642,99.28377898752119,115.12208083015119,133.57293005374078,137.75256325294404,121.88304219788891,106.88151757352509,106.04449980092592,108.24018952528604,107.92008676438502
2025-11-22,98.52849219591113,91.90524806226557,85.7098254750721,81.89402418393206,86.01777085005445,94.93601736887508,105.58244989928956,124.61515289342745,118.07128490725766,96.64688447139227,79.39745181719599,77.76379487802768,69.41290964556836,61.767734116023284,66.52097520535943,72.89480470093508,92.9702474123693,111.47380205199221,116.76207416111454,101.71735471431695,86.9034777262207,85.51120450895169,82.54191719451725,76.88742541810554
2025-11-23,89.51387284128955,82.88944936224996,82.86744166768072,71.87173639346756,70.169690945077,73.46617328690142,82.28441172800702,87.08332332969108,83.56086577472895,78.24284039668387,70.71935165333264,69.20324789058486,59.446314731460944,57.13066607479692,59.422111572711295,63.331651725506056,76.36947399135445,93.45356895151546,108.77492495600754,100.09449609495924,85.65274802947653,84.3215191212244,79.30477024780514,78.9780612140872
2025-11-24,74.56174758871839,70.51502951648325,65.35993407150472,59.871385703876186,62.762192663270355,80.05768313959214,103.76715177639964,120.3667656438574,111.85677177616097,97.80165991175146,84.75927933282375,84.24580001750526,77.5730812050177,65.35296888812921,65.1721359135033,70.1555276273666,86.44952458558735,103.76898697419921,109.1602000065083,95.10738489369656,88.8360911987003,84.39240259077383,80.68868343185446,75.27648977752018
2025-11-25,66.89277964561862,63.87553701210561,55.29794123081967,51.992365003324196,52.30070944700687,64.49841327047017,92.09873547283235,108.98066517285275,101.16259972576313,88.80649902492206,77.79763868495799,72.82702674729086,69.04565773499398,62.36752433203816,66.6158038936847,80.04966331629069,94.44079550988674,114.7308904424226,124.56369746552807,101.49130252934081,95.09719469365932,88.38546644380395,79.43361968858298,77.04445226801184
2025-11-26,80.65781243995532,76.31533647323019,68.89779806863268,68.0149856699133,75.04112042681994,91.72626073113541,115.1129420883835,134.88508035065004,128.4142688962189,111.85612011708082,100.33044535713114,96.38166576235307,90.03233274373332,87.61357831791923,101.58788625463939,109.43555496993088,124.7601990848645,135.11828560855196,145.00169248660703,127.43728656927374,118.31053611946373,111.31187084568339,105.82382481536986,102.56987884815439
2025-11-27,87.43557031718107,84.67409328561634,75.08753593013633,63.73553009708784,64.66500367781997,86.01691487126476,111.38399299856468,137.97702486722196,130.63087986772558,106.6740107815059,90.30275202296446,84.15348791954798,78.42662886964668,73.57479291969835,84.47729462878024,83.9809535542753,93.47383317011996,111.42464989359196,133.30456882587436,110.99209891457022,91.67829289554399,84.0624001465875,83.43758655252178,76.45062696954679
2025-11-28,65.09170594687805,63.053798026875775,56.23861017638333,47.55722202157743,54.23430797098051,69.84030140283045,96.3192500142784,115.22183897572995,112.00608058085139,99.57507122820181,86.72758714918216,81.51674129477814,75.38739207710276,78.282119016484,73.50423475913253,82.35292239890794,87.33586089781086,96.82516054217007,105.27745904130545,98.2587574606268,83.48127879906262,85.14996264412396,83.7705303956824,79.13893383861141
2025-11-29,85.70014323245373,80.14504327593266,70.80711613777031,67.68353194311496,64.29655442301437,64.26056121068821,76.53238638014356,88.04162264299022,85.77410084779409,75.1583427568001,64.34556352252753,58.419314079220825,49.94592123206955,40.21955987933741,41.55105791396045,46.10577739099725,66.96639684357535,82.97687212221045,91.34699825722703,86.00211416618063,80.48000859782059,78.78313499915616,78.17960551974497,74.12829418537969
2025-11-30,79.24900701782902,73.20043648704095,66.45273858164235,65.35019656910175,65.71789045037673,72.89817013311863,72.66033578383352,84.02387753128785,85.11048737027356,77.2376467670332,71.96451762456923,68.34589239247728,62.828666633358964,56.95067683878712,66.2265479450615,76.9538929864473,90.03666145526473,112.60541319053175,124.94770412384426,118.03823533456777,107.28131240784765,102.90229887445551,97.09481139626952,88.92648199426945
2025-12-01,82.31140155625405,74.58036271364678,64.12203510695245,57.0739772253947,58.76201151337755,71.95901030411895,89.42818130539109,104.90679122591072,101.62526593838587,92.82222573592087,84.85253398823677,85.07046430697221,73.37920121699419,67.9155322206026,64.35761320413377,68.89825306133669,80.61318797375114,95.55054713998283,97.66778882793614,85.71300106607218,79.26121714206023,73.84823007432001,65.58735808649833,59.13217992691993
2025-12-02,73.45301641311816,69.61932398745039,61.99649223810844,60.28600855253691,65.71717013555514,80.98207976131161,98.53371643783885,115.03754856728884,114.61157327448987,104.06422737735984,90.39719814877935,90.17086988343613,86.1364623744777,88.15547801067812,95.94090981123017,104.4320729271278,117.22735142598567,129.21916910970404,136.62712633116053,124.67065042500542,113.86609050378622,109.07367418437674,105.9283175787942,99.0095456068423
2025-12-03,83.91183331422715,87.45493508140534,75.31491095770988,71.19573293292741,75.46719616542528,97.60481391972083,108.76120883057072,130.02762442145487,133.03226970665753,119.7018950873501,113.3995386525526,112.35889150924017,110.20415516679694,106.30001505604154,102.15279227808526,100.35534630218581,104.66872877384847,122.17181611316558,136.89702033788063,119.41964078194282,98.72225378414643,90.89912553298461,93.61663511386604,88.0263411217084
2025-12-04,62.48046281162452,59.22267845773502,49.1622508608047,40.0245345034339,39.82472532172153,45.90589187223409,82.37685843145385,99.56889658903914,100.28193193678092,93.26765334899068,85.23024099456023,85.51409052855722,77.58533081179607,73.47219001040204,73.80753232861719,77.2790018537129,86.82709628889769,101.48410627002218,117.73922031779097,103.45564493496695,94.08948787266549,89.5333026687332,84.9731648858818,80.44158353014649
2025-12-05,68.76249836658994,68.37176742761919,58.137720699503255,55.65029266046954,59.580145995491385,80.4804241130244,97.64736953602295,116.11177494163562,110.93225662744644,94.59553813320349,84.52199579594034,83.48066259399573,76.93242601649214,70.30953769459904,67.55069303481775,68.08547902733463,67.7082026632634,74.62111553293275,89.5006574727248,72.45388543627149,60.816619673869866,61.29573516683074,54.894341464063544,50.171018050114554
2025-12-06,37.50971477463252,32.204853688992955,21.336609263003112,8.076537652453574,2.0220338290108515,13.838366955659396,16.875291427435087,41.71162897822873,43.6465379450982,35.30326767840323,30.66951628707492,30.79929903931356,18.242816801382755,6.545670594939892,12.394693439618315,18.536297845952333,34.4104578165141,33.44472492642133,59.4817851067572,62.97353394649612,48.256326480887175,54.67867879825343,47.50413580341446,41.56025284525809
2025-12-07,29.838343104250946,25.668881361997357,19.764662005204052,9.932866345481209,-1.3044997783769219,-7.331960255365956,-8.170439569168707,7.23447112281724,18.953228204557647,20.059434017713137,18.677558087142643,22.390503569571713,17.870893131506065,9.6846526039554,8.261998396559697,10.92584848176088,16.742265252793416,20.92092541680266,33.11582601839818,35.22990586447136,23.32975097454343,31.162396739278428,23.82332443749157,20.288752216868154
2025-12-08,7.68962881864622,10.237310348133882,6.009386212363857,-6.413514433003293,-2.5223414321693554,26.063547963631564,54.30087334825885,74.32875537202901,66.02378175028844,50.15635987310466,44.58565366119687,42.45477451748685,39.00184084573871,35.792981648708256,39.46036296559776,49.364851296531626,67.34673995845368,84.64112011267999,95.3596507320811,80.66814818315908,74.8792370570413,67.64709797134086,58.560418023986145,48.53935767376383
2025-12-09,43.22377996660029,38.13949143670925,30.221962089116662,22.468513008254313,23.80317429116849,38.69507940127591,55.41106190665852,66.8181617994459,61.30526494005177,42.26132083873095,31.809829126052964,33.98604454595319,29.349674210238,24.62173490704404,26.583868392699625,25.87637621567498,38.222048212902635,58.5690652845383,72.60883135110896,65.68700671017021,54.29765929324346,45.614375405584674,44.156924869206996,34.89465018831413
2025-12-10,38.6561783942559,36.83053379465019,37.31969059083097,35.41840379289563,36.31112163686343,48.950122139483504,67.46723315166871,88.29614384851111,86.72896628133898,69.70111158674166,61.147374979016476,58.277872704940236,57.18227194090035,56.52248606960542,63.418870874952184,70.89890267315798,76.55894907945287,93.39967997110682,114.68593395831392,100.47877425802596,89.60225808064388,84.21298484710557,83.07990722079278,79.98805311869293
2025-12-11,76.51697737325634,77.30249511960417,70.1785719383999,64.11347622601451,66.18604252024075,74.88772885615961,95.70410781881199,118.75045589638573,119.22634647472262,103.1183965022802,93.13551590483371,89.14627741322742,85.3607537365121,78.91008583650353,77.58465180038904,81.02598214781497,85.25875100864975,97.50138422205625,105.83353722662957,93.02337856645373,84.59289674283713,77.627094730854,76.54699872360216,69.55021649274977
2025-12-12,77.39129559352143,71.47620054076546,64.7454000956381,60.765032250440264,61.73515346354333,74.66129339747972,89.54682395835422,106.54631322813516,105.39447179634034,90.35406515115471,78.96141717103188,72.79900473843914,65.51532682280552,69.41895342630438,73.209820504792,78.64806723580575,91.22287278573536,105.40074701001649,116.06400452142171,108.20469814555835,96.61007218813434,93.77433290916186,90.5699974047933,91.01475306905498
2025-12-13,86.87943021652283,86.6132214086976,82.31708783764566,74.8547677422298,71.50495534032223,72.67439431393433,73.59411873479787,89.87297031762124,95.36356604385792,83.46619968391664,74.53947183450524,74.32035717505828,66.63379497416786,63.37712853197307,63.563797602369846,68.94794238274635,83.11291087784109,99.11843147827189,107.75965856678262,102.03554128171545,96.04511246504444,89.4397945295594,88.21352141435543,88.83814978010186
2025-12-14,87.49374098171143,84.31595216175535,80.10989063816338,72.52852318507828,67.35239129822689,64.37749050489238,65.1099292564245,79.83421827916231,80.80139767517372,68.28439754024703,60.5864094231124,58.70203331946928,54.27940401086319,48.764614607678176,56.80800702429359,66.15563766827405,76.48512245663822,87.65912953908611,95.74686531289568,84.95582721644612,75.78061502098997,72.32777623464551,69.18396611299838,68.47224229315258
2025-12-15,64.33953047853409,61.81101753503358,49.986741998188684,41.711335721709474,42.49416286772729,55.78105369443907,71.50266644891947,82.95542375650895,84.68118507584879,73.40638566484495,61.65323534196454,64.31592303115909,60.04232585156815,60.593283519443595,59.87505717364578,60.519576200929684,63.807296136053665,75.93193177312841,89.35882627878212,82.6365296331307,65.67434144000045,60.41447189960182,60.4886821186414,58.384242523568616
2025-12-16,75.58284205264601,72.78504802436326,60.33810976566357,60.143137899767865,67.34850593416982,82.04887782090606,96.38660799367517,114.98118074183678,116.96500304608846,102.51107540370703,90.1626271571337,86.80519359030947,82.27083044572329,89.1077925897711,94.78344028629637,103.05138363321007,116.40762855005819,125.95449933417598,134.64463708162128,118.48867696246052,108.9799951199095,100.79055068698344,102.01781605841711,100.26232333567351
2025-12-17,80.19104207725181,79.31946021376258,74.74711604478983,68.6265421081849,72.9125697082861,89.90933935804973,108.692055154809,122.58743195607141,125.61501604545651,105.22646539817853,95.25174244105713,96.6452822204854,94.55900580344306,86.24782289346822,89.23064716358289,89.25726298014305,95.71812434936628,107.87898804232333,114.7008238044329,94.96696216951456,79.76840111561465,74.65629704810209,71.77037513657795,63.9355810862752
2025-12-18,33.17192964353555,28.573248703578034,17.570650240032172,1.0702065498250946,9.103544148096894,23.447465017967325,43.31800275989254,60.158055180464274,62.63073409987379,54.17857652549883,45.33348594235542,43.0927282234792,38.535830739745535,35.22497719366651,31.878015831018022,26.675892745213474,31.10390214012194,32.28369817743331,57.36354600763118,53.49021234139861,39.04397370954034,30.142978386686906,23.0678709501299,21.315242273363815
2025-12-19,10.023150232654693,13.394190310043008,4.429580964470411,0.03607103644777254,15.520709271111457,36.30987429902815,64.22327211084925,86.09994967881771,86.05604565612289,68.28355834022953,60.086552813522374,57.9331380075523,54.54929520700277,56.60694868268476,62.01722837263185,73.79936393787048,92.88981938884882,113.04883451581195,119.41293611762949,105.5385008224414,97.1894412844164,92.67611377026192,88.42153893314683,83.86715379603511
2025-12-20,81.62395099675582,81.4957276444224,70.89652451736656,65.76767087024832,62.67658497455019,62.646124652246314,73.23013586341759,88.16054418763258,96.6982151189663,86.34663663869486,81.02227896142766,79.98926330248483,76.36384550985093,71.46454628813416,67.63843237625893,72.26916247246064,73.80746810064817,85.51512030231748,86.99928679219997,75.39842852111013,69.68137901238589,62.063759162715556,67.88209494448868,61.58820407770827
2025-12-21,51.80385031012059,44.86230824484712,41.61521345645329,31.88243281852828,26.382554679911166,18.51216203831519,13.970786367550886,33.0384037182612,49.46988732987272,48.05989280152422,43.89673880875387,42.93947422645726,40.12379621968692,35.48278984020395,34.37295345972258,33.94758987024459,45.95673782239139,55.78838350839976,67.80259662720883,68.29027491748404,66.1527894369114,59.15086036570764,51.22914107240957,44.78916619436886
2025-12-22,51.89322481261525,48.834791934638034,40.7694555343158,35.824146906937386,43.26853758548731,60.63104237744608,86.34666236014715,104.57609331653923,104.37927084797334,94.86460232535445,94.62859297434773,95.70315368340144,95.13096073799673,88.7562876261485,91.06029100498623,93.39896719108407,102.3401741047451,114.56160840132367,122.90152385995776,110.16354014241985,98.41506463683577,96.27033237694609,94.42899933334336,87.2850710368996
2025-12-23,73.36319241089589,72.34561330265934,64.67781479551137,61.849763022787045,68.42595097103765,78.44059952197523,92.96437449001463,108.31380809207899,114.24835549030428,103.43477150170813,95.7429202538913,97.718185380263,96.38932736577235,89.44908088266479,84.98445415049196,79.40620165367596,83.17143146669518,91.68080664975102,90.42322220196438,83.85458676310732,75.93861943593845,73.60442075033063,70.08648129574357,62.33683954350244
2025-12-24,59.26642744544206,51.496128688368344,44.07822207110495,36.565263096974,35.61658230527831,46.45952517698198,58.413975414094296,68.76726151819435,69.2785042365439,58.950700802793705,52.07705314537285,54.268253813690315,44.795469135927576,41.98593378657098,44.71936134911821,45.52505132497791,56.39366513800307,66.6044220817908,76.08479771298943,69.6129741004325,59.61122955590754,57.93616124586427,45.96383064646727,41.48708004155987
2025-12-25,27.92264835802751,25.414554907658946,18.483522218487472,16.060582029500786,19.32903238554033,31.91566940464174,45.732658798733254,59.16219479865249,63.986272850572405,51.55150768201537,41.84560304143531,42.389220345999426,41.55267635515225,44.825993418151306,54.066609787785715,61.68686895582193,74.26610148015101,88.70532199359725,93.25497941723634,90.00901602829359,84.0802406491543,77.7928996550526,76.08227154914395,69.92811297987001
2025-12-26,96.58099592994122,88.49835287015335,81.53835641204887,74.42372245941236,79.8137455858578,90.79248305026313,99.1151761775648,105.86832249875447,107.68354114824658,94.75298111369952,85.45649513015165,88.7769936542512,84.19618753779966,80.02212275412762,81.16559260578329,87.25242503127677,89.64485329008673,95.04986778351251,93.79743438057562,92.02524537327255,86.05004468482107,82.43587122292232,85.52114970005654,78.54999190104212
2025-12-27,95.01156487346523,89.68956867966523,83.81334540922441,78.6759483990343,76.34140224221332,75.85085025340372,78.74779666018085,90.9267099185419,95.5971319933281,83.85768492589143,70.58422703757608,70.3036575594353,64.45296999914763,65.11049470670294,68.92444376309659,76.65050919199426,83.74938571006736,91.76166535875088,96.08167814137512,89.00522212225073,83.43000597816717,79.6056798779719,79.73567780917423,75.15509945156042
2025-12-28,90.89900179339327,83.02392499955603,75.38422488672553,69.71643982092688,67.80264763103108,69.27329951464623,70.33716543164205,82.94140171125139,86.23164687124141,78.19376984438496,67.11512174163252,65.46673933670486,59.74242792816483,61.82774513100654,71.05859001531586,78.05768895430027,87.91388128487307,95.1542207741054,101.15166143382166,100.39151635751202,93.28038911990237,89.16674592058064,89.49311289619156,90.52797496361715
2025-12-29,101.43721864279922,98.7450503330617,93.9684246298799,87.21096038309182,94.31588487456449,105.47131647634312,115.68206938603056,129.164149421482,130.16253600614343,117.66572088034432,106.69321629878979,108.65249827050306,102.44394533214714,100.962045397883,105.19687671110515,106.86694471667845,112.74295793886424,117.7547971048896,121.46105281063345,111.64355711860516,101.7463470997424,97.86610522397814,95.93424769060861,94.30049173289738
2025-12-30,82.45090241216039,76.06951651413698,67.67158991194093,61.459254103848906,64.0449867393263,73.68428867376653,84.45422692286772,96.91927969249195,95.85865996089481,87.38281901970544,72.61845338338796,69.49994868317953,61.73950483437136,60.79491901762492,67.66949168143248,73.88160653705965,88.02191747582874,96.23911059163596,103.43197515172903,93.86697119865359,86.2215088789867,82.76276706457787,77.71426688777554,76.61008927163815
2025-12-31,90.31676596617737,84.96501222478662,80.57662527006063,80.1877959139071,89.07807760478117,99.10380443984975,112.99299426307668,124.65145665749144,123.49756910458527,107.56026608514622,97.52834832476123,95.27580299383946,89.16612618414152,86.74012357613685,92.65090641096548,107.83646494145263,120.51515248746853,133.60467235302818,138.1821243790867,128.88128097029548,117.19974717823396,111.00864950609017,111.28132779319586,110.43321306279522
