forecast_day,y_h01,y_h02,y_h03,y_h04,y_h05,y_h06,y_h07,y_h08,y_h09,y_h10,y_h11,y_h12,y_h13,y_h14,y_h15,y_h16,y_h17,y_h18,y_h19,y_h20,y_h21,y_h22,y_h23,y_h24
2024-01-11,95.15828333333306,93.30774166666683,92.02055833333313,95.49954166666654,107.83549166666657,127.67097500000013,142.87029166666673,146.90334166666625,139.29301666666672,131.46583333333353,127.40697499999983,124.36699999999998,123.8615499999997,129.07399166666698,134.6212083333332,143.3488666666665,157.54561666666677,159.61212500000013,146.6110749999998,131.1594583333335,120.06924166666654,112.99934166666667,102.75524166666669,98.07564166666654
2024-01-12,91.77799444444393,90.13096666666675,88.17391111111077,90.66145555555538,101.03608333333342,118.86354444444456,131.76044166666676,138.5943444444442,130.04363055555606,121.63680555555567,116.69633611111111,112.16129166666654,111.56999999999988,116.59621111111153,123.07173055555528,132.86747500000007,144.46946111111075,143.3346416666671,133.49804444444422,120.24227777777759,110.26855833333342,103.61714999999994,94.88977777777798,89.75679722222237
2024-01-13,79.06126666666664,74.22767500000003,70.4422583333333,72.70336666666664,81.86270833333332,92.82379166666674,97.56238333333351,94.91220833333331,84.76079166666673,76.29601666666656,67.9102999999999,59.9879583333335,55.87804166666661,59.31705000000003,67.25960833333329,79.3848166666668,96.69747500000005,103.20366666666665,94.486325,81.95455833333342,71.86743333333342,64.20041666666661,51.03770833333325,41.98896666666658
2024-01-14,44.40299999999985,41.66088333333323,39.17141666666664,41.45251666666666,47.05166666666677,55.466750000000104,61.62073333333333,62.71528333333325,58.70846666666659,55.0183166666667,51.80461666666666,45.70896666666669,41.78306666666666,45.928133333333264,56.09453333333324,69.77628333333327,87.10776666666688,94.93603333333337,92.99191666666651,84.8141833333334,79.11876666666664,74.30326666666677,65.76693333333338,59.79126666666667
2024-01-15,47.496366666666646,44.502583333333426,43.99819999999993,47.90348333333335,62.37288333333338,84.53731666666657,98.96436666666654,100.22503333333323,93.06815000000027,85.5743999999998,81.1079999999999,76.94176666666668,75.82665000000007,80.19281666666672,87.5231666666665,97.47478333333338,112.04561666666663,118.9371166666668,114.25946666666648,102.28341666666665,91.87586666666654,86.15618333333339,76.20798333333333,70.37041666666671
2024-01-16,78.71401666666658,76.66783333333333,75.99049166666651,80.22126666666661,93.41669166666655,113.09565000000009,130.00404166666652,134.54698333333334,127.91790833333334,121.83258333333326,117.42511666666645,113.62958333333331,113.7335166666665,117.44601666666672,122.5029249999999,129.04944166666678,141.31406666666663,143.92231666666677,134.84542499999998,121.88445833333344,112.2881916666666,105.70199166666666,95.42464166666659,91.23724999999999
2024-01-17,82.59144444444426,80.98465555555556,80.05166944444436,83.53040555555553,94.05668055555537,112.60911388888894,130.9902111111111,139.43835000000013,134.43553888888889,128.031577777778,123.81207499999982,119.92783333333338,118.94825277777763,123.72642777777777,129.9509194444444,137.80450000000005,151.87971666666684,152.46141666666674,139.3655694444443,125.27704166666696,115.20822222222213,108.52830555555556,99.67684166666672,94.36238611111098
2024-01-18,84.66944999999954,83.11426666666678,81.8581999999998,84.19055000000002,92.5685333333331,110.3310000000001,127.10386666666653,136.94943333333373,133.0946833333337,128.3673833333336,125.05326666666646,122.44156666666667,122.04741666666625,124.75371666666673,129.55549999999985,134.41578333333322,145.04104999999976,141.8252833333333,130.0000833333331,118.10438333333363,109.26511666666632,103.43211666666657,92.88649999999996,88.97080000000005
2024-01-19,65.87990000000003,63.226949999999974,61.76101666666668,64.2105,77.11974999999995,95.3515166666665,109.90070000000001,111.86048333333349,104.21970000000017,97.48919999999995,92.21303333333329,87.16816666666668,85.35219999999991,88.0406666666668,94.02063333333325,101.8120833333332,114.641,118.33860000000006,111.14603333333321,99.67435000000013,90.48033333333318,84.55054999999986,75.17124999999994,69.93846666666678
2024-01-20,51.13566666666659,48.84660000000004,47.317716666666605,49.85989999999999,57.35988333333334,67.77296666666663,74.58751666666673,75.30736666666652,71.07601666666672,66.34209999999992,62.86479999999994,58.52583333333331,55.62405000000008,59.90660000000001,67.38666666666653,78.98720000000003,92.56351666666663,99.11571666666683,94.26883333333323,84.63686666666668,78.01156666666665,73.18368333333339,64.61671666666669,59.72176666666669
2024-01-21,42.6937666666667,39.040150000000075,36.61778333333326,37.918900000000015,46.91886666666676,54.46280000000004,58.15708333333337,54.581699999999934,44.58285,38.82253333333339,33.653749999999945,27.11419999999995,22.547416666666646,26.888933333333366,36.10741666666673,50.714749999999974,69.79843333333352,80.03811666666687,78.08548333333323,69.53220000000007,61.987899999999975,56.23273333333331,47.73434999999996,42.70604166666666
2024-01-22,23.507016666666633,20.880233333333347,19.369499999999967,22.911166666666634,34.81083333333338,51.00384999999988,66.4102333333333,65.71493333333333,56.12366666666665,48.55785000000001,43.59859999999988,38.951766666666614,34.80961666666668,37.91883333333335,44.37976666666667,57.239216666666664,74.01843333333349,82.49035000000016,80.85356666666647,72.12893333333346,64.24816666666659,59.65810000000013,49.32961666666662,44.86124999999997
2024-01-23,23.360666666666607,20.706216666666695,18.16515,20.57499999999999,32.2708666666667,51.00521666666665,69.19746666666676,72.07638333333331,63.99181666666678,57.738183333333325,53.25053333333316,49.10849999999984,45.97115000000009,49.1163166666666,55.049433333333255,65.4032333333334,80.85016666666668,87.5167166666667,84.10861666666644,75.03075000000011,67.06228333333333,63.059100000000036,52.88886666666663,45.4747083333332
2024-01-24,17.452516666666657,15.394099999999984,12.675433333333341,15.768083333333344,29.958883333333354,48.90366666666655,65.82519999999988,67.42129999999999,60.274700000000095,53.29378333333336,48.69763333333315,44.63606666666652,40.65173333333346,44.16611666666672,52.26833333333335,62.07451666666659,75.61709999999998,81.73951666666682,77.48839999999993,67.40448333333346,59.9187833333334,55.52230000000014,45.689566666666565,35.32284166666662
2024-01-25,32.39615499999999,32.32910833333334,31.030421666666697,32.66178000000003,41.080261666666686,54.913993333333295,66.83649500000014,69.42333500000005,66.28739333333333,62.337726666666626,60.71309333333338,58.559998333333375,56.82525833333331,58.12049666666668,62.215184999999884,68.1737899999998,77.62276999999996,80.94068333333334,75.81264499999995,66.64761500000007,59.79515000000013,56.190395000000024,49.645795000000085,45.43641166666653
2024-01-26,58.091566666666644,55.19226666666674,53.20849999999998,55.001366666666655,67.35241666666667,84.86638333333349,98.6504,97.85669999999995,87.96116666666681,78.80206666666658,72.07906666666652,65.20168333333342,60.00406666666675,62.38676666666666,68.73434999999992,79.10293333333343,93.56800000000005,101.15679999999999,95.37383333333307,84.42526666666666,75.15316666666662,68.82946666666658,57.78524999999997,51.31526666666657
2024-01-27,48.159600000000005,46.78613333333336,45.542283333333394,46.92306666666663,52.94191666666668,60.368383333333426,65.4427500000001,63.68939999999998,59.22935000000009,55.425199999999954,52.600783333333226,47.235016666666674,43.677166666666636,45.22219999999993,50.98578333333333,60.482249999999915,71.85875000000004,79.81828333333355,79.02951666666645,71.6110333333335,65.32376666666671,60.7899,54.72008333333333,50.64465000000003
2024-01-28,57.668600000000005,55.31733333333341,53.55006666666668,54.14586666666657,57.59220000000007,63.271666666666604,66.66355,65.19184999999997,60.11514999999994,56.35615000000001,53.27969999999984,46.4164833333334,42.225816666666695,44.310149999999936,51.24306666666665,61.6306333333334,74.52148333333324,83.01283333333339,82.10289999999979,75.32231666666658,70.9544,64.9256666666667,57.244800000000055,53.10101666666673
2024-01-29,48.956474999999934,47.60054999999993,47.34235555555549,49.32538888888894,57.554052777777905,69.41514722222229,77.57507499999997,75.31006388888893,69.85412500000004,65.2858027777777,62.18913611111099,58.751702777777815,56.34194166666674,57.2781083333334,59.404944444444375,65.07778888888883,74.76081388888898,83.08285833333346,81.29465833333317,71.19052777777792,64.76644444444449,59.64614444444439,54.266355555555585,51.232399999999984
2024-01-30,72.47861666666674,69.82755000000007,69.6237833333334,72.50698333333334,84.48006666666673,104.2473000000001,119.69820000000003,121.38449999999999,111.49568333333332,102.63513333333333,97.50954999999978,91.42698333333344,89.68851666666656,93.17223333333347,100.14176666666658,110.05123333333324,124.2872333333333,130.3136166666668,122.61108333333344,108.59600000000012,98.72908333333334,92.20461666666671,81.08164999999995,75.88626666666673
2024-01-31,64.62300000000005,62.67545000000004,62.229749999999996,64.48918333333334,74.51951666666675,89.77413333333351,103.16674999999987,105.01879999999996,96.93844999999997,89.31631666666668,84.3656166666665,78.94321666666674,76.06079999999997,78.2931833333334,83.28975000000001,90.33529999999996,102.29834999999996,107.98836666666678,100.85028333333314,89.5917500000001,82.11286666666678,76.90095000000002,67.29914999999995,62.708050000000014
2024-02-01,37.903850000000006,36.10421666666668,35.0525,37.7264666666667,47.97438333333335,63.4839833333332,76.54233333333327,78.98383333333338,72.7777333333334,66.5688833333333,62.99651666666657,58.700483333333345,56.66633333333343,59.61886666666659,64.79321666666671,73.07534999999996,86.07131666666659,91.56485000000013,87.19229999999992,77.51150000000003,70.21160000000002,65.66593333333338,58.22921666666668,51.43108333333326
2024-02-02,57.919983333333356,55.42733333333347,53.687316666666554,54.74218333333326,63.07763333333339,76.07928333333348,87.68288333333349,87.79338333333317,79.79458333333368,73.03513333333339,68.29859999999987,62.74915000000001,58.20685000000006,59.97823333333324,63.756866666666696,71.21921666666668,82.92858333333321,89.12750000000008,86.82324999999989,77.96631666666669,71.14733333333325,66.32215000000006,57.61341666666673,51.71458333333329
2024-02-03,21.273336309523803,19.212746428571446,16.773520833333322,17.390694642857127,23.94991011904766,30.69650535714284,37.397555357142856,37.81687083333329,31.92901726190478,27.16470000000005,24.258807738095236,18.087595833333328,15.036461904761904,18.86021964285718,26.968638690476205,38.86681071428567,53.177075000000045,61.25387261904759,60.93356190476191,53.11946845238101,47.04851785714291,43.70957500000001,36.20185178571425,31.87086904761894
2024-02-04,21.806166666666684,19.532516666666673,17.46051666666667,17.650416666666686,22.058733333333407,27.298766666666605,31.03265,30.50071666666663,23.79929999999999,18.19063333333339,12.366300000000026,3.0159333333333342,0.19090000000000068,5.697649999999997,16.87388333333331,29.983299999999986,46.37250000000002,55.51044999999995,55.68036666666662,48.45436666666666,43.43246666666668,40.06135000000005,33.24488333333327,29.878233333333338
2024-02-05,7.141816666666668,5.4411999999999985,4.886950000000013,8.32928333333334,16.856066666666678,27.32051666666661,37.362416666666796,36.33414999999997,28.984516666666757,20.332716666666705,16.435149999999982,12.632283333333325,9.169450000000005,12.877666666666606,20.89195000000003,32.906166666666614,43.78865000000005,51.48806666666672,50.04310000000009,41.641699999999936,37.640049999999995,36.11116666666664,30.08646666666668,25.633091666666726
2024-02-06,20.38121666666664,18.479016666666695,16.292316666666693,18.97039999999997,29.852733333333337,43.202833333333224,56.31638333333335,56.16333333333342,50.32019999999999,45.16348333333327,40.340266666666494,34.05681666666656,28.220133333333386,32.31118333333339,41.08978333333337,50.72428333333342,62.783650000000016,68.92503333333332,66.29999999999983,58.77521666666681,53.16855000000009,49.41306666666665,40.80414999999996,34.01133333333329
2024-02-07,40.199407539682525,38.974839444444505,37.898774920634935,39.86160793650799,48.235168333333455,61.973577460317365,72.55710000000018,73.25703865079372,69.25016833333339,64.94019420634918,62.396998253968206,59.46496865079377,57.63279626984135,59.67061904761905,63.76031928571429,69.961591111111,80.3030409523808,84.98331507936518,81.36513912698409,72.20313293650794,65.1288676984128,60.62362500000004,55.078092142857116,50.067643492063326
2024-02-08,77.65689999999991,75.43988333333341,75.04815000000004,77.90721666666671,88.95616666666668,105.02791666666708,118.57651666666658,123.13145000000007,115.93508333333338,109.86003333333343,105.28258333333324,101.65351666666685,100.35020000000017,102.61800000000002,107.83473333333318,114.36129999999987,124.59976666666667,128.04723333333342,119.58441666666671,108.64298333333363,99.29529999999998,93.28461666666666,85.05318333333324,80.81665000000015
2024-02-09,54.9972409090908,53.54824090909092,53.074189393939236,54.778707575757544,63.13858939393941,74.75360909090915,84.82369393939398,85.66343181818169,79.2172303030304,73.74591060606062,69.57008484848475,64.96688181818195,62.187256060606124,64.4996727272728,69.09033030303034,76.26660151515166,86.73885909090922,92.36900757575758,88.50291818181809,79.57173636363642,72.7074378787879,67.07108636363631,60.24039545454553,55.55436969696978
2024-02-10,57.71233333333323,56.01036666666673,54.70543333333329,55.449449999999935,59.23078333333337,65.84000000000007,71.18879999999994,71.99373333333335,68.4056166666667,64.80734999999991,62.230916666666516,57.05978333333345,54.2958666666667,56.90805,62.349650000000075,71.71110000000004,82.2220666666667,87.37951666666673,84.25963333333306,77.00223333333335,71.61029999999991,66.9206333333333,59.418949999999995,55.04375000000013
2024-02-11,55.200383333333384,53.353933333333465,51.51088333333326,51.72641666666659,54.033116666666785,58.29053333333332,62.58108333333334,62.67676666666662,60.00503333333328,57.51434999999995,55.13664999999989,50.13353333333334,46.59883333333344,48.47070000000002,53.996483333333224,64.33034999999995,74.55359999999989,79.54708333333356,77.92798333333309,72.26715000000011,68.01304999999998,62.82868333333336,54.886766666666674,50.64230000000009
2024-02-12,55.215833333333286,54.06828333333329,53.644566666666634,55.903716666666696,65.41055000000007,76.84945000000015,84.64126666666681,81.12998333333323,73.88905000000007,68.99623333333328,65.09826666666655,61.04086666666674,58.52523333333347,60.0306,63.367033333333254,69.64153333333326,79.44208333333337,86.23240000000007,84.86993333333321,76.48598333333355,70.59983333333327,64.67859999999996,59.186966666666756,54.87395000000004
2024-02-13,59.61135555555553,58.238183333333374,57.69292777777767,59.334988888888866,67.42153888888889,78.26564444444459,86.77490000000007,88.71459444444417,80.91609444444447,75.33319444444447,70.69799444444426,65.61917777777785,62.91147777777786,64.68737222222234,68.86319444444446,76.32459444444443,86.71003333333343,91.30805000000001,87.79715000000022,79.94810000000015,73.70152777777784,68.38719444444449,62.19660000000001,59.5208777777778
2024-02-14,57.972468055555545,56.71135138888894,56.67135138888888,59.11045555555555,68.27136527777779,79.44405000000013,87.71173472222233,88.50992499999984,82.90729166666685,77.46829305555545,72.8291861111112,67.72177916666665,64.83763194444441,67.28527777777778,71.43837638888888,79.01505694444437,89.82933194444448,96.1570902777777,93.55164166666675,85.22910000000019,78.5660875,72.87171944444451,67.26048194444442,62.91303888888893
2024-02-15,57.34561666666667,55.596533333333404,55.33088333333335,57.76156666666672,67.85011666666671,79.14215000000027,87.98468333333328,88.68706666666661,82.90168333333354,77.88438333333318,73.7576000000001,69.56885000000007,67.57606666666672,69.98728333333325,73.59690000000005,80.9579,90.88176666666675,96.76451666666678,94.96130000000012,86.79853333333354,79.71316666666667,74.01599999999996,67.85168333333344,63.47788333333323
2024-02-16,53.80076865079365,52.246242658730125,51.47572539682544,53.211292261904724,60.64388035714284,70.20399523809529,77.34973373015886,77.1625033730157,70.68050674603184,65.8770055555554,62.05353849206342,58.25149265873012,56.24560793650795,58.73513432539682,62.93974345238101,69.91298611111114,79.85418194444452,85.64776031746045,83.6317640873016,75.57239960317489,69.21934484126987,64.44506984126981,59.00523630952387,54.30016428571427
2024-02-17,55.468871428571404,53.8992985714286,53.08186523809522,54.174529999999955,58.52345761904772,63.451239523809384,66.74174428571429,65.2993009523809,60.92896,57.642754761904705,55.36695428571427,51.02818285714292,48.46288142857151,50.245430476190485,55.07854380952377,63.76624142857147,73.67738999999996,81.00857952380969,80.57930047619037,75.48343428571415,71.03069666666661,65.83896761904772,60.718577619047586,56.83904190476186
2024-02-18,56.05085277777778,54.07513611111119,52.27081111111108,52.47153888888878,54.0336916666668,57.474797222222115,60.08735000000003,59.556255555555545,55.24351111111105,52.66680833333331,50.328391666666676,43.71269722222218,39.25418055555561,41.5488222222222,48.091666666666626,58.276316666666595,69.67518611111117,77.32919166666684,77.4873222222221,72.75190555555558,68.74905000000004,62.80438611111117,56.664836111111036,52.72363333333337
2024-02-19,45.47844285714282,43.826917857142895,43.21182499999997,46.081730952380966,55.32210833333335,66.73987976190473,74.68337738095241,73.56495714285718,67.31085357142857,62.5130404761904,59.106071428571354,55.41217499999999,53.441839285714344,55.40060238095231,59.34930952380953,66.0767154761904,75.96060714285717,81.75662142857152,80.03763809523807,71.97685952380962,65.70823571428572,60.51266309523813,55.2549607142857,51.00901071428571
2024-02-20,53.01874722222226,51.49073958333331,51.01633551587304,52.831346825396786,60.53318998015871,70.95874751984138,78.61747847222226,78.16738809523797,71.55150922619056,66.43069424603173,62.53139037698411,58.426565873015875,55.853824206349294,57.682600396825364,60.89705148809528,66.78360793650789,75.66588908730168,83.14545892857161,81.62564712301585,73.28225634920655,67.28069970238116,62.521556249999946,56.41880813492067,52.31153194444443
2024-02-21,49.9085340476191,48.72768547619037,48.1248088095238,49.54703785714286,55.58503119047627,66.21044023809522,75.51402190476189,76.44135785714273,70.3050023809524,64.47543547619051,60.80537190476186,57.17422452380957,54.98477761904772,57.32211738095238,61.626581666666716,67.31165571428573,75.78037095238108,81.45176619047632,79.25099785714292,71.07108904761921,65.15046047619064,61.34706023809525,55.37121428571439,51.56070547619052
2024-02-22,30.669872499999983,29.325697499999993,27.900861666666696,29.299396666666702,37.35340249999997,48.646381666666564,59.76104833333332,61.56505250000002,57.151465833333255,53.15197249999992,50.624050833333285,47.576092499999945,45.14604500000007,46.83895916666673,50.79154333333324,56.613053333333255,64.59682916666665,69.07657250000007,64.23851583333328,56.51669333333342,50.65546333333336,47.22541333333337,40.21086000000001,35.81508666666661
2024-02-23,12.258008333333347,10.5923333333333,10.099158333333325,12.878716666666662,21.498916666666705,34.4040083333333,46.95524166666673,48.52199166666678,44.00486666666673,38.84764999999998,35.38730833333325,31.063116666666634,28.69145000000007,31.590191666666687,39.76285000000006,48.40488333333325,57.965458333333466,64.33378333333344,61.694291666666665,52.73228333333325,47.70794166666662,44.80725000000005,37.609225000000045,33.47066666666669
2024-02-24,51.360122222222216,49.8958111111112,48.30269999999993,49.687872222222204,54.3249833333335,61.9712222222222,67.17931111111118,66.19809444444444,61.33254444444448,57.2632666666667,53.645511111111055,47.12556666666665,43.414433333333356,45.27489444444439,52.306266666666694,62.700022222222096,75.25501111111105,83.56746111111114,82.14263333333314,74.74046666666663,69.13124444444449,63.96256666666673,58.35179444444436,54.61953333333329
2024-02-25,50.09957722222215,48.36106166666664,47.066162777777734,47.227986111111036,49.6226144444445,52.95287888888883,55.73574999999998,54.01038222222225,49.77537777777775,47.583872777777756,45.77740944444438,40.572045555555526,36.69300722222218,37.93559500000003,43.5910538888889,53.73037500000001,65.04965999999993,73.61711722222245,72.88540111111098,67.46478111111107,63.29175444444452,57.831013333333395,52.85119333333328,49.20809611111106
2024-02-26,53.426708333333345,52.39032430555544,52.232811805555556,54.55341527777785,63.71322291666678,75.05668680555564,82.98686805555568,79.57150763888885,71.94510486111116,66.32683194444445,62.43879861111097,58.36106527777789,56.09745138888895,57.34721458333328,60.072495833333306,66.51624861111105,75.97127013888903,84.45865000000012,83.17735902777788,74.74151041666683,68.23586458333357,62.607406249999976,58.090038888888884,55.4831333333334
2024-02-27,55.404641666666706,54.231033333333244,53.92961388888891,56.119433333333276,64.11403888888891,75.06925000000005,83.41895000000014,81.70791666666642,75.05026944444452,69.95856944444444,66.05262499999989,61.768425000000015,59.7926444444444,61.15835555555559,64.04204999999999,70.39616111111114,79.33785277777787,86.78463888888889,85.5704638888889,76.72881111111133,70.59895833333357,65.93718888888883,61.08407777777776,57.89285277777775
2024-02-28,58.187775000000016,56.907483333333246,56.19240833333333,57.7856416666666,65.45997499999986,76.57250000000013,86.58152500000007,85.3229666666663,77.45480833333347,71.29843333333325,67.35484999999991,62.99165833333326,60.97377500000004,62.82233333333335,66.49473333333337,73.29329166666663,83.53614166666665,91.5838000000001,87.58475833333335,77.66680833333344,70.85231666666682,66.0710333333332,61.08349999999996,57.65731666666672
2024-02-29,50.77053888888896,49.23229444444441,48.4547833333333,50.014011111111095,56.80397222222211,67.63909444444454,77.66698333333328,78.61601666666648,70.76652777777774,64.28774999999999,60.596261111111005,56.385144444444464,54.23995555555561,56.62510555555553,61.73654444444447,69.00527222222215,78.996477777778,84.97909444444457,81.34827222222216,72.75899444444475,66.7908833333335,63.08612777777772,56.789544444444495,52.9410333333334
2024-03-01,55.84711051587308,54.80385585317444,54.19845228174609,56.00255803571424,63.75511359126979,73.75787757936521,82.04337599206367,79.5607930555554,72.17062003968257,66.49767271825391,62.68059365079363,58.445092063492105,56.375704265873075,58.10914801587296,62.36715565476186,69.38285624999996,78.76276170634934,85.56682450396815,83.32915734126975,75.33709613095263,69.02055803571444,64.14537172619039,59.12275585317465,55.70460605158743
2024-03-02,57.37793680555552,55.548090277777824,54.10840995370374,54.16200555555549,55.9214810185185,59.00723935185164,62.629288657407464,63.244965740740795,59.81615231481479,56.810405324074004,55.12879074074072,51.24861134259254,48.28552129629635,50.43305185185184,55.97897708333345,63.97366087962946,72.94082777777771,79.67944212962988,77.0625879629628,71.64070416666655,66.61845115740743,62.45726180555573,57.31265254629627,53.49060023148156
2024-03-03,52.81508373015862,50.900492063492116,49.67527896825389,49.80865119047608,51.006768650793695,53.785083730158604,56.17746468253965,55.00225873015866,50.53700833333322,47.34401349206351,45.13767499999995,38.28682420634921,33.898671428571426,36.15560873015875,43.39593690476197,55.76874722222212,69.81955079365068,79.40995158730178,78.41304206349197,73.3828186507936,70.0385416666667,64.43253452380966,58.70852420634914,54.96908928571429
2024-03-04,63.07267800671556,61.77873719474962,61.74898933150188,64.95459304029308,75.73220351037854,86.60200695970707,93.93931532356538,91.21183820207551,83.23255340354103,77.87257341269846,73.91214349816849,69.07711295787557,67.08550633394391,68.690194047619,72.07584520757027,79.50662307692318,89.47576149267414,96.93296016483525,94.45598820207579,86.7278744200246,80.1823183608059,74.28335833333325,68.74553563797318,64.738231959707
2024-03-05,59.761158333333356,58.70045749999994,58.76800638888883,60.78991361111102,69.15054305555553,79.43455083333345,90.04395861111115,88.87451944444422,79.688578611111,73.07102527777778,68.54169472222212,64.25416583333345,62.29790583333328,64.05861083333323,68.31608555555559,75.06758361111096,86.11917527777776,93.24538111111124,89.42985555555558,80.3624977777779,74.01154333333349,69.218871111111,63.7235916666668,60.333346666666756
2024-03-06,68.71453333333338,67.54388333333331,67.30862777777782,69.46851944444434,79.13381666666658,90.825377777778,100.5886138888887,100.75852777777776,92.6617944444444,87.04580000000023,83.25046666666663,79.24905555555576,77.4735527777778,78.83415000000007,82.89762777777779,89.49389999999993,99.75905833333321,107.66015555555568,103.58295555555534,93.45423888888915,85.77133333333317,79.95451111111092,73.83006388888894,69.91402222222233
2024-03-07,69.48801111111115,67.87573472222215,67.67483472222229,69.98529444444432,80.18754444444455,91.46195833333357,100.47893472222206,98.99753472222201,89.04139027777764,82.86674722222229,78.48226249999989,73.26898055555573,71.47754722222226,73.1432527777777,77.89334861111111,85.85611944444442,96.26397083333329,104.3590041666667,100.86209444444462,90.88648472222243,83.61991944444435,77.53306527777787,71.43777222222215,67.49559722222239
2024-03-08,53.222458333333265,50.323333333333366,49.310399999999966,52.11044166666663,63.68782499999991,75.19259166666676,80.67021666666663,75.4777249999999,63.74682500000003,55.523800000000094,49.575116666666595,42.637716666666584,39.08526666666671,41.915416666666644,48.840025,61.40946666666669,76.29103333333342,86.84203333333328,86.31055833333325,78.14929166666683,70.97176666666655,64.14885833333334,56.14870000000013,50.25088333333337
2024-03-09,39.13827916666662,36.42272500000005,34.951687499999935,35.24307499999996,39.15544166666675,42.91565833333327,43.23123333333327,39.26080833333329,30.249495833333338,23.971837500000046,17.870212499999997,6.2500375000000075,1.8443083333333372,7.256308333333338,20.637708333333375,36.60408333333329,59.697362500000075,74.16679166666673,75.38084583333323,69.44050000000001,64.5227291666666,59.12769999999998,52.00590833333339,47.38094583333337
2024-03-10,32.826783333333246,29.846200000000056,28.61351666666668,28.202066666666713,31.421600000000108,34.158599999999936,33.66499999999994,29.400666666666655,21.26356666666671,15.198600000000006,5.671399999999998,-4.719900000000003,-9.83231666666668,-3.1976666666666667,12.904049999999962,30.019999999999982,55.19701666666686,69.67295000000001,71.13046666666655,65.9869666666668,61.19955000000009,56.06563333333321,49.834633333333436,43.915133333333436
2024-03-11,44.15041277777781,42.344449444444415,42.40547027777769,46.400986388888946,58.141521388888926,71.1340255555554,78.10419944444439,73.45885555555546,65.55280666666664,60.326332222222206,56.86356888888891,53.75741750000003,52.00423833333334,54.14896416666666,58.15727888888885,66.36710611111091,77.21905333333345,86.47716694444459,85.072676388889,76.15625361111123,69.51974888888886,63.30499500000009,57.8249344444445,54.15656055555549
2024-03-12,63.56047362573101,62.42390280701755,62.30342760233917,64.61585040935651,73.63741619883038,85.23069105263167,95.45899450292377,94.56262444444424,85.12263146198822,78.75105760233917,74.49798497076026,70.37835111111117,68.65011766081878,70.45267561403506,74.08677017543863,81.34536953216357,93.00027350877174,103.71887339181308,100.74441304093551,88.74307169590669,80.8650138011696,75.0683893567252,69.53708935672508,66.1630156725147
2024-03-13,67.7209827777778,66.27698611111113,65.97483944444448,68.40243777777776,77.57870888888891,90.359207777778,99.65404666666664,99.31840833333308,91.47532000000002,85.7101966666667,81.60343888888885,77.70656333333339,76.01681777777787,77.886218888889,81.58675888888881,88.98819277777756,99.48007444444433,107.42262444444448,102.63452055555548,92.22790611111144,84.55093055555552,78.2274488888888,71.88195999999999,67.57077777777789
2024-03-14,58.93925039682537,57.689648412698446,57.06314603174612,59.10256071428566,66.3034865079365,75.80453253968254,83.62686904761902,82.9211583333331,75.29514484126986,69.11298571428568,65.23695833333333,60.48934603174609,58.48698134920639,61.44305833333335,66.05724523809526,73.56574801587294,83.76850238095246,91.64692817460332,88.4348837301589,79.40834166666681,72.72082817460328,68.10445714285716,62.81168174603184,59.02728769841283
2024-03-15,48.39661388888892,46.082127777777714,45.916716666666645,49.187488888888836,60.26705833333326,73.34318888888887,79.75254444444448,73.78352499999987,64.26633333333326,57.31934444444443,52.792422222222136,47.64003888888885,45.104155555555586,48.41752500000007,54.840747222222284,65.39531111111104,77.35368611111127,87.4604305555555,84.96507222222225,76.20469722222222,69.07546944444455,63.19666944444445,57.452400000000054,53.11830000000007
2024-03-16,37.93633333333337,35.63228333333335,33.560899999999926,32.967916666666646,35.53180000000006,38.83149999999996,41.417883333333336,39.70726666666663,33.024599999999964,26.307766666666748,19.44093333333336,9.985116666666695,6.441433333333334,10.82831666666666,23.07621666666671,39.14716666666661,56.54768333333343,66.27946666666661,66.02479999999991,59.3089666666666,54.502950000000055,51.09171666666665,45.22918333333326,41.627849999999995
2024-03-17,53.32149999999997,51.81956388888887,50.7762361111111,50.84964166666653,51.977219444444536,54.61497222222217,56.71844166666667,54.574744444444505,50.21310833333331,47.273769444444426,45.13463888888887,38.52136388888889,33.78373055555558,35.595705555555575,42.55739166666663,54.49432222222218,67.9737527777777,77.08728888888905,76.999661111111,71.67956388888882,67.36815555555557,61.4957833333333,55.72381111111101,51.75224166666667
2024-03-18,58.18533916666665,57.213702499999975,57.05191500000002,60.06212916666666,69.94293499999999,80.594585,88.4407041666666,84.1265366666665,75.29640916666655,69.15857250000003,65.29697000000006,61.0471608333334,59.091325000000154,61.233468333333256,64.78541416666664,72.57524999999995,83.61964416666676,94.94032500000003,92.81565166666655,82.55209416666669,75.24588583333329,69.54579166666682,64.76440250000003,61.19705416666669
2024-03-19,72.1938222222222,71.02909551587302,71.2690848809523,74.51018976190471,87.17895757936522,100.26067908730164,107.3962857142856,102.52524246031737,92.91802249999985,86.84664646825384,82.83811519841258,78.94150638888912,77.3441024603176,78.74731876984114,82.87144718253965,92.0793235317458,105.8789039682539,118.48394416666684,113.98240388888885,101.37382789682562,92.34419246031733,84.81025837301584,79.37299289682534,75.5479237301589
2024-03-20,73.67275694444449,72.47053055555554,72.62008125000006,75.59785069444442,87.17557013888907,101.85257708333339,109.28415138888866,102.53018333333331,91.61909652777761,86.27988194444438,82.51979861111104,78.68931527777804,77.63687500000015,78.89012847222209,83.14663888888899,91.69047916666646,106.42589305555529,121.74030347222218,116.61836805555552,102.91950347222236,92.61949861111087,85.12398611111125,79.55254236111094,75.88930694444473
2024-03-21,78.96305514342153,77.51638981287228,77.7972451573425,81.48826499093501,96.53810164206186,113.32793193084693,116.95414316919171,108.37694784997414,96.27861099358958,90.08980667508416,85.23550006054127,80.3123238905078,79.09570174857548,81.3607205594405,87.02171641122749,98.25240591070956,115.51402884065008,133.30993746050254,127.9283763238153,112.02708453930327,100.72146870499851,91.68550561706817,84.92985095765357,80.43815275835293
2024-03-22,62.62267666666671,60.955405555555494,60.867874444444425,64.49250888888885,75.60644000000025,87.171837777778,91.8701111111112,84.6253066666666,73.81244888888891,66.83115555555561,61.667665555555466,56.439276666666764,53.642105555555574,56.933221111111074,62.86425666666658,74.49562666666651,90.03103333333328,104.17486777777772,100.58616222222231,89.13022888888894,81.47806222222215,74.54648,68.89454888888892,63.446501111111175
2024-03-23,66.5429,62.14113333333342,59.9699,62.06480000000004,68.29910000000011,74.20526666666652,72.83765000000002,65.71633333333338,54.168583333333245,46.211366666666734,37.0941166666667,25.608283333333326,20.41488333333329,24.585866666666657,36.46061666666667,52.47953333333331,76.1358833333335,91.81589999999998,92.42426666666671,83.3993,77.38111666666659,71.02561666666666,61.9253,55.53831666666664
2024-03-24,21.89270000000001,19.047083333333312,17.583450000000035,17.352316666666667,21.303633333333387,24.84414999999992,26.4245499999999,24.483366666666672,16.73800000000003,9.760800000000003,2.6836333333333307,-7.536399999999988,-12.016000000000021,-5.04860000000001,9.096283333333309,26.524250000000013,47.538516666666695,61.578199999999946,61.65823333333318,56.05446666666669,51.5043833333334,46.72291666666667,39.95766666666668,35.29524166666668
2024-03-25,53.541847023809495,52.32100297619042,52.64323988095237,57.377669047619214,70.62991666666674,84.14716130952377,90.87069166666674,85.60251904761883,76.53119166666679,70.40868035714273,65.85922619047616,61.937598214285885,60.42417916666664,63.104669047619005,67.78064464285724,77.76143630952382,91.16955238095238,103.71597261904769,101.9785833333332,91.01236726190494,81.959025595238,75.05929940476194,69.24570178571445,65.39575654761899
2024-03-26,70.48256583333335,68.1815316666667,68.23165250000007,72.54602000000003,87.86775500000003,101.22464500000014,104.09260916666678,92.90487000000017,76.85987166666668,65.97514083333324,53.49880083333331,43.22752750000007,38.490241666666634,43.69244749999995,56.61678583333328,75.0927608333333,94.57125916666668,110.34489249999984,111.43012583333356,100.35201500000011,90.83376166666675,82.64625166666667,75.82068583333326,69.50232750000009
2024-03-27,59.696766666666676,58.41337222222223,59.25862222222231,64.20829444444445,77.76781666666686,92.29321666666667,99.73520555555541,94.01152777777757,84.48656666666669,78.30577777777755,73.38961666666677,69.5045833333334,67.83828333333344,70.26889444444451,75.56829444444443,86.07861666666665,101.40388888888876,117.90876666666664,112.50986111111095,98.78883333333357,88.50003333333319,80.82479444444444,74.96966111111104,71.12072777777793
2024-03-28,68.68791666666674,64.72345000000004,63.09823333333348,65.36513333333323,77.72691666666647,90.92244999999991,95.54913333333342,87.85850000000006,72.45593333333333,62.06578333333327,51.41303333333325,40.88678333333346,37.32493333333331,42.48656666666662,51.79581666666676,66.24038333333336,85.24338333333348,98.53743333333303,96.1644666666668,84.55801666666656,76.54243333333339,67.74763333333317,58.547533333333305,53.070883333333285
2024-03-29,22.400833333333356,20.652133333333325,20.306533333333316,22.242350000000005,27.943783333333357,33.49756666666663,36.582666666666604,34.87611666666666,28.474950000000007,24.0891333333334,19.378433333333323,13.152433333333345,9.867816666666668,14.94426666666669,26.20473333333341,44.4758166666666,65.71618333333348,78.23090000000015,76.28159999999995,69.0508500000001,64.42594999999999,58.829250000000016,53.016283333333305,47.6616416666666
2024-03-30,60.39735,58.08765000000005,57.22886666666655,57.880399999999995,61.11205000000009,65.41379999999991,65.3958999999999,59.97068333333339,50.89656666666668,45.3704666666667,40.56801666666667,31.036216666666714,26.82461666666662,31.52774999999996,42.69084999999998,57.78753333333333,77.1825999999999,90.75658333333331,90.47459999999984,82.96686666666652,77.54136666666653,71.42773333333331,64.41364999999999,59.87920000000004
2024-03-31,61.54079999999999,59.084750000000156,58.49120000000005,59.08276666666662,60.14543333333346,62.742183333333266,62.734933333333274,58.2933833333335,51.43678333333333,47.7137,44.47279999999998,35.07025000000004,30.322366666666632,34.559749999999994,45.25498333333328,61.94406666666666,77.46208333333325,88.95351666666666,89.01373333333324,83.17586666666655,78.90566666666669,72.16973333333327,66.06931666666674,61.932800000000064
2024-04-01,47.44014999999997,45.23774999999992,44.608916666666666,46.67199999999993,52.59874999999999,59.608166666666655,62.60353333333335,58.50951666666669,50.75978333333327,45.73566666666666,41.14299999999992,33.47606666666666,29.08154999999997,32.87638333333336,42.66866666666672,57.152666666666605,75.21476666666668,87.1632666666669,84.75788333333313,76.12168333333331,70.39924999999998,64.13658333333336,58.47388333333333,54.872491666666626
2024-04-02,7.909766666666675,6.340350000000003,7.4316999999999975,10.974166666666669,18.777950000000065,28.47723333333326,32.993216666666676,29.113833333333357,20.59120000000004,10.789366666666664,0.9806833333333335,-9.422066666666662,-22.642799999999987,-14.784916666666675,4.430849999999988,27.186566666666625,44.44098333333341,59.681600000000095,60.60854999999999,55.34453333333329,52.05805,46.54019999999998,42.273050000000055,36.624841666666676
2024-04-03,64.49451333333336,63.425653888888895,63.78295888888895,67.71724499999995,79.48249166666669,92.68355611111109,99.22351333333341,93.77895499999991,83.92939833333341,77.42814444444443,72.46367000000004,68.00656111111117,66.24673833333338,69.46733555555556,75.54688333333328,85.56146833333337,100.30842222222208,117.56218499999993,113.15018722222226,98.88328277777791,87.95240944444431,80.48040666666665,74.77369722222217,71.18303055555552
2024-04-04,50.85821666666665,48.605274999999956,48.119525,51.17933333333322,62.323658333333334,74.92488333333326,80.59490833333335,74.3511749999999,64.38162500000003,57.73014999999998,52.39067499999992,47.258025,44.603450000000024,47.83559166666669,54.57086666666665,66.06159166666666,80.32830833333341,90.94814166666654,87.97830833333329,77.35880833333343,69.81294999999999,62.94763333333328,57.127158333333355,52.36969999999998
2024-04-05,47.27459999999992,43.65744999999997,43.22636666666666,46.94078333333323,58.972549999999934,70.56535000000007,74.00726666666657,65.38486666666661,52.01438333333342,43.07428333333345,37.7697166666666,29.416516666666666,24.251533333333317,28.632800000000017,37.235583333333366,51.96405000000004,70.84758333333352,83.80209999999994,84.12863333333324,76.41778333333336,69.22085000000001,62.406883333333234,55.11244999999997,49.707599999999935
2024-04-06,29.39351666666668,26.442499999999985,26.133716666666647,26.513133333333364,31.11325000000006,33.771299999999904,32.694483333333245,28.75384999999999,19.352633333333365,11.632100000000007,4.195683333333335,-6.99633333333332,-11.120450000000009,-6.784716666666667,6.040383333333335,26.014833333333296,52.31998333333347,68.57745000000004,69.75270000000005,64.2934666666667,60.01480000000011,54.282533333333404,48.53431666666674,43.85268333333336
2024-04-07,14.731483333333335,12.756450000000003,12.763474999999998,13.215183333333366,17.077150000000042,19.687649999999962,19.28503333333328,15.878366666666665,7.9893583333333495,2.575691666666665,-4.308966666666674,-14.95127499999999,-20.48326666666669,-12.86885833333334,1.381033333333334,22.78437500000004,49.68359166666682,66.05125000000007,66.42795833333327,61.51335000000004,58.61394166666664,51.61313333333342,46.819616666666775,40.70498333333334
2024-04-08,62.91251111111109,61.9084972222222,62.208610416666694,66.67102291666671,79.66544444444462,91.82972569444463,95.82679444444442,88.03787222222233,78.75233541666661,72.56442152777778,67.50369652777773,62.95435138888899,60.072095138888905,62.94184999999988,68.68398402777768,79.51142847222215,93.01289166666666,108.71566111111109,107.71458958333324,94.27944027777784,84.87673749999996,76.48911180555561,71.18771666666665,67.59200000000001
2024-04-09,61.08523333333317,57.033233333333456,56.15963333333343,59.64514999999994,75.29038333333327,88.67644999999997,90.85315,81.5757166666666,65.25060000000002,52.68304999999998,41.63055,29.740983333333332,24.813266666666635,29.480616666666684,41.852666666666714,60.53778333333333,79.58090000000028,92.09549999999992,89.51951666666676,79.10205000000003,71.80800000000004,62.32084999999987,53.65655000000001,49.06878333333332
2024-04-10,30.508750000000024,29.266783333333326,29.540650000000028,35.05582499999997,49.38745,62.24637499999996,68.82034166666658,64.09287500000005,54.9857916666667,48.8329583333334,44.040950000000045,39.49500000000002,36.21075000000002,40.408950000000026,48.841000000000065,63.56864166666659,79.95813333333341,93.71239166666676,88.0033249999998,76.16583333333345,68.98918333333341,63.039875000000016,57.441275,52.94923333333327
2024-04-11,60.27539629629625,57.27822407407406,58.01628472222224,63.88237592592582,80.75619722222224,94.7787055555557,96.26836666666668,85.23832777777767,70.05826064814812,60.00743749999998,52.83413749999986,46.00565972222221,44.616674999999965,49.519413425925926,59.614818518518476,77.02016481481489,97.01532685185194,115.5634861111109,111.00488333333337,96.94319351851868,87.60013796296299,78.96767175925918,72.78867453703707,66.3846875
2024-04-12,66.34656666666662,63.148433333333394,63.85201666666682,68.21643333333323,82.41674999999985,92.72528333333334,90.09629999999989,77.97103333333334,63.034883333333276,52.16733333333338,42.151316666666645,30.72258333333335,28.08616666666665,35.28465000000001,49.12153333333341,67.36248333333343,86.75913333333347,106.25898333333329,107.53033333333347,94.15778333333355,84.90798333333333,75.49421666666659,69.17996666666657,63.53146666666669
2024-04-13,45.119299999999946,40.956833333333414,39.37516666666659,39.34349999999997,45.26810000000014,49.000216666666724,46.92906666666666,38.403699999999965,25.038266666666736,15.845166666666701,6.598783333333327,-5.268766666666662,-10.053116666666678,-3.5161166666666714,12.52979999999999,32.15944999999989,60.09953333333354,77.57950000000005,79.5394666666667,71.73623333333332,65.98876666666666,58.75986666666664,51.39191666666664,44.969983333333424
2024-04-14,8.35493333333334,6.147399999999994,6.3569833333333365,6.586400000000001,10.962783333333356,14.481433333333328,13.87328333333336,10.145033333333318,1.2824833333333325,-4.571099999999986,-13.067549999999967,-23.9591166666667,-27.740849999999973,-19.428249999999988,-6.98819999999998,15.59470000000002,50.1762,70.28693333333332,70.75496666666669,64.7774333333333,60.94361666666659,52.897566666666776,49.674366666666785,44.23782499999996
2024-04-15,72.15063333333327,68.04656666666669,67.9853166666669,73.3126666666667,88.99539999999988,100.99358333333322,99.65905000000033,88.57383333333337,71.67674999999993,58.779583333333285,44.34898333333333,32.43083333333342,27.520799999999916,32.74343333333343,43.58088333333339,62.06856666666663,81.76031666666687,98.62294999999988,98.10281666666683,87.89643333333325,78.92876666666656,66.5513833333332,56.58430000000008,50.22894999999992
2024-04-16,21.75811666666669,20.273683333333356,21.100133333333343,26.157566666666657,38.771616666666624,52.272433333333325,59.85529999999994,54.522450000000035,45.831650000000025,39.17871666666667,34.13223333333329,28.48118333333333,25.420200000000023,31.073100000000043,39.61091666666669,54.27723333333331,70.16625000000003,85.92076666666674,82.56223333333317,68.80058333333335,61.3874666666667,56.05838333333326,50.29043333333334,45.76776666666663
2024-04-17,77.50565972222218,76.57788194444439,77.30041493055563,82.71151597222226,100.8380347222222,117.38940729166687,120.95148784722224,112.36386076388895,102.38368923611114,95.89850625,90.48299583333346,85.60292812500008,83.74450729166668,87.0338350694444,93.25240312499984,105.11724062500005,120.93921458333315,140.40391215277768,134.04620659722215,117.81269062500016,106.1127027777776,95.65370451388888,90.10833819444423,84.79683750000008
2024-04-18,84.3639307549857,83.17524436507931,83.87217945767196,89.08925561762318,107.84671250814017,124.0444549745625,122.96082082214075,109.63277042938539,97.53226276251532,90.52947045380546,85.02244846967847,78.9923947079773,76.54577200345942,79.71143406593407,86.11227210012191,98.82630037342284,114.1767275946276,131.0646053520554,130.96574175722418,117.40326991961761,105.73094618844121,94.76825905474165,90.12250069088314,84.11755300569801
2024-04-19,59.792111111111154,56.5753222222223,56.29668333333337,60.511866666666585,76.49722777777771,89.7252777777779,91.16965555555556,81.73520555555554,66.64677777777784,56.27374444444453,48.10822222222216,39.25228333333336,35.19082222222222,40.15598888888882,51.55580000000009,69.46910555555559,87.40533888888903,102.93888333333325,101.18625555555549,88.97367777777795,80.05274999999996,71.0057055555554,62.38582222222228,55.82310000000006
2024-04-20,50.562549999999916,48.27831666666673,47.540516666666576,48.44731666666654,51.95295000000002,57.721116666666624,60.33338333333333,57.24826666666669,51.22183333333328,47.06125,42.97499999999993,33.63481666666667,27.368866666666648,31.548183333333377,44.56353333333327,61.44131666666666,79.62130000000008,90.89226666666679,88.58211666666648,80.32108333333332,75.66798333333337,68.90570000000008,61.24688333333322,56.704433333333306
2024-04-21,67.03259444444443,64.84474444444444,64.07043333333336,64.71080555555551,67.07100555555553,69.71285000000002,67.97992777777789,61.075744444444496,51.08939444444439,44.00192222222224,38.789183333333355,26.96380555555557,21.09293888888886,27.049383333333367,42.52802222222218,61.85937777777782,82.14239999999995,96.30121666666656,98.57179999999985,93.28342222222201,88.51356111111113,81.0548333333333,73.4172055555555,68.35127777777771
2024-04-22,72.76418740740748,72.03000277777778,73.09442981481479,78.69687148148164,95.92241777777777,111.50091833333332,110.6565831481481,98.76193648148146,88.80572277777796,83.13886370370375,78.77154203703708,74.01065277777782,71.71221777777778,74.2776255555555,79.42221240740727,90.66418500000007,104.4414455555555,122.90929518518526,123.33236240740744,108.39469037037034,96.83011777777782,87.38847814814814,82.43376629629627,77.40118888888887
2024-04-23,84.93196458754205,83.73406275252525,84.55967158249162,89.24862754208762,108.81979614478097,128.12703585016865,122.9305565824918,108.12138227272752,96.64272133838372,90.17911773569043,85.53126841750839,80.07423929292926,77.55051775252534,79.74310186026925,84.16830006733989,95.7927239730641,111.03061066498289,131.01331367003363,131.69697122895644,115.47267775252524,102.9267458838382,92.70644839225605,87.9355033333331,80.92812500841772
2024-04-24,78.10174900793642,77.1310540277777,78.3952734523809,83.91425926587314,103.18663367063492,120.10466220238095,119.20703509920635,105.78319611111118,94.96396101190496,89.60543154761908,85.12784085317467,80.45132152777786,78.60025821428577,80.76461569444442,85.77596378968235,97.87949402777792,113.71215553571415,132.63031464285692,130.67258763888898,115.58908823412717,104.03564200396809,93.4987915674602,88.72109184523792,83.76154214285721
2024-04-25,80.7707175036075,79.46046066738813,80.60874277056274,86.5724614628429,105.62156804292925,121.62831244047617,118.38581979437244,105.84795006673885,96.44838708874464,91.26176373737367,86.95610551587298,82.2616273304473,79.9705550162338,82.32990622835486,86.97089785173164,98.37545014790773,112.81999482683977,132.40362145382394,132.9765878445167,118.56369914862924,106.59944382936493,96.0104634812408,91.720859062049,86.05945534632038
2024-04-26,72.95367777777777,71.81929694444433,72.78879222222234,76.8546900000001,91.70677916666669,107.09620250000017,106.2051094444445,94.88060166666675,83.83654833333327,77.85287166666666,73.35487361111093,68.47083777777793,66.66243499999996,69.65405499999989,75.4639716666666,87.20152277777773,101.84089416666663,120.04432527777763,118.93165916666685,104.03004416666676,93.41932055555543,84.73655527777774,79.15098222222221,73.53245055555563
2024-04-27,78.43607500000007,75.2461749999999,74.3433833333334,75.74892499999983,80.3652583333333,83.8813,79.28571666666664,68.10927500000011,51.587883333333274,40.334150000000115,31.787325000000067,19.683949999999985,16.573325000000008,22.623941666666685,37.005466666666685,58.14726666666661,82.25864166666676,99.46983333333336,102.74315000000003,94.8633916666667,88.3014166666666,80.17785833333333,71.24808333333316,64.71120833333336
2024-04-28,35.03176666666664,30.82796666666669,29.929733333333303,30.124283333333334,33.827450000000155,34.87118333333325,30.083649999999967,20.106633333333267,9.636083333333339,2.2128166666666655,-7.864066666666688,-22.49048333333331,-28.595900000000118,-16.88698333333336,3.433466666666665,23.575633333333315,59.37408333333346,82.63396666666688,86.2072999999999,81.22288333333324,77.3888333333332,70.32415,64.70710000000015,57.21096666666685
2024-04-29,56.94011111111118,55.28576944444444,56.6745416666667,64.72049166666665,82.43974166666685,95.97050277777777,99.5383750000001,91.21468055555546,81.1281611111114,74.39022222222209,68.69894444444445,63.417158333333475,61.52578055555556,65.21344444444433,71.58972777777792,84.14695555555562,100.95743611111104,121.40351666666682,120.16640833333327,104.80103611111106,93.59094166666675,85.50386944444445,78.91195555555545,74.4465222222222
2024-04-30,63.20086250000005,60.96051000000002,62.509795000000075,69.16612333333327,88.61546,100.10159999999999,98.60042750000004,84.97020416666663,70.11639916666674,60.561713333333316,51.053184166666654,43.51419833333337,41.2637141666666,46.61225333333329,58.41985916666663,78.42205416666661,98.60261833333327,120.79626666666655,118.64484916666676,102.57472500000017,92.22302833333325,82.5833766666666,76.57870916666663,70.66769833333333
2024-05-01,41.11686666666664,36.25676666666672,35.391649999999935,37.34178333333335,44.27491666666674,48.64308333333327,45.17898333333323,35.287283333333306,21.98026666666669,12.882533333333337,2.9144666666666663,-7.879016666666667,-13.74335000000002,-6.399449999999994,10.254200000000015,28.63521666666666,57.12298333333355,79.74055000000014,82.77921666666666,74.91618333333335,68.34344999999985,60.126749999999944,52.38433333333343,45.45291666666671
2024-05-02,11.517533333333338,9.860333333333324,12.06088333333334,20.962800000000033,42.13103333333329,56.04564999999999,58.46528333333342,48.63026666666664,30.00743333333332,21.755283333333384,14.938533333333337,9.240249999999973,7.291783333333336,13.740383333333318,24.41556666666675,46.99698333333322,73.3626166666667,96.18081666666666,93.73106666666641,81.62268333333331,75.77569999999997,67.20856666666661,63.35805000000001,57.4506166666667
2024-05-03,56.596233333333366,55.19852499999993,57.231733333333324,63.534766666666606,79.10260833333345,92.27050833333327,94.68245833333333,84.1104249999999,73.80323333333347,66.22794166666667,60.856483333333344,55.96129166666667,53.72110833333332,57.417408333333306,64.88626666666671,78.69990833333333,95.56991666666661,119.02192500000007,117.76233333333344,97.2622250000002,86.33033333333327,78.5859416666667,73.23049166666654,69.25837500000003
2024-05-04,78.14854444444441,75.77211944444458,75.55899444444466,77.05955833333329,79.96528055555544,83.86722499999999,82.03406388888895,74.21348333333346,62.5019722222222,55.48854722222224,49.55733611111102,39.49087222222228,35.45320277777782,41.66147777777769,55.40588888888886,77.04760277777784,94.56758611111098,108.40109722222219,108.95364166666667,101.08263055555548,94.83955833333349,86.28867222222209,79.92282500000002,74.08598333333333
2024-05-05,73.9643541666665,69.2319291666669,67.71206666666666,67.70794166666663,67.00278749999998,66.13915833333331,58.09696250000002,43.53931666666671,29.64490000000002,19.08025000000003,7.859308333333324,-13.20213333333332,-16.66974166666665,-6.1240208333333115,17.250854166666667,41.134054166666644,68.98197499999992,89.93215000000016,95.33723333333337,90.92405833333312,86.57904166666682,78.10259583333324,69.57276666666658,63.290050000000036
2024-05-06,78.01374166666665,77.53300277777771,79.07483472222215,85.96329305555578,105.95660000000014,122.79869027777777,115.85160138888894,100.6475041666668,89.99640138888896,84.40990555555554,80.38202361111117,76.19387222222215,73.9683791666666,77.50721527777766,83.59569444444428,96.21792638888914,111.97703611111099,140.3569791666664,141.7467402777778,120.1279694444445,104.33421388888873,93.86783472222217,89.67339583333342,84.19868333333316
2024-05-07,78.33234444444442,77.57204166666662,78.88634999999998,84.87699861111118,103.64623472222237,120.97431805555566,112.03733611111117,97.33326388888905,87.35832222222224,82.1681527777777,78.45480972222211,74.10984722222214,71.8406833333334,74.7323555555554,79.18588333333312,90.34013750000007,105.0680763888888,130.67496944444406,132.96336250000004,112.90458888888885,98.74234999999996,88.596048611111,84.90971527777786,80.09162500000006
2024-05-08,79.38008333333342,78.74134999999993,79.4259300000001,84.40499000000007,101.52826333333317,118.37442999999995,109.30476333333358,94.56967000000014,85.20331666666657,79.63060000000002,74.9106699999999,68.73416666666672,66.04258666666661,70.62976666666646,77.49235333333321,89.7386233333334,104.09869666666648,127.8525699999998,132.572666666667,113.52805333333342,99.02107666666652,88.71202000000011,84.34814666666678,79.16755999999997
2024-05-09,83.15555000000006,81.4246333333336,80.83140000000019,82.23008333333313,83.20065000000005,83.13743333333339,78.73765000000027,69.19449999999998,54.106700000000004,43.256916666666655,36.84866666666665,26.693316666666668,24.312983333333335,31.707199999999993,48.30011666666653,71.93345,93.20033333333328,108.16891666666639,113.00843333333319,106.18833333333329,98.38138333333355,90.11103333333317,84.25845000000001,78.09898333333312
2024-05-10,81.96781273809533,80.96599613756608,82.68382849206343,89.85276104497363,109.4398731878307,123.39070489417972,113.98792444444453,98.37738363756624,86.88094370370386,80.08968755291008,75.95831875661376,70.95163342592595,69.39538649470903,72.91743072751319,78.81133115079349,91.17844906084666,107.40115427248668,131.34148310846552,137.03621382275148,120.57761723544986,106.14173194444442,94.58847609788349,90.86707943121692,85.67646892857138
2024-05-11,86.77198333333325,84.54193333333336,84.71813333333338,85.83418333333321,86.88515000000005,86.29668333333345,79.58398333333338,66.54208333333337,49.19294999999999,35.12986666666669,25.840583333333363,12.12816666666668,9.264116666666675,18.837600000000016,39.48101666666667,68.98655000000016,93.35425000000019,110.21564999999997,116.78808333333345,110.21811666666652,102.37786666666695,93.1324166666666,86.3425999999999,79.15268333333329
2024-05-12,47.83423333333327,42.09946666666664,41.377483333333316,41.54603333333333,40.510216666666786,37.33903333333326,27.53615000000007,13.771966666666628,2.9488166666666613,-8.2613,-25.53876666666666,-45.33050000000012,-51.31176666666674,-34.78175000000003,-7.652649999999994,13.353149999999966,48.66158333333338,79.81523333333378,86.28603333333326,82.87476666666629,78.77619999999985,70.7101333333333,65.62546666666678,58.766616666666714
2024-05-13,19.666600000000003,16.89711666666667,19.811849999999932,31.557583333333337,57.08430000000001,69.78503333333322,69.97093333333342,56.4881833333334,36.608283333333326,26.79105000000005,20.668016666666723,15.867283333333301,15.012849999999968,20.682800000000036,30.756866666666816,58.4236333333332,83.50350000000017,103.51738333333333,99.26304999999984,85.54116666666654,78.02529999999973,69.98753333333326,63.658933333333515,58.277908333333244
2024-05-14,32.10764999999994,27.522250000000064,28.6657666666666,35.05148333333337,55.50779999999997,69.43738333333326,69.14511666666668,55.93384999999996,35.62416666666669,23.197116666666727,13.272383333333323,3.1720333333333355,-9.520383333333331,-0.08743333333333837,21.339116666666722,47.313816666666604,71.6862000000001,90.71246666666669,91.4863166666665,80.04483333333339,72.53119999999986,62.865849999999966,53.95811666666683,47.23161666666662
2024-05-15,22.187899999999985,19.92615,21.316883333333326,30.55255000000003,49.08816666666671,61.402666666666626,59.823566666666764,45.8783666666666,31.566333333333326,23.01530000000003,14.802583333333347,8.700083333333332,6.369899999999997,12.877933333333337,22.28411666666668,42.78871666666656,66.46400000000015,87.83225000000016,87.20323333333326,73.40021666666675,63.5737833333332,55.26948333333324,49.83831666666681,45.83776666666667
2024-05-16,36.29399166666661,33.282106250000034,33.686956249999916,40.96798124999991,57.243758333333304,67.1454062500001,64.86873333333332,49.613508333333215,32.90322083333333,21.713702083333363,12.018483333333347,3.311941666666684,-3.0481333333333276,5.5805770833333295,21.107943750000036,42.63068749999993,67.47382083333355,85.66503958333342,88.23540416666648,77.15820833333342,68.17512708333325,59.64680624999991,53.14193750000012,47.955758333333236
2024-05-17,56.268833333333305,54.628758333333366,55.42066666666667,62.5528916666666,78.74401666666662,90.25684166666672,89.08381666666673,75.59781666666669,61.69115833333335,52.08196666666679,44.33214166666657,37.15980000000002,35.11169166666667,40.55327499999995,49.36111666666678,66.81907500000007,84.99190000000006,105.12196666666667,107.6913250000001,92.44869166666682,82.67741666666659,73.02970833333323,67.05796666666659,61.26736666666666
2024-05-18,62.15928777777783,60.158775555555636,59.94741444444438,60.675824444444345,61.87236888888891,63.98522111111111,62.30201555555556,55.006875555555595,43.64869444444443,36.773824444444436,30.66321666666666,20.62288333333333,16.632568888888894,22.285982222222284,35.28984666666661,55.95903555555558,76.83206333333327,90.24016888888892,92.30750444444438,85.54220777777758,80.02531333333333,72.79585777777766,65.77044111111103,60.65405666666662
2024-05-19,78.28363333333324,75.92810000000036,75.67536666666665,77.06766666666655,75.60614999999997,73.80344999999998,66.87835000000001,51.72253333333338,34.14029999999999,24.19898333333335,15.772733333333338,2.1040833333333304,-0.7697833333333336,7.63943333333335,25.915066666666704,58.824116666666704,85.69709999999986,102.68336666666656,108.78035000000003,102.65724999999983,95.08336666666692,85.8549499999998,79.69070000000009,73.60129999999991
2024-05-20,77.46563333333344,74.72270000000027,74.63961666666674,75.25276666666657,74.64386666666657,72.45238333333329,61.18456666666657,40.26201666666665,26.431800000000003,17.637966666666667,9.454833333333294,-3.9486666666666665,-7.466216666666677,1.5515833333333335,19.09398333333333,45.56123333333331,79.0030666666666,99.43829999999981,109.87601666666684,103.93613333333322,93.46603333333356,83.52584999999986,79.35258333333324,73.34699999999991
2024-05-21,71.51223333333326,69.87796874999997,71.033175,78.1073229166666,95.83036666666662,107.51914583333345,100.38952500000009,85.6419166666669,71.46589583333326,62.399012500000026,54.29081666666666,46.15126250000009,42.73241666666663,47.76444791666661,59.113687499999955,76.02976041666669,92.34652291666676,114.21332499999987,119.94601666666674,103.62043541666654,91.05675208333335,81.1676979166667,75.6765562499999,70.28071666666669
2024-05-22,61.51160583333338,60.51783111111101,61.801517777777846,66.35831527777779,80.53349694444469,93.33336194444456,94.32239500000006,84.5431380555555,73.86886750000001,66.85077222222218,61.31292833333335,56.64716944444458,55.4159116666667,59.59088277777772,66.34710916666671,79.40617555555565,93.44080000000002,111.08909944444446,109.18411972222226,93.6709258333335,83.95700277777777,75.96128305555567,71.94152222222215,67.35361333333334
2024-05-23,79.11320092592582,77.93283101851851,79.47772708333328,85.64506805555563,106.31075069444465,122.96449537037044,111.51678819444436,94.30131180555578,81.89835601851861,74.93635995370373,69.2162997685184,63.68202222222227,61.89757175925927,66.93147870370358,75.67174398148128,89.68834953703713,106.82926412037011,134.5509976851849,140.33038888888902,118.52526712962981,102.36416805555548,91.81945000000009,88.65168101851849,83.59123865740743
2024-05-24,92.04083402777775,91.07608211122619,92.16076867811141,98.47731289107425,120.04884448038878,139.091064034104,129.47011849838975,110.58046375086266,98.25884869306435,91.39555609759616,86.19053599896482,81.1070483566253,79.96215242552344,83.50943311479173,89.75497877702996,102.49085384173006,120.89267843627778,145.099610465551,148.75927506469972,131.01466398521967,115.96697974033805,103.10791417213026,99.12806955802843,93.00190746348059
2024-05-25,89.58655370370381,87.37605092592597,87.26988703703726,88.58197129629603,91.66896111111107,92.98681759259267,88.62022129629644,77.45897962962965,64.29656111111113,53.50216111111122,46.5659638888889,36.20553333333335,33.503444444444476,41.98879351851846,56.27578148148135,80.44911481481466,100.21503240740748,115.82023703703697,121.80899537037037,115.47204814814812,106.60669074074099,96.85298981481473,91.25132685185189,84.49903518518492
2024-05-26,92.46048333333331,89.64398333333342,89.02878333333338,90.12176666666636,89.02518333333347,86.70440000000004,78.10553333333331,61.86879999999997,44.63978333333337,28.826383333333343,19.656316666666637,8.969750000000017,6.51361666666667,16.039250000000006,38.035816666666676,73.34021666666682,99.32408333333333,116.38941666666663,126.51796666666654,123.58861666666678,114.17628333333373,102.49579999999989,97.37261666666645,89.65036666666643
2024-05-27,79.13153055555563,78.55103055555551,79.91332777777772,87.44827777777782,107.12378055555534,120.82136944444447,111.3854805555555,95.30871388888902,82.37932500000008,75.33207500000013,70.87008611111114,66.00315833333335,64.39071388888884,69.61721111111096,79.13666666666653,92.68740555555566,109.50464722222226,135.87001388888874,141.65689722222234,120.6115166666666,104.52511944444451,93.01677499999994,89.27130000000007,84.27188333333334
2024-05-28,93.78456581349208,91.88410836309528,92.59818952380952,98.9590753869048,121.01291180555566,134.76866614087297,128.71206568452368,112.37014753968246,98.66728161706345,89.37499581349205,81.14917111111099,73.68344119047623,71.83018014880972,76.77175906746031,85.99133906746037,101.8924006150793,122.64527855158747,146.1891102976189,149.82878421627,133.49053892857154,119.22590932539688,106.18490951388904,101.63684253968235,94.65511379960316
2024-05-29,69.27124246031748,67.95611666666666,69.5815972222223,76.11931150793652,95.20921984126996,109.42931904761922,105.76381785714284,92.96969365079357,81.69908095238107,74.91532976190476,68.4470761904761,63.75872738095243,62.387642063492095,67.29514999999988,75.72591468253955,89.295467063492,105.59283095238098,128.56423730158704,131.3108134920636,113.89513849206357,99.84117063492059,90.03706666666672,85.4367563492063,80.45506428571427
2024-05-30,90.16049047619042,88.19132448412695,88.57431664682551,92.02763236111096,102.28849249999985,109.16738789682529,105.11389547619058,95.27089700396824,85.51896236111112,78.19816037698403,72.82272174603176,65.06763446428575,62.131473630952364,67.91806454365074,79.08831408730161,94.5433473214287,113.00440200396814,131.30899309523824,134.75030746031732,123.34692371031743,112.67945446428585,102.1236007539681,96.60467821428573,90.10032619047597
2024-05-31,85.5045346499262,84.32565290293041,85.48890713868002,91.86419228712802,110.9602154008417,124.44830082562174,119.01852646793273,105.01760468205772,94.66653503646975,88.53134687118427,83.77331141475477,78.54986195279871,76.86108554479158,79.97081906754056,86.11052198958933,98.02305834136642,113.1579990877833,133.50112733098769,137.57786147451944,122.8628307125185,109.59014973732398,97.96994806856863,93.65293101712605,88.00705422787729
2024-06-01,82.39748333333327,80.60880000000009,80.26041666666684,81.37444999999981,83.32313333333336,85.12820000000002,81.85418333333354,73.17226666666676,59.875066666666655,49.64511666666671,43.91638333333332,35.23105,32.21101666666666,37.6387333333333,51.5723999999999,74.65963333333335,94.2033833333333,108.6630833333334,112.69011666666655,106.26789999999987,98.27895000000007,89.58184999999989,82.12513333333337,75.19036666666663
2024-06-02,38.93163333333328,35.941816666666625,35.772466666666695,37.15986666666673,39.45011666666681,41.39789999999996,38.58943333333333,31.13059999999991,20.865383333333327,12.511450000000016,2.352683333333328,-12.177399999999999,-21.44588333333337,-10.020433333333337,10.956016666666676,33.762683333333314,63.8236333333334,85.21863333333347,89.48071666666667,85.55843333333331,81.29598333333347,73.88718333333338,68.38005000000001,62.59750000000004
2024-06-03,81.60084742063493,80.65793005952379,82.18045059523799,90.28175099206354,110.65946081349199,126.71268839285706,121.45937847222216,105.626876984127,93.19246111111143,85.61562817460309,80.52476051587296,75.55811557539687,74.52718700396818,78.55377371031743,85.63892083333332,99.78993869047632,117.83861706349198,143.51426626984122,146.6947792658732,128.19509871031758,113.21980615079362,101.30058551587291,96.26827797619059,90.12492688492053
2024-06-04,96.23946928571436,94.58305976190475,94.89204706349204,101.66212642857151,123.16040126984107,137.2291127777779,130.2873560317461,112.79960023809515,99.54859904761913,90.3891780952379,81.50179698412691,74.06721492063497,72.08678682539693,77.63430960317469,86.719511031746,103.52190325396826,125.40817666666655,148.25144341269848,151.13835134920632,135.24339515872998,120.10579095238083,107.04649611111101,101.37429753968246,92.72272174603185
2024-06-05,54.49836666666663,52.28229999999997,53.697338888888915,59.37005555555547,76.73759999999999,90.38973333333331,90.3766555555555,78.98620555555556,67.49255555555555,58.76841666666664,51.07624444444433,44.4428777777778,40.62804444444447,47.882077777777816,61.2320444444444,78.63663888888901,96.94022777777802,116.78868888888887,119.04753888888894,104.61145555555579,93.65382222222215,83.57751111111094,77.15165000000007,71.24155555555558
2024-06-06,88.04957828431375,86.07391436274513,86.7786716666665,93.876216356209,116.12787004901958,128.82761854575156,121.13534235294118,103.64197024509808,89.49242380718965,79.60473065359479,70.56171218954242,62.86596771241822,61.18799830065355,66.7504220588235,79.15556718954248,96.59760287581706,119.05089122549005,147.07308253267968,154.70444942810474,137.4539518954251,120.72127125816972,106.74766305555548,100.41306419934646,93.65131893790839
2024-06-07,87.75692236111118,85.9263747222222,86.95411291666653,94.66123472222215,116.27302569444456,125.8675041666665,115.87085833333357,97.15497222222218,82.40846583333335,70.16072722222218,59.24656041666667,50.50380986111111,49.5754194444444,55.88379055555557,71.07762819444439,88.62113402777766,107.68130749999989,132.11529569444468,145.0342556944446,132.47505666666677,116.34134666666638,101.84107444444437,96.16708138888905,89.43464472222196
2024-06-08,75.3924833333333,70.79634999999995,69.3866000000001,70.05236666666666,72.0566666666668,72.6717,64.47763333333329,49.8186666666667,32.280466666666705,18.98396666666673,8.183383333333316,-4.468583333333328,-7.073833333333349,0.7735999999999975,18.90151666666669,44.11661666666672,73.94846666666685,96.11255000000021,101.63209999999994,93.50798333333331,86.79131666666656,76.04098333333343,66.73708333333317,59.573016666666724
2024-06-09,54.52089999999998,50.17236666666669,49.94694999999994,49.65531666666675,47.5791000000002,44.62593333333338,35.11148333333339,19.883966666666613,6.570433333333326,-4.073033333333323,-18.434533333333377,-38.64818333333345,-43.68620000000002,-28.553750000000043,-4.037433333333331,20.513016666666665,57.659616666666636,86.01826666666703,95.93823333333329,91.65873333333295,86.89113333333309,77.24200000000006,70.33561666666674,63.021733333333565
2024-06-10,74.75416762820511,73.40162147435893,74.95295608974357,83.66542083333326,105.33539326923072,124.52201217948696,119.7609756410257,103.72001025641026,90.46275512820526,81.83247564102562,74.21817724358975,68.65761378205137,66.20842660256415,70.65434487179488,79.08022083333327,95.80208108974355,114.55768205128207,140.4328044871796,145.62655576923092,127.76322660256432,111.24644743589745,97.84866057692305,90.99811025641023,84.74253974358977
2024-06-11,49.59128333333319,46.7398666666667,47.87559999999989,55.42951666666658,75.80069999999975,90.08886666666669,87.6355666666667,71.18638333333318,50.39831666666671,37.493900000000004,26.33541666666666,18.130483333333316,15.026250000000006,22.620566666666658,38.050816666666655,62.066716666666665,87.47833333333337,108.29326666666653,110.31628333333349,97.19888333333355,87.53519999999982,76.85204999999982,68.82653333333334,61.62919999999998
2024-06-12,76.84487499999987,74.82941666666663,76.01394999999997,83.48479999999994,104.31587500000018,116.0963499999999,108.76704166666674,90.17020000000011,73.19619999999995,59.78845,45.72251666666664,37.067666666666724,34.94614999999994,41.245474999999985,57.899183333333276,79.05009166666659,97.12369999999991,119.9699333333332,131.44543333333348,120.15114166666662,105.66103333333322,92.6567416666665,87.08547499999986,80.63036666666665
2024-06-13,88.40541754985756,87.1607383689459,88.03603645655272,96.00167779914533,119.51543372863235,132.1975184437321,119.97906432692325,100.30702886039883,86.52797528846172,77.92365142806264,71.36318096153852,65.51575660256415,64.64888481125362,69.37356678774928,78.81750589031323,93.94676361823359,113.16171746438718,140.607437849003,153.9516993767806,137.39808569444457,118.56431774216486,102.50902636039872,98.03272773148147,91.30650616452994
2024-06-14,78.93616275252516,77.9114522727272,79.14751818181831,86.2791627525255,108.93426111111127,123.13497499999988,112.93020959595962,95.79361578282843,84.42153674242432,76.71868926767674,69.4578321969697,63.961601515151486,61.95173345959597,66.5015142676767,75.72011994949474,90.1854771464647,106.08246919191916,130.8914417929293,139.8778633838385,123.17635290404058,106.40495871212113,93.3681353535352,89.59772739898973,83.64587866161608
2024-06-15,37.94945,33.13985000000001,32.1696499999999,32.509216666666674,35.289833333333426,35.63128333333331,32.049299999999974,22.05294999999999,8.835583333333329,-2.3699666666666683,-14.642650000000039,-28.94211666666672,-41.38813333333334,-29.16336666666671,-1.5164166666666696,22.169183333333343,56.29291666666679,80.53343333333336,87.14424999999996,80.63273333333342,76.4592499999998,67.28624999999994,58.59390000000002,49.3157666666668
2024-06-16,18.960533333333373,14.901649999999988,15.154283333333364,14.956116666666675,16.858333333333345,17.912783333333316,14.454916666666675,9.203499999999993,2.140633333333334,-5.195499999999998,-17.63655000000003,-31.193016666666633,-37.69985000000001,-25.453666666666646,-4.445066666666667,13.707233333333281,50.91850000000004,80.22738333333353,90.12833333333347,87.13165000000006,83.04164999999965,73.1658000000001,68.47844999999998,62.02923333333334
2024-06-17,70.58981919191926,69.35972424242418,70.83604406565664,78.92301969696956,101.73880934343457,119.7578472222222,113.53017159090906,97.36322323232334,84.47932386363644,77.35298472222226,70.91676691919196,66.36401704545464,64.12502159090907,68.5667478535352,76.64435366161604,91.05412714646464,107.80725568181816,134.82828055555552,143.10124154040386,123.45536603535346,106.04173446969712,92.77152929292924,86.64835138888876,80.79943030303033
2024-06-18,87.1613688888889,85.47660592592597,86.54759814814834,94.49839222222225,120.0016325925925,138.17880555555556,121.52724814814805,101.22598592592617,87.01259925925936,78.48351370370361,71.60851703703699,64.54347407407404,63.1083655555555,69.30550925925914,79.96773518518492,94.1838451851852,113.19104740740741,145.0225766666667,160.8253400000003,135.93940740740706,113.59235296296276,97.29492370370367,92.49608703703684,85.0890981481481
2024-06-19,86.07247388888894,84.82046833333325,85.53198861111117,92.73113000000025,115.3675741666666,131.2263919444443,124.00934638888889,107.01773222222234,93.61616611111118,85.84572249999991,78.59653638888878,72.14994722222222,70.02703138888894,74.03931499999999,82.92204722222205,97.56488222222228,115.02514972222212,138.3347322222221,142.2512555555555,127.29374000000018,111.59874555555548,97.71272499999988,93.59763250000002,86.75789972222228
2024-06-20,78.88040666666669,78.11023888888884,79.63197694444446,87.31393277777781,109.06508666666679,123.31597972222218,113.34881194444453,95.8158055555558,82.81042388888899,75.78522500000005,70.24178222222218,66.25911166666656,65.02634888888892,70.11710444444431,79.21947527777756,92.92530027777771,110.16797805555545,139.1556169444444,150.34721666666664,130.6361711111111,110.36791888888882,96.47684055555544,92.5537049999999,86.6133002777777
2024-06-21,87.59179428571423,86.60609821428568,87.44979030753977,94.36287416666677,115.19141439484112,129.74644975198424,121.5034351190478,105.33494821428569,94.04575439484147,87.12820762896813,82.13033196428573,76.7845061210317,75.11808481150807,78.48775391865077,84.94269150793636,97.35593448412715,113.95976170634891,135.66476415674623,138.64866431547614,122.70284141865069,108.62409588293636,96.55018637896795,93.00525112103156,87.05077529761907
2024-06-22,71.3006333333334,67.72968333333337,66.59376666666672,66.90741666666669,69.12985000000012,71.20228333333331,66.34038333333335,55.01735000000013,40.18959999999991,29.996466666666688,22.18418333333332,10.467650000000003,7.385166666666661,14.317633333333351,28.98761666666671,51.60106666666662,77.0780166666667,95.13736666666664,101.66179999999987,94.28841666666665,87.61884999999997,77.71313333333339,68.86076666666658,61.825016666666585
2024-06-23,80.9669666666668,78.40415000000019,78.57036666666662,78.08358333333324,76.13383333333336,73.0238500000001,58.716833333333376,39.23250000000001,22.991616666666644,14.037749999999972,7.640683333333324,-2.826383333333342,-6.441983333333349,1.2960833333333326,14.340050000000032,48.58983333333328,81.52543333333311,101.45511666666641,113.40785000000018,109.77701666666661,99.02518333333342,88.01739999999974,82.96236666666633,76.83858333333322
2024-06-24,84.50402249589483,83.5366314997263,84.59214731800773,93.67566105637648,118.42196436781619,132.3123820197041,119.35161787082644,97.82596297208556,81.27557668308711,71.84301053639837,63.64873823207437,58.171668732895476,57.04816755610282,64.20265618500282,76.48513951833588,92.26404592227705,112.92251787082671,143.63466495621256,161.51326119321317,139.38678203338802,115.48441342364536,98.9702815681445,94.09503243021344,87.08228002189387
2024-06-25,81.63793333333322,79.93999083333317,80.60984000000003,88.02702333333345,109.73216666666671,117.98848333333311,109.55805166666684,91.10357750000017,73.9332633333333,60.23712499999992,44.26535083333335,33.97479166666673,31.63524499999996,37.20006166666671,55.05859666666664,77.70024333333323,98.65769666666657,122.43657083333332,135.23062583333365,121.75490000000015,107.31449166666648,94.12818166666642,88.84540916666674,81.43307499999996
2024-06-26,83.84423981481488,82.61918749999987,83.6980712962963,91.61432453703704,115.24454537037049,126.33073055555545,114.93817175925939,94.27716944444437,78.95875555555554,67.8171791666666,58.563670370370346,52.17321574074071,50.8090449074074,57.247246296296254,71.19638055555545,88.2083055555554,107.19258055555538,134.97965416666676,148.73606759259286,130.77019027777794,112.33779953703673,97.40021898148144,94.0401319444445,87.56364074074071
2024-06-27,88.2363464087301,87.19451056547614,87.8886860317459,94.77915048611115,117.69181386904766,130.40125391865058,119.73492445436496,101.07396243055575,88.34488962301603,80.68904356150782,74.68327262896821,69.07947275793649,68.26987416666665,73.73592856150795,82.74651087301574,96.3439831547619,115.27944055555534,143.08790104166656,155.66895527777788,136.59747404761896,116.69358509920613,101.88743688492049,97.21039945436499,89.9900793253968
2024-06-28,82.11507222222211,79.09634236111094,79.21647152777768,85.8893583333334,105.96000694444447,115.87568194444447,109.20623958333356,89.5798715277777,70.83004166666669,54.2954263888889,34.42985416666667,24.393318055555557,21.562403472222183,27.158500000000025,48.15649999999992,72.36190138888881,95.9761125000001,119.13731597222215,131.600859027778,123.84607013888888,110.06842222222221,97.03812013888886,91.77091944444456,84.57627083333324
2024-06-29,85.91089999999991,83.45996666666657,83.0274,83.54038333333315,85.22780000000016,84.39016666666666,73.62871666666669,57.340550000000114,41.84623333333335,29.009766666666703,20.061816666666665,8.324116666666674,4.893099999999996,13.976716666666665,31.593549999999965,60.55590000000005,88.41810000000008,109.61789999999989,120.94106666666659,115.98776666666681,106.4683666666667,94.56049999999999,87.79039999999978,80.45504999999987
2024-06-30,69.48789999999988,65.9945499999999,65.65544999999993,65.37721666666667,64.15735000000018,62.132316666666654,52.411733333333416,37.616333333333394,22.941649999999992,13.263666666666655,4.811216666666668,-8.574149999999978,-12.009416666666672,-2.388283333333327,14.530616666666653,42.45638333333332,75.67754999999997,97.53138333333347,106.53085,101.80204999999991,95.16601666666679,85.30838333333323,77.97939999999988,71.10081666666663
2024-07-01,80.30203055555559,79.27341333333331,80.42569555555554,89.17744444444455,111.74645111111107,128.47794166666634,118.24468861111137,99.26233194444454,84.98188111111122,75.98389222222221,68.01792194444438,61.6165472222222,58.51995138888885,62.455303888888935,72.20751833333324,87.72673583333332,105.63912305555554,131.95442111111112,142.77674166666682,125.20169944444473,108.52787111111122,94.5506888888886,89.09944055555555,82.55920083333329
2024-07-02,77.65244841269843,76.58918690476177,76.97897579365089,84.02079126984138,107.31892420634935,122.36095119047607,113.95524722222217,96.57515000000018,84.13991309523809,76.03704999999995,69.06830952380948,62.87191428571436,59.220081746031696,62.75615833333333,72.30177301587287,86.4119845238095,102.36372182539685,127.19549007936519,138.6430698412698,120.98729880952388,104.11617222222235,90.20925476190459,85.68954999999984,79.06895476190483
2024-07-03,70.95261940476205,69.89568182539674,71.16096111111128,77.46580067460319,97.34280242063497,112.4837463888888,109.97452039682547,96.88136575396813,87.31823904761916,81.38299325396822,76.28616238095248,71.65535837301591,69.33398761904772,72.66432817460313,79.00563515873004,91.40546662698412,105.89955638888895,127.61574146825379,134.19469761904782,118.15289976190495,103.31633753968237,91.42948480158717,86.54683611111096,81.02985666666663
2024-07-04,48.93141666666658,45.53752666666674,46.500126666666645,53.67307333333333,75.38061333333333,89.61093000000015,86.39320333333333,69.16688333333309,44.717229999999944,31.07305666666666,22.202840000000016,14.895133333333348,12.723950000000013,18.810653333333356,31.855106666666682,58.9605433333333,85.02195666666702,106.90066333333326,111.0940833333335,99.21355000000031,89.21932999999977,78.34957666666647,69.76618666666668,63.12080666666657
2024-07-05,27.530166666666616,25.127900000000004,25.577583333333294,34.811016666666696,56.76258333333335,69.15881666666665,65.76153333333336,48.9861833333333,25.173866666666683,14.984366666666656,7.480116666666669,-0.09111666666666564,-5.761650000000003,0.539883333333333,14.469066666666674,41.26905000000001,70.56146666666677,97.28968333333316,101.41008333333342,91.87088333333332,82.46406666666665,71.26334999999989,62.99431666666684,56.18939166666656
2024-07-06,58.69660000000003,53.00788333333341,51.14698333333318,50.62548333333343,50.93920000000024,49.14770000000001,40.7622666666666,26.30869999999995,10.887033333333303,-1.024700000000001,-13.614183333333381,-28.855666666666686,-43.328783333333256,-31.25761666666672,-4.512450000000004,19.865050000000014,54.20935000000011,80.36186666666674,93.05071666666666,86.66761666666675,83.23074999999987,72.19518333333343,63.0791999999999,54.750866666666674
2024-07-07,12.302916666666665,10.232516666666658,9.971816666666665,9.59460000000002,11.362866666666655,12.920766666666662,12.992700000000008,11.148449999999999,6.145116666666659,0.38039999999999974,-9.027116666666675,-18.80145000000001,-22.482533333333343,-12.872750000000002,1.248466666666667,19.62575000000005,45.78416666666673,61.50606666666669,64.83198333333321,59.94433333333327,56.530050000000024,49.34868333333341,44.68636666666668,39.19924999999996
2024-07-08,77.64688944444437,77.17289833333321,78.69462611111112,88.62018888888882,114.29493333333335,128.72001944444418,114.48691166666673,92.16245222222254,74.78577944444456,64.4021605555555,54.665213333333355,49.93551222222229,49.715689999999896,57.35961277777786,69.8574216666665,88.44642388888893,107.65734166666671,141.3069027777778,165.05015333333347,143.65625944444434,114.74912333333336,97.09559277777787,92.4793683333331,86.11569499999999
2024-07-09,85.24789999999987,83.12120000000002,83.56228333333335,91.15368333333345,112.99136666666685,123.11318333333334,113.92723333333355,94.2195500000002,74.90339999999988,57.19263333333336,41.81681666666662,32.5810333333334,29.650316666666615,36.03753333333333,54.77781666666667,79.21769999999997,101.46595,126.23836666666662,134.90991666666696,121.83856666666657,108.68769999999984,95.60579999999966,92.47198333333361,85.39896666666664
2024-07-10,53.776955988455924,52.58942629870126,54.92595043290039,62.88926634199139,81.66449484127003,97.24488582251074,96.33318095238077,82.55569170274177,71.45050681818188,64.07843228715728,58.58349523809534,53.26227860750365,52.00062395382394,57.22439592352087,65.84200295815293,81.04748899711402,98.88274173881676,125.69033791486288,129.25166370851392,110.31959307359311,95.83822601010093,83.9078516955266,78.2221228354979,73.75199090909075
2024-07-11,79.16440277777787,78.14581111111106,78.78677500000016,85.73774166666675,108.21837500000021,120.7132111111111,107.33234722222201,88.91266666666704,75.31425555555555,65.1706861111111,57.94718333333332,50.737238888888996,50.462516666666644,57.77000555555569,70.16276388888872,85.79154722222215,103.10867222222213,132.20562777777798,152.33133611111109,131.13656111111106,108.95535000000004,93.68615555555546,89.97023333333301,83.54641944444431
2024-07-12,85.64791252645512,84.93551585978831,85.84002522486776,92.57329186507951,114.8399178835978,129.50700253968262,116.7602096428572,99.69458440476207,88.22532125661401,80.44609626984116,75.1855563756613,69.64709347883596,68.43687744709004,72.83933772486765,80.0235037698411,92.54304564814838,108.08682140211636,131.94398715608472,140.79810309523808,123.53015843915334,106.38280502645493,92.86767056878313,89.35043576719555,82.12972025132285
2024-07-13,41.95315000000007,37.041783333333385,35.09543333333325,32.7268833333334,33.40296666666681,32.28803333333332,28.70306666666666,20.367616666666645,7.2448333333333315,-3.7204499999999956,-14.743050000000045,-28.86956666666664,-35.80928333333325,-25.043283333333317,-4.458533333333344,18.28998333333334,48.77760000000016,74.86236666666682,86.17466666666657,80.03491666666642,72.58829999999985,60.596066666666715,51.574200000000104,42.49633333333346
2024-07-14,46.16078333333336,39.762366666666615,39.22063333333323,36.897283333333384,36.02993333333345,32.15366666666665,24.44355,15.182983333333278,5.123983333333341,-2.3619166666666658,-12.170100000000035,-25.215250000000015,-30.11684999999999,-18.72305000000003,-1.1114833333333327,19.22771666666663,56.57211666666669,86.69691666666681,98.47675000000004,96.14744999999975,91.74289999999988,81.01296666666659,74.10355,67.59906666666663
2024-07-15,71.07602083333333,69.57362083333331,71.03814166666658,78.73227916666661,101.23994166666668,112.2443958333334,101.48935833333343,82.44582083333347,65.08561666666662,52.110141666666614,39.756841666666666,33.255004166666666,31.43983333333327,38.56792083333334,55.058424999999986,75.84257916666661,94.35212916666664,122.62865416666654,140.5001666666669,119.7841250000002,101.4981750000001,88.2458374999999,83.25988749999995,76.73880416666667
2024-07-16,64.81434999999989,61.931550000000016,62.382366666666776,69.02360000000007,88.74485000000021,98.65210000000032,89.08229999999999,70.41870000000007,51.392666666666585,37.73563333333336,23.64220000000004,13.690433333333354,10.950433333333347,17.234500000000022,36.24416666666662,61.93498333333339,84.55181666666658,113.63199999999995,123.30803333333341,106.98453333333362,93.00644999999996,81.13941666666638,73.85239999999992,67.1903666666666
2024-07-17,74.0767625,73.02906249999998,74.48416250000004,82.68074166666685,105.7794375000001,116.16295000000011,103.81252083333344,82.6771500000004,64.89282499999995,51.41247083333334,38.35208750000003,31.251354166666715,29.134474999999995,35.55193333333341,54.62039999999995,76.12584583333323,95.15541666666655,124.16309999999986,141.4049291666665,126.2510333333335,106.8243458333332,91.68945833333314,87.26753749999993,80.46389583333335
2024-07-18,80.6028884920635,80.68199007936491,81.28853412698422,89.61703809523824,116.17632023809522,126.15033690476164,110.48933412698396,88.5735476190479,72.57013055555556,61.51832896825393,54.286616666666646,49.15949087301599,48.760111904761914,56.10740198412703,70.71469206349187,86.98041706349204,104.9456769841269,138.87903293650814,176.40535357142878,147.70345079365063,114.88912301587295,96.41481190476192,94.79140039682507,87.48606230158715
2024-07-19,82.98754166666662,82.20243888888882,83.15811111111124,90.71041111111127,115.09436111111117,123.09712222222197,109.84363333333317,91.00225555555573,76.72114722222237,66.91600833333327,59.99403888888887,54.56907777777781,54.41090833333326,61.36715277777774,73.69622777777764,88.1391666666668,105.8958222222221,135.78790555555543,161.166175,138.03212222222237,112.38618333333329,96.56652222222209,94.1128027777776,87.14509722222216
2024-07-20,78.90454999999997,76.46464999999984,75.71758333333335,74.58549999999998,74.06488333333343,68.40128333333331,57.998400000000075,40.30331666666679,21.82770000000006,11.173599999999992,4.90629999999999,-4.038049999999994,-5.718966666666675,0.17771666666666494,11.981466666666652,44.10616666666667,76.5371000000001,97.01931666666678,108.69073333333317,102.45503333333355,95.09381666666667,83.26198333333332,76.93964999999986,68.76743333333333
2024-07-21,63.620149999999775,60.95836666666665,60.45611666666665,58.59418333333335,58.02240000000016,52.806933333333305,41.756766666666785,29.05051666666663,18.629466666666655,12.208016666666655,5.860533333333346,-5.308950000000009,-9.181166666666677,-0.8720333333333338,12.25474999999998,39.400499999999994,72.53073333333316,95.08410000000019,103.7407166666668,100.7497666666665,94.76481666666703,84.78113333333341,80.70998333333314,73.81954999999994
2024-07-22,83.62293333333338,82.65989999999985,83.46798333333322,91.72636666666662,116.71839999999999,129.3377999999999,116.04908333333323,95.0197833333334,78.51043333333331,66.71279999999996,56.58534999999989,49.83503333333335,46.659333333333244,52.48630000000005,67.21516666666659,85.98178333333341,104.91550000000007,137.74511666666686,164.0503166666671,141.67225000000002,117.10581666666658,99.88556666666642,94.5055166666667,87.43754999999993
2024-07-23,79.01057499999995,77.86908749999978,78.82271805555558,86.04158055555573,109.53460555555563,120.34449027777768,108.39958333333315,90.67766388888919,77.08580416666669,66.90417083333328,58.41391249999997,51.843861111111224,50.59335277777775,57.004636111111104,70.10759583333329,85.05944583333353,100.91537083333345,127.28712916666662,145.4086152777779,125.48580416666671,105.96158888888898,91.32513888888882,86.46596944444433,79.71280833333334
2024-07-24,76.61271666666664,75.0709416666665,76.38870000000011,84.02404166666679,106.19704166666692,114.8348500000002,105.43861666666668,85.31932500000019,67.30144999999989,53.08985833333329,38.85365000000004,29.186991666666703,25.82994166666662,31.34908333333333,52.21320833333334,73.72985833333331,92.64210000000003,118.69348333333335,142.71379166666654,125.89622500000014,107.47924166666685,93.44067499999967,89.50442500000004,82.87370833333337
2024-07-25,81.52551087301597,80.86481103174583,81.73265400793632,89.89501321428574,115.36174492063486,123.32145349206337,108.05511773809498,86.11322107142863,68.28031670634915,54.88000496031753,46.16208150793644,39.87887964285712,38.10833313492061,45.72961027777778,64.06302833333325,81.95966499999996,98.622929642857,131.3155745634921,171.07724587301624,146.31644190476206,114.8241114682539,97.5538246428571,93.89659206349201,86.96958075396805
2024-07-26,78.3571418055556,77.86842486111115,79.3024983333334,86.13249333333344,109.50637680555553,123.1221397222221,111.52854555555578,94.75099180555578,83.18454527777781,76.34005388888896,71.24983291666659,66.344318611111,64.19952902777771,69.04709263888877,77.55205180555538,90.56580722222235,105.39384138888884,134.52099444444414,149.43498513888895,125.43189375000001,105.40454694444465,92.06769555555543,88.85939374999994,82.65964472222225
2024-07-27,89.74585000000012,87.67020000000034,87.73255000000006,89.2944499999999,89.78746666666672,88.86735000000003,82.88956666666697,71.58811666666669,56.41061666666665,44.362833333333406,37.088116666666615,27.698816666666698,24.63248333333338,32.06154999999997,50.576849999999915,78.9614500000002,99.30338333333347,115.49646666666648,122.50461666666658,114.71473333333311,104.47676666666693,94.49778333333309,89.97150000000009,83.34991666666656
2024-07-28,76.97318333333307,71.90231666666672,70.2144833333334,68.86374999999992,66.75991666666673,62.029516666666716,50.92333333333345,35.43713333333333,20.275916666666674,8.715349999999988,-0.6218833333333326,-15.28423333333334,-18.682683333333326,-8.31819999999999,11.593266666666658,39.62081666666664,70.94881666666676,94.54441666666689,104.28954999999998,99.83976666666656,94.37029999999999,82.92703333333334,75.7087499999998,67.29154999999996
2024-07-29,76.24738333333326,74.87464999999972,76.23736666666663,84.89043333333326,109.33031666666689,120.94360000000006,103.90368333333342,81.52990000000024,61.25376666666674,43.886550000000085,30.0261333333333,23.838700000000003,21.32728333333336,27.84416666666676,49.0441166666666,73.30573333333332,94.68363333333318,129.09538333333333,154.0740666666668,132.20018333333326,108.47985000000037,94.19714999999968,89.48696666666662,82.41144999999996
2024-07-30,78.39070000000002,77.50631111111097,78.3212185185185,87.37929259259253,111.68704814814826,118.94686388888901,102.95965277777788,80.76748240740768,61.201848148148166,46.70830740740743,36.32781944444451,29.31087962962966,26.820361111111136,34.01155462962971,53.99897314814812,76.58079074074072,95.08927870370367,126.81345185185174,163.20454814814855,136.56511388888893,108.37880277777795,92.29947592592562,89.0477907407407,82.0606055555557
2024-07-31,82.64239888888895,81.89114277777763,82.6167177777777,90.98230555555544,114.51902500000014,121.85563111111114,106.33476777777791,84.01946111111123,66.30906555555562,51.9208316666667,41.47038444444444,34.37486611111109,32.18567388888888,39.92763611111121,58.986471111111086,79.10323611111103,97.93697444444457,127.92298166666673,162.59349944444492,138.77339333333336,111.84981944444468,95.31457333333329,92.00114388888883,84.47609611111126
2024-08-01,84.63870111111109,84.35246999999997,85.56759277777776,92.35579944444451,115.41371166666664,127.81772166666643,115.02117055555577,97.30542500000021,85.40888166666673,77.94322777777784,72.55202833333323,67.44485388888887,65.68958500000004,70.82019666666658,79.56347944444433,92.95017888888889,108.82193722222213,136.2139372222221,154.00814388888872,131.61355111111118,110.42740444444462,96.7555672222222,93.46442333333317,87.22162611111106
2024-08-02,85.85448180555541,84.98514773809525,86.35363652777775,92.90983007936492,113.13012753968246,126.01671244047604,117.86673468253973,102.31077128968259,91.89677861111129,85.23151182539671,80.45081670634912,75.01801057539689,73.52215454365098,77.28434716269841,83.90516365079347,96.52698148809526,111.29120650793642,133.23639944444434,143.7100753769839,128.32240609126998,111.81863063492065,99.03082934523805,95.33037581349193,89.51183932539672
2024-08-03,92.07126666666643,90.12895000000003,89.73661666666682,90.1291666666666,89.67180000000002,88.06913333333354,81.5991666666668,69.25975,54.57426666666665,38.635733333333384,29.069549999999975,18.032666666666657,13.868416666666684,24.09650000000003,44.858166666666634,77.87071666666684,100.3870166666669,117.12160000000002,123.82978333333332,118.53265000000002,108.3249333333336,97.89923333333334,94.31701666666645,86.35469999999991
2024-08-04,84.10679999999961,79.55509999999995,78.05620000000019,77.31903333333338,74.78318333333327,69.32340000000006,48.851750000000216,29.115033333333347,16.7121,8.560599999999987,-1.1458833333333331,-18.433049999999994,-22.341499999999964,-10.311949999999987,9.225999999999987,37.577083333333306,72.6433833333333,100.30518333333363,112.95549999999983,111.46850000000018,103.91780000000008,90.20068333333326,82.83198333333293,75.00486666666647
2024-08-05,85.21858750000006,84.33725833333342,86.1166833333333,94.99009374999996,118.96480416666648,131.85586041666656,118.83399791666668,99.64239374999998,83.74429166666678,75.06922708333327,68.87843958333328,62.673085416666666,60.95964166666658,66.5099479166666,77.25420624999983,94.17632916666663,113.56156666666666,147.5184937500001,170.02696041666684,145.36512500000018,120.2332104166666,103.95895208333322,98.56531041666666,92.44561458333332
2024-08-06,85.14434166666678,84.15227500000006,85.67409166666646,94.64545833333308,117.1202083333337,123.02015833333343,107.28442500000025,85.24007500000012,65.53312499999997,49.30800000000004,38.520191666666676,31.06753333333329,29.858125000000012,38.64472500000013,57.041699999999956,79.80454999999984,101.84417500000029,132.7447416666667,163.20143333333357,138.62258333333335,113.85552500000006,97.87419999999987,94.9054999999999,87.60300833333348
2024-08-07,85.97417916666667,85.27681666666673,86.93875416666667,94.89752361111113,116.91695972222209,126.1512555555553,114.84850416666677,98.75140138888894,85.99237222222219,77.47656944444434,70.92624722222214,64.27764305555559,62.5186291666666,68.32010277777779,78.14949583333306,93.37161250000005,110.89340138888892,138.05304722222198,157.90988333333345,135.35427777777787,114.32971944444463,100.25913611111098,96.96585972222202,90.78803749999986
2024-08-08,86.13648838293659,84.95163507936516,86.48059787698405,94.60775125992062,115.94572247023791,126.13412624999992,115.81544412698419,99.55076509920627,86.54083700396833,77.82388081349212,71.34177585317461,64.52190222222227,63.19840565476192,68.65082404761903,78.84104585317432,93.5573482242063,110.04957113095242,135.39874605158738,155.61817793650806,135.2111953373016,115.03612790674599,101.28533990079366,97.76039263888879,91.77107472222204
2024-08-09,77.5667333333334,74.23998333333327,74.62788333333329,81.12029999999993,102.37196666666672,110.57605000000015,99.75453333333344,80.76533333333356,58.5552000000001,40.7022833333333,23.73341666666668,14.340699999999986,10.565400000000022,15.984166666666711,34.156733333333285,58.708683333333305,84.84671666666667,111.91374999999998,124.88956666666662,118.95336666666643,106.65410000000008,93.97434999999972,87.02290000000028,81.01141666666669
2024-08-10,66.37508333333338,60.427516666666655,58.941199999999895,57.2433333333334,55.7623833333335,51.54326666666667,39.45025000000001,23.763699999999954,8.539899999999976,-1.6146499999999988,-12.221733333333379,-25.40560000000003,-32.26844999999996,-20.847316666666703,-1.1591499999999992,23.198233333333363,58.86076666666673,87.67556666666685,101.86706666666662,96.81753333333346,92.65168333333315,81.59136666666659,72.49964999999978,64.69351666666672
2024-08-11,81.3772166666664,77.3973499999999,76.58193333333331,74.84490000000001,72.01231666666675,65.59058333333336,46.20235000000023,23.09835000000002,9.348683333333327,0.2743833333333342,-9.523566666666682,-25.988483333333395,-29.69596666666656,-18.061766666666685,2.3537833333333382,30.94584999999995,69.51589999999995,99.20801666666702,113.44246666666656,110.41833333333331,101.66651666666675,89.71431666666678,83.73131666666647,75.51838333333315
2024-08-12,81.67476666666657,80.7692499999998,82.02743333333319,91.52566666666672,114.9238833333335,124.34411666666682,106.63421666666677,84.41015000000012,62.61413333333347,45.844116666666736,33.97236666666672,26.824850000000033,25.457016666666682,32.666366666666775,53.60998333333331,79.32805000000003,100.48863333333334,134.0588166666668,158.35200000000057,132.34961666666655,109.76495000000027,95.00623333333296,90.22501666666666,83.25673333333337
2024-08-13,83.29781904761904,81.78760238095228,82.75858571428563,91.3843166666666,113.86998571428589,124.42876190476197,112.27604047619046,91.59162619047623,73.35527857142861,59.698385714285614,48.33340952380951,40.464504761904806,39.275071428571415,47.178147619047714,64.73152142857144,87.35687857142862,109.27445238095252,140.261080952381,154.80175476190487,129.4520785714286,110.4050928571431,97.38535476190468,92.35259523809513,85.0498500000001
2024-08-14,86.23871607142858,85.17378357142852,86.16107176587296,93.61254216269862,116.25334073412698,128.95307174603155,118.40485811507945,99.26726361111118,85.10104301587306,75.81746531746023,67.52183337301575,61.07840607142864,60.78286549603176,68.41989581349208,80.34428910714279,96.62941640872995,117.0334851190475,149.0577375992066,162.78381527777765,135.06433373015867,114.34260821428575,100.71093972222211,96.0984842658729,89.5416164087301
2024-08-15,89.65002875000009,88.33773249999993,88.81322805555548,95.63422430555559,116.38685819444433,124.28471291666649,112.10143000000011,94.22511125000004,78.89238625000002,67.7569769444444,58.68916750000002,50.96581611111113,49.94064472222217,57.29215416666679,70.36046541666671,89.25463499999995,111.9345822222223,140.81035347222243,158.91863486111123,137.10017624999992,117.0094009722221,102.81457749999981,98.56607388888871,91.21781486111088
2024-08-16,85.3870277777779,83.96767222222223,85.00726944444428,93.3821833333333,114.63669444444449,125.64113611111097,111.30844166666665,92.02536944444456,74.15139444444442,62.727674999999934,53.574055555555525,45.75093055555555,45.538694444444424,54.95021111111111,70.94027777777761,90.41335833333328,111.71931388888899,143.77095833333328,163.7864694444447,137.55011111111088,114.90980833333357,100.34492222222214,97.56510277777774,90.88782777777767
2024-08-17,99.59420000000009,97.68424999999996,97.41778333333336,100.3251833333332,108.81620000000001,119.62914999999998,110.07063333333336,96.6614666666669,84.11423333333332,72.33676666666669,63.59681666666658,53.518583333333375,51.89461666666661,63.086100000000094,80.06876666666682,103.05926666666677,129.2015166666665,154.51830000000015,149.16958333333355,133.63756666666674,120.46656666666676,107.69958333333315,105.13659999999969,97.44941666666645
2024-08-18,97.26083333333342,95.0043833333333,94.41245000000002,95.50966666666656,96.84443333333331,98.12108333333339,94.55220000000006,85.0827666666667,72.45401666666677,60.8793666666667,52.84218333333324,42.519949999999945,39.28866666666666,48.48216666666665,67.03965000000014,91.98923333333349,114.48236666666659,131.50271666666666,133.2822000000002,125.36350000000006,115.77898333333353,104.24006666666666,99.07994999999974,91.63694999999986
2024-08-19,86.8906125,86.09941666666676,87.83052916666664,96.12183124999989,118.40097499999982,134.3716416666666,124.7245916666668,107.91952708333332,94.1716791666669,86.65614791666665,81.11441666666659,75.62514583333328,74.3569645833333,79.4213229166667,87.96204791666659,104.55966666666673,127.75627291666652,163.2224874999998,169.77893125000014,138.96302916666681,118.19691250000011,103.91418541666658,98.97772291666662,92.89060416666658
2024-08-20,86.49529718168523,85.44449234759882,86.28767558922554,93.74374658071947,115.93546964867978,128.94067767831828,118.88608345893134,100.13775789097102,85.87172029793562,77.25232781632101,70.15609672869037,64.46219312245262,63.49211193403328,69.00370794878616,79.69697969054573,94.66327298755093,114.68464920476703,145.5408233658958,155.7517251865145,130.27784260477574,111.83473260322525,98.24374086212991,93.958070745171,87.76741283670036
2024-08-21,72.76574999999994,68.45749999999998,67.11203333333339,73.97628333333337,95.18491666666664,105.26356666666688,94.99248333333348,74.77363333333341,52.345733333333314,36.86623333333337,21.612916666666653,14.070383333333352,10.890033333333323,16.26743333333337,31.843916666666598,53.56203333333327,85.39729999999993,113.4727166666667,128.44683333333333,119.82063333333326,107.98814999999992,93.93278333333335,86.50905000000012,81.7722499999999
2024-08-22,69.77958333333324,65.63729999999995,65.3958166666667,73.43038333333322,93.72948333333349,103.09315000000014,91.58821666666682,70.13298333333347,45.440583333333336,30.362499999999986,17.34928333333333,10.581316666666686,8.482333333333337,13.80091666666668,28.5961333333333,49.88663333333328,81.47371666666663,110.73301666666651,129.96554999999998,119.19466666666672,105.77639999999991,92.7806166666665,85.09841666666662,79.58935000000007
2024-08-23,35.08544999999996,31.160166666666676,30.240949999999927,39.528333333333386,64.67236666666669,77.69554999999988,71.7678,50.35121666666668,21.401849999999992,8.132916666666672,-2.022216666666665,-11.112033333333347,-22.681883333333335,-14.509683333333305,6.90123333333333,34.89243333333328,71.22490000000003,99.71793333333308,112.97255000000013,106.08025000000004,93.71793333333348,79.90239999999999,70.50951666666676,63.161475000000024
2024-08-24,71.67986666666646,64.37586666666647,61.75363333333347,59.63011666666669,57.99306666666682,54.25921666666664,38.22271666666666,21.349483333333325,8.531133333333306,-5.031816666666654,-17.353416666666682,-33.57336666666668,-38.97294999999992,-26.25800000000003,-3.3440333333333374,17.19195,51.42306666666672,80.69730000000024,90.82998333333329,84.95181666666677,81.05124999999967,70.02378333333326,61.03491666666661,54.69696666666662
2024-08-25,18.304266666666713,16.214583333333362,17.070166666666662,17.709266666666686,19.350950000000033,19.804749999999956,16.206666666666642,9.195066666666678,0.30066666666666586,-10.887149999999979,-25.081566666666664,-44.73736666666664,-65.98146666666658,-46.02530000000011,-8.94316666666666,17.17489999999999,56.387033333333555,84.59510000000016,96.86286666666666,94.16086666666651,89.58123333333303,78.53518333333348,73.48234999999998,66.09558333333338
2024-08-26,81.66204166666684,81.30328333333335,82.55001666666641,92.1794583333333,118.50323333333314,133.50507499999992,118.21495833333351,96.38531666666694,77.10270000000008,66.20595000000016,57.60350833333329,52.222108333333416,51.37970833333322,59.067908333333335,73.50194166666662,92.84594999999993,113.92243333333327,154.40309166666668,182.9464833333336,146.5553666666665,116.6402416666668,100.53020833333326,96.39647499999997,90.12828333333337
2024-08-27,85.74949444444432,84.4265027777779,85.93886666666656,95.7586388888889,119.00894166666681,125.46618611111118,109.11143888888915,87.47801111111117,66.42106666666662,50.345863888888914,38.480291666666666,30.64492777777783,31.129994444444407,40.918938888888995,60.60212777777786,84.90264444444442,106.8628944444447,143.40103333333337,165.5951500000005,131.68937222222195,110.03347500000018,96.77970277777757,92.50941111111119,85.33870277777807
2024-08-28,81.6014642857142,80.30220079365077,81.51492063492057,90.24426349206355,111.91246031746057,121.36472619047629,106.86389126984142,85.47663968253977,65.04162460317461,48.058965079365066,33.86493095238097,25.700984126984192,25.258076190476178,34.17481269841276,53.60979126984125,79.26877936507928,100.81526190476197,137.7847238095239,153.47372539682524,126.30938968253969,107.24268095238124,94.07256031746033,88.84869603174602,83.09813253968262
2024-08-29,84.62633750000008,83.51274166666659,84.96468749999995,93.38201666666657,115.63414166666665,124.63168750000027,110.32954583333357,89.86082083333346,70.08712500000011,54.09454583333334,41.154637499999986,31.86172916666668,31.11618333333332,43.53387916666675,63.03190833333328,85.30305833333331,106.81237500000003,149.06373750000023,170.1464125,137.1846041666665,113.67502500000015,99.1258624999999,94.7041958333332,88.78130000000006
2024-08-30,95.34775000000019,94.06096777777772,94.98677166666663,102.13602222222214,124.96850499999988,142.21275388888876,128.15094722222236,108.12718999999998,93.05029055555575,83.2723483333333,75.0358083333333,67.07167388888892,66.3440750000001,74.0792672222222,86.0681255555554,104.18835833333326,127.62462722222209,159.83281444444472,165.0770894444442,138.38711833333315,120.20851166666665,105.89504833333308,101.8749149999998,94.51809888888891
2024-08-31,88.11503666666681,85.4415266666666,85.1991266666667,85.56904,86.74379666666677,86.36753333333338,79.70669666666663,65.14583666666685,46.40884666666685,32.594443333333366,23.98149333333326,11.562603333333348,9.919776666666667,20.35962000000002,39.25452666666667,69.73445333333336,97.08743666666685,116.27888333333345,121.60912000000016,115.00971000000007,106.05142666666677,95.27892333333331,85.44773666666656,76.83459333333323
2024-09-01,80.14983333333313,74.74794999999992,72.54708333333339,72.40303333333328,70.41698333333342,64.31953333333331,49.8627500000001,32.62311666666671,18.64876666666664,7.12206666666668,-2.5539333333333327,-17.549100000000013,-19.913600000000006,-8.264250000000015,12.621233333333306,36.65341666666663,73.55441666666663,100.95446666666699,111.77058333333322,107.91141666666664,101.66305,90.26014999999994,83.88984999999977,75.36834999999986
2024-09-02,83.4457218253968,82.65202619047616,84.15709246031746,93.13945952380959,117.32065119047626,132.2554428571429,120.47267658730166,100.90902460317456,84.51059682539693,74.1983535714286,64.61254801587296,58.299107539682566,58.64018095238081,67.36373492063498,79.87143650793648,97.12091031746036,118.1363952380953,161.02758055555546,172.33967142857162,136.32197301587294,113.60053690476198,100.90997063492044,94.89017341269843,89.0240273809525
2024-09-03,89.52430799062054,89.00766653138531,89.75352469336211,97.31508623737378,121.65363968253958,137.62159668109675,125.12947971681103,105.91531988636362,90.38825035173177,81.64612291666657,74.48679790764773,68.51018193542573,68.77440960497829,76.34692964466083,86.7630293290043,103.81360056818164,126.40012212301602,165.4086085948776,170.63819636544,137.07622767857117,116.08154154942295,102.93827261904744,99.40777295274174,93.21702036435781
2024-09-04,110.72059935897451,109.0829047299922,109.96595876068386,117.21482242618491,142.719542511655,171.57205320512836,157.2551479312357,136.69621044094805,119.9482939296817,108.5954715034962,101.2596087218337,94.84867364996116,94.44740366161639,100.37354812548567,110.69668068181801,133.66305041763832,167.1754545843046,207.99999839743603,183.85888030303022,150.53609200660455,133.45677620435134,118.03009636752114,113.81677061965786,106.91021997863237
2024-09-05,75.27676666666659,68.78696666666664,65.83516666666685,69.0136833333334,91.65444999999973,109.19904999999993,103.96381666666692,85.61499999999984,60.67703333333319,46.616649999999986,30.191099999999988,18.71876666666666,16.124733333333335,23.56878333333331,37.856183333333306,58.480716666666645,90.37255000000032,109.85839999999999,102.64551666666695,86.31483333333343,76.99933333333328,62.10608333333317,51.79128333333335,46.668933333333406
2024-09-06,43.803016666666664,41.307866666666726,43.29604999999994,54.06803333333331,81.6642333333333,100.04654999999988,99.69853333333333,83.23180000000008,63.62364999999998,50.675983333333306,42.307016666666634,37.446133333333336,38.023649999999975,45.02686666666669,58.38796666666665,86.96524999999995,118.68844999999996,148.8681333333333,143.41328333333348,120.92138333333331,107.75001666666682,96.0880333333332,88.58666666666667,82.34949999999989
2024-09-07,88.36122291666655,86.54965416666664,86.89789791666676,88.2330958333332,88.7017895833334,86.25030625000001,76.9603583333335,59.29420416666675,40.56936666666669,25.256391666666712,15.858316666666626,4.728045833333344,3.177833333333327,13.401695833333335,32.875931249999965,67.44675000000002,97.29045833333353,118.9244583333334,124.71381666666659,115.94835416666666,105.39365625000006,95.23749374999997,90.11787708333324,82.6477333333334
2024-09-08,85.58043333333337,83.92513333333346,84.19706666666666,86.32139999999998,87.21425000000006,86.79553333333327,78.95281666666669,63.070850000000114,43.28128333333337,30.119950000000014,22.36374999999997,12.61006666666669,10.681750000000008,21.309666666666704,42.06328333333326,78.41590000000001,106.0310666666667,125.67129999999983,127.24395000000007,116.0781166666668,105.43786666666671,94.4592166666666,90.03881666666658,82.46934999999979
2024-09-09,83.82477638888899,82.84441249999992,83.79714722222224,91.61918055555573,114.44864027777767,134.248011111111,128.66838194444452,111.97109444444449,98.13083750000033,90.29463888888887,83.35446527777776,77.75047500000001,76.33079583333326,81.50345694444451,88.97207222222212,104.46410972222237,127.59478472222203,161.0923166666665,155.91438194444444,127.37058194444457,110.28256249999994,97.0108527777775,89.80430972222211,83.71966249999994
2024-09-10,54.97419999999996,51.54485000000004,51.21968333333333,56.521600000000014,78.47360000000003,95.96655000000001,98.00926666666658,84.5227499999999,64.972,51.33341666666675,40.53459999999995,31.729466666666674,28.206183333333282,33.39558333333335,47.04216666666667,68.63428333333337,92.06531666666675,113.11953333333321,115.08611666666675,102.30928333333345,90.64810000000003,78.0761166666665,69.08629999999998,63.18341666666666
2024-09-11,38.61093333333332,37.67088333333333,40.99693333333325,51.46446666666649,73.07838333333335,94.82671666666648,102.02858333333329,92.6345333333332,80.7530666666668,71.62248333333326,65.67389999999999,60.170683333333415,60.437116666666725,67.54468333333332,76.77218333333344,93.33204999999995,114.7170833333335,140.1191,135.5474,111.69489999999988,97.19194999999986,87.40986666666637,81.11013333333342,75.62357499999997
2024-09-12,84.60283801587296,84.0470379761904,84.82323488095246,90.72826273809534,111.90458654761909,132.99529666666666,124.51933269841274,107.54211686507955,95.5521304365081,89.43961376984127,84.64078682539683,80.30507071428562,78.91437821428588,82.51778515873002,88.75621388888884,102.62301460317475,121.6782512301586,151.35372480158705,151.56607210317458,127.20423380952367,109.68547809523803,97.72132507936496,93.43798813492063,87.75580154761909
2024-09-13,90.53745069757726,89.09370754385967,89.6028579532162,95.47708228070195,118.44831117585639,142.13280351921497,135.4186270029242,116.88103630116956,102.53111198621565,93.68071507518802,86.45057691729318,80.10175868003331,78.42021971595663,82.57251617167925,90.88080874477845,106.3994578007522,127.31754537593979,157.9354343713451,143.13102749582293,116.79899059941523,102.81022208020048,90.6525996345029,83.90266737886374,76.29317796574779
2024-09-14,45.30859999999996,43.06429999999998,43.381116666666664,46.04214999999994,51.59028333333339,57.27748333333327,55.920183333333355,48.892300000000034,38.30648333333329,30.338250000000006,23.00474999999994,13.835083333333323,10.371183333333333,18.141900000000025,34.08601666666667,57.475000000000016,82.36141666666659,100.52050000000024,103.47876666666654,94.92493333333339,87.8009999999999,78.55920000000008,73.0419166666666,66.56473333333332
2024-09-15,78.4408500000001,76.52335,76.66143333333332,77.52251666666653,77.50396666666684,73.85271666666654,63.370400000000046,46.940516666666724,30.167533333333377,21.082816666666673,14.457366666666637,6.5444833333333445,4.902183333333326,12.027766666666663,27.571416666666696,62.2269333333334,92.98953333333326,113.09573333333336,118.88883333333317,111.67369999999983,102.72821666666688,92.14713333333307,87.95391666666663,80.69434999999986
2024-09-16,83.28030658730152,82.39354801587288,83.44171595238089,90.56328190476201,113.36949960317456,131.47440293650808,128.12682039682556,111.04863769841259,98.28996674603206,90.72217230158721,85.14339047619055,79.32679126984124,76.01446507936515,78.76342547619049,83.6049315079364,96.1407216666669,112.79601000000002,133.40914428571432,137.35755261904765,118.26984261904758,104.59530047619053,92.22354031746013,86.15593452380936,79.88864341269849
2024-09-17,73.34942277777776,72.03165249999994,72.79906166666682,78.20251249999994,95.92730166666674,108.64843361111117,105.70229333333333,93.16855833333344,81.47153694444437,73.53289027777777,65.80407888888878,59.26039888888898,56.587345000000035,60.393871944444435,68.40608555555545,82.1538061111111,97.23909388888896,119.06203833333335,122.48708611111128,105.49312972222243,93.28828027777774,82.55055361111104,77.33144166666654,71.78435000000012
2024-09-18,75.85835999999989,74.30104166666656,75.01686166666671,81.7330633333332,101.40318833333345,112.31874000000023,105.30496166666669,87.38818833333357,68.79925666666671,54.38532833333326,39.67139833333342,29.221540000000076,25.700453333333325,31.273338333333353,47.90332833333333,71.38814333333336,91.52418166666666,113.62654499999995,123.88934666666678,110.7372333333334,98.80136500000017,87.12198499999978,81.27604666666674,74.86505333333328
2024-09-19,73.32138333333319,71.86941666666647,73.26646666666672,81.20433333333325,102.1289500000001,115.63106666666667,109.31198333333346,90.36916666666686,70.22773333333338,54.41294999999991,36.75338333333336,27.168150000000022,25.116316666666673,30.326250000000023,49.34579999999991,75.4056499999998,99.28954999999995,124.39251666666661,127.71028333333328,110.40935000000019,98.99376666666677,87.98718333333309,83.15585000000019,77.35626666666663
2024-09-20,70.66743333333325,68.28074444444434,68.99907777777784,76.89768333333326,96.6698305555556,110.08459722222231,101.60064166666682,82.17760000000004,59.85401111111119,42.390613888888865,24.135297222222242,14.74457500000001,12.928172222222228,19.899533333333338,41.22316666666665,67.87820277777773,93.57791944444438,119.93836388888886,125.34284166666671,106.51713888888882,95.31162777777782,83.77472777777757,77.82551388888898,72.38436388888901
2024-09-21,83.41956666666675,82.2256166666667,82.94135000000017,83.42528333333328,83.3324,81.26021666666644,71.8194333333334,53.55138333333342,29.900050000000064,15.971966666666662,9.334883333333295,1.4999333333333347,0.36691666666666856,7.552200000000012,25.033950000000004,64.39553333333343,93.29588333333352,112.31336666666672,119.84886666666655,109.7222166666668,99.24973333333331,89.61056666666649,85.12431666666647,78.62976666666658
2024-09-22,85.82405,84.29175000000012,84.81459999999994,86.90721666666647,87.44598333333344,86.61558333333319,77.10578333333356,57.092216666666914,34.44710000000009,21.426516666666682,14.790783333333305,7.420550000000024,6.226533333333329,14.815433333333354,41.25298333333328,80.50303333333336,108.89380000000033,128.85506666666654,129.85691666666668,117.43464999999989,106.2560000000003,95.3007166666665,91.20416666666678,85.04549999999988
2024-09-23,88.00660555555552,86.9818666666667,87.79302222222219,94.07092499999996,116.79160833333327,137.4784333333334,134.0091777777779,117.699638888889,104.64005833333327,96.85072499999988,91.06299166666653,86.7658083333334,86.20563888888887,91.52735000000013,98.90922222222211,114.23546666666691,138.44208611111105,173.28453055555562,160.79773055555557,128.56835833333315,113.14419444444441,101.77843611111103,98.564638888889,93.81115277777769
2024-09-24,88.0101426587301,86.41765079365075,86.11532328042327,91.82906911375665,112.86534470899473,133.78851686507969,133.84811197089962,117.03136283068783,103.15237850529101,94.0478645502644,86.73433234126996,79.97661726190475,77.70447638888886,83.65070112433854,92.7366414021164,108.31834821428583,126.88911415343908,147.77085615079352,134.18916494708986,111.6801933201058,99.2941962301589,86.74121977513217,78.6918200396825,71.58902440476194
2024-09-25,44.76051349206351,43.01908829365083,45.719171825396806,56.0334097222223,78.08579543650802,96.47030615079382,97.94607956349199,85.95259365079359,71.61678869047611,61.28253154761902,54.363390674603195,49.78402976190473,50.104187896825366,56.27735158730157,68.69477599206348,88.09630595238093,108.95470317460303,136.8840365079365,130.42716547619062,107.8477380952379,95.1193708333334,86.02771527777756,80.31168650793654,74.93418749999994
2024-09-26,57.09089583333333,53.06847500000012,51.362191666666554,55.77512083333331,75.65428749999987,91.43823333333341,93.67205416666675,83.40059583333328,65.2392875,51.08930000000008,39.53771249999998,32.33629999999999,30.087241666666614,37.46361250000003,50.40399583333334,71.18683333333331,93.64256250000008,107.82606249999992,99.52014583333337,83.14407500000003,73.07854583333325,61.02885833333318,51.346041666666665,44.26352916666672
2024-09-27,18.621916666666653,15.706316666666654,15.048716666666644,21.266383333333355,41.98746666666666,56.10601666666667,59.92711666666671,49.697649999999925,32.77053333333338,24.359950000000044,18.64814999999999,14.37444999999999,12.53888333333334,17.55311666666668,27.460966666666693,47.55826666666659,71.44950000000019,90.48248333333319,90.9362166666665,78.40380000000017,68.1703,61.25841666666663,55.26401666666675,49.60268333333322
2024-09-28,15.810283333333354,14.102566666666677,14.30386666666667,15.71435000000001,20.506466666666704,25.250683333333292,25.87088333333329,22.455283333333316,14.914199999999992,9.147149999999986,2.838583333333331,-6.065250000000015,-9.585483333333356,-1.0960499999999995,13.086683333333339,34.493083333333296,68.99913333333342,90.22876666666689,92.50495000000004,84.57660000000003,78.97768333333302,69.35430000000002,63.92385000000008,56.591274999999975
2024-09-29,49.24138333333325,47.73013333333335,47.70666666666665,49.32819999999998,53.09828333333334,56.75690000000001,55.428733333333405,48.53815,38.372499999999974,32.33131666666661,28.16591666666662,20.739800000000013,17.346333333333334,22.214133333333347,34.53258333333336,56.52083333333344,78.87784999999984,95.0688666666669,94.07914999999996,85.20563333333324,78.3309666666667,70.41846666666656,66.7318333333333,61.83129166666671
2024-09-30,37.369649999999986,34.30333333333336,33.39544999999996,39.419883333333345,58.9147666666667,78.14458333333329,83.14913333333331,75.53541666666673,59.52001666666657,49.655599999999986,42.79300000000005,38.52815000000007,37.68439999999999,43.8720833333333,53.13290000000003,70.35381666666659,90.96893333333355,107.21111666666668,98.96723333333323,81.64915000000003,72.67529999999995,62.07063333333329,52.26254999999998,45.99390833333342
2024-10-01,21.65270833333332,20.793849999999985,22.26405416666668,29.08492083333333,43.04666666666667,58.434845833333284,67.35029583333339,63.88345416666671,55.39130833333333,49.60563749999997,46.2903583333334,43.258716666666665,43.21527500000006,48.13565416666663,54.658666666666726,65.94979583333318,79.43256250000003,91.86506666666675,87.64123333333322,72.70350000000006,64.4122583333333,58.9777541666667,53.18182083333336,49.69657500000003
2024-10-02,78.36573888888893,76.80604861111114,77.25616111111111,82.73472500000003,101.58336111111113,120.74877500000007,124.4846166666666,114.2161361111111,102.99056250000011,94.91481527777779,89.29993333333336,84.56033055555564,83.52410972222229,88.26336944444448,95.9562013888887,109.21492916666675,126.99928194444435,146.74782638888897,133.83988472222228,114.67696250000009,103.02131944444443,93.19560138888873,87.6973430555556,82.21587083333333
2024-10-03,71.18547333333345,69.0821566666667,69.13592333333345,70.71906333333332,73.12135333333327,75.95500000000001,75.06188333333341,66.98404666666669,55.974149999999945,49.169933333333354,44.161259999999956,36.18811666666666,32.904236666666655,37.57342000000003,51.26845666666659,73.81360333333333,91.48247333333333,102.97922666666658,102.82606999999996,95.39081666666664,88.10595666666677,78.72270000000005,73.38430666666663,67.39512666666654
2024-10-04,75.13344416666672,74.33041694444448,74.86964402777778,79.4293695833334,94.73556749999999,110.12558347222233,107.84750833333322,96.3341068055557,86.44494722222218,80.70909222222224,76.26499083333334,71.99481444444451,70.19784999999995,74.22737055555552,81.04702833333312,93.13752194444446,109.86614402777782,135.6657255555554,132.617590277778,109.92214597222235,96.1574673611111,87.34150763888879,83.22130930555558,78.95839888888888
2024-10-05,86.40981055555558,84.9579194444445,84.63619277777775,87.75649166666656,98.29555277777771,113.52558250000001,107.53877416666688,96.37018722222224,86.19883166666676,79.30884166666671,74.99571722222218,69.37883249999999,67.67652027777773,72.96752083333331,84.91084361111096,103.76284861111117,126.72134611111105,147.27976333333316,133.50492638888903,114.75585222222222,104.74865416666684,94.69174083333316,89.25970388888895,84.39268666666666
2024-10-06,65.22286666666659,63.45273333333339,64.16838333333338,67.0328,71.43315000000007,77.31498333333339,76.017,64.9093333333334,49.51148333333331,40.99230000000006,35.03980000000003,26.78846666666665,24.826783333333307,31.434800000000006,47.819199999999945,77.46991666666669,101.63916666666658,117.96278333333345,110.47598333333326,98.24649999999998,90.47830000000019,80.29393333333323,73.4999833333334,67.34251666666665
2024-10-07,39.50651111111107,38.51237777777774,39.38543888888888,45.30054444444444,59.22078333333325,73.28401666666663,79.75476111111118,72.92572222222225,64.0254333333333,57.81263888888887,54.10892777777767,50.05520000000008,50.31587222222222,54.705861111111155,62.237222222222215,75.85028888888878,92.57859444444453,108.892488888889,103.91803888888882,89.63303888888889,80.13120555555561,72.51341111111108,66.5852055555556,61.62596388888893
2024-10-08,77.81725000000013,76.48844277777776,77.22260666666668,82.80458444444436,100.95335499999999,121.32922277777769,123.97703388888885,112.65383388888871,101.8049716666667,94.09749888888892,88.89448944444445,85.10701277777775,84.21716444444444,90.27106944444456,99.14564611111113,114.37388999999997,135.61715611111094,156.61358111111116,139.20179055555553,117.8320916666667,106.43115499999996,96.55090499999993,90.78659499999995,85.71077444444445
2024-10-09,62.685303703703696,61.06208703703696,62.788983333333356,69.70925370370374,87.92882777777784,103.69980833333331,106.47451388888882,95.10630092592586,83.19581851851846,74.5296453703704,67.83247499999993,62.675563888888995,63.39891388888888,69.73359259259257,79.82411666666675,96.54852129629627,117.34182037037033,138.53781944444438,126.04656388888907,105.51456574074089,93.83135277777768,83.59946203703703,77.12168796296295,71.98736203703707
2024-10-10,54.60702976190473,51.44070952380953,52.02630357142851,57.90596309523805,78.1494404761904,94.20554523809531,93.88450119047613,81.01907738095248,63.10769999999998,49.12170833333343,39.86689761904759,33.07538571428571,31.33748809523804,37.61140357142854,54.032738095238095,75.77216428571427,97.06892857142857,114.59507261904761,112.12027500000009,97.53597619047633,88.21115000000007,77.87408214285699,69.46062976190483,63.83238333333336
2024-10-11,70.89738583333337,69.40291,71.44746444444452,78.08214361111095,96.97294777777768,113.05884138888891,113.04550916666662,100.8282744444444,90.13431583333349,82.69427694444441,76.84384166666668,71.95054277777784,70.75754111111111,75.36587,82.93294361111109,97.66157694444429,117.53468388888876,143.62619222222216,138.01326694444444,115.78587388888909,101.9945883333333,91.66080888888875,86.67496111111102,81.66594833333338
2024-10-12,78.7134974358975,75.75009102564101,74.86421923076932,78.1477012820513,87.36453205128213,97.69503717948723,96.32936282051293,85.14751410256402,70.60772820512825,60.191157692307705,51.22702820512825,42.57511153846156,40.080653846153844,47.754397435897424,62.02046794871787,83.59288205128223,105.10306282051285,118.81782435897435,111.54993974358979,95.67228717948726,86.56732948717963,74.83257820512812,63.29513333333324,56.142294871794945
2024-10-13,10.41655000000003,7.848733333333348,7.647533333333348,7.139066666666672,10.068966666666666,10.931149999999985,10.869183333333359,8.639466666666662,0.2634833333333333,-7.688783333333334,-16.381749999999986,-27.41665000000005,-39.24849999999998,-28.021916666666655,-4.551133333333338,20.90193333333329,49.07415000000006,67.99508333333344,71.37355000000004,65.90571666666663,61.386983333333255,53.326000000000114,46.3939833333334,40.76374166666668
2024-10-14,33.94005000000001,33.450466666666685,34.65728333333331,41.87069999999992,61.001749999999966,84.64959999999988,95.08425000000025,88.60923333333338,77.27040000000004,70.16941666666655,66.58943333333339,64.45405000000001,66.14680000000001,70.92676666666672,79.73811666666668,94.8097999999998,118.93933333333337,132.7993166666668,119.44980000000001,100.0501166666667,89.38845000000006,80.76788333333334,72.74808333333344,68.19729166666663
2024-10-15,88.1783833333332,86.26701944444439,86.25844166666657,91.46109166666676,112.16467500000003,136.74165833333333,138.9746916666666,124.75042499999996,110.9309305555556,101.93913611111098,94.60063055555564,88.72559444444452,87.01067499999995,91.97801111111102,98.97308888888871,114.06430833333361,139.2671305555555,168.46483611111103,144.93046111111101,111.038577777778,97.47410833333348,85.56623333333329,76.04790833333327,68.42773055555566
2024-10-16,28.78429999999994,26.029200000000056,26.43713333333329,33.436433333333284,54.63331666666659,74.07799999999983,79.13803333333318,68.55560000000001,51.0447666666666,38.43009999999998,31.03716666666662,25.483116666666614,23.945683333333342,31.160566666666636,44.119299999999996,65.24383333333331,84.91645000000017,97.82373333333341,92.18178333333316,77.01766666666667,68.39096666666664,60.105516666666624,51.1870500000001,45.95395
2024-10-17,27.097900000000013,25.950950000000017,28.193550000000013,37.03644999999998,55.9707166666667,79.65733333333323,92.07500000000019,84.85399999999996,75.33778333333323,68.05074999999988,64.86384999999999,60.9355166666667,63.08886666666676,70.66045000000005,83.56130000000017,101.69336666666656,134.1384166666666,148.7683166666666,124.42139999999995,102.95021666666673,92.43370000000024,85.1899000000001,77.39443333333351,70.36174999999997
2024-10-18,82.11127615740736,80.34100787037038,81.2256666666667,87.2823641203703,107.58420231481477,129.18940231481506,132.83319513888904,118.45617800925909,106.33391157407418,98.21697476851857,92.18319212962966,88.41365763888885,88.37620856481476,94.72208912037051,103.38578009259241,122.07308379629639,149.12601064814802,173.38242337962956,144.66721736111106,120.0260587962964,109.13928587962965,98.01970949074058,93.71167083333344,88.44712384259263
2024-10-19,82.47986666666671,80.18508666666675,79.66296333333344,82.08686999999983,89.47249333333323,100.99435333333341,101.96226666666692,93.76263333333344,84.67847666666657,78.23753000000006,72.37271999999993,65.73384666666664,64.64306999999995,71.76758333333318,82.88962333333336,100.70371999999999,121.15683666666669,130.37114666666665,119.42633000000006,105.80095666666674,97.55787000000035,87.20607999999989,80.7737800000001,75.40224
2024-10-20,54.31627222222227,51.85862222222224,50.66762777777765,53.0747000000001,57.04265555555559,65.07178888888886,66.38326111111107,60.78116111111117,51.25834999999991,45.105872222222246,39.15790555555552,31.530761111111108,28.715277777777775,34.635422222222296,51.190022222222176,72.11496666666672,90.82119444444456,97.7311444444447,89.94996111111104,79.4636111111112,74.12627222222235,65.21725555555551,55.61080000000003,49.602236111111175
2024-10-21,27.768299999999957,26.306100000000022,28.31670000000003,40.14866666666658,65.26198333333335,92.02979999999972,105.10098333333355,94.93570000000011,81.63543333333352,72.32376666666654,68.27951666666662,65.9048166666667,68.54743333333353,76.41890000000019,91.5728000000002,113.21429999999967,151.62423333333328,167.67695000000026,137.77486666666658,111.68228333333337,100.33628333333347,92.04836666666675,84.41383333333351,78.60403333333328
2024-10-22,86.85648194444437,84.89060916666655,85.48374388888877,90.90086722222225,111.35640777777763,135.23738250000022,138.2588966666668,124.12757138888868,112.60108888888887,104.47379361111115,99.37102916666653,95.00317555555561,93.7958113888889,99.04211027777775,107.05933694444465,122.98872916666679,143.4732819444443,157.09808361111126,139.9165286111111,120.28414888888905,109.46314666666667,98.7622955555555,92.6754402777779,87.35587222222226
2024-10-23,81.73676851851847,80.40082731481472,80.86932083333333,85.80610555555549,102.35981782407409,125.22178541666675,125.99145439814825,112.24675277777777,101.24394976851846,94.15891527777781,88.86191134259259,84.58377824074064,83.68624050925919,88.43094305555543,96.18685648148141,109.46244027777782,129.21999513888898,145.8619918981481,131.74359537037046,112.18408055555575,101.09821319444458,90.94924745370362,84.85127337962966,80.60571967592604
2024-10-24,85.40269999999988,83.47753472222225,83.91842152777777,89.3384854166666,107.47146944444445,132.48245625000007,135.06240486111122,118.24165,105.91496875000004,97.65587430555564,91.4699166666666,86.35164652777773,85.67120416666663,91.63392152777777,100.34025069444442,116.58978888888909,135.03009652777766,143.73038472222217,126.0393659722222,110.17567638888909,101.30307222222237,90.12275902777763,83.7696034722223,77.46949444444454
2024-10-25,84.38819731837616,82.91382197649553,83.73604011752141,89.25917465811939,109.15727126068363,133.95195454059825,138.39335084401716,120.59775321581195,108.5193192414532,100.74658236111128,95.12773423076924,90.80576352564101,90.595020715812,96.96528691239307,107.25344565170934,125.29188599358974,153.2273909722219,170.06922808760703,141.95910723290595,120.2145842307693,110.7152218696584,100.3249011324787,96.52056516025628,91.68516010683759
2024-10-26,95.27263333333329,93.19894999999993,92.87888333333339,95.4596166666665,104.7594666666667,117.85856666666672,117.60981666666703,108.18629999999993,98.61410000000002,90.74973333333341,85.06268333333342,78.74473333333324,77.04875000000006,84.5103833333334,95.81863333333327,114.5662000000001,137.83889999999997,153.4081500000002,139.1362166666667,122.72881666666659,113.86058333333344,102.20153333333332,95.60419999999998,89.45861666666649
2024-10-27,79.6738833333334,77.72148333333328,77.30596111111117,79.37401666666646,84.70032777777789,93.02527222222223,93.08404444444459,85.0427111111112,74.9662333333333,68.34470555555563,62.81548888888895,55.27203333333333,53.47383888888887,61.16604999999986,75.27530555555549,96.16078888888879,118.23175,128.25410000000005,118.30084444444462,105.14395000000002,97.35416111111131,87.62516666666657,81.90967222222238,77.26697777777775
2024-10-28,92.57643452380938,91.05898276455015,91.22253527777784,97.22365219576714,117.35929866402127,139.04127066137573,145.09559189153453,131.92867861111108,119.25561347883612,110.04919341269851,103.19401183862436,98.03580619047631,97.28826239417991,103.85474519841297,112.87112994708981,128.39998284391547,149.6000771825396,164.5913674074075,147.38729605820112,128.0168220634921,117.28730201058201,106.36416207671965,100.98626445767204,95.85003820105821
2024-10-29,94.29622063492067,92.71263111111105,92.7113485449734,97.9451436243385,114.77983595238096,134.57290089947114,144.6399490211642,137.3304180687829,126.39108656084662,117.78482518518528,112.12521820105816,108.19501388888905,107.88212280423284,114.75357886243398,122.91415047619029,135.3800505820106,152.89067415343897,160.93732687830718,145.6624216137567,129.05150992063494,119.27781791005293,109.62862746031752,103.17477494709024,99.66187034391542
2024-10-30,102.83094888888874,101.07267222222218,101.31365666666662,106.80521666666638,125.62584611111107,145.6615433333336,158.38145333333324,154.5288283333336,143.79152166666668,132.85720722222226,126.00969944444434,120.06064055555548,119.28149166666677,127.5326311111114,139.27688444444436,157.18328111111126,181.4900377777777,189.9217616666668,166.4132872222223,142.4032722222223,130.30632500000004,119.27896666666675,111.0949483333334,107.41306222222224
2024-10-31,98.83841472222217,96.68450388888905,96.69899249999983,100.93758666666659,117.22082750000004,136.63840055555565,148.23474750000017,142.16281777777797,130.47621833333332,120.8952877777779,113.96733166666658,107.85709805555562,107.4750130555556,114.74062638888883,124.63206138888896,140.0493747222222,159.06968361111106,163.4938736111112,147.22123666666673,129.0546944444444,118.3847552777777,109.11985694444424,101.33826944444456,95.87606833333354
2024-11-01,61.69726666666673,59.75062499999994,60.04635833333327,66.57760833333323,79.09199166666667,93.63336666666666,99.36850000000008,94.47250833333318,86.67730833333354,80.09910000000005,74.60200833333337,70.04310833333346,68.27210833333335,76.42235833333332,88.15201666666653,107.8311416666668,133.76676666666674,146.23599166666682,129.17727499999995,110.97257500000012,101.35965000000012,92.78620833333329,84.33085833333334,78.77221666666667
2024-11-02,89.38095208333328,87.8553604166667,87.87086250000006,90.91911249999973,101.1032583333334,112.14837083333327,115.01935833333349,107.57553750000015,98.73684583333352,91.93435833333344,86.2180958333333,80.10431458333333,78.90449583333324,86.6836354166667,98.92415416666664,117.0658375000001,140.54472291666673,157.79358750000014,143.45597083333345,124.88075416666655,114.69277916666665,105.02318541666662,99.09233958333328,94.48881874999984
2024-11-03,93.10006888888884,91.16371611111114,90.22201055555561,92.38859333333312,99.34713388888872,108.09045388888879,109.97575444444473,103.27750166666671,93.84176722222216,85.19806777777798,78.35338833333337,70.43723500000011,68.59867999999996,78.80001722222224,93.9339599999999,112.94742333333345,135.54309277777776,144.11875944444455,133.10958388888923,117.64914111111123,109.16457333333359,99.2319405555554,95.43529500000008,89.7885633333333
2024-11-04,90.96458888888874,89.312763888889,89.11601666666662,93.84603611111092,110.74980925925932,131.77603518518524,139.73536759259252,131.43867777777788,120.44952407407422,111.54931759259276,106.13807685185185,101.79907314814808,102.4173416666668,109.96015185185213,119.76506851851846,135.2974657407407,158.64949629629626,167.16520648148162,147.13242592592604,125.6812138888889,115.18088518518525,105.47142685185179,98.97989722222226,95.33124629629623
2024-11-05,96.57021841269807,94.73216079365108,94.74544047619054,99.49841746031723,116.47418301587284,136.06078555555555,150.06787777777774,147.40981238095233,136.7598511111111,126.64914444444456,120.96782412698415,116.30372793650795,116.74130222222203,124.06209190476213,135.3550306349207,154.25556079365097,180.65416222222245,184.03236460317441,158.69009301587283,136.01791492063478,124.12141523809507,114.28132190476195,107.07602761904788,103.71289587301595
2024-11-06,111.15426666666635,108.92758333333316,109.68473333333333,115.43089999999962,134.44598333333343,161.33663333333283,179.04608333333377,174.62694999999994,160.8869499999998,148.87963333333335,141.68074999999962,135.7510666666665,134.97553333333315,142.10108333333346,160.07671666666704,209.7283333333335,265.37696666666665,266.1698666666666,218.62438333333316,166.3515333333329,146.01579999999987,133.49979999999988,122.65578333333316,118.47306666666675
2024-11-07,116.88691666666695,113.87530000000021,114.00998333333351,119.74291666666674,137.19156666666672,172.05646666666604,216.09300000000073,199.96224999999953,169.2764500000002,157.61351666666718,149.8460833333327,144.35644999999946,143.25676666666712,152.70929999999967,194.22009999999952,278.5318,377.47063333333176,381.6847999999989,270.8672166666666,186.02946666666688,154.15371666666653,140.21530000000027,129.44433333333333,125.73428333333315
2024-11-08,99.19450666666678,97.04607666666678,96.87746333333324,102.45185,117.84496666666668,141.48467666666687,157.20071,150.8299599999999,139.5817233333332,129.99454999999998,123.28085666666658,117.90701000000003,116.13177333333363,124.31517999999987,139.09372999999994,166.9646266666667,202.13949666666642,204.19335666666692,174.12385333333313,146.28377666666685,132.54658666666663,121.84096666666665,112.5204066666667,107.77019999999995
2024-11-09,96.9372863888888,95.08401083333327,94.37963305555563,95.88890166666643,103.62821638888899,112.99279333333347,119.76094388888895,117.40184638888893,111.55559527777793,105.0179355555555,100.95637972222221,95.7023597222223,93.97481527777786,101.61383305555545,113.22864083333336,131.06362805555554,153.81421611111108,164.71658472222248,151.88800694444475,133.76913527777796,123.1142244444446,114.20770166666657,107.20585083333327,103.43583916666668
2024-11-10,98.79749999999983,96.35435000000005,95.41243333333324,97.35049999999993,104.55731666666668,114.89934999999979,119.64086666666682,113.72970000000001,105.18346666666666,97.0848666666667,91.42945000000002,84.57799999999999,84.05531666666677,93.69383333333334,108.9925499999998,133.10868333333366,163.49209999999982,172.25620000000023,153.72711666666686,130.1931833333335,118.65050000000005,109.21799999999985,104.96516666666646,100.24888333333338
2024-11-11,96.67480833333325,94.70650416666679,94.04269166666661,97.47448333333317,111.40378333333312,130.17930416666655,145.34636666666682,143.8446583333335,132.36487499999998,123.02894166666675,117.62411666666664,112.94246666666653,113.59967083333325,119.81219166666672,132.74058749999986,159.0530166666669,194.03972083333315,194.76240833333367,166.34224583333295,134.1995458333335,120.05012916666652,111.81994999999984,103.47507083333333,99.83398333333317
2024-11-12,99.23321025640993,97.32387692307707,96.44181923076911,100.18168076923055,113.63985512820487,132.10587948717946,149.10079743589765,151.74078461538465,142.99845769230785,134.169658974359,128.70553974358958,124.85214743589701,125.72060512820494,132.28158333333366,144.436376923077,167.9273897435897,198.53808589743574,197.08338974358975,170.93215897435874,141.72504743589758,127.81389358974343,119.60939230769225,110.30812564102578,107.35406153846137
2024-11-13,116.14444999999978,114.04188333333327,113.57386666666656,119.75288333333319,136.9845666666665,163.361483333333,188.7477000000002,193.48891666666665,186.33258333333328,173.73978333333318,166.93286666666634,159.1662333333331,156.5314166666667,163.65365000000003,179.2651499999999,207.26164999999986,242.67296666666667,232.92300000000023,199.35403333333343,169.50881666666655,151.61694999999966,141.68203333333338,127.45104999999977,124.66946666666671
2024-11-14,97.74684999999992,95.66270833333343,95.8193499999999,102.77141666666658,122.76874166666654,146.6410166666666,166.6208166666667,170.1532333333331,164.4251250000001,153.616091666667,146.4407583333332,139.8206999999998,138.4299166666666,145.72687500000032,158.79698333333351,181.33687499999996,206.8354666666663,204.91005833333358,180.08614999999978,156.87484166666687,141.8327749999998,132.1002333333334,122.76663333333316,120.67347499999991
2024-11-15,105.60056523809502,103.57915976190476,103.07150785714269,107.37963761904759,122.02544023809516,140.85394380952394,158.15681928571436,162.89258476190486,155.9867176190474,147.20421761904768,141.2936973809523,134.90302952380932,133.49058119047626,139.4666864285716,149.37763904761903,161.93131785714286,179.8515816666666,179.5614692857144,163.00959666666648,144.1112895238098,131.17662785714268,122.65547380952378,112.26264976190481,108.33261166666668
2024-11-16,86.20872222222215,82.80577222222213,79.76503888888877,82.31133888888873,89.03544722222226,98.82850000000009,105.15244444444475,104.29413611111094,98.72028333333354,92.47704166666675,86.07534444444458,80.61329722222223,77.071811111111,82.92185277777759,90.2736861111112,101.54488611111138,117.6418750000001,121.25134166666633,111.43163333333314,96.39470833333337,86.28614166666698,78.10480555555543,65.735725,55.8054222222223
2024-11-17,44.846349999999916,41.27105000000001,38.90821666666664,41.000100000000025,46.66095000000007,53.87585000000004,55.41016666666666,51.64591666666669,43.526466666666686,35.64746666666673,28.966100000000026,21.66740000000002,12.95783333333333,22.789783333333304,41.82706666666674,62.18349999999999,86.7782166666668,98.34521666666687,93.18636666666659,79.73913333333338,73.15691666666658,66.32794999999997,55.161983333333254,49.76075833333333
2024-11-18,40.5088833333334,37.99675000000004,38.76264999999996,45.26099999999999,63.744183333333346,88.83128333333323,103.04361666666661,100.76056666666668,89.91251666666683,79.3469,74.21296666666662,71.22648333333333,73.17266666666669,79.9626666666667,91.98258333333345,106.51391666666676,127.62445,138.05788333333336,125.83974999999988,106.9935166666668,95.63879999999988,89.84761666666675,81.06551666666674,76.26241666666675
2024-11-19,94.39648666666655,92.14045666666664,91.37876333333328,96.47615666666655,113.28310333333341,135.54052333333337,152.49746000000025,153.9299800000001,143.36243333333312,132.62444000000005,126.63822666666647,121.12071999999978,120.28357666666642,126.53030000000038,135.98409333333322,148.88253000000006,170.94025666666667,174.56994000000014,159.25216999999995,137.95026333333354,124.10235999999995,116.02577333333329,103.83880000000005,97.69524000000013
2024-11-20,85.54263472222223,82.71828055555567,81.80158333333326,85.98557222222202,99.64420277777785,118.52449027777766,131.30778194444446,131.18782361111093,122.46532777777776,114.17267083333341,108.6343374999998,103.48202222222228,102.17759722222213,108.0365555555557,115.42181805555546,127.5407027777778,145.6294375000002,149.67687638888873,136.7988208333331,120.90525277777766,110.48767083333333,103.1792388888888,93.48309166666667,89.33031944444457
2024-11-21,89.84108819444455,86.71822430555564,85.30809999999994,89.25336319444425,102.467704861111,122.09532638888889,137.06217847222237,140.11533124999985,131.88502430555545,123.69697847222236,119.72435069444423,115.03354583333312,115.20650972222224,121.49799861111126,130.14146666666653,141.0861340277778,159.45551666666663,163.43598750000018,151.59598333333287,135.30900208333347,122.788486111111,115.2164506944444,105.82575347222225,101.47622222222218
2024-11-22,95.31966666666676,90.60550000000003,87.19486666666671,88.32839999999986,101.70894999999999,122.46649999999987,138.53476666666683,139.53461666666644,124.75883333333338,111.94791666666644,103.61458333333323,96.56383333333349,92.24918333333326,93.05783333333365,99.23771666666666,111.7515,129.01459999999994,133.6108333333333,122.4606333333336,103.93086666666674,93.2692333333334,87.0319666666666,72.2567500000001,65.49119999999989
2024-11-23,75.4454958333334,71.7340159722223,68.91434652777781,71.49383749999994,79.6159708333332,90.53133611111116,99.61168125000027,99.0996444444444,91.23763124999999,84.65719444444422,79.34424583333332,74.92847013888884,72.10440694444443,76.77862083333333,84.9790604166666,95.6721631944445,110.10612638888891,113.88327847222203,104.51703958333329,91.55361041666654,81.81798263888915,75.2645569444446,63.737222222222236,57.61036388888886
2024-11-24,14.662666666666707,12.123383333333319,10.316516666666699,10.269716666666685,14.959883333333329,17.679850000000012,20.681333333333328,21.44868333333335,17.258416666666655,12.549000000000023,10.293916666666684,7.62646666666667,2.472283333333331,9.728183333333345,25.285983333333384,43.20416666666665,61.517016666666905,68.68658333333329,66.18054999999995,56.98551666666669,52.33418333333345,50.40890000000001,42.37776666666655,35.08805833333323
2024-11-25,13.328866666666656,11.471066666666651,10.669233333333363,16.738466666666657,33.75985000000005,60.695233333333185,84.94534999999992,83.75013333333328,69.50676666666676,57.651899999999905,53.32701666666651,49.760500000000015,49.94815000000007,55.31915000000006,65.58506666666668,81.96349999999998,107.46519999999992,120.11461666666658,112.42629999999978,98.71436666666683,89.22968333333323,83.71026666666684,74.04461666666667,67.63808333333333
2024-11-26,73.5934416666666,71.02859166666666,70.36811666666678,75.02699999999994,91.11694166666673,112.94111666666666,128.42804166666656,128.7481583333333,119.4098583333333,110.79441666666658,104.97934999999985,100.18509166666654,99.96509999999998,104.5183666666668,112.25026666666658,122.05923333333335,139.16673333333347,147.94380833333358,138.75085833333335,122.29112500000001,110.65318333333332,104.08430833333321,93.35484166666666,88.36446666666667
2024-11-27,94.85883333333324,90.58778333333343,87.15636666666671,88.78371666666652,99.88821666666672,122.29186666666664,137.9390000000001,141.65590000000003,130.87595000000007,120.15488333333325,112.75621666666639,106.56798333333346,104.25666666666667,106.94451666666687,112.41246666666642,120.21321666666675,133.61173333333315,134.54898333333335,123.26953333333338,106.57725000000015,94.56801666666674,88.01123333333337,71.42519999999996,62.053116666666746
2024-11-28,37.40701666666669,35.262333333333345,35.71546666666663,41.28088333333337,57.20164999999997,82.85206666666653,100.7396999999999,101.7191666666667,91.87311666666676,82.84704999999992,77.64134999999997,74.09390000000009,74.77198333333337,81.79021666666671,92.23081666666671,105.97838333333338,126.99774999999997,136.7680333333334,127.76736666666676,111.46911666666689,99.67998333333323,94.57566666666668,84.99523333333343,78.48888333333326
2024-11-29,108.6831055555552,107.80364999999996,107.0292444444444,110.81550555555548,123.54024166666682,145.7950222222222,166.48565277777786,174.36584999999988,166.40385555555557,156.06577777777787,150.22304722222174,144.43620833333324,141.84765833333338,147.37648888888884,156.6508666666666,168.0451916666664,188.42010833333336,188.0095333333334,171.8145499999998,151.94963611111098,137.95329722222212,130.12891388888926,117.15325555555552,112.74072499999997
2024-11-30,93.54361111111108,91.3078388888889,90.78901666666663,93.19813888888885,102.47006666666665,113.73521111111125,119.36559444444445,115.22260555555542,107.66555,101.39182222222219,96.40090000000001,91.15272777777783,89.49513888888897,95.9510833333333,106.4853388888889,122.10272222222237,140.89602777777785,151.7078055555555,141.01990000000012,125.39428888888897,115.32433333333331,107.43114999999995,99.67534444444453,95.16248888888892
2024-12-01,92.70476666666669,90.38043611111102,88.48069999999986,91.01776388888874,99.24189166666675,113.79145833333335,117.38259444444452,108.85822777777767,100.45806388888899,93.41509166666684,87.82990833333348,82.3583277777778,81.15126111111108,86.05106111111108,96.28038333333326,110.07768611111149,126.39141388888883,132.12714166666643,122.03707500000004,108.8159583333336,98.73414444444472,88.61310833333343,77.93462777777778,67.92754999999987
2024-12-02,74.38191875,71.81527916666678,71.85279166666662,75.90292916666662,90.93365208333333,110.17988541666674,122.16344374999991,118.47901458333341,108.89237500000003,101.21283541666662,96.08863749999996,91.97379583333331,92.00720625000012,96.7897020833333,105.30102083333325,117.2026666666667,133.4625229166667,138.66411458333337,126.50885625000001,110.5686500000002,99.97995208333336,92.91485208333346,84.77427916666647,79.78558124999991
2024-12-03,96.38006726190463,93.79979484127007,92.27631011904751,95.25676369047612,105.37971408730152,124.8322805555555,144.49315019841288,153.39040515872998,146.54793670634922,136.7954315476191,131.83135853174596,127.77341904761896,128.10193313492053,135.10881230158748,144.03692956349198,154.788823611111,170.6628212301588,165.55937142857124,150.356173611111,133.16126031746072,122.0281968253967,116.46078333333355,104.36911488095228,101.80405138888888
2024-12-04,121.14774999999989,118.95378333333329,117.42091666666647,121.6436,134.55184999999997,158.48690000000002,183.6295,197.8293666666664,191.24078333333344,177.85138333333344,170.99253333333277,161.80016666666668,158.75426666666684,164.0710666666667,174.8524833333334,191.14529999999965,214.2629333333334,212.91495000000003,190.2142666666667,166.85021666666654,151.60844999999995,142.3462000000002,129.89118333333354,125.80950000000011
2024-12-05,111.6125999999999,107.54936666666673,105.59493333333333,109.73284999999996,124.67626666666668,149.81768333333335,170.70500000000007,174.77964999999972,160.74894999999975,145.52438333333313,135.11811666666628,127.76379999999993,123.77325000000015,126.02451666666677,135.16324999999986,147.26909999999992,165.84993333333338,165.26341666666664,144.65738333333354,121.34096666666667,110.96283333333338,100.84821666666656,84.81801666666686,82.0279333333333
2024-12-06,37.6947833333333,34.645300000000034,35.48020000000001,43.46309999999995,64.80788333333334,93.2456499999999,110.66035000000001,110.70581666666679,103.54178333333347,95.58253333333329,91.53996666666661,88.59196666666675,91.08808333333344,99.51323333333347,112.26460000000004,129.42675000000006,152.10908333333336,159.8302000000003,145.37096666666667,125.83678333333344,113.72144999999999,106.51851666666673,96.18493333333326,90.95645000000002
2024-12-07,89.14234230769236,86.5766102564103,84.36597564102561,86.89395897435888,95.90200128205116,105.33271282051287,111.30262435897443,106.53566666666649,98.33276923076929,90.97104230769226,84.47250384615386,78.53064615384606,75.5162551282051,80.96277820512817,91.44812435897437,106.3930435897438,128.41717435897434,137.70668974358955,128.81070128205133,114.18686666666677,103.7910833333333,95.82829230769234,85.00969615384622,76.17076025641028
2024-12-08,75.17595000000003,72.85846666666662,71.57330000000006,73.50579999999997,79.96846666666661,87.59259999999999,91.31416666666671,87.76398333333334,81.11645000000011,75.62899999999989,70.21393333333332,63.89999999999998,60.89458333333324,66.18083333333338,77.30086666666668,92.10491666666661,109.16948333333335,117.89239999999998,113.21821666666675,102.31241666666659,94.6456333333334,87.71753333333334,79.08546666666672,74.23046666666659
2024-12-09,70.91389166666664,67.247275,63.832366666666715,67.11979166666661,78.84875833333327,96.98015833333328,112.59044999999993,115.47792499999989,107.3240416666667,99.53815833333336,93.7334166666667,88.06585,87.1751833333332,92.12490833333334,98.46699166666654,107.0787416666667,121.525525,124.81085000000004,114.79035833333336,100.5117083333335,90.84283333333339,85.92124999999983,73.94534999999993,68.39839999999997
2024-12-10,83.86736249999987,81.87127500000004,80.1846666666667,84.92602499999997,97.63196666666649,117.89635416666643,139.19499583333334,147.72059583333345,143.53091666666657,136.23787500000034,132.18676666666653,127.77457916666671,127.95467083333315,134.34917083333337,142.5042624999999,154.49265833333334,171.58445833333332,170.13900416666672,155.9389833333329,138.69524583333356,126.6059916666666,119.05783749999998,107.42818333333327,103.15215416666663
2024-12-11,117.98176666666696,115.38873333333332,113.53741666666676,118.90053333333334,133.01150000000018,159.07465000000002,193.65911666666648,216.70853333333338,207.11373333333265,189.68375000000054,180.86609999999925,171.53624999999985,170.8417500000004,179.50263333333356,193.38958333333332,213.69250000000002,239.94159999999988,227.7702,198.2125333333329,169.80959999999942,151.9188166666661,140.35866666666706,126.47791666666667,123.23086666666649
2024-12-12,129.60565000000042,126.64316666666656,124.72129999999979,127.65198333333336,140.43748333333326,169.46636666666654,220.35776666666652,233.78611666666694,220.69884999999994,207.41949999999974,204.83709999999957,198.9733833333331,197.52738333333392,200.41880000000032,223.39506666666668,267.8189666666667,324.05236666666644,305.56753333333324,245.97846666666663,189.76531666666668,164.64833333333277,152.73640000000012,138.01180000000014,136.10146666666668
2024-12-13,159.12110000000027,154.1913500000006,151.89863333333346,158.2894166666663,178.35046666666642,217.02571666666614,328.48079999999914,341.15191666666726,328.1090500000006,299.32778333333266,277.4227333333327,258.09591666666677,256.33453333333375,277.485133333333,325.7488166666662,377.7456166666674,435.29481666666663,382.5419999999991,325.4763166666669,247.2108000000004,202.26506666666612,185.5895166666668,167.18269999999995,162.88198333333355
2024-12-14,115.9206500000002,112.5024666666667,109.00169999999984,111.43541666666681,120.64409999999997,135.36388333333338,147.5245500000002,143.92908333333335,132.6926833333334,121.57001666666649,113.8333999999999,105.25768333333326,100.26339999999993,107.10496666666648,119.60085000000004,141.49724999999998,166.75698333333338,176.22138333333356,158.50671666666668,136.86398333333346,125.5069333333334,115.49073333333331,100.1725666666667,90.06388333333328
2024-12-15,61.77821666666663,57.89404999999994,53.688799999999965,54.021416666666696,57.086500000000235,65.88743333333328,68.9969833333334,66.48880000000004,60.24080000000008,55.068650000000005,49.446100000000094,42.452383333333415,35.466233333333356,43.94086666666663,57.29786666666674,72.63741666666651,98.12149999999997,105.97816666666667,100.19470000000005,86.95001666666694,82.04625000000001,76.29831666666652,63.04894999999997,57.28407499999995
2024-12-16,12.940733333333322,11.135733333333308,10.086233333333361,15.06009999999999,30.82753333333338,56.70864999999994,82.58009999999985,85.87130000000005,75.28076666666682,64.75713333333331,61.737183333333206,59.289316666666686,60.9849833333335,68.26158333333342,82.39341666666674,92.93765000000013,113.66988333333369,122.05976666666662,112.28521666666666,97.40566666666699,86.46549999999996,82.7343000000001,70.58609999999986,64.21720833333319
2024-12-17,33.12569999999996,32.0465833333333,31.87541666666669,38.14074999999991,56.96898333333337,85.63354999999984,105.21045000000008,107.43778333333351,99.91243333333347,91.86311666666639,88.68971666666671,86.60155000000022,88.59783333333353,95.28299999999994,105.01983333333345,118.41109999999993,141.01455000000007,148.73546666666695,133.8884166666666,116.74260000000024,104.99256666666676,98.43900000000009,87.07520000000018,81.6190583333333
2024-12-18,58.18206666666663,53.446600000000146,50.11851666666665,51.09031666666661,64.31454999999983,86.84138333333338,100.34501666666691,98.63256666666658,85.65101666666673,76.20434999999996,67.51563333333328,60.40388333333342,56.25450000000001,61.03281666666667,68.56373333333333,80.67578333333337,98.80244999999998,107.50498333333334,101.77048333333322,88.22063333333332,79.00285000000007,71.31526666666667,58.39508333333341,51.37690833333323
2024-12-19,15.443133333333327,14.199949999999992,13.807666666666668,17.642166666666633,34.495916666666695,62.55588333333325,86.56666666666663,91.4797000000001,81.40081666666677,71.53173333333325,67.85358333333323,64.18673333333346,64.17535000000015,69.76513333333341,79.75991666666668,93.96028333333341,113.24983333333333,120.10635000000015,109.72391666666658,95.38438333333342,84.04113333333332,80.29116666666675,68.25294999999988,64.42996666666654
2024-12-20,29.1998166666666,27.42800000000002,26.917666666666673,32.30126666666656,50.691866666666655,74.91991666666665,97.20871666666672,99.9707666666666,92.40361666666685,84.01450000000004,79.27084999999998,75.54283333333345,77.03134999999999,83.37059999999997,93.0372833333332,105.12781666666653,123.5750000000001,131.54378333333344,121.25213333333336,105.1274333333335,94.0597833333331,87.77469999999995,74.80636666666655,70.02983333333337
2024-12-21,27.789149999999992,25.394699999999943,22.77534999999995,22.692666666666682,25.142366666666714,29.871100000000048,34.39188333333334,35.43719999999999,32.11525000000003,27.979283333333395,25.728000000000034,21.912516666666644,16.149033333333332,22.01301666666668,30.74155,42.33123333333331,55.49911666666675,60.048233333333286,56.18036666666667,44.54181666666651,39.66713333333334,37.0970166666667,28.943666666666566,28.65734166666663
2024-12-22,7.654150000000008,6.366933333333329,4.895466666666666,4.755866666666662,6.257366666666667,6.793666666666661,9.732433333333342,12.812199999999986,15.535300000000042,16.528166666666667,15.828366666666689,12.750366666666617,8.488550000000016,11.536233333333303,19.38703333333338,31.83881666666668,43.524000000000065,47.53526666666661,42.88633333333334,35.946366666666584,30.322949999999963,28.019283333333387,21.500999999999898,18.90108333333335
2024-12-23,25.10386666666664,25.305150000000005,23.838216666666657,26.11970000000003,35.96898333333331,51.73861666666666,62.76394999999993,63.53718333333316,57.71429999999999,53.12589999999994,51.11591666666674,49.10759999999997,47.94785000000002,50.100216666666725,55.53543333333324,63.54554999999992,74.44105000000003,79.32610000000001,74.30719999999998,65.06968333333346,57.65058333333331,53.61226666666666,44.92291666666673,40.6105416666665
2024-12-24,81.35288214285704,80.23687619047634,79.68919285714277,83.36872738095235,96.51259761904765,114.40140952380952,120.78118928571423,114.02839761904765,105.58079166666677,99.27672261904748,94.91618333333325,90.74603690476198,89.26579047619043,93.00320238095237,100.58659523809511,111.14534880952391,129.00553333333312,138.84561071428564,130.2353107142858,114.50389880952382,104.0558369047618,96.12963452380946,88.58645119047613,84.09051904761914
2024-12-25,83.64149166666667,81.6522083333335,80.5658833333333,82.5711999999999,88.4091000000001,97.78056666666676,101.46432500000024,96.61581666666666,89.6172833333333,83.8791416666666,79.20067499999992,73.58152499999993,72.4899999999999,78.52182500000009,89.90319166666654,104.90472500000006,122.8094416666667,127.9063833333332,119.50840000000028,108.62445833333346,100.08775833333351,91.97489999999992,84.85570833333335,81.09439999999996
2024-12-26,92.7671666666667,90.73368333333335,89.58583333333337,90.67683333333324,96.35736666666666,105.17033333333346,108.41670000000022,104.42189999999988,98.71918333333315,91.91278333333337,86.94041666666664,81.60658333333333,80.16586666666662,87.44358333333321,100.56613333333345,115.27573333333346,135.17908333333312,140.58469999999994,131.73340000000007,120.18898333333338,111.73363333333356,104.2878833333333,97.58901666666654,92.9940333333331
2024-12-27,100.5929458333333,98.70568124999997,97.81828749999997,100.53436666666683,111.51838749999996,131.5142208333334,155.3123375000003,150.25266666666678,137.07816875000012,127.08686249999997,120.65959999999967,115.99106249999973,115.70455416666692,123.27664374999988,145.98592291666674,186.49236666666644,236.00643958333268,238.1012645833335,194.03012291666684,147.13036875000012,126.49378333333354,117.87342708333323,110.78155208333345,105.74386250000016
2024-12-28,111.49023611111099,109.20646388888885,107.76610277777742,109.34975277777795,117.79579999999977,132.16467499999985,160.98339444444431,162.75513333333367,154.66053611111124,142.58313611111106,134.29880277777778,127.28807222222216,125.736116666667,134.62328333333318,156.38073333333347,181.19538055555537,211.87438055555512,208.01775833333303,185.16335833333298,153.46424722222233,136.07079444444446,127.58120277777785,117.74225000000001,112.92213611111117
2024-12-29,104.95961666666653,101.3510166666668,98.35928333333302,98.74558333333347,104.05356666666685,112.14604999999999,118.61855000000003,116.01594999999982,109.7130666666669,102.2152666666669,95.6585333333333,89.03895000000006,87.26866666666685,92.40293333333341,103.80639999999988,116.86338333333336,133.2791833333335,137.99988333333323,128.7736500000002,115.43555000000012,106.26498333333352,98.58935000000025,88.19173333333335,79.01614999999984
2024-12-30,70.32337500000003,66.96696249999998,64.54182916666674,67.83547499999996,78.3266833333332,91.37479583333344,98.10098749999983,95.93367083333347,87.15325416666693,80.37286666666674,74.58605416666663,69.82944583333342,67.87761666666658,73.96831250000007,83.10587500000007,92.68544166666672,107.04118333333327,112.09984166666683,102.35397499999989,88.82621666666678,79.27333333333334,71.66434583333326,58.83097083333325,52.456491666666594
2024-12-31,41.65144999999998,39.69556666666669,37.63574999999994,40.87763333333329,48.49581666666668,59.79585000000004,68.05981666666672,71.5955166666666,69.12133333333327,64.9468666666666,61.468449999999926,57.518666666666626,54.32271666666667,60.196899999999964,69.31249999999993,80.50450000000001,94.53048333333341,98.92868333333345,92.07034999999999,80.27100000000017,73.60748333333325,69.51206666666666,60.08126666666672,55.341366666666715
2025-01-01,12.750366666666695,10.314433333333325,8.236799999999981,7.397799999999985,11.027299999999988,13.76921666666664,17.247149999999973,17.711416666666718,13.671649999999984,9.296333333333331,5.986316666666677,0.9131833333333318,-8.25056666666666,-0.9478500000000063,13.322549999999996,26.071483333333294,41.13268333333341,49.481816666666624,48.99555,40.71161666666663,35.88435,34.448183333333354,26.683166666666605,25.97179999999997
2025-01-02,26.8389166666666,25.70738333333334,26.22981666666669,31.730183333333226,49.483349999999994,71.70919999999985,89.89431666666694,91.43868333333322,84.2206166666668,77.30046666666651,73.58494999999996,70.67955000000005,71.30496666666672,76.49034999999999,86.6227499999999,98.25626666666639,116.95371666666666,124.15283333333348,112.1793,95.83275000000012,86.75739999999968,81.49075000000005,72.2966500000002,67.30395000000013
2025-01-03,77.44141805555559,72.58302916666668,70.15565138888898,73.06654027777768,88.19855138888884,105.24221111111098,114.76208333333338,112.36128472222231,99.37948888888899,89.13272083333327,80.31773611111096,73.60756388888903,71.50245138888893,77.37321944444437,87.52704027777767,102.80207222222239,123.40873888888869,133.7218472222221,126.45394444444464,108.73875000000015,96.33785972222222,87.64686388888875,75.66543055555553,69.35490277777768
2025-01-04,87.37970476190478,85.94129126984134,85.31425396825392,88.8830674603174,100.9718599206348,114.27976904761903,123.01867658730164,120.68339682539683,116.13752063492083,109.10611944444445,104.96258452380951,100.88796388888879,99.8955575396825,105.87398849206349,115.93973730158733,130.13326626984127,150.19455555555535,157.88462539682553,145.0608198412698,129.220992857143,118.74685634920621,110.57257142857127,102.2104714285713,97.90881269841276
2025-01-05,89.2090333333333,85.61951666666661,80.64173333333338,81.15563333333341,85.8172833333334,93.78541666666665,98.89831666666682,97.7706499999999,91.91501666666699,85.6265333333333,78.07093333333339,71.97573333333334,67.79414999999992,72.04776666666672,80.03080000000008,91.63420000000004,106.0340000000001,108.73273333333324,101.54706666666668,88.70411666666661,79.65991666666673,72.35946666666673,60.19696666666663,50.07365000000007
2025-01-06,12.62990000000002,9.492349999999991,7.655566666666678,8.18508333333332,18.23356666666666,27.979216666666684,37.34954999999997,36.76326666666665,29.420483333333316,24.007066666666734,21.474750000000018,19.98806666666668,16.800050000000013,20.31133333333334,28.5471666666667,39.56118333333341,52.49875000000017,58.92215000000002,56.41809999999987,46.85834999999995,39.07486666666661,39.219383333333404,29.266233333333286,25.478358333333315
2025-01-07,12.921983333333355,10.743933333333326,9.22178333333333,11.42578333333333,21.058933333333382,37.376899999999964,61.3879499999999,66.46180000000012,61.09536666666678,54.18491666666655,51.5733166666666,50.08504999999993,49.24766666666671,52.87463333333345,61.187433333333274,69.2717000000001,82.9749666666667,88.04743333333346,83.1182499999999,71.76088333333335,63.31133333333337,62.27356666666675,50.42108333333337,46.36798333333333
2025-01-08,58.65374999999999,57.398316666666666,57.080933333333405,59.91091666666669,71.33349999999997,87.91076666666682,96.99144999999994,93.00903333333326,84.64135,78.06256666666663,73.71871666666661,69.8743833333334,69.05589999999995,72.77771666666669,79.64609999999998,89.44471666666662,103.64285000000005,113.78811666666671,107.05715000000005,93.63731666666679,84.62815000000005,79.06206666666685,72.32028333333332,68.77374999999995
2025-01-09,93.30335833333325,90.34277166666678,87.96148249999996,89.8663316666667,99.29205666666667,119.61409999999997,136.11574249999993,143.49102249999981,132.8060675,123.53636499999979,117.3459058333332,112.22953250000027,111.23651333333338,113.53806583333329,118.18535416666627,123.75230999999992,134.5696125,134.17836583333326,123.08163249999993,107.19859583333337,97.05229000000004,91.52772083333338,77.04805999999986,70.83595583333327
2025-01-10,81.4181050505051,78.12806792929295,76.86506338383829,80.41092045454536,94.32936161616162,114.89628510101019,130.444683080808,131.19304368686866,123.06211464646456,114.96584545454532,109.82935909090928,105.96682702020189,107.23704469696962,114.92095050505054,123.84445075757561,135.2239906565655,151.70291136363653,152.83758914141433,142.31800984848473,127.28033585858591,116.21338484848495,108.75117500000006,98.7764601010098,94.60088282828296
2025-01-11,94.2290952380952,91.44898809523805,88.92067063492051,90.58472460317445,98.14091984126993,106.92987936507936,115.61589087301584,114.94205992063476,110.5828960317462,103.6457174603174,98.19954484126976,93.51807142857147,90.71630952380953,95.77385555555556,104.11547222222217,116.4194067460318,133.8986039682543,137.44495595238104,126.72198412698424,112.96384087301601,103.62400039682541,97.46676904761905,88.1026857142857,81.00253571428584
2025-01-12,89.70285396825389,87.75595833333314,86.54561468253962,88.08556309523786,95.17013849206343,102.81222460317485,107.9601273809526,106.3085837301587,102.47727222222224,97.38530396825392,94.13654642857152,91.13462420634913,90.04523055555555,95.99125912698405,107.48964285714273,120.55090198412688,138.12882499999986,146.15570595238106,137.36535753968292,122.97574801587312,113.21209206349224,106.5978873015873,98.0001543650792,96.16389404761898
2025-01-13,103.48718333333316,101.2649500000001,99.71349722222213,102.22094444444433,114.18334444444434,135.37580555555536,151.4633472222222,151.54418055555527,140.65713055555574,130.44876666666676,124.66259166666683,119.6726027777775,118.62721666666671,123.88816944444481,131.67105277777762,143.06937777777785,160.39661944444455,163.7218972222222,151.72946388888872,134.3773249999999,122.54593888888893,115.30364722222231,104.2817777777775,100.24876944444436
2025-01-14,93.6805452380953,90.32093333333354,89.90772857142873,93.3033738095236,106.93984285714296,130.37351428571438,147.89688333333342,148.64166190476178,133.81019999999998,122.36075238095235,115.65028095238088,109.3761857142856,109.94733333333339,117.11991428571457,128.9631952380952,143.58504285714258,160.47875238095259,162.27728571428608,148.93064047619018,131.31118571428576,120.2703714285715,112.00369285714304,101.31875238095216,98.50504285714288
2025-01-15,104.48868333333337,103.15025000000006,102.45033333333333,107.08925000000004,120.26938333333322,145.34951666666635,173.87955000000028,185.64273333333318,176.7096333333331,165.19925000000012,160.4349999999995,154.8853666666665,153.96243333333342,162.20705000000018,176.46675000000033,195.47526666666633,219.4769666666668,210.24616666666708,186.5063666666667,161.01088333333328,145.83973333333327,136.04995000000034,122.47999999999985,119.0209333333332
2025-01-16,126.9824,123.95084166666672,122.09055833333319,126.37130833333326,141.3270833333334,167.26839999999984,196.46265000000005,210.49124166666675,199.17290833333328,184.31247499999992,177.12868333333313,169.2558999999997,167.15490833333342,174.0547166666667,188.30427500000013,206.35116666666667,231.34660833333342,229.1498333333332,206.69656666666666,180.3942249999997,162.71506666666647,151.9637916666666,136.27414166666682,133.55516666666657
2025-01-17,124.10450000000007,122.27180000000006,120.98881666666644,124.91143333333348,138.42558333333315,164.92116666666647,195.39351666666656,211.90104999999997,201.4343499999999,187.8473166666666,180.22891666666618,173.07963333333322,171.74468333333343,178.37398333333357,190.3965833333334,204.19991666666655,224.24150000000017,219.57343333333358,199.86921666666666,176.57093333333336,158.99748333333307,149.66148333333328,134.82320000000013,132.39918333333344
2025-01-18,125.49981666666649,123.57371666666668,122.06918333333306,123.9217000000001,132.50178333333326,147.16260000000003,163.83833333333337,170.7953499999999,166.54641666666663,158.34938333333332,154.9265000000001,147.88911666666672,144.33678333333344,150.13020000000014,164.3838333333336,178.08501666666652,202.86616666666612,206.84741666666656,190.0928833333336,171.20215000000016,158.1097666666664,150.18878333333373,138.19123333333346,137.4658166666667
2025-01-19,119.9340833333334,117.12875000000022,115.24623333333295,114.56843333333327,121.75224999999979,128.87631666666664,137.7287999999999,141.27079999999975,134.74341666666655,126.6491666666665,121.96391666666634,114.53451666666639,110.28550000000023,115.09149999999987,125.78285000000018,140.4111,161.60691666666636,170.70601666666676,163.98049999999972,149.41873333333317,138.25816666666628,129.9210333333337,120.1019833333336,114.35718333333342
2025-01-20,122.61023333333341,120.67329166666666,119.5512666666665,122.94503333333328,135.4328166666666,161.02187500000005,189.36950833333333,205.31197499999968,192.76515833333303,177.8432750000003,168.7919083333329,161.53027499999996,160.07794166666673,165.82333333333347,178.5470249999998,194.65297499999997,218.12277499999976,216.93062500000025,197.24046666666686,171.59879166666656,155.0308666666663,145.2919333333337,132.48524999999992,128.20513333333332
2025-01-21,133.69388333333345,130.25848333333337,128.04288333333346,131.7887166666665,145.37989999999982,174.93809999999993,218.50428333333306,239.7344666666664,220.68358333333327,199.54609999999983,185.69171666666634,176.48746666666665,174.14564999999982,183.33036666666655,203.56455000000005,226.46228333333332,256.6367666666662,248.865466666667,222.14301666666725,189.14705000000012,166.40991666666633,154.3235999999998,139.0417000000001,135.32024999999985
2025-01-22,124.84766666666675,121.48234999999988,119.66575000000007,125.85193333333329,144.63881666666632,176.81229999999988,209.4825333333333,220.85416666666657,206.25498333333283,190.62551666666647,178.3052166666663,170.06285000000008,166.35821666666672,171.82581666666678,183.6311999999999,199.64353333333332,222.95136666666673,216.1195499999995,191.91508333333323,166.42736666666653,148.7513833333331,137.36676666666685,121.05455000000012,117.09926666666676
2025-01-23,101.69951666666655,97.74422499999984,95.33675,97.85449166666663,108.89847500000013,133.2916083333332,157.45209166666666,164.14387499999995,151.93066666666675,139.69037499999973,130.84954166666628,124.1818999999999,119.92369166666678,121.76351666666662,128.2751250000001,136.46612499999995,153.76940833333316,153.4362583333336,138.20856666666683,117.75583333333319,108.21919166666683,103.4927083333333,85.8327000000001,77.54837499999995
2025-01-24,41.35668333333333,39.121800000000064,39.38079999999998,44.958516666666654,63.91219999999995,92.7844166666664,111.4230999999999,111.28548333333342,99.02193333333348,89.53345000000003,81.94698333333324,76.84623333333323,75.01419999999996,79.8625833333334,88.38060000000014,101.26130000000015,120.86658333333338,127.92923333333364,115.30906666666652,98.87601666666677,89.21084999999984,83.8933666666668,72.20639999999997,67.32172499999974
2025-01-25,59.88586666666672,58.868233333333244,59.46150000000003,65.29956666666651,78.63668333333324,98.32518333333324,109.37911666666679,108.02174999999994,102.78048333333338,96.79094999999988,91.85886666666644,88.63090000000004,86.81163333333336,93.30161666666663,105.32098333333313,122.70070000000011,147.70646666666676,159.8429500000001,148.44078333333312,130.51531666666676,118.29590000000002,110.2323666666667,100.12461666666682,96.0286666666668
2025-01-26,111.30406666666664,108.63509999999991,104.4167833333331,104.31378333333332,109.1197833333334,116.6336333333332,124.73434999999974,124.4507500000001,119.36968333333338,112.23794999999994,106.80301666666661,99.64723333333309,96.00838333333326,100.89405000000004,110.8641833333333,124.99516666666685,146.02466666666683,151.4422333333333,142.17403333333337,127.03909999999999,116.2007999999997,109.26668333333349,98.46251666666677,88.64015
2025-01-27,27.673283333333256,23.785150000000026,21.368416666666658,24.55035000000001,41.255833333333385,67.70516666666667,87.26186666666673,87.83351666666668,73.70528333333327,64.30934999999992,58.485683333333306,53.81738333333336,52.806966666666725,58.51578333333338,67.58510000000005,80.81941666666661,100.9865166666667,109.44283333333325,101.84784999999974,89.20191666666685,78.62381666666654,72.56145000000005,60.455933333333284,52.24123333333325
2025-01-28,71.49916666666674,69.27111666666663,69.0722666666667,75.02081666666678,91.0818333333333,116.79703333333295,141.70554999999985,150.62338333333312,142.79958333333317,132.9646499999999,126.99298333333326,121.19108333333325,120.36456666666663,125.61881666666685,135.37948333333333,146.1441833333332,164.4959000000001,168.15051666666673,154.035183333333,134.58746666666673,122.45520000000002,116.24489999999997,100.90176666666665,97.76361666666686
2025-01-29,68.43643333333338,64.16444999999996,63.47495000000012,67.04043333333327,81.46298333333328,103.73764999999999,121.11789999999986,124.18656666666683,113.22395000000006,102.47703333333328,96.11481666666658,90.28733333333345,89.79301666666682,96.4451,106.99286666666657,120.78565000000009,140.47140000000002,147.20108333333357,138.18741666666682,120.44896666666672,109.39241666666686,103.8194333333334,92.18494999999997,88.6279416666665
2025-01-30,92.9103499999999,90.9068000000001,90.28839999999998,94.49861666666662,107.03958333333337,130.6022833333334,150.8134499999999,157.26233333333332,149.30640000000002,140.27831666666665,135.64013333333315,131.14370000000002,130.24931666666652,136.79928333333348,146.61858333333322,158.12954999999985,175.167716666667,174.82798333333344,158.5312666666667,139.67255,127.39133333333326,119.71958333333347,107.08461666666655,104.4836
2025-01-31,115.00986111111102,112.5851222222221,111.61439722222221,114.80233333333345,128.40476944444453,151.90674166666668,175.76706111111105,185.66524444444423,167.9227277777775,152.22132777777776,142.96998333333326,135.63635555555547,135.44906944444438,142.88384166666688,156.20431388888912,171.97149722222227,190.74242500000008,190.66805000000014,176.59964999999985,155.59054999999998,142.49286388888896,134.37630555555577,121.93099444444418,117.64095833333326
2025-02-01,122.2062944444445,120.14297222222257,118.40813333333307,119.59057777777777,127.28251666666648,136.9521777777779,147.65289444444457,150.78540000000007,143.54308333333353,133.13171111111112,127.004183333333,120.48008333333327,116.6706555555556,122.35353888888886,134.74585000000025,150.95868888888896,172.53329444444373,180.3090833333336,169.30505555555587,153.13692222222204,141.53219444444392,132.68688333333336,123.00629444444482,118.48660555555576
2025-02-02,118.9237333333332,116.21023333333355,114.07388333333301,114.0376833333334,119.8990666666664,129.62298333333325,152.69148333333354,155.82248333333337,146.79196666666724,137.1743833333334,129.67363333333307,120.79773333333307,117.86791666666691,126.11243333333293,145.27978333333348,172.24738333333306,203.74566666666624,202.76546666666619,182.86683333333363,155.42859999999985,138.9957999999996,129.55016666666683,119.24706666666694,115.91934999999981
2025-02-03,121.52401666666674,119.32966666666645,118.46846666666664,121.12188333333322,134.60326666666646,158.4626166666667,196.24781666666678,214.25316666666657,191.22599999999983,170.8506000000002,157.4594999999997,149.52053333333322,148.3237833333335,156.0579499999999,176.16233333333324,203.46799999999982,237.9051333333324,229.71906666666658,204.00940000000026,172.07151666666672,152.48864999999964,142.21463333333352,130.83743333333362,125.49761666666649
2025-02-04,125.26012916666654,122.82067916666672,121.9006027777777,124.43508888888917,137.4352569444444,163.31343472222215,188.25531250000023,196.67342916666612,176.1994027777778,156.05538333333322,144.19480972222235,136.2639527777776,134.77262083333326,140.20930694444462,151.98621388888898,168.40664444444448,190.8677861111113,192.86732777777766,177.6547597222223,155.52472222222198,142.06217361111098,133.14429583333325,120.30824305555569,116.27868750000016
2025-02-05,114.24936055555578,112.09393194444432,111.78215750000003,115.06042166666685,128.1434030555556,151.50775083333343,176.0849475000001,184.437900555555,165.73368833333345,150.98581611111092,141.99991444444436,136.846732222222,137.1227880555555,144.77674277777803,158.95680222222234,174.1302594444444,194.7755049999999,195.0811861111114,180.39047833333316,159.43886250000014,146.67132777777755,139.15902555555567,127.12055416666672,124.33996500000006
2025-02-06,125.23069206349179,123.01681904761885,121.65019365079357,124.7143563492065,137.2030666666667,163.04488253968256,191.65468333333354,205.33747142857092,185.75027857142862,168.16379841269816,158.17553650793647,149.80763253968234,148.00989365079352,153.1494357142858,163.60291666666686,177.3477285714285,196.2470198412699,196.20462777777774,180.77872857142856,158.87082301587296,144.25179999999972,136.09218492063476,123.40716111111111,120.19901904761893
2025-02-07,106.49454999999993,102.59796666666695,99.99831666666684,102.17928333333317,112.8147500000001,135.02205000000015,157.28940000000017,165.59623333333303,150.01884999999987,134.3472499999998,126.01091666666636,118.37521666666657,116.77516666666678,120.60880000000004,130.4482833333336,141.0356833333333,160.33420000000015,162.9644000000002,149.4551000000001,129.26975000000013,117.83943333333315,111.47951666666658,96.12821666666683,92.99741666666662
2025-02-08,82.53478888888874,80.76688888888879,80.83357777777783,85.25236111111089,96.67467777777767,107.56794444444431,112.98523333333307,109.97152222222205,102.70719444444447,96.19586666666659,90.44600555555556,85.91633888888904,83.80532222222209,91.44298333333319,103.7024777777775,123.1385333333334,152.30905000000027,171.45529444444395,158.03954444444446,138.2958944444443,125.54046666666672,119.57513888888865,109.90796111111092,106.49291111111123
2025-02-09,120.23620000000007,117.08153333333338,114.4168333333332,115.23434999999994,120.58934999999991,129.7340499999999,136.26711666666654,135.3538999999999,128.5218,119.40554999999986,113.21703333333329,104.31069999999987,99.76853333333328,106.27428333333312,119.25153333333326,139.05831666666677,164.50129999999976,177.1039166666667,167.03890000000015,151.17569999999986,139.02314999999982,128.40335000000022,117.3108666666668,111.79020000000001
2025-02-10,109.65819999999975,105.54530000000005,103.48720000000012,106.07626666666646,121.1479000000001,144.96956666666674,167.51231666666686,176.93781666666658,159.03761666666642,142.69001666666645,130.1125999999997,121.61583333333324,117.61306666666661,119.5657166666666,127.9130666666664,141.28790000000015,163.43004999999985,163.9539833333335,146.32286666666704,123.1912499999999,110.07504999999998,102.34758333333333,85.91955000000014,79.19988333333322
2025-02-11,73.72319166666661,69.9111833333334,69.36139166666663,73.46188333333328,86.39220833333327,109.07291666666647,129.46959166666645,135.99389166666666,126.43441666666664,116.87133333333338,111.34788333333302,106.10202500000001,106.62906666666662,113.56954999999999,124.05923333333335,137.30103333333352,157.67582500000026,163.47700833333369,152.16988333333336,135.0415249999999,122.96195833333329,116.37110000000006,104.09313333333323,100.79342500000021
2025-02-12,118.88578333333344,117.42572499999994,116.2453583333335,120.29581666666682,133.588125,158.20659166666667,184.7588833333336,193.54344166666615,176.60707500000015,161.23040833333337,152.91986666666648,145.01884999999996,143.73498333333364,150.11623333333338,162.62788333333364,176.17864999999995,195.18904166666695,197.90830833333317,185.73689999999993,164.5508999999999,150.64099166666657,143.80565,130.18401666666676,127.05385833333327
2025-02-13,127.66985833333337,125.41374444444453,124.11856111111092,127.24170555555546,139.32322499999992,163.0634499999998,189.8534944444443,206.46575555555535,187.57320833333355,169.33992222222236,158.82860277777772,150.637861111111,149.39205833333318,154.02247777777777,166.11178888888884,181.2553499999998,200.731108333333,203.37516666666667,188.5795250000001,167.6336944444445,152.703655555555,144.3281972222224,131.64663333333328,128.35642222222222
2025-02-14,130.92846666666708,128.54248333333348,126.13049999999996,129.02189999999996,138.69306666666645,167.5106166666661,237.35268333333332,262.7442833333337,247.70789999999965,224.15766666666713,208.45328333333302,196.30205000000007,195.25806666666728,207.51628333333306,238.1790333333334,273.2696833333332,315.1917666666666,287.3284833333331,246.57868333333337,194.86253333333335,166.29741666666595,154.64548333333343,140.80945000000023,137.77583333333342
2025-02-15,130.03900000000004,127.68071666666683,125.19053333333325,127.33823333333348,135.06123333333298,150.8700666666665,171.54818333333336,175.7688166666666,166.21155000000016,153.30061666666666,146.84696666666662,139.57994999999997,135.4746833333332,142.3623499999999,161.3546333333335,186.70483333333337,221.7213999999997,225.40931666666694,198.2889833333336,170.86566666666653,155.5221999999995,144.6643166666668,132.2538000000003,129.85454999999996
2025-02-16,119.90638809523814,117.13366190476215,114.9231023809523,115.61883333333314,121.65178571428582,129.9323857142857,139.47907857142866,141.08306428571424,133.717442857143,126.24719761904761,121.14485714285705,113.91602142857128,109.2887714285715,116.10680238095216,128.52951666666675,147.4194785714287,169.16426666666644,179.14158571428564,169.71764523809517,153.36827142857123,141.53713333333297,132.60025476190503,121.12969285714304,117.48896904761908
2025-02-17,122.10434999999995,120.16629999999992,119.30031666666665,123.25158333333329,137.46921666666665,164.13611666666668,195.42746666666704,214.16824999999957,184.83371666666653,164.26024999999993,150.1868166666666,142.68763333333325,141.47980000000007,149.2938500000001,165.90206666666643,188.03621666666686,219.93546666666646,218.0428999999999,197.60551666666692,172.10466666666682,154.91604999999979,145.67083333333343,133.4273000000001,129.0261333333331
2025-02-18,120.7984166666667,117.62706666666669,116.73405000000001,120.49549999999995,133.67713333333333,159.13833333333318,184.41910000000007,193.51009999999994,169.00911666666659,147.4096666666663,135.42064999999994,127.06249999999986,126.36736666666674,133.74694999999974,147.2261000000002,167.26418333333328,191.7837333333337,195.53355000000005,178.2303999999997,155.49609999999973,140.72998333333325,131.98725,120.61874999999998,116.76004999999974
2025-02-19,97.31271666666677,93.51215000000012,92.12276666666668,94.05793333333312,107.27106666666667,127.69451666666677,146.1846333333333,150.52354999999977,132.86724999999993,118.94493333333317,110.6182999999997,102.71031666666673,100.75674999999998,105.92491666666662,117.49421666666655,133.21010000000007,156.41474999999986,163.79730000000046,150.79518333333368,130.98124999999985,117.82749999999987,110.93946666666673,99.15618333333325,94.15786666666665
2025-02-20,79.68731666666659,77.0282000000001,77.8154833333333,82.44164999999991,95.70540000000001,117.32653333333316,137.79951666666636,143.65391666666645,132.1037333333331,120.07991666666663,113.0282499999998,107.20708333333327,107.35575000000006,113.19550000000001,124.99716666666663,138.46911666666657,158.82020000000006,167.52985000000012,156.7111499999996,137.54686666666655,125.43101666666674,117.58703333333321,105.7265499999999,104.05460000000011
2025-02-21,75.91431666666666,72.78633333333336,73.0406499999999,77.15999999999997,91.17393333333325,110.76033333333321,129.98100000000002,135.00201666666666,124.14946666666651,113.74914999999993,107.60663333333324,102.7857333333334,101.4575166666666,104.87336666666671,113.61013333333337,123.64703333333327,140.01508333333322,145.86366666666683,136.98666666666628,118.87483333333343,107.7564000000004,102.33821666666648,89.4146499999998,86.03775833333339
2025-02-22,44.10234999999999,41.97084999999999,42.227349999999966,48.14545000000002,60.1126333333333,74.28906666666667,84.57935000000003,86.03914999999998,81.40005000000006,74.14688333333325,68.13108333333345,62.72583333333337,58.772733333333356,67.35411666666663,84.03774999999999,102.78078333333355,123.99840000000006,132.89328333333347,124.34723333333314,108.63998333333336,99.51925,93.88000000000007,84.67699999999998,80.36566666666675
2025-02-23,85.32170761904759,83.20304071428568,82.42280476190473,85.66453333333334,95.82043285714279,105.93647571428575,112.31422285714287,109.12270952380945,102.49159785714303,96.16548571428554,91.49993857142853,86.11429380952383,84.26566952380946,89.92426119047633,100.64070904761903,114.63789476190497,133.53177880952387,142.4094845238095,133.77257523809536,119.24590166666678,109.5501000000001,101.83098404761893,93.33457666666669,87.86282880952375
2025-02-24,63.88350000000008,59.7812166666666,59.08526666666656,64.51418333333326,81.48138333333344,101.39976666666657,115.98106666666656,113.5425166666668,102.0386666666665,91.05748333333345,83.43995000000005,78.53341666666671,78.99831666666672,84.40709999999994,94.99838333333328,111.45668333333347,132.36568333333344,142.84091666666666,131.8758500000001,116.11451666666666,106.01431666666691,99.11289999999974,88.77253333333333,84.01266666666677
2025-02-25,90.84296458333341,89.5450645833333,89.71654374999986,94.51763958333326,109.5801458333333,131.52339375000003,149.49684999999985,155.83245416666674,145.97957291666654,136.80335833333322,131.01328541666658,127.49202708333323,127.23889583333327,133.36881666666707,145.53386041666684,161.32976041666637,185.70031041666707,186.9971145833335,165.98446666666663,142.68635624999996,129.26916249999988,119.79283958333347,110.56858541666664,107.28225833333329
2025-02-26,120.16531666666653,117.99986666666655,117.15647222222209,120.44227777777778,132.47264444444428,156.88831111111114,182.2219722222223,193.82596666666637,174.2740277777778,156.59602222222222,145.71396666666632,137.87598333333344,136.82749999999982,142.818688888889,155.1231111111112,170.78997222222222,192.9336555555553,194.01829444444425,177.5916722222222,156.68847222222215,142.7729166666663,134.41286111111114,122.4469444444444,118.28965555555538
2025-02-27,103.94209722222213,102.2983083333334,102.08060138888872,106.36102222222223,119.58529305555543,141.85860555555527,162.598954166667,168.2756388888885,153.3150777777778,139.66141527777782,131.94236527777787,126.65372638888876,126.83399722222227,134.44741527777794,147.699336111111,162.8373930555555,182.13401805555552,184.3881180555555,170.4588430555557,150.92089444444463,137.5514666666663,128.39683055555554,117.73843472222218,115.21420138888888
2025-02-28,114.8502708333333,112.68842916666647,112.0094916666666,114.64461250000032,126.01490833333347,146.35839166666665,168.21635416666675,176.60204583333325,160.5782833333336,145.25065000000006,135.3361166666663,128.21224583333316,127.41982083333326,133.30231666666688,146.42181666666642,161.2306916666667,179.948045833333,184.16648333333347,172.44555833333308,153.16213750000009,140.43674999999968,131.97453750000008,121.72577916666681,118.58136250000013
2025-03-01,114.69705833333299,111.66657857142854,109.83768690476172,110.87231190476183,117.99025119047627,126.46219166666667,134.9500702380953,135.44343928571433,127.47831190476214,119.23459642857141,113.70522380952382,107.46074523809513,104.01871547619064,109.54118809523796,120.73537023809527,135.385238095238,153.56719285714252,162.4867357142855,155.2891250000002,142.5975404761901,131.87848571428546,124.43957500000029,115.63342857142857,112.59465119047624
2025-03-02,106.97020370370365,104.1402444444444,102.93931666666661,104.18172777777774,110.79634259259268,116.7851796296296,118.74250370370378,111.86141666666659,102.10834814814821,92.38590370370375,85.37817407407414,77.69962777777788,74.12901481481482,80.6382666666667,92.22328888888894,112.52601111111115,137.5303481481482,154.41851111111114,152.66381111111093,139.8414592592592,128.5886425925926,118.4119037037037,111.07776851851847,104.37509444444443
2025-03-03,92.70988333333335,90.37436666666666,89.57705000000001,94.00835000000004,111.41703333333338,127.48921666666656,134.00030000000004,126.57684999999981,107.21746666666688,93.03989999999997,82.11926666666666,75.12408333333327,74.1957666666667,81.55598333333336,94.6263166666666,113.06995000000008,135.35396666666674,155.73571666666697,157.7068166666667,135.30409999999998,119.91446666666675,109.79724999999983,101.48306666666655,96.62406666666662
2025-03-04,104.34852222222223,101.82544444444453,100.57622777777787,103.97427777777784,118.08128333333326,138.83333888888882,154.88539444444456,154.19016111111097,133.80782777777782,116.94699444444436,103.72278333333327,96.43089444444436,95.51957777777777,104.35983333333323,116.23051111111111,133.11280555555575,157.26652777777772,171.89331111111125,163.4718666666668,141.96936111111106,127.64710555555548,118.43161111111115,109.56992777777764,103.96719444444439
2025-03-05,85.34598333333332,81.85991666666676,80.97566666666671,84.18689999999995,98.78753333333329,117.64744999999994,129.53063333333347,123.16519999999967,102.4152,85.89165000000015,71.27056666666658,62.39336666666674,61.42133333333334,71.27091666666664,86.42593333333326,106.72741666666677,134.31455000000005,152.5945500000002,148.12749999999988,130.36021666666673,117.06790000000021,108.91411666666659,99.78188333333323,94.00566666666667
2025-03-06,84.26648333333338,82.06471500000006,82.3203449999999,87.69595999999996,105.20648333333338,122.73718166666663,128.91977166666683,115.96238166666653,96.35226166666678,79.91183166666661,66.29565833333331,58.875300000000045,58.17084333333326,69.96169666666674,86.6159449999999,108.65231166666668,133.41086499999992,158.01358166666668,155.81994833333314,131.99664666666678,116.20894500000014,107.75455333333333,100.65126999999995,94.85583833333338
2025-03-07,87.87798611111113,86.3515583333334,86.79049999999987,93.02131666666664,112.76035833333327,133.51824444444443,137.09116111111123,125.20944999999978,109.11048333333345,97.88635833333335,89.19957777777769,84.57486111111109,85.13355833333335,93.11679722222227,106.61315277777767,126.33281111111106,159.9229250000002,199.47745555555548,181.545375,141.73378055555537,122.57083333333343,112.66045277777785,106.01400277777769,101.25626388888891
2025-03-08,102.5531682539683,99.82138253968239,98.65568492063494,102.83442341269847,114.71574801587316,124.70870952380942,122.11998571428589,108.99517460317465,95.44452857142862,82.31008253968238,73.02395833333325,64.833157936508,61.38306825396823,68.54476388888894,82.82944325396839,107.71908373015877,140.0774912698415,167.08855873015872,162.16753611111116,142.29025198412683,126.59887658730163,114.84080952380947,108.84080873015859,101.58779087301572
2025-03-09,91.34354333333336,90.08225833333333,90.04025416666664,93.3081241666666,102.30362500000007,107.47029500000006,101.21824833333338,87.00245000000011,70.38550500000021,54.62884833333332,44.1794333333333,35.02036249999994,33.53613583333332,44.69095083333331,67.51173999999996,94.74200833333333,122.30190833333366,150.41494833333314,149.3952224999999,128.4882733333335,113.9678108333335,103.9950100000001,99.7083716666666,94.23937833333335
2025-03-10,95.35044555555541,94.26064277777773,94.17977111111112,99.90404222222223,121.19520944444446,144.4923822222221,149.8122333333336,141.13124111111105,127.2179988888889,116.2343783333334,108.59991611111117,103.98639333333324,103.86851666666657,110.65909833333343,122.96440999999982,141.81455777777782,171.27913666666672,191.02078222222227,170.81634444444438,141.96142833333352,126.83500888888886,115.82691166666669,108.55183388888884,104.98933333333328
2025-03-11,96.87620833333314,95.69150833333333,95.59854166666673,99.62136249999998,116.45560833333329,141.51480416666672,150.95948333333342,143.24708750000002,128.51780000000016,117.32416249999993,109.75369999999988,105.3205666666664,106.49194166666678,113.61459166666701,126.83140416666659,148.5312375000001,177.92011666666681,189.4639250000001,164.8125458333334,137.27467916666652,123.80317500000002,113.27349166666669,105.84418749999993,102.8444499999999
2025-03-12,105.68087888888886,104.12634888888891,103.76123333333341,107.31954333333321,119.76490888888877,145.9136822222222,161.0895966666667,163.00076444444474,147.4146600000001,132.64288111111105,123.8136777777777,118.0411166666663,118.24674555555563,123.56485333333355,136.16983777777773,155.86192666666673,181.81893222222206,188.44998888888912,168.49464111111092,144.44538333333344,130.61380888888903,121.48814666666668,112.48097444444431,108.90677333333365
2025-03-13,105.21667999999974,103.25411250000008,102.61987916666658,106.2007541666667,118.43336916666648,140.46887333333325,156.51091166666654,155.16567333333384,139.40534416666685,124.95041500000012,117.66227166666685,112.29936499999991,112.82926583333351,117.91683833333363,130.20190999999997,148.05828166666697,168.08270583333336,181.27734833333363,166.30799583333336,144.69147166666687,131.56330833333317,121.86895750000004,113.55635750000013,111.14997916666663
2025-03-14,107.07586249999989,105.0833666666668,104.39856249999985,107.95711249999985,121.09508749999979,142.88743750000015,158.5344124999999,158.3737041666666,145.60924583333335,130.44336666666635,121.63126249999983,115.88972916666656,115.34015416666679,120.12049166666695,130.1003708333334,143.85195833333364,162.44203333333314,172.1308250000001,162.40503749999996,142.5637708333335,130.67642500000008,120.53900000000023,111.17451666666648,108.50037916666649
2025-03-15,99.37028295634904,97.32163787698406,96.66066718253963,98.90488218253977,109.97699311507927,120.46188323412704,123.55277172619047,116.66657071428573,106.62362714285705,98.81886886904759,93.26035291666666,88.1161356746032,86.237053234127,90.8535378373015,101.42798454365067,115.3643615277778,134.3783989484129,149.33537787698424,143.23686716269842,128.75491045634917,117.47129765873014,109.20668444444459,103.06210150793628,98.15596779761896
2025-03-16,86.72929305555553,84.75444305555553,84.19664583333336,86.82969861111116,94.61413333333337,100.38798333333344,97.36568055555553,86.50247361111116,72.08182083333347,60.380161111111086,52.13108888888882,43.22871666666666,40.231109722222264,47.33334861111108,64.42909444444444,87.7869374999999,110.65504722222235,129.10462638888896,131.18467638888882,118.22035138888899,107.12402083333343,97.45655138888883,89.3004305555555,83.07588055555547
2025-03-17,84.64970000000004,82.68511388888895,82.7668583333332,89.23679999999997,108.56776250000004,127.69447083333313,131.7057763888888,118.1560041666665,101.29139305555574,89.12329999999992,77.52056944444449,71.57969722222232,71.16284166666671,80.33727638888888,93.4165930555556,111.34619305555543,135.33151666666666,162.83052083333322,154.4073736111109,129.87574027777794,114.90185833333332,105.2926152777778,98.30435416666656,94.60904166666667
2025-03-18,87.77522908119643,86.33525694444452,86.33654256410249,91.54746514957246,107.25991224358988,128.047747008547,135.18257438034206,115.31394670940169,90.89524756410238,70.68726739316234,53.327291837606914,44.77491373931638,43.782512713675224,57.430572777777826,82.46972275641039,109.3885059401708,137.01918316239306,166.53062012820521,160.29282115384598,132.64168940170927,115.65182933760686,106.9380154914531,99.61788841880353,94.87250865384617
2025-03-19,91.57304999999984,91.16208333333348,90.91166666666656,96.02886666666657,112.66404999999989,134.23203333333325,139.70934999999974,119.61373333333322,94.54599999999988,73.0302333333333,54.73008333333345,47.24450000000014,46.55603333333343,59.49510000000013,85.61990000000003,112.9155666666668,145.23820000000026,181.88915000000014,172.3867,140.18521666666646,120.95421666666681,111.52283333333366,103.51813333333365,100.80383333333349
2025-03-20,105.53274444444465,103.85782777777791,104.01320555555554,109.13953333333313,126.89917222222209,148.50627777777783,154.246411111111,138.670511111111,116.79386666666677,96.45937222222194,82.69744999999995,75.31307777777779,74.1715555555556,83.7711777777777,104.2869111111113,129.16036666666676,165.0425000000001,211.26602777777762,194.7378166666668,156.1158333333332,134.45843333333323,123.14697777777782,115.17646111111094,110.13216666666662
2025-03-21,98.8186333333333,93.82110000000002,91.74691666666689,92.8228666666667,109.98133333333334,129.15968333333325,135.136966666667,122.98805000000003,102.36888333333351,82.6697666666665,68.22751666666653,57.961766666666676,53.91798333333343,60.928750000000036,76.91649999999987,98.4602833333335,126.42660000000011,147.89566666666667,136.03543333333366,111.17111666666669,98.56098333333324,88.47161666666663,75.08051666666674,67.78543333333324
2025-03-22,14.80668333333339,11.583999999999975,10.766366666666665,10.113399999999977,15.416733333333365,19.70073333333334,22.437966666666636,20.738883333333387,12.843116666666658,7.1526000000000005,2.2525666666666595,-2.8306166666666615,-8.735133333333355,-1.729866666666669,11.510066666666686,29.574316666666594,52.28320000000026,67.67033333333343,68.62526666666685,58.60225000000003,52.21463333333341,47.09768333333339,38.37101666666662,35.06555833333326
2025-03-23,34.85753333333334,33.84271666666674,33.93458333333326,35.83328333333338,40.215683333333324,46.259333333333366,49.3421166666667,47.93093333333338,43.364316666666724,40.46209999999999,36.543383333333374,30.03203333333333,26.122899999999984,32.28680000000004,46.41596666666664,67.82506666666666,91.1562666666667,102.92790000000022,98.43469999999955,87.87998333333327,80.59316666666655,72.71056666666671,66.2134166666666,60.759425000000086
2025-03-24,98.68349166666663,97.52794999999993,97.27241666666681,101.82081666666673,120.56188333333331,146.59239583333348,152.13377083333341,139.54509999999993,122.21012916666659,110.46094999999984,103.53572499999994,99.50032083333326,99.60696249999994,105.84309166666691,117.24892499999984,136.91333333333344,168.14172083333338,196.10490416666647,174.02847500000027,143.01294583333333,127.33299583333304,115.93248333333327,109.04570416666668,105.59828749999986
2025-03-25,103.34502061965809,101.19033290598306,100.60910480769239,104.45648365384613,119.68790630341869,141.78188258547007,151.46760021367524,144.10163472222192,128.25233311965786,114.58280726495728,106.69226549145286,101.12551410256411,99.81282403846153,104.40146613247863,113.31350544871789,128.5138931623933,149.66829380341875,170.91880363247893,161.79326997863254,139.39389337606843,124.22850641025629,114.68308621794887,106.35549882478614,100.53724668803416
2025-03-26,95.3637574074073,94.0371347222223,94.4410143518518,99.22084351851854,117.47254027777774,138.82737500000002,143.84218657407422,132.54594907407412,117.3078578703704,106.00403935185183,98.4479550925925,93.32092777777784,92.48338287037045,98.46907638888887,108.56168333333324,125.60613842592582,151.8493138888889,181.3921162037036,167.5804046296298,138.68498518518527,122.80160231481473,111.78050694444437,105.20383611111117,100.99201157407394
2025-03-27,96.76435389433563,95.2252893518521,95.48417938453154,100.2021893985371,117.39825015950807,135.479572455649,137.06016428960456,123.09406546840951,105.01160184018062,91.06793388966685,80.55360860177399,74.99680721677552,72.93169422268909,80.57306861188914,93.92713003034545,112.05675825552423,139.160894187675,170.99886761204468,167.82787244786797,142.00538793183955,124.17861179582947,113.54752871926556,106.51028655462183,101.93006551120449
2025-03-28,88.53625476190473,87.58856666666685,88.19781190476192,94.97275238095231,115.25994523809534,130.21305000000007,123.73753333333339,101.93659761904767,79.68856428571432,61.20618571428572,43.79540952380948,35.78304047619052,35.30278333333331,49.09391190476201,72.63979285714282,96.98223809523806,124.09088333333318,171.39910238095243,178.57815238095256,140.5659952380949,117.53284047619037,105.21059285714273,99.36446190476187,94.91462142857137
2025-03-29,95.59499999999998,93.7789888888888,93.15975277777771,96.64950555555552,108.22188333333338,117.76669166666657,114.754361111111,103.22795555555547,90.91773333333337,80.21085277777776,72.8038222222223,65.63812777777784,62.46570277777779,68.11837499999999,81.6864277777778,99.08403055555553,121.16139166666684,141.85009722222222,142.0515194444446,126.56417777777776,113.56542500000003,103.73386111111103,97.8376277777778,91.01637222222227
2025-03-30,34.57476666666668,28.937183333333294,26.85023333333329,25.115166666666696,28.952783333333368,30.952783333333368,28.348216666666623,22.5292,12.331516666666651,2.1374333333333317,-6.430800000000007,-16.853216666666672,-23.84503333333332,-14.568333333333321,3.1975666666666664,20.239683333333314,44.18706666666683,60.13996666666669,61.692266666666654,53.72498333333334,49.49473333333336,43.1391166666667,35.99863333333334,30.438008333333297
2025-03-31,43.557083333333374,41.89396666666659,44.25084999999995,54.358349999999945,79.09571666666655,103.71343333333321,118.07721666666698,111.70176666666661,99.46663333333342,89.26188333333324,83.12751666666671,80.14426666666665,82.0138333333334,89.28703333333335,101.66291666666682,120.74593333333311,149.09980000000004,166.85568333333336,147.3814666666666,121.29616666666676,108.4853666666668,101.24403333333339,92.15043333333337,88.21177499999997
2025-04-01,86.42279226190477,84.57331686507948,84.73387142857142,90.84821130952369,112.55094861111114,131.1909327380954,128.66463373015858,111.15651646825395,93.94123749999997,81.11834384920627,70.05279484126983,62.80757579365087,59.94919900793653,65.7202992063492,79.8187577380951,99.1219043650793,125.8120607142858,160.65741448412717,159.20299444444456,128.54182857142877,111.11234206349218,98.19340277777766,90.36144285714292,84.55614603174604
2025-04-02,53.799849999999964,50.68278333333337,50.73091666666667,57.18678333333319,77.27915000000002,95.17510000000013,93.92886666666675,77.62848333333325,53.522649999999906,35.24333333333338,24.146050000000045,15.579150000000018,12.869066666666672,18.174316666666666,31.26268333333332,54.732916666666725,83.64081666666684,103.93413333333348,106.7634500000001,96.62008333333328,86.61153333333327,75.43663333333319,65.12291666666675,58.65524166666665
2025-04-03,55.37866666666671,53.45509999999999,55.62781666666671,64.77388333333322,86.81336666666677,105.54058333333346,105.17509999999997,88.55274999999992,70.47096666666671,54.49278333333332,43.25463333333342,36.918,37.95216666666659,45.98966666666662,62.90426666666676,86.90158333333328,112.4264666666666,139.4182333333333,135.04361666666676,110.86781666666681,97.04966666666691,87.8704333333332,82.3662166666666,76.70425000000004
2025-04-04,86.98629083333329,86.10753916666667,86.96575583333319,95.63668999999992,117.6535516666668,132.45321583333336,121.22477416666676,96.97156166666684,75.447215,55.66991916666671,40.93371749999997,33.18969166666675,32.75145333333332,43.794387500000056,67.64147083333332,94.4319216666666,123.57861916666644,175.32845666666677,181.41511000000017,138.6677974999998,114.43353749999977,100.94568916666653,95.50389916666663,90.32913750000021
2025-04-05,76.85475833333328,74.18299999999988,72.9644000000001,75.34543333333335,81.34446666666665,83.23126666666667,73.32712500000007,55.2334833333334,37.96488333333334,24.11744166666667,12.060683333333305,-0.30429166666666657,-4.311433333333334,3.908925,21.49298333333333,43.78686666666661,77.01468333333344,99.52405000000003,104.75357499999996,92.94181666666674,85.32957500000002,74.93431666666675,65.33876666666671,59.937999999999995
2025-04-06,48.18743333333332,44.73241666666664,44.14458333333335,43.72395000000004,44.88635000000008,43.64976666666665,38.23881666666662,28.782849999999975,15.826433333333368,6.979816666666685,-2.563916666666667,-14.638099999999993,-20.707633333333348,-11.266133333333316,8.192400000000001,33.80988333333336,68.69833333333331,92.75630000000034,100.85251666666655,94.41754999999986,88.35651666666644,77.76631666666658,71.21256666666667,63.63595000000001
2025-04-07,84.5208,84.67995000000002,85.63509999999981,94.28298333333329,118.89971666666655,135.9888666666667,121.88534999999993,94.64451666666679,69.22936666666668,45.294016666666764,30.102400000000053,23.99355,24.550133333333346,36.48825000000002,61.8891833333333,91.40563333333338,119.52796666666657,163.69266666666684,182.1381000000002,140.75711666666643,113.99863333333339,101.0198000000001,97.68111666666668,92.6440833333335
2025-04-08,88.73732083333326,88.48093749999988,89.484825,96.89711250000006,122.04568333333344,140.35967916666652,129.75867083333313,107.70932083333362,88.79775,74.55590833333312,64.57985416666658,59.46593750000004,59.36836250000009,67.6583041666666,83.83102083333311,106.68199583333326,152.05479583333351,230.12970833333316,217.25474583333389,149.7546833333332,119.76179583333314,105.4568791666666,100.10185833333318,95.05794999999995
2025-04-09,87.44976472222227,86.08429097222216,86.25934097222233,92.79209527777786,115.45686402777787,131.1557641666668,123.20558847222235,102.16321944444454,84.6337098611111,71.16198361111101,58.32052361111102,49.12155000000008,45.95083527777773,53.751396111111156,71.13079541666659,90.70735972222222,113.95005388888892,144.7175090277778,150.12446277777806,124.66875694444454,107.75813638888896,94.3496544444442,88.67288541666673,82.0096466666668
2025-04-10,84.60301222222218,83.1588172222221,83.39105777777792,90.32719333333326,112.75137499999997,130.07133,124.04284277777786,104.40008000000012,87.91672259259258,75.94853537037045,61.80501666666671,52.317942592592686,49.28882425925926,55.95042500000001,71.13007018518515,89.64492462962967,110.00992185185197,133.09531500000008,134.65190222222228,117.82053055555582,104.6747640740742,91.80157888888876,84.93345055555561,79.57197111111117
2025-04-11,46.76469999999995,43.8317666666667,44.19016666666657,52.88185000000002,81.14358333333332,99.07528333333327,92.06388333333328,69.80045000000001,41.51973333333331,23.26043333333334,13.596433333333328,6.945366666666664,5.973616666666672,11.439833333333347,26.743233333333354,55.53591666666673,88.39006666666671,116.10401666666665,121.77743333333342,108.49459999999999,95.01291666666678,82.43181666666652,75.55316666666656,68.69363333333335
2025-04-12,83.62978333333314,81.84516666666646,81.42731666666671,84.56733333333338,91.98466666666674,93.68813333333335,79.18071666666687,56.37519999999999,36.21905000000002,22.302766666666678,9.991483333333303,-3.4544333333333324,-5.582583333333333,4.725050000000006,24.91571666666671,49.78551666666655,87.2348000000001,115.32810000000015,123.04886666666656,104.93065000000001,93.43858333333317,82.45851666666674,75.58654999999995,68.89813333333335
2025-04-13,35.81513333333335,31.682849999999956,30.75431666666668,30.2596833333333,29.84448333333337,27.78873333333331,21.949350000000024,12.5521833333333,0.850116666666666,-10.005350000000009,-22.644700000000004,-35.26480000000005,-39.04459999999999,-25.945499999999964,-4.60315,17.783083333333323,59.51405000000013,87.48391666666701,95.33288333333324,89.33399999999985,84.16948333333279,73.48849999999995,68.1097166666667,59.63893333333343
2025-04-14,82.69620000000005,82.14597499999984,83.10963333333326,91.65839999999999,116.15669166666666,134.84898333333322,124.48612500000013,102.80625833333352,85.06701666666675,73.05121666666652,62.626833333333344,56.686291666666655,55.7698416666666,64.34495000000005,77.05504999999991,95.60737499999995,121.8305416666667,164.4398249999997,170.71110833333333,131.7142916666667,109.00191666666689,95.7918166666665,90.7048499999998,84.70380833333331
2025-04-15,66.0831999999999,63.164683333333315,63.96490000000003,70.55293333333331,91.2080499999999,106.4155833333331,101.9547833333334,82.48123333333336,59.733099999999965,42.715300000000056,29.674916666666686,21.4117666666667,20.8159833333333,28.208833333333338,47.4522333333333,74.76010000000005,101.25483333333338,126.02135,129.20163333333338,111.30420000000004,98.35366666666677,87.50614999999995,81.67848333333325,75.26316666666675
2025-04-16,82.04891224747473,81.26905820707076,82.17154583333333,89.48540037878787,112.12759747474743,130.80994393939395,122.65460820707047,101.11696250000006,86.49063320707063,75.1390242424241,64.6072734848484,59.211124873737475,58.078583712121244,65.03868320707075,77.54681919191907,93.91073888888866,113.7713573232324,143.3113867424242,144.93120744949485,121.22441590909114,105.10902626262617,93.23950871212121,88.13831452020207,82.65243320707063
2025-04-17,83.5372382936508,82.59256527777782,83.32230813492059,89.59998749999998,109.8000511904762,127.65186150793663,123.98494345238105,106.64220416666662,94.1055077380954,85.43357123015866,78.56012956349197,72.63157242063482,69.54090654761907,73.91083055555553,82.35604365079357,94.89815396825405,112.08758968253964,132.34848670634912,131.8228783730159,113.95829226190486,100.96184742063494,89.8017478174602,84.14727698412703,77.8475109126985
2025-04-18,84.01907166666666,82.22321166666674,82.13029500000012,85.29733333333326,92.3807794444443,99.06829222222227,97.83787833333353,89.73876111111105,80.18171611111102,72.21098277777783,66.117396111111,59.58101166666676,57.867902222222305,64.63738388888882,77.01830333333324,93.93785999999984,112.25764555555557,125.36413222222222,125.17971944444452,113.29027444444449,102.29181500000017,92.73607833333313,88.06770611111111,81.98452222222205
2025-04-19,84.00513166666691,82.60787458333334,82.95423319444461,86.65058694444436,96.02171236111116,101.26124097222234,94.47399291666679,80.34831944444444,65.0480609722222,54.43725819444443,47.1292220833333,39.9417973611111,38.19656958333333,45.37023624999988,60.51499291666655,85.11520791666659,106.20188347222232,126.2395540277778,132.5675674999999,117.19893736111112,103.8113595833335,92.96170194444439,88.33109638888895,81.55573222222222
2025-04-20,88.82611666666666,87.36729999999993,87.4601833333334,87.75961666666663,86.23628333333342,81.73338333333325,66.65033333333346,44.70263333333347,24.126116666666707,12.289216666666649,6.489933333333335,-1.4895833333333333,-3.0082000000000098,4.809616666666675,22.97143333333332,63.25528333333337,96.12166666666681,116.25071666666649,124.61128333333315,117.25605000000016,105.8006833333335,94.54140000000011,90.55348333333299,83.38450000000002
2025-04-21,92.03711666666675,90.13781666666668,90.18238333333339,92.82479999999994,97.75561666666681,101.46990000000002,94.86248333333343,82.8866833333334,70.09225000000005,60.11880000000002,51.91298333333318,41.31679999999995,37.579599999999935,46.61319999999996,65.31533333333336,89.99451666666677,113.35295000000015,133.24171666666663,136.30961666666678,123.9192833333332,111.5882333333335,100.66715000000008,96.91006666666655,89.45328333333315
2025-04-22,86.64782388888887,86.2214369444445,87.52099638888879,94.89310000000005,117.88575361111111,134.64818583333323,123.76521388888898,105.5164769444445,90.64583972222235,82.39729999999993,76.19086138888879,70.73606194444446,69.52090055555553,74.95263527777784,84.15263611111084,99.71290944444462,124.16037361111114,165.82889249999968,171.22454638888902,134.66787500000018,112.67791777777781,99.44948694444429,95.61192027777761,89.73206111111101
2025-04-23,93.42564656746013,92.76471712301594,93.39150333333329,99.56531863095246,120.3266823412697,142.68402531746062,137.5145285317459,119.06703835317455,105.22302726190476,96.43737621031742,90.42754369047613,85.79971640873019,84.5233746031747,89.00422206349211,96.9604096230157,112.13169607142862,133.9443830753967,164.9732045833336,155.4874897817459,130.1539079365079,114.64330865079336,102.73204593253975,98.58717073412676,92.9431914880951
2025-04-24,90.19080831328378,89.0976804986679,89.62810919871804,94.75996831446328,113.32754453539516,132.4268917931377,133.1406338519815,118.34012388229824,107.01768376415251,99.37084079170826,93.66141921293995,88.18727535096852,86.27731721285673,90.18913951617829,96.87865007117902,109.41300976197425,129.48995570006383,149.5270275170661,142.60036318056947,122.84488622315187,110.46186757742242,99.88029009240762,95.74144447725878,90.58241215069661
2025-04-25,83.62620063492068,82.60481184523809,83.64473410714287,89.75005896825384,108.37884025793642,123.49578501984132,118.86668422619043,104.73732380952393,94.59597992063497,88.11265115079354,82.74692874999987,77.87712984126983,75.44603728174609,78.66447626984123,85.383223531746,98.0409820039682,114.49502075396822,135.90062158730157,138.75714972222218,120.28260896825414,106.4004451587301,95.3420446230157,91.65452900793647,86.10136158730135
2025-04-26,85.00628833333336,82.93097833333326,82.34625333333345,82.40848000000007,84.59741166666679,84.8498316666667,77.69356833333342,60.92383333333345,36.896250000000094,20.81652000000002,11.539836666666622,0.030445000000000052,-1.8131216666666645,5.571708333333338,24.292123333333418,58.38836333333332,88.79065333333334,108.8512166666669,111.00748166666638,99.80407499999997,92.19832333333326,82.2850016666668,71.70474500000002,64.09801499999992
2025-04-27,48.21488333333332,44.97856666666669,45.14724999999994,45.49006666666672,46.31715000000007,44.22324999999996,35.534833333333346,22.789916666666624,9.360283333333339,1.7033333333333343,-6.7173499999999935,-17.5740166666667,-20.47419999999999,-8.80883333333333,7.053066666666659,35.02714999999994,77.22484999999989,101.99440000000031,108.25283333333337,102.82241666666638,95.9204999999997,85.61043333333325,82.21570000000004,74.69630000000005
2025-04-28,82.3982749999999,82.35432916666659,83.83966527777751,95.07164305555561,121.1680055555558,131.48753194444447,109.22895833333351,82.83810416666687,58.2778069444446,37.4521180555556,25.039655555555566,18.67940416666665,19.92738472222224,32.646820833333365,55.287961111111144,84.95771111111108,110.05295972222216,160.8631972222225,187.12615000000045,138.53369027777734,110.7110069444445,97.12926805555539,93.6412805555554,87.21189027777793
2025-04-29,84.67733169934645,84.45075522875808,85.88620424836576,95.94419673202611,122.9644699346406,134.64868986928093,114.23054738562104,86.95269542483675,62.90985163398693,40.81718431372558,26.719426143790827,21.067415032679747,22.083961111111137,35.16895784313729,57.49707156862743,86.21402745098041,111.57805653594757,157.21169967320262,180.12695065359506,139.32841078431326,112.77398300653586,98.24758627450967,95.68142875816989,89.16426601307204
2025-04-30,84.76239333333338,84.5220466666667,85.91333333333317,95.46009999999995,120.23827333333323,132.94054333333332,115.3862900000001,89.45125000000013,61.90809666666674,40.58520333333338,27.433893333333327,21.59069000000006,22.34865666666669,33.98032333333339,55.63843333333332,87.57532666666656,112.56351333333338,155.44422333333338,181.71637333333354,141.92971333333307,115.60400666666685,101.28882333333327,98.46744666666665,92.84374333333352
2025-05-01,87.92749999999995,86.25154999999991,86.75210000000007,88.84474999999999,91.45558333333328,89.0245166666667,74.74885000000005,50.961866666666715,29.868900000000018,15.947233333333328,4.903799999999996,-7.520216666666636,-8.980016666666668,2.6613499999999997,23.32345,58.225683333333315,93.5304333333336,115.60816666666646,122.42221666666664,109.09830000000007,98.04113333333329,86.88010000000003,82.6679166666666,75.6314
2025-05-02,78.7241444444443,78.58382222222208,80.01207777777766,89.92836666666676,113.70550555555565,123.0596055555557,106.53718888888906,81.70979444444457,54.65279444444445,36.690738888888944,23.190433333333292,15.663611111111104,14.775327777777772,23.495483333333343,44.53130000000001,76.39102222222215,101.31212777777777,138.05102777777785,159.69538888888877,127.92926666666646,107.90591111111132,94.85513333333311,90.7745055555556,84.72426666666686
2025-05-03,83.49674722222211,80.96634444444447,80.5430666666667,80.7926111111112,82.38240277777798,80.17812499999992,68.08902777777787,46.273447222222295,26.462588888888877,14.568599999999996,4.07086944444445,-9.456752777777762,-10.783894444444465,0.1014194444444438,17.626047222222248,47.473024999999986,83.68303888888885,107.43180833333342,113.63298888888878,101.16213611111114,91.60508333333338,80.55671944444438,72.75356944444434,65.7818277777778
2025-05-04,29.477850000000053,25.680033333333295,25.77281666666668,26.31201666666663,25.872600000000038,24.592249999999968,19.228400000000008,10.971549999999988,2.184733333333326,-6.62508333333332,-18.71191666666671,-31.957566666666693,-34.98749999999997,-19.88743333333333,-0.1775333333333333,20.657066666666648,67.06246666666665,92.55258333333367,101.45951666666674,95.79554999999968,89.58453333333294,79.43900000000005,74.36059999999992,67.83148333333342
2025-05-05,72.23103472222229,71.61511527777766,73.74499583333335,82.24295416666658,105.54740000000001,121.85226111111098,111.82575972222205,92.13906666666666,78.20847361111105,68.31443472222217,60.39758333333332,55.764745833333414,55.02123472222215,60.974440277777816,71.92725416666657,88.45200416666668,106.16215138888899,137.82461944444432,150.7954930555558,123.46284583333343,103.44655972222247,90.74243611111109,85.18163611111102,79.60355694444432
2025-05-06,80.48521666666662,79.37759583333329,80.30543333333335,88.43441666666672,110.97028750000007,122.05478333333335,109.60584583333349,87.28927916666679,67.22494999999999,51.624141666666645,37.628275000000016,29.5246666666667,28.119612499999985,36.32369583333337,56.15956249999999,80.2216166666666,99.86292499999983,130.6657708333333,145.15092499999997,121.6702791666667,105.20847500000013,92.22072499999985,87.61971666666673,81.44753750000014
2025-05-07,83.95304007936502,83.55768115079377,84.54598869047622,93.70409781746051,116.86871706349203,128.50509980158714,115.7591472222221,96.62709325396843,82.24496686507936,71.5224003968254,61.0988307539682,54.74663472222225,54.99612123015868,64.61143928571423,76.67532083333316,92.19738492063503,109.59369900793656,138.27357579365065,152.24910555555533,128.9325855158731,109.1990958333334,96.52331269841244,92.33843531746018,85.6247035714286
2025-05-08,86.34110555555552,85.830758531746,87.08341805555563,95.43423234126979,118.55626716269842,129.81516111111094,118.407855952381,99.20717807539673,85.36233462301598,75.8654978174603,68.19960109126978,62.34256805555555,61.82577609126982,68.7065038690476,79.10698749999992,94.04183432539679,111.72480009920628,140.45042509920637,153.48053869047612,129.6739164682539,111.60438680555565,98.38779702380936,94.88069345238102,88.89188869047626
2025-05-09,85.19984166666676,83.95280833333318,84.9851883333332,93.76098000000015,116.34618000000017,126.92999333333333,113.01245833333351,90.55615500000012,68.70252999999998,51.81194833333333,37.892736666666664,29.910850000000053,29.874168333333344,40.22890166666672,59.80507999999999,85.61955666666661,107.53324833333335,146.1645733333334,167.8217733333333,136.91298999999992,114.16972500000006,100.13999999999989,96.13281999999995,90.01569000000013
2025-05-10,88.26199999999976,86.97051666666661,86.94451666666681,87.47048333333335,87.88926666666686,83.1349166666667,69.25031666666676,41.71930000000008,18.755833333333328,5.555366666666663,-4.17888333333334,-15.26356666666667,-15.210766666666673,-3.769716666666672,13.301966666666653,49.43540000000005,89.34325000000022,112.30396666666662,119.25899999999987,107.28719999999987,96.46833333333329,85.20129999999997,79.98398333333319,71.97321666666677
2025-05-11,70.48834999999973,65.64843333333322,64.4783500000001,64.53791666666677,61.727283333333496,54.96895000000003,38.94694999999998,16.23091666666668,1.0128333333333313,-12.252983333333352,-27.953049999999983,-48.46775,-50.93433333333315,-31.26630000000003,-5.540450000000006,19.64193333333337,65.93591666666676,96.90901666666704,108.67894999999999,98.74461666666652,91.61738333333304,80.49776666666664,74.04078333333312,68.13298333333323
2025-05-12,73.15919999999996,69.88863333333326,70.68553333333331,79.46633333333331,100.92598333333332,113.85351666666666,105.48550000000012,82.12733333333341,56.29673333333341,39.284366666666635,23.59758333333334,15.612416666666686,14.12380000000001,21.31781666666667,40.538033333333345,67.44210000000004,94.69431666666665,119.66086666666651,131.58030000000005,117.39138333333327,104.61548333333356,92.46331666666656,85.95990000000009,79.74031666666673
2025-05-13,79.46263333333332,78.68861666666658,80.41483333333339,89.70778333333348,112.99306666666688,122.72251666666678,107.68613333333349,80.88708333333344,51.12220000000001,32.96601666666666,19.333866666666673,12.932116666666689,12.658650000000002,22.498933333333316,44.95111666666668,78.47623333333331,103.08990000000009,136.66330000000005,157.24944999999983,128.58681666666675,109.3177666666668,96.15009999999971,92.25453333333337,86.32813333333354
2025-05-14,79.02848333333326,76.62466666666656,77.18063333333339,84.98943333333331,107.89113333333331,117.8678166666668,106.14730000000021,81.25978333333337,51.60663333333347,33.091983333333374,15.11878333333334,6.41318333333333,5.5756666666666685,12.597800000000005,33.472016666666654,64.79769999999995,93.05785000000007,121.61813333333343,137.74441666666644,120.18501666666675,106.31316666666686,94.00313333333324,88.57588333333351,83.29838333333349
2025-05-15,77.22308333333335,74.48011666666655,74.51970000000004,82.07966666666657,104.83338333333356,113.35368333333349,100.01824999999992,72.32858333333326,33.27183333333336,17.324633333333363,3.57599999999999,-4.465099999999999,-5.666250000000012,2.2601500000000025,16.897566666666645,46.68723333333324,86.05154999999985,113.97170000000006,136.68438333333305,120.90401666666645,105.4004833333335,92.84660000000005,86.99491666666668,81.5859500000001
2025-05-16,81.37328333333332,80.53471666666665,81.82368333333326,90.01228333333343,113.34591666666682,122.35416666666674,108.91383333333349,84.03546666666675,52.92281666666673,36.71800000000003,21.518083333333372,13.010200000000008,12.332300000000005,20.486966666666632,38.5481833333333,70.0349833333334,97.93628333333332,126.30206666666682,147.70511666666638,125.09449999999994,108.47531666666683,96.22279999999986,91.87825000000011,86.08813333333345
2025-05-17,73.23076666666637,69.87464999999982,69.31068333333339,69.72895000000018,69.01888333333355,63.14868333333336,45.81726666666665,19.28808333333335,2.5512500000000036,-9.713266666666684,-30.904733333333308,-50.013033333333304,-49.56856666666651,-26.66274999999999,-2.363616666666668,20.43301666666667,70.97915,99.9043166666669,112.43431666666666,101.06855,92.54166666666639,80.37473333333331,75.78653333333318,68.18486666666666
2025-05-18,84.74439999999986,82.58933333333333,82.32288333333324,83.75314999999996,82.00068333333341,74.0684666666665,52.06440000000013,20.585950000000057,6.761383333333329,-5.948666666666647,-24.999316666666655,-44.59745000000007,-43.705233333333275,-22.47916666666666,0.4456333333333325,26.467333333333343,80.75048333333312,108.13436666666696,120.51923333333298,112.67263333333314,103.20579999999985,91.00736666666643,86.94945000000013,79.35069999999992
2025-05-19,83.59989583333355,83.66108333333337,84.39847083333316,93.73515416666656,120.26025833333333,132.28562083333318,116.22755416666672,93.67757083333343,74.01065000000001,61.93883750000012,51.69045833333327,45.089645833333286,44.46198333333327,54.79687500000005,70.7238958333331,89.19960833333337,109.21573749999997,152.8690333333335,191.78114166666677,150.3830208333332,116.75163333333327,100.36394583333313,96.06694583333324,89.62249583333336
2025-05-20,88.08520833333334,86.71655833333328,87.45713333333315,95.64747500000011,119.34885833333352,128.9630083333332,115.60273333333365,93.10193333333339,72.28828333333321,55.50552499999997,42.87466666666666,34.54082499999999,32.711433333333375,41.33693333333341,60.58811666666665,84.07864999999993,105.66192500000021,138.5671333333333,161.5675833333336,134.30681666666675,112.68078333333331,98.48699166666646,93.62600833333332,86.7646500000002
2025-05-21,78.85456666666674,75.97589999999983,75.73225000000006,82.95309999999994,104.65091666666682,114.39998333333357,102.26154999999996,77.62455000000008,41.46398333333341,23.93733333333339,9.88149999999998,0.8490833333333356,-1.1530999999999996,5.377966666666681,19.93636666666661,45.06713333333335,83.97943333333329,110.64103333333328,127.21324999999987,115.7779999999997,102.56023333333339,90.10566666666686,83.31880000000001,78.4712000000002
2025-05-22,73.89053333333351,70.03525000000003,69.88720000000002,78.38531666666655,99.45403333333371,109.19018333333358,97.27165,71.94080000000005,33.468950000000014,15.190916666666654,5.87911666666667,-0.5447499999999996,-2.2098833333333276,3.5384833333333474,13.141599999999986,40.22691666666677,81.12768333333341,106.53079999999989,122.93356666666676,113.88234999999965,101.22880000000006,89.45239999999998,82.60130000000021,76.64051666666678
2025-05-23,81.56121666666691,80.05029999999992,81.30979999999992,89.81146666666673,111.76261666666683,117.86285000000028,103.85458333333362,77.14568333333337,35.89923333333343,20.331050000000005,7.712383333333348,0.524166666666667,0.3351333333333334,7.544216666666643,22.64914999999993,55.398333333333554,90.26601666666672,118.26999999999983,140.80445000000017,125.67915000000006,109.53376666666708,97.43561666666687,93.2827666666667,87.76981666666701
2025-05-24,80.64791666666653,78.3021500000001,77.91973333333335,78.29973333333338,77.18263333333343,72.58848333333327,56.64910000000011,27.13450000000007,9.798149999999968,-1.0521666666666674,-13.448650000000022,-27.461416666666803,-28.316416666666726,-14.138166666666681,3.1810666666666685,28.14926666666672,75.35176666666663,99.04181666666669,109.98238333333315,102.29913333333323,94.76819999999992,82.60813333333324,76.44176666666667,69.43879999999994
2025-05-25,35.39834999999999,30.22633333333332,30.050700000000038,28.986433333333327,28.412833333333403,26.732249999999947,21.28791666666666,12.317799999999973,3.540750000000005,-4.095499999999998,-14.834416666666712,-26.75620000000004,-33.57329999999999,-21.266633333333342,-1.7574833333333337,19.309399999999954,61.71585000000007,91.68956666666689,103.45920000000001,100.55448333333305,95.60018333333304,85.02678333333341,79.14901666666677,71.15556666666669
2025-05-26,77.56961666666669,76.21109999999987,78.07860000000004,87.69111666666672,112.1799000000001,121.53686666666698,105.81913333333324,79.03956666666676,44.953166666666796,27.80014999999998,10.188083333333331,3.1007499999999935,2.8750500000000043,10.25874999999999,29.839750000000002,66.49341666666677,95.45211666666674,124.28016666666687,145.53603333333334,124.44164999999991,108.01560000000035,95.53313333333332,90.08669999999996,84.80951666666694
2025-05-27,78.15595000000015,76.20218333333328,77.53808333333335,85.75688333333328,107.88951666666671,116.8424500000001,104.78233333333354,78.48763333333339,43.46063333333338,25.26108333333331,12.03486666666666,4.352416666666662,3.918083333333331,13.191433333333347,33.015183333333304,63.02955000000006,94.66461666666672,123.07933333333341,140.4156999999999,121.92494999999998,104.8269833333335,91.77138333333333,86.5784666666667,80.61756666666687
2025-05-28,61.49149999999999,58.40009444444438,59.9434722222223,67.4177555555556,88.14670000000008,102.26470000000012,98.46327777777783,82.63486666666684,64.39181111111105,51.99481111111113,40.50138888888889,33.994866666666695,31.675766666666682,37.12852777777779,50.71422222222224,72.66745555555555,93.53744444444455,114.377672222222,119.54576111111106,106.25085000000001,94.66043333333323,83.80809444444431,77.01101111111113,71.16023333333331
2025-05-29,82.12666833333333,79.98665833333334,79.66771333333341,79.30992999999992,79.72438833333337,77.02585333333357,66.50508000000008,42.364638333333346,21.684426666666656,10.323758333333323,1.2251066666666706,-9.340786666666652,-10.62508500000002,-1.9086033333333352,13.131816666666664,45.3301433333333,82.05488166666666,103.32413666666693,108.55652333333325,98.26178166666647,89.28717499999973,79.02746666666658,66.50385333333328,60.08145666666673
2025-05-30,30.12833333333331,26.04226666666667,25.70435,29.36315000000001,40.49723333333336,44.514283333333275,38.49886666666666,25.696149999999957,10.732416666666637,1.865066666666667,-6.796833333333343,-15.84315,-18.953549999999993,-10.358900000000004,3.7406333333333364,25.87676666666663,66.67898333333342,97.69995000000002,106.98071666666664,101.2254333333331,94.11939999999983,82.91483333333336,78.62183333333341,71.37233333333334
2025-05-31,86.93155,85.85295000000016,86.69508333333351,87.79784999999988,86.75214999999993,80.42491666666653,62.10143333333342,32.119866666666645,14.61573333333331,4.6947999999999945,-4.395166666666655,-15.275650000000006,-15.364733333333318,-3.516833333333334,11.116333333333342,49.647633333333246,90.57566666666659,112.22055000000003,125.20524999999972,116.44866666666691,104.2285666666668,92.31471666666667,88.74336666666647,81.18079999999996
2025-06-01,84.69213333333305,81.69476666666671,80.92205000000008,80.91321666666668,79.2831500000001,72.64491666666673,52.40780000000022,24.121350000000024,11.87813333333332,-0.25348333333333134,-18.91169999999997,-38.99058333333342,-39.54698333333328,-20.07643333333335,4.292116666666668,30.216999999999988,79.78508333333323,107.61165000000038,121.01548333333311,113.76783333333333,103.65591666666667,90.73813333333325,85.33060000000002,78.06241666666669
2025-06-02,79.91183888888894,79.17997777777774,80.5299166666666,88.45672222222217,114.25312777777786,126.76111666666667,113.94407222222232,91.94977777777788,71.97382777777779,58.79446666666666,47.16866666666666,38.97808888888891,35.3056444444444,42.54451111111116,59.612844444444306,81.74698888888886,101.4014055555556,134.5780777777779,166.29495000000014,137.58775000000017,111.83727222222231,97.18396111111096,92.10132777777764,85.70538888888908
2025-06-03,89.13278333333332,87.05079999999992,87.68996666666666,94.64819999999987,114.75419999999994,124.06383333333332,111.55683333333324,87.8244333333335,59.276349999999994,40.74321666666665,23.872966666666716,15.249666666666684,13.564616666666682,21.179283333333327,42.54994999999995,73.8898000000003,103.71811666666666,133.61625,148.01920000000013,130.09908333333334,114.86686666666674,100.99223333333327,95.19515,88.58961666666674
2025-06-04,71.05498333333324,69.85820833333325,71.60169166666667,79.653775,102.23519166666672,114.92092499999997,107.81231666666658,90.10630833333343,75.79505833333336,65.14991666666666,56.58616666666665,51.58637500000004,51.82887499999994,59.2066916666667,72.92331666666658,90.06857500000007,106.281125,133.22584166666684,148.3916000000001,130.52941666666663,110.1998583333334,96.32121666666647,91.86231666666664,86.20290000000017
2025-06-05,80.83866666666661,78.6250666666665,79.40141666666652,87.07099999999988,107.39431666666664,118.00386666666661,109.27476666666689,90.95568333333337,71.80624999999995,57.98946666666661,43.66479999999992,33.80053333333345,31.066533333333293,36.93348333333338,53.61914999999999,77.64901666666664,97.21604999999995,120.43108333333345,130.99756666666667,115.91108333333342,103.52248333333351,91.41423333333319,85.51901666666672,79.59251666666673
2025-06-06,56.14521666666665,51.92006666666669,50.99950000000006,57.93869999999999,79.76704999999997,90.53025000000007,82.50981666666671,58.7628000000001,26.67358333333331,12.467716666666675,4.662383333333334,-0.8171833333333317,-2.2385333333333297,2.408466666666669,13.5459666666667,36.66085000000004,75.21024999999986,104.33118333333293,118.61325,113.26306666666656,100.92420000000013,87.49893333333334,81.46171666666665,74.75346666666674
2025-06-07,77.94364999999983,75.44234999999999,75.09215000000025,75.24661666666661,74.9069166666667,71.40170000000012,57.77623333333349,30.294666666666725,14.437999999999986,5.954616666666678,-3.4323500000000036,-15.495783333333366,-18.914650000000037,-9.137316666666676,6.247833333333333,31.224949999999943,73.36064999999994,99.69941666666686,108.40691666666659,102.68656666666664,95.67243333333332,83.31493333333337,73.25641666666662,65.90960833333344
2025-06-08,55.10103333333328,45.271166666666616,41.33974999999994,37.95488333333338,36.016983333333364,34.93605000000001,25.56894999999996,13.438416666666674,2.6636,-7.987266666666655,-19.43233333333329,-32.67904999999996,-39.43659999999987,-26.426366666666702,-5.91246666666667,11.322199999999983,42.91323333333347,67.68578333333343,72.34758333333342,65.68785000000003,65.27804999999994,54.612416666666704,46.483133333333306,40.59976666666673
2025-06-09,19.548950000000012,16.88263333333336,17.675450000000012,19.757866666666647,22.01615000000001,22.549916666666583,17.338633333333313,9.321683333333338,1.5683333333333314,-4.1588666666666585,-13.433500000000036,-24.258533333333386,-27.406149999999936,-16.346116666666667,-1.1785666666666663,15.751183333333337,70.86695000000017,104.72426666666661,117.77616666666667,114.32023333333302,107.34386666666629,94.90668333333332,87.92224999999992,81.74961666666694
2025-06-10,71.29671666666661,67.48291666666681,67.17084999999989,74.92954999999984,95.35588333333337,107.1987500000001,96.3974333333334,70.45200000000003,37.16921666666661,19.80068333333332,8.199783333333327,1.046249999999997,-1.5646833333333292,3.6045000000000034,14.524849999999985,41.01066666666667,76.30219999999998,100.25773333333319,111.46963333333328,102.75896666666658,91.04583333333322,77.19000000000008,67.12443333333344,61.87408333333334
2025-06-11,72.36441666666661,71.01911666666659,73.18173333333326,81.82336666666653,103.19993333333346,112.70825000000005,101.9991500000001,79.42453333333349,52.55056666666664,36.32050000000001,23.48935000000001,15.454416666666681,13.9407,21.525433333333336,41.320649999999944,72.33681666666665,96.22934999999998,125.31625000000007,150.81656666666672,127.52815000000005,106.54060000000028,92.6631333333331,88.4231,82.11776666666691
2025-06-12,75.62753333333349,72.07963333333335,71.44728333333346,78.68836666666661,97.6963333333334,106.18266666666693,94.84058333333329,70.14773333333332,32.857266666666604,16.324066666666678,5.7882666666666545,-1.2062833333333325,-3.001716666666664,2.583883333333338,14.593633333333331,45.04676666666673,79.69709999999999,104.27810000000004,118.05948333333333,107.98556666666647,97.27628333333345,83.17029999999993,74.93061666666684,68.76618333333337
2025-06-13,44.62141666666663,41.080483333333405,41.040866666666616,48.57190000000004,70.1367833333333,79.8356166666668,70.90300000000006,46.772916666666674,19.272833333333296,8.154333333333343,0.9076500000000001,-4.6794,-6.316150000000013,-1.2213833333333322,8.449566666666666,32.339049999999965,67.39678333333332,94.35638333333316,106.7616333333333,98.8514166666666,88.64951666666657,75.00214999999999,67.70010000000016,60.75324999999997
2025-06-14,51.513916666666745,47.86564999999999,47.54894999999998,47.55681666666679,47.22901666666678,43.63705,31.61206666666668,15.118566666666645,3.264133333333334,-6.298333333333312,-18.767133333333373,-30.735666666666692,-33.99764999999999,-20.902066666666666,-3.187899999999999,18.880350000000018,65.20863333333337,94.22588333333356,106.42733333333334,101.42131666666657,94.07458333333294,82.43944999999988,74.79139999999998,66.77701666666681
2025-06-15,81.87088333333324,80.13541666666669,80.08686666666684,79.9157833333333,77.9925333333333,72.46273333333329,56.02570000000004,31.962116666666724,18.485833333333293,10.339266666666662,1.128900000000001,-9.765899999999997,-12.114550000000024,-2.424033333333332,13.320483333333323,44.02503333333326,83.49938333333311,105.89518333333328,118.82576666666678,115.09844999999999,102.51231666666699,89.3965666666665,85.53791666666642,78.22420000000007
2025-06-16,80.01396666666679,78.89483333333328,80.75819999999985,89.5859833333333,111.67005000000009,120.4346333333336,106.68035000000017,82.51346666666683,51.696800000000025,35.033099999999955,21.97163333333335,15.021216666666673,13.203050000000005,19.99841666666669,37.11593333333328,71.05240000000016,96.5336666666666,125.30700000000004,153.35031666666663,133.61861666666667,111.32330000000029,96.63173333333319,91.22585000000012,85.31326666666666
2025-06-17,82.53253333333333,81.4768666666666,83.01306666666655,91.23876666666658,113.17668333333333,118.55220000000016,100.92025000000008,76.87713333333333,44.34750000000003,25.500850000000014,12.151799999999996,5.483633333333328,5.020699999999994,13.158366666666671,32.192499999999924,68.8932166666668,95.38959999999999,128.49071666666686,158.93223333333341,135.5206166666665,111.38448333333346,96.49879999999986,91.45986666666676,85.3737333333335
2025-06-18,88.40823333333343,86.20788333333327,86.54964999999991,94.10129999999995,112.81233333333344,116.43328333333358,101.57713333333332,76.22636666666664,41.88763333333332,25.621283333333373,11.554333333333329,4.847566666666672,3.524083333333337,9.539783333333336,24.409266666666586,60.4134333333335,94.11445,121.32773333333363,147.3789833333334,135.06154999999998,115.3997333333335,100.39420000000001,92.94461666666676,85.5944166666668
2025-06-19,81.01548333333326,78.3627333333333,78.13198333333338,78.30668333333337,76.45476666666676,70.1979333333333,52.41610000000006,23.137600000000027,8.284033333333324,-3.337100000000001,-21.150149999999904,-35.00421666666675,-35.743849999999945,-17.68850000000003,0.644866666666667,24.55820000000002,78.3834333333331,107.04253333333362,121.65641666666639,116.03440000000019,106.40129999999995,92.58629999999988,85.01878333333339,78.23018333333331
2025-06-20,87.27756666666663,85.92318333333311,86.75939999999999,89.65921666666675,91.54523333333356,82.55943333333349,56.08781666666661,26.2675,7.578016666666669,-11.651166666666615,-52.31818333333326,-72.99100000000003,-70.41603333333333,-34.792883333333414,0.7091333333333346,28.64064999999996,87.0839333333333,117.28230000000022,138.4585,127.52521666666709,108.76021666666665,93.98804999999993,90.76344999999998,84.51514999999992
2025-06-21,94.50555000000003,92.18898333333313,91.48320000000004,92.22306666666674,92.65111666666677,86.71883333333341,71.02695000000013,42.17296666666673,24.76836666666664,9.893366666666688,-6.493850000000005,-18.857966666666695,-19.47303333333335,-3.6717999999999917,17.309533333333302,47.81759999999987,93.82421666666674,122.53453333333343,139.2984333333333,131.37510000000017,116.77895000000017,101.85486666666652,95.35419999999985,87.99208333333328
2025-06-22,88.09633333333332,85.04435000000002,84.73696666666667,85.11521666666675,83.72985000000001,75.85978333333333,56.552350000000104,24.87581666666669,10.35389999999997,-3.3688499999999917,-24.060033333333227,-39.663549999999994,-40.94455000000001,-20.781700000000054,2.699716666666667,26.784249999999982,79.31594999999987,110.86503333333368,127.14488333333327,123.627916666667,112.97666666666665,97.98069999999971,89.83703333333347,82.98608333333326
2025-06-23,54.90106666666665,50.65656666666676,50.69928333333326,59.79571666666659,80.5838666666667,91.74893333333334,80.41724999999997,53.32323333333332,20.4657833333333,6.643616666666671,-0.22503333333333345,-5.014683333333332,-7.217250000000022,-2.6702333333333312,4.279550000000003,29.12644999999995,65.63914999999999,92.90623333333352,103.08608333333355,98.46165000000003,89.31614999999994,76.38841666666671,65.11973333333347,59.439249999999994
2025-06-24,57.85470000000007,53.844450000000066,53.819599999999944,62.419216666666486,79.80464999999997,88.74346666666666,78.16829999999995,49.15695,19.451616666666624,8.353033333333345,1.1835333333333335,-4.47643333333333,-6.278183333333349,-1.8148833333333323,5.583833333333335,27.751799999999932,65.31856666666664,93.11136666666681,109.04206666666677,104.06696666666673,95.55271666666654,82.76224999999994,72.38908333333345,66.43535000000001
2025-06-25,63.61538333333339,59.88236666666665,61.126816666666585,69.86073333333317,90.46675000000015,97.79035000000005,83.28603333333328,53.56541666666677,17.60306666666661,5.785816666666675,-0.7373833333333326,-4.77875,-4.4647000000000086,1.322683333333336,11.836416666666652,40.18500000000004,80.87134999999999,111.21904999999997,136.89546666666686,126.21131666666666,107.6634166666668,93.62466666666653,86.64836666666665,79.25101666666669
2025-06-26,92.77149999999996,90.09223333333321,89.13605,95.40245,114.25486666666657,126.61181666666666,120.50588333333343,101.95355,84.8426833333333,69.68873333333315,55.2067166666666,45.20281666666672,41.178366666666584,47.44548333333345,63.430183333333396,86.8081500000003,112.21495000000003,136.64754999999982,142.0549333333335,125.14935000000013,111.08376666666653,97.41324999999982,88.37976666666678,80.73250000000012
2025-06-27,77.43573575757586,75.29899121212111,76.88534454545447,84.60056818181808,104.31312090909096,114.17627606060603,105.41512575757586,86.67153393939401,64.34553363636367,49.04740818181816,36.380830909090925,28.41409000000005,26.215044545454536,30.825019393939456,48.10538727272723,75.96791696969697,98.60933696969688,123.93157787878782,141.73195787878805,130.56092787878802,110.99663181818187,97.11054333333323,91.4990324242425,85.7392412121213
2025-06-28,73.88500833333333,70.33607499999995,69.04738333333331,67.93995833333341,65.73432500000013,59.12199999999999,44.160541666666724,21.525433333333353,6.807408333333326,-5.336016666666654,-19.039174999999975,-32.342108333333364,-35.69932500000005,-21.05655000000002,-1.3030833333333314,22.308858333333355,67.08154166666665,95.56728333333353,108.8026083333331,104.51975833333347,97.94039166666649,85.26694999999985,75.23720833333331,67.94077500000002
2025-06-29,82.13939999999978,78.1547166666666,77.27290000000006,77.1541833333333,72.95396666666677,60.872849999999914,41.13590000000008,13.137649999999965,1.460883333333333,-8.331699999999966,-20.22864999999995,-33.15251666666667,-33.390916666666705,-19.52115000000004,-2.0151333333333383,17.59146666666666,70.58638333333327,103.0517333333338,118.33881666666652,117.63275000000019,108.61048333333325,94.16714999999994,88.65166666666671,81.69904999999994
2025-06-30,84.23954999999984,83.95160000000011,85.92399999999981,95.41043333333333,118.43253333333344,121.08881666666704,103.83839999999968,77.59653333333348,36.118700000000054,18.59610000000003,9.822633333333352,4.884750000000011,5.123616666666663,12.45908333333331,29.822899999999954,76.81848333333357,102.39746666666686,137.68840000000063,188.2814333333342,162.25270000000015,119.27935000000032,102.67469999999986,98.53366666666648,92.27648333333363
2025-07-01,90.4917833333333,89.28124999999994,90.55104999999983,99.05141666666677,118.62051666666673,123.96849999999989,112.58806666666659,90.79941666666652,63.75669999999998,43.913883333333295,28.754549999999995,20.15866666666665,20.73713333333329,35.846866666666685,55.97495000000012,86.42296666666685,112.11431666666685,155.40213333333378,190.48760000000027,157.00444999999988,124.53495000000008,108.0712666666666,102.02619999999983,94.49841666666704
2025-07-02,135.24204999999984,130.95001666666653,130.15323333333328,141.11575000000002,169.24180000000024,187.33401666666668,186.55218333333303,156.23853333333324,127.92921666666665,108.42481666666646,89.8902500000002,78.5874999999999,73.36615000000019,82.27966666666669,100.58606666666684,137.34321666666685,178.8111166666665,220.1955333333331,229.33840000000035,201.88544999999985,176.7833833333333,150.7532666666667,140.2005999999998,128.84591666666677
2025-07-03,79.70273333333334,77.76403333333322,79.01048333333343,85.99058333333332,106.1351166666666,116.2715166666668,106.15505000000005,82.73128333333334,54.759666666666696,38.17266666666667,21.837883333333384,13.844166666666695,12.743849999999986,20.255149999999997,39.60351666666663,72.89238333333337,101.92755000000008,130.02443333333358,150.2515499999999,137.19409999999993,117.35358333333349,102.70901666666663,95.86299999999979,89.71198333333354
2025-07-04,85.45899476190488,83.4910042857142,85.05959904761902,92.300068095238,112.70722809523798,119.94609333333361,108.81229095238095,85.04882428571433,52.30519238095247,34.438429047618996,17.34086857142859,10.23405952380953,9.019511904761904,15.744819047619039,34.25929142857142,70.56043285714296,97.96504761904778,122.83608619047618,149.30955809523826,142.0802604761907,118.08809238095263,103.29451238095231,97.19357,91.04780666666682
2025-07-05,79.41216666666647,75.42661666666659,73.82846666666657,72.88918333333346,70.39160000000007,60.26773333333326,43.84893333333339,16.61174999999998,3.6562000000000037,-5.679933333333326,-16.68519999999998,-28.527316666666728,-29.359766666666697,-16.95991666666672,-2.2373000000000034,17.879166666666677,66.73396666666676,96.38571666666684,111.54333333333317,109.6493500000003,102.48468333333331,88.11613333333308,78.9086666666667,71.76626666666665
2025-07-06,83.55631666666667,82.38851666666663,82.89433333333352,83.21761666666666,82.0967666666668,74.40506666666661,56.89430000000007,28.523933333333297,13.996449999999966,5.748200000000011,-2.9231,-12.022816666666667,-12.572850000000008,-2.1148333333333342,11.545566666666641,47.59256666666668,88.39366666666653,112.37013333333346,128.65526666666634,125.26661666666672,110.83875000000015,96.46834999999987,93.01354999999981,84.80874999999992
2025-07-07,86.3323244444445,84.97334111111107,85.0776133333332,92.62862555555553,117.14791333333332,132.9979333333334,125.71267111111116,105.91547999999995,91.08450555555561,80.19160111111091,69.99951888888869,61.91696000000001,55.86163333333325,59.214742222222306,70.4112022222222,87.03519111111105,106.04348333333333,130.99157777777782,144.1299455555553,125.38830888888896,109.91385777777786,95.52392777777766,88.14169555555551,81.78664
2025-07-08,84.00485277777778,82.50691666666663,83.25768611111103,91.21958333333345,115.50754444444455,130.56368472222218,125.20941805555566,105.30776111111109,88.93118472222216,77.0324277777777,65.3272194444443,55.85814583333332,51.97098472222214,57.20463611111119,71.67076944444435,91.00810555555553,111.48042500000003,137.12809444444466,147.03502500000005,130.4026125000002,115.31323611111111,101.64101111111123,93.76008055555569,88.09820138888887
2025-07-09,83.28792500000002,82.33459999999992,83.35124583333321,90.8246416666668,113.52075416666673,124.92465833333333,115.06595416666661,94.44843333333338,78.05010000000009,64.02250416666664,51.1130875,42.076833333333326,38.44638333333329,43.5120250000001,60.891520833333225,81.90780833333339,100.35121666666655,128.04623333333336,151.45657500000002,136.8774916666669,115.59999583333331,99.8281833333332,95.24513333333333,88.7171625
2025-07-10,85.48304166666684,84.5783166666667,85.5119499999999,93.45077777777803,116.27000277777788,126.41087777777764,115.69824166666658,95.59201944444465,78.74449444444441,65.28445277777769,54.17408055555543,45.09043611111109,41.819830555555534,48.981363888888964,66.67849722222212,84.73915277777775,102.74576944444456,130.58510277777788,158.3576916666667,141.23609722222224,116.78925277777775,100.84958055555568,96.31416944444446,89.7186722222224
2025-07-11,85.32103611111097,83.76553333333327,84.95288055555547,92.37947638888873,112.9352611111111,121.92833333333328,113.73675694444455,94.32636250000007,77.83125555555549,64.71257916666667,51.42736527777773,41.00849305555554,37.000612500000024,42.130205555555555,59.876883333333254,79.87845694444455,97.594386111111,118.57733194444442,133.83848749999987,124.61291944444432,111.02550694444459,97.76837083333328,92.70044722222241,86.20902777777802
2025-07-12,88.0080000000001,86.19958333333341,86.31455000000001,85.73078333333328,85.03025000000008,80.6696583333333,69.40650833333335,45.98467500000011,25.507066666666674,12.979341666666668,5.426924999999986,-3.506050000000002,-4.095108333333335,5.073533333333339,19.890491666666644,52.955266666666645,88.18928333333334,108.57220833333342,119.63961666666667,115.26655833333334,104.94716666666662,93.65145833333312,86.50010833333333,78.93519166666658
2025-07-13,91.38626666666664,89.4126766666666,88.93999333333339,89.24623000000003,87.46954000000001,81.62963333333325,67.12468666666673,40.15503000000006,21.654169999999986,9.864733333333335,0.8087000000000001,-10.07010999999999,-10.764836666666678,0.4961500000000002,18.43598666666663,54.136939999999974,92.19869000000003,114.58841000000002,128.46199666666632,123.23677000000015,110.7368533333333,97.75333666666639,94.14801999999983,86.20093000000001
2025-07-14,89.8370079365079,89.2934681547618,90.42457678571418,98.61549642857139,121.67883690476175,136.50532053571402,125.44028015873023,105.92446150793673,89.04173452380965,78.61676071428568,70.94497886904755,64.78167876984126,62.854518055555516,69.0707550595238,80.66354484126975,96.7092435515873,117.01726815476184,149.96695714285727,173.10420615079377,146.2495129960318,121.57968353174589,105.93677123015851,101.68495396825384,94.53329940476196
2025-07-15,86.38299714285706,85.18199428571432,86.39021619047602,93.96414333333334,115.5313023809525,123.62291238095226,112.58558857142857,92.225530952381,73.95726190476196,58.374973333333266,45.77514761904752,36.54744761904757,33.16150142857145,40.24621666666667,60.45420619047614,82.61118619047627,100.13308571428581,127.33526095238106,156.38836952380947,140.26260904761924,116.8204571428571,101.91598571428585,97.17154761904783,90.62863333333334
2025-07-16,88.22653047619043,86.86870035714288,87.86267224206354,95.33499279761914,115.6943665873016,125.3789043055556,118.85010315476187,100.7707387301589,87.41065753968259,78.29349587301581,69.40293511904768,61.25207867063494,57.103258809523744,61.09850908730161,73.22149795634901,87.81633579365094,103.78654119047616,125.71159682539684,141.65949041666656,129.1985824801587,113.71149623015872,100.13991605158705,95.96313065476184,89.168585515873
2025-07-17,86.02743763888888,84.00282916666661,84.90435486111095,92.11542541666687,109.59958819444476,116.02958569444449,108.08688375000006,89.20123055555565,72.29723527777774,59.079277777777826,47.34715208333329,36.89204430555551,33.55627111111117,40.62356013888886,57.40640611111102,79.48963069444453,98.96575069444442,121.27074041666667,137.19388666666654,130.1283780555556,114.47698805555554,101.20169722222226,96.12685263888899,89.7875855555555
2025-07-18,89.83262932336184,89.17529966168088,90.72777227207979,98.7479262108262,119.87190829415948,131.2807851816239,119.668632881054,102.05122445156707,88.05317383190894,79.6636654202279,73.19709847578342,67.33421771011406,66.33862678774936,71.88659434472933,81.92008989316211,95.70478138888876,114.44471872507117,144.57489453347586,164.97677300925906,140.08952601851846,118.71529590455847,104.65666696225055,101.93177361467214,95.48686471153827
2025-07-19,91.41398333333319,89.19929999999985,88.76910000000015,88.07621666666678,87.42411666666672,83.27033333333341,71.64336666666675,47.09680000000012,24.556500000000035,8.630616666666656,-2.1544666666666648,-15.13679999999999,-14.950333333333349,-2.22485,17.708849999999973,53.242466666666715,90.50874999999996,112.2145166666667,121.2613666666664,113.79715000000004,103.97016666666678,92.6450499999999,85.54041666666646,77.98849999999993
2025-07-20,87.64823333333338,86.25284999999981,86.25113333333348,86.98186666666668,85.86103333333331,82.08469999999996,69.61416666666669,44.92091666666677,21.008549999999975,8.081633333333338,-0.027466666666667396,-7.852533333333342,-7.648033333333351,6.132350000000012,26.560116666666737,68.70976666666684,99.1122500000002,116.37020000000042,125.52823333333319,121.13498333333332,110.98098333333343,99.05189999999985,97.4492333333329,89.56946666666653
2025-07-21,84.46133583333325,83.88429309523818,85.2386891666666,93.02600960317476,113.41456326719565,128.57563062169314,123.51211189153456,107.33247648148149,94.90297067460341,87.83958130952374,81.68201158730143,76.05779542328035,73.00272760582014,76.51891575396824,83.17757654761903,96.21239931216937,112.31510322751312,134.80334359788353,144.41620170634917,124.1302758465608,108.46413309523787,96.82718398148133,92.88698638888876,87.05677239417987
2025-07-22,83.47408944444427,81.41977185185168,82.23648314814808,89.1871053703702,108.82703981481482,119.06629203703699,111.85482537037043,91.6020420370371,70.32345537037037,55.09430796296289,37.86204111111112,26.996932037037073,22.597979444444505,28.54561666666669,46.8048624074074,74.44183129629641,95.89780648148161,115.48402185185203,126.89307370370368,120.08705574074074,108.68325740740757,96.71722740740744,90.63619055555567,84.5086964814816
2025-07-23,78.52650000000011,75.96271666666658,77.14444999999988,84.12688333333313,104.36781666666651,112.2661666666668,100.42478333333341,74.79310000000007,41.72746666666677,23.17133333333335,8.507016666666653,2.267616666666663,1.038750000000002,7.278683333333316,23.988533333333272,56.646783333333396,88.85750000000007,113.70381666666661,138.85048333333353,135.4183499999999,115.7494666666668,100.56928333333332,94.76098333333344,88.67345000000016
2025-07-24,87.70893781329784,87.09361740999748,88.67896959776338,96.35556622308253,116.291454500638,129.7023262596197,120.01445978211605,103.68404291541776,91.97639708046609,85.15847477041466,80.01501939208937,74.70419545486925,72.76417798553307,76.13206599590227,83.42439844400946,95.92298283961408,112.53519291722142,140.63525035487666,153.28193408327797,132.9575146923448,114.65070753440983,101.74031465825843,99.22571808765294,93.47247985051969
2025-07-25,92.13765043817286,90.94896808238059,92.4124598667998,100.12146269693285,121.0055882178005,131.70010934084425,122.57499244533247,105.89820540589025,92.43573014041527,84.35311085507068,78.01841709679209,71.78190048479308,70.09807255281773,74.11478816905314,83.12660219345456,96.38796326007314,114.59491868418596,139.03413880092168,153.26047562197053,133.95921890960892,117.00006525160019,104.0304472890073,102.206053711196,95.93373850640079
2025-07-26,93.28439999999995,91.08255000000004,90.68351666666665,92.0626833333333,92.12680000000006,90.38961666666678,86.65631666666695,75.61149999999994,59.472349999999906,43.95138333333342,34.87231666666661,24.69263333333328,21.151100000000024,30.58383333333333,52.45106666666669,83.52795000000027,103.69283333333345,118.21401666666667,124.68996666666654,119.4906499999999,109.2597833333333,98.66945000000003,97.7724333333332,89.92043333333338
2025-07-27,95.01223333333331,92.65404999999993,92.21540000000009,93.7473666666666,92.69848333333329,90.52128333333327,85.79265000000001,74.59700000000001,58.32450000000002,44.24881666666674,34.977233333333274,23.097783333333318,19.01088333333332,29.679233333333336,52.66061666666676,83.83580000000015,104.74571666666661,119.54438333333327,126.94818333333305,121.43940000000005,112.22551666666673,101.20033333333332,98.13964999999979,90.4699499999999
2025-07-28,85.69080472886759,84.06836698032964,84.61826551302481,92.24056903907511,113.20429893806482,127.5006281711855,123.31448461456672,106.42593026847409,92.76473291998954,84.35496993620413,75.54344488171178,67.03200650850623,62.13003618952681,64.79844807283362,73.94680442583734,88.87332286018085,106.1466771796917,125.5619517490698,132.95641716507174,121.61194729000536,108.78648782429558,96.04929132376378,89.90414458399789,83.37383088516744
2025-07-29,83.0486694444444,81.23359999999977,82.39108055555562,89.26241388888863,108.44311388888917,116.51865555555545,108.36034722222215,89.81620000000026,69.47381944444446,52.26088055555542,32.83968333333335,20.85299166666669,16.95151388888889,23.486402777777794,44.53200833333333,76.04456388888894,95.26325277777804,115.98221111111117,132.9515305555553,128.4100222222224,112.81994166666712,100.74906111111106,94.3489638888891,88.17217222222243
2025-07-30,82.77193055555551,80.58535805555543,81.56296055555549,89.02659416666654,108.32512583333347,116.46707750000019,108.5604905555556,90.87456694444472,74.96620944444442,62.79031416666664,49.041343888888875,38.20110805555559,33.68097972222224,39.333680000000044,54.91218250000003,76.95703138888895,94.10960083333333,114.19858277777804,127.2777919444443,121.07326111111111,108.63138083333355,95.97230999999998,90.59721527777798,84.76982333333349
2025-07-31,82.46904703703699,80.52933037037033,81.4933420370369,89.71008944444438,108.43348629629641,118.58526814814824,112.68199537037034,95.72847074074072,81.1765662962965,69.48705925925913,57.64343277777767,47.922144259259206,44.23527888888889,50.674340555555595,65.70000222222218,84.56570722222227,101.3537014814815,123.04946000000008,134.7066792592595,126.20844722222229,112.8340696296297,100.07273129629615,94.59242666666678,88.17511370370364
2025-08-01,88.31550455447326,86.82728391714782,88.34002303391054,95.72754044131818,114.84761897847532,124.84806846620954,118.5188836808561,101.87285022366508,88.91727296657074,80.28549912818669,73.40288043290026,66.93161986471866,63.290475114838955,67.28039134559882,77.06727208994705,90.06000909932641,105.61035026394865,128.46994899531032,145.22856848665245,131.52734339466093,114.7400025613274,102.32913455868199,98.57038898328521,91.89436091810963
2025-08-02,90.12996666666669,87.83475000000001,87.17968333333337,87.69706666666657,88.2330666666666,85.50125000000014,78.39755000000011,61.21350000000001,38.718566666666625,24.487216666666683,16.060166666666635,5.5435166666666715,2.9934999999999974,10.004450000000023,29.4972833333333,64.94921666666662,93.99131666666692,110.40893333333344,116.09279999999981,112.14431666666665,104.08659999999983,93.15086666666674,86.96984999999978,79.53356666666657
2025-08-03,73.17141666666649,69.25898333333329,67.60603333333343,66.63889999999994,64.61408333333344,58.58038333333323,45.23388333333339,25.322333333333344,10.15406666666666,1.320683333333335,-7.832566666666671,-19.551500000000058,-21.85833333333335,-11.262083333333333,4.885733333333335,28.7384666666667,66.42961666666665,94.7695166666669,105.23178333333325,103.24283333333342,97.81238333333324,86.60284999999986,79.46054999999987,71.73149999999991
2025-08-04,73.06972666666665,71.0128477777778,71.66070611111118,80.55813611111108,99.16314833333321,113.08100277777778,110.14843111111125,96.02719222222223,83.08233388888888,73.05921666666667,62.635457222222335,53.84226166666673,48.91715444444446,52.48383555555557,62.34983666666665,79.4019227777778,96.68315777777781,112.21800722222207,115.15040222222221,105.32485444444437,94.0902505555557,81.62564944444426,72.92758055555561,66.84747833333334
2025-08-05,38.58481666666667,35.78016666666668,36.663149999999916,45.206299999999985,67.55343333333334,80.48068333333336,76.0972333333333,58.10606666666664,37.24833333333337,26.127333333333343,17.50586666666667,11.985016666666647,10.365983333333332,15.485466666666701,26.018966666666646,49.7486500000001,75.37334999999997,98.98471666666666,103.10588333333325,92.53663333333344,82.91283333333328,70.8253499999999,65.17030000000011,59.64582499999998
2025-08-06,54.32180000000009,51.30885,52.960066666666584,62.03814999999987,84.70796666666675,92.69593333333337,81.18601666666663,54.72798333333347,23.909383333333317,11.001249999999995,2.9229500000000024,-2.3254999999999986,-3.066816666666663,2.653249999999999,15.734633333333326,46.5439333333334,81.07648333333323,111.21701666666654,135.1054833333335,128.50641666666655,108.60596666666683,91.97048333333309,88.51548333333324,80.9184333333334
2025-08-07,81.26342500000004,79.92674166666659,82.01871666666645,91.00091666666641,111.45563333333351,115.17690000000056,98.91109999999998,71.38770000000018,32.28454166666667,13.82923333333333,3.618158333333332,-1.1663499999999996,0.00868333333333291,7.542849999999984,25.528433333333247,68.9693833333335,98.07469166666681,130.44035833333342,171.44328333333374,152.17999999999992,118.3329666666667,100.93522499999968,96.20549166666667,89.09443333333353
2025-08-08,83.24912500000013,82.1008083333334,83.84755833333323,92.3420249999999,112.11261666666682,115.20466666666698,100.16294166666675,74.42838333333331,34.98408333333332,17.417075000000015,8.931524999999997,3.5328416666666627,3.35983333333334,9.847633333333324,24.286958333333267,68.9272833333334,97.19145000000024,127.59628333333336,163.90441666666715,143.3108,114.63744166666696,99.52445833333317,95.0918333333333,89.08742500000024
2025-08-09,90.43713333333318,88.43509999999975,88.06773333333335,87.83303333333328,85.63113333333324,75.36898333333328,55.84778333333351,26.023383333333364,8.40681666666667,-2.602333333333331,-13.048983333333348,-25.63361666666674,-25.316066666666707,-12.264383333333347,4.527050000000003,32.99191666666664,79.35151666666673,105.95101666666689,120.24051666666657,116.0897833333335,106.75669999999981,93.2644666666665,88.07336666666667,80.83139999999985
2025-08-10,81.17121666666652,77.59156666666661,76.98866666666672,76.56555000000006,71.19595000000005,56.62961666666654,34.40930000000006,9.206133333333309,-0.7254333333333335,-11.055683333333352,-28.500699999999924,-47.43788333333322,-46.99848333333322,-27.51928333333338,-4.489783333333332,14.140366666666669,67.57168333333335,100.60501666666698,115.73353333333337,115.10521666666686,106.89298333333319,92.80136666666641,86.11323333333351,79.1095666666667
2025-08-11,82.7859333333332,82.46365000000017,84.53516666666653,94.64756666666672,117.15540000000006,119.40746666666692,102.72166666666652,76.10175000000011,35.9341166666667,15.056983333333331,5.2616166666666695,0.6514000000000019,2.119350000000001,10.85156666666664,27.107916666666565,73.71900000000021,102.07956666666708,138.56506666666684,187.55028333333388,158.30623333333352,119.54593333333356,102.28528333333325,96.7169333333332,90.16716666666689
2025-08-12,86.11398999999982,84.7973775,86.15382249999976,94.32430083333334,113.95989750000011,117.41870166666672,102.71749749999994,79.19796249999992,45.73876000000008,25.344837500000036,12.880175833333348,6.419607500000012,6.7808058333333445,16.518282499999998,35.628957500000006,75.64258666666686,100.99676250000024,137.0204075000003,172.25791500000028,148.33099083333337,115.6810958333336,99.24466749999993,94.16770916666661,87.6921816666669
2025-08-13,85.77498333333341,84.96885555555558,86.45821111111105,94.42442222222223,112.78146111111137,116.51024444444452,104.78546666666644,83.5547500000001,54.73901111111109,32.24233888888886,16.786638888888906,9.555583333333335,10.15173888888887,23.179555555555545,44.36718333333336,79.91400555555556,103.07050000000008,141.99791666666675,177.16198888888937,152.45067222222204,119.77421666666697,103.49998333333318,98.9214388888888,93.1285166666669
2025-08-14,88.1095333333333,87.09636666666667,88.77046666666648,97.61868333333351,120.09066666666685,126.60268333333343,108.85290000000015,88.66071666666676,63.77096666666673,39.452683333333454,24.314166666666733,16.747583333333363,18.49624999999999,33.45111666666673,57.74139999999992,87.79071666666665,111.59549999999999,164.25330000000022,192.48863333333398,146.61298333333298,116.73771666666677,101.91104999999986,98.07251666666669,92.43876666666682
2025-08-15,86.63979999999997,84.50543333333327,84.86664999999998,89.84556666666673,102.25371666666669,105.4108666666666,95.1794333333333,72.80416666666669,52.77721666666663,34.9866,19.40028333333337,8.564499999999999,7.800083333333322,18.772883333333304,38.24364999999999,65.79113333333338,94.61606666666681,123.55381666666675,139.70056666666684,125.93038333333315,110.13973333333342,96.14598333333316,90.17865,84.4552500000001
2025-08-16,84.78786666666657,81.85071666666651,80.6702166666666,79.8542833333334,78.68126666666664,69.64293333333316,50.87156666666676,22.42996666666666,6.722983333333338,-2.8520666666666616,-12.98935000000003,-25.65586666666673,-32.202083333333434,-19.89980000000009,-0.09139999999999954,21.373966666666668,70.6027166666668,97.74590000000005,112.8743333333332,111.99208333333343,106.28319999999994,93.35906666666662,86.10534999999994,78.18178333333312
2025-08-17,84.07448333333323,82.70221666666662,82.95025,82.83635000000004,80.82688333333343,72.70554999999986,55.44915000000008,26.593716666666676,8.401533333333319,-0.8043000000000013,-9.010616666666667,-19.552049999999994,-19.03493333333332,-6.875899999999993,9.981583333333328,43.462350000000015,86.77321666666663,109.09978333333346,121.16451666666663,117.43638333333338,107.44758333333333,95.26848333333326,93.13198333333338,84.92558333333331
2025-08-18,84.3404222222222,84.07612777777777,86.52928333333308,96.7863888888889,120.78296111111139,123.64200000000014,102.90692222222226,79.46831111111113,45.08037777777785,24.073633333333376,14.902416666666674,8.885522222222221,11.055877777777766,21.91024444444445,41.716661111111094,81.32422222222239,106.29545555555592,154.92747777777808,197.47470000000015,149.17514999999992,116.00200555555578,100.9567277777776,96.99741111111086,91.0113055555557
2025-08-19,85.48915833333345,84.4475499999999,86.47060833333315,95.39757500000002,115.66144166666713,119.71775833333311,103.78214166666679,83.42179999999996,54.956091666666715,30.127975000000077,15.701858333333352,8.704033333333314,10.476033333333332,24.80154166666665,47.373633333333224,82.11882499999993,105.32750000000017,151.93257500000038,178.7879,139.86382499999945,113.78121666666684,100.21042499999977,97.23959166666661,91.60765833333336
2025-08-20,86.26268472222218,84.85077291666654,86.25436180555552,94.47311458333344,113.78972569444453,122.6484715277778,112.22860694444445,93.42635555555572,77.12702430555564,63.25104722222226,51.43824027777774,42.53328888888886,41.62595347222224,51.803657638888915,68.69487361111116,87.42721319444442,103.87243680555552,134.35968541666657,151.51838680555548,130.40695763888883,112.99125694444456,100.58126180555553,96.21783194444457,89.90283680555571
2025-08-21,85.88173750000003,83.72556944444416,84.94829777777782,92.83473861111125,110.55704527777785,118.3743766666666,112.2611777777777,95.71201027777781,82.49578611111113,71.1564794444446,58.85651694444439,47.50082222222215,43.70563111111114,51.43641666666665,66.42357416666658,84.61654555555565,99.96521805555575,118.80926277777779,127.83975305555568,118.93693388888882,108.01901500000022,96.49977916666661,92.89906222222241,86.4098027777779
2025-08-22,83.588269047619,81.66953273809526,83.00302738095215,90.14195773809519,106.35033214285708,112.87380654761895,103.4458761904762,82.90229940476196,57.856370238095224,37.43136726190472,18.793402380952408,8.58826488095238,7.178976190476201,14.577786309523814,35.38073154761898,68.14015000000012,93.57586369047635,115.40654523809538,133.34899761904774,127.92586011904767,112.19241250000046,99.6272577380951,93.6331119047618,88.0526023809525
2025-08-23,87.62878333333327,85.21699999999991,84.67476666666677,84.92330000000001,84.05788333333335,76.11293333333309,57.29498333333348,28.142083333333375,9.672116666666652,-1.0473666666666694,-10.173283333333346,-20.18233333333338,-20.800533333333405,-9.935000000000036,4.629616666666669,28.548583333333337,79.1054,104.4570833333334,116.85705000000007,113.94469999999997,105.7637333333332,94.09226666666662,88.99243333333335,82.66828333333315
2025-08-24,88.49322499999995,86.51274444444438,86.22056666666676,86.10026111111117,84.20469444444439,75.9125999999998,58.098319444444556,28.775066666666685,8.357966666666664,-1.5143277777777804,-9.52855555555555,-18.897583333333376,-18.71165277777781,-7.93661944444445,7.47443611111112,41.28021388888881,84.88477222222218,107.88168333333368,119.27775833333325,115.82340277777782,106.4983916666668,95.58300000000006,91.5550444444444,84.29022777777767
2025-08-25,83.05825000000007,82.54480000000017,85.43651666666628,96.74240000000002,119.98970000000011,123.74533333333365,104.41505000000008,79.71008333333343,42.946150000000074,19.971466666666718,10.06845000000002,5.637950000000003,7.690450000000012,18.00671666666667,37.003133333333345,78.38875000000016,104.80441666666715,147.53375000000028,181.09158333333332,139.91439999999992,112.75736666666688,99.69468333333305,95.24978333333335,89.73869999999995
2025-08-26,86.63681833333324,86.20923666666671,88.23002666666629,98.56191999999997,120.0780183333336,127.78016333333326,108.83328333333361,88.08055333333327,64.58786333333332,39.44603500000004,23.597536666666684,16.363498333333325,19.17796666666667,35.043811666666734,59.099468333333306,88.80495333333337,111.11983833333342,167.22982666666684,191.22300333333362,137.94831166666617,112.57014666666674,100.26177666666658,97.0187566666667,92.60718666666692
2025-08-27,87.79525138888903,87.39777500000004,88.651398611111,97.20665000000004,119.23946249999972,130.63765416666658,117.10648194444448,97.31061111111119,79.03591805555564,63.41873055555552,49.36702083333327,41.24635694444447,43.539862499999956,58.21578611111116,76.71698472222224,96.85246249999996,118.90500000000003,171.12307222222236,189.12966805555544,142.26613611111102,117.71002916666667,104.25692916666648,100.93737777777778,95.94663333333345
2025-08-28,92.59366757936492,92.01430543650784,93.03034376984144,98.87906281746031,117.76264738095246,138.72643210317466,134.40504932539685,117.48685432539675,105.44409801587307,97.346328452381,91.2948642857143,86.62633051587302,86.3965700793652,91.89204626984129,100.68945373015858,117.2358901190476,141.50932369047618,165.9643478968255,153.57520944444454,129.621816626984,115.80252019841258,104.67441067460314,102.18301281746,97.10613123015875
2025-08-29,89.80947706349198,88.5426927777778,89.01285011904754,94.95785964285716,115.18957507936486,132.5051831746033,126.24912289682545,108.88292035714282,94.75390464285717,85.79998321428567,79.05654813492072,73.0522185714286,71.90814849206357,78.32123130952381,87.6577503968253,104.1583269047619,125.61420813492057,151.95807301587305,144.9592018253967,121.87286515873025,107.69096293650807,97.13973857142847,93.7306173809524,87.81987404761901
2025-08-30,89.86829166666665,88.00143611111105,87.85526388888903,88.00879722222213,90.24883055555557,88.35035555555551,81.83655555555563,62.39283055555566,35.320608333333375,16.82190555555556,8.358883333333312,1.2144666666666664,0.6210583333333332,9.002672222222236,30.3320833333333,72.48343888888886,102.57221388888911,121.43797777777768,122.16353333333332,114.37072500000005,106.09022499999992,96.56469722222228,91.90787500000008,85.08356666666667
2025-08-31,81.57874999999997,80.32788333333342,80.45136666666681,81.32780000000005,80.71104999999996,76.41474999999984,63.52953333333328,39.39731666666674,17.500716666666637,4.325516666666678,-6.44055,-15.558266666666672,-14.698150000000002,-0.39043333333333424,22.00966666666669,62.44289999999997,97.12150000000013,116.10285000000026,121.8830666666666,115.0071166666666,106.14566666666666,95.4722999999998,91.42549999999991,84.44561666666651
2025-09-01,84.06143904761909,84.01961932539685,85.55636418650782,94.38186210317446,116.66119732142847,131.02790188492054,119.23547791666688,100.19285517857158,83.07294539682545,72.54049513888886,63.8955405952381,58.451279642857116,59.66312390873015,68.94959829365071,81.35540988095218,99.17870273809524,123.12607746031746,172.09073065476161,181.2552821825396,138.88878686507928,114.11059746031732,101.31526698412681,98.06794059523799,92.49449740079362
2025-09-02,89.91396055145883,89.04695883599223,90.27413189998221,96.68210869887079,118.32189289148334,137.7735654835809,129.73572320018803,110.66758847929106,96.3383436205096,87.98870860408223,81.23863832598317,75.76367449701985,74.61057788565968,80.18559461731242,88.973466762981,106.09648613749906,132.53801727226713,170.10961534513353,159.8657765345254,127.55573361846116,110.25524613942709,98.89232836928045,95.70690668988172,89.78313072484887
2025-09-03,75.07298333333348,70.10405000000003,67.76773333333325,72.73776666666652,92.5868333333334,104.80773333333335,98.5447000000001,75.01131666666676,46.9505,22.615400000000058,10.105583333333316,1.7798166666666635,-0.5326,8.331816666666644,18.810633333333282,41.92446666666669,81.1943333333333,102.97293333333327,105.14181666666681,93.39969999999975,84.13124999999974,67.33235000000009,59.507366666666776,54.56381666666679
2025-09-04,42.61895000000006,41.080916666666766,45.63268333333332,59.39951666666668,87.28648333333322,106.41354999999979,107.67100000000013,89.57386666666669,69.36120000000004,55.85585000000009,46.29171666666662,41.65675,46.122600000000006,56.74758333333325,71.97978333333337,98.90536666666658,132.69545,173.75353333333337,157.31435000000002,121.44441666666658,106.36533333333331,96.58014999999976,91.25491666666655,85.90186666666662
2025-09-05,89.79819442693741,89.21605791900092,90.62212625466849,98.15276879668541,120.77794873366007,140.79492398459362,131.1296490196078,111.60363016456596,96.45812600957052,86.39712524509801,78.71566022992533,73.56767587535016,73.09632170284785,80.37588639705884,90.5663996673667,110.46243256302515,143.08919522058835,194.889247805789,179.62832035480858,136.7108126283847,116.3332031045752,103.72662095004645,102.03930862511669,96.27922494164322
2025-09-06,90.86495000000016,88.98169999999999,89.59300000000005,90.03683333333328,91.77359999999993,89.46171666666646,80.23196666666674,58.44215000000004,32.84859999999997,14.381199999999971,5.842616666666642,-1.014116666666667,-1.3293333333333306,7.073499999999995,25.92983333333327,70.0887333333333,102.14590000000031,122.06266666666657,126.53384999999993,117.32691666666668,106.85081666666665,96.56276666666675,92.06378333333346,84.47021666666683
2025-09-07,81.50733333333308,78.09079999999993,77.05055000000004,76.5875,74.28504999999994,65.42676666666655,47.521733333333344,23.282683333333317,6.546783333333322,-5.072449999999993,-19.221899999999998,-34.16025000000002,-33.680716666666676,-18.10968333333334,1.8473999999999997,25.771483333333364,71.96318333333335,99.16513333333361,108.47843333333338,103.79153333333326,96.7430666666667,84.56438333333321,76.3037999999999,69.53049999999992
2025-09-08,76.46443333333336,75.82775833333328,78.702911111111,88.28951111111115,111.7281055555555,129.7140583333331,121.93985555555558,102.43121388888898,85.09740555555561,73.71620833333333,64.28838888888887,59.976230555555546,63.525711111111015,73.05728333333342,86.03136944444435,106.47474722222206,143.1847666666666,206.54242222222166,191.01473333333374,137.01401666666646,112.974563888889,100.6048416666666,96.30585555555545,90.69572222222206
2025-09-09,99.08676275252529,97.99532853535355,98.67221691919194,105.07803295454553,127.29718800505042,151.98571856060587,149.58621553030287,130.45435050505066,114.71649861111109,103.43853459595958,96.94537765151523,92.82029393939396,92.61993737373746,98.87237840909093,110.02402260100979,133.62367840909113,177.99243989899006,237.7294065656563,200.67509393939395,145.93961679292906,124.15468270202003,110.28543851010075,106.46984318181808,100.76198434343418
2025-09-10,98.15457619047613,97.56152896825414,98.22683412698397,104.86612777777789,130.92704642857137,176.4684809523811,155.50210714285714,127.7170769841268,110.21663214285742,100.15181468253964,93.47486031746041,89.37590039682523,89.87695952380965,96.19114126984142,107.14238293650774,132.20534285714305,171.42312896825362,222.39565634920655,173.14183452380922,132.79981071428574,116.19318015872996,104.36223769841267,102.13958333333322,96.76999047619049
2025-09-11,79.478275,76.98291111111104,76.80811111111112,83.13510555555538,103.53211388888886,118.69126666666644,113.59702222222232,90.73717499999995,63.24234166666671,42.776441666666706,26.258755555555595,15.62777777777778,13.899838888888905,21.779297222222215,40.81388055555553,70.72156111111116,102.9651611111111,126.8023277777779,127.39224722222217,112.82476111111093,99.99952777777794,87.00951944444446,78.495038888889,72.59583611111124
2025-09-12,33.619333333333316,31.83670000000011,33.70389999999995,44.35641666666666,76.6921000000001,91.80053333333325,86.62641666666663,63.170816666666774,30.934250000000052,16.445016666666675,8.578333333333335,4.2862833333333406,4.466766666666677,10.435566666666668,22.864766666666675,58.475300000000026,95.31320000000012,128.8203833333331,129.0781833333335,112.14161666666676,98.7217833333336,85.5873999999999,80.04508333333321,73.32901666666667
2025-09-13,70.68988333333331,68.01789999999997,67.76063333333335,67.45386666666671,66.81586666666668,61.86539999999999,48.32755000000006,26.908183333333362,10.04241666666664,-2.1263833333333326,-15.304466666666677,-27.43320000000002,-27.186216666666706,-12.352716666666675,5.8782666666666605,35.12578333333333,81.80091666666664,107.91630000000023,116.55648333333338,108.3044666666666,100.66911666666654,88.97028333333323,83.38113333333348,76.08471666666668
2025-09-14,77.86866666666646,75.68430833333326,75.68469166666678,75.89428333333333,75.60001666666668,72.34234999999991,61.581891666666756,36.41523333333335,16.80513333333331,7.136891666666659,-1.1649333333333345,-11.952449999999981,-13.188541666666676,-3.752166666666663,12.483258333333346,45.83218333333336,81.67854166666666,100.8163833333334,105.24990833333337,97.9002083333333,89.46715,78.24278333333326,71.65615833333337,64.94724166666668
2025-09-15,23.465549999999947,20.516266666666706,19.861449999999948,24.730449999999983,44.128150000000026,62.17721666666663,66.70358333333333,51.914183333333206,31.4523,21.42245000000002,15.48896666666666,10.697499999999996,9.388450000000006,14.52660000000002,23.919466666666654,41.08424999999998,63.60448333333359,79.14589999999988,78.57523333333314,68.11731666666682,57.509149999999934,49.27669999999999,36.97580000000005,31.979641666666637
2025-09-16,12.264199999999997,10.520949999999994,9.49945,12.525499999999983,25.693716666666727,42.058066666666726,47.234200000000065,34.47003333333324,22.788133333333338,16.103533333333367,11.340733333333317,7.642149999999996,6.282483333333341,11.261850000000017,19.559816666666677,33.88603333333336,53.2353666666667,67.8115666666667,65.58396666666658,49.34050000000009,40.730099999999965,37.30233333333333,27.71019999999998,24.200833333333346
2025-09-17,43.44676666666665,41.628683333333356,42.96483333333325,51.43559999999996,75.03288333333333,90.49606666666664,87.00596666666667,67.04966666666662,39.201449999999966,26.36913333333335,16.67155000000003,11.252583333333323,11.952933333333341,19.48341666666669,32.99871666666666,62.30680000000011,92.41011666666668,118.06806666666675,119.38166666666659,100.52931666666674,88.11398333333322,76.44383333333334,70.14204999999998,64.71575833333347
2025-09-18,39.05096666666669,37.87249999999994,39.999533333333304,50.32456666666662,76.06233333333331,88.82736666666675,81.43326666666673,56.09553333333325,27.728550000000027,15.574999999999985,7.554283333333319,3.1111666666666644,3.1820166666666654,8.489599999999994,19.77803333333334,50.69841666666667,81.02723333333327,109.15664999999987,116.86073333333341,102.94031666666666,90.07031666666656,77.8214999999999,73.1135666666667,66.06056666666669
2025-09-19,75.96286666666649,75.01661666666662,77.02316666666654,85.54891666666639,106.20353333333335,116.65523333333331,106.50236666666673,84.02278333333334,56.60491666666666,37.562549999999995,22.63161666666668,15.165316666666689,17.238716666666672,30.706433333333347,50.01460000000004,81.8885500000002,109.14273333333333,152.65885000000029,170.35888333333367,136.71508333333327,111.48805000000006,96.64053333333322,90.00638333333318,84.32475000000026
2025-09-20,72.77710000000012,69.4767666666666,68.63923333333331,68.8843333333333,72.10428333333334,72.45188333333321,62.87614999999993,43.94746666666671,24.970050000000004,11.19113333333334,0.43573333333333425,-8.831150000000017,-9.863000000000012,0.27209999999999906,17.371516666666682,47.200066666666665,87.89785,113.87495000000024,113.43095000000004,101.12814999999986,93.62568333333323,81.2303666666666,71.68018333333335,64.34813333333332
2025-09-21,27.373750000000012,24.001466666666634,24.269683333333383,25.254083333333288,26.209983333333362,25.920099999999962,21.410750000000053,14.673966666666642,5.496599999999992,-1.5178166666666655,-10.693733333333373,-18.753816666666705,-20.443800000000003,-9.323183333333326,4.954466666666659,27.79704999999992,74.59020000000012,104.56380000000011,111.58736666666667,106.00999999999966,99.34348333333295,87.00669999999994,80.44641666666675,72.97140000000003
2025-09-22,81.18271722222205,80.26248999999994,81.12499624999978,87.7059034722223,108.52194583333332,129.0881554166667,126.1285236111113,108.62138041666678,95.68878666666664,86.90685694444453,79.53756374999996,74.96733625,71.88764500000005,76.80876986111124,85.60272124999983,100.02626250000012,119.38938541666667,145.08569749999987,139.94281958333332,116.92639236111111,102.44227250000016,92.36409736111104,87.36059763888905,80.68763249999992
2025-09-23,83.60739368142568,82.64430006056793,83.59266788429397,90.1504863652186,110.94637462962969,128.98214649610148,124.36248725146196,106.0247706940964,93.15610144876096,84.07636837301597,75.73377900445554,69.80084961709818,66.5268137663605,72.27566889376226,81.6591732957393,95.26257454469518,112.11328385895298,132.2803590671122,131.9894510623782,113.81263759259268,99.74208736285176,88.04337425508204,81.37069761974392,75.16777446811487
2025-09-24,71.43144999999994,68.1019999999999,66.83383333333352,71.28514999999992,88.96573333333315,103.11076666666679,102.26666666666672,88.27153333333344,69.77563333333327,53.60758333333331,38.29816666666662,26.789699999999993,23.365783333333304,32.35085000000006,46.56815000000007,68.2352333333335,88.48208333333365,101.56224999999992,96.15786666666668,83.5522499999999,74.3673999999999,59.698216666666596,47.63313333333332,43.42161666666679
2025-09-25,63.213166666666574,60.368800000000036,60.59116666666672,66.98504999999986,85.65109999999987,100.47789999999995,99.18401666666668,84.78036666666678,65.86355,50.03479999999998,34.68979999999999,25.437633333333366,23.17604999999994,30.512283333333386,50.51664999999994,75.3005000000002,98.6217000000001,118.47815000000014,116.86633333333326,102.10586666666663,91.04826666666672,80.01648333333333,72.01965000000008,66.54695000000004
2025-09-26,73.80034333333333,71.34432833333337,72.92870750000004,80.95909277777776,101.77322194444457,118.82700833333331,118.23901083333331,103.44684388888899,89.04134972222228,77.6747083333334,67.15270111111109,60.61138277777775,60.609309166666584,68.45749055555557,82.73043277777755,101.01273555555554,125.1508877777778,153.2206261111112,139.42189611111112,116.92631611111123,103.68901833333345,93.32598527777765,87.25684527777763,82.21771527777776
2025-09-27,83.98750037037053,81.93554111111123,82.12873222222227,84.2846151851851,88.08113666666654,92.6027568518519,89.93878092592603,79.34771481481474,65.36577148148129,53.715458518518496,44.928464259259194,35.78561185185185,34.530620000000006,45.394815555555496,64.26412777777767,90.09553925925935,112.48695833333346,124.37899703703707,120.21689222222221,109.33784388888874,98.97410722222256,89.35828407407412,85.48650962962982,79.65800537037029
2025-09-28,90.58040833333322,88.67843333333359,88.87042499999988,90.9002833333334,94.78765000000001,99.70640833333331,94.94808333333339,82.12489999999998,66.09329166666672,52.35518333333339,42.49109166666666,32.66521666666664,32.2904166666667,45.223508333333314,66.95837500000002,94.94643333333352,118.97366666666669,135.6797416666667,129.69883333333325,118.04740000000008,107.47176666666672,98.78730000000016,96.22517499999998,90.14504999999986
2025-09-29,89.91684452380946,89.47903797619051,90.22040660714295,96.18546410714293,118.14946023809522,146.18989654761896,139.8248945238096,118.09109446428559,102.28895517857161,93.10186154761907,87.29743041666667,83.65614630952382,84.32111880952378,90.1590703571431,100.15322297619043,120.40390404761905,156.7851901785713,192.32484124999996,160.33891785714297,127.09202374999995,112.21233488095211,101.2725753571428,98.12187827380946,93.9231633928571
2025-09-30,93.07979009920633,91.9774788492064,92.48978394841266,98.59663894841258,120.22270265873017,155.71359857142832,150.31912698412694,126.45022595238086,109.82899341269855,100.73171817460313,93.83256130952381,89.97673329365077,90.68292017857159,97.44054517857144,109.39027152777763,132.75614587301598,170.04847496031724,200.55782555555544,154.347159027778,125.87722281746024,113.07981134920638,101.90133597222216,98.66676738095234,94.19391880952377
2025-10-01,90.1731722222222,89.09060555555544,90.5581055555556,98.84460555555569,122.06361666666663,160.02119444444446,146.7577166666666,118.66805555555553,99.91123333333341,87.22843888888883,77.26590555555553,72.86781666666663,75.00064444444449,84.49757777777785,98.64711111111093,127.1294555555553,182.97113333333309,245.8850666666669,184.9417944444446,134.16907777777783,114.5478666666666,102.94721666666673,100.93001111111083,95.38021666666668
2025-10-02,85.1480938888889,84.51506916666658,85.78129444444431,94.11605750000007,118.3859902777778,142.1842155555553,134.9267594444443,109.81855555555565,89.54079861111119,74.40626611111097,63.07932833333323,57.920038888888826,59.584031111111145,69.56014805555562,84.37381916666658,107.97630638888889,150.514065833333,225.85751694444446,189.27955777777797,136.29814944444422,113.96999555555529,101.77297222222217,98.68765166666671,93.42530749999987
2025-10-03,76.71155000000003,73.61343333333335,72.24296666666679,72.51059999999991,74.83841666666662,75.0366333333335,69.00399999999992,50.828683333333274,32.72706666666667,18.006250000000023,7.973683333333313,-2.0639666666666665,-3.0473333333333343,6.520066666666663,22.708000000000048,49.739383333333414,81.75861666666675,99.29191666666682,95.04884999999996,81.0161333333334,72.86906666666651,61.427066666666555,49.8529333333333,44.390391666666694
2025-10-04,13.262466666666725,10.071983333333344,8.29059999999998,7.704149999999982,11.485333333333317,14.377199999999963,15.388683333333331,13.995099999999965,11.056249999999977,8.22516666666664,5.992950000000012,3.550416666666674,1.1538333333333297,5.508549999999994,12.109049999999968,20.359916666666628,33.2004,41.65408333333332,38.88290000000004,30.60243333333335,25.86418333333328,26.07310000000001,20.428533333333313,18.36018333333334
2025-10-05,6.342366666666642,4.422466666666666,3.203783333333335,2.407950000000007,3.16218333333333,4.343766666666668,4.7781166666666595,5.68028333333333,4.890099999999981,3.312250000000002,2.1983666666666575,0.7003666666666659,-1.2377166666666704,0.8269500000000028,4.868999999999991,10.461349999999992,19.13236666666662,24.4070333333334,21.429783333333294,16.881816666666694,14.760733333333308,15.576899999999984,11.291966666666676,9.843116666666678
2025-10-06,33.99933333333333,32.64940000000002,34.90091666666661,44.771983333333225,68.68236666666652,93.8912333333332,107.08870000000002,99.83536666666683,86.9023000000002,76.29810000000008,69.79415000000006,66.2954500000001,69.59633333333343,78.46173333333324,93.34380000000019,110.08880000000002,138.66538333333344,159.75818333333328,139.58108333333348,113.96025000000012,102.2266833333332,94.57903333333329,86.83648333333339,82.65353333333336
2025-10-07,92.8828166666666,91.69633333333343,91.91475000000007,98.22411666666673,121.2029666666665,151.00676666666672,156.80176666666668,141.69636666666653,126.32841666666667,115.75285000000011,109.25928333333358,105.46103333333332,106.33670000000012,113.28958333333355,125.18706666666655,145.58846666666665,179.74764999999996,203.8373166666665,168.9040000000002,137.9446666666665,124.10536666666664,112.7140166666668,106.90626666666668,102.1238999999999
2025-10-08,96.68727341269837,95.48619186507955,95.8204039682539,100.54963630952373,118.08981686507921,150.29125912698385,165.20735634920644,149.01711765873034,128.34273948412695,114.83875575396829,106.53329027777797,102.15066865079368,102.20847817460339,108.14174960317459,119.63009186507952,142.31748710317444,184.10318353174569,219.22810753968292,174.45054464285758,137.80974246031747,121.6137646825396,111.30842281746035,105.87837936507917,100.98011170634905
2025-10-09,90.49797529411752,88.93772450980399,88.89134808278865,93.83666221132889,111.56913149237458,132.59834872549024,135.71696616557747,119.56666465141615,105.61269140522873,95.86336205882357,88.4335711437909,82.2981368409586,80.34196747276691,85.53210145969491,93.86618984749451,107.68103290849677,127.68401030501094,145.03281476034869,132.74243466230928,114.03290594771238,102.43307786492377,92.30538873638339,84.88380371459681,78.61485496732018
2025-10-10,81.99684611111104,80.64129277777774,81.29720333333343,88.0114149999999,107.01825722222223,124.15994611111125,126.21946444444434,110.95229499999986,96.44890166666683,86.24413888888897,78.02615166666655,71.92843666666676,71.39483444444448,77.7867427777777,89.34859944444443,104.03657777777778,125.68208333333331,150.44971666666666,142.64763166666677,123.58600833333335,110.8351377777778,101.47143166666652,95.05214500000002,90.00585888888887
2025-10-11,88.04896657738095,86.55748758928569,86.76782266865082,90.25489612103176,99.0068252281745,108.92455940476198,107.73483782738109,96.32057601190472,84.35141624007929,73.75769774801572,66.71779279761905,59.83478315476201,55.9907825396826,63.954608501984076,77.18716047619041,97.13995208333338,119.7738446230159,140.57187852182525,136.52168508928557,121.0153290277777,109.03246607142863,100.2112035615079,95.49431378968238,89.444974751984
2025-10-12,89.10690154761903,87.33563,87.23349119047623,89.94211285714273,96.4613185714286,102.67673083333342,100.7660686904762,91.83129535714286,80.74707928571439,70.03599464285716,61.44362607142849,53.280729761904674,49.90573999999999,58.75360249999994,73.56189011904756,94.42270845238093,115.20389940476181,133.41370488095217,133.91815166666652,119.7916452380953,108.87371059523818,98.91829511904746,94.95059773809533,88.481930595238
2025-10-13,91.45976749999984,90.62109625,90.8102675000003,95.80893083333339,114.02956166666665,143.62739750000006,145.74132958333334,127.80054500000003,110.39789541666653,99.62071583333338,93.06639625000003,89.21415500000003,89.8871566666668,95.41118500000003,105.81613916666666,126.23699791666664,163.75660916666632,192.25406500000005,162.49155166666685,131.8660733333332,116.72208541666662,106.02728375000011,101.81260291666658,97.47158041666648
2025-10-14,102.55664861111111,101.10000277777787,101.76243055555565,108.0836833333335,128.6174472222223,163.9451333333333,180.12647777777792,163.51161666666667,140.0446805555557,125.00515277777781,114.1167930555555,109.25665972222222,108.49490138888908,115.35690555555547,128.38976249999996,155.44531250000009,201.9517388888884,242.23140972222205,190.88472638888896,152.15770833333312,133.85776805555557,121.91954305555545,115.21912361111106,110.01489166666654
2025-10-15,115.56076666666668,113.74618333333349,113.5039749999999,118.75990000000003,134.2757499999999,166.33567500000004,187.54897500000024,174.7103916666668,153.29747499999982,135.68279999999976,124.57484999999993,118.1667833333331,115.00750000000005,122.09854166666676,133.99144166666662,160.63400000000027,210.994758333333,254.23253333333335,202.84489166666637,163.19094166666636,141.8258499999997,128.79879999999983,121.02082499999997,116.16029166666684
2025-10-16,93.52604222222226,91.97277388888897,91.85318166666659,97.13435777777785,114.25139666666652,138.15369055555558,151.1114827777777,136.59301611111113,119.83889166666668,108.42145166666643,100.52294222222223,94.5363994444445,92.17504222222216,97.86302277777784,107.53176055555555,121.52700444444439,144.73930722222232,162.63042611111135,146.97834611111108,128.46798222222228,116.88452999999997,106.79914222222217,99.54178555555555,95.19285555555544
2025-10-17,87.788853496732,86.73028864379094,86.64504661764686,91.33312522875816,106.92284968954239,126.40471957516337,135.65670289215683,122.23666042483674,106.93410802287583,96.56995514705861,88.95841233660137,83.27248031045737,79.8269497058824,84.65411450980402,91.989384509804,104.89806524509802,125.29755468954235,143.7785786928105,138.95160330065343,121.9886449509802,109.86924882352936,100.92359898692827,96.52280281045739,90.95942042483644
2025-10-18,92.29175000000002,90.47710000000012,89.97251666666658,92.76188333333327,101.55096666666671,113.48900000000009,113.27148333333344,102.95583333333329,91.0334333333333,80.66788333333336,72.59966666666669,65.61014999999999,63.73784999999997,72.65415000000006,86.06801666666667,106.89488333333328,133.60726666666673,156.91394999999983,144.1129333333333,124.80096666666674,113.40231666666664,104.09238333333327,99.95494999999991,94.28166666666652
2025-10-19,79.57156666666674,76.6923250000001,75.67579166666668,77.28052500000008,82.52374999999994,88.41704166666675,89.69196666666676,79.67682499999997,65.7701250000001,53.385875000000006,45.60817500000012,38.48959166666667,35.433900000000015,43.65395833333327,56.33451666666668,75.96775833333324,99.11042500000018,109.9631166666668,104.52223333333329,90.21311666666664,80.7127583333333,71.42078333333335,60.480175,54.71113333333341
2025-10-20,57.963166666666694,54.42366666666669,53.56309999999997,58.10206666666659,73.0087666666665,92.30398333333343,106.0678333333333,103.58388333333353,90.90483333333341,80.51900000000002,71.99161666666664,66.39278333333337,66.80841666666667,74.16576666666673,84.59229999999984,97.11818333333332,115.54505000000005,128.10954999999996,115.75784999999999,98.88613333333336,88.60245000000013,81.44423333333329,69.52558333333333,64.61264999999999
2025-10-21,37.82998333333327,34.6826833333334,34.53371666666663,40.2044666666666,60.6054333333333,81.77358333333325,89.23563333333324,78.30574999999999,57.262966666666614,41.08973333333336,32.10993333333333,25.912916666666653,24.674816666666633,31.674983333333365,47.14111666666657,70.8699666666668,98.84480000000008,116.76645000000013,110.8921833333334,95.36191666666666,84.69553333333323,75.74006666666665,66.31311666666664,60.2816
2025-10-22,79.16198363095239,78.40526339285718,79.29248859126979,85.35264990079361,103.58821200396814,131.51635882936515,155.4040377976192,143.7255248015871,125.81290734126989,114.1940910714285,105.27382519841275,101.39972519841268,102.00304345238098,109.9035674603176,120.77891865079351,140.39255188492064,175.47275218253986,208.09066507936535,171.63987152777804,141.44206507936497,125.7655811507935,115.1865025793651,107.71125138888894,103.64170347222212
2025-10-23,73.21408333333339,67.46601666666676,63.5448000000001,64.48653333333317,80.49503333333315,100.05286666666677,106.76740000000017,98.1423500000001,80.85066666666674,66.20703333333334,53.98731666666672,45.518800000000056,42.1423333333334,48.09036666666675,58.62223333333336,76.88099999999999,96.9628333333335,106.97344999999986,99.91823333333333,84.62129999999996,73.49441666666655,62.082716666666556,47.40198333333332,41.53719999999997
2025-10-24,18.560983333333294,15.988999999999997,13.61699999999999,15.594366666666646,27.336816666666667,47.11641666666666,61.247016666666674,57.43831666666665,46.40273333333328,38.6611833333333,32.68054999999999,27.76164999999993,25.814583333333292,30.2706,39.49204999999991,50.905050000000074,71.2118166666668,83.19303333333333,77.92911666666666,64.8503500000002,56.34733333333324,52.059000000000054,42.16443333333334,35.20558333333332
2025-10-25,10.361316666666692,8.428400000000009,7.104633333333324,7.561516666666665,10.695916666666676,14.604083333333293,16.020599999999977,14.624599999999958,10.293600000000001,6.6320666666666455,3.433650000000004,0.5312833333333351,-3.276616666666665,1.0344999999999975,9.333816666666637,19.168649999999978,37.28956666666668,50.73786666666662,51.556116666666725,41.455849999999934,37.33331666666664,35.76001666666665,33.4639666666666,29.119849999999975
2025-10-26,5.325249999999996,3.3040500000000037,1.9438499999999965,1.1783166666666671,2.367850000000001,4.274116666666671,5.41545,5.69199999999999,3.8301333333333187,0.33774999999999955,-3.1175166666666665,-7.49054999999998,-17.4877666666667,-12.16533333333326,0.48723333333333413,6.976183333333327,18.033066666666645,25.50158333333339,26.600866666666665,18.284633333333385,15.745366666666639,15.48653333333334,13.275449999999962,9.244500000000032
2025-10-27,10.741749999999989,9.049699999999978,6.372400000000014,7.318699999999986,14.452316666666677,35.665466666666674,62.448483333333414,70.00431666666682,63.98808333333343,56.20953333333325,51.64299999999998,47.63354999999985,48.06126666666668,53.23841666666687,64.67209999999999,71.29918333333333,83.4196833333333,88.54605000000008,81.50331666666646,70.7080166666668,63.15090000000005,61.539316666666736,49.40496666666665,46.4585249999999
2025-10-28,34.797849999999926,30.743516666666697,27.205583333333333,27.497749999999986,35.848666666666624,56.023983333333305,77.71434999999995,80.29778333333329,71.46988333333336,62.16156666666671,55.964600000000026,48.98424999999994,45.278400000000005,48.380850000000116,56.28423333333324,67.03481666666683,84.15155000000004,93.09898333333334,90.22664999999972,77.91093333333335,68.8482166666667,63.35460000000011,51.673633333333306,43.29813333333327
2025-10-29,61.98514999999995,58.89000000000005,58.432416666666576,63.37966666666659,78.47196666666655,97.77226666666657,110.19628333333341,105.63721666666672,91.20909999999999,78.12515,69.01081666666663,63.45776666666662,64.06511666666671,71.86293333333334,85.38574999999985,101.08963333333341,122.08841666666657,140.81615,130.20681666666664,110.96843333333345,98.70696666666674,91.59748333333323,82.30314999999995,77.17725000000002
2025-10-30,67.55381666666658,63.39790000000001,62.44521666666664,66.23613333333317,82.28431666666644,95.45439999999991,96.93071666666673,80.43844999999993,55.78836666666664,38.836099999999966,27.84415000000008,19.675266666666676,18.030916666666638,24.861450000000016,41.17921666666666,67.00211666666678,99.21529999999997,123.91320000000009,129.56726666666663,116.40375000000007,100.77385000000021,89.97731666666658,81.54979999999996,74.25201666666683
2025-10-31,83.43033611111099,81.96348722222221,82.02852888888889,87.63932555555539,104.87695944444445,124.79409111111119,127.87872777777787,112.49094833333332,97.18670555555563,86.08720222222213,75.38320111111108,69.53869722222228,69.65615944444443,76.47649111111109,87.34203777777776,100.55008277777785,119.7361705555557,144.49555666666677,139.5088577777777,118.94480111111116,102.78548388888913,89.85892666666672,81.89720833333331,75.6574661111111
2025-11-01,60.34991666666667,56.72803333333339,55.42601666666662,55.9588833333334,58.35395000000004,61.795433333333314,61.24853333333333,51.765166666666694,39.970666666666745,31.04295000000001,22.95074999999999,15.515116666666666,12.850466666666655,21.8216,36.43306666666668,59.468599999999945,85.36208333333342,96.49683333333353,91.56448333333324,80.05271666666665,72.84446666666666,63.54550000000009,53.77961666666659,47.84033333333334
2025-11-02,63.960299999999904,62.4484,62.139483333333374,65.07119999999995,71.60841666666656,81.09405000000011,84.86578333333354,80.73573333333326,73.37976666666678,67.30401666666673,62.31779999999996,56.78113333333332,55.33364999999992,61.66768333333339,74.08955000000005,90.68341666666666,111.2269833333333,123.33620000000012,112.78538333333344,98.86475000000006,89.01978333333346,82.00691666666668,75.12559999999999,70.67339166666657
2025-11-03,76.27775000000014,71.74748333333336,69.14661666666684,72.01814999999992,84.69716666666673,98.8464999999999,106.6089500000001,98.9319000000001,84.26375000000004,72.01348333333338,60.405566666666616,50.16521666666677,47.33026666666664,53.96183333333343,65.8907833333333,81.69490000000013,100.7407166666668,113.4184833333332,106.71394999999995,93.52118333333338,83.47634999999995,72.44749999999986,59.85803333333333,54.56493333333325
2025-11-04,44.1117166666668,42.521724999999954,42.425074999999964,46.50012500000001,57.77864999999981,73.85811666666656,86.2993916666666,86.11224166666655,76.59358333333326,67.41943333333343,62.34214999999992,58.74582500000003,59.99661666666675,65.51874166666656,75.81820833333322,87.38065,102.2212833333333,113.46546666666644,105.72033333333324,90.26920833333332,81.25689166666666,76.75740833333347,69.4183250000001,64.86343333333335
2025-11-05,73.72681222222221,70.56875805555566,70.34224194444452,74.8238674999999,89.81098416666647,107.99739611111113,119.70371249999975,113.45635000000007,99.21142138888891,87.53436833333322,79.5564219444443,74.65711388888883,76.06813194444452,83.14917277777778,95.74315944444449,109.67267083333334,131.23181416666665,151.08922166666667,135.6024769444446,116.3170924999999,104.13927194444447,97.3662736111112,89.94743583333322,85.45659972222214
2025-11-06,87.88020166666665,86.37733722222218,85.9672814814814,89.860507037037,103.59050555555564,128.12563129629623,139.07095870370384,130.37530648148135,114.07042574074069,102.89448425925933,95.77233592592607,91.877919074074,91.7984300000001,97.64080111111129,106.31130333333313,120.86841462962953,145.10303518518515,164.59087222222223,142.39698981481482,120.61411259259262,109.01388203703692,100.7526090740742,94.79427222222225,89.79162240740735
2025-11-07,92.94928055555553,92.03130833333331,92.06659999999994,95.88248055555533,108.71843333333308,136.80551666666668,154.77938055555575,146.20467500000004,129.04759722222232,116.61959999999992,108.38502777777802,104.42240277777778,104.59169444444451,111.22600277777792,124.06147499999982,148.38438888888885,193.79373611111126,221.9387472222225,174.87126111111118,137.48156388888873,121.66448333333337,112.29677499999991,105.88854166666648,103.06170277777764
2025-11-08,96.51184999999984,94.80611666666661,94.36049999999996,97.14924999999992,107.87428333333327,132.04258333333337,146.74773333333334,136.44360000000006,120.72418333333371,110.64198333333339,102.76508333333334,98.9208999999997,98.63095000000015,105.49893333333358,125.28873333333307,163.52605000000014,215.64351666666647,231.7593166666667,181.0121666666666,136.03245000000015,118.03578333333348,109.21794999999992,103.43491666666664,101.08291666666678
2025-11-09,98.47293111111095,96.68410388888881,95.8403294444444,97.23573277777773,104.94375333333338,117.61300666666696,123.98704888888896,119.94599111111096,112.6931972222224,106.22376777777772,100.56995277777793,97.55966888888895,96.05523166666678,100.78970388888904,111.90903888888877,128.6593233333332,154.91082388888887,175.6072761111112,156.81296833333346,133.87027722222192,121.12451388888883,113.64360888888889,106.76242722222224,104.97096777777793
2025-11-10,91.71348499999993,89.89538333333344,88.75418999999992,91.39179999999988,101.83165833333332,124.80573166666682,143.04277666666678,141.15935333333346,126.85371833333346,115.60797166666661,108.27540333333359,103.67799333333332,102.9592266666668,107.13088833333359,116.1427366666664,130.08097166666673,154.97083833333326,168.1622533333334,145.3905666666665,124.25564333333335,112.0429866666666,104.85360000000009,96.43998833333318,93.27785833333327
2025-11-11,86.96243263888867,84.73600902777791,83.2244409722222,85.70381249999996,95.06949652777779,114.51643819444445,133.69663194444448,137.70876805555548,124.7300326388889,112.58580069444457,105.21239166666668,100.15004097222226,100.66595069444458,104.99192361111102,113.92514374999972,126.79257291666678,146.22413958333317,150.72721805555548,134.09751874999984,117.14013749999994,107.04121388888893,101.2612215277779,93.19865555555553,88.89155833333334
2025-11-12,79.7184666666669,74.3614,69.57733333333339,70.25476666666661,79.34618333333331,94.72184999999988,111.19956666666658,110.89923333333354,95.30583333333318,82.06693333333332,70.80836666666653,63.70751666666667,60.80191666666664,65.44511666666675,76.36608333333326,90.91165000000005,107.4775666666668,116.96998333333312,107.50010000000003,94.1256999999999,84.39153333333348,76.07328333333326,60.65608333333328,55.25471666666656
2025-11-13,42.80993333333322,38.873783333333385,37.56386666666664,41.59526666666658,57.20954999999987,79.07006666666658,93.99593333333333,90.73949999999999,74.26523333333344,59.53209999999998,48.882799999999975,42.562183333333344,41.289,48.928249999999956,64.0705999999999,84.93188333333349,112.20701666666675,129.14276666666672,126.05530000000016,109.8996833333335,98.0925833333335,91.93284999999999,83.83153333333325,75.76975000000007
2025-11-14,94.64999999999984,92.81326666666672,91.61255000000001,94.54571666666654,105.21414999999985,126.90490000000005,145.1450333333334,145.77336666666665,131.67184999999998,119.39149999999985,111.7765166666668,106.08941666666664,104.73811666666678,109.54506666666668,118.11423333333315,129.93078333333307,149.19101666666654,159.4859000000001,145.18269999999993,127.2393,115.86968333333306,108.75158333333336,99.41329999999996,94.69450000000006
2025-11-15,85.19440544444429,82.13868911111113,80.41891438888895,82.9166022777778,91.03276249999998,101.32451444444449,110.8609917222223,109.60333944444433,100.61866494444452,92.24679344444438,86.71815311111108,82.07916155555556,80.24356422222229,85.81211672222229,96.36394738888885,109.5571532777779,127.47999144444441,134.1228198333332,125.93893727777775,113.3765433333333,104.28302811111115,98.49364322222225,90.91174277777769,85.10595366666664
2025-11-16,92.96595444444439,91.44497444444438,90.17824888888867,91.98166833333326,98.63197055555574,108.23772500000018,118.18311611111127,117.86708666666661,112.54626388888896,106.13527277777767,101.66342722222214,98.38980222222219,97.42023722222224,102.20582388888904,111.32599333333332,123.54672500000001,141.57983388888888,150.82077888888895,138.80935722222247,122.41232000000018,112.44645055555549,106.21118055555536,99.09210777777777,96.75027333333321
2025-11-17,87.04264583333324,83.93677708333342,81.92464583333326,84.1549,93.54879374999999,110.30962291666653,128.12837291666656,134.18382916666673,124.52467916666673,114.22823750000003,107.24983541666651,101.72249374999991,101.73617499999982,105.31709166666673,110.74791041666651,119.90414999999992,133.46303749999996,137.14122500000005,128.86153958333333,114.11094583333349,104.60180625000015,100.21704999999997,90.57109166666658,85.87866458333326
2025-11-18,80.90550277777774,77.1178305555557,75.70275833333339,77.95215555555554,87.12756666666657,103.71909722222216,122.94663333333325,130.79276111111108,121.01824444444438,110.24813333333341,102.8243638888887,97.76949444444435,98.46885277777791,104.37341944444452,113.07086388888874,124.06441944444433,139.17685833333343,140.44812500000006,130.59871111111096,116.94755833333346,107.38833333333358,103.59984999999998,94.56989444444433,90.53390833333343
2025-11-19,88.56242777777769,85.49339166666667,83.47061944444437,85.23469777777781,92.5668627777778,108.45287444444463,127.58569888888901,135.79755222222198,123.54342055555561,110.58324222222222,101.94676944444456,96.59690499999998,95.84884222222237,99.5134200000001,109.02405611111081,122.17839166666653,139.50265222222242,140.90194999999977,129.7837600000001,116.69620333333333,107.27753722222226,103.02510166666663,93.93346277777769,88.65975611111115
2025-11-20,89.95459333333318,87.82017888888893,86.25745666666663,88.51550555555565,97.24252222222232,115.72329111111115,135.68527111111118,143.44393666666645,130.8841466666666,118.34741555555564,110.57426777777796,105.67076555555546,104.9876777777779,109.27827888888906,118.81872444444416,131.88063888888874,150.9560222222224,156.42373000000006,143.50706111111091,125.90792222222214,114.26174111111109,107.96884888888884,99.90753777777769,95.87589444444444
2025-11-21,100.02655333333317,98.13886527777801,96.95652388888874,99.43550666666665,107.95057499999974,128.73578472222218,152.09406222222228,163.14918805555538,150.62343361111107,137.4634927777779,130.1865308333332,125.15018055555537,124.99850138888891,130.64579222222264,142.51214138888892,158.13578861111102,179.31932361111112,178.56095194444478,159.49242138888863,138.3832452777781,125.80684305555549,118.84417083333348,108.59693611111105,105.3502347222222
2025-11-22,101.62373015873011,98.28447222222225,95.66691587301578,97.14301269841263,104.44270952380973,118.6085285714286,132.78186666666667,132.5482904761907,121.55256587301582,110.32211349206348,102.03598650793643,95.76828888888866,93.30434285714279,98.60876428571414,109.00873809523806,122.83915952380966,144.1220698412697,149.88165317460323,134.68242619047624,117.03988174603185,105.84205079365073,99.87244841269828,87.15934761904765,80.51617460317452
2025-11-23,71.69618333333338,67.40410000000003,63.713633333333355,64.07283333333321,70.25399999999995,77.23890000000003,86.99551666666675,88.33210000000017,78.00120000000028,69.56744999999997,61.15475000000001,53.26443333333345,49.25908333333318,55.268983333333345,63.594783333333275,74.9409499999999,92.30821666666684,97.61516666666661,88.80421666666663,77.03801666666665,69.75601666666658,64.84500000000001,51.72303333333324,45.788166666666605
2025-11-24,65.46654999999998,63.70686666666665,63.71993333333338,68.49968333333334,82.18224999999993,104.07889999999986,122.01248333333326,124.60474999999977,117.12789999999978,108.53486666666645,103.07521666666652,99.14720000000003,100.29728333333328,105.7967500000001,115.6083333333334,129.01225000000002,150.07531666666682,159.76355000000024,142.95141666666652,123.00863333333332,110.83188333333356,104.09888333333328,94.17501666666656,91.2065999999999
2025-11-25,113.8721500000001,111.40168333333332,109.94048333333349,112.75786666666654,122.05009999999977,148.98131666666686,192.9851499999997,230.3314833333336,218.80590000000007,201.72570000000013,193.5467333333326,185.87418333333355,183.87821666666636,187.62461666666744,204.52618333333348,230.87620000000004,267.9573499999999,249.18640000000025,211.67498333333322,173.87148333333326,152.53286666666654,142.63303333333343,127.67391666666673,125.09208333333343
2025-11-26,114.96238333333363,112.2581000000002,110.66606666666635,113.15048333333351,122.05066666666629,145.4184666666663,201.8523166666669,246.7876000000002,238.69503333333301,226.9869166666671,214.961899999999,214.72436666666627,213.36980000000054,208.78176666666658,232.71381666666645,253.04493333333372,299.07140000000004,276.2214333333332,243.76798333333286,188.03523333333322,159.56379999999982,144.65481666666702,128.4012833333333,124.38631666666697
2025-11-27,98.18254999999994,95.24368333333352,92.85548333333332,95.25516666666653,104.35288333333331,127.74788333333335,155.14748333333364,169.6685499999999,159.51036666666639,146.7348999999999,137.10616666666635,131.6115166666667,129.2907833333331,132.70458333333343,140.80353333333366,149.30171666666675,169.3978499999999,167.30738333333346,150.5403166666667,130.96491666666674,117.42988333333335,112.15390000000009,94.42781666666684,88.2071083333333
2025-11-28,63.50998333333332,61.886083333333396,64.08921666666657,70.95220000000012,86.45361666666649,112.70585,138.14306666666667,145.85513333333333,140.00183333333337,131.05968333333306,128.78248333333306,126.06753333333332,127.68801666666685,135.2980166666665,146.17500000000024,157.37291666666675,176.07265000000018,180.89406666666704,165.87836666666612,146.02460000000008,131.28540000000035,123.49114999999998,105.47838333333347,103.16356666666671
2025-11-29,83.5136472222221,81.09878888888898,79.48887777777777,81.96270000000004,91.15181388888885,106.18667500000006,121.99218611111102,126.95424722222214,117.94075555555568,108.75684166666663,102.41554999999998,97.72659444444443,96.56862777777782,100.50961944444443,109.53792777777768,120.0935333333333,135.51695833333338,138.1498694444443,125.77709166666678,112.72208611111115,103.04238611111111,97.22919722222233,86.7470722222222,81.34593611111107
2025-11-30,74.69523791666664,72.0981747222221,70.2988986111111,72.2949433333333,80.97351541666659,91.5318840277778,105.09011458333337,107.89854277777759,101.44302708333338,93.7654977777776,87.83496374999989,83.37947847222219,83.4049886111111,87.92140541666659,97.4776316666666,107.03050861111113,121.27612555555561,125.91958305555573,116.42652375000007,105.0050595833335,95.97344305555555,92.54269902777787,84.88258555555544,80.31015055555547
2025-12-01,80.03115000000003,76.92876666666673,75.58718333333331,77.69421666666663,86.5451666666665,104.76756666666685,127.18371666666664,137.3973999999997,127.87875000000005,116.12658333333319,108.02186666666645,102.7317333333333,101.39678333333342,104.87990000000008,112.19521666666648,122.03473333333328,136.22483333333355,139.85281666666677,127.42243333333305,112.33650000000002,102.15135000000004,97.28441666666659,86.7600333333333,82.68997499999998
2025-12-02,71.04853333333322,69.05256666666673,70.06741666666659,75.86251666666656,89.35179999999981,113.4276833333333,138.90361666666666,153.1774666666664,146.0746833333333,134.78289999999993,130.8125166666665,126.86361666666666,129.05614999999995,136.07753333333363,149.00646666666697,162.84503333333348,184.33065000000013,188.20831666666683,172.26261666666616,148.63353333333353,133.80375000000004,125.2166166666667,109.86641666666665,109.20056666666679
2025-12-03,104.4428166666667,102.78326666666669,102.4763833333332,105.45743333333331,115.92248333333305,141.16826666666654,184.75748333333385,217.04479999999973,201.99133333333276,185.91421666666673,173.98026666666618,170.88881666666663,169.79339999999982,169.56111666666698,187.47450000000018,212.99383333333293,256.59491666666656,252.0657000000001,215.54608333333337,172.37105000000014,148.33503333333312,135.6689666666668,122.8041,118.0674500000001
2025-12-04,108.38054206349209,105.98131507936506,104.42528253968244,106.06964999999988,113.31992142857115,133.97090476190462,173.63202301587316,214.78593253968236,208.44796269841248,194.76736031746034,178.8915071428563,174.0080515873017,173.44859206349207,172.70420238095247,188.95856269841286,207.68815317460283,245.02146031746034,231.56168650793683,205.7158793650794,168.19526349206325,146.33972698412694,134.66865238095272,120.44310476190462,115.66818095238098
2025-12-05,98.87278333333325,97.75065000000016,97.08088333333325,99.42944999999986,107.34974999999977,128.93143333333322,164.15263333333348,196.13663333333326,190.43686666666656,178.16171666666676,168.689633333333,164.38251666666685,161.65876666666648,162.1325833333335,178.1257000000006,200.17329999999976,236.64510000000004,223.86640000000054,192.4607333333332,157.66024999999988,137.13771666666642,127.3266166666669,113.32256666666656,110.44318333333331
2025-12-06,84.96606666666675,80.44035000000025,76.95869999999991,77.29291666666657,84.7329000000001,96.80078333333337,112.2766000000001,118.84506666666672,111.6278333333334,102.9792833333332,96.33303333333329,91.37479999999998,90.4365499999999,94.53819999999986,102.89086666666671,112.61334999999997,126.10255000000002,126.85820000000017,114.91593333333333,101.66218333333333,92.70666666666693,89.09678333333325,75.23536666666668,69.79643333333333
2025-12-07,69.41855833333327,66.97664166666665,65.59482499999996,67.33917499999998,75.12114999999993,86.00436666666675,97.6167083333334,102.97832499999994,99.56383333333332,94.5039166666666,89.77178333333336,86.57952499999982,87.24234166666683,91.37909166666641,100.55592499999985,107.61525000000007,122.09925833333332,124.50355000000013,112.3535083333335,99.78305833333322,91.58845000000014,87.00828333333342,76.97190833333326,72.91648333333336
2025-12-08,34.95188333333328,30.387316666666678,27.55504999999999,29.34336666666662,39.61739999999995,60.34789999999994,84.49819999999988,91.61565000000002,84.19603333333345,76.26940000000002,71.20469999999993,67.54883333333336,67.48811666666673,73.22981666666666,82.02538333333331,91.2650166666666,105.94581666666653,111.87413333333328,104.84748333333322,92.43256666666663,83.20774999999999,78.40078333333331,66.72245,58.79728333333334
2025-12-09,74.60236666666675,70.94386666666668,70.41760000000005,72.14355000000006,80.14501666666659,94.93036666666679,117.84236666666645,131.12949999999992,118.43128333333338,106.99713333333318,99.90476666666659,95.4254500000001,95.41745000000017,99.33781666666655,108.34161666666667,115.42921666666656,123.39916666666659,123.98758333333349,115.58370000000001,103.4870833333333,94.23626666666674,89.90021666666688,79.86183333333341,75.89857500000008
2025-12-10,58.81045000000009,54.39288333333335,54.35529999999994,57.24417499999992,67.03184999999998,84.49234166666662,105.22151666666667,116.51229999999984,111.26131666666701,102.74559999999985,98.36479166666643,94.59361666666683,96.13239166666665,99.41934166666655,110.17486666666649,118.04770833333329,128.0603333333334,129.1796916666667,121.5531916666668,110.90291666666671,99.6764333333332,95.22275833333326,84.12861666666686,79.5922666666668
2025-12-11,73.36753333333344,69.32748333333352,68.86606666666664,70.53376666666662,77.94253333333334,91.67719999999991,111.7810833333333,124.22498333333307,118.72001666666668,109.16486666666661,103.50558333333306,99.67881666666685,101.76095,105.09834999999993,115.54916666666666,123.88583333333344,134.62988333333325,134.99303333333367,127.44561666666654,115.71026666666666,105.55840000000018,101.28191666666648,91.11728333333335,87.57203333333331
2025-12-12,88.68685000000009,88.08726309523831,87.81122380952375,90.160007142857,97.87950476190463,118.08977976190477,141.14578095238093,150.67160595238073,142.1420869047621,130.96286428571437,123.75139642857131,119.51578690476163,119.04234761904767,123.0571702380953,134.27089523809516,152.02484642857158,179.7407083333331,181.62399285714335,155.24477261904724,133.42771071428578,119.92240952380935,112.4604238095237,103.92729523809504,101.52238452380941
2025-12-13,94.88060083333323,92.70724027777786,91.29909722222216,92.9483097222221,100.79365111111109,114.64072611111123,127.8909311111113,130.63183166666659,122.9399205555556,114.14720666666678,107.8786925000002,103.24693583333331,102.08617277777797,106.98237722222244,116.58698361111097,126.998751111111,140.63611555555565,144.35040527777798,132.23249722222243,119.04652722222238,110.09698888888879,104.98242277777773,97.19185749999991,93.69897777777786
2025-12-14,86.89906666666651,83.36358888888881,81.09580555555539,81.03481111111125,86.10459444444466,91.34451666666672,100.05902222222237,104.04040555555552,100.38589444444445,94.01042222222222,88.47308888888887,85.26361111111109,83.87033888888912,86.96004444444446,95.76352777777778,104.75258888888892,117.22125000000005,119.46873888888898,110.82507777777782,100.20299444444453,93.05037222222252,89.04282222222243,79.20147222222225,73.1433777777778
2025-12-15,70.07129999999991,66.2202,64.27383333333322,66.13941666666669,75.7854499999999,90.27296666666693,110.35498333333332,120.07911666666648,113.77696666666661,104.55111666666656,97.23261666666647,93.76238333333325,94.74570000000007,99.61633333333313,107.96734999999987,115.86115000000002,127.50220000000009,129.3910333333333,119.85313333333353,107.49985000000012,98.31893333333332,94.10860000000028,84.71973333333335,80.5733666666666
2025-12-16,79.47969499999998,77.62655833333338,77.25905666666661,79.21498833333344,87.31734833333319,103.93684166666668,122.70392666666666,131.78097833333325,124.42177166666661,116.26051833333327,109.74314333333324,105.58901333333311,106.42161333333337,111.81570500000004,121.4096116666665,132.36807833333322,152.92143166666688,160.5303500000003,142.09848499999987,124.05044166666681,112.8847799999999,105.89590999999999,96.72508666666653,92.91209000000003
2025-12-17,101.24894310606045,98.70991235930742,97.30289783549775,99.13473924242417,106.32026185064912,126.12891694805207,151.10853230519487,165.2580032575755,154.36994895021664,138.66236182900417,130.8752433441555,124.5991147835497,124.07821427489179,128.1606398484849,139.87824525974023,151.9903969696969,170.23668233766244,170.53654834415613,155.80151159090912,136.53250077922087,122.83492232683987,116.64755674242437,105.67688073593064,102.10741781385278
2025-12-18,76.66863333333346,70.97788333333332,67.24929999999999,66.70578333333319,74.61675,88.70258333333335,111.4882666666667,121.30926666666656,108.21373333333308,96.41483333333322,87.91763333333321,81.00196666666665,78.43566666666668,81.78540000000011,88.48956666666649,99.50903333333328,111.35719999999982,114.94538333333333,106.82466666666649,94.28711666666669,85.52881666666673,80.77001666666654,66.25783333333325,57.4363499999999
2025-12-19,30.643799999999974,28.27500000000005,28.752583333333398,33.495399999999954,49.58561666666666,75.6751833333332,100.71030000000009,109.28464999999981,105.33021666666707,97.9873833333334,93.5081166666665,90.24605000000025,94.30976666666673,101.34981666666667,112.79176666666642,122.65638333333338,139.48755000000008,143.57450000000037,131.98069999999993,117.26825000000002,107.68851666666646,101.99855,88.72993333333349,81.91906666666677
2025-12-20,89.7940055555553,87.4314611111109,86.34757222222207,86.64147777777768,92.38807222222212,98.42006111111128,109.14404444444475,113.31222222222199,110.5287833333331,104.64002777777777,100.36726666666685,97.50797222222226,96.34458888888882,99.12993888888896,107.5177499999999,118.61951111111115,133.67874444444456,139.50031666666666,128.29445000000007,115.38992222222228,105.7232888888886,102.18234444444447,95.56787777777762,91.55493888888894
2025-12-21,88.99215333333319,85.17649666666672,81.78623666666641,81.75657666666679,86.70253666666679,91.82775000000015,98.67912000000024,101.64566666666678,99.12729333333337,94.63822000000013,90.06816333333329,86.78483333333335,85.56720666666679,87.20869000000005,93.18538333333335,101.22664999999999,111.03733666666659,113.82058999999994,105.42276666666649,95.54661999999988,87.19734000000024,83.63534333333337,73.75493999999998,65.7835516666666
2025-12-22,66.68482499999995,63.10651111111103,61.64306944444452,62.925608333333315,70.73039999999989,82.70125833333337,98.16968333333314,108.96222500000007,104.46417222222205,98.41798055555564,90.63332777777768,86.03495277777769,86.84596944444442,89.81933611111114,98.87343333333322,105.81635000000013,115.90262777777772,118.7120055555558,110.57590833333374,100.45823055555556,92.42934444444452,89.3240666666666,80.33532500000011,76.34638888888898
2025-12-23,73.78071666666682,68.61331666666673,65.93008333333327,66.04796666666671,72.11108333333327,85.31880000000005,105.46745,116.36351666666677,105.99438333333342,95.54844999999986,87.32494999999986,81.88039999999995,79.99341666666663,82.17903333333334,89.86970000000007,97.66446666666648,106.76839999999997,109.27691666666668,104.14103333333341,94.04761666666653,86.21308333333337,82.00569999999986,70.09335000000014,62.21773333333334
2025-12-24,47.499666666666705,43.090516666666694,40.101066666666604,41.63484999999995,49.582783333333374,60.439099999999975,70.92963333333331,73.75631666666659,67.0566666666668,59.50263333333337,53.010433333333275,48.28458333333336,45.40888333333331,50.09961666666664,57.331099999999985,66.96820000000008,80.38181666666684,86.22318333333327,81.82423333333334,70.47195000000006,63.06953333333331,59.33960000000004,49.59298333333328,43.753199999999964
2025-12-25,51.106483333333344,49.325533333333304,49.21291666666664,50.15088333333342,53.59171666666667,57.99149999999987,60.134666666666625,57.2878000000001,51.106100000000055,45.238150000000026,39.38203333333329,33.15478333333332,31.082966666666664,38.9421333333334,54.19156666666673,73.08516666666672,92.76466666666684,100.46793333333356,95.5348499999997,85.57445,77.75741666666664,72.43866666666679,66.16138333333319,61.91561666666673
2025-12-26,84.12581944444442,82.16843333333331,81.033436111111,82.75196111111104,87.80027500000016,93.9505194444443,98.50010277777781,95.97469722222208,88.43948055555553,80.41446388888886,74.42946666666661,67.85140833333328,66.39342222222226,73.19526944444434,85.46115000000003,100.91768333333333,122.72807499999973,135.24503055555567,125.8087555555558,112.35933333333332,101.78737222222222,94.81517499999997,89.03531666666672,83.81389166666668
2025-12-27,89.72660250000001,86.63607138888887,85.0530374999999,86.94067944444454,93.21643500000005,98.80616305555561,103.09445055555561,98.76288944444435,91.03795249999999,82.85824833333324,76.40109527777784,69.81465972222234,66.41103305555552,71.43149305555555,82.14595444444448,97.23973055555554,114.96659361111129,124.31072777777771,119.64664888888879,108.88207388888888,100.33945527777793,93.04852000000007,86.83079361111098,79.77179083333331
2025-12-28,89.68510833333332,86.44971249999989,84.64327499999987,85.27090000000007,90.04278749999992,94.52876666666674,102.09594583333349,103.34978749999979,100.84396666666657,95.46878749999996,90.21235000000021,86.26477916666673,83.8551708333334,86.38352916666689,94.78234999999982,105.66851250000003,120.52901250000009,126.41545000000022,118.33300833333351,107.88897500000016,99.21360833333321,94.97061250000003,88.34295416666664,82.16792499999993
2025-12-29,83.25201527777777,79.44825694444452,77.21969999999995,78.07599444444462,84.70631249999991,97.08942777777796,115.05666111111127,126.58721666666658,117.25256388888899,107.09164305555556,97.54012499999999,92.27343472222222,92.07139583333334,96.08144166666668,104.61067222222216,113.4189152777777,124.961086111111,126.43361666666664,119.77866111111116,108.08614444444444,99.18603750000003,95.16657361111106,86.083623611111,80.92168333333329
2025-12-30,77.84400000000004,74.12476666666667,71.76362499999989,72.63301666666666,78.86614166666658,89.34237500000009,106.45796666666682,118.23044999999972,111.53516666666665,101.72952500000015,92.92285833333327,89.01414999999997,89.87184999999997,93.81026666666668,103.33458333333324,113.07881666666663,126.34824999999992,128.0364166666666,119.56964166666691,109.02927499999981,100.05434166666663,97.92417500000012,89.92904999999989,85.32721666666676
2025-12-31,78.5235548976608,74.6688355994152,72.01656878654975,72.14131498538009,78.75743771929808,86.99016235380111,98.69639663742704,104.37127141812869,95.78146264619885,88.10011900584799,80.64323523391823,74.62446089181286,71.9917636695906,74.66565007309946,82.66210789473669,92.26706330409355,103.9835171783626,107.9660287280702,100.72422580409375,91.30527529239758,84.5559641812866,80.03687916666658,68.99452046783632,63.4653722953216
