forecast_day,y_h01,y_h02,y_h03,y_h04,y_h05,y_h06,y_h07,y_h08,y_h09,y_h10,y_h11,y_h12,y_h13,y_h14,y_h15,y_h16,y_h17,y_h18,y_h19,y_h20,y_h21,y_h22,y_h23,y_h24
2024-01-11,85.9655666666665,83.65004999999995,81.81125000000003,82.17383333333326,87.86041666666662,97.38413333333337,107.94598333333336,108.99886666666684,103.63653333333328,98.37259999999976,95.66126666666666,93.9723499999999,92.29068333333322,89.44153333333325,89.47825000000007,95.39758333333324,104.19686666666678,113.04573333333333,120.0549500000001,120.14186666666673,113.82108333333339,105.1444500000002,97.7261999999999,90.25051666666661
2024-01-12,85.12889999999993,82.19999999999983,80.35099999999996,80.32016666666657,84.51573333333309,92.88750000000023,104.42718333333343,107.77679999999995,102.74480000000003,96.34691666666646,92.2065833333333,90.07563333333329,88.26564999999994,86.13996666666655,86.3594,93.41786666666654,104.63645000000004,114.90106666666671,121.57543333333314,119.79103333333323,112.58828333333344,103.72538333333347,96.32839999999997,90.31185000000004
2024-01-13,84.70844999999993,81.68799999999987,79.60668333333346,79.10483333333325,82.53349999999988,89.70045000000016,100.92499999999987,104.37046666666664,99.25389999999992,92.84831666666643,88.80958333333332,86.72863333333328,84.83841666666663,82.03771666666646,82.04781666666675,89.7258000000001,100.18064999999987,111.58270000000005,116.24969999999996,115.13976666666647,108.57823333333337,100.50134999999992,93.34906666666672,86.9582999999998
2024-01-14,77.92653333333335,75.01796666666664,72.65369999999999,72.00106666666666,74.15470000000008,78.68808333333335,82.16556666666662,80.63121666666663,75.10498333333325,67.54359999999993,61.77571666666658,59.14626666666668,55.87888333333326,51.645716666666694,49.73520000000002,57.822933333333324,72.56763333333329,88.34371666666671,98.46834999999987,102.77403333333325,99.01438333333316,90.25978333333325,82.27746666666663,72.89506666666648
2024-01-15,67.81221666666661,64.34465000000003,62.70865000000001,63.2735499999999,68.8039500000001,79.4970166666666,92.35576666666668,94.69678333333322,89.96829999999991,84.24720000000006,80.40909999999985,77.46828333333326,75.4545666666665,73.25696666666667,73.71676666666673,81.88416666666662,93.65058333333334,104.31321666666685,113.32554999999995,114.07250000000008,105.65118333333348,94.70335000000006,88.38616666666668,81.5804833333333
2024-01-16,75.3925666666666,71.86335,69.82775000000001,70.42296666666657,76.62233333333339,86.86378333333336,98.74123333333331,101.35865,95.92643333333329,90.98464999999987,87.58936666666658,84.88421666666653,82.38508333333328,79.46636666666664,80.12644999999995,86.77089999999988,95.97031666666655,105.5676333333333,112.14649999999982,111.81714999999984,105.43734999999988,95.17138333333351,88.69658333333315,79.74539999999993
2024-01-17,33.31848333333331,28.617216666666646,26.34938333333335,26.26248333333332,33.92771666666671,46.928016666666615,61.80818333333332,70.68948333333334,63.8704833333333,53.29688333333322,45.797883333333075,42.25336666666659,39.035466666666665,35.755266666666664,37.20216666666669,45.01619999999996,59.8057333333333,74.17584999999984,85.31971666666682,88.06023333333353,80.1634833333334,65.66701666666675,52.58331666666668,44.03758333333332
2024-01-18,17.685949999999995,14.416033333333308,13.006966666666644,13.071266666666629,17.873583333333315,26.698450000000054,42.45591666666672,50.04376666666668,43.46163333333332,36.72349999999995,32.90776666666662,30.778183333333295,29.640266666666655,28.441833333333296,28.758716666666647,35.37396666666665,48.62986666666664,64.74963333333343,80.42588333333337,81.2563833333332,71.9754166666667,60.05246666666676,48.692549999999954,45.20079999999994
2024-01-19,66.54316666666669,62.562283333333305,60.65961666666674,60.90784999999999,65.90201666666663,75.4679166666666,87.7454333333334,94.42285000000004,89.22735000000004,82.6391166666665,78.79649999999991,76.54269999999993,74.5134333333333,72.76635000000002,73.46278333333335,80.24823333333327,90.39628333333314,100.43774999999995,109.29209999999995,109.82313333333319,101.19555000000003,89.21275000000006,80.77928333333321,72.16203333333328
2024-01-20,62.9826333333333,60.17839999999992,58.475833333333405,58.777733333333344,62.35790000000002,68.93908333333329,77.87461666666671,81.27528333333322,78.10846666666673,73.37399999999987,70.78808333333322,68.87341666666653,67.13938333333334,65.27281666666656,64.8731333333333,71.18923333333322,81.92659999999997,92.45280000000011,99.77951666666667,100.38669999999992,93.76641666666643,86.10016666666671,80.70751666666676,76.69126666666668
2024-01-21,72.81151666666656,69.71608333333342,67.56558333333334,67.11956666666669,69.1458666666667,73.15811666666661,77.93678333333327,79.7892666666667,76.39849999999987,71.15503333333338,67.6056999999999,65.41478333333328,63.24993333333328,60.08519999999993,58.86915000000005,65.32579999999999,77.40498333333326,88.54155000000004,95.21101666666662,97.46394999999995,93.83329999999971,87.48266666666657,81.1213,75.33588333333314
2024-01-22,49.14191666666669,45.71131666666666,44.45036666666677,44.356899999999996,50.39921666666668,59.20554999999995,71.88373333333327,77.79696666666656,73.53956666666659,66.4147833333333,61.86701666666661,58.68786666666662,55.99313333333316,54.520150000000015,55.355699999999985,63.17951666666669,76.80506666666665,87.94075000000004,95.22461666666659,94.79853333333345,88.01903333333357,78.83796666666672,70.66078333333327,62.90849999999989
2024-01-23,63.821966666666704,60.22479999999994,58.27986666666671,58.82065,62.99861666666673,70.79929999999995,81.56655000000009,86.54898333333324,84.14441666666681,79.12123333333328,75.90301666666653,73.31609999999985,71.15061666666662,69.39740000000003,69.34476666666669,75.40031666666663,85.6507666666666,96.55676666666676,104.16623333333315,105.38646666666665,98.56256666666661,88.47615000000005,79.77864999999991,75.15413333333333
2024-01-24,77.52793333333324,73.0847333333333,71.02973333333337,70.29509999999999,73.20059999999991,81.24470000000002,92.72936666666654,99.00074999999998,95.0830499999999,88.6041499999998,83.80686666666666,80.66846666666672,79.79884999999992,78.73048333333327,78.62563333333334,84.36558333333345,95.0909,106.45516666666691,116.80948333333308,118.4109833333332,107.7099999999999,96.95246666666691,87.7450000000001,83.93668333333326
2024-01-25,65.92351666666663,62.110816666666665,60.22116666666661,59.604816666666615,62.79254999999996,70.42740000000005,82.86503333333327,89.8077166666666,86.38423333333327,79.18663333333328,74.08315000000003,71.10134999999991,68.97696666666661,67.72918333333332,67.80476666666661,73.98499999999996,87.32736666666662,99.02018333333353,112.70803333333346,113.50091666666657,101.6024,90.22981666666684,80.53463333333343,75.35983333333334
2024-01-26,65.09471666666661,62.33461666666666,60.173866666666726,60.654766666666596,64.67035000000008,72.4036333333333,83.65908333333329,89.88406666666641,86.13276666666636,78.30093333333318,72.29446666666675,69.81748333333344,67.90271666666663,66.5880166666666,65.65006666666648,71.29398333333307,81.87329999999973,94.6833333333336,107.26041666666671,114.09459999999999,99.49581666666691,87.34509999999992,79.17950000000023,73.3229166666667
2024-01-27,66.08728333333333,63.76480000000001,62.50216666666673,62.393833333333276,65.60116666666678,70.70281666666668,77.2430833333333,80.32893333333327,74.9648166666668,69.23861666666666,65.75504999999987,63.63986666666664,60.916583333333364,58.644533333333314,58.138633333333296,64.25566666666664,75.4844499999999,87.47731666666681,95.77746666666673,99.47004999999999,93.66309999999991,85.82836666666667,79.78459999999991,74.68193333333332
2024-01-28,66.40594999999996,64.16318333333328,63.01076666666679,62.3186166666667,63.83858333333346,65.33578333333332,67.3404499999999,67.76711666666651,62.82530000000008,57.5363499999999,54.39746666666661,52.01241666666663,48.7582666666666,46.36729999999994,45.33730000000006,51.17021666666673,63.49820000000003,79.17563333333356,88.00706666666686,92.68786666666665,90.04308333333306,81.64890000000001,74.49691666666655,68.02386666666659
2024-01-29,45.75708333333335,43.244500000000016,41.88765000000005,42.7350833333334,48.91220000000006,57.05728333333325,66.90906666666656,70.59468333333334,66.54596666666666,60.68466666666678,57.33021666666662,55.27716666666659,53.14739999999987,51.66453333333332,51.70001666666682,57.22024999999996,68.19221666666664,78.62133333333357,86.18981666666689,86.2644833333335,79.54243333333343,72.46068333333339,66.65366666666668,59.48169999999993
2024-01-30,69.05778333333328,65.49088333333331,63.52565,63.51978333333332,66.74785,73.6919333333333,84.01368333333343,90.07614999999981,85.89425000000016,80.51651666666663,76.3487666666666,73.61633333333336,71.37879999999988,69.74165000000009,69.65158333333328,75.16539999999985,85.04566666666659,95.48870000000016,103.63559999999993,106.70344999999979,97.01986666666663,87.24060000000013,79.75156666666659,75.9553333333334
2024-01-31,70.10944999999982,67.46120000000008,64.98219999999999,64.67569999999996,68.50976666666674,77.3399666666665,89.29380000000016,96.59741666666632,91.79723333333311,84.63808333333337,79.95246666666654,77.00164999999988,75.2110666666667,75.0394333333334,75.0013499999997,81.44723333333313,91.75423333333345,102.14718333333359,111.31550000000003,117.7731999999999,102.61468333333322,92.28614999999995,84.22831666666654,78.46788333333322
2024-02-01,69.98706666666654,67.10105,64.82796666666668,64.3915833333333,68.55725000000005,76.46431666666675,86.99751666666671,94.93803333333318,86.72484999999995,78.60261666666668,73.06294999999994,69.94319999999995,67.06129999999987,65.65135000000001,65.15673333333322,70.9859333333332,82.31436666666669,95.24080000000006,107.46485000000008,115.31518333333331,98.77845000000002,87.52366666666676,79.36258333333328,73.35516666666665
2024-02-02,60.266766666666626,57.38271666666659,55.71454999999998,55.873083333333305,60.868383333333405,69.02161666666656,79.47694999999995,86.1880166666666,78.56014999999998,69.53886666666666,64.68705,61.823766666666536,58.93453333333323,56.97961666666659,56.5724666666666,63.54343333333332,76.86428333333332,90.59386666666684,97.99271666666685,101.05760000000002,92.04968333333345,83.1688833333333,75.86151666666669,68.97448333333328
2024-02-03,54.67270000000008,52.805266666666704,51.52345000000012,51.95608333333332,55.591333333333445,59.80313333333338,65.18759999999992,67.17479999999986,62.51353333333345,57.34676666666664,54.53371666666668,52.40085000000001,49.515716666666634,47.55588333333331,46.6606166666667,52.05998333333339,62.678416666666614,74.70531666666676,82.73758333333349,85.4849166666666,80.38660000000002,72.90048333333336,68.01605,63.14183333333338
2024-02-04,64.41343333333329,61.469216666666746,59.52833333333331,58.61736666666669,59.98866666666681,61.93489999999998,64.01021666666671,64.22248333333339,60.22853333333319,53.23619999999994,49.43458333333331,49.19093333333331,47.41170000000002,45.451216666666596,44.45609999999999,50.96268333333333,63.97846666666656,76.72736666666677,83.58590000000031,87.13786666666674,83.06729999999986,76.74124999999991,71.37953333333328,66.12158333333336
2024-02-05,69.08176666666664,66.61484999999998,64.79451666666668,65.43988333333337,70.50945000000017,78.71599999999995,88.87380000000009,94.57943333333326,87.81593333333336,80.64980000000013,76.02781666666657,73.12869999999988,70.93964999999999,69.76493333333337,70.23504999999989,76.2735166666666,86.37949999999996,97.76888333333353,106.69356666666681,113.67729999999989,99.19325,89.41748333333331,83.24526666666654,77.89101666666672
2024-02-06,71.5266,68.17483333333317,66.15745000000001,65.66530000000012,69.37466666666666,77.90369999999997,89.3093166666668,99.0653166666665,90.17358333333343,80.35970000000019,74.28769999999997,71.03719999999994,67.99980000000001,67.15180000000001,68.13471666666645,74.25616666666667,85.0736500000001,97.68905000000004,111.07788333333372,123.88256666666658,99.16411666666691,86.93126666666653,78.37331666666672,72.72764999999994
2024-02-07,40.72946666666669,36.1658833333333,34.56713333333339,33.39028333333328,38.65653333333329,46.95381666666662,57.753116666666536,64.95598333333325,58.71474999999999,49.8211333333333,42.69703333333329,38.184700000000035,35.58706666666667,32.994183333333325,33.584183333333364,40.93475,54.50266666666667,65.66776666666668,74.44480000000009,77.9366500000001,71.5668333333334,62.02171666666671,51.5716666666667,42.78018333333337
2024-02-08,39.24906666666663,35.75946666666665,34.07970000000002,32.80444999999998,39.00100000000002,46.7941,57.673816666666525,62.41464999999988,57.093983333333384,49.27655000000007,45.09463333333327,41.445383333333346,39.34831666666663,37.37914999999994,37.47561666666667,43.02978333333329,55.13026666666658,65.19656666666675,73.85063333333338,75.00880000000004,69.22458333333331,62.10225000000005,54.32106666666676,45.91749999999991
2024-02-09,19.918466666666696,16.823449999999998,15.636866666666673,15.84961666666665,19.135483333333354,24.639466666666692,33.049366666666664,38.16671666666665,37.487449999999995,34.62898333333333,32.15831666666661,30.361716666666684,29.254450000000016,27.803883333333264,27.648216666666656,30.327566666666673,37.60898333333331,45.7863833333333,52.46983333333333,53.288333333333284,48.65783333333327,42.865,37.63648333333326,34.15004999999997
2024-02-10,21.057150000000032,17.588599999999953,16.249766666666645,15.99671666666668,18.31046666666667,22.501500000000014,27.489266666666662,29.779766666666674,27.98491666666665,25.307133333333358,23.087266666666654,21.142583333333334,20.35921666666667,19.10461666666665,18.154800000000012,20.96781666666666,29.093483333333346,39.905433333333335,49.104233333333404,51.39014999999997,47.07926666666665,40.50331666666669,35.03054999999997,31.17399999999999
2024-02-11,24.460566666666647,21.38504999999996,19.62063333333333,19.645833333333336,22.324483333333333,28.173483333333333,34.79009999999998,35.161500000000004,29.477783333333335,25.607983333333408,23.597399999999958,22.669800000000006,21.749316666666626,20.405949999999983,19.80768333333335,24.93889999999999,33.82398333333328,49.7329500000001,63.19706666666672,65.51424999999996,59.22306666666659,50.71475000000011,47.821933333333185,44.35198333333324
2024-02-12,32.50733333333332,28.113233333333326,26.628550000000022,25.858083333333354,31.527133333333392,40.95673333333326,54.79191666666663,60.9829833333332,52.99298333333334,45.06773333333329,40.41289999999995,36.88535000000002,35.13328333333332,33.51093333333327,34.05931666666667,40.30838333333335,52.46166666666674,65.7020333333333,75.47538333333337,77.23841666666675,69.77103333333339,60.81818333333328,51.869416666666694,47.07948333333329
2024-02-13,49.95206666666666,47.79138333333338,46.68993333333343,47.6626,53.26253333333329,61.59123333333332,70.92131666666667,73.37139999999995,67.60074999999999,60.75388333333324,57.302416666666616,55.27538333333329,52.80926666666668,51.05919999999991,50.71920000000002,56.48720000000001,70.25845000000004,83.04960000000014,95.36911666666673,95.02596666666687,87.37956666666669,78.18863333333337,71.73131666666671,65.50908333333328
2024-02-14,57.62493333333332,55.79969999999997,54.524666666666725,54.9364333333333,57.90145000000002,63.12695000000002,70.9049000000001,74.34051666666667,69.6883333333333,64.43248333333335,61.736516666666745,59.97023333333323,57.97116666666666,56.063483333333245,54.92616666666669,58.3579833333333,66.94129999999996,76.38168333333329,84.1326833333334,84.34005000000013,77.5032333333333,71.28515000000006,66.45701666666668,61.76979999999995
2024-02-15,50.17326666666671,47.994616666666694,46.82556666666677,46.923100000000005,50.786116666666636,56.31323333333335,63.86553333333328,67.13089999999998,62.135216666666665,56.74168333333325,53.620966666666625,51.88246666666665,49.843299999999864,47.85086666666658,47.09438333333339,50.52401666666666,59.09743333333334,67.10423333333348,75.75773333333343,74.47246666666669,69.18953333333333,62.413416666666706,58.27693333333334,53.08138333333325
2024-02-16,46.24753333333335,43.7996333333333,42.67570000000007,42.87406666666664,46.26641666666667,52.78086666666664,60.98399999999982,63.602366666666626,59.74843333333335,54.9683166666667,52.726816666666686,50.916966666666724,48.63941666666655,46.80050000000003,46.08975000000002,48.88739999999993,56.231033333333365,64.96158333333348,72.66610000000006,71.92733333333342,66.96069999999993,61.011149999999994,56.210700000000024,51.82203333333321
2024-02-17,44.997233333333355,42.27130000000007,40.75065000000006,40.35674999999994,42.59524999999996,45.78613333333331,49.825283333333275,50.663249999999955,47.713233333333434,42.97723333333331,40.80481666666666,39.56325000000002,37.44393333333328,35.62211666666663,34.365116666666694,38.60858333333333,48.97398333333337,62.05190000000006,72.03311666666686,73.73906666666673,69.1986333333334,60.86631666666664,55.29265000000003,49.96518333333325
2024-02-18,56.57850000000002,54.26000000000006,52.42146666666667,51.965733333333326,53.76121666666668,55.98014999999997,59.076699999999995,58.77403333333328,54.511233333333436,48.6710833333334,44.826849999999986,42.75714999999998,40.46543333333332,38.15041666666666,36.94235000000002,42.46051666666669,53.342183333333324,66.41956666666675,76.4876833333337,80.62803333333326,76.12986666666666,68.00354999999999,63.604883333333234,58.59428333333337
2024-02-19,38.849499999999985,35.95129999999997,34.7632666666667,35.064883333333356,40.188383333333334,46.782350000000015,53.907466666666636,56.68743333333326,51.63969999999998,45.941766666666624,42.40946666666668,38.978416666666696,36.57896666666665,34.35495,34.13670000000005,38.16078333333335,48.16825,60.80816666666668,71.54338333333345,72.72191666666669,66.90250000000005,59.4121166666666,53.35573333333342,46.41048333333322
2024-02-20,39.81156666666669,37.16888333333332,35.98733333333337,36.03451666666666,40.07971666666664,46.28364999999996,55.470849999999906,59.044683333333296,52.7025166666667,46.86955000000003,43.22801666666664,40.68210000000001,38.695099999999954,37.26549999999993,36.808583333333445,42.10758333333332,52.183633333333404,63.64135000000007,73.10205000000003,73.7159666666665,68.10925000000006,61.72421666666663,55.94820000000004,50.29621666666662
2024-02-21,53.72558333333345,50.98441666666665,49.583300000000094,50.04286666666663,54.1832166666666,60.462366666666654,69.05138333333322,72.51684999999995,64.97948333333339,57.11459999999999,53.050133333333235,50.537483333333235,47.585783333333254,45.693566666666605,45.54266666666666,50.689649999999986,62.009350000000076,74.36650000000002,85.73561666666687,91.60818333333336,81.15848333333345,70.38775,64.44319999999999,58.47169999999997
2024-02-22,22.747683333333363,19.24478333333328,18.019699999999986,17.725833333333338,20.91321666666668,26.33680000000004,32.98301666666665,36.98984999999998,34.40673333333336,30.53439999999997,27.257916666666627,25.008300000000023,23.32561666666669,21.27144999999997,20.560100000000013,22.723433333333347,29.50101666666673,38.73726666666673,47.46145000000007,50.77198333333327,45.36569999999993,38.86669999999996,32.60513333333333,28.457583333333332
2024-02-23,7.589283333333339,5.863349999999989,5.110599999999985,5.296600000000006,7.183349999999973,11.859066666666648,17.533199999999997,20.885383333333365,16.19253333333337,13.21183333333332,11.249983333333297,10.256266666666653,9.813833333333328,9.189999999999971,9.162766666666656,11.853066666666644,18.179350000000003,27.350466666666684,38.06003333333334,39.6682999999999,35.00496666666659,26.422850000000025,22.60279999999998,22.027783333333353
2024-02-24,4.9818833333333385,3.6678166666666683,2.9605499999999982,3.354833333333338,4.828749999999993,8.988416666666678,14.52021666666662,15.815766666666669,9.917566666666687,8.152133333333301,6.601349999999988,6.125849999999992,5.797883333333317,5.784483333333337,6.229349999999994,9.529116666666665,16.1829,27.05055000000003,34.8732833333333,34.97161666666659,32.27193333333327,24.560866666666715,20.658783333333375,20.575916666666664
2024-02-25,5.861483333333334,4.671633333333326,4.164399999999992,4.581433333333339,6.009383333333318,9.508199999999983,14.05673333333331,15.09025,10.675083333333346,9.660299999999978,8.167499999999983,7.618449999999998,7.383766666666657,7.145483333333332,7.336566666666658,9.940083333333327,15.480133333333306,24.509416666666635,30.914216666666654,32.66474999999993,29.64404999999994,23.44055000000001,19.50281666666666,18.844650000000033
2024-02-26,4.009600000000004,2.753800000000007,2.2708500000000003,2.445600000000003,3.5035500000000033,6.2745833333333225,9.931866666666645,12.787149999999983,10.117666666666704,8.173566666666643,6.507116666666653,5.591183333333325,5.151699999999989,4.750099999999994,4.957183333333333,6.4752500000000035,10.574199999999983,17.01024999999999,24.428016666666664,26.752633333333314,23.835083333333312,17.1366,13.205216666666633,13.098333333333347
2024-02-27,5.4352666666666645,3.859449999999993,3.4851666666666596,3.8447833333333286,5.8484166666666555,10.034783333333307,17.286366666666638,19.936449999999983,14.086250000000051,11.497349999999964,9.115683333333296,7.918666666666657,7.486916666666654,7.069833333333345,7.253333333333328,9.754499999999991,16.198600000000013,25.933399999999914,37.95760000000002,41.29073333333331,36.180600000000034,24.63778333333341,19.29429999999996,19.266216666666644
2024-02-28,5.416033333333329,3.9391833333333284,3.500083333333331,3.9500666666666637,5.801799999999979,10.341983333333285,17.62188333333333,19.906499999999983,13.355716666666664,11.026283333333302,8.984283333333302,8.098266666666662,7.968399999999994,7.446483333333345,7.7241999999999935,11.291349999999992,17.640283333333347,28.003716666666666,35.59556666666671,38.19991666666664,33.217199999999984,25.125066666666708,20.296433333333326,20.43168333333336
2024-02-29,13.937783333333334,11.922566666666645,11.091516666666678,11.428533333333341,14.24248333333333,19.73414999999999,27.636466666666664,31.25329999999999,25.2083166666667,20.910150000000012,18.225799999999996,17.192933333333333,16.281850000000016,15.063249999999982,14.811616666666657,18.132633333333313,25.730866666666703,36.930916666666704,46.19173333333334,49.58208333333325,44.23106666666664,35.08730000000004,30.456383333333317,28.78553333333335
2024-03-01,4.185150000000001,3.030583333333343,2.714883333333333,2.8811833333333356,3.93308333333333,6.154549999999981,10.088366666666671,12.006783333333324,8.494183333333318,6.045483333333307,4.717633333333328,4.106866666666665,3.888066666666667,3.5285833333333314,3.5999833333333338,5.395199999999994,10.666433333333337,17.92913333333335,26.52345000000001,33.13656666666656,28.964099999999988,19.79668333333332,14.738466666666643,15.02438333333335
2024-03-02,2.993000000000008,2.0810000000000106,1.9394333333333391,2.0193000000000065,2.762700000000005,4.7501666666666456,7.709449999999985,8.688783333333316,5.826016666666639,4.092616666666653,3.0080833333333428,2.3574833333333323,2.526183333333335,2.3939166666666676,2.445366666666669,3.9875666666666736,8.177766666666649,14.431199999999993,21.509083333333347,27.83826666666658,23.918849999999928,15.604449999999987,11.661233333333316,12.982549999999986
2024-03-03,4.187000000000003,3.1530000000000094,2.908383333333333,3.0013166666666735,3.682216666666666,5.284266666666654,8.24063333333332,9.76986666666666,7.747533333333328,6.1684666666666335,4.927150000000001,4.337033333333333,4.326899999999999,3.9411000000000005,3.8100833333333335,5.153016666666666,9.036583333333322,15.508933333333335,23.283700000000017,30.23056666666655,27.3103666666667,17.977033333333353,13.482599999999978,13.248350000000029
2024-03-04,4.454733333333318,3.2175666666666767,2.82121666666667,3.1054333333333393,4.716699999999988,8.192833333333317,14.770800000000005,17.59829999999996,11.787166666666648,9.305299999999994,6.92155000000001,6.345350000000008,6.237066666666682,5.9699000000000115,6.318200000000004,9.820466666666679,16.258050000000058,26.24586666666674,33.33384999999999,42.051333333333204,38.35914999999997,25.3848833333333,18.427600000000034,20.456383333333356
2024-03-05,5.225316666666657,4.509083333333331,4.281116666666665,4.543450000000013,5.693749999999977,7.515166666666649,13.94763333333333,18.9413,15.935400000000033,12.013900000000001,9.347166666666654,8.49556666666666,8.344833333333336,7.298916666666675,7.275500000000004,9.977549999999995,15.871133333333358,25.129983333333424,34.692166666666715,41.41293333333323,36.41674999999989,25.296133333333305,18.89801666666672,20.265050000000027
2024-03-06,66.46021666666662,63.495483333333326,61.38781666666661,61.589799999999926,65.92385000000007,73.81875000000011,84.20093333333328,89.5966666666666,79.78966666666656,69.64083333333338,64.70876666666668,62.238349999999954,59.00611666666663,56.85048333333334,57.281166666666586,63.499900000000025,78.17426666666667,93.96339999999992,110.36895000000014,112.54336666666657,97.8807333333332,84.67923333333339,76.0514333333333,70.48190000000002
2024-03-07,23.290233333333365,20.723566666666617,19.536266666666663,18.90720000000001,22.186283333333385,28.33025000000007,36.71484999999994,40.66850000000004,33.233750000000015,26.929483333333327,22.55585000000005,19.752866666666666,18.14711666666667,15.8812,15.343533333333339,18.707800000000013,26.79931666666671,38.33726666666665,50.59411666666676,54.96233333333325,49.08631666666673,40.10276666666664,32.63103333333333,29.330883333333276
2024-03-08,4.5546000000000015,3.625033333333346,3.335383333333333,3.50668333333334,4.435399999999996,7.246316666666644,13.513533333333335,17.28788333333334,11.356083333333332,7.649849999999985,5.682866666666652,4.886249999999995,4.53978333333334,3.9296000000000078,3.7211833333333386,4.931249999999994,9.143333333333327,16.42905000000002,30.186150000000016,36.1028166666666,30.259349999999948,21.52913333333335,16.744750000000003,16.07970000000001
2024-03-09,2.4204833333333347,1.5754166666666725,1.3856833333333345,1.4240166666666652,1.7340500000000028,2.8919666666666717,5.512433333333329,7.274499999999997,5.5955999999999975,3.967349999999999,2.854500000000004,2.2645500000000016,2.4082333333333343,2.0395166666666658,1.8212333333333353,2.604083333333334,5.305149999999989,10.148566666666659,18.59163333333333,27.006099999999968,23.806899999999995,13.608183333333326,9.24416666666665,10.347933333333346
2024-03-10,2.5050666666666657,1.7383166666666712,1.5280333333333345,1.6819333333333337,2.6183833333333357,4.961016666666671,9.31804999999997,10.541400000000003,6.133683333333332,4.69783333333332,3.4508999999999976,3.0487,3.1016500000000016,3.078583333333335,3.218733333333332,5.108566666666667,9.207150000000002,15.691366666666699,23.277049999999974,32.85876666666652,30.386733333333336,19.553450000000023,13.618600000000027,14.394800000000016
2024-03-11,4.517249999999987,3.636650000000005,3.3224166666666726,3.7978333333333376,5.998599999999977,12.07094999999998,24.09233333333339,29.111666666666714,16.102,11.612316666666684,8.633183333333319,8.012316666666665,7.986316666666664,7.4563833333333465,7.789999999999996,11.944999999999974,19.97345000000006,35.22123333333339,52.496849999999924,58.04643333333326,49.64356666666658,37.52784999999998,29.280450000000158,31.376733333333352
2024-03-12,36.460933333333365,33.36746666666663,32.18165,32.47204999999995,37.82876666666664,48.01880000000001,63.026149999999944,67.44888333333327,52.56214999999999,44.324683333333326,39.916499999999914,37.78104999999993,36.2863,35.1190833333333,35.775516666666654,42.50300000000001,56.12520000000001,74.82421666666653,91.7719000000001,94.63946666666672,82.20426666666671,67.66011666666668,58.07241666666659,52.76571666666659
2024-03-13,54.78129999999999,52.53651666666667,51.229999999999954,50.95316666666656,56.00586666666658,65.77585000000003,80.78229999999992,84.0352833333332,63.283416666666696,52.43126666666667,48.14779999999991,45.98315,43.593583333333356,41.87601666666659,42.08116666666665,47.56621666666664,61.66824999999999,80.18241666666646,103.54735000000004,106.45251666666681,91.2987833333335,75.3995333333333,65.32031666666656,58.05538333333324
2024-03-14,40.19888333333336,36.92594999999999,35.68015,35.23089999999998,38.2024333333333,48.48353333333342,62.24551666666654,63.957033333333385,46.01825000000005,37.145349999999986,33.17330000000002,30.909599999999998,28.715649999999986,26.604283333333395,26.303950000000036,30.021500000000064,41.217766666666655,60.94678333333319,79.11641666666672,89.04063333333343,74.73618333333344,59.68363333333319,51.06010000000008,42.651849999999946
2024-03-15,32.48013333333331,29.127350000000007,27.837166666666654,27.754016666666697,31.373533333333278,37.744133333333416,52.65079999999987,52.171150000000004,40.29113333333335,34.9603833333333,30.101150000000015,28.06740000000006,26.77296666666666,24.558200000000006,24.077616666666735,27.47841666666666,37.03776666666662,50.44891666666667,68.57166666666673,72.11541666666666,62.47033333333338,53.277049999999925,45.05589999999997,39.02208333333331
2024-03-16,41.10091666666669,37.87028333333331,36.46546666666664,35.572566666666575,38.09114999999992,43.14573333333331,52.26801666666654,50.67508333333339,38.801799999999965,32.17683333333333,28.574,26.324300000000047,24.700516666666662,22.738833333333343,21.83566666666669,26.498800000000003,37.29973333333329,55.4181333333333,76.6772333333335,83.55693333333342,75.83506666666675,62.14591666666667,52.373133333333314,46.208266666666674
2024-03-17,32.58961666666669,28.9625666666667,27.602700000000016,26.97614999999998,29.149216666666653,32.83436666666667,37.78669999999997,34.6870666666667,27.45216666666673,23.803650000000047,21.401216666666663,19.64660000000003,18.651933333333336,16.975266666666677,16.152316666666685,19.49769999999999,29.116433333333358,43.024700000000045,63.37023333333337,71.06631666666684,64.52434999999996,52.55461666666673,44.807200000000066,40.00930000000002
2024-03-18,53.797583333333336,51.668066666666576,50.64153333333331,51.02816666666659,55.224949999999914,62.51161666666672,72.00251666666654,73.08278333333327,60.94346666666667,54.78295000000001,51.15041666666667,49.52358333333332,47.56358333333333,45.80216666666657,45.407750000000036,50.02871666666666,61.95118333333335,77.72901666666658,97.11368333333346,100.32180000000005,88.35650000000012,75.89826666666671,67.98508333333331,62.415900000000015
2024-03-19,63.08984999999997,60.54181666666656,59.051933333333245,58.8401,62.594799999999985,70.0207666666666,80.4774833333333,83.37919999999981,69.32461666666669,60.68098333333334,55.929666666666634,53.527316666666565,50.681416666666685,48.6373999999999,48.90513333333327,55.45013333333325,67.03423333333342,82.43499999999987,100.17545000000027,105.67990000000013,91.8000833333333,79.28708333333338,71.36378333333327,65.73276666666662
2024-03-20,66.27773333333333,63.056433333333274,61.25233333333335,61.038483333333325,65.64824999999998,74.73746666666678,86.43381666666659,86.00543333333341,69.72196666666657,58.79133333333316,54.63429999999983,52.010149999999975,49.027149999999956,46.905133333333275,47.03901666666665,52.757200000000125,66.5614999999999,84.29758333333349,105.21156666666663,106.13534999999997,94.19411666666676,83.61400000000006,76.62048333333314,69.54630000000004
2024-03-21,37.330333333333314,33.939866666666674,32.48746666666671,31.865799999999993,35.59664999999999,42.24114999999997,54.42601666666653,53.90065000000002,42.6933666666667,35.519433333333275,30.554966666666655,27.972716666666727,25.886266666666682,23.90701666666667,23.679650000000066,28.46351666666666,39.427466666666675,56.49458333333337,74.46413333333338,81.94351666666674,72.95966666666678,61.47521666666665,52.6123,44.91915
2024-03-22,27.012616666666656,24.251849999999983,23.098700000000026,23.10293333333332,25.99788333333337,30.73788333333334,38.56186666666659,38.62625000000003,32.726733333333364,27.19030000000003,23.826083333333354,22.109416666666682,20.610600000000012,19.227383333333297,18.803316666666696,23.081366666666646,33.19386666666669,46.52653333333336,62.5534333333334,67.65791666666665,60.068783333333386,49.57744999999998,43.012499999999996,37.26368333333333
2024-03-23,12.651100000000001,10.633366666666644,9.886533333333308,9.971149999999984,11.166366666666645,13.65486666666664,16.44423333333333,16.55964999999999,14.160149999999986,11.930000000000001,10.478183333333321,9.53151666666666,8.712533333333333,7.723000000000002,7.315283333333326,8.659283333333322,13.447416666666648,22.60318333333336,33.02476666666664,37.4864833333333,34.12214999999999,27.96256666666666,24.729500000000048,23.09976666666667
2024-03-24,5.138416666666666,4.5496,4.330049999999999,4.495900000000003,5.1649333333333285,6.312699999999997,8.655066666666642,9.648716666666646,8.025599999999995,7.119883333333319,6.680983333333331,6.169083333333338,6.196833333333316,5.665350000000004,5.505483333333334,7.1922,13.235483333333299,21.61913333333337,33.280566666666644,38.21369999999997,36.88541666666656,28.11928333333332,21.739233333333395,25.501233333333346
2024-03-25,27.43691666666666,24.74761666666664,23.584450000000025,24.563183333333306,29.369583333333345,38.77531666666669,49.67009999999996,50.983933333333326,41.89008333333334,37.63438333333329,34.84998333333333,33.32430000000004,32.123333333333285,31.054949999999966,31.427599999999995,36.95338333333334,48.698549999999955,64.1400833333334,74.47884999999997,73.81675000000006,65.47416666666662,57.02789999999996,50.71298333333332,46.76598333333319
2024-03-26,8.639933333333326,7.42959999999998,6.895899999999992,7.267916666666668,8.931799999999983,13.71219999999999,21.53983333333333,23.860933333333325,16.542833333333363,13.295866666666665,11.270916666666654,10.42896666666665,9.824916666666667,9.251666666666662,9.415783333333328,11.809316666666666,18.274650000000005,29.396983333333367,43.40495000000002,50.03286666666656,43.657499999999985,33.86910000000007,26.824566666666716,27.268150000000055
2024-03-27,3.16625000000001,1.9764666666666706,1.6346666666666703,1.757183333333337,2.6173333333333395,5.419183333333318,9.809716666666656,10.81048333333332,6.202749999999988,4.677849999999981,3.6050333333333358,3.0178500000000033,2.8498833333333367,2.7575500000000006,2.962233333333333,4.5211500000000004,8.262416666666661,13.975183333333328,20.6165666666667,25.972799999999953,21.67666666666665,14.82461666666664,11.37546666666663,11.107316666666645
2024-03-28,1.8944666666666694,1.1562333333333337,1.0078500000000004,1.0408000000000006,1.4053333333333335,2.6710166666666697,4.774983333333337,5.453816666666659,3.6334166666666747,2.7514500000000046,2.0227500000000056,1.6279666666666677,1.6127166666666672,1.4914666666666658,1.571450000000002,2.3047500000000007,4.217516666666668,7.725233333333318,13.30078333333328,18.805866666666653,16.775983333333347,11.119533333333322,7.064966666666628,7.1788833333333395
2024-03-29,4.313666666666663,3.840583333333335,3.710616666666669,3.9145166666666684,4.78283333333332,6.3448666666666504,10.070233333333327,11.03314999999997,7.688249999999996,6.338216666666656,5.969616666666672,5.453116666666668,5.540449999999987,4.965050000000005,4.609783333333332,5.75363333333333,9.472733333333311,17.32645000000009,32.573416666666745,42.32178333333332,38.679499999999905,30.859216666666633,21.729133333333422,27.45281666666668
2024-03-30,7.172216666666654,6.422749999999987,6.140633333333326,6.54933333333334,7.8781666666666474,11.284266666666674,17.677700000000016,19.84373333333336,12.84085000000001,10.896916666666655,9.610533333333331,9.135133333333327,9.02311666666665,7.9784999999999995,7.7441333333333375,10.038349999999973,15.400816666666657,25.08546666666674,38.60524999999993,43.69265000000006,40.04246666666659,33.336100000000044,25.426816666666767,27.862916666666734
2024-03-31,3.518866666666671,2.8754333333333384,2.6326333333333376,2.7428333333333383,3.2314166666666675,4.5077166666666635,6.737349999999994,7.514549999999984,5.159099999999999,4.103949999999999,3.597616666666664,3.2435666666666707,3.0498833333333373,2.734700000000001,2.697300000000006,3.6979166666666674,7.314033333333319,13.561316666666697,22.08815000000007,27.39918333333338,26.593050000000073,20.664466666666648,15.163933333333368,17.472400000000043
2024-04-01,2.9299000000000035,2.2773000000000008,2.053750000000004,2.1587666666666716,2.682816666666669,3.616633333333334,5.135049999999986,5.248533333333327,3.746683333333335,2.9395666666666744,2.8302666666666667,2.3549499999999983,2.344650000000003,2.0176833333333315,1.8563666666666674,2.339116666666672,4.088649999999996,7.962483333333312,15.593799999999964,23.51976666666669,21.77726666666671,15.936883333333332,11.850400000000004,12.981250000000026
2024-04-02,4.212149999999996,3.3852666666666735,2.998200000000006,3.219066666666672,4.377599999999998,7.256466666666661,12.095300000000002,12.997983333333305,7.7256833333333335,6.093833333333318,5.072816666666664,4.680950000000001,4.676333333333328,4.4547166666666635,4.482383333333333,6.343749999999997,10.447683333333343,17.658850000000054,29.060100000000034,36.2753666666667,33.1378333333333,25.37041666666666,18.24091666666671,19.658950000000058
2024-04-03,4.977433333333333,3.980283333333341,3.7461333333333307,4.0959166666666675,7.11133333333332,11.440783333333338,15.634333333333364,13.6725,8.283950000000011,6.198049999999994,5.100749999999999,4.712666666666673,4.56568333333333,4.103116666666668,3.9668666666666734,5.1269666666666724,8.266883333333336,14.679466666666691,28.943983333333357,35.260450000000034,30.466466666666694,20.580099999999987,15.245700000000015,15.23768333333337
2024-04-04,5.5959333333333205,4.530733333333338,4.122333333333333,4.562866666666673,7.557733333333325,15.50096666666667,20.39401666666668,13.173800000000007,8.184516666666674,6.245416666666666,5.149466666666665,4.698099999999999,4.438133333333333,4.020033333333331,3.835116666666669,5.162050000000005,8.347083333333336,14.9928166666667,29.93626666666671,34.68923333333334,31.077866666666765,21.62418333333338,13.588000000000024,13.28111666666665
2024-04-05,2.0755833333333378,1.561183333333334,1.3269833333333345,1.3855500000000018,2.0361500000000032,4.308899999999996,5.534399999999991,3.7237500000000074,2.4119500000000116,1.5548000000000004,1.2100000000000022,0.9894666666666656,0.9494499999999999,0.8513666666666674,0.7531166666666669,0.9556166666666658,2.1518499999999987,4.8309500000000005,11.49428333333329,16.753550000000022,13.418399999999986,9.063483333333322,5.271216666666651,5.607549999999998
2024-04-06,1.8337166666666724,1.464400000000001,1.3013333333333355,1.4604500000000042,2.8891333333333393,5.596949999999999,6.857083333333315,3.6452333333333446,1.982283333333338,1.460816666666667,1.3965500000000013,1.0818999999999976,1.227966666666668,1.0825833333333341,0.8995833333333318,1.3221500000000008,2.79171666666667,6.8637499999999845,19.003033333333313,28.340249999999997,25.529550000000054,17.279333333333355,10.281450000000016,12.469900000000024
2024-04-07,3.87935,3.1925333333333428,2.8831500000000045,3.2727000000000026,6.044049999999998,10.70376666666668,13.661416666666668,9.8356,5.853766666666677,5.172033333333335,4.733983333333339,4.516633333333347,4.596649999999992,4.365916666666657,4.412050000000011,6.269900000000014,10.663333333333352,17.85030000000005,31.04661666666668,36.25558333333337,34.731483333333244,26.750666666666643,19.059600000000035,21.60463333333337
2024-04-08,2.854616666666669,2.3161500000000017,1.9870166666666667,2.17001666666667,3.756750000000002,8.24829999999998,11.124916666666662,7.2419499999999895,3.975250000000005,2.8691500000000065,2.2003333333333344,1.913649999999999,1.7050166666666664,1.514933333333334,1.4924499999999998,2.073033333333335,3.7891500000000025,8.003366666666683,21.703416666666673,28.13483333333338,24.17703333333337,17.28919999999999,8.3398,9.152349999999986
2024-04-09,1.699383333333335,1.3637666666666661,1.1145666666666671,1.3397666666666683,2.8126333333333378,7.835783333333335,10.013983333333334,4.840066666666664,2.4063000000000083,1.5830833333333378,1.3394500000000027,1.0892333333333324,1.149633333333334,1.0076666666666678,0.9090666666666668,1.1649166666666682,2.10645,5.495466666666684,18.88661666666666,25.252566666666663,20.802216666666745,15.13748333333334,7.4246833333333235,8.05041666666666
2024-04-10,1.950216666666668,1.4856166666666666,1.2387000000000004,1.4747833333333338,3.687950000000003,8.524750000000004,10.911266666666656,5.734783333333329,2.576916666666674,1.6966666666666717,1.2483333333333353,1.0833833333333331,1.0545166666666679,1.0052000000000019,1.024500000000001,1.7864000000000029,3.2695166666666666,6.66873333333336,17.842883333333315,24.763683333333333,19.295083333333395,12.413216666666656,6.85509999999999,6.3624666666666645
2024-04-11,2.106350000000001,1.6697333333333366,1.3746833333333364,1.7071500000000006,3.7054666666666725,13.660683333333315,11.63365000000001,4.590549999999998,2.319500000000007,1.5138666666666742,1.2971000000000048,1.1044500000000017,1.1533333333333349,1.004116666666668,0.9042666666666658,1.1674500000000019,2.1861500000000023,5.372866666666692,17.76033333333331,27.647583333333344,18.75610000000009,12.09666666666666,6.574733333333326,6.079
2024-04-12,16.975450000000038,15.173783333333313,14.331550000000007,14.786466666666662,17.543400000000002,24.35390000000003,31.51831666666667,29.433883333333366,21.33111666666668,17.917416666666668,15.355066666666684,14.385599999999995,13.66576666666665,12.803283333333344,12.677816666666654,15.672433333333341,22.852916666666708,34.18620000000002,49.227083333333375,54.499016666666655,47.14723333333329,37.5206333333334,31.550133333333342,28.77238333333337
2024-04-13,15.570766666666678,13.965333333333286,13.465966666666631,14.695633333333353,19.40236666666663,32.028666666666666,33.57863333333339,17.590133333333377,12.78299999999999,11.069683333333325,10.13026666666666,9.794449999999989,9.194483333333316,8.347999999999992,8.100216666666652,9.49304999999999,13.3388,24.043450000000053,38.805783333333274,50.16766666666663,39.21011666666655,31.06498333333333,28.390050000000006,24.97818333333327
2024-04-14,4.064749999999999,3.4028833333333433,3.0715333333333388,3.347600000000004,4.621299999999998,9.510550000000027,9.451400000000003,4.897316666666669,3.7676166666666653,3.3348333333333398,3.2899000000000074,3.050850000000003,3.016500000000004,2.6761833333333325,2.5181666666666707,3.276100000000007,6.117966666666658,11.32934999999998,27.13908333333337,35.339683333333376,32.347266666666606,22.92219999999996,16.375816666666687,18.37775000000001
2024-04-15,2.710533333333332,2.261466666666674,2.11335,2.8131000000000004,5.218550000000001,16.468866666666667,13.142983333333353,3.9393000000000007,2.1076333333333395,1.4868666666666728,1.2851333333333368,1.1391833333333377,1.0378666666666694,0.9016166666666684,0.8539166666666684,1.199733333333335,2.1834333333333356,5.589416666666689,21.01703333333333,31.84980000000013,22.678350000000044,13.85844999999999,8.552116666666675,6.670549999999992
2024-04-16,1.3505833333333321,0.9465833333333338,0.7735833333333327,1.0013833333333337,2.0617000000000028,8.195149999999996,7.5103499999999785,1.9509333333333343,1.0325833333333343,0.6080333333333343,0.4417833333333333,0.3581333333333334,0.3259333333333336,0.24485000000000062,0.15674999999999978,0.3512333333333324,0.8656833333333337,2.2906833333333374,10.170183333333314,18.267283333333335,11.202916666666676,6.7070166666666475,3.7177500000000077,2.8017500000000006
2024-04-17,0.9739000000000004,0.678083333333333,0.5333999999999999,0.7809833333333338,1.8362833333333355,9.419916666666673,7.443449999999982,1.4490166666666653,0.6057166666666679,0.2757500000000008,0.12753333333333297,0.06269999999999983,0.06119999999999983,0.037049999999999764,-0.0032499999999999886,0.11368333333333332,0.43093333333333467,1.8309166666666685,11.881133333333297,20.877250000000064,13.720233333333356,7.559399999999984,4.338333333333332,3.1521
2024-04-18,1.048849999999999,0.7146500000000001,0.5934000000000004,0.8993333333333343,1.8298333333333339,11.112816666666673,6.5839333333333006,1.2789500000000025,0.5163333333333338,0.23983333333333368,0.1272166666666665,0.06466666666666655,0.0604666666666668,0.04769999999999999,0.027633333333333225,0.1544666666666666,0.47830000000000034,1.8278833333333369,10.883166666666641,21.188433333333414,12.767150000000008,7.35134999999999,4.782149999999998,3.835300000000003
2024-04-19,4.685233333333326,3.94375000000001,3.692933333333334,4.325666666666662,6.812666666666652,15.860133333333357,14.352850000000014,6.9614833333333355,4.724249999999998,4.091349999999995,3.775966666666671,3.5008833333333396,3.377183333333343,3.0654333333333406,2.975850000000004,3.5852833333333396,5.093083333333325,9.44548333333333,25.31625,34.6754166666668,27.918266666666682,17.321433333333342,13.169583333333339,11.574699999999977
2024-04-20,12.826899999999979,11.110133333333327,10.282266666666652,10.749000000000011,12.917583333333353,18.422300000000043,19.69441666666671,12.985316666666689,9.798149999999975,8.574649999999984,7.915016666666659,7.556299999999997,7.065283333333337,6.150683333333318,5.926266666666643,6.863233333333326,9.318483333333326,15.606200000000008,26.116383333333314,34.194966666666716,28.218950000000035,22.033883333333353,18.927316666666698,16.58091666666666
2024-04-21,2.343683333333338,1.7624500000000007,1.628250000000001,1.74266666666667,2.422466666666666,5.207666666666667,4.1758666666666615,2.0896166666666685,1.2444166666666694,1.0512833333333331,0.9637333333333344,0.6386166666666669,0.5972666666666675,0.5188833333333345,0.438633333333334,0.6351500000000002,1.408766666666666,3.4448666666666723,10.127233333333317,17.40988333333337,13.766099999999987,9.94649999999999,6.973799999999989,7.0254499999999975
2024-04-22,1.6197666666666666,1.0499166666666682,0.8458499999999987,1.0304166666666668,1.884283333333335,8.544683333333332,7.053116666666651,2.2888000000000046,1.1129166666666679,0.7972000000000016,0.6018666666666683,0.40898333333333364,0.38098333333333373,0.32926666666666676,0.28395000000000015,0.652483333333334,1.3288666666666675,2.8030000000000097,10.280799999999973,18.950116666666705,12.099550000000008,7.488999999999984,4.849766666666666,3.92751666666667
2024-04-23,1.9837999999999996,1.4441500000000056,1.1328166666666655,1.461700000000002,2.9509999999999987,13.339699999999993,9.354400000000014,4.338116666666671,1.6654666666666689,1.1903000000000035,0.7319000000000044,0.6698500000000014,0.6506166666666641,0.6792333333333326,0.8066333333333356,1.7835833333333417,3.23405,6.10130000000001,13.648199999999983,25.42245000000006,14.910950000000012,8.624849999999993,7.554383333333337,6.4631000000000185
2024-04-24,8.987716666666676,8.204166666666664,7.384283333333325,8.981550000000015,12.951933333333331,25.287716666666693,24.719150000000038,12.211083333333365,7.807516666666659,6.564466666666656,5.525949999999996,5.359816666666665,5.0068499999999965,4.662883333333326,4.667183333333316,6.271933333333325,9.04674999999999,16.07960000000001,28.491899999999916,37.866750000000074,28.687916666666617,21.229966666666687,18.806766666666654,14.485499999999966
2024-04-25,30.804849999999988,28.27570000000004,27.3555,27.74968333333333,31.804383333333323,40.37443333333334,48.4332499999999,39.88553333333333,29.887050000000016,25.560716666666703,23.102533333333334,21.991200000000006,20.755583333333323,19.10368333333333,18.729983333333326,21.33434999999999,27.190483333333376,39.71655000000008,57.65723333333323,66.92121666666672,56.7664166666666,45.96488333333332,39.30976666666671,34.007766666666676
2024-04-26,66.00491666666665,63.499316666666616,61.59856666666657,61.02424999999993,66.08534999999996,74.7784,86.03713333333322,83.38744999999997,64.09006666666657,55.27661666666667,51.8050999999999,49.56624999999996,46.46289999999997,44.037699999999916,43.24653333333334,47.51143333333338,58.20443333333336,74.36924999999991,97.75601666666658,98.81321666666673,87.67963333333338,77.11889999999994,69.10554999999984,61.8923333333334
2024-04-27,33.14476666666664,29.97003333333335,28.80051666666663,28.41676666666658,30.81896666666665,36.57996666666666,39.006383333333254,31.766933333333405,23.75121666666673,19.146733333333348,15.638183333333375,13.98961666666664,12.614649999999989,10.780416666666687,10.146899999999995,13.719266666666666,22.32546666666673,38.188216666666676,63.421483333333335,73.72978333333342,66.62824999999997,54.505983333333404,47.499599999999994,42.19498333333329
2024-04-28,35.561266666666626,32.00643333333337,31.22944999999997,31.065916666666617,33.645999999999944,40.52876666666667,41.30353333333325,32.89376666666665,26.797933333333354,22.94938333333333,20.31611666666672,18.93158333333334,17.408716666666677,15.756266666666692,15.193683333333354,19.445816666666676,29.862683333333372,46.28146666666674,68.77001666666678,77.10755,69.65299999999992,60.75170000000003,57.32313333333339,51.78363333333328
2024-04-29,50.183133333333224,48.45839999999983,47.78094999999991,48.16738333333323,51.94089999999991,62.59499999999984,72.25171666666655,67.53378333333328,52.002733333333346,45.271549999999976,41.92496666666666,40.51398333333336,37.758716666666686,35.57036666666663,35.32423333333335,39.76156666666672,49.30188333333339,66.89389999999997,91.643516666667,94.43466666666663,83.33479999999992,72.53436666666671,66.78596666666664,60.76383333333324
2024-04-30,54.290250000000036,52.497533333333294,50.96549999999984,50.618083333333324,55.71434999999994,66.3484166666667,72.92823333333321,65.85346666666666,47.815299999999965,39.68043333333331,35.433749999999996,32.51084999999999,28.691666666666684,26.075316666666748,25.765833333333376,30.16881666666672,39.81528333333333,57.240449999999896,81.73851666666664,89.53703333333337,79.0868666666668,67.25400000000003,59.20818333333328,51.23046666666673
2024-05-01,31.83713333333332,29.01616666666669,28.233049999999977,28.298733333333274,30.801533333333317,35.92221666666655,37.40096666666664,27.330316666666675,18.79543333333334,14.274950000000047,11.017766666666674,9.14543333333331,7.839999999999983,6.5324999999999935,6.392216666666653,8.862866666666662,16.70010000000002,33.95444999999993,57.844083333333174,69.59909999999985,62.8175499999999,53.83813333333339,49.308566666666586,42.334833333333236
2024-05-02,7.285783333333334,6.259349999999997,5.633899999999984,6.272883333333336,8.076683333333317,13.811999999999989,15.707850000000011,12.47439999999999,8.334783333333325,6.587266666666632,5.710033333333319,5.2458333333333345,4.703066666666674,4.4623333333333335,4.592999999999995,6.01916666666666,9.587233333333316,17.01056666666668,28.228166666666663,37.507250000000056,31.43174999999995,22.82078333333341,21.78033333333334,19.27078333333335
2024-05-03,27.74440000000001,25.35476666666669,24.46755000000001,24.877383333333345,28.134999999999962,36.25116666666669,42.78588333333324,36.472850000000015,27.73246666666667,22.534883333333344,19.975083333333348,18.653599999999987,16.929049999999986,15.193949999999992,14.731400000000015,17.732516666666687,24.466866666666704,38.18145000000007,55.0390333333334,65.5805166666666,56.156333333333286,45.762600000000006,41.75803333333333,37.23804999999995
2024-05-04,27.104383333333335,24.644733333333367,23.832916666666662,24.008916666666718,26.168466666666635,33.56428333333332,33.2413833333333,23.859133333333343,17.124283333333327,13.334300000000034,11.680016666666676,10.65898333333333,9.55501666666665,8.425666666666675,7.941649999999979,9.833383333333307,15.367399999999982,27.898949999999974,48.31298333333327,61.154016666666635,53.132999999999925,44.07296666666672,40.84726666666669,36.310516666666636
2024-05-05,20.084350000000004,18.21746666666666,17.243883333333343,18.066800000000026,20.778616666666633,25.899116666666647,27.25108333333335,18.695100000000025,13.730016666666643,11.1895,9.981566666666666,9.504833333333332,8.440866666666667,7.271899999999992,6.858533333333318,8.155816666666647,11.877899999999984,21.562000000000015,37.497149999999976,48.93673333333331,43.18803333333328,34.869433333333355,33.01550000000003,29.366666666666703
2024-05-06,46.426566666666666,44.52903333333323,43.3310333333333,45.001999999999974,50.170383333333305,63.57233333333325,69.4657,58.89075000000003,44.77951666666663,37.10823333333331,34.47591666666667,32.85154999999998,30.12403333333333,27.84566666666673,27.339033333333354,31.384616666666723,40.88025000000005,59.57801666666665,81.29798333333336,89.05605000000001,76.20403333333341,65.39476666666664,61.47555000000006,53.813216666666705
2024-05-07,69.19356666666671,68.27836666666668,66.20179999999985,67.49786666666671,75.09891666666685,84.06641666666683,83.5139833333334,68.92451666666668,49.46481666666662,41.12534999999999,36.843900000000026,33.56726666666668,28.184333333333374,23.92525000000005,22.817416666666656,28.566000000000034,37.16168333333324,57.36849999999991,84.63868333333316,96.7416500000002,89.10803333333324,78.44251666666673,68.94658333333331,63.81135
2024-05-08,21.20038333333335,18.58053333333334,17.575333333333326,18.461733333333346,21.66671666666663,28.986349999999973,28.529716666666694,17.869300000000024,12.246800000000004,8.723483333333336,7.182466666666657,6.263666666666658,5.322399999999996,4.614400000000001,4.352416666666659,6.021966666666656,11.045749999999995,23.35395000000002,44.09649999999992,57.89275000000005,50.07059999999994,40.72743333333327,39.55416666666668,34.577433333333325
2024-05-09,28.266266666666663,25.7936333333334,24.94438333333336,25.357600000000026,28.07616666666665,38.83374999999998,37.395566666666646,26.930616666666694,20.006416666666674,16.060850000000023,13.76036666666668,12.087616666666648,10.704849999999956,9.35885,8.751433333333335,10.953583333333352,18.24595,31.752616666666707,53.221966666666646,65.86080000000003,56.95899999999997,47.6549166666667,42.769083333333306,37.775216666666665
2024-05-10,36.45506666666665,34.42253333333334,33.51458333333335,34.08181666666662,38.355083333333305,49.702766666666655,48.819333333333276,37.78205000000006,25.71290000000002,20.280400000000007,16.537250000000057,14.209166666666645,12.566683333333305,10.864450000000001,10.371416666666638,13.418066666666668,21.329416666666646,37.504816666666656,63.3726833333333,77.05651666666678,67.13831666666673,55.38418333333336,46.97703333333328,41.13785
2024-05-11,31.135683333333347,27.833133333333336,27.169949999999982,27.721566666666654,31.03931666666661,38.27921666666664,32.71321666666668,20.648233333333312,12.560233333333349,8.580950000000009,6.516050000000004,5.498316666666668,4.767699999999999,4.188316666666676,4.166683333333333,6.165033333333312,12.015749999999972,25.62818333333333,51.06828333333321,66.62698333333331,58.574016666666694,50.37844999999992,45.165933333333356,39.78163333333322
2024-05-12,30.279433333333326,27.93468333333339,27.22073333333336,27.53671666666668,29.944566666666688,34.75533333333328,32.79531666666664,21.11723333333329,14.167283333333307,11.350333333333346,9.79593333333334,8.95341666666666,7.988216666666641,7.008466666666666,6.697599999999988,8.893983333333333,16.55333333333333,28.51438333333342,51.4265166666667,63.977283333333375,57.29858333333336,48.89344999999996,46.61600000000002,42.71311666666665
2024-05-13,30.553766666666682,28.901366666666636,28.214899999999993,28.91520000000001,33.03718333333334,42.158283333333294,41.169316666666575,30.790383333333388,21.562283333333333,16.605366666666658,13.767783333333325,12.234549999999984,10.96906666666666,9.817699999999999,9.402833333333334,11.612316666666672,17.757883333333325,31.27391666666669,50.88531666666662,64.56791666666676,55.02023333333341,46.04729999999988,42.51514999999999,38.25246666666668
2024-05-14,13.28303333333335,12.17088333333333,11.806016666666656,12.398533333333344,15.00343333333331,23.23325000000005,20.93806666666667,12.165016666666647,7.0260999999999845,4.406149999999983,3.5985833333333375,3.2044666666666757,2.7989333333333395,2.5595500000000064,2.551333333333337,3.5044000000000026,6.550249999999988,14.183383333333332,28.549783333333338,40.52458333333332,32.80906666666672,25.85440000000004,23.029400000000027,20.050866666666675
2024-05-15,13.427249999999999,11.932933333333322,11.296416666666666,12.404433333333357,15.807699999999983,24.966983333333378,21.60573333333331,10.153300000000007,5.519983333333329,3.4983333333333326,2.8151833333333323,2.5926333333333353,2.1074833333333345,1.8656333333333361,1.8929166666666681,2.631466666666669,5.490649999999988,14.319983333333347,29.102799999999995,47.85868333333335,38.83268333333334,28.324683333333322,27.800900000000013,24.09541666666669
2024-05-16,32.85691666666668,31.283449999999974,30.555800000000005,31.570883333333306,35.83684999999997,49.74906666666659,44.96696666666659,30.505650000000028,19.244783333333327,13.335850000000008,10.636649999999985,9.129933333333316,7.655533333333324,6.715883333333339,6.535233333333333,8.442149999999998,14.551549999999988,29.214616666666654,53.170016666666605,70.96465000000006,60.30658333333334,50.38079999999986,45.46249999999996,40.446133333333314
2024-05-17,71.16731666666666,69.39036666666668,68.3398333333332,69.90241666666658,77.82713333333331,89.96140000000022,89.44146666666673,75.5828666666667,52.38851666666665,44.101283333333306,40.489849999999954,37.617650000000076,32.577633333333324,28.27728333333338,27.743283333333316,33.06473333333338,42.469383333333255,65.31933333333333,90.8955666666665,102.41973333333351,93.1047833333333,80.72310000000014,73.97439999999986,66.38593333333326
2024-05-18,60.989716666666716,58.853666666666676,57.24916666666662,58.41093333333327,63.13573333333333,72.34638333333338,69.13224999999981,54.42298333333338,37.37076666666671,30.05678333333334,27.518150000000034,22.92775000000001,19.52420000000001,16.933899999999987,16.411783333333336,22.33070000000003,32.66161666666666,53.84508333333331,77.31585000000001,89.70216666666671,83.76623333333328,72.65598333333328,63.45789999999994,56.29374999999995
2024-05-19,45.454749999999954,43.16964999999995,42.60859999999996,43.47824999999999,46.82763333333323,54.00626666666655,51.53518333333319,40.31829999999999,29.065033333333375,22.84883333333333,20.453416666666683,18.567816666666683,16.68676666666667,15.181616666666681,14.86389999999999,18.23135,28.505383333333338,47.49758333333323,70.23033333333329,84.92543333333342,76.75823333333322,66.09398333333336,61.84708333333348,55.63693333333327
2024-05-20,36.69796666666668,34.61645000000005,34.009733333333315,34.18406666666669,37.493266666666656,46.900566666666485,41.6494666666666,29.13896666666668,18.807566666666688,13.651950000000024,11.487883333333336,10.140149999999984,9.158066666666652,8.247883333333338,8.076883333333319,10.287649999999992,17.317749999999993,32.91443333333333,55.394299999999944,71.7804,62.81496666666662,53.22179999999987,48.18523333333331,43.1091333333333
2024-05-21,55.03828333333345,53.97463333333327,52.21591666666661,54.040549999999975,59.16391666666663,73.25000000000004,70.66839999999993,54.842483333333405,37.68205000000003,30.58284999999996,27.30358333333337,23.64781666666671,20.81281666666671,18.89581666666667,18.583066666666642,22.494600000000005,31.17924999999995,48.69816666666667,72.58886666666645,86.93723333333341,78.48026666666671,67.73431666666664,60.79319999999995,53.971466666666714
2024-05-22,57.81346666666683,56.926900000000025,55.46023333333313,57.44259999999997,62.038433333333245,71.64248333333312,69.54158333333338,50.26760000000008,34.98851666666666,26.813383333333288,24.742166666666733,20.518350000000066,16.66679999999999,14.533266666666659,14.121049999999943,18.633033333333337,26.00335,43.05183333333345,67.1153833333333,80.95455000000017,73.96019999999992,64.8542833333334,59.63316666666673,54.23355000000011
2024-05-23,62.11340000000008,60.99289999999988,59.684349999999746,60.430183333333204,65.02216666666668,73.27719999999998,73.65644999999998,60.58313333333339,44.96593333333329,37.71043333333332,35.64103333333326,31.643216666666667,27.88591666666665,24.990683333333354,24.55773333333332,29.41938333333336,39.04664999999996,56.94308333333342,78.41444999999995,89.59296666666668,82.06318333333319,72.29623333333329,66.65778333333323,60.45896666666664
2024-05-24,72.52495000000005,71.44641666666665,69.42506666666654,71.52998333333329,77.09138333333334,86.81578333333358,84.83696666666664,70.0716333333333,55.6042833333332,48.34390000000002,45.54663333333319,41.59684999999998,36.70653333333332,32.7133333333333,31.646133333333363,37.10753333333342,46.3742666666666,66.49589999999992,84.6496333333333,95.2403333333335,91.03873333333331,82.42611666666669,75.6836666666667,69.02073333333334
2024-05-25,77.14713333333339,74.29253333333328,72.45056666666657,73.46436666666658,77.43810000000003,82.19738333333353,76.48868333333331,60.00759999999993,44.14293333333333,34.50116666666668,30.98246666666667,26.917333333333318,21.31571666666667,17.310166666666653,17.198416666666667,22.789599999999993,33.621099999999934,59.57353333333336,84.89583333333326,97.04041666666663,94.54724999999972,85.89071666666656,76.64414999999985,69.0167833333332
2024-05-26,50.38656666666661,47.96161666666657,47.299983333333344,46.30625000000002,48.88759999999999,52.12993333333315,47.070449999999894,34.18856666666665,23.74226666666673,18.392049999999998,16.584933333333343,14.179100000000002,12.021799999999999,10.171950000000008,10.151083333333327,14.084516666666646,23.933083333333347,44.41676666666652,64.92759999999994,79.29608333333347,74.6076999999999,66.54705000000004,62.186866666666766,55.607983333333216
2024-05-27,30.52161666666669,28.979633333333332,28.357333333333354,29.02589999999998,32.53559999999998,40.595616666666615,37.32133333333325,26.337000000000014,14.839199999999982,9.551516666666666,7.512166666666668,6.391383333333336,5.392500000000008,4.615300000000004,4.693533333333341,6.622216666666647,12.38654999999999,26.782999999999987,47.393799999999956,63.49643333333331,56.72598333333341,47.013716666666525,44.638800000000025,39.89861666666673
2024-05-28,31.510966666666658,30.149300000000007,29.461733333333346,29.93958333333334,33.45105000000001,42.54609999999996,40.5624666666666,31.718533333333355,21.85960000000001,16.21170000000001,14.021283333333349,12.604416666666644,11.42579999999996,10.202449999999992,9.688366666666644,12.232100000000013,18.620733333333348,31.9695666666667,50.07111666666666,65.16170000000004,56.25013333333342,46.915299999999895,41.09654999999996,36.66270000000001
2024-05-29,35.87735000000002,34.057083333333324,33.429649999999974,34.11218333333326,38.32269999999998,48.09475,48.121966666666545,39.200066666666615,27.953816666666718,20.32675000000001,17.34509999999999,15.392516666666651,13.81154999999997,12.158799999999992,12.08663333333332,15.338883333333355,22.589183333333338,37.64925000000002,57.470249999999915,75.39009999999998,64.95231666666663,53.83134999999981,50.05628333333333,44.7140166666666
2024-05-30,37.27743333333338,35.41853333333335,34.649150000000006,35.187816666666606,39.40163333333331,47.08375000000005,48.822199999999924,43.72043333333335,33.803450000000005,27.146483333333343,24.35933333333334,22.038783333333335,20.396216666666664,18.43741666666665,18.291916666666676,22.00715000000003,30.150216666666662,44.64563333333327,59.85576666666663,73.19271666666663,64.96275000000001,54.82859999999991,49.405383333333305,44.12956666666667
2024-05-31,10.066833333333332,8.697466666666655,8.114499999999978,8.655216666666652,10.88778333333331,17.08985000000001,19.541316666666706,15.794899999999995,10.382083333333325,7.362049999999971,5.978016666666651,5.325499999999995,4.681816666666664,4.22195000000001,4.253666666666662,5.232549999999993,9.005566666666656,17.174200000000024,30.659033333333312,40.904083333333325,35.20115000000001,26.731016666666704,23.643333333333356,21.20908333333333
2024-06-01,3.3151833333333367,2.5416000000000065,2.4243666666666694,2.831366666666669,4.039766666666665,8.295433333333335,8.152016666666661,5.3519999999999985,2.707633333333342,1.810783333333336,1.2595166666666688,0.9056166666666673,0.8875333333333344,0.8575666666666677,0.8022666666666679,1.4221499999999998,3.354650000000004,7.704983333333328,18.428016666666657,29.20198333333333,24.536783333333368,16.023316666666684,13.738416666666636,12.459133333333352
2024-06-02,4.123100000000001,3.7341833333333407,3.4777499999999995,4.762333333333329,7.493066666666655,12.376066666666688,12.14676666666669,5.994833333333325,3.144883333333337,2.227933333333336,1.6233833333333354,1.3942500000000007,1.3464333333333334,1.3159500000000026,1.3669333333333342,2.4033166666666688,5.03486666666665,10.89996666666664,27.796233333333337,37.86741666666678,32.41911666666663,22.798683333333315,17.106483333333323,15.000433333333334
2024-06-03,6.683249999999993,5.825166666666681,5.2399499999999914,6.394633333333325,9.572016666666666,18.298683333333386,16.818116666666675,7.837550000000007,4.564249999999998,3.2840333333333382,2.6539500000000027,2.373266666666671,2.086966666666669,1.9185000000000043,1.8956500000000014,2.5673166666666725,4.532483333333328,10.063850000000004,22.534383333333345,36.89486666666672,29.573366666666672,19.972000000000012,17.776199999999996,15.318316666666687
2024-06-04,68.01413333333332,66.6326666666666,64.7692499999999,66.1345999999999,71.77001666666672,82.58610000000014,85.98683333333331,76.97596666666675,58.77574999999996,51.09821666666664,48.0520999999999,44.76683333333331,41.52011666666667,38.33896666666661,37.89398333333332,42.5938166666667,54.1107666666666,71.38333333333341,91.45501666666644,101.73161666666682,92.99884999999992,82.05283333333335,75.3916499999999,68.31666666666663
2024-06-05,106.33911666666673,102.8999666666666,100.50210000000007,102.07020000000021,111.17536666666686,121.26768333333344,124.90253333333334,116.69393333333338,102.81413333333337,91.62398333333333,86.62879999999996,83.97044999999997,79.75265000000014,76.17161666666658,76.70855,82.9376666666667,96.95146666666669,117.9685833333332,139.04493333333332,144.17311666666637,133.59444999999994,121.52574999999975,115.44431666666667,107.20168333333339
2024-06-06,98.60994999999984,96.24846666666656,94.02569999999993,95.77233333333338,103.57183333333337,113.36721666666679,116.13135,107.38523333333359,92.70928333333319,80.60403333333328,75.91499999999988,72.0884333333333,66.61704999999999,63.66408333333333,64.50254999999989,73.1567833333333,86.44453333333334,107.47853333333327,125.5894,131.7486166666666,121.71206666666666,111.52713333333324,105.08751666666677,98.38233333333329
2024-06-07,87.89833333333333,85.51363333333315,83.14236666666656,85.15553333333351,93.17278333333337,101.16301666666676,101.31418333333342,92.01546666666678,80.11098333333334,69.6033499999999,65.47851666666666,61.039983333333254,56.03873333333333,52.37185000000002,53.206966666666695,61.199216666666686,72.67793333333326,90.90956666666672,109.1463000000001,117.7601166666668,112.66706666666666,104.06811666666681,97.21471666666659,90.60533333333333
2024-06-08,84.5562833333333,82.27328333333327,80.74820000000001,81.85309999999998,85.91351666666672,89.70718333333335,85.13938333333329,72.93939999999999,58.874783333333376,49.44061666666667,45.42211666666664,41.60363333333336,35.509533333333266,30.797949999999958,30.57483333333334,37.75078333333333,50.435366666666546,76.41356666666661,97.64984999999996,107.93141666666665,105.94616666666649,97.65046666666662,91.03776666666641,82.27326666666653
2024-06-09,32.33728333333332,30.10210000000002,28.933733333333304,29.116766666666603,31.888283333333312,33.752250000000004,31.30581666666666,23.475316666666718,17.56645,13.175500000000024,10.852599999999994,9.004583333333326,7.612749999999995,6.342716666666673,6.002116666666669,9.648416666666668,16.926300000000012,33.90203333333328,55.34598333333333,65.60571666666665,61.68433333333341,51.43624999999989,46.056566666666676,39.56651666666668
2024-06-10,39.03101666666669,36.7665833333333,36.011533333333304,37.122533333333266,42.335449999999994,51.41018333333326,52.87281666666656,45.22153333333334,34.48981666666669,27.28756666666667,24.834516666666705,22.046033333333355,19.70784999999996,17.48101666666665,17.591283333333354,22.500133333333338,32.74034999999998,50.12021666666663,70.05178333333345,81.42706666666668,73.53426666666661,62.75861666666657,57.863749999999975,51.17968333333334
2024-06-11,73.1425166666666,71.1437166666666,69.92513333333328,72.39643333333338,81.73055000000012,92.27901666666699,89.57855000000013,77.10643333333334,63.06099999999985,53.74619999999991,50.608449999999884,47.94476666666667,44.11544999999999,39.38739999999997,39.00381666666668,45.03955000000002,57.39631666666666,75.40661666666674,97.23923333333322,108.71403333333365,101.40006666666652,91.6624333333334,85.1789666666666,78.26621666666655
2024-06-12,64.51521666666676,62.29770000000001,60.35123333333327,63.11508333333324,68.69540000000003,79.02920000000016,79.93628333333324,68.26000000000005,53.0519999999999,44.60578333333322,41.41916666666661,38.21876666666664,34.19756666666664,30.525616666666654,30.321233333333367,36.286466666666705,48.10866666666667,66.57538333333333,87.41895000000002,97.34026666666696,89.79398333333332,80.66748333333342,74.62273333333333,67.50663333333338
2024-06-13,81.03456666666672,78.99718333333315,77.19618333333314,80.05271666666667,85.78160000000015,95.56740000000003,94.0750666666666,79.46899999999994,64.53344999999999,57.109366666666595,54.04144999999994,51.23301666666659,46.56215000000005,40.68131666666661,39.65731666666664,46.16418333333334,57.763716666666625,76.54846666666668,95.94076666666673,106.36715000000021,101.50728333333328,92.86763333333326,88.82934999999972,81.31914999999987
2024-06-14,74.07921666666662,72.70406666666675,71.08156666666656,73.49839999999996,79.3608166666668,90.01753333333339,86.29430000000005,70.54428333333338,53.36043333333338,45.45388333333326,42.111533333333334,37.353883333333286,31.714716666666675,26.712833333333368,26.347650000000055,33.196549999999945,43.84711666666667,63.511050000000004,86.17716666666665,99.31808333333343,94.41586666666659,84.95674999999984,78.54704999999998,71.19030000000005
2024-06-15,32.80275,30.455900000000007,29.82834999999998,30.20143333333331,33.560649999999974,39.22213333333327,38.67549999999998,28.999950000000002,18.858550000000022,12.941350000000005,10.931233333333331,9.19833333333332,8.032366666666652,6.850149999999994,6.816733333333335,9.591966666666666,15.422983333333335,31.80244999999993,53.80261666666662,69.52801666666656,62.852049999999906,53.05506666666659,49.98248333333321,45.10374999999995
2024-06-16,31.38308333333333,28.934166666666698,28.21278333333338,28.924416666666634,31.192116666666703,34.76036666666664,27.126049999999953,15.412783333333316,8.530049999999996,5.056016666666658,3.931649999999999,3.2354500000000037,2.6006500000000057,1.8784666666666703,1.6767000000000034,3.5772666666666684,9.613466666666659,24.291866666666696,46.95676666666654,64.79773333333333,59.15104999999996,49.032749999999915,48.41221666666665,44.36463333333328
2024-06-17,31.41308333333338,29.733183333333333,29.134683333333353,29.9725,35.09558333333331,43.03749999999985,42.23244999999991,33.678016666666636,22.977466666666675,16.13158333333334,14.274333333333344,12.751966666666641,11.43784999999998,10.154166666666644,10.012966666666657,13.130033333333325,19.475183333333323,32.64495000000001,51.27978333333327,67.89688333333335,59.95943333333335,49.20499999999991,46.94739999999998,41.599966666666624
2024-06-18,38.52313333333337,36.53686666666662,35.67618333333332,36.95335,43.31209999999991,55.28406666666656,55.82913333333317,46.758833333333264,32.90088333333334,24.693566666666666,21.866100000000028,19.365999999999985,17.878766666666653,16.006266666666637,16.085183333333333,20.223016666666716,28.931766666666626,44.294883333333324,64.53874999999998,81.1362166666668,72.25014999999998,60.22013333333341,53.6890999999999,47.71214999999999
2024-06-19,87.87873333333333,85.97441666666663,85.4447,87.5888166666668,98.00655000000002,107.89273333333358,102.20901666666684,91.00426666666684,78.03136666666661,67.51273333333324,64.30461666666658,60.882899999999914,56.864149999999945,53.814533333333294,54.160500000000006,60.33969999999997,72.21168333333327,88.4724166666666,108.41733333333326,121.64120000000007,113.69833333333311,103.4282166666667,95.71134999999985,89.79268333333324
2024-06-20,92.76148333333346,91.09024999999991,89.81398333333348,92.90663333333353,100.20043333333338,108.1923000000002,103.75711666666679,91.88286666666689,78.98638333333332,68.21141666666658,65.30321666666663,61.610683333333306,57.266433333333325,53.97159999999996,54.071449999999935,60.494183333333304,71.7555833333333,92.11021666666664,108.4837833333334,119.92480000000006,114.48346666666667,105.34664999999983,101.87229999999991,96.03643333333336
2024-06-21,92.96823333333329,91.06206666666652,89.19214999999994,91.36766666666678,98.20571666666675,106.24243333333347,102.00500000000001,89.6978333333335,74.82214999999995,63.20434999999994,58.892016666666656,54.00429999999988,49.39020000000001,46.42099999999997,47.974883333333224,55.10476666666673,66.9929666666665,89.05341666666673,108.52943333333327,118.92768333333346,113.94889999999985,105.55801666666676,97.65589999999996,91.39675000000013
2024-06-22,77.27224999999994,75.14366666666669,73.91194999999993,74.71524999999998,78.38870000000003,81.2467500000001,70.99811666666658,57.10849999999985,42.005600000000065,32.4438833333333,28.060433333333368,23.67116666666672,18.18118333333332,14.46668333333334,14.243616666666655,19.536816666666688,29.834000000000028,56.840350000000036,85.62351666666659,98.58098333333358,98.31153333333303,89.96393333333324,76.8264999999999,69.05953333333318
2024-06-23,54.0133833333333,52.46394999999996,52.33890000000003,53.42269999999987,55.22163333333321,54.377566666666524,41.30774999999998,24.833216666666697,15.442200000000017,10.576583333333325,9.265583333333323,7.199283333333322,5.913683333333324,4.341983333333334,4.108783333333335,6.613966666666662,12.307199999999975,33.32141666666664,63.20954999999991,80.21441666666666,80.20218333333295,70.5447166666666,67.5400333333335,59.662483333333284
2024-06-24,42.00563333333338,40.13353333333329,39.199783333333286,40.49608333333323,46.089133333333336,56.10176666666656,55.24664999999994,44.50108333333332,31.10400000000004,23.243450000000006,20.18771666666671,17.82991666666667,15.880183333333328,13.765616666666673,14.032099999999994,18.788250000000023,27.574999999999992,45.19723333333336,68.08619999999998,87.42280000000002,79.43438333333347,65.17561666666671,62.10368333333331,54.708549999999946
2024-06-25,79.49823333333335,77.50518333333332,76.54636666666664,78.96146666666674,87.61018333333344,98.17256666666687,94.18736666666672,82.25281666666672,66.88239999999996,56.25498333333329,53.345616666666636,49.5523999999999,45.96451666666667,41.74051666666663,41.40481666666662,47.14866666666664,58.908033333333286,76.2704,96.37246666666664,110.26531666666679,102.85216666666668,91.9257833333333,86.31576666666653,80.10346666666668
2024-06-26,91.94780000000002,89.9985499999998,88.84283333333318,90.08931666666685,97.5246,105.80211666666675,101.91205000000004,92.56478333333347,79.58860000000008,71.13374999999996,68.7056166666667,65.74841666666651,62.646466666666626,59.76854999999996,59.73609999999989,64.57260000000004,74.75116666666666,92.0598666666668,107.38941666666683,118.12650000000016,113.9112333333332,104.78013333333325,101.7469333333333,96.01666666666662
2024-06-27,93.11198333333314,91.7114999999998,90.11333333333334,91.86306666666665,98.37815,105.79991666666669,104.62036666666658,95.09671666666678,83.95148333333343,76.18071666666651,73.09068333333332,68.50881666666668,63.325866666666755,58.34485000000001,58.37954999999991,65.41531666666675,75.40896666666669,91.49911666666665,106.86033333333339,115.41841666666663,111.8506999999999,103.06623333333329,97.7516833333331,91.89491666666672
2024-06-28,93.04481666666655,91.79453333333322,90.27753333333331,92.13155000000002,99.57248333333341,107.22725000000007,104.9873166666668,93.86213333333335,82.32540000000012,72.3410333333332,69.18351666666656,65.66554999999998,60.0835333333333,55.88994999999996,55.773083333333304,61.6216666666668,71.91820000000001,89.84586666666671,106.39831666666664,115.82088333333348,113.0365166666665,105.62513333333345,98.90109999999976,93.41666666666673
2024-06-29,79.09913333333333,77.19718333333329,75.67728333333338,76.8819,82.04486666666655,86.59845000000004,84.75558333333336,75.45746666666676,61.74111666666677,52.72624999999996,49.184249999999935,45.82359999999996,40.33213333333328,36.59854999999995,35.261983333333376,40.71569999999998,53.172399999999946,75.76661666666655,95.36589999999981,105.95861666666683,103.91259999999978,94.34264999999992,84.25691666666654,75.41431666666669
2024-06-30,83.76766666666667,81.3805666666665,80.40871666666668,81.30775000000007,85.14188333333331,87.40913333333334,82.36524999999992,73.14328333333334,60.65296666666673,51.81579999999994,48.06696666666654,45.15998333333327,40.80726666666659,36.560299999999955,36.51910000000001,43.68773333333334,58.072166666666526,79.90668333333328,100.94611666666674,111.18038333333325,108.8641333333332,100.36501666666656,93.47914999999978,86.30726666666662
2024-07-01,65.14251666666678,63.26709999999998,62.195716666666634,63.93676666666659,69.96865000000008,80.85441666666662,79.68804999999988,67.77975000000006,53.31274999999994,43.35983333333323,39.71324999999999,36.022849999999906,32.541166666666726,29.190116666666636,29.377233333333383,35.33553333333341,45.34898333333326,64.02838333333325,85.91226666666674,99.03535000000012,93.24361666666661,81.4656166666667,74.9660833333333,67.66769999999997
2024-07-02,50.21438333333341,48.429366666666674,47.16795,48.701699999999995,54.789449999999874,66.49535000000003,69.59596666666657,60.3091333333333,44.28921666666663,35.48691666666662,31.501783333333375,28.709499999999988,25.559883333333364,22.571533333333342,22.856000000000027,28.993566666666652,40.76823333333333,59.27161666666662,82.45250000000016,96.15105000000027,88.0508000000001,74.49556666666676,67.6539333333334,60.371700000000004
2024-07-03,80.36881666666656,78.85501666666667,77.55468333333317,79.77105000000016,86.29615000000015,96.24038333333337,91.43010000000007,77.45483333333343,61.452249999999985,54.64919999999998,52.67638333333334,49.170966666666565,44.0297166666667,38.8612333333333,37.65623333333334,44.71695000000004,55.51646666666681,72.82258333333324,93.90255,106.52366666666688,102.65744999999981,93.43338333333315,90.03088333333315,84.02881666666674
2024-07-04,80.07728333333328,77.49569999999994,76.54888333333318,77.15311666666679,85.13138333333346,95.10419999999996,89.21429999999994,73.1720166666668,56.423516666666764,48.3609,45.6290499999999,41.19133333333327,35.842100000000045,30.586133333333382,29.28730000000007,37.39469999999994,48.699416666666814,63.59293333333331,90.63758333333345,104.45896666666691,101.18468333333318,91.01901666666667,87.36559999999989,80.34563333333325
2024-07-05,75.4903666666666,75.37410000000015,73.74961666666657,75.63774999999998,84.19016666666697,94.04719999999995,86.08720000000007,66.31731666666668,46.09191666666683,37.22213333333333,34.60441666666669,30.272383333333323,25.500266666666715,21.117833333333394,20.06776666666674,26.205199999999955,37.12391666666676,56.58510000000001,86.72320000000015,102.00626666666668,99.02259999999987,88.75220000000003,82.3545166666669,76.51585000000011
2024-07-06,79.91394999999997,78.19541666666663,77.07466666666647,78.38785000000007,84.45870000000015,92.11758333333351,83.15323333333338,64.47938333333335,46.56740000000002,34.76643333333329,30.41575000000004,26.526933333333346,21.64400000000001,17.604016666666688,16.511266666666668,20.25418333333332,30.222416666666657,54.89795000000003,84.34768333333318,100.70035000000013,98.47668333333314,88.57141666666664,78.61101666666659,70.21268333333327
2024-07-07,42.73306666666671,40.811099999999975,40.34555000000007,41.18503333333332,44.48695,48.94854999999976,44.1225666666666,31.387300000000014,21.443249999999992,15.160949999999978,13.489450000000007,11.606316666666652,10.304799999999984,8.74944999999999,8.663649999999995,11.933616666666678,19.322816666666654,35.93405,58.91504999999997,76.58821666666665,72.16926666666654,61.18681666666664,57.72693333333324,53.04413333333323
2024-07-08,75.44603333333333,73.43958333333335,72.29576666666647,73.68601666666675,80.95436666666684,93.50709999999985,84.0665166666667,64.27431666666668,46.08596666666662,36.42289999999995,32.65448333333331,28.7808,24.938200000000027,21.275583333333362,21.10988333333333,27.071166666666677,38.08831666666668,57.602383333333336,84.29138333333343,100.51353333333363,98.6498833333333,86.49331666666676,81.74198333333337,74.43458333333325
2024-07-09,77.01336666666667,76.21343333333336,74.40934999999989,76.2806500000001,83.36690000000021,94.17439999999992,89.01563333333335,72.5161166666667,53.97191666666663,43.64980000000002,39.40476666666666,35.50151666666664,31.45416666666664,27.6688166666667,27.823716666666673,34.25078333333332,45.412066666666675,65.66616666666658,89.80646666666668,104.63046666666698,101.08236666666667,90.48980000000002,83.97706666666663,76.8905166666667
2024-07-10,98.95308333333321,97.18223333333327,95.01598333333314,96.63641666666695,103.99213333333356,111.91666666666698,108.5207333333334,96.74810000000024,83.29431666666665,72.83148333333322,68.55011666666671,64.43443333333329,59.545216666666626,56.6568999999999,57.29449999999985,65.01539999999999,76.74018333333328,96.2295666666666,116.00836666666653,126.81681666666664,121.14056666666671,111.91366666666671,105.46725000000018,99.89908333333315
2024-07-11,93.3660166666666,91.92824999999998,89.8845166666664,91.13798333333347,96.80288333333355,103.72130000000016,99.72958333333338,86.7146333333335,72.20353333333338,62.08821666666665,57.92789999999989,52.64951666666649,47.57619999999999,43.51173333333335,44.22065000000002,52.01418333333331,64.25810000000001,83.48183333333341,102.14010000000009,113.33581666666664,114.2220666666667,103.38895000000018,97.16548333333331,91.40759999999982
2024-07-12,77.75799999999988,76.11588333333341,73.61044999999984,74.84419999999992,81.21155000000024,90.09388333333331,88.18700000000018,75.36925000000002,60.143683333333335,50.00035000000007,45.56538333333323,41.02288333333324,35.453666666666635,31.475899999999978,32.26116666666668,40.16723333333329,51.887733333333415,70.08543333333323,92.1519333333333,103.90334999999997,103.36870000000002,92.62976666666658,85.24346666666648,78.95378333333325
2024-07-13,76.93693333333329,75.01653333333343,73.58319999999985,75.3902500000001,81.71031666666687,88.91618333333335,81.19400000000013,65.74951666666662,49.54226666666677,39.1755333333333,34.841116666666736,31.022383333333302,25.769483333333326,22.259849999999997,22.686066666666672,29.51293333333332,40.97279999999999,62.43034999999995,87.01975,103.07361666666674,101.72909999999986,92.18215000000004,84.44821666666665,76.3274333333332
2024-07-14,80.09090000000002,77.37533333333332,76.6908833333332,76.90113333333339,79.83856666666671,81.11601666666681,62.85181666666654,44.806566666666654,30.08703333333336,21.48478333333333,17.826183333333326,15.359633333333328,12.446716666666697,9.773783333333334,9.569033333333302,12.374349999999994,21.529316666666677,46.05228333333334,78.70099999999988,97.33770000000001,99.5472499999997,90.1744833333333,81.36388333333339,72.87064999999988
2024-07-15,74.68980000000006,73.73136666666679,71.32328333333326,73.38044999999997,80.86965000000014,92.54609999999978,84.49758333333347,61.10893333333331,42.69725000000004,33.10856666666662,28.909366666666685,25.937049999999953,21.98816666666668,19.411533333333377,19.125716666666694,25.773066666666637,35.19408333333338,55.40893333333342,83.37643333333345,100.09746666666676,98.94281666666663,85.67741666666673,80.45954999999996,73.06511666666675
2024-07-16,84.27774999999993,82.82176666666663,82.45219999999985,83.78656666666672,92.08543333333355,102.32606666666659,92.14640000000007,75.1048500000001,56.18291666666664,47.325433333333386,42.68899999999996,37.75391666666663,33.87259999999999,30.94963333333334,31.134200000000025,37.64966666666667,50.31411666666675,70.19865000000007,94.29961666666668,109.69821666666658,109.39713333333329,97.86769999999996,94.27895000000007,87.84281666666661
2024-07-17,88.91434999999984,88.06436666666661,86.31976666666647,88.20311666666662,94.93578333333342,103.21973333333331,97.9038000000001,83.33386666666674,68.56149999999998,60.185600000000036,56.17548333333335,52.521733333333295,48.07611666666665,43.780849999999944,43.767866666666755,50.464733333333385,60.86086666666667,80.32068333333324,100.23688333333334,111.71331666666653,110.32221666666658,100.71938333333338,95.18536666666655,89.15659999999986
2024-07-18,97.59579999999978,96.29893333333312,94.46944999999985,96.5273333333334,103.4192,110.83818333333339,110.23688333333348,101.09150000000024,91.44298333333336,83.0789666666666,79.53990000000009,76.58720000000001,73.39613333333335,70.19706666666674,70.7040333333332,76.61356666666676,87.17251666666654,102.73514999999999,116.16550000000002,122.82740000000003,119.76545,112.02265000000007,106.70783333333317,101.2283833333334
2024-07-19,102.31026666666668,100.88719999999988,98.83221666666648,100.25141666666691,106.42813333333346,112.16698333333356,110.8348,101.4391000000003,92.33793333333344,83.0428333333333,79.78994999999995,75.99981666666658,72.38276666666661,70.02789999999996,70.58873333333331,76.51033333333329,86.50728333333332,102.72836666666659,116.87803333333332,123.70148333333319,121.18221666666669,112.57725000000013,107.85714999999995,101.79379999999985
2024-07-20,88.14673333333319,86.74668333333322,84.75713333333329,86.02181666666654,90.69793333333354,95.9125499999999,91.28313333333342,78.37696666666675,65.37205000000002,53.041000000000054,48.248399999999954,42.978466666666606,36.94791666666662,33.09563333333331,33.065083333333334,39.45758333333335,51.848066666666675,74.47424999999981,94.85196666666656,106.26546666666674,105.95425,97.52805000000012,89.06854999999975,81.18739999999994
2024-07-21,49.68528333333329,47.52585,46.51876666666664,47.77636666666659,51.76829999999986,57.99295000000002,48.2065166666665,34.877316666666694,25.284299999999977,18.443533333333324,15.803650000000014,14.262683333333314,11.72443333333334,9.076883333333342,9.099933333333325,13.37631666666668,22.61875,41.79986666666667,70.44200000000002,90.45245000000016,88.91928333333334,77.21478333333334,71.17786666666682,63.689100000000025
2024-07-22,77.95355000000006,76.12451666666665,74.93378333333328,76.95868333333335,84.13501666666689,95.00436666666658,86.66476666666685,69.07446666666671,50.84295000000002,40.839400000000005,37.07726666666668,33.62913333333329,29.94378333333334,27.097933333333344,26.747766666666692,33.14248333333337,45.32481666666674,65.68156666666665,91.59986666666667,107.08248333333346,104.78251666666664,93.35951666666674,90.63103333333336,82.22118333333337
2024-07-23,86.85795000000002,85.83891666666662,84.46459999999988,86.08501666666665,94.04033333333349,103.09819999999999,97.41246666666662,82.46956666666688,67.74410000000009,58.39576666666676,54.12271666666668,50.62859999999999,46.76843333333332,43.510516666666696,42.83165000000005,48.707583333333375,60.25458333333337,78.81444999999984,99.96236666666682,112.48216666666677,111.27954999999994,100.61845000000015,96.59151666666654,89.76293333333342
2024-07-24,91.02096666666638,89.75984999999974,88.53466666666667,90.70684999999999,97.95824999999996,104.94488333333335,102.42093333333342,89.75493333333335,77.37656666666658,70.34355000000004,67.88613333333335,65.57756666666671,61.7002833333333,56.837450000000025,56.1544333333334,62.15235000000002,70.88015,87.4645166666666,104.14350000000005,114.73340000000026,112.00491666666645,103.15973333333356,98.00086666666658,92.5773833333334
2024-07-25,92.9040499999997,91.42079999999969,90.24789999999989,92.96423333333335,100.87368333333346,107.9381000000001,106.63596666666686,94.7335333333332,84.87581666666652,78.08421666666665,76.55865000000007,74.56793333333331,70.21681666666669,64.51213333333334,63.53488333333328,68.33878333333334,75.56958333333343,92.20686666666661,107.53541666666673,116.53286666666689,113.11006666666621,105.23925000000011,100.8942833333331,94.97883333333338
2024-07-26,94.6483333333331,93.82138333333293,92.73014999999977,95.48565000000009,102.68979999999996,108.50416666666679,105.95029999999997,93.5877833333334,84.45531666666665,78.30604999999987,76.8557833333332,74.96126666666666,71.82396666666678,67.58956666666664,66.71094999999987,70.31485000000006,78.27674999999995,94.37456666666661,108.86106666666683,117.60204999999992,115.08573333333317,107.49385000000011,103.59163333333318,98.86798333333319
2024-07-27,95.93814999999998,94.85646666666656,93.3742833333335,94.46961666666692,98.98203333333349,103.14008333333346,95.76221666666662,82.81016666666676,67.36320000000003,56.292716666666735,52.80963333333327,48.6706333333332,44.52101666666669,41.603433333333385,42.022150000000025,47.72638333333333,58.43666666666663,80.0274833333333,100.72438333333326,112.4356166666668,111.54243333333339,103.58080000000037,97.20978333333329,89.69991666666662
2024-07-28,90.63231666666687,88.69058333333324,87.47621666666649,87.85176666666685,91.48578333333339,93.31378333333332,80.0890333333332,61.00736666666658,44.262933333333436,35.12716666666667,30.217616666666704,26.43766666666661,23.706016666666624,21.567183333333322,21.82589999999999,27.72983333333331,39.479916666666725,63.185783333333276,93.4405166666666,110.39376666666658,110.34301666666681,101.09725000000002,93.6445333333334,85.3822333333333
2024-07-29,101.36970000000011,100.25485000000012,100.04166666666669,103.20003333333361,110.12926666666664,117.28246666666683,116.30118333333327,107.07078333333344,95.41966666666671,87.25613333333342,84.29741666666669,81.91861666666658,78.2402833333333,74.59229999999997,74.53015000000009,81.12459999999994,90.21778333333322,108.18710000000021,123.14551666666678,130.71811666666665,125.29391666666677,116.65729999999996,113.57001666666666,107.53730000000006
2024-07-30,101.6722833333332,99.57736666666653,97.02988333333315,98.83743333333342,105.87266666666682,112.78928333333344,112.35981666666669,101.95676666666668,92.50421666666666,85.64883333333343,82.45988333333332,79.0789833333332,74.63374999999992,70.41683333333339,70.06064999999988,75.60008333333332,83.50530000000005,98.25854999999984,114.30693333333333,121.67199999999997,119.68726666666664,109.81383333333356,104.4045666666666,97.79449999999994
2024-07-31,103.56299999999989,101.89949999999999,100.2796666666666,102.43116666666685,109.24875000000004,115.97290000000015,114.70339999999979,103.89258333333356,93.21456666666676,85.09966666666664,82.41871666666658,79.5326499999999,76.16935000000001,72.4519666666668,72.35258333333331,78.59681666666665,87.66816666666674,104.55614999999989,118.98435000000005,128.43268333333353,125.1598000000001,114.2455000000002,109.13268333333326,103.39906666666657
2024-08-01,104.25144999999989,102.98116666666648,101.10725000000005,102.54301666666662,108.76214999999985,114.60025000000046,113.01279999999953,103.16121666666666,93.24489999999999,83.48324999999993,80.32751666666658,77.24224999999998,73.40705000000001,70.20351666666679,69.9094166666665,75.17886666666672,84.61840000000016,100.74571666666638,115.32766666666649,126.18511666666684,123.54465000000009,112.33348333333375,108.64498333333304,102.09599999999985
2024-08-02,104.54813333333307,102.7648499999998,100.71506666666694,101.85694999999987,108.21924999999959,115.5262166666669,115.34244999999945,105.3177333333333,96.39266666666637,87.00891666666662,83.56606666666691,80.97880000000008,76.74405,71.8288333333334,71.08006666666655,75.5636333333333,85.67693333333371,101.77463333333299,116.23251666666661,127.40901666666711,123.69384999999994,112.31075000000014,107.9600833333329,102.31561666666653
2024-08-03,101.4356833333333,99.90531666666641,98.23066666666645,99.32609999999991,103.78201666666664,108.17396666666701,102.19644999999969,88.4443999999999,72.46808333333318,61.80759999999994,57.049050000000015,51.484649999999895,47.57699999999988,43.8275833333333,44.43031666666667,53.78044999999993,66.97705000000005,89.8826166666664,111.78344999999986,123.88991666666656,121.21886666666656,111.79993333333354,106.66846666666666,99.55058333333312
2024-08-04,102.80663333333322,101.46374999999982,99.96071666666684,101.0510000000001,104.22948333333352,105.71923333333368,94.60918333333298,76.32385000000009,52.476016666666574,41.16318333333333,37.16864999999993,32.82523333333328,30.17554999999999,28.945349999999973,31.52101666666673,43.05991666666666,61.908533333333274,88.69458333333336,115.4224999999999,127.61301666666651,125.3321333333332,117.51101666666642,109.27433333333317,102.53133333333315
2024-08-05,104.12794999999993,102.09648333333321,100.8509,103.37905000000009,111.60733333333317,119.32326666666687,120.58126666666654,111.03993333333318,99.16799999999995,89.9793999999998,86.72468333333327,84.51844999999993,81.1988833333333,77.31001666666671,77.58571666666653,82.92386666666663,93.1898333333335,111.13266666666648,125.81938333333343,134.36876666666677,128.26293333333342,118.36031666666676,114.4874333333332,108.10241666666673
2024-08-06,107.65164999999966,106.50434999999979,105.24356666666675,107.3856166666666,113.93426666666628,119.82376666666696,118.56744999999957,109.36044999999989,98.75356666666642,87.6147166666667,84.5574500000001,82.1587833333333,78.73089999999972,75.46126666666672,75.46399999999981,80.10086666666669,89.38396666666694,108.2074499999996,122.90913333333326,133.37181666666663,128.28775000000005,117.68763333333337,112.62474999999962,107.1060166666665
2024-08-07,102.28156666666644,101.61291666666642,99.77361666666644,101.18666666666662,108.24138333333319,116.24713333333351,115.19008333333339,104.90543333333314,92.2388166666666,82.4789,80.00616666666663,76.77246666666672,72.9741999999999,69.21736666666679,69.10769999999982,74.3030833333333,83.78681666666682,102.3345333333332,118.43509999999992,128.0155999999998,124.0856833333333,113.47646666666682,107.83231666666639,101.94846666666659
2024-08-08,99.55319999999965,98.46124999999964,95.69418333333327,98.42981666666687,104.71683333333321,113.10746666666668,111.62846666666663,100.20986666666664,89.03283333333319,82.52789999999979,80.70276666666669,78.32149999999996,75.40858333333337,71.61866666666663,70.95058333333323,75.20216666666671,82.81458333333346,98.65684999999989,114.81196666666663,124.64591666666686,120.35029999999975,111.81576666666689,107.18864999999975,101.66529999999999
2024-08-09,104.96494999999963,104.81169999999979,103.02843333333333,104.82243333333335,110.02791666666647,115.6082833333333,112.52294999999987,103.36889999999994,91.8574333333331,82.69226666666657,80.43736666666682,78.20886666666676,75.30368333333337,71.96916666666671,71.70421666666647,76.6288833333334,85.88105000000023,102.21716666666646,116.46143333333312,128.52893333333353,124.16770000000004,114.22641666666678,111.10824999999956,107.05741666666641
2024-08-10,99.1908166666666,98.40936666666644,96.85659999999994,97.74999999999984,101.21328333333344,104.48778333333354,95.895283333333,79.12393333333344,60.03663333333333,49.95824999999999,44.46354999999999,38.992366666666605,35.4234666666666,33.13821666666657,33.41158333333337,40.6049833333333,56.70666666666674,78.49433333333323,105.30426666666676,118.45575,116.12538333333318,107.83511666666666,100.7753166666665,93.88513333333314
2024-08-11,100.88803333333318,102.45866666666663,101.05390000000006,101.85464999999992,104.01733333333364,105.1930333333335,91.93013333333309,67.05248333333336,34.29464999999989,23.30570000000002,19.920666666666634,17.859149999999957,16.672099999999997,14.270383333333326,15.24001666666665,25.20488333333323,51.794316666666546,78.19566666666657,111.40221666666669,125.95165000000009,125.3174333333333,116.63938333333297,109.12473333333281,103.50486666666636
2024-08-12,103.10499999999973,102.72888333333326,101.53828333333344,104.2030000000002,111.38318333333315,118.36270000000009,116.31950000000006,106.5372333333333,93.35743333333315,84.36828333333308,81.57586666666677,79.59885000000003,76.87741666666653,73.87286666666668,73.96784999999987,78.79893333333345,88.17631666666682,107.69884999999981,121.98295000000007,133.58833333333317,127.47243333333357,117.34681666666654,113.60149999999989,108.36935000000004
2024-08-13,106.66453333333304,106.99541666666654,105.91739999999986,109.19978333333343,115.79174999999987,121.7622666666669,118.91963333333335,109.61211666666652,99.32369999999992,89.41783333333323,86.83009999999982,85.26426666666673,82.83954999999993,80.5107166666666,81.03648333333304,85.59243333333342,94.82203333333369,113.39294999999976,125.15936666666644,133.39935,127.70880000000017,119.39056666666661,115.12058333333327,110.20088333333328
2024-08-14,103.60291666666635,103.17523333333301,100.58564999999994,102.04898333333327,107.79241666666643,114.43910000000015,112.08954999999982,102.09883333333316,89.00883333333309,79.82583333333326,77.4579166666668,73.58756666666667,69.49574999999992,64.77133333333335,64.47851666666656,70.22304999999996,79.11963333333341,95.67799999999984,114.42078333333316,125.68015000000004,122.44358333333315,111.59370000000013,107.77861666666625,101.34754999999986
2024-08-15,65.73605000000002,63.26908333333322,60.88451666666662,62.105383333333315,67.41773333333339,74.21021666666667,73.52778333333335,62.857300000000016,50.03703333333332,41.41671666666663,37.238666666666596,34.39681666666663,31.04623333333334,26.924683333333366,26.389633333333318,33.20371666666664,45.8439833333333,68.7619333333333,92.26070000000006,103.25638333333373,99.5586333333333,89.33266666666671,82.46599999999992,74.75054999999983
2024-08-16,90.70236666666656,89.7213333333333,88.30464999999995,91.57528333333349,98.87938333333341,105.65291666666673,100.13334999999994,83.50198333333327,66.06021666666662,57.77073333333329,54.519900000000035,51.634449999999994,48.16633333333335,44.086399999999934,43.27996666666671,48.97741666666657,62.106099999999884,84.5927666666665,108.78593333333319,120.7515833333335,115.64966666666668,106.19063333333332,102.59396666666646,96.44310000000006
2024-08-17,101.14278333333338,101.19469999999981,99.90424999999999,101.36676666666663,104.29941666666669,106.60508333333357,97.61024999999977,78.1617833333334,51.65504999999994,40.498533333333334,35.71878333333324,32.43868333333323,30.095366666666656,27.05561666666665,28.08950000000008,37.24768333333326,58.419883333333246,86.69853333333337,112.69974999999991,124.49015000000004,122.80721666666665,114.17256666666654,106.94143333333314,100.3701166666664
2024-08-18,94.05640000000008,93.4482166666666,92.06683333333329,92.26598333333335,94.85096666666671,95.75386666666668,82.80258333333326,60.60683333333329,37.05589999999996,27.301650000000013,22.67448333333336,19.615933333333334,17.400616666666675,15.12928333333333,16.0658,23.329266666666665,40.37479999999995,67.90093333333341,98.2981999999997,112.8801,112.63441666666655,103.022133333333,96.30769999999976,88.90369999999997
2024-08-19,80.07876666666657,78.37473333333347,77.63668333333317,81.55255000000008,90.33460000000005,100.73079999999989,98.18505000000009,82.22080000000001,66.83996666666668,59.443733333333306,57.15886666666674,54.28126666666666,50.38940000000005,46.335533333333295,45.37518333333338,51.83240000000001,63.205450000000006,84.90436666666649,106.67920000000005,117.48810000000007,111.79806666666678,102.42845000000015,98.82069999999986,92.7211166666668
2024-08-20,102.96569999999979,101.80636666666656,99.33078333333307,100.97213333333332,108.0823833333333,116.15933333333354,116.42153333333316,107.41563333333306,94.59949999999992,85.33926666666656,81.55520000000001,78.27010000000001,74.14184999999993,70.10113333333335,69.34398333333316,74.61285000000005,83.23575000000011,101.00713333333329,117.71683333333341,126.04050000000001,121.26431666666666,110.81608333333328,104.7507166666665,97.10233333333329
2024-08-21,86.97903333333328,85.5795999999999,83.53433333333327,85.50825000000002,93.12955000000002,101.99783333333336,100.06383333333348,86.8459333333334,71.77359999999996,63.64969999999999,60.08641666666664,56.84209999999998,52.80799999999996,49.045233333333265,48.77973333333339,55.9181,68.44439999999986,87.30668333333328,106.99025000000012,118.01188333333353,113.54996666666673,103.45796666666679,98.94484999999997,93.46999999999996
2024-08-22,106.15416666666667,104.79009999999995,102.88284999999998,104.09766666666675,108.95978333333343,114.68856666666693,113.06386666666639,102.26283333333338,83.55398333333338,71.80899999999995,67.38641666666662,63.52214999999999,59.83739999999988,57.50918333333324,59.70465000000005,68.48755000000006,84.01733333333328,107.52300000000004,127.94505,135.69295000000005,127.95973333333333,117.90399999999977,111.75056666666666,104.53599999999969
2024-08-23,108.06119999999991,107.16489999999988,105.5651,107.55028333333351,114.57768333333331,121.64991666666683,120.21009999999993,109.41316666666683,96.34949999999989,85.08788333333328,81.01768333333325,78.34168333333332,74.83021666666656,71.67689999999999,72.26581666666664,79.58491666666673,93.01975000000009,112.25483333333332,128.5433166666667,136.6678166666666,129.3389666666668,120.18766666666674,115.21249999999998,109.25696666666673
2024-08-24,103.11613333333311,102.90639999999988,100.12955000000012,100.77733333333332,104.14979999999994,108.26738333333374,102.66678333333321,85.4062166666667,61.961666666666595,49.64986666666661,45.239083333333234,41.5593166666667,37.71313333333334,34.61563333333333,35.2095166666667,43.5642666666666,61.538249999999955,87.5666166666666,113.99479999999974,124.95298333333346,121.1967833333333,111.13529999999996,103.12571666666636,94.74403333333312
2024-08-25,52.10529999999995,50.82433333333331,48.64298333333317,49.164216666666476,52.642883333333224,57.99886666666657,50.56903333333329,33.67738333333333,23.478499999999993,17.369433333333333,15.277699999999989,13.52016666666662,10.385266666666675,7.992349999999985,8.410049999999988,12.976983333333335,21.94666666666667,46.89153333333339,76.96336666666663,96.76738333333346,94.43660000000018,84.44826666666694,79.44018333333334,71.28055000000009
2024-08-26,81.54725000000005,79.47843333333331,79.08044999999993,82.24811666666682,91.10788333333325,104.5199666666665,104.13066666666656,91.8285833333335,74.70429999999993,66.7536666666666,63.71631666666671,61.24756666666666,57.926500000000054,54.39991666666652,54.67106666666671,62.10431666666655,76.805,95.27269999999992,114.21010000000017,125.31933333333345,116.7698833333333,106.63375000000012,102.62749999999978,95.5870166666665
2024-08-27,108.6279833333333,107.96711666666673,106.24914999999994,108.42995000000019,115.06543333333323,122.12826666666685,120.40756666666661,110.0766166666668,98.23438333333321,87.87503333333346,85.12674999999997,83.22233333333325,80.1723666666666,77.19206666666663,77.00218333333333,83.36540000000001,94.26635,112.26284999999994,126.0564333333335,135.10904999999985,127.9756500000001,118.27383333333331,114.33186666666661,108.63934999999995
2024-08-28,107.170783333333,106.27624999999993,104.2859833333334,105.43188333333337,111.20018333333316,118.16293333333351,115.50056666666666,105.03641666666668,91.30199999999996,79.98631666666672,76.80448333333327,74.42698333333333,71.13806666666662,68.37595000000003,69.11856666666662,75.68501666666674,88.22958333333342,107.42184999999974,122.12863333333308,132.40229999999994,124.95151666666658,115.31628333333332,110.16004999999979,104.32840000000004
2024-08-29,104.82931666666659,103.31544999999991,101.8220166666666,104.09108333333329,112.90481666666659,121.23551666666654,123.20935000000007,114.2895166666665,102.25969999999994,94.10491666666655,91.33856666666664,89.86890000000001,87.15324999999987,85.05398333333322,86.35755000000002,93.14053333333328,104.00333333333346,118.81654999999994,131.58751666666663,135.0280333333332,127.84958333333346,119.38191666666663,116.2280500000001,110.25335000000001
2024-08-30,111.1816833333332,110.02546666666645,108.54023333333312,110.46965000000002,118.62068333333336,125.94761666666653,126.47251666666664,117.32286666666663,105.78401666666649,97.45459999999986,94.76939999999988,93.13279999999993,90.70074999999981,88.70001666666667,90.21846666666653,95.78873333333324,105.92858333333334,121.07136666666658,133.28295000000014,137.95306666666667,131.48401666666638,123.40638333333334,120.19664999999993,114.62483333333347
2024-08-31,110.49758333333331,109.38629999999995,107.89814999999986,108.93491666666677,113.96825000000004,118.32666666666677,115.77033333333323,103.19320000000015,85.4068,74.11683333333326,70.21309999999998,67.54460000000005,64.35999999999996,62.72099999999994,66.57176666666669,77.78095000000009,92.97919999999995,114.07495000000013,130.8620166666666,136.6968333333335,130.31146666666683,123.71328333333328,118.51708333333323,111.84171666666657
2024-09-01,121.13205000000006,118.65706666666661,116.50985000000003,116.66650000000008,120.22999999999985,122.39028333333333,121.58701666666659,112.86175000000003,97.6461166666668,86.88666666666661,83.10966666666648,81.2656,78.24555000000012,75.29258333333327,77.95891666666674,86.61330000000011,104.15985000000005,125.9102666666668,142.6063666666666,147.46216666666655,140.0589499999998,131.14731666666665,125.76403333333354,119.18788333333316
2024-09-02,116.30795000000006,114.28000000000004,113.19648333333323,116.0003833333335,123.60288333333347,130.82998333333344,132.38248333333343,122.75409999999994,109.97391666666675,100.21664999999997,96.98028333333329,95.54135000000001,92.51643333333325,90.22093333333318,91.53121666666665,99.49496666666656,110.69551666666686,127.49843333333355,141.6305833333336,145.38365000000005,137.01676666666677,127.62651666666648,124.83224999999996,117.93410000000013
2024-09-03,110.4862166666665,109.46174999999988,107.5896999999997,109.20349999999995,117.34089999999993,124.80133333333336,124.22501666666666,115.19768333333319,102.48916666666668,91.79443333333326,88.69866666666672,86.7719666666666,83.39111666666676,81.09065,81.78541666666648,88.30901666666676,98.38893333333357,115.81461666666662,129.24340000000004,135.54668333333316,128.50581666666656,119.99144999999999,115.64916666666659,108.98395000000025
2024-09-04,100.0155999999997,98.80451666666636,96.17351666666652,97.83961666666663,105.27333333333317,114.83138333333353,114.8998500000001,102.96036666666666,88.54041666666666,80.22066666666649,77.85948333333343,75.8427333333334,72.06314999999994,68.4029833333333,68.24999999999991,74.31660000000016,84.29725000000002,102.16233333333324,119.45984999999986,128.17713333333327,122.33888333333311,112.01640000000009,105.76331666666638,98.22478333333333
2024-09-05,93.8930166666665,92.84103333333302,91.64001666666653,93.97150000000003,105.05233333333305,116.02685,119.1335166666667,108.81126666666654,94.25798333333309,87.11221666666647,84.56646666666674,83.85466666666653,81.99468333333324,80.14448333333321,80.94936666666666,87.04244999999995,99.18634999999983,114.75821666666663,129.07895000000008,133.68468333333306,124.61656666666664,115.68108333333335,112.72109999999974,106.21573333333338
2024-09-06,102.82054999999971,102.10658333333336,99.5358,101.40766666666673,110.17506666666641,118.89131666666685,119.28890000000004,106.74249999999975,91.29953333333324,83.25721666666664,80.4142666666668,78.12511666666667,74.59734999999993,71.22628333333334,70.87275,75.86875000000006,87.19920000000005,107.04748333333323,123.32541666666661,130.24003333333346,123.25533333333352,114.05259999999994,109.89999999999985,103.3691666666666
2024-09-07,97.00306666666657,94.9085999999999,93.2648,94.94168333333333,101.80151666666663,108.06615000000008,104.31084999999996,88.03188333333321,70.74028333333334,61.46336666666659,57.53813333333332,54.83748333333337,50.93065000000007,47.65971666666658,49.30461666666661,57.229433333333205,72.30678333333326,97.24350000000005,118.20894999999975,126.79241666666688,120.60286666666653,112.04793333333335,107.59496666666642,100.58010000000003
2024-09-08,105.59793333333327,103.49744999999974,101.12736666666675,101.44043333333326,104.83195000000002,106.49783333333355,100.29006666666646,83.02174999999988,60.83595,47.64733333333329,42.34514999999993,39.12179999999996,35.799049999999966,32.54424999999991,37.54563333333333,50.16216666666655,70.22173333333329,99.63963333333342,122.97464999999977,130.81844999999998,125.69526666666648,117.27775000000004,110.49964999999992,102.82648333333307
2024-09-09,95.68176666666646,93.51006666666672,91.66483333333338,95.09146666666676,104.93318333333318,115.98888333333339,115.38588333333341,100.07314999999991,81.83901666666658,70.42829999999992,66.73241666666668,64.49676666666666,60.603666666666676,55.68539999999991,55.313283333333345,64.04289999999997,78.89271666666673,102.41969999999992,122.98133333333313,132.40119999999993,122.39293333333342,112.42763333333336,108.64273333333325,102.1496666666666
2024-09-10,97.30129999999976,95.72234999999992,93.19384999999993,95.32635000000018,103.40283333333315,112.55658333333352,110.59913333333323,96.0723666666665,76.71813333333321,66.66594999999991,63.691700000000125,60.3398166666667,55.38951666666663,50.317949999999904,49.511933333333445,58.576683333333264,72.75555,95.97524999999996,113.80238333333318,124.67661666666667,117.6732,107.71568333333359,105.51576666666654,99.30774999999981
2024-09-11,82.28719999999986,80.65369999999997,78.80986666666657,81.03411666666675,89.50026666666669,100.40559999999992,97.90153333333335,81.00263333333335,61.612399999999994,50.17571666666666,45.40068333333335,43.40598333333337,38.09653333333335,34.45056666666669,34.60265000000005,44.67736666666656,60.181050000000006,82.95359999999968,103.84204999999989,117.56816666666676,111.56523333333352,101.32883333333339,95.9676166666666,89.94776666666658
2024-09-12,91.25864999999983,90.80553333333296,89.46771666666636,92.09245000000003,99.7344,107.71391666666676,106.11478333333312,92.34931666666661,71.97063333333324,59.896549999999905,55.586966666666754,53.181100000000136,47.70283333333343,41.11395,39.458216666666715,50.85459999999999,66.28588333333327,90.27179999999977,108.1979666666666,117.21053333333344,111.68248333333334,103.74460000000016,98.7301166666664,93.31924999999998
2024-09-13,74.5612833333334,72.99094999999998,71.11688333333326,72.85198333333335,79.20391666666674,89.50035000000017,85.2502,67.40555,48.110649999999985,36.83053333333333,32.02381666666668,28.654433333333326,24.535933333333364,20.103450000000013,18.943283333333355,27.524749999999987,41.28903333333336,61.86868333333332,86.29700000000011,100.8185000000001,97.56341666666673,86.52241666666662,81.28143333333328,74.27861666666676
2024-09-14,46.952983333333265,44.89244999999998,42.170799999999936,42.56836666666657,47.335449999999945,54.960466666666605,51.92954999999989,39.12820000000002,28.673349999999996,21.023849999999985,18.82598333333334,16.84896666666665,14.816099999999967,12.577883333333329,12.898049999999982,17.540650000000007,26.718350000000033,51.62528333333333,79.26830000000001,96.65625000000023,89.20898333333331,77.94840000000002,73.72224999999999,66.72918333333335
2024-09-15,52.59688333333331,50.422516666666645,48.011599999999994,48.78169999999994,52.7181333333332,55.13283333333325,47.463916666666556,30.84878333333335,18.935666666666684,12.456183333333348,11.118683333333323,9.26094999999998,7.3716,5.653699999999991,5.729616666666662,10.006933333333313,19.063100000000006,42.02214999999998,67.88208333333331,85.21828333333349,82.5206499999998,71.91824999999997,66.77195000000003,60.145916666666636
2024-09-16,21.694816666666714,19.888033333333325,18.771800000000017,19.757716666666653,25.067500000000045,36.18099999999999,43.59826666666668,38.852066666666666,25.979400000000012,18.984500000000015,16.203483333333345,14.162733333333318,12.789683333333317,11.759000000000007,11.659949999999997,15.86548333333334,25.18478333333338,41.40318333333333,62.463866666666654,73.5047833333332,65.78513333333339,53.70288333333334,49.274816666666595,44.79563333333331
2024-09-17,20.895816666666676,18.842233333333347,17.282666666666685,18.59769999999996,28.230766666666703,40.59754999999995,45.8073166666666,38.0921833333333,20.123766666666665,12.86790000000001,10.654533333333337,9.485750000000001,8.541133333333335,7.813283333333337,7.88488333333334,11.52246666666669,24.276216666666727,42.945133333333345,64.5346500000001,73.9980666666665,62.119416666666666,48.67966666666666,41.07781666666658,35.21960000000001
2024-09-18,64.38961666666674,62.82496666666666,62.63919999999996,64.85490000000009,74.2382833333334,88.34363333333337,86.52893333333323,71.65061666666666,54.065783333333265,43.60226666666658,40.08784999999995,37.25925000000001,34.20066666666664,30.999899999999972,31.37918333333332,38.07853333333333,52.45821666666666,73.54686666666662,97.06715000000007,111.57690000000026,101.04471666666672,88.8586833333335,83.72496666666673,76.47153333333318
2024-09-19,90.34934999999996,88.50826666666651,86.9806499999999,88.13753333333337,95.5680833333333,104.78115000000018,109.89785000000006,106.61038333333344,95.0913333333333,87.61311666666657,84.09378333333322,82.3148333333331,80.15329999999993,77.72061666666661,78.73949999999995,85.32516666666665,96.75833333333317,110.2796666666667,120.62455,123.31241666666664,114.86584999999992,106.07131666666677,101.31463333333319,96.03209999999999
2024-09-20,103.11083333333325,101.32946666666666,99.1727333333334,99.7479166666667,107.26441666666655,116.93931666666688,121.70693333333327,117.49673333333332,106.57223333333351,98.35114999999993,93.65831666666686,91.1347166666666,87.84619999999997,84.61990000000002,86.22453333333357,93.68773333333323,105.42231666666652,120.0902,131.20808333333335,131.5106500000001,123.18568333333349,114.6021833333335,110.13803333333327,104.4137166666665
2024-09-21,98.62696666666666,96.24464999999991,93.94071666666675,93.51271666666676,97.8909833333332,102.84495000000013,103.14411666666672,97.63493333333344,85.08555000000007,75.06549999999993,69.7090333333333,67.73188333333331,64.7976499999999,60.92126666666658,64.65360000000007,74.7335333333333,90.76388333333325,108.7768833333332,122.08246666666676,125.86863333333362,120.30758333333328,111.14006666666661,105.74529999999996,98.95201666666655
2024-09-22,95.12871666666652,93.47028333333321,91.21293333333328,91.49504999999984,94.06988333333344,94.48481666666679,90.09089999999993,80.21195000000009,62.342066666666746,50.986316666666745,45.61953333333329,41.337700000000005,36.731133333333304,30.92376666666664,34.02235000000004,45.281733333333314,64.29349999999992,92.21609999999987,111.78658333333345,121.2185333333333,116.5038499999999,107.13363333333318,100.12348333333338,92.32185
2024-09-23,89.38838333333332,87.60790000000001,86.12236666666678,87.83363333333348,94.93793333333332,104.05771666666683,104.48468333333328,95.45616666666683,80.59848333333332,69.43613333333329,65.01244999999989,61.10174999999995,56.42068333333333,52.0072499999999,52.29988333333332,60.12825000000002,73.36129999999997,93.60558333333321,112.16183333333335,120.38325000000007,113.0259833333333,103.3771333333333,96.59659999999998,89.0807333333333
2024-09-24,91.44321666666652,90.03906666666654,88.57248333333334,88.93733333333344,95.04408333333328,104.68440000000024,110.07193333333336,104.83074999999997,92.61654999999996,82.83811666666669,77.44303333333333,74.48446666666659,70.99485000000003,66.5546166666666,69.32190000000013,78.20014999999995,93.2088500000001,108.83938333333336,124.38929999999988,127.55701666666675,115.16543333333343,106.37546666666677,99.34888333333315,93.64054999999998
2024-09-25,80.60096666666655,78.78814999999987,76.44356666666653,77.83204999999981,85.61810000000004,97.26746666666668,100.32671666666666,89.56016666666666,72.0198166666666,61.19869999999998,55.762433333333306,51.87755000000002,46.200083333333296,40.989283333333276,40.59483333333332,48.955833333333366,62.680433333333326,83.68261666666656,103.37408333333325,110.26955000000021,103.74613333333325,92.62649999999992,84.76568333333333,77.21089999999991
2024-09-26,18.535066666666676,15.520033333333355,14.08118333333332,14.52258333333331,22.190250000000038,33.80356666666669,48.46781666666669,51.51206666666665,38.81008333333335,30.705583333333344,26.845983333333344,24.16495,22.31225000000001,20.641783333333304,21.199533333333306,28.110950000000006,42.886633333333414,60.62926666666657,75.51076666666663,78.8822999999998,67.91536666666673,57.12520000000003,44.59731666666665,39.53391666666664
2024-09-27,15.095133333333346,13.180249999999994,11.816166666666652,12.50671666666665,20.80678333333334,32.64325000000002,42.37948333333337,38.875083333333414,22.49948333333335,16.84251666666668,14.673016666666669,13.245566666666663,12.418499999999991,11.888500000000015,11.954083333333347,16.242083333333323,28.1894333333334,47.55836666666661,68.69321666666669,76.46428333333326,64.89725,52.92698333333343,43.61196666666668,41.25856666666666
2024-09-28,72.47816666666677,69.64773333333329,68.96546666666666,69.42441666666669,74.75233333333335,81.01373333333342,73.32969999999995,57.79368333333337,41.87361666666671,32.04281666666668,28.611216666666643,25.636250000000036,22.065833333333337,19.43411666666667,19.866566666666653,26.213733333333355,37.24126666666662,61.90281666666666,86.53575,99.61270000000002,94.66754999999975,84.80841666666666,76.54839999999996,69.1277833333332
2024-09-29,73.7694666666667,70.91585000000002,69.71703333333328,69.92396666666673,73.24120000000009,77.15825000000012,65.0650333333333,45.332233333333185,29.12610000000002,20.383466666666646,17.802066666666665,15.360916666666672,12.975050000000008,10.975000000000012,11.05585,15.78978333333329,29.71273333333335,60.437233333333324,87.27593333333343,101.10360000000004,98.23041666666644,87.97015000000003,79.98666666666655,72.14384999999984
2024-09-30,78.01860000000009,76.18896666666667,74.88409999999993,77.5749333333334,85.9339833333334,99.47998333333341,98.46568333333329,84.85485000000011,66.21914999999994,56.33106666666665,52.449616666666515,49.131250000000016,45.438199999999995,40.69548333333327,40.938199999999995,49.36918333333339,63.034283333333356,85.07524999999993,107.48434999999992,117.44690000000021,107.7993666666666,96.99566666666674,91.6697499999999,84.83568333333328
2024-10-01,98.7091000000001,96.72396666666656,94.8391,97.01870000000004,106.78031666666642,118.66081666666689,121.10089999999994,109.88650000000014,93.79548333333328,81.86433333333328,76.84171666666658,73.53226666666669,68.93034999999998,65.3344833333333,66.82496666666664,76.53258333333332,91.91010000000001,112.87575,130.75464999999988,135.68235,123.37993333333351,112.39281666666668,107.40156666666672,100.62010000000001
2024-10-02,92.24246666666664,89.91848333333337,88.12601666666652,88.40436666666659,96.12686666666659,107.9178166666669,113.46209999999986,106.66135000000003,92.42225000000008,80.33626666666657,74.12551666666671,70.78351666666671,67.32158333333328,64.51646666666655,65.67435000000005,75.00093333333346,89.15063333333329,109.00490000000019,125.31524999999993,128.5394,115.74466666666677,105.29029999999996,97.77221666666651,90.40339999999996
2024-10-03,48.56608333333341,45.88685000000004,43.5192333333333,44.18656666666662,50.34900000000003,60.32149999999994,67.21351666666668,63.658483333333386,50.38519999999997,41.06003333333329,34.65899999999996,31.24543333333333,27.704816666666677,24.530750000000022,26.234083333333402,34.44798333333329,48.82514999999995,65.67141666666659,84.97401666666678,93.54401666666689,84.65878333333356,71.33650000000002,61.05088333333333,52.019266666666745
2024-10-04,87.09289999999996,85.32304999999985,84.45459999999987,85.7193666666667,93.70381666666667,104.70226666666684,106.89383333333328,98.18206666666667,81.9256166666667,70.21323333333335,64.75201666666663,61.676166666666724,57.7519,53.814216666666596,55.84131666666674,65.33401666666673,80.09386666666668,100.10640000000005,119.37351666666665,126.63220000000038,113.36033333333353,103.3977666666667,96.03499999999991,89.08335
2024-10-05,87.25008333333334,84.52203333333323,81.8927166666667,81.89203333333329,84.75125000000011,87.75608333333344,80.33789999999995,67.22038333333343,50.80958333333332,39.7701166666667,33.65446666666672,29.6778166666667,25.705966666666622,22.69553333333333,23.74271666666664,30.49711666666666,45.37283333333328,74.6837666666666,98.45223333333328,108.3004166666667,105.0025166666665,95.9725499999999,85.73584999999987,77.19661666666651
2024-10-06,31.750749999999982,28.871350000000003,27.144033333333347,28.137683333333303,30.316566666666702,33.203216666666606,31.055699999999998,22.809033333333367,15.09876666666667,11.051950000000012,9.088166666666664,8.006183333333327,6.9689499999999995,6.110899999999994,6.266599999999992,10.510099999999982,20.93366666666667,40.61758333333329,61.640450000000044,74.78271666666664,69.78709999999995,59.06331666666672,55.22651666666665,48.10464999999996
2024-10-07,43.012900000000045,40.30836666666661,39.46619999999996,41.42156666666661,49.10208333333334,62.75688333333327,68.32368333333324,61.05575000000002,45.799166666666665,36.86708333333327,32.93583333333334,30.005000000000024,27.024533333333356,24.58474999999999,25.619700000000012,32.485133333333316,45.81025000000001,65.85435000000001,86.53925000000011,96.88398333333339,84.48166666666683,72.26928333333339,66.54786666666662,59.43823333333329
2024-10-08,22.068616666666706,18.85470000000001,17.14153333333328,17.84194999999998,27.692466666666714,41.170549999999935,51.2737833333333,48.217533333333385,29.39219999999998,22.475033333333297,18.62508333333334,15.936900000000005,14.807533333333325,13.603933333333336,14.187499999999995,19.024866666666668,34.197000000000024,54.10293333333319,70.65583333333339,75.17613333333331,63.43218333333333,52.59106666666677,40.26783333333332,36.64063333333333
2024-10-09,15.628683333333326,13.202933333333327,11.69284999999998,13.019383333333325,21.36346666666667,33.15413333333326,42.06166666666664,36.13505000000013,20.670016666666683,14.593916666666674,12.161733333333313,10.760516666666671,10.040716666666667,9.311399999999988,9.45783333333334,13.13094999999999,27.89305000000001,46.84296666666663,65.46653333333326,69.69763333333343,57.24535000000011,46.36048333333337,39.05905000000003,36.76406666666664
2024-10-10,34.51296666666665,31.070349999999962,30.031383333333366,31.261366666666625,37.85536666666663,49.98436666666655,57.78009999999991,53.37431666666664,40.52891666666667,32.421166666666686,29.040083333333385,26.10421666666667,24.527683333333346,23.71686666666669,24.79516666666667,31.793333333333358,46.177933333333385,63.743016666666605,83.85131666666676,94.58781666666677,79.84170000000016,66.7769833333333,60.48673333333328,55.04668333333323
2024-10-11,92.66873333333322,90.21199999999997,88.19366666666673,89.13744999999989,96.68394999999997,108.5983666666669,116.44676666666645,113.43320000000011,100.6694333333334,91.18223333333326,85.25773333333326,82.48634999999996,79.37294999999993,76.35621666666668,77.86910000000002,87.57159999999993,102.14146666666653,118.84548333333342,131.89276666666674,129.67728333333312,116.76635,105.65564999999992,99.66906666666658,92.1208166666666
2024-10-12,58.59794999999998,56.128266666666704,54.60398333333334,54.88953333333325,57.74319999999996,62.361066666666616,66.29321666666668,65.4098999999999,57.92355,51.790183333333296,48.1519999999999,45.459699999999884,42.839183333333274,40.46918333333334,40.540199999999984,47.19534999999999,60.55443333333329,76.87331666666667,89.42981666666682,94.77723333333344,88.41593333333324,79.66771666666662,73.68620000000006,66.50660000000008
2024-10-13,62.474649999999926,59.716383333333376,58.27869999999991,57.88993333333335,59.994433333333305,62.50646666666664,64.73173333333331,63.29264999999989,55.80538333333339,47.41834999999998,42.65323333333325,41.115516666666565,38.85513333333332,36.14645000000004,35.773716666666694,43.78661666666667,58.093066666666694,74.06390000000005,87.37883333333349,95.13704999999999,89.3187833333332,78.41014999999999,70.61141666666661,63.3256333333334
2024-10-14,83.88693333333327,81.71344999999988,80.37393333333327,81.39451666666665,87.10676666666656,96.45656666666672,104.12923333333319,100.42098333333355,90.37013333333323,81.20733333333335,76.21604999999988,74.05529999999995,69.96848333333327,66.17246666666652,67.13796666666667,76.07501666666664,87.17058333333347,101.31978333333319,113.07236666666661,116.98291666666667,105.08725000000001,96.0931,89.26344999999986,82.33651666666654
2024-10-15,80.57469999999982,77.49990000000003,75.57341666666657,75.72536666666659,82.61449999999991,94.72163333333343,105.58309999999979,104.75230000000002,94.24271666666668,85.32021666666657,79.62923333333332,76.04379999999985,72.31316666666658,69.70954999999995,70.51753333333333,80.09896666666675,93.33543333333336,109.31871666666659,119.70656666666672,117.43506666666663,106.07816666666675,96.60489999999993,88.52045000000001,80.8067166666666
2024-10-16,47.17210000000007,41.7510166666666,37.950616666666654,41.917716666666585,50.19583333333323,61.6977999999999,71.38094999999991,69.10356666666671,54.70039999999997,44.983016666666636,38.59053333333329,34.413616666666655,30.42613333333333,26.948866666666717,28.844966666666725,41.12943333333331,57.38728333333335,76.13921666666656,92.91355000000028,98.03468333333373,85.60531666666681,72.93623333333335,63.616899999999966,55.332800000000034
2024-10-17,71.7023166666667,69.42513333333339,66.8204333333332,67.88163333333323,74.69164999999997,87.05771666666669,88.05396666666667,73.38490000000006,54.001066666666674,43.55361666666661,37.734033333333294,32.86943333333332,28.465566666666668,24.195999999999994,24.334150000000015,32.87233333333331,46.858266666666644,69.53336666666664,91.76658333333344,99.35821666666689,92.86635000000011,81.91714999999999,72.89378333333335,65.2597333333333
2024-10-18,38.58676666666669,34.96008333333329,33.65458333333337,35.35174999999998,42.51276666666669,54.217483333333284,61.637499999999925,55.17303333333337,41.73141666666667,32.19041666666669,28.110516666666676,25.365783333333333,23.29539999999996,21.511133333333362,22.479033333333348,30.112633333333342,45.64725000000004,65.33498333333324,83.76835000000024,93.9394500000003,81.18383333333352,69.19935000000001,61.23331666666664,54.16708333333331
2024-10-19,57.233183333333365,54.84753333333327,53.29703333333334,53.58146666666663,57.38936666666661,63.51035000000004,68.69223333333326,65.74773333333329,55.86038333333336,47.26263333333331,42.93119999999996,40.523350000000086,37.60728333333334,35.78614999999995,36.12093333333336,44.57078333333341,59.700333333333376,77.99848333333335,92.19150000000019,97.11570000000009,89.20914999999995,78.91440000000003,71.23363333333339,64.07433333333324
2024-10-20,43.47686666666668,40.29369999999998,39.03411666666668,39.44346666666657,42.66039999999992,46.828516666666566,48.54226666666664,43.447983333333326,34.81121666666674,28.335299999999982,25.083750000000006,22.860316666666677,21.010449999999985,19.638233333333332,19.73003333333333,27.31208333333336,42.92031666666668,63.155766666666764,80.41931666666686,86.59121666666664,78.64266666666667,68.23001666666669,62.268883333333335,55.13606666666661
2024-10-21,84.90528333333332,82.99609999999991,81.82846666666674,84.7641666666666,93.94406666666663,108.67228333333358,119.01376666666647,109.72525000000026,95.84280000000007,85.00774999999983,79.99996666666648,77.2264666666666,74.57864999999998,71.05839999999996,72.29854999999988,83.84484999999991,100.58763333333333,117.96178333333337,134.68511666666663,130.95836666666662,114.19049999999991,104.03380000000016,99.16063333333328,92.57883333333331
2024-10-22,72.60806666666657,69.74903333333323,67.29043333333333,68.49849999999994,75.68641666666672,88.14755000000002,98.83286666666646,97.06688333333344,85.24764999999998,75.98801666666668,70.52616666666671,67.19976666666653,63.585233333333356,61.15933333333331,62.6899166666667,71.60906666666666,85.37721666666677,101.11231666666669,112.88154999999989,112.76416666666674,100.69145000000005,90.5970500000001,81.81304999999995,74.08723333333336
2024-10-23,76.20914999999997,73.77310000000001,71.84934999999983,72.92349999999989,79.32030000000003,90.5631166666668,99.74474999999984,95.82256666666676,84.12943333333334,75.0471999999999,70.53303333333334,67.87189999999987,64.21258333333327,62.42243333333324,63.60009999999996,71.68064999999997,83.76461666666674,100.27733333333339,113.52848333333316,113.8822333333335,101.9577333333335,92.85636666666666,85.16903333333327,78.13120000000009
2024-10-24,66.39505000000005,64.06771666666667,61.21093333333333,62.808516666666634,69.4040666666667,81.12596666666664,91.42458333333305,85.90501666666671,71.54566666666665,58.5509,53.1297666666667,49.37430000000006,45.787983333333344,43.7621166666667,45.26080000000002,56.143183333333425,71.84625000000008,92.36423333333323,104.98115,105.71578333333348,95.07544999999999,84.80481666666667,74.77226666666667,67.4685000000001
2024-10-25,53.60653333333333,51.25993333333331,49.88713333333338,51.752599999999916,57.43311666666661,66.08131666666672,74.58660000000003,73.25481666666671,63.54441666666662,55.84650000000001,51.40580000000006,48.81636666666668,45.665216666666595,43.48378333333332,45.11689999999997,53.265649999999994,66.48928333333345,82.69703333333351,94.42270000000012,96.55666666666686,86.72618333333345,77.70863333333338,70.99761666666672,64.10565000000007
2024-10-26,54.76718333333329,52.218250000000026,50.9936833333333,51.2084499999999,55.17156666666667,58.97061666666662,62.97968333333336,61.45083333333332,53.68983333333333,46.9016,43.441983333333354,41.07024999999999,38.11053333333332,35.388400000000026,35.12848333333331,42.54195000000004,56.64058333333333,73.06865000000009,85.21450000000023,91.31414999999996,83.95043333333332,75.0147166666667,68.23239999999991,61.76390000000009
2024-10-27,74.55263333333323,72.57503333333325,71.28758333333327,71.60836666666665,74.15576666666671,76.5145,75.76946666666649,70.31655,61.31150000000005,53.09945000000002,49.34693333333328,47.78426666666662,45.21031666666665,41.553966666666646,40.68515000000001,49.137966666666685,64.78728333333332,83.0883,96.73683333333332,103.04451666666677,98.39538333333316,90.15101666666656,83.94839999999994,77.45449999999987
2024-10-28,67.92455000000001,65.02393333333335,62.78351666666663,64.08889999999997,70.95896666666674,82.19434999999989,92.98256666666649,90.92203333333333,80.90793333333318,71.12686666666679,65.99259999999997,62.77108333333329,59.96320000000001,57.918783333333366,58.53318333333331,68.36408333333337,82.78700000000008,100.66545000000012,111.58176666666667,110.7021666666668,100.25290000000005,90.4753499999999,83.06026666666656,75.5158499999999
2024-10-29,68.0480333333333,65.28355000000006,62.69081666666665,63.60484999999994,69.92470000000003,83.1385833333333,97.6507666666666,97.13778333333339,85.29469999999992,74.1143833333334,68.7025333333334,65.42189999999995,62.82718333333333,61.31106666666669,63.07148333333325,74.37651666666675,90.56968333333337,108.5163,115.47158333333316,112.39591666666676,101.19406666666666,90.73481666666675,80.31340000000007,73.08474999999994
2024-10-30,57.734366666666624,54.89648333333332,52.998033333333375,53.83084999999993,59.8458166666667,69.67341666666651,83.21919999999984,88.1887,80.04901666666665,71.2515166666667,66.08164999999988,63.13069999999989,60.63636666666668,59.25856666666663,60.92553333333321,70.61183333333335,85.58831666666663,99.86440000000016,107.2589333333333,106.86768333333333,97.76438333333334,87.93325,79.67613333333327,72.46549999999996
2024-10-31,81.41933333333327,78.4875333333333,76.43951666666669,76.68776666666655,84.3226833333333,96.00936666666674,107.44759999999987,106.5564,96.54456666666668,87.75298333333339,82.97751666666659,80.3051999999998,77.98641666666668,76.34024999999994,77.93429999999994,87.24811666666663,100.60401666666667,115.66210000000001,124.4733499999999,121.5575999999999,109.44153333333328,99.23066666666666,91.20939999999996,85.08646666666664
2024-11-01,88.8788333333332,86.21055,83.47483333333338,82.95778333333317,86.80356666666673,95.31323333333339,102.35125,102.19370000000019,96.0018333333334,87.32716666666654,81.95661666666666,79.51793333333337,76.83409999999994,73.2772,74.28971666666675,84.07139999999994,100.11759999999991,114.64510000000004,121.79924999999993,122.4814166666667,114.45626666666651,103.69713333333327,97.03904999999995,88.43208333333334
2024-11-02,85.79719999999988,83.30928333333325,81.12176666666669,80.7381499999999,81.80026666666666,85.73286666666655,87.12459999999984,84.55240000000008,76.36083333333326,66.06579999999997,59.54441666666655,57.2325333333333,54.8882,51.41768333333326,52.45558333333347,64.05804999999995,81.87489999999995,97.8194333333333,107.10305000000001,111.25241666666656,105.30458333333317,96.50856666666654,90.08851666666656,81.51484999999987
2024-11-03,89.10914999999993,87.20199999999997,85.31385000000014,85.17039999999976,86.34338333333343,88.36878333333321,86.6082833333333,79.63020000000023,68.17348333333341,56.64236666666665,51.43166666666664,50.868266666666706,48.108466666666615,45.003933333333286,45.18891666666672,56.87108333333324,76.92874999999988,95.47021666666647,108.18611666666665,113.26284999999996,109.34494999999976,100.61206666666635,94.85179999999991,86.94700000000006
2024-11-04,85.4863999999999,83.10908333333329,81.4117,82.38458333333318,88.83346666666665,99.93405000000006,111.22566666666644,107.93473333333358,97.26934999999995,87.42596666666655,81.84204999999987,79.67773333333325,77.46281666666655,75.56091666666661,76.56849999999993,88.50706666666665,101.49631666666676,116.8038666666668,127.06908333333342,124.63788333333328,111.26964999999998,101.17090000000007,94.02994999999993,86.6336999999999
2024-11-05,94.74556666666662,92.05023333333344,89.51070000000006,89.6988666666665,95.77396666666658,106.47191666666671,117.71223333333347,119.33383333333349,112.97551666666686,104.27193333333312,98.81348333333345,97.02961666666664,94.24313333333315,91.52813333333329,93.74800000000009,102.63735000000001,115.8366833333334,129.28165,134.52586666666676,130.9703833333334,121.97973333333333,111.88311666666668,104.68064999999996,98.18421666666659
2024-11-06,108.48420000000006,105.47281666666686,103.26899999999998,103.6016500000001,110.73498333333319,122.72693333333312,130.39023333333316,128.02818333333335,116.58931666666697,106.94835000000003,101.23023333333329,99.83153333333316,97.71801666666664,96.36618333333341,98.49435000000027,106.88669999999998,121.45680000000003,139.85499999999982,150.45808333333346,145.22968333333347,134.43686666666662,123.88806666666676,117.93095000000015,113.52408333333348
2024-11-07,105.74871666666685,103.66041666666689,101.5331666666667,101.62511666666671,109.81716666666652,122.49714999999999,131.04833333333315,126.78738333333347,113.54286666666684,103.09169999999982,97.39948333333349,95.26524999999992,93.64889999999991,92.28296666666688,95.43470000000029,106.24303333333334,122.5371333333333,141.22301666666655,152.5575833333334,144.62783333333329,132.68146666666655,122.80049999999999,117.60471666666685,111.57578333333336
2024-11-08,100.01045000000009,97.2541833333335,95.4366333333332,95.08071666666662,102.30499999999996,111.57186666666674,120.63908333333326,120.70226666666679,111.97463333333353,102.95396666666652,96.63176666666675,94.30936666666682,92.41775000000003,91.44818333333338,95.00213333333365,105.52835000000005,119.32471666666686,139.06408333333312,145.41831666666678,139.72511666666654,128.90065,119.40309999999992,112.61500000000022,107.93221666666675
2024-11-09,109.49729999999988,105.6043333333333,102.86036666666669,101.54753333333335,105.60353333333325,111.44229999999992,116.21183333333337,114.99441666666681,105.17491666666687,95.9357166666664,90.41600000000021,88.89685000000011,86.6018666666668,85.2551666666667,88.1942166666669,98.07801666666667,115.46333333333334,132.04186666666655,140.1528666666668,139.27611666666712,131.46526666666654,121.24418333333325,116.28860000000017,110.40186666666676
2024-11-10,102.48170000000002,98.90134999999998,95.62661666666669,94.66423333333339,98.17421666666668,103.39981666666671,104.7998999999999,99.06070000000003,84.26494999999998,73.19383333333327,67.68941666666669,64.88680000000004,62.72480000000002,58.880966666666545,63.15646666666665,76.28165000000011,96.39918333333344,118.10614999999986,130.79289999999992,132.89483333333362,126.01386666666663,116.80133333333312,111.01078333333324,104.29911666666662
2024-11-11,94.52336666666665,91.76943333333337,88.48966666666654,90.25658333333334,98.4994666666665,110.26068333333339,114.75518333333324,104.3625166666666,85.17951666666657,71.03264999999989,64.83485000000003,60.03041666666677,54.40684999999997,48.60259999999987,48.883616666666676,59.567466666666576,78.03373333333329,102.51448333333339,121.65508333333331,125.70163333333325,115.45285000000005,104.60621666666665,98.44443333333332,90.26484999999995
2024-11-12,60.71193333333336,56.73278333333328,53.225016666666725,54.67239999999997,62.95361666666671,77.42603333333318,87.22446666666676,81.5396833333334,65.90973333333332,54.49041666666668,47.33784999999997,43.20620000000003,38.80266666666666,34.77123333333335,36.16411666666674,48.78398333333336,66.48930000000003,86.49949999999994,102.69160000000012,106.96733333333368,98.51273333333347,85.93996666666672,76.1725999999999,67.2208999999999
2024-11-13,92.04444999999997,89.78093333333327,88.04280000000004,89.35509999999998,97.62701666666653,109.31208333333353,118.04414999999982,114.60841666666664,99.87689999999992,89.94874999999985,84.75744999999989,81.95183333333331,78.48198333333333,74.84793333333324,75.61321666666666,84.55781666666668,99.12439999999994,114.63543333333332,127.15835000000001,127.59278333333323,117.63503333333361,106.68731666666685,98.60381666666653,87.76481666666663
2024-11-14,92.10593333333343,89.91203333333331,88.49035000000006,89.12489999999995,97.17851666666671,110.46359999999996,121.81178333333318,120.23471666666654,109.7227666666666,100.6970499999998,95.57543333333335,93.51828333333329,91.4094666666665,89.70180000000006,92.29556666666679,101.58338333333323,114.00605,127.9581999999999,138.0070166666667,133.84648333333337,122.71386666666666,113.17059999999995,106.44178333333325,98.38344999999987
2024-11-15,106.87623333333333,103.72619999999999,101.94854999999976,102.02649999999979,109.26958333333323,121.08404999999979,131.62889999999965,133.42169999999984,124.79771666666691,116.70018333333297,111.63520000000025,109.56479999999998,108.16241666666663,106.5275166666668,108.87315000000031,118.28025000000004,129.7928333333334,143.03855,152.13634999999994,146.2966666666665,137.18734999999973,126.82359999999991,120.93851666666689,117.33308333333325
2024-11-16,106.24144999999974,102.11613333333345,99.8855333333332,99.26863333333328,104.45904999999995,113.22139999999966,120.73539999999998,122.80428333333317,116.10068333333346,107.97486666666653,102.36621666666693,100.34496666666686,98.4853500000002,96.04806666666684,97.6054833333335,109.38958333333343,123.91943333333326,137.79631666666646,145.27925000000013,143.73936666666683,134.85546666666653,124.34721666666655,118.35078333333344,113.60284999999992
2024-11-17,115.59774999999992,110.60631666666683,107.56318333333314,107.04485000000018,110.31244999999988,115.84074999999984,120.53106666666665,121.2512166666668,113.2030333333334,105.63178333333323,100.93586666666683,99.36760000000014,97.1372500000002,94.1136333333335,95.45935000000011,107.36270000000003,125.56019999999997,140.5046166666666,148.33338333333293,148.67188333333334,140.26488333333327,129.73003333333318,123.1802,119.57136666666646
2024-11-18,123.63911666666662,118.68131666666673,115.60406666666655,115.21801666666683,123.01814999999985,132.95454999999976,142.90025000000017,142.7149333333333,132.70714999999984,123.79073333333343,118.38283333333345,116.12435,112.60383333333324,109.57005000000024,112.20243333333327,121.928416666667,138.89694999999978,157.9025666666668,164.9402166666667,162.5537666666665,151.21051666666654,136.36084999999997,130.6800333333335,127.1831500000001
2024-11-19,120.99273333333323,116.45645000000005,112.97739999999993,112.68801666666683,119.41620000000003,129.4434999999999,138.54983333333342,139.1510500000001,129.3209166666666,118.91746666666675,113.06425000000007,109.77613333333329,106.6822666666665,103.60806666666686,104.68816666666676,113.5349333333334,128.95470000000014,146.17350000000005,156.8491000000002,155.16559999999993,145.6986666666664,133.82908333333353,126.64590000000028,122.19508333333319
2024-11-20,100.09199999999991,96.14468333333335,93.39856666666658,93.0269500000001,99.78281666666666,111.53470000000019,122.41458333333343,120.69620000000005,108.40228333333357,93.93953333333324,87.79455000000007,83.59644999999998,78.71288333333322,74.27380000000007,74.68244999999989,84.02423333333346,100.78813333333335,120.0643,136.2213833333335,141.07035000000013,132.77623333333335,119.97903333333343,109.77386666666656,96.9588166666666
2024-11-21,85.82188333333325,82.43281666666684,79.58981666666666,80.19806666666662,86.97771666666677,102.02041666666683,115.74304999999998,111.40458333333326,96.03216666666674,80.78653333333331,71.4629833333333,67.52084999999995,63.037716666666604,53.94084999999994,53.131033333333335,63.49573333333345,81.40799999999994,103.57943333333317,122.83096666666674,130.31698333333352,120.26306666666673,104.99839999999996,96.06163333333318,82.87575
2024-11-22,78.35410000000002,75.67999999999999,74.17424999999999,75.86291666666664,85.80261666666664,102.69091666666661,118.68086666666655,117.74910000000001,105.91526666666645,97.11943333333326,92.89441666666664,91.46636666666667,89.29614999999993,86.94484999999999,89.09965000000001,99.71025,114.14073333333326,128.9365166666666,144.43243333333314,141.06091666666651,126.47361666666679,114.16981666666673,108.9224833333332,100.96491666666675
2024-11-23,119.89443333333344,114.18966666666672,109.5498000000001,108.98623333333329,114.97078333333329,120.63229999999999,125.56254999999994,123.39298333333352,111.54883333333346,98.06495000000008,92.16490000000005,88.2554500000001,84.20684999999995,80.57855000000019,80.0647333333334,89.10958333333345,108.41936666666676,132.3948166666666,150.4401666666665,154.16998333333328,145.96813333333358,132.6092166666666,125.54946666666667,117.36671666666656
2024-11-24,33.169799999999974,29.6269833333333,27.295183333333323,27.707966666666653,32.622166666666665,41.16776666666658,49.553933333333326,49.841783333333346,43.307533333333275,35.82819999999999,32.18999999999992,29.801183333333295,26.91624999999995,25.307233333333286,26.058883333333334,35.62503333333331,52.310783333333326,73.62016666666663,88.07955000000028,93.2903000000002,84.72819999999997,71.49800000000006,63.40671666666664,53.169766666666675
2024-11-25,11.974466666666666,10.493616666666643,9.705633333333306,10.45484999999999,15.36071666666667,27.183783333333384,48.4787166666667,57.46353333333337,51.17718333333342,46.860450000000064,43.72418333333326,41.029983333333234,37.91129999999998,35.57243333333332,34.18616666666662,44.440583333333194,61.922833333333216,83.1278333333334,99.15791666666692,98.34664999999988,85.86856666666684,74.41788333333342,62.2981499999999,59.3119833333333
2024-11-26,118.40910000000028,114.27193333333337,111.77396666666662,111.93461666666673,119.63786666666671,130.4644,143.36636666666683,145.9127666666666,135.6486666666665,127.00011666666683,121.4023166666668,118.51325000000021,115.9004499999999,113.27795000000015,115.57621666666678,124.76516666666666,139.15438333333321,152.7197000000004,164.75928333333366,163.21374999999955,152.86366666666683,137.9662666666669,130.2033166666669,127.68983333333303
2024-11-27,127.03673333333325,123.0650500000002,120.46828333333322,119.80825000000009,125.25850000000015,134.23161666666655,143.75565000000023,146.9994166666666,139.80971666666642,131.9736666666667,127.1538,123.27791666666643,118.92549999999983,115.30631666666663,116.84496666666661,128.53803333333315,142.14855000000009,153.61883333333333,162.84870000000018,162.42006666666654,153.96893333333335,141.93375000000017,133.3366833333335,129.28014999999976
2024-11-28,131.07518333333337,127.06973333333343,123.93438333333332,123.4028166666665,129.38121666666675,138.6067333333334,147.4320500000001,149.63801666666674,141.55019999999993,132.44835,126.81070000000017,123.41759999999992,120.03699999999989,117.08313333333349,119.1824833333333,131.1480833333333,144.22866666666687,157.42230000000035,166.47793333333337,166.74076666666627,157.41245000000015,145.23561666666663,138.04853333333344,135.06816666666634
2024-11-29,123.51611666666683,119.38139999999994,116.97846666666665,116.50411666666665,123.47638333333326,134.55610000000001,145.31996666666691,147.36143333333325,138.74966666666663,130.5806,124.96576666666685,121.22961666666664,118.2903166666666,115.93930000000017,117.12979999999993,126.6406666666666,141.3490666666667,156.29140000000032,164.45261666666667,163.22803333333323,153.9219999999999,142.86293333333353,138.1417500000002,134.04063333333323
2024-11-30,126.70543333333347,121.90496666666692,118.24429999999995,117.96175000000008,120.95098333333313,126.49443333333333,131.0139333333335,130.61323333333345,123.18626666666675,114.1596666666667,109.26948333333341,107.58980000000008,105.30460000000005,102.16235000000026,103.62323333333333,114.13893333333324,132.1202999999999,148.7073333333332,158.09163333333305,159.06146666666675,151.40271666666666,141.09406666666666,134.34870000000018,131.0586333333333
2024-12-01,118.48915000000004,114.68771666666684,110.9001499999999,109.87785000000007,112.57758333333324,118.13576666666651,123.28190000000005,124.5692000000002,116.16651666666672,106.75739999999989,101.50421666666662,100.32398333333342,98.11126666666681,95.95918333333348,97.82370000000013,111.48081666666677,131.565533333333,147.89706666666683,157.02491666666637,158.29290000000012,150.35358333333303,137.44929999999988,130.09231666666665,125.19739999999997
2024-12-02,125.36771666666652,121.20000000000012,118.50008333333312,117.53295000000001,123.14494999999988,133.46831666666648,144.64055000000005,148.12845000000007,140.8331000000001,131.69249999999994,125.9915833333335,122.41346666666672,120.0760333333335,118.42000000000021,120.63073333333341,132.01030000000017,145.99044999999998,159.57925000000034,164.5147333333335,162.63163333333307,153.64488333333324,141.3541666666668,133.69711666666683,132.31953333333314
2024-12-03,131.5628333333333,127.39790000000015,124.64451666666643,124.75378333333322,131.36648333333332,141.76868333333334,151.15118333333336,153.58266666666663,147.64711666666673,140.16573333333326,135.19126666666665,131.05811666666656,126.3075333333333,123.87016666666672,124.1349999999998,131.7382666666667,143.45826666666667,155.87881666666678,163.36991666666663,163.56796666666642,155.77243333333328,146.7507166666668,141.33706666666683,135.6252333333332
2024-12-04,117.29025000000006,112.7251,109.96895000000004,110.01025000000006,117.61874999999998,131.1251333333334,144.09154999999993,145.42564999999988,137.0114,125.94695000000007,120.11915000000037,116.97636666666655,113.91356666666654,111.54563333333363,112.97713333333316,121.71131666666668,135.38505000000004,150.88499999999996,163.0787499999999,163.84086666666636,154.3222999999998,142.47480000000044,136.33464999999995,128.85206666666653
2024-12-05,127.74865000000008,123.89503333333349,121.09450000000002,120.81700000000002,126.9819499999999,137.55793333333352,148.14278333333345,151.43941666666672,145.21928333333346,136.64008333333325,130.0877000000001,126.25758333333327,122.53009999999992,120.23098333333347,121.84929999999989,130.75278333333327,143.23303333333337,156.2202833333336,164.39154999999985,164.46954999999977,157.16013333333322,147.40263333333357,140.57505000000018,135.2800166666665
2024-12-06,122.79058333333339,117.81773333333345,114.75061666666679,114.59538333333347,119.3319666666665,126.9692833333333,133.5969333333333,133.40196666666677,125.11654999999995,114.00993333333354,108.89973333333327,107.03756666666678,104.8427499999999,103.25155000000028,104.96581666666667,114.40790000000011,130.92583333333326,148.48620000000014,160.9741999999996,164.19826666666665,156.64788333333328,145.7332,140.2749166666666,132.85858333333329
2024-12-07,92.76323333333337,87.52511666666686,83.6656166666667,82.76031666666667,87.24526666666668,96.95825,106.00201666666655,108.00985000000003,100.04325000000006,87.88406666666667,82.30396666666671,79.73298333333338,76.73139999999997,73.64978333333342,75.19328333333344,86.90873333333342,105.13553333333331,124.22406666666637,137.88406666666668,141.82659999999998,131.9124333333333,118.72974999999987,110.74825000000001,98.95541666666679
2024-12-08,15.035966666666639,12.21626666666663,10.827299999999981,11.340833333333315,17.47026666666668,28.935266666666728,48.34940000000001,54.64971666666677,47.4733500000001,41.34040000000002,38.06983333333325,35.98898333333327,33.50306666666659,32.044283333333276,33.47786666666659,41.93774999999994,56.41038333333325,74.21478333333326,89.57248333333358,91.84833333333326,81.38836666666666,71.04064999999999,61.324333333333115,53.884849999999936
2024-12-09,43.24171666666665,39.74071666666662,38.60464999999997,39.768033333333314,46.898933333333325,59.402783333333296,73.70831666666665,76.3834833333333,67.28146666666667,58.65016666666663,54.33501666666663,51.16566666666669,48.99066666666659,47.89083333333327,50.10206666666663,60.563733333333296,76.6137333333333,95.02283333333338,107.59761666666674,106.75276666666683,95.7688333333335,83.80398333333346,73.61404999999992,64.25983333333325
2024-12-10,104.81881666666673,101.88984999999991,99.30551666666676,99.93184999999988,107.53120000000001,120.83188333333324,135.7925333333332,144.5694499999999,130.6731,121.05403333333345,114.05308333333345,112.22498333333338,109.6503999999999,106.64701666666659,108.09543333333349,115.84561666666661,130.48835000000003,143.54803333333365,155.15338333333364,150.67661666666632,138.9490499999999,126.24181666666698,117.57091666666685,109.26008333333338
2024-12-11,126.76134999999992,122.83146666666666,120.38675,119.86693333333339,126.60523333333323,135.73481666666663,148.3070166666668,154.10633333333308,146.7049499999998,136.45473333333337,131.19611666666688,128.38819999999987,126.40083333333314,124.23343333333328,125.38595000000001,133.71404999999996,146.88951666666674,158.7791333333335,168.2537500000004,166.5449166666665,156.97803333333314,144.7351666666669,136.52293333333373,135.11483333333308
2024-12-12,126.45546666666684,123.29091666666679,120.26621666666674,119.53603333333356,124.75516666666685,135.0230333333331,148.96664999999996,156.1295333333331,149.4687666666666,139.49643333333356,132.9387000000002,129.52674999999994,127.42921666666655,126.5176166666667,127.84638333333329,135.7456166666667,148.28605000000027,159.4478333333333,167.4115166666671,167.60306666666665,158.83646666666618,148.45040000000014,141.04561666666675,137.78586666666658
2024-12-13,126.76171666666666,122.10671666666667,119.57501666666666,119.17911666666664,125.33074999999978,137.04211666666643,147.98603333333318,151.7892166666668,143.32833333333335,133.0332166666668,126.48351666666655,124.45628333333352,124.05286666666662,122.64026666666686,123.26158333333333,132.7448666666665,147.11124999999987,161.88775000000012,170.35848333333334,170.54539999999977,161.12393333333296,148.21081666666686,141.3448333333335,140.01009999999994
2024-12-14,125.80591666666672,120.74143333333336,117.29104999999981,116.17580000000007,120.32418333333328,129.71923333333314,137.72015000000007,141.92446666666703,134.91150000000005,125.23826666666673,119.52570000000001,117.26395000000011,114.80790000000006,112.81951666666684,113.87530000000004,122.76539999999996,138.50783333333328,154.7841166666667,162.57373333333328,163.14360000000002,153.33019999999982,141.60643333333343,133.88945000000015,131.33833333333314
2024-12-15,116.1201,111.46600000000021,107.73118333333335,106.82008333333351,110.25844999999984,116.9495666666666,120.7354500000002,120.08240000000025,109.12913333333354,95.37890000000006,89.33923333333335,87.03010000000012,85.22106666666674,84.09998333333355,86.20495000000014,96.86900000000026,116.69271666666653,138.01459999999983,151.0421333333332,154.51771666666667,145.99279999999973,135.30790000000005,126.45366666666676,119.16541666666667
2024-12-16,107.10701666666672,104.32581666666671,102.33981666666678,102.83421666666662,109.96691666666666,120.64096666666677,131.28131666666658,130.0590000000002,116.99281666666667,105.91578333333327,100.49078333333334,98.53991666666667,96.6963833333334,95.21433333333339,97.68956666666692,108.42156666666676,123.54000000000009,140.31853333333336,154.02488333333358,153.1748333333333,141.23091666666667,128.96986666666658,122.94545000000001,117.40388333333334
2024-12-17,116.4384833333334,112.44058333333334,110.44980000000008,110.2556,117.31924999999998,128.69093333333308,144.9626333333333,150.9247333333332,141.87669999999991,131.62631666666684,124.79110000000034,121.3569166666668,119.29934999999983,117.89438333333358,120.26975000000013,129.56953333333337,141.6978166666665,155.02228333333332,165.52396666666672,162.45003333333324,152.9662999999998,141.19818333333376,135.07843333333355,132.11614999999995
2024-12-18,107.73000000000002,103.6176333333333,101.62536666666657,102.0717499999999,109.00083333333322,120.3280000000001,132.57023333333345,135.68259999999992,123.75593333333343,113.14381666666655,106.20195000000001,103.2715333333334,100.32041666666663,97.54980000000026,99.14848333333336,108.5065166666668,122.78933333333337,135.74918333333355,145.87979999999985,144.16434999999976,135.42441666666645,123.69440000000017,116.08555000000005,107.34561666666669
2024-12-19,76.03268333333334,71.49663333333328,68.77749999999997,68.88203333333333,76.49488333333338,92.75716666666669,109.61436666666675,112.25494999999981,102.84735000000013,90.18081666666653,83.28736666666666,78.86446666666657,75.46584999999979,70.64383333333335,72.06100000000002,83.68588333333335,100.83936666666659,115.62823333333307,128.1425166666666,132.1534499999999,121.83673333333351,107.66655,96.08591666666669,82.6515999999999
2024-12-20,95.5279999999999,92.04839999999999,90.20405000000004,91.3244166666666,99.83339999999988,115.12206666666684,129.14673333333343,130.7538999999999,116.85408333333328,106.0281666666666,100.35191666666654,97.66551666666669,94.24876666666655,90.97618333333332,93.0577333333333,102.27939999999997,116.07381666666663,131.4992333333333,145.88738333333333,147.24041666666653,135.14520000000002,123.80856666666672,115.90206666666658,106.59533333333341
2024-12-21,110.49421666666672,105.88976666666676,103.41681666666666,103.61351666666661,109.77608333333328,120.38248333333344,130.25221666666675,129.36118333333334,118.09518333333351,107.32248333333317,100.25986666666677,97.89446666666683,95.73684999999995,94.40406666666681,97.43090000000016,107.71896666666674,123.13118333333341,138.09440000000006,149.07838333333342,146.68721666666673,137.7869000000001,127.53625,120.28253333333329,113.63218333333343
2024-12-22,93.2944499999999,89.99626666666667,86.4369166666668,85.7563166666666,88.52165000000007,93.27118333333355,92.91078333333334,82.97646666666674,64.82966666666674,49.99706666666662,41.543349999999954,38.07691666666671,33.99794999999998,30.548266666666684,32.19798333333331,43.31515,64.85589999999996,92.86085000000004,112.44188333333322,118.6901333333334,112.43898333333324,103.43554999999996,92.72121666666658,82.99984999999991
2024-12-23,27.470049999999997,22.873483333333347,20.76411666666667,21.481983333333336,30.541050000000045,45.503499999999974,62.16774999999994,63.69063333333333,49.4394166666666,38.00423333333327,32.54426666666659,28.89513333333334,26.38444999999998,23.717383333333284,24.643649999999983,33.87399999999999,52.3935166666667,74.63403333333339,89.66006666666676,94.2260166666668,82.99550000000006,69.80933333333323,56.161250000000024,48.83646666666659
2024-12-24,81.72300000000001,78.39655000000002,76.09843333333329,77.41823333333328,84.70990000000006,96.67581666666666,102.27408333333324,93.69123333333329,77.50721666666664,66.26966666666661,60.738583333333345,57.919450000000055,54.606383333333376,50.38463333333332,50.74846666666667,60.857216666666645,78.11444999999986,100.01791666666652,118.05439999999994,122.7910166666666,113.31781666666667,102.57490000000014,96.54889999999985,87.73724999999996
2024-12-25,84.9832499999999,81.86604999999994,80.18220000000004,80.0971,84.71353333333343,93.08125000000003,98.53273333333324,94.92176666666667,83.1242333333334,72.47416666666652,67.55879999999989,65.29461666666666,63.48483333333332,61.13984999999993,62.36015,74.43954999999998,92.47951666666668,111.45953333333334,123.70285000000011,123.74879999999993,113.96369999999987,104.03498333333322,98.10043333333319,89.58813333333322
2024-12-26,115.3427666666665,111.18813333333347,108.52203333333324,107.9587166666666,113.96681666666655,122.8553666666665,131.61733333333348,131.74716666666654,122.04678333333347,111.83073333333338,105.39119999999996,103.17370000000005,100.58144999999996,98.88963333333338,102.0379166666669,112.44388333333332,129.01658333333327,145.75690000000006,153.43731666666673,150.23353333333327,140.61681666666672,128.95615,123.48693333333341,117.95266666666667
2024-12-27,127.44841666666677,122.15081666666674,119.45226666666672,118.49260000000004,125.49759999999985,135.17035000000004,145.83820000000014,149.54753333333332,141.24176666666665,130.8481166666667,124.18348333333333,119.93653333333319,115.79943333333327,113.65478333333353,116.69211666666665,127.67803333333337,142.8255500000002,156.36848333333364,162.57893333333348,162.03579999999988,152.97911666666678,141.3184000000002,134.40210000000025,128.5904833333332
2024-12-28,130.75435000000004,126.09675000000017,122.23486666666669,121.72395000000006,124.50556666666634,129.9927833333332,135.0908833333334,136.25358333333352,129.69574999999995,119.68326666666665,113.7350833333333,111.90181666666666,110.12991666666673,108.52275000000034,110.97826666666677,121.46858333333354,138.50249999999983,154.1395166666667,161.2236999999999,162.27641666666662,154.72623333333343,144.46418333333332,137.8753333333335,133.9353166666664
2024-12-29,134.33845000000014,130.30495000000025,125.82581666666653,124.91493333333327,126.63164999999994,130.89583333333326,134.60251666666673,136.31381666666724,130.9393166666666,122.22265000000016,117.27726666666649,114.67086666666683,113.07188333333356,112.43821666666673,113.98075000000001,123.14051666666658,141.8281499999998,155.35329999999993,164.78806666666642,167.83739999999983,158.59051666666653,148.4483999999998,141.01135000000025,137.97308333333308
2024-12-30,133.72393333333326,129.28335000000033,126.33835000000016,125.37810000000022,129.74868333333308,137.02783333333312,143.9065666666671,146.21530000000027,138.73101666666682,128.0767333333334,122.33679999999991,119.21191666666661,116.32961666666667,115.2098833333334,118.17403333333336,127.88793333333346,143.53768333333306,156.4109833333334,162.57481666666666,164.4286166666667,156.192466666667,145.70186666666658,139.8489666666672,135.1466499999998
2024-12-31,135.69671666666653,131.80418333333353,128.00128333333345,127.0145666666668,130.9183999999998,137.14926666666665,142.69790000000023,145.3599833333339,139.50613333333348,129.0601499999999,121.98891666666658,119.90008333333331,116.42914999999994,114.99121666666659,116.94651666666667,126.71373333333325,143.3477166666664,156.9958166666663,163.35536666666627,165.97806666666654,158.7593333333337,147.77938333333304,141.21150000000068,137.8139666666665
2025-01-01,129.80083333333337,124.94678333333356,121.03046666666664,120.49013333333343,122.00358333333311,125.56173333333328,128.79758333333373,128.93675000000022,120.82746666666678,110.50656666666674,106.12436666666662,105.6828166666669,105.22136666666668,103.50801666666686,104.65401666666692,115.39408333333347,135.8713666666661,152.2883500000003,161.04439999999929,162.13278333333324,155.06055000000012,145.62129999999982,136.83254999999983,131.79970000000014
2025-01-02,119.51891666666666,114.6827333333334,112.38601666666665,112.9803166666667,120.86573333333314,134.09785000000002,144.43694999999997,143.89518333333342,132.80488333333312,120.56188333333338,114.33106666666674,111.14171666666674,107.34141666666648,104.67008333333357,107.06436666666654,116.89021666666667,132.5792166666666,148.53270000000018,160.05085000000005,160.25504999999995,149.4652499999999,137.54451666666694,132.26811666666657,122.88374999999981
2025-01-03,119.73190000000014,114.35258333333344,111.76660000000014,111.56846666666684,119.03748333333347,132.63903333333337,143.9059333333333,145.18218333333334,136.3034000000001,123.27865000000017,115.20553333333336,112.25771666666668,108.97625,106.66325000000029,108.0471166666666,117.90911666666669,132.96601666666677,147.51128333333335,158.66516666666675,160.09708333333325,151.2957666666666,139.5923333333334,131.68024999999983,121.76891666666675
2025-01-04,109.13761666666672,103.05673333333358,99.59833333333337,98.58184999999992,103.32911666666656,113.23996666666673,123.25733333333332,124.55023333333334,115.37401666666686,102.48593333333326,95.36668333333338,92.30095000000009,89.83936666666669,87.06011666666683,88.59303333333345,101.65553333333342,121.78514999999992,137.91881666666657,149.43496666666658,151.57635,142.38566666666674,130.21386666666643,122.93311666666649,111.10116666666661
2025-01-05,89.30136666666658,84.44440000000003,79.67605000000002,78.2464833333334,81.04668333333329,89.33730000000001,96.94793333333322,95.6390500000002,86.89961666666672,75.05579999999992,67.53819999999996,64.8981666666667,62.43459999999995,59.47929999999999,60.84466666666667,72.48529999999994,93.46615000000004,112.55049999999974,124.74591666666672,128.7922166666667,117.99425000000002,106.37573333333334,99.32991666666653,86.53464999999984
2025-01-06,18.45411666666659,14.834999999999955,12.462033333333324,12.439599999999967,18.396616666666652,29.778066666666696,46.869133333333316,52.01956666666672,44.851916666666696,35.52146666666673,30.876466666666612,28.688083333333307,27.06568333333326,25.98776666666665,27.548316666666633,37.61108333333333,57.51376666666668,77.97488333333332,91.64800000000022,93.75876666666686,84.35018333333342,73.53856666666668,62.261566666666546,56.15841666666666
2025-01-07,60.60708333333331,56.49448333333325,53.118800000000086,52.584166666666796,61.3879666666667,77.8225833333333,90.89296666666681,87.70958333333343,69.90776666666662,52.93333333333339,46.148183333333264,41.81045,38.475233333333286,34.15403333333331,35.03835000000001,49.520549999999965,69.73108333333326,88.71744999999999,104.17751666666695,110.38661666666681,101.56834999999995,89.29868333333324,80.75193333333324,72.20093333333337
2025-01-08,65.57461666666674,61.216816666666745,57.80611666666669,57.27538333333334,63.70023333333338,77.23430000000002,88.41866666666652,88.27076666666669,76.26365000000006,64.95241666666658,57.90078333333324,54.73316666666665,51.288633333333294,47.90884999999997,49.566599999999994,59.85424999999996,75.24998333333325,92.23651666666662,106.57848333333342,110.06350000000018,101.03996666666686,88.49948333333325,78.09578333333332,69.10571666666672
2025-01-09,56.90718333333331,50.86108333333341,47.66445000000003,47.89936666666675,55.74096666666674,74.50395000000009,95.0672666666666,101.14979999999994,93.49370000000003,81.64978333333337,74.96764999999986,71.18409999999997,68.10215000000004,64.8805666666666,67.19703333333331,79.70280000000005,96.98958333333312,111.88829999999992,123.04433333333334,125.64568333333322,116.75830000000005,103.6734833333335,92.20348333333324,83.99579999999996
2025-01-10,85.69833333333338,81.88843333333341,79.1354666666668,78.99669999999982,85.78030000000018,100.35016666666678,116.1592666666666,120.69403333333334,109.12563333333338,98.52326666666659,90.80336666666663,87.48654999999994,84.4218833333332,80.9845166666666,82.7329666666667,92.76493333333333,106.87173333333334,118.63258333333346,127.91336666666665,127.3314333333332,118.0740333333335,106.07704999999996,95.03386666666661,83.26268333333324
2025-01-11,95.55721666666665,91.25306666666667,87.56618333333331,86.78446666666652,92.08691666666667,101.8818666666668,111.74021666666658,110.07218333333343,98.24821666666689,86.11614999999988,77.71854999999996,73.61975000000004,69.84789999999997,66.65003333333331,68.41383333333336,81.59111666666671,101.0589166666668,117.32385000000009,127.5753666666667,128.13153333333338,120.79301666666672,110.06793333333327,100.40181666666662,89.69066666666662
2025-01-12,91.34799999999993,87.91629999999999,84.29186666666668,83.57621666666664,85.85126666666669,88.70478333333352,84.75196666666662,72.90671666666663,55.396916666666684,41.476316666666655,33.689216666666674,30.79173333333333,26.951499999999974,23.625016666666657,24.460116666666654,34.449733333333306,54.185299999999906,83.66871666666678,104.99391666666656,112.73588333333326,109.2145166666667,100.39518333333332,90.83174999999991,79.34761666666654
2025-01-13,98.12239999999994,95.33863333333333,92.68330000000002,92.8012333333332,98.71681666666646,107.5878666666668,111.31516666666653,105.58605000000006,89.68953333333342,76.55948333333329,70.59193333333327,67.72009999999996,64.1072,61.43468333333328,62.68735000000005,72.67255000000002,89.99888333333324,110.80461666666658,127.32773333333324,133.24301666666682,124.10231666666662,114.09348333333335,106.55563333333325,98.85391666666663
2025-01-14,112.93254999999995,108.9454333333334,106.56058333333338,105.57129999999995,112.07359999999981,122.59468333333338,135.1483333333334,139.0113166666667,127.32323333333329,115.17794999999984,107.29775000000005,105.17600000000002,103.63149999999979,102.49415000000009,105.1197833333337,115.76706666666682,129.89970000000002,146.4685000000001,158.37486666666697,154.51506666666657,144.82855000000004,131.51756666666705,124.41615000000003,120.54904999999997
2025-01-15,123.8471833333334,118.21041666666666,115.51535000000011,115.58258333333329,122.01493333333346,132.93746666666667,144.48405000000022,148.35943333333316,136.3366666666667,124.05420000000015,116.46723333333323,113.78883333333336,110.7856999999998,109.0158666666669,110.45570000000005,118.81295000000006,133.5181,147.90883333333358,160.6737000000002,160.61353333333344,151.20838333333316,139.30551666666682,132.5612833333334,125.14603333333318
2025-01-16,116.57650000000004,111.43556666666663,109.60718333333328,109.34576666666656,114.9625833333331,128.7884666666666,144.58428333333333,156.96973333333352,141.63579999999993,129.24390000000005,120.01346666666643,118.14918333333347,115.98321666666637,114.30021666666684,116.32661666666684,126.6720666666668,141.36193333333333,158.74876666666677,170.26718333333326,165.16373333333323,154.6278499999999,142.15151666666674,133.96348333333358,129.33318333333332
2025-01-17,118.17803333333362,113.15926666666667,111.02976666666669,110.90409999999972,117.01129999999988,130.8552166666668,146.74194999999978,161.87958333333341,144.98678333333342,131.3926333333333,121.40196666666668,119.41046666666684,118.27879999999992,116.68021666666682,119.09591666666665,128.80230000000006,144.48783333333324,163.11551666666705,171.5776166666668,165.54600000000013,154.4534166666668,142.4998166666667,135.82461666666694,132.27171666666683
2025-01-18,126.35245000000003,121.72716666666668,119.33566666666668,118.36155000000004,122.60376666666659,133.65938333333312,144.7324666666668,152.15528333333341,140.8349666666668,128.22795,119.87728333333325,116.62774999999999,114.1547,112.79338333333352,115.53743333333334,126.7476833333335,142.58521666666644,157.2259500000001,163.9685999999999,162.98491666666672,153.75918333333348,142.88925000000012,136.65898333333345,133.32288333333318
2025-01-19,128.19229999999993,124.69140000000024,121.60600000000015,119.90023333333336,121.76806666666641,127.22879999999998,132.55448333333376,134.86448333333365,125.72240000000015,112.40931666666674,104.67806666666661,103.08898333333354,101.63928333333321,100.59939999999997,102.69948333333338,114.72385000000011,134.05628333333297,149.96353333333346,157.22329999999974,157.52313333333333,150.87200000000013,142.33556666666672,136.17463333333356,129.52894999999978
2025-01-20,117.69780000000019,112.79791666666652,110.3595833333332,109.51836666666655,115.63393333333326,128.0799333333333,144.4645666666664,156.37159999999992,144.63911666666672,131.59390000000008,122.8175500000001,119.60436666666675,118.35953333333312,117.89895000000021,121.04841666666667,130.76816666666667,145.0569166666666,160.91763333333353,167.80143333333336,162.52703333333332,152.57786666666635,140.57146666666705,134.38990000000018,132.00651666666656
2025-01-21,128.49518333333356,124.70318333333361,121.97828333333338,122.13708333333314,128.97086666666664,139.51104999999987,153.16191666666663,160.9435833333331,152.65828333333337,143.32485000000017,138.2259333333334,134.48775000000003,131.37255,130.04983333333345,130.70880000000002,137.46146666666652,147.29974999999996,158.95036666666644,167.84765000000013,167.5979833333334,159.5392166666662,148.90815000000038,141.8611166666669,136.77640000000008
2025-01-22,117.36296666666684,111.7709666666667,109.96438333333346,110.5118999999999,116.37813333333327,129.16185000000027,144.20940000000013,155.0686666666664,142.73658333333358,131.29013333333353,122.43958333333333,119.66293333333344,116.39519999999982,114.15690000000016,116.08014999999995,124.91186666666673,138.80403333333342,152.90133333333338,163.00938333333343,160.39368333333323,152.3153166666665,141.22808333333364,132.96373333333338,125.165
2025-01-23,122.95451666666702,118.81219999999996,116.30498333333348,116.28023333333333,122.15253333333334,133.56553333333326,149.26069999999987,159.01928333333296,149.9717833333334,139.78158333333346,132.92486666666716,128.98495000000017,126.49363333333305,125.14280000000011,126.69969999999991,134.37643333333338,146.88558333333341,159.7860333333335,168.7337166666668,166.04913333333346,158.09423333333288,147.62683333333385,141.801366666667,138.95944999999983
2025-01-24,107.28853333333365,102.15656666666666,99.88198333333342,99.8767833333332,106.65100000000008,120.27813333333363,135.94001666666688,142.3571166666665,132.23605000000012,120.43558333333347,113.24831666666684,109.15761666666675,105.18609999999968,102.38485000000011,104.24529999999987,113.73928333333315,129.5503500000001,143.8918333333335,158.02168333333316,158.7782999999999,148.17169999999996,134.33741666666694,127.77704999999987,116.90418333333345
2025-01-25,58.47610000000005,53.80703333333332,50.99145000000003,50.769266666666645,58.36378333333334,74.33966666666663,90.51955000000004,94.5705166666666,86.07994999999993,74.00536666666666,67.56071666666661,64.48299999999993,60.82808333333328,57.33828333333331,59.514416666666705,72.57791666666671,91.20664999999983,107.2793666666666,120.15991666666673,121.7975499999999,111.31146666666679,98.49146666666654,90.57675000000003,80.06414999999996
2025-01-26,45.50893333333331,41.29873333333333,38.33959999999999,37.36051666666666,42.65623333333334,51.8730833333333,60.61181666666671,57.72415000000003,48.14406666666667,38.21285000000003,34.62051666666664,30.831966666666673,27.737533333333268,24.90431666666664,24.532150000000016,34.504566666666655,52.28043333333333,76.16970000000009,92.38096666666675,97.11273333333351,89.7801,79.18021666666675,69.03728333333324,59.17196666666664
2025-01-27,13.312666666666647,10.628349999999964,9.301416666666636,9.706199999999976,14.489333333333304,26.264300000000063,49.14244999999999,56.93858333333343,46.668349999999975,37.86505000000004,33.170183333333355,30.791966666666617,28.50406666666666,26.66246666666663,27.72558333333327,36.597749999999884,53.61856666666672,72.83731666666672,89.6536333333335,92.43889999999983,81.44150000000009,68.86388333333336,56.262333333333274,54.54208333333321
2025-01-28,9.431966666666648,7.260583333333312,6.346499999999979,6.578866666666661,11.171366666666641,21.142883333333355,39.08464999999997,46.70410000000015,36.928533333333334,28.700449999999954,23.742266666666637,20.794116666666667,17.973849999999967,16.54023333333332,17.28831666666663,22.906283333333302,36.353133333333375,53.2899500000001,76.64694999999983,81.09839999999998,69.92655,52.560233333333436,42.31569999999994,41.14394999999996
2025-01-29,14.726316666666659,12.180666666666625,11.048433333333303,11.62141666666662,17.032133333333306,29.815266666666744,50.950066666666594,57.985816666666786,44.530050000000024,33.441966666666666,29.11351666666668,26.695349999999976,24.909849999999988,23.749133333333294,24.25359999999997,31.63188333333334,47.517633333333386,69.97034999999997,91.42461666666661,94.01828333333312,80.64541666666658,65.58980000000005,53.91194999999992,51.7423333333333
2025-01-30,48.663750000000064,43.73073333333331,40.471916666666715,39.037150000000054,46.28058333333336,60.68386666666677,76.68973333333328,80.38563333333344,66.34208333333338,51.572033333333344,44.47548333333329,40.56231666666669,37.74173333333333,34.5250166666666,35.51766666666666,46.41881666666662,63.41983333333335,81.35528333333335,98.87913333333344,103.51795000000016,93.75860000000004,80.18714999999999,68.81479999999993,63.1221833333334
2025-01-31,60.59960000000004,56.97428333333333,53.89398333333332,54.565799999999896,61.77323333333335,75.57263333333326,86.28238333333327,84.76480000000002,68.23023333333339,55.704249999999966,51.170349999999964,48.65058333333329,45.990449999999974,43.82111666666662,45.33395,55.22371666666675,72.16733333333318,92.58789999999992,111.1531166666668,117.29328333333329,104.46003333333346,91.54139999999994,82.9769666666666,75.62593333333332
2025-02-01,114.63675000000005,109.86235000000003,105.87873333333346,105.41878333333327,112.42638333333319,121.62655000000008,128.11103333333344,125.13171666666673,110.08733333333342,96.28729999999999,88.59223333333338,85.60986666666672,82.53023333333319,79.94646666666671,81.5766333333334,91.82633333333344,109.79455000000011,129.9049333333335,146.91744999999995,151.11191666666642,138.81646666666686,126.80103333333325,119.33986666666647,111.23866666666659
2025-02-02,117.34641666666677,114.07861666666659,111.38204999999988,110.62103333333343,113.78968333333306,120.21889999999985,125.53976666666667,125.80041666666676,114.14003333333353,100.97498333333338,92.8592333333332,90.31805000000007,88.01273333333326,86.77854999999998,89.39590000000011,101.72911666666667,120.66988333333327,139.21311666666665,150.78055000000006,150.43243333333365,141.64956666666666,132.2507666666667,125.01245000000013,118.8181333333333
2025-02-03,116.37353333333343,111.65524999999997,108.65700000000014,106.92494999999994,113.36349999999982,125.9955333333331,141.4149333333333,152.3514166666665,137.8216666666669,123.50533333333347,114.79933333333325,112.0802833333334,110.42599999999992,109.63131666666678,112.46118333333337,122.95050000000025,138.13086666666655,156.35458333333347,167.01166666666674,161.93281666666647,150.60498333333337,137.8346333333336,130.05173333333343,125.61173333333335
2025-02-04,125.08146666666666,120.36729999999989,117.98958333333329,117.1184,123.08686666666654,135.1283833333332,151.77846666666673,162.68063333333316,147.9991833333333,134.22686666666692,126.81135000000002,124.15415000000009,121.4656833333331,120.02160000000018,121.87983333333335,130.38833333333346,145.56696666666656,165.18924999999984,178.32593333333352,177.22241666666665,163.12551666666664,147.3087166666667,139.2025500000001,136.18956666666628
2025-02-05,120.75030000000015,115.41541666666654,112.8615833333334,112.57169999999984,119.03648333333327,131.64763333333323,146.49513333333348,155.20891666666674,135.87528333333327,120.23836666666662,111.60111666666654,108.79850000000002,105.24379999999982,102.19438333333348,103.38776666666658,111.42483333333327,128.72371666666666,150.5721666666666,168.77993333333382,170.67321666666658,154.4226333333334,140.423,132.85019999999983,123.24365000000007
2025-02-06,120.23701666666663,115.45203333333323,113.35903333333316,113.16873333333318,118.9410833333334,131.89354999999975,147.94525000000024,158.8235333333335,139.19541666666677,122.30821666666685,111.76744999999976,108.65061666666679,105.86099999999976,103.4183166666667,105.68003333333326,116.2633166666666,134.98998333333336,158.36796666666652,173.64971666666705,173.36051666666657,157.1151500000002,143.09265000000002,135.68701666666666,129.43286666666663
2025-02-07,119.97103333333335,115.08439999999976,113.1170666666666,113.70520000000005,121.14536666666682,135.54406666666637,150.49681666666672,155.65634999999986,136.2889166666667,117.42921666666665,104.69231666666653,99.88726666666666,97.09549999999967,94.25283333333343,96.58663333333321,107.99229999999979,129.57411666666664,154.96344999999985,170.40018333333344,171.61953333333332,155.05093333333335,140.97398333333322,135.8864499999997,127.74953333333323
2025-02-08,105.03606666666656,102.26978333333318,99.97048333333319,100.35476666666658,107.54419999999988,118.82415,126.34951666666673,123.1773333333334,108.54155000000006,94.08486666666656,86.44286666666665,82.64208333333335,79.31998333333313,77.05430000000005,79.21591666666669,90.81941666666668,109.98304999999995,131.08674999999997,146.6363833333333,148.5605,136.81950000000018,125.65238333333328,119.95543333333316,111.45878333333334
2025-02-09,119.00743333333354,113.50535000000008,110.57965000000004,110.4437500000001,114.64859999999972,120.97828333333338,128.2361000000001,128.20226666666676,116.55148333333362,103.71430000000001,96.60733333333329,94.1466333333334,92.24141666666652,90.72551666666683,93.69820000000009,104.75755000000017,125.5245166666666,145.28764999999999,157.63221666666655,157.62371666666678,148.72281666666674,138.15654999999998,133.30543333333324,122.66266666666658
2025-02-10,118.07543333333338,113.42945000000012,111.16684999999988,111.11619999999994,118.18638333333321,130.3510833333334,147.15883333333352,154.41419999999994,141.23386666666656,128.0055166666667,120.2507666666666,116.71675000000008,113.99041666666648,112.74853333333343,115.5894000000001,124.88286666666681,139.86048333333335,156.39858333333356,168.20755000000014,166.73241666666672,154.4086999999999,141.3404333333336,134.93579999999986,128.18815000000004
2025-02-11,118.76701666666682,113.27583333333335,111.13400000000011,111.15156666666677,116.73805000000003,130.8508499999999,148.02693333333343,156.65161666666643,143.0160666666667,127.79541666666661,116.77666666666671,112.6725000000001,109.54634999999958,107.57618333333346,109.87414999999993,118.64513333333322,136.33966666666666,155.01386666666664,168.56658333333323,168.7998166666666,155.32969999999995,143.01390000000018,134.39113333333313,125.69316666666658
2025-02-12,114.23759999999983,109.34779999999984,106.22333333333354,105.71308333333333,112.08675000000015,125.51808333333312,140.99554999999975,146.08849999999995,130.1472666666665,110.49313333333329,100.67050000000005,95.34041666666661,91.58776666666627,88.57900000000004,90.57214999999978,99.98651666666653,120.47066666666687,143.8228166666666,159.10686666666658,159.89921666666666,146.29373333333345,134.35996666666657,125.8028499999999,114.45333333333316
2025-02-13,117.16568333333333,111.10128333333328,109.12756666666664,109.04153333333326,116.02266666666668,130.78136666666651,148.39649999999997,154.78350000000006,137.57146666666654,117.26011666666665,106.2945833333333,101.00536666666672,98.35113333333305,94.27738333333333,95.69361666666659,105.95524999999981,125.68001666666669,150.1013833333331,168.7124166666667,169.87830000000008,154.1369000000001,142.86215000000027,135.37421666666663,124.28796666666652
2025-02-14,119.13561666666642,115.69421666666628,112.7261666666664,112.0113500000003,116.51279999999987,131.4645499999995,150.9299000000003,162.24074999999965,138.94298333333325,113.90258333333324,102.78358333333311,98.37113333333347,95.62426666666633,92.31839999999998,94.5622333333332,104.29888333333338,126.3058666666667,157.10185000000013,172.81678333333358,173.8431833333334,155.18983333333358,143.0579333333332,134.07181666666662,124.14440000000005
2025-02-15,118.11298333333345,112.87388333333345,109.53583333333353,108.45098333333333,113.75083333333316,123.02046666666666,133.63731666666666,136.0125666666668,117.49359999999996,97.80416666666666,89.07933333333322,84.75445000000002,82.75184999999986,80.06535000000007,81.64600000000002,93.06613333333333,117.09309999999992,145.28589999999986,162.52914999999996,164.9109833333335,149.91550000000004,138.7989166666667,131.03471666666655,120.20413333333326
2025-02-16,100.16744999999999,96.99709999999995,94.61090000000006,94.20185000000002,98.11303333333336,104.23756666666672,106.54816666666652,101.3675166666666,86.38094999999988,73.21123333333325,68.70949999999998,66.18808333333331,63.14281666666663,59.71243333333327,62.52291666666679,74.84954999999995,95.18280000000006,118.9522499999999,134.69421666666668,139.39585000000005,130.75564999999986,119.69431666666654,113.92856666666664,104.74383333333326
2025-02-17,114.75311666666673,110.69715000000006,108.51321666666657,109.48340000000003,116.73701666666672,131.13566666666645,145.58696666666683,149.62098333333327,136.4522166666665,123.49046666666638,114.7576666666667,111.6416833333334,109.0098333333331,106.9146,109.47461666666679,118.09595000000016,134.23011666666673,151.91044999999983,165.15746666666666,164.15498333333323,148.83090000000004,137.63570000000038,131.3805500000001,123.78678333333352
2025-02-18,107.44486666666654,103.16009999999974,100.33688333333346,100.09685000000013,110.10018333333326,124.4863333333334,137.50356666666687,138.95083333333312,119.84378333333342,99.41919999999978,89.20341666666673,83.1337999999999,79.64068333333314,75.81886666666674,78.10598333333327,89.76659999999988,113.12726666666661,137.49483333333316,154.59206666666657,154.0735333333334,139.17066666666682,126.14206666666665,121.25983333333313,110.33688333333336
2025-02-19,102.65136666666662,99.71084999999978,98.19871666666667,98.60191666666654,106.81921666666642,119.3328,132.00113333333334,132.4839,117.31893333333338,106.1511999999998,100.23599999999998,97.05328333333343,94.41721666666649,92.76555000000018,95.36095000000017,105.53591666666672,120.36996666666673,138.32823333333334,152.20663333333331,149.9147666666665,136.59581666666662,126.24090000000011,121.35443333333333,113.08379999999993
2025-02-20,100.74271666666651,95.77941666666634,92.8033000000001,92.05545000000012,99.8968166666667,113.64543333333334,130.08338333333336,132.03661666666673,112.26046666666666,94.3127500000001,85.88459999999988,76.56435000000013,72.30944999999973,69.23483333333336,71.98866666666653,85.38111666666674,106.03388333333348,132.86383333333316,155.47940000000006,154.31293333333312,139.6616333333331,127.4723499999998,121.60003333333349,109.457616666667
2025-02-21,71.06418333333333,67.3884333333333,64.11291666666665,64.06756666666665,71.26630000000007,87.42271666666672,100.06521666666667,98.065,84.14533333333337,70.90415000000004,64.70604999999999,59.98233333333332,55.170683333333294,50.45086666666666,51.277699999999975,62.94065000000003,80.57856666666659,100.11168333333325,115.31250000000004,119.62428333333327,109.59840000000014,97.30461666666666,87.82575000000001,78.25280000000006
2025-02-22,54.786683333333364,52.542533333333296,51.2188333333334,51.87443333333327,57.44273333333324,66.74313333333336,74.55859999999998,72.19359999999996,61.993866666666676,52.876050000000035,48.36424999999995,45.772833333333395,42.325116666666645,39.4744,39.77856666666662,49.58876666666672,65.86301666666671,87.56230000000014,101.71986666666682,104.09600000000012,95.88056666666671,86.45435000000012,79.70974999999991,71.5193833333333
2025-02-23,85.37366666666662,81.89269999999996,79.78418333333337,79.28938333333318,82.47615000000006,86.06146666666686,83.80383333333332,71.55471666666658,54.72340000000003,41.1301833333334,34.1852333333333,31.140616666666684,28.712966666666627,26.870366666666648,27.771149999999967,36.78254999999995,57.63871666666654,86.81003333333348,105.7758,111.75789999999994,106.7269499999999,98.4022666666667,90.48688333333324,81.37084999999998
2025-02-24,78.7400833333334,75.31045000000003,72.44350000000003,73.1727499999999,80.83254999999996,95.42010000000005,106.22174999999996,100.85039999999995,84.92418333333322,71.38656666666652,64.91431666666661,60.421550000000025,56.374266666666664,52.52796666666672,53.2560333333334,64.21954999999996,80.6539833333333,101.03168333333338,119.01933333333349,121.95870000000015,110.2589833333335,99.16621666666659,91.7000833333333,83.9977500000001
2025-02-25,66.61973333333339,62.69634999999991,59.97243333333329,59.74834999999997,66.99315000000003,79.85459999999999,92.84423333333321,95.29033333333332,81.19529999999988,68.69475000000001,62.027183333333234,58.75856666666665,55.24446666666667,52.859616666666646,54.30844999999993,64.01776666666679,80.77503333333324,100.84116666666664,117.19435,119.93405000000006,106.36131666666694,93.69889999999998,85.00296666666654,77.08088333333339
2025-02-26,91.65929999999997,88.25013333333324,85.10021666666664,85.69301666666651,93.9051166666666,106.65945000000015,114.11303333333346,109.55741666666668,94.5003999999999,81.79974999999978,74.02483333333333,68.86673333333333,64.40314999999994,60.452949999999994,60.73498333333327,71.60760000000006,89.27551666666666,110.34361666666676,127.58931666666659,131.0922166666668,121.5030833333333,111.3445000000001,104.36273333333324,97.09756666666684
2025-02-27,113.84404999999994,110.50510000000003,108.56076666666657,108.34311666666662,115.57148333333326,127.76456666666665,143.05598333333364,148.01691666666673,130.72584999999992,117.16205000000002,109.57208333333335,106.18818333333334,103.64241666666658,101.87729999999999,103.92713333333339,113.62605000000006,129.5811166666667,150.6938500000001,167.36133333333348,169.6221333333333,151.60746666666682,135.93636666666674,129.89038333333326,122.66738333333315
2025-02-28,108.18151666666668,104.30823333333326,101.93158333333339,101.4767666666667,107.33318333333327,117.6951333333334,130.26546666666667,133.45318333333344,117.23253333333332,102.9061,94.34063333333337,90.14141666666676,87.11178333333324,84.69140000000004,86.79140000000015,97.14585000000015,114.01441666666675,134.21021666666672,149.34986666666663,151.51991666666657,136.29431666666667,123.51949999999988,115.60654999999994,108.10916666666655
2025-03-01,94.73378333333324,92.44043333333333,89.18513333333334,88.81099999999996,92.4320166666666,98.08838333333341,98.86928333333334,90.44303333333335,76.39525000000003,63.40914999999993,55.83994999999998,51.45436666666662,46.7973,44.04771666666663,45.42803333333331,55.87308333333329,76.30099999999993,100.0549166666667,117.32128333333321,121.58295000000022,114.95066666666666,106.18196666666663,97.60431666666642,87.3684333333333
2025-03-02,57.46128333333319,55.31101666666669,53.56400000000001,54.034833333333246,58.4921,64.73814999999998,70.72033333333343,69.8219666666667,62.377249999999975,54.03633333333334,50.15105000000004,47.54096666666672,43.8383,41.04166666666667,41.21365000000002,50.75270000000006,66.70639999999997,89.18010000000014,103.19731666666684,105.81458333333342,98.21433333333322,88.14091666666673,81.26474999999992,72.38100000000003
2025-03-03,76.52508333333333,73.5818833333332,71.74306666666669,72.25615000000003,78.36509999999997,89.74153333333342,103.19259999999996,106.09150000000008,96.2925333333334,86.59540000000003,80.61078333333336,77.69704999999989,74.5680666666666,72.25266666666657,73.38368333333318,82.45511666666665,95.56311666666669,109.56628333333327,121.25206666666668,120.54691666666663,107.19553333333346,96.48736666666677,88.55471666666665,81.58645000000003
2025-03-04,89.64066666666656,87.13111666666663,84.48309999999995,84.96988333333324,92.31208333333329,103.16293333333338,111.12683333333317,107.92176666666683,96.30588333333328,85.24651666666652,79.97115000000001,76.34276666666662,73.0088166666666,69.64831666666663,70.02434999999993,78.77555000000007,91.76881666666675,108.01600000000008,121.03039999999991,126.45140000000002,117.50774999999987,106.52568333333336,98.50463333333322,90.37683333333332
2025-03-05,87.48688333333332,84.79018333333325,82.72936666666669,83.19404999999992,91.19989999999999,102.7298833333334,112.87648333333325,111.35323333333334,101.2138666666667,91.41781666666654,85.3584833333333,81.56663333333327,78.17153333333326,75.31991666666663,76.78306666666664,84.66308333333328,97.46523333333332,111.09071666666668,125.32268333333329,126.85495000000003,116.68841666666684,105.90610000000004,98.72033333333326,90.07688333333331
2025-03-06,64.01163333333331,60.54095,58.25804999999999,58.24901666666663,65.38803333333334,80.00953333333328,96.04810000000008,101.48446666666673,91.43368333333332,79.4858666666666,73.44694999999997,69.58541666666666,66.82548333333321,64.25373333333322,66.36309999999992,76.5889,92.41058333333325,108.96948333333343,120.43258333333337,121.68355000000001,109.82146666666685,97.90120000000003,88.89678333333346,80.5717333333333
2025-03-07,69.79666666666665,66.85415000000003,64.47466666666666,64.40246666666661,70.65136666666673,82.2174666666666,93.46686666666659,92.02698333333335,79.11431666666665,67.53058333333328,61.35126666666666,56.59453333333331,52.030450000000044,47.49849999999995,48.31933333333336,57.60249999999995,72.20853333333336,89.93633333333331,105.02608333333335,108.2813000000001,99.69415000000014,89.35023333333325,80.70163333333325,72.22816666666675
2025-03-08,26.969383333333344,24.4572333333333,23.001166666666638,23.77641666666665,27.719433333333335,34.76185000000001,38.35153333333324,33.542183333333384,24.739566666666704,18.137366666666676,15.049216666666677,13.161399999999972,11.777949999999983,10.631566666666666,10.529399999999981,14.724533333333332,25.434366666666673,41.25136666666671,57.51341666666667,65.6425499999999,58.76470000000006,49.782883333333274,43.79669999999992,38.16448333333332
2025-03-09,29.198949999999975,26.345516666666715,25.389666666666677,26.537149999999997,30.744599999999974,39.301566666666645,45.59984999999991,42.47210000000002,34.10725000000005,26.880650000000024,23.993950000000005,22.60331666666667,21.499283333333317,20.819099999999963,21.621416666666658,29.578766666666652,44.430699999999966,64.98735000000005,81.91710000000012,87.46186666666675,76.37676666666674,65.67179999999995,59.772633333333346,53.343533333333255
2025-03-10,83.42388333333325,80.50283333333313,78.83318333333325,79.97738333333322,88.33425000000001,101.07216666666686,113.24038333333347,111.61705000000033,98.30233333333355,88.75204999999983,83.32951666666656,80.15623333333319,78.21839999999996,75.9391,78.31848333333328,88.32660000000008,103.21125000000002,119.94960000000005,131.9764666666667,130.0146833333333,114.7195833333335,103.60270000000001,95.93976666666673,90.08503333333337
2025-03-11,87.21754999999993,84.64310000000002,82.5698666666666,82.74924999999999,89.12333333333319,100.38085000000015,111.43183333333313,111.56453333333356,99.48119999999996,90.21249999999999,84.83506666666666,81.83038333333324,79.53076666666661,77.54681666666664,79.4846833333333,87.38723333333336,100.41138333333333,113.55898333333343,125.29780000000001,124.71413333333311,113.0413666666667,103.05080000000002,94.92129999999992,87.74538333333335
2025-03-12,89.44786666666654,87.0978833333334,85.15078333333331,85.71744999999997,93.05448333333305,102.95346666666693,112.6568333333333,110.9559166666667,97.61826666666671,88.08213333333329,81.93784999999995,79.21744999999984,76.33408333333342,74.30266666666661,75.81774999999995,84.13258333333327,97.13383333333341,113.75158333333353,129.5389833333334,130.08951666666653,117.88611666666681,107.09931666666664,100.15666666666681,92.1426
2025-03-13,99.22384999999989,96.54894999999998,94.36973333333326,93.97356666666653,100.85896666666663,109.91358333333346,120.87706666666672,123.32731666666672,109.57164999999999,99.46901666666656,93.08845000000002,90.04134999999991,86.46063333333335,83.98133333333334,85.18173333333343,93.25306666666664,106.32258333333328,121.14084999999997,135.22666666666672,135.26173333333318,123.43338333333328,112.4716333333334,104.80278333333324,97.29074999999985
2025-03-14,65.1546333333333,61.916933333333304,59.62515000000004,60.03973333333332,66.7825333333333,78.82311666666665,91.88378333333318,94.5823833333334,82.96106666666661,72.47434999999987,65.29306666666665,60.96258333333324,56.93748333333332,53.812099999999894,55.209166666666604,64.97885000000001,80.64796666666659,97.46256666666662,111.99190000000027,113.88355000000023,103.21198333333348,91.4927166666667,82.32088333333334,74.02520000000013
2025-03-15,85.06651666666663,82.89703333333341,80.92123333333332,80.96433333333337,86.07013333333335,93.22981666666686,89.65985000000005,75.90301666666666,54.65966666666666,41.8952666666667,35.9452833333333,32.73716666666664,29.53928333333334,27.30363333333333,28.508133333333323,38.08028333333328,57.16498333333337,81.72413333333324,105.52789999999996,115.8577333333334,110.02440000000007,100.47701666666656,92.27461666666669,84.0757666666667
2025-03-16,85.44128333333325,83.06929999999986,81.4304166666666,81.69016666666658,84.5126000000001,87.90375000000016,87.5944333333332,80.52651666666675,68.63328333333334,58.30321666666668,53.06788333333328,50.29501666666668,47.105766666666646,44.22816666666661,44.070499999999996,53.93681666666666,72.03056666666664,93.81885000000005,109.49935,114.71326666666666,109.52213333333314,101.95056666666649,94.11728333333325,86.8380333333332
2025-03-17,82.51969999999986,79.60021666666664,77.97021666666666,78.41318333333324,86.27571666666657,99.86101666666694,113.93661666666645,114.63343333333377,99.44453333333333,89.12901666666639,83.31896666666667,80.28344999999976,78.24796666666667,76.36428333333326,77.13193333333342,86.19228333333339,99.8882666666667,117.30896666666654,136.25066666666703,131.0227999999999,114.85603333333357,103.9728833333334,95.71965000000013,89.06396666666663
2025-03-18,63.47421666666669,60.787333333333265,58.686849999999865,58.96835,64.64959999999996,75.88374999999986,92.32731666666659,98.93740000000015,85.56166666666654,72.72753333333331,65.01433333333335,61.01833333333333,57.47955000000008,55.128083333333294,55.941166666666646,64.34863333333328,79.90230000000005,99.37110000000025,114.05203333333334,115.2042833333334,100.78806666666681,89.18773333333321,79.05954999999997,72.76663333333342
2025-03-19,52.79066666666671,48.72359999999997,45.71448333333332,45.107800000000026,51.75093333333326,64.71294999999999,75.1117666666666,72.04296666666669,53.36683333333332,39.95088333333328,31.272766666666623,25.92230000000002,22.624199999999984,19.935766666666673,19.75063333333337,27.422299999999996,43.102266666666694,63.149466666666676,82.04871666666672,88.11861666666688,79.52185000000007,69.55108333333328,60.54826666666659,52.57521666666671
2025-03-20,12.639516666666669,10.426199999999993,9.340533333333328,9.629849999999987,14.699616666666643,27.41465000000003,44.042933333333266,47.62996666666685,33.36681666666674,23.4285666666667,19.935499999999998,17.478733333333295,15.000349999999962,14.08484999999997,14.665583333333322,21.42856666666664,35.17121666666669,56.535300000000014,80.38259999999994,85.11026666666662,72.98158333333332,59.3496333333334,47.88826666666664,45.199000000000055
2025-03-21,21.04743333333333,18.16756666666666,16.79431666666666,17.407383333333346,23.660283333333354,35.325016666666656,47.039133333333176,44.51938333333339,27.689550000000047,18.803966666666668,15.421483333333368,12.94431666666664,11.079916666666644,9.877966666666653,10.234316666666668,14.863033333333336,28.47040000000004,45.72886666666662,65.32913333333319,72.28773333333332,60.187166666666755,48.454983333333345,39.4627166666667,35.576750000000004
2025-03-22,8.295783333333345,7.015050000000002,6.419549999999997,6.881116666666672,9.05351666666667,14.20543333333335,16.404383333333353,12.63328333333333,7.588666666666657,4.877849999999981,3.7857499999999975,3.325766666666672,2.9550000000000063,2.7469166666666722,2.8929333333333322,4.233966666666666,8.67673333333334,16.994000000000028,29.253583333333335,38.361666666666615,32.32845000000004,23.77496666666671,21.35708333333337,19.072149999999997
2025-03-23,27.329983333333356,25.41288333333338,24.49430000000004,25.66831666666668,30.17439999999995,39.545700000000004,42.58301666666659,33.05013333333332,21.55298333333335,14.856433333333353,12.817483333333323,11.812066666666647,10.583299999999982,9.924883333333323,10.966583333333341,15.834583333333345,26.118316666666708,45.57445000000005,67.72696666666668,82.38323333333337,70.86873333333348,58.38829999999998,54.324283333333405,48.71203333333322
2025-03-24,46.05926666666671,42.67178333333333,40.48048333333335,40.92544999999993,46.65385000000001,61.84665000000006,77.59306666666662,75.71586666666673,56.74679999999999,42.77719999999998,36.07583333333337,32.65125000000001,30.11474999999999,28.18871666666667,29.501200000000015,37.59433333333333,53.43731666666664,75.84344999999992,96.73161666666664,103.90445000000021,91.2289500000003,78.58413333333316,68.32106666666662,60.80129999999995
2025-03-25,48.07748333333332,44.91571666666658,42.82589999999985,43.476016666666574,49.2720166666666,63.98888333333338,78.95439999999998,72.59671666666665,49.2759833333333,34.43213333333337,26.99586666666666,24.878250000000023,22.500950000000003,20.72350000000007,21.92798333333337,28.550649999999997,44.61486666666667,71.61003333333322,110.1464333333333,118.18931666666698,99.10860000000022,83.70113333333323,70.96815000000007,60.39916666666663
2025-03-26,59.892999999999944,56.643733333333266,53.71508333333324,54.22883333333319,60.699133333333315,74.74930000000003,84.33483333333335,67.09443333333331,43.56436666666661,31.049066666666665,25.26579999999998,22.130416666666644,19.507783333333343,17.73121666666669,18.47366666666667,26.22048333333337,40.946166666666755,67.22591666666662,98.8224833333334,109.24825,99.06000000000019,85.03146666666643,76.14528333333332,66.04174999999991
2025-03-27,69.6702166666667,67.76070000000001,65.84039999999989,67.22093333333326,74.33240000000005,86.02231666666677,89.03398333333338,73.61008333333331,51.45828333333337,39.780599999999986,34.38685000000001,31.07214999999999,27.85974999999998,25.024166666666662,25.591816666666688,33.65076666666667,48.76398333333333,73.4855666666666,103.01916666666659,114.53815000000027,104.19268333333348,92.12718333333338,84.70955000000004,78.22138333333322
2025-03-28,52.61035,47.945849999999865,45.27609999999987,46.3429333333334,53.430916666666526,69.93296666666663,82.0141333333335,52.72355000000012,28.896033333333392,19.832033333333268,15.521949999999983,13.241733333333304,11.06948333333337,9.691733333333348,10.091050000000006,14.985216666666641,26.25366666666668,52.03495,96.72305000000014,106.1725000000003,94.85861666666696,83.03241666666676,68.21439999999997,67.62909999999998
2025-03-29,17.110000000000024,14.449849999999978,13.089283333333311,13.456000000000017,16.944899999999993,22.417150000000042,23.02459999999999,15.824400000000004,8.908816666666644,5.333016666666663,3.8754166666666627,3.1769166666666693,2.580466666666668,2.1493333333333338,2.017233333333335,3.8275499999999956,9.385383333333342,21.547850000000004,39.939949999999925,49.97908333333323,43.70193333333342,34.84448333333324,31.148783333333384,26.34460000000001
2025-03-30,5.904866666666658,4.7983166666666675,4.548299999999997,4.895300000000006,8.502816666666673,12.916433333333336,12.098566666666681,8.27369999999999,4.325366666666667,2.1606000000000054,1.597866666666669,1.7923833333333319,1.1788333333333307,0.9562666666666659,1.185700000000001,2.622216666666671,7.16943333333331,13.261933333333326,25.788500000000038,38.071433333333374,30.88286666666666,21.848200000000023,23.287583333333394,21.116200000000006
2025-03-31,7.139216666666659,6.197299999999999,5.977766666666657,6.639149999999997,11.277666666666654,20.376966666666714,26.24851666666667,21.548216666666743,10.818116666666702,6.241049999999996,4.693299999999998,4.423766666666669,3.7103333333333377,3.5839333333333334,4.107383333333334,6.5025499999999985,13.138133333333334,25.855983333333363,61.32833333333323,75.99681666666679,62.224883333333224,45.703199999999995,35.31825000000003,35.103883333333364
2025-04-01,68.96931666666673,66.6179999999999,65.36379999999987,65.40498333333335,73.26826666666662,87.78633333333343,99.47296666666641,91.02236666666678,65.98355000000002,53.553716666666695,47.77979999999995,44.88711666666674,41.50741666666671,39.600933333333245,40.777866666666675,48.48695000000006,63.40860000000004,86.99005000000005,116.98098333333326,119.90914999999994,102.18855000000019,88.54710000000001,77.67861666666653,69.68555000000005
2025-04-02,30.37510000000002,27.775416666666732,26.575416666666726,27.440783333333364,33.77306666666662,47.6269166666666,54.49976666666652,41.40766666666669,24.510766666666694,17.829216666666674,13.966966666666655,11.96799999999996,10.41859999999997,9.150966666666672,9.236166666666666,13.225550000000021,23.61650000000003,41.61966666666664,70.85874999999986,83.52610000000016,68.93598333333344,56.31269999999992,47.510566666666634,41.67058333333333
2025-04-03,18.196266666666684,15.772366666666667,14.79948333333331,15.729400000000014,22.42983333333335,36.19576666666664,44.56451666666658,34.310100000000055,20.586216666666665,13.94789999999999,11.657049999999995,10.225499999999993,8.826066666666652,8.125849999999987,8.476200000000006,11.656216666666655,20.692866666666696,38.87271666666659,64.77241666666666,76.99553333333336,61.41759999999997,48.8775999999999,42.2297833333334,37.04713333333335
2025-04-04,8.589516666666674,7.17006666666667,6.568533333333337,7.267966666666675,11.003350000000003,20.762500000000017,22.513283333333334,12.929483333333339,7.313499999999996,4.412316666666659,3.5514,2.920700000000002,2.338433333333336,2.056966666666669,2.1950000000000007,3.4601833333333345,7.945183333333339,16.970616666666697,35.61378333333335,45.16358333333333,35.40133333333326,25.65553333333333,20.403266666666728,17.825500000000027
2025-04-05,16.764949999999992,14.5436,13.384116666666646,14.545016666666703,18.94901666666664,27.470133333333386,26.126733333333355,13.103366666666684,7.4116666666666635,4.593699999999999,3.3789500000000015,3.067400000000005,2.560816666666668,2.271233333333336,2.420816666666667,4.153699999999999,8.72194999999999,20.04771666666666,40.26191666666655,56.23143333333331,47.18004999999994,35.69986666666664,32.702150000000074,27.460266666666715
2025-04-06,44.558849999999964,41.85421666666658,40.639149999999916,40.91778333333329,44.77869999999991,53.46598333333323,53.45226666666669,42.66243333333333,29.381833333333397,23.570766666666657,20.12676666666669,18.164799999999982,16.763033333333336,15.414916666666674,15.363216666666665,21.388966666666697,35.394450000000056,54.60926666666667,80.97161666666665,91.69046666666671,81.57966666666665,69.85495000000009,63.55598333333351,55.770116666666546
2025-04-07,40.748816666666634,38.649766666666565,37.844083333333316,39.39109999999993,45.863299999999946,62.798933333333274,67.50423333333323,52.27343333333344,33.82439999999996,24.75203333333333,21.05156666666669,18.992599999999992,17.301966666666658,16.086450000000013,16.546483333333317,22.454950000000043,35.937783333333364,56.61939999999995,86.35608333333323,99.45346666666687,84.05979999999997,70.61768333333332,64.71706666666677,56.37338333333327
2025-04-08,70.05355000000003,67.46846666666676,65.1530999999999,67.48066666666662,75.4459833333332,92.75251666666676,92.15311666666669,70.86678333333346,48.4599,37.06108333333336,32.4465833333333,28.812266666666705,25.416816666666662,22.227716666666687,23.0741166666667,30.16741666666668,44.08041666666667,68.87993333333327,97.2480333333334,108.45575000000022,97.58713333333351,85.4785166666666,76.73294999999997,69.07508333333335
2025-04-09,44.41451666666666,42.183949999999946,41.45023333333331,43.644699999999986,51.93393333333323,71.27705000000006,70.10396666666661,47.64941666666676,28.867500000000007,19.98884999999999,16.18493333333336,14.043649999999968,12.21971666666663,10.673716666666678,11.143216666666664,15.650983333333352,26.092566666666627,47.944183333333264,81.84091666666663,96.20975000000027,80.3296999999999,67.85876666666657,59.811950000000046,52.45963333333329
2025-04-10,23.869233333333376,21.437866666666718,20.34598333333334,21.762300000000018,28.283950000000036,43.68551666666658,47.14288333333332,29.70015000000005,16.368399999999983,9.5485,7.097816666666661,5.649716666666661,4.621533333333332,3.7241666666666635,3.72033333333333,6.016733333333318,12.800983333333338,28.607333333333287,52.710799999999935,64.73941666666664,51.920266666666635,40.57471666666654,34.2953666666667,28.264300000000016
2025-04-11,20.592950000000005,19.125650000000025,17.918950000000027,19.43266666666669,25.66304999999996,41.35739999999983,40.32768333333332,21.58858333333335,11.270833333333295,5.392633333333331,3.9195999999999973,3.161850000000007,2.5464166666666745,2.112050000000002,2.2129333333333365,3.9342666666666606,9.577233333333321,25.03241666666665,49.68474999999992,67.7573833333334,54.15178333333328,40.15573333333323,35.77111666666672,29.448333333333327
2025-04-12,25.847150000000017,23.63605000000003,22.76760000000004,23.894833333333345,28.250216666666613,37.72028333333324,37.64809999999999,26.74128333333335,18.968816666666665,15.053049999999988,12.845849999999997,12.040883333333312,11.147116666666642,10.787599999999994,11.415616666666674,15.446050000000014,24.482650000000017,40.754916666666624,61.64034999999988,71.03326666666673,60.69813333333339,51.80684999999993,45.97653333333336,40.12136666666664
2025-04-13,30.924300000000002,28.48008333333337,27.74523333333337,28.247099999999985,31.15563333333334,35.5220499999999,30.377000000000063,19.57551666666667,11.7001833333333,7.129800000000007,5.203583333333345,4.602616666666668,3.833533333333335,3.419833333333335,3.4259666666666666,7.063083333333311,14.703566666666653,29.822100000000002,51.979966666666584,66.84388333333327,57.20724999999991,48.77155,44.12278333333329,38.75315000000001
2025-04-14,33.53898333333332,31.571483333333394,30.402183333333348,31.87598333333328,37.69578333333333,53.27594999999982,54.295916666666585,37.905033333333364,21.409150000000007,13.09695000000001,10.585866666666677,8.546483333333324,7.079316666666653,5.931533333333318,5.759066666666668,9.079433333333347,17.537883333333312,35.08678333333326,60.323833333333255,73.99091666666662,63.65313333333328,52.49153333333327,45.657166666666605,39.72491666666663
2025-04-15,8.635466666666668,7.375633333333338,6.66246666666666,7.547999999999989,10.353799999999987,18.352750000000018,18.481833333333324,10.696283333333323,5.575716666666653,2.4823833333333383,1.7097166666666692,1.2265833333333336,0.7134499999999996,0.5807833333333334,0.6102833333333343,1.3478999999999994,4.0482833333333295,10.375316666666663,23.320966666666678,33.004649999999955,25.513216666666676,17.831250000000033,16.10029999999999,12.998449999999995
2025-04-16,11.837866666666674,10.726016666666665,9.911399999999999,11.357466666666676,16.513699999999982,25.274033333333396,24.043883333333333,12.549133333333316,5.905883333333329,2.3168666666666655,1.2942500000000028,1.0725666666666671,0.5826833333333338,0.44928333333333353,0.5179166666666672,1.4720333333333333,4.8465500000000015,14.061266666666679,30.446050000000024,45.86831666666664,37.049799999999976,26.638366666666666,26.908333333333356,22.53531666666672
2025-04-17,16.0884,14.293633333333325,12.64878333333334,14.31673333333334,19.620999999999956,28.71326666666666,27.304416666666672,13.872566666666666,6.54788333333333,3.354566666666669,2.260116666666667,1.9886166666666676,1.6109499999999994,1.4816833333333337,1.6309166666666675,3.2787166666666643,8.065166666666686,21.583550000000006,44.04936666666663,61.59866666666662,51.354650000000035,39.454699999999946,38.88736666666674,32.78330000000002
2025-04-18,25.258699999999994,23.284583333333323,22.261083333333346,23.526016666666642,27.45844999999997,35.61209999999993,31.729433333333283,18.191783333333326,9.126566666666653,4.528583333333323,3.113783333333333,2.3441333333333376,1.7731833333333358,1.3159833333333346,1.3738666666666686,3.158066666666664,7.835100000000002,21.274416666666667,44.16666666666664,59.66353333333326,51.21270000000006,40.66781666666663,37.23603333333333,31.535516666666645
2025-04-19,5.314416666666662,4.351583333333335,4.004833333333332,4.294966666666665,6.236083333333336,8.87871666666667,8.355833333333326,4.773400000000001,2.47223333333334,1.372583333333335,1.0225333333333344,0.7999333333333335,0.49813333333333343,0.41385000000000055,0.42638333333333395,1.0328666666666666,3.1548500000000015,7.827366666666666,17.508433333333333,26.03135000000006,21.62511666666665,15.772566666666664,13.235299999999983,12.96021666666667
2025-04-20,4.247499999999994,3.5381666666666662,3.523216666666657,3.9915000000000007,7.163250000000002,10.731633333333347,9.163533333333334,4.255283333333337,1.7941833333333386,0.5212833333333329,0.2376666666666667,0.3413333333333331,-0.14376666666666688,-0.32159999999999983,-0.1779666666666666,0.8553333333333338,3.428900000000003,8.256016666666655,23.74470000000006,36.74483333333338,30.267999999999986,21.80276666666663,20.473333333333326,20.093850000000007
2025-04-21,26.603133333333343,24.544949999999996,23.738650000000035,25.22954999999999,30.863566666666628,43.928966666666625,42.81149999999998,27.719883333333314,17.38991666666667,11.845416666666672,9.914316666666675,8.905716666666669,7.9758666666666675,7.4840000000000035,7.900766666666669,12.799050000000001,21.568116666666675,38.62433333333335,63.26554999999997,79.3257333333334,66.12496666666675,54.296283333333264,49.308716666666655,42.74836666666663
2025-04-22,69.51286666666672,66.51266666666677,64.30438333333319,65.3626,73.77339999999995,94.18741666666659,97.12840000000001,77.33625000000005,53.642916666666636,40.83711666666671,35.38086666666662,31.624233333333347,27.998399999999965,25.710250000000027,26.605249999999987,33.615283333333394,46.42168333333329,71.29564999999992,101.86401666666654,109.71685000000016,95.7801166666667,81.76483333333333,69.96549999999993,61.55088333333337
2025-04-23,60.54226666666676,59.07248333333333,56.66609999999986,58.4872,65.22168333333339,81.95981666666667,80.55243333333341,56.28798333333339,35.28043333333332,24.97071666666663,20.819533333333382,17.015666666666664,14.261166666666664,11.84925000000001,12.497116666666654,18.30188333333334,29.317766666666635,53.11985000000002,82.95251666666655,96.09615000000026,85.5235166666666,74.43281666666675,64.90063333333335,58.1114666666667
2025-04-24,54.306566666666704,51.57463333333326,49.98493333333325,51.541066666666644,57.586099999999874,68.39918333333335,61.12106666666663,39.607333333333365,22.08331666666668,15.116633333333324,12.760116666666667,10.53519999999997,8.58084999999999,6.692150000000002,7.010883333333339,11.066733333333342,20.509266666666672,42.133066666666714,72.56266666666657,90.24136666666679,82.89604999999992,71.39918333333331,63.45661666666665,56.72891666666659
2025-04-25,56.53866666666677,55.30996666666656,54.23914999999986,55.93164999999991,62.31383333333328,75.43174999999992,69.8578333333333,47.05000000000019,28.73789999999999,20.965066666666633,18.202766666666662,15.463399999999972,12.435599999999985,10.06578333333332,9.98024999999996,14.09821666666665,23.594500000000018,47.1269,76.70848333333325,92.59046666666676,84.60824999999984,72.74263333333326,65.29730000000006,57.60836666666666
2025-04-26,18.47136666666668,16.39035000000002,15.405983333333328,16.193533333333328,18.347466666666694,24.203916666666665,21.34366666666666,12.379533333333336,5.717716666666661,2.752749999999993,1.8855333333333355,1.3574833333333334,0.9899833333333347,0.629416666666668,0.5216166666666677,1.7236499999999997,5.532466666666669,16.309849999999983,35.33109999999994,46.88326666666662,41.38481666666669,33.37781666666658,29.00648333333334,23.741533333333326
2025-04-27,6.160649999999984,5.452000000000018,5.30701666666666,6.097016666666669,8.717866666666696,13.159683333333362,10.598500000000023,4.726933333333321,2.255733333333339,0.8615666666666671,0.4173666666666665,0.005699999999999997,-0.38665000000000094,-0.37424999999999964,0.15974999999999967,1.1434666666666684,4.522199999999997,10.988933333333344,31.22718333333332,49.70319999999992,44.086349999999975,29.269649999999945,26.98073333333333,23.946133333333353
2025-04-28,23.476483333333363,21.694916666666657,20.604883333333344,22.11016666666665,29.204099999999944,39.99001666666654,38.980549999999944,24.67574999999996,13.304499999999967,7.140266666666659,5.693133333333329,4.659016666666668,3.663683333333338,3.1200666666666645,3.2441500000000056,5.826849999999986,13.900649999999995,32.106999999999985,57.929266666666614,76.58220000000004,63.160516666666666,49.16398333333323,44.206066666666636,38.35929999999999
2025-04-29,13.349033333333336,11.93039999999999,10.974000000000013,12.163133333333317,17.129116666666647,27.135416666666718,26.57883333333333,16.236483333333354,7.430249999999983,3.675599999999999,2.6138999999999992,2.020983333333335,1.4802000000000006,1.2203666666666693,1.322400000000003,2.5909333333333335,7.7875500000000075,18.870950000000036,38.23505000000001,52.537766666666535,41.90724999999998,31.6637833333333,27.170616666666703,23.436266666666704
2025-04-30,16.543550000000035,15.164466666666668,14.05043333333334,15.967700000000038,21.57588333333329,32.103933333333295,29.63423333333334,14.835816666666679,7.809683333333336,3.4813000000000027,2.496349999999998,2.080833333333335,1.4824666666666677,1.222516666666668,1.317800000000003,3.008399999999999,7.172650000000004,19.84128333333332,42.323583333333374,65.13229999999999,53.435783333333376,37.8505833333333,35.95330000000003,29.10841666666672
2025-05-01,25.800233333333356,23.872516666666677,22.95610000000001,25.052666666666685,31.340849999999996,40.93684999999989,36.07436666666661,19.71530000000001,10.009199999999979,5.315733333333328,4.051483333333335,3.0450666666666724,2.0881666666666674,1.5831000000000024,1.6693333333333364,3.6853666666666625,8.812200000000002,21.105900000000034,45.89279999999994,65.7228833333333,55.3791,41.80011666666661,35.031866666666716,29.594116666666693
2025-05-02,10.557866666666682,9.718716666666683,9.249283333333343,10.756300000000014,16.483500000000024,24.088616666666717,21.952550000000056,10.13165,4.563133333333331,2.002550000000005,1.134183333333334,0.7742833333333335,0.20610000000000006,0.11091666666666652,0.4850833333333341,1.9318166666666696,6.013366666666665,16.130316666666676,39.50033333333328,60.73011666666667,50.53974999999998,36.282866666666614,33.70098333333337,27.697366666666674
2025-05-03,24.492866666666654,22.654649999999986,21.831166666666675,23.41450000000001,29.542099999999937,36.81879999999988,30.122066666666633,14.843966666666665,7.665466666666649,3.6958499999999987,2.255616666666672,1.636233333333336,1.012816666666667,0.8311166666666674,1.3079500000000037,3.8223166666666626,10.600583333333326,26.693133333333364,52.23216666666658,72.75810000000006,60.67468333333334,47.734400000000036,42.2338000000001,36.60508333333335
2025-05-04,23.508749999999967,21.02156666666663,20.35398333333338,22.466716666666695,28.966549999999934,35.23754999999994,29.102249999999966,13.327449999999994,5.720833333333332,2.515700000000005,1.5724666666666667,0.8734833333333321,0.5428833333333342,0.26439999999999986,0.5827333333333338,2.273499999999999,7.352449999999987,20.616783333333387,43.04358333333333,64.46254999999998,56.17448333333331,43.61714999999998,37.25773333333341,32.45568333333332
2025-05-05,16.13098333333334,14.678266666666687,13.877316666666651,15.747916666666672,22.42065,30.066583333333348,26.99660000000001,13.757033333333338,6.635316666666655,2.5178666666666696,1.71131666666667,1.1771000000000011,0.5128833333333344,0.17089999999999977,0.27901666666666713,1.8401500000000013,5.645783333333337,14.591600000000017,33.36275000000002,53.0674666666666,43.930616666666715,31.300316666666653,28.44618333333343,23.7005666666667
2025-05-06,5.014733333333319,4.4358000000000075,4.080099999999997,5.204216666666664,9.253483333333346,18.82116666666668,15.780616666666708,6.2479166666666615,1.7829166666666696,0.5815833333333348,0.0010166666666666846,-0.2795833333333333,-0.5678000000000005,-0.5988666666666652,-0.3491166666666654,0.36286666666666684,2.427600000000003,8.242033333333339,28.635733333333302,48.71045000000002,39.01644999999988,24.553233333333317,21.70981666666668,17.15053333333335
2025-05-07,11.386566666666699,10.366100000000012,9.829683333333342,12.134350000000026,18.77633333333332,30.280849999999962,26.231383333333394,11.292533333333331,4.64079999999999,1.8082833333333375,0.9476833333333357,0.28568333333333346,-0.2192166666666668,-0.28410000000000013,-0.004200000000000007,1.4990000000000014,4.5145666666666715,14.608983333333347,38.881149999999934,60.93613333333331,49.316199999999874,34.56219999999992,28.837183333333368,22.281983333333326
2025-05-08,19.331100000000003,17.09865000000001,16.531783333333358,18.64981666666667,25.741483333333264,38.21791666666658,34.40098333333331,16.5647,8.711616666666655,4.993949999999999,3.68728333333334,2.959433333333336,2.177966666666666,1.8841666666666674,2.011733333333337,4.606199999999988,9.68631666666668,24.651050000000033,46.66519999999999,66.83085000000003,53.49191666666654,40.4125833333333,33.79803333333334,28.73988333333338
2025-05-09,15.79078333333332,12.90070000000003,12.711199999999977,15.367650000000046,22.54511666666666,35.71844999999999,32.60158333333331,12.710766666666693,5.295983333333327,2.566083333333334,1.648616666666666,1.2057000000000009,0.7099500000000021,0.4278666666666673,0.4061500000000002,1.9622833333333327,5.273649999999993,18.86636666666671,39.85468333333324,62.717266666666646,46.93861666666655,33.275516666666654,27.27736666666676,21.956799999999962
2025-05-10,21.489299999999943,18.03016666666664,16.94326666666669,18.30666666666666,22.69744999999997,26.896250000000002,21.688149999999972,9.67705000000001,4.282716666666673,1.5940999999999994,0.7159999999999989,0.2612833333333337,-0.2032333333333338,-0.4881499999999996,-0.37710000000000027,1.2307166666666673,4.541483333333329,14.452700000000032,36.39126666666661,56.032899999999934,47.74901666666679,36.68903333333331,30.74031666666669,25.404666666666685
2025-05-11,7.790533333333347,6.864433333333338,6.606799999999991,7.702483333333338,10.901216666666686,14.337233333333373,10.568166666666679,3.9569000000000014,0.6504500000000022,-0.6265333333333328,-1.0252000000000001,-1.5858999999999968,-2.009899999999998,-2.1618833333333307,-1.700583333333329,-0.619966666666666,1.5296500000000008,7.897900000000013,28.41374999999997,51.76800000000007,43.398316666666545,29.07408333333329,22.278499999999955,17.787283333333324
2025-05-12,13.929416666666702,12.262950000000009,12.029533333333331,14.54098333333335,22.95921666666664,33.28619999999992,29.315450000000013,13.217099999999995,5.031449999999998,1.7325333333333397,0.9937333333333342,0.5963333333333335,-0.08105,-0.3703666666666665,-0.12081666666666661,1.9381000000000017,6.582233333333339,20.016516666666693,43.84273333333338,71.1333833333334,57.169866666666714,39.95664999999996,34.60345000000005,28.863833333333403
2025-05-13,46.5252499999999,44.18731666666659,43.75833333333327,45.704416666666674,55.10306666666653,81.14180000000005,76.88451666666673,49.369000000000064,29.506900000000005,20.45408333333329,17.197900000000033,15.353483333333298,13.584433333333315,12.181200000000022,12.681949999999977,17.119566666666692,28.73418333333333,51.674650000000014,89.78319999999994,106.13113333333344,87.79894999999978,73.55093333333318,65.77931666666677,57.52164999999995
2025-05-14,46.42261666666674,44.050699999999885,43.4969333333332,46.04893333333346,57.61904999999993,83.20336666666665,74.96869999999996,45.761733333333474,23.12480000000002,15.201733333333305,12.275183333333336,10.313633333333263,8.73051666666666,7.724633333333318,7.963766666666659,11.387033333333322,24.557816666666685,46.07280000000005,85.15456666666635,104.75538333333344,86.96963333333335,69.45031666666657,60.378500000000116,51.20329999999999
2025-05-15,20.348550000000003,18.302750000000003,17.067350000000015,19.308716666666683,25.554016666666648,37.845099999999945,35.36928333333331,19.48195,8.701966666666642,3.4618666666666664,2.092166666666665,1.153350000000003,0.6045666666666678,0.12748333333333323,0.2756000000000007,1.6897333333333344,5.639583333333337,15.918316666666687,36.6206833333333,53.83866666666656,42.61853333333334,31.926333333333307,23.773700000000076,18.206266666666647
2025-05-16,6.79078333333332,5.783616666666676,5.5591499999999945,6.998899999999995,12.088600000000028,20.751716666666688,16.550750000000026,6.5724333333333265,1.3588666666666698,-0.14681666666666665,-0.5380499999999998,-1.021283333333332,-1.4135666666666638,-1.612749999999996,-1.4808499999999971,-0.2618166666666666,2.1741,8.627900000000004,28.338733333333312,49.74464999999992,40.987049999999854,28.03673333333328,22.694549999999968,18.004049999999975
2025-05-17,16.641650000000016,14.723416666666695,13.681616666666669,16.202083333333338,22.047766666666647,27.82836666666666,22.374883333333347,8.527533333333327,2.3764666666666705,0.059366666666666734,-0.6642500000000005,-1.165216666666664,-1.603116666666667,-1.9032166666666661,-1.5096166666666624,0.05079999999999989,3.2284333333333337,14.073750000000036,39.076750000000054,66.46899999999988,56.55344999999996,40.415049999999944,33.26828333333339,25.964466666666727
2025-05-18,20.32435000000005,17.62191666666665,16.26040000000003,18.15118333333335,21.465083333333393,23.984466666666627,17.606533333333367,6.0651499999999965,1.1657000000000024,-0.7891000000000001,-1.6694666666666667,-2.38441666666666,-3.2439999999999984,-3.4292333333333316,-3.034616666666668,-1.2349999999999994,2.7452833333333437,11.48625000000007,33.642533333333375,55.3465666666666,48.976399999999906,37.14214999999993,31.20421666666673,24.23566666666674
2025-05-19,16.88401666666669,14.920266666666684,14.297883333333317,18.622233333333334,28.931299999999975,40.128683333333214,34.101349999999975,13.808533333333344,3.9878166666666655,0.576000000000001,-0.33295,-0.8079499999999997,-1.7741166666666637,-2.2234166666666657,-2.0528166666666636,-0.18075000000000005,3.327533333333337,12.62958333333337,35.935466666666656,66.76589999999979,55.69791666666663,37.937433333333274,30.08028333333339,23.57111666666673
2025-05-20,16.008466666666678,14.672550000000017,13.70245000000002,18.664416666666675,28.912166666666636,41.63001666666654,34.666183333333365,13.47288333333336,4.746983333333327,1.1611666666666693,0.20433333333333284,-0.1977499999999999,-0.7575499999999996,-0.9963166666666653,-0.8061999999999991,0.4864166666666674,3.435350000000007,12.826100000000004,36.28725000000003,63.41149999999988,52.1534666666667,36.65591666666661,29.786400000000103,23.48005000000004
2025-05-21,19.814216666666663,17.69656666666663,16.89271666666668,22.054583333333365,31.884199999999975,43.40818333333323,34.97926666666669,14.190100000000026,5.4555499999999935,1.28415,0.4564833333333335,-0.10266666666666695,-0.6566666666666685,-1.134649999999998,-1.0292666666666628,0.6917666666666656,3.671866666666675,12.914183333333371,35.92023333333326,64.1499333333332,54.88636666666665,39.19928333333324,32.88258333333341,26.555783333333395
2025-05-22,10.86406666666669,9.077600000000007,8.408700000000009,10.4995,14.99923333333335,23.919150000000037,19.09353333333336,7.793749999999998,2.319450000000004,0.5097999999999995,-0.26436666666666625,-0.6017999999999998,-0.9646000000000006,-1.2315499999999975,-1.1977999999999978,-0.4047166666666659,1.4690666666666647,6.60291666666667,22.598283333333324,39.59443333333323,31.021649999999983,21.70244999999999,17.627149999999993,13.277599999999987
2025-05-23,5.618799999999993,4.639116666666665,4.311633333333325,5.337466666666669,8.95708333333334,16.093366666666686,11.213716666666663,4.556883333333328,0.9010000000000006,-0.3540666666666661,-0.8638833333333322,-1.088366666666667,-1.3917166666666674,-1.52715,-1.4449166666666653,-0.44651666666666623,1.8740833333333327,6.853750000000004,21.285016666666678,37.80361666666661,29.37781666666662,19.089916666666635,16.28946666666664,12.861966666666651
2025-05-24,10.591166666666682,9.372583333333353,8.43991666666667,10.88260000000002,14.896149999999988,19.80759999999998,13.539500000000022,3.7623666666666638,-0.1601500000000003,-1.5328333333333328,-2.3331666666666666,-2.751783333333329,-3.2782333333333273,-3.3992666666666627,-3.109166666666665,-1.3540833333333313,1.3015833333333353,8.117466666666683,29.93943333333331,55.2822499999999,48.00573333333319,32.86159999999993,26.434866666666643,19.884466666666682
2025-05-25,17.02016666666665,15.412500000000012,14.455183333333308,17.56383333333336,21.687916666666688,25.067066666666605,16.04501666666673,4.677366666666667,-1.0968666666666649,-2.735649999999992,-3.758216666666665,-3.9536333333333338,-5.101283333333342,-5.185250000000008,-4.72661666666667,-2.7973166666666613,0.7557999999999993,7.549266666666681,27.651516666666684,53.578766666666546,48.81041666666672,36.51699999999987,28.43746666666669,22.51538333333341
2025-05-26,16.394100000000034,14.336833333333336,13.480400000000007,16.859133333333336,24.587300000000035,34.779566666666604,28.40528333333338,13.38108333333336,5.558850000000004,2.5116333333333385,1.7151666666666703,1.0089833333333342,-0.005400000000000006,-0.7832166666666669,-0.826449999999999,1.888583333333338,6.804433333333357,15.951316666666665,37.399400000000014,61.56733333333319,51.99048333333335,37.14054999999992,33.013333333333385,27.21248333333341
2025-05-27,21.106466666666627,18.755333333333347,18.896566666666665,22.62208333333337,31.540566666666685,46.84571666666651,37.22291666666663,16.646050000000006,7.655249999999985,3.169983333333336,2.2044666666666703,1.5165666666666684,0.8138666666666673,0.2599500000000005,0.24774999999999983,2.4009333333333376,7.259116666666674,19.432433333333407,45.07893333333325,73.85284999999993,59.82219999999995,42.55183333333328,35.768650000000044,29.850566666666662
2025-05-28,30.29743333333326,27.491566666666696,26.961733333333346,30.04705000000003,39.5719833333333,56.9503166666665,50.78749999999995,29.206800000000033,14.172866666666659,8.33996666666665,6.780383333333325,5.596949999999995,4.493250000000002,3.903183333333337,4.2275333333333345,7.020799999999981,14.303150000000024,30.650083333333374,59.06113333333326,84.52655000000009,69.91338333333333,53.012433333333284,43.01501666666668,36.34203333333333
2025-05-29,42.19113333333336,40.18924999999994,39.431366666666605,41.97349999999995,51.5637,70.66654999999987,65.25408333333323,41.804566666666716,23.34618333333334,16.185316666666644,13.304649999999981,10.827383333333287,9.191333333333315,8.156883333333333,8.449233333333321,12.836416666666677,22.95958333333333,41.80610000000003,76.09313333333326,97.50606666666691,85.94505,68.67571666666673,59.77941666666667,52.4026166666666
2025-05-30,46.522566666666805,43.72334999999999,42.38138333333333,44.443883333333254,52.19648333333339,68.94431666666664,66.27418333333337,43.2159166666668,21.997200000000056,14.958833333333292,12.088983333333298,10.19476666666665,8.894316666666674,8.250583333333344,8.689799999999956,11.944883333333307,23.99445000000005,45.592983333333386,80.9059833333331,106.29165000000003,92.67226666666663,70.57783333333343,60.22855,52.534916666666554
2025-05-31,81.15565000000015,78.70679999999987,78.26053333333319,78.91751666666666,85.39608333333328,92.88216666666682,83.25153333333328,65.21383333333331,45.691300000000105,33.57790000000005,28.85353333333338,26.04983333333336,22.684583333333304,20.139866666666673,20.815933333333327,26.49068333333334,40.608299999999936,65.51096666666672,93.5956999999999,109.34866666666659,103.83261666666671,91.91261666666654,81.69956666666666,73.24508333333345
2025-06-01,40.45926666666668,37.96948333333324,37.284883333333326,38.47924999999994,41.73184999999998,45.85791666666651,35.834466666666586,17.389016666666667,7.5515666666666625,4.2215166666666635,2.9542000000000006,2.12561666666667,1.590083333333335,0.9861833333333324,1.083149999999999,3.082050000000003,11.141549999999995,30.011333333333326,55.011966666666524,73.23541666666671,69.14206666666661,57.79876666666661,51.84714999999999,45.250583333333196
2025-06-02,23.663316666666674,21.777716666666688,21.254533333333367,23.494983333333323,30.475333333333342,42.500683333333214,38.63448333333328,24.175500000000024,12.466333333333319,6.467883333333319,4.985116666666657,4.142766666666665,3.210150000000006,2.543750000000006,2.7261500000000045,5.6902666666666555,12.832733333333353,28.419433333333327,53.120883333333296,77.65255,66.65511666666673,48.97494999999996,42.76338333333332,36.49975000000001
2025-06-03,64.77626666666676,62.35954999999994,62.37523333333318,63.33096666666677,74.54168333333331,94.25494999999995,86.44888333333333,62.20198333333347,39.173166666666695,29.05698333333334,25.298250000000028,22.31901666666669,19.598083333333317,17.28548333333332,17.48538333333331,21.957533333333366,34.93411666666669,56.45228333333334,89.8935666666665,108.97915000000008,98.1181833333333,82.12921666666666,73.8862166666666,65.10349999999994
2025-06-04,77.91908333333345,74.99783333333326,74.40234999999987,76.69245000000008,85.99270000000001,102.11188333333342,91.42874999999997,67.31281666666679,47.11226666666666,34.99093333333333,31.593866666666692,28.20916666666666,25.47741666666667,22.824116666666665,23.559316666666675,28.68763333333336,40.87686666666664,64.21686666666669,92.01370000000003,111.7414666666666,104.06196666666665,90.57683333333333,84.49049999999998,77.01094999999995
2025-06-05,85.96685000000004,83.69418333333324,82.98443333333309,84.91340000000007,93.64406666666673,106.36036666666672,96.59614999999975,75.02411666666677,55.142383333333235,42.52066666666676,38.56229999999993,34.996866666666676,32.095399999999984,29.36078333333334,29.827300000000026,36.27318333333342,50.21295000000011,75.4850166666667,104.68836666666667,120.13868333333336,112.59363333333327,99.89849999999987,94.56590000000003,86.06948333333327
2025-06-06,101.84833333333333,100.10768333333331,98.62588333333312,100.71493333333352,107.23023333333303,116.59426666666681,108.59886666666645,88.80116666666676,70.7766166666666,58.668333333333415,54.41653333333332,51.346666666666735,47.73688333333342,44.66873333333337,45.27776666666678,52.85475000000005,67.09419999999986,92.50001666666677,118.02518333333323,134.2882833333329,125.65876666666657,113.44044999999984,110.66355000000017,104.89246666666664
2025-06-07,95.60445000000003,93.39518333333326,93.02678333333328,93.20985000000005,97.0909500000001,98.62810000000007,83.9966833333333,57.906649999999914,35.55014999999996,25.91299999999995,21.49340000000001,18.540583333333323,16.323633333333337,15.129133333333332,16.10019999999999,22.43656666666666,37.39775000000002,67.58896666666664,99.01171666666652,114.93999999999996,114.5624833333331,103.70518333333307,97.64388333333314,87.83314999999989
2025-06-08,74.7774666666667,72.55523333333318,71.44931666666653,72.58393333333332,76.32435000000001,77.40220000000018,55.79011666666664,33.59756666666666,19.31895,12.496849999999995,10.228133333333323,8.654850000000001,7.044900000000018,5.463833333333334,5.413316666666665,8.57239999999999,18.61623333333336,44.19351666666676,76.84876666666665,98.9516499999999,98.91611666666671,87.5232499999999,79.47233333333351,71.2213333333334
2025-06-09,79.19441666666677,76.99499999999998,76.4191833333331,78.77798333333331,88.24063333333325,102.60418333333332,97.46079999999992,75.23953333333344,55.06985,43.66205000000006,39.28261666666664,36.59809999999999,33.277566666666665,30.50005000000001,31.34898333333336,38.10148333333338,51.37126666666674,75.64385000000003,105.68178333333319,120.15986666666672,111.08346666666657,97.67441666666645,92.83368333333334,84.58956666666663
2025-06-10,99.75518333333336,97.95068333333342,96.59533333333319,98.10055000000015,106.47726666666658,116.87796666666677,115.78711666666665,102.27213333333339,86.76220000000015,76.79516666666672,72.10580000000002,69.7428166666667,66.9598333333334,63.68449999999999,64.51473333333337,71.80468333333329,84.33866666666667,103.89840000000004,124.39650000000006,132.90929999999977,123.35156666666663,112.85995000000005,107.55394999999984,101.13903333333313
2025-06-11,102.18721666666663,101.4613166666665,99.78349999999976,100.69586666666666,106.47269999999983,113.1482666666668,110.56281666666662,100.00376666666675,87.56759999999998,76.67556666666664,71.48008333333323,68.08133333333333,64.6930666666667,62.0698999999999,62.67904999999994,69.94673333333326,82.15056666666663,100.66886666666682,116.3625833333334,125.31818333333341,120.20751666666642,111.25103333333357,105.2720999999999,99.91683333333327
2025-06-12,91.82766666666666,90.40229999999987,89.5026833333332,90.81133333333332,97.68948333333327,105.20668333333329,94.95296666666663,69.15533333333326,46.247483333333314,36.16133333333332,32.25486666666664,29.473633333333314,27.195516666666652,25.021100000000004,25.115350000000014,30.647616666666696,45.64226666666663,72.75728333333323,104.4269999999999,120.13079999999995,117.36658333333331,105.98534999999987,100.62753333333335,93.62695000000001
2025-06-13,104.39979999999993,103.3495499999999,102.21814999999968,103.8936499999997,109.33753333333327,114.91101666666708,108.2622666666666,81.26901666666647,58.28026666666648,47.90693333333343,43.42054999999996,40.78809999999996,38.711616666666714,36.57399999999999,37.22731666666671,43.66803333333334,58.48273333333332,87.82031666666677,113.33133333333326,129.83404999999982,127.40431666666642,114.84056666666649,110.92266666666626,104.96673333333314
2025-06-14,96.76153333333345,95.3419499999998,94.68841666666654,95.74546666666659,99.78743333333341,100.19886666666686,83.76953333333334,59.55333333333326,39.720049999999965,29.790549999999993,24.98608333333337,22.111016666666657,19.787616666666636,17.771966666666675,19.59925000000001,26.876549999999998,40.45000000000001,69.53058333333335,99.25574999999995,117.16458333333318,115.3798166666665,105.57159999999998,99.27266666666645,91.46758333333328
2025-06-15,69.38021666666666,65.64513333333328,63.55366666666667,64.15023333333333,67.46383333333344,65.73420000000009,45.78401666666664,23.159166666666692,12.443399999999974,7.406549999999995,5.861083333333327,4.860100000000004,3.8516333333333432,2.8055999999999988,2.939016666666671,5.116600000000009,12.616699999999991,36.60778333333338,73.44893333333323,95.27181666666658,95.19425,84.3293166666667,77.11110000000009,67.24286666666661
2025-06-16,22.529516666666645,19.91176666666668,18.731400000000004,20.879300000000004,29.813033333333326,44.40881666666653,50.11381666666649,36.98388333333337,21.916666666666668,12.988333333333326,10.71681666666668,9.420333333333335,8.092933333333326,7.500316666666665,7.862983333333344,12.067366666666661,23.573266666666658,45.339816666666586,78.68946666666666,97.56794999999995,80.5500499999999,62.50188333333333,55.44058333333336,47.600666666666605
2025-06-17,109.43669999999992,106.709,104.1151166666665,105.40073333333335,112.0303833333333,120.59785000000021,124.04246666666678,116.3247333333333,99.50436666666651,85.49286666666664,79.15181666666659,76.26633333333328,73.36351666666661,70.70391666666666,71.55151666666661,79.82085000000002,94.73775000000015,118.50864999999986,136.29568333333324,145.58033333333307,131.63751666666653,119.87863333333325,114.32153333333338,108.0035333333334
2025-06-18,110.43055000000008,108.80721666666646,106.82864999999978,107.61189999999975,112.75876666666669,120.12000000000005,119.84001666666671,109.43703333333323,91.69193333333327,74.69811666666666,68.30769999999977,65.21586666666666,62.28418333333331,59.62491666666667,61.483950000000114,74.42604999999988,90.06801666666668,113.12653333333326,129.59196666666656,141.58978333333295,131.9836666666664,120.49181666666681,116.07351666666662,110.36679999999988
2025-06-19,117.10708333333324,114.3214833333333,112.24928333333318,113.66240000000012,119.81108333333337,127.55461666666646,131.17574999999997,124.20524999999994,105.85055000000008,90.48396666666653,83.24406666666655,80.02381666666686,77.64894999999987,75.33396666666658,77.80064999999986,89.19263333333332,105.67770000000003,129.0558499999999,146.03625,155.89084999999983,142.8920666666665,130.04679999999976,125.63653333333313,118.15208333333327
2025-06-20,116.33105,114.62316666666646,112.94611666666661,114.09771666666656,120.01698333333343,127.48114999999979,127.66098333333338,120.56465000000013,102.87158333333352,83.96264999999984,76.82995,72.80900000000007,70.47863333333339,67.69278333333332,71.52343333333327,84.11705000000006,102.68263333333331,122.69034999999981,138.63436666666678,154.07641666666666,143.3985166666665,127.5149666666665,123.48334999999973,117.0798500000001
2025-06-21,113.97703333333341,112.41864999999989,110.50465000000004,110.81833333333343,115.90053333333327,120.96120000000022,118.8117333333333,107.61788333333348,89.37146666666669,73.61631666666662,66.64668333333327,62.076850000000015,59.63196666666668,56.81438333333327,60.36811666666672,72.18951666666673,90.79483333333332,113.99053333333308,131.8688333333332,146.08440000000013,137.16681666666656,123.61903333333323,118.51076666666648,111.69893333333336
2025-06-22,106.5910500000001,105.16131666666655,103.30754999999974,103.15695000000004,105.86880000000002,105.22625000000018,92.34111666666648,65.70741666666656,39.56488333333331,28.572549999999968,24.13366666666669,21.388899999999975,19.459216666666666,17.538183333333343,19.240766666666705,30.537749999999985,54.461433333333325,85.4847333333333,113.83108333333315,128.36426666666648,124.88636666666643,115.18649999999987,107.36078333333316,99.64094999999979
2025-06-23,106.03311666666674,104.66455000000009,104.25958333333321,106.19689999999991,112.06213333333335,118.90810000000005,114.6162500000001,92.90573333333326,70.22294999999994,58.29308333333333,53.72849999999997,51.67583333333337,49.559383333333436,46.59310000000002,48.81521666666685,58.345800000000075,74.36516666666651,101.02763333333343,123.20451666666672,138.72536666666664,131.56449999999975,119.15648333333333,115.45519999999975,109.57986666666652
2025-06-24,113.8433333333332,112.67219999999986,110.74253333333327,111.9902666666667,117.4352833333333,123.62428333333342,123.13020000000016,112.88264999999997,95.40643333333334,79.57866666666659,74.30463333333323,71.09383333333338,68.21979999999998,65.51400000000001,68.0959166666666,78.46505,94.32760000000009,116.66681666666653,131.8826166666665,146.4121833333331,136.9714333333333,122.98163333333332,118.07253333333327,111.72783333333328
2025-06-25,108.41016666666651,107.48903333333301,105.37346666666645,106.67043333333328,112.21703333333302,119.1672833333335,118.0678833333334,104.01888333333318,83.90470000000008,68.83558333333335,63.88441666666667,58.28858333333335,53.510949999999944,50.09058333333333,51.42035000000013,61.36026666666672,79.66641666666656,104.81853333333328,123.91686666666646,140.1418166666665,133.13234999999995,118.38753333333327,114.22289999999997,107.45306666666657
2025-06-26,106.69561666666654,105.89189999999974,104.27764999999971,106.09058333333316,113.09416666666652,121.47333333333339,121.75961666666682,109.02531666666657,90.60233333333322,77.0475833333333,72.37061666666668,68.60748333333345,64.85943333333321,62.21734999999993,63.164599999999965,71.2290333333333,86.55781666666671,111.39805000000017,128.855,141.92304999999996,134.54826666666654,121.25359999999993,116.73308333333316,110.22926666666669
2025-06-27,109.13294999999988,108.42311666666643,106.69134999999984,107.98575000000007,113.85936666666642,119.8221333333337,117.50548333333323,103.44803333333334,82.49003333333309,72.82783333333337,69.27319999999992,61.789333333333296,56.715349999999866,53.70796666666668,54.43796666666667,65.21378333333334,82.40646666666653,105.84721666666644,122.93535000000023,142.4993666666663,136.558,118.65028333333316,114.81526666666663,109.33485000000027
2025-06-28,106.8426833333334,106.75441666666653,105.2820833333332,106.18714999999985,109.94108333333322,113.66476666666686,106.95773333333334,83.67216666666664,60.64769999999994,48.89996666666666,43.07726666666657,37.76190000000003,35.22153333333342,33.21884999999999,34.067850000000085,42.77316666666671,62.35121666666673,91.67560000000003,113.9062000000001,130.46066666666684,126.98736666666647,113.95393333333335,109.73031666666628,104.17706666666639
2025-06-29,104.03425000000017,104.51098333333339,103.39676666666685,104.26473333333321,106.66400000000003,106.78643333333358,88.63866666666665,47.01371666666663,17.402183333333326,10.609783333333331,8.596849999999973,7.26505,6.69189999999998,5.794783333333319,6.366100000000002,11.31033333333334,32.94173333333335,74.16171666666669,106.70916666666649,124.03580000000021,125.4661166666665,114.27263333333316,109.68306666666608,103.01974999999987
2025-06-30,109.25519999999973,108.7977833333331,107.65823333333324,109.22168333333357,114.35273333333319,120.72496666666683,118.3484333333334,104.45061666666686,84.02688333333336,71.14178333333321,65.91074999999982,58.946499999999965,54.70193333333333,51.98610000000002,53.24596666666678,66.47049999999999,84.09404999999977,108.60354999999998,124.22655000000006,144.51394999999988,138.2686833333332,120.41221666666638,116.17783333333328,111.12395000000002
2025-07-01,111.81501666666666,110.40583333333304,108.74054999999987,109.58709999999999,114.58249999999985,121.16708333333351,120.91710000000003,108.78915000000006,88.31229999999995,73.95478333333332,68.06535000000004,61.652733333333366,57.78866666666663,54.94003333333329,57.18481666666666,67.78161666666662,87.59296666666668,113.18008333333322,130.18636666666666,146.32909999999978,139.35398333333308,122.90266666666672,118.83904999999989,112.4074333333333
2025-07-02,110.98046666666647,109.63476666666648,107.62319999999995,108.1445500000002,112.15503333333334,117.9242500000002,116.56754999999995,103.26800000000006,84.25860000000016,70.51989999999995,64.72343333333339,58.89810000000005,55.79029999999989,53.19845000000001,55.61720000000006,65.12625000000021,83.25140000000015,106.86248333333312,125.96255,142.92556666666664,136.25396666666668,119.37456666666661,115.32956666666638,107.79496666666648
2025-07-03,100.29578333333305,99.27628333333311,96.87261666666642,98.14151666666662,103.08563333333308,110.2341166666669,108.52564999999993,95.68306666666653,76.63913333333329,66.76989999999996,63.17925000000003,59.92726666666669,57.06723333333334,53.604599999999984,53.87658333333338,62.18675000000002,75.91821666666665,97.55691666666661,115.24228333333318,128.7192333333335,124.25779999999979,111.21723333333338,107.10686666666633,101.45883333333316
2025-07-04,104.38678333333321,103.44139999999992,100.93668333333318,103.20533333333346,108.80609999999972,114.3885833333335,110.73531666666668,95.46785000000006,80.11878333333317,70.25593333333336,65.31073333333332,61.597800000000035,60.03266666666673,60.37743333333314,62.33839999999981,71.23555,85.38828333333319,104.40658333333324,118.91160000000013,136.33179999999967,130.19768333333312,115.8452999999999,111.38876666666654,107.1299833333334
2025-07-05,110.0265333333332,109.62199999999983,107.93191666666651,108.56059999999991,112.11759999999997,115.85538333333352,110.02566666666657,88.6491,69.4657333333333,57.63431666666675,53.478033333333265,50.230066666666744,48.28671666666674,46.85831666666672,48.48605000000002,56.76246666666668,75.32463333333328,102.09698333333334,119.62371666666641,135.9100666666667,131.4136333333332,118.33685000000007,115.68174999999961,109.65361666666657
2025-07-06,102.21531666666671,102.01128333333308,100.4827166666667,101.1481166666665,103.88811666666678,104.77678333333368,89.81003333333338,52.286783333333275,24.718383333333353,16.882600000000036,14.215133333333334,12.599583333333321,11.490300000000014,10.513983333333336,10.865116666666637,18.736116666666653,43.34151666666666,79.53541666666662,106.63155000000016,123.44268333333338,125.52214999999967,112.98789999999998,106.37313333333289,98.43316666666657
2025-07-07,90.14451666666646,88.34848333333328,86.35731666666653,89.19536666666666,96.72914999999995,105.64313333333335,105.12553333333348,88.66906666666661,69.67146666666662,58.39380000000002,54.19488333333342,51.03005000000001,46.83606666666667,43.596849999999975,43.480116666666774,52.910016666666685,67.06234999999994,90.01349999999998,109.87768333333341,123.57456666666675,116.25799999999994,105.03764999999994,101.21646666666646,94.92758333333335
2025-07-08,63.97429999999991,61.20096666666659,57.81343333333321,59.37314999999995,66.58791666666663,81.12715000000003,87.89550000000025,71.34736666666673,50.08131666666665,35.54926666666667,30.49401666666663,27.789783333333336,25.393716666666695,22.151700000000005,21.862683333333354,30.440033333333375,45.325733333333325,72.5538666666666,99.95848333333355,112.19318333333351,103.69468333333351,92.02023333333305,84.90164999999992,76.41100000000004
2025-07-09,90.7021166666665,88.8600666666667,87.79134999999988,90.40061666666679,97.94844999999982,106.28610000000012,102.52878333333327,82.82620000000001,63.22213333333328,53.79428333333335,50.724566666666696,48.348650000000035,45.79430000000007,43.26815,43.29180000000003,51.87896666666665,64.60239999999997,87.66526666666658,109.03786666666656,124.02926666666669,117.96375,106.81501666666664,103.23298333333315,96.67840000000007
2025-07-10,107.38466666666643,106.88623333333322,105.90446666666648,106.9644166666668,110.34496666666644,115.6694833333334,112.00444999999992,98.43665000000007,78.51408333333346,66.02478333333343,61.06599999999984,56.5067166666667,53.98065000000005,52.4669,55.44526666666675,67.36273333333341,81.6064666666666,103.0888666666666,118.25143333333334,139.80488333333327,133.80453333333315,116.36461666666665,113.61203333333326,107.64229999999984
2025-07-11,110.72501666666642,110.53168333333308,109.49789999999996,110.6873833333333,114.78211666666634,120.16608333333356,116.61688333333326,107.79144999999994,94.66343333333337,81.73643333333318,76.74938333333326,73.74061666666672,71.79171666666663,70.13880000000003,72.18928333333312,79.47331666666686,92.76706666666685,110.85511666666649,124.39866666666668,143.60068333333345,138.0633333333332,121.36019999999995,117.52574999999985,112.0220166666666
2025-07-12,108.72036666666673,107.59141666666653,106.27903333333329,107.16406666666671,111.14473333333345,115.07840000000026,110.19779999999984,93.38451666666674,74.58634999999998,61.8666,56.19864999999988,52.42259999999999,49.59705000000003,47.78651666666662,50.49410000000007,62.057066666666685,81.71521666666652,105.98781666666662,125.86398333333321,136.93808333333334,130.3986833333333,120.94419999999998,115.42004999999966,109.06883333333336
2025-07-13,104.31883333333343,103.28248333333316,102.01331666666654,102.45234999999984,104.41081666666692,103.59155000000021,84.96863333333323,54.896516666666635,28.92243333333332,20.106283333333344,16.903400000000012,15.063816666666668,14.059633333333341,12.437400000000006,14.068466666666655,24.10758333333329,44.60179999999998,77.76576666666664,109.10478333333334,126.06883333333326,126.67534999999981,116.40358333333316,110.19691666666654,102.92156666666648
2025-07-14,101.15114999999992,99.9530666666665,99.27366666666646,101.20598333333331,106.02799999999985,111.85763333333345,104.85489999999992,85.07636666666669,67.06706666666656,56.6535333333334,52.716833333333305,50.07388333333332,47.53933333333337,45.74723333333331,47.03338333333342,54.42645000000005,67.42246666666672,93.50888333333324,114.88434999999993,131.81805000000006,127.33658333333338,114.05160000000011,109.80661666666653,103.60389999999988
2025-07-15,103.11549999999993,102.1986833333334,101.02825,102.4673166666665,106.79421666666647,112.25306666666675,105.39549999999993,82.08070000000001,63.42863333333324,51.25630000000015,47.05350000000004,44.39289999999996,41.333983333333464,39.25083333333325,41.631066666666754,50.883766666666695,64.68680000000002,91.15571666666659,112.71901666666658,130.0616666666667,127.10434999999981,113.0247333333333,108.87914999999985,102.83060000000002
2025-07-16,103.74384999999984,102.68583333333335,101.52508333333311,103.50303333333352,107.9156333333331,113.92540000000025,108.34010000000006,89.00288333333334,66.20824999999996,55.927016666666674,51.865616666666625,48.89021666666673,46.608083333333376,45.20908333333328,47.151450000000054,58.32536666666661,71.55496666666672,96.27338333333331,114.67178333333344,136.10981666666663,132.74874999999966,115.39264999999988,111.22191666666659,105.40589999999996
2025-07-17,108.4122666666663,107.74738333333337,106.35938333333337,107.75488333333357,112.08398333333321,117.75476666666694,112.50061666666663,99.11076666666663,79.75376666666662,69.20168333333329,64.12183333333331,58.63743333333337,55.51313333333328,53.76913333333334,55.25118333333343,65.4308000000001,78.96079999999996,102.67954999999995,118.77433333333342,140.74728333333317,138.4348166666665,118.9634833333333,114.46754999999978,108.3163333333333
2025-07-18,106.53314999999965,105.72231666666659,103.66146666666653,105.65581666666678,110.41843333333314,116.00443333333354,111.6546666666665,97.62648333333323,80.48479999999971,72.94608333333338,70.39596666666675,66.85121666666679,64.09984999999995,62.4946166666666,63.153016666666566,70.16985000000007,80.39805,99.99749999999999,115.49123333333344,132.0923333333331,129.1207999999999,115.37076666666668,111.70286666666625,106.25755000000007
2025-07-19,97.11465000000007,96.79503333333332,94.96361666666662,96.1164666666666,99.83036666666682,103.17178333333351,92.85733333333337,65.57948333333339,41.808299999999846,32.0121666666667,28.078166666666707,24.868816666666643,21.958349999999975,19.373699999999985,18.850933333333334,25.573516666666638,44.56530000000007,74.82548333333322,101.98023333333335,117.19540000000006,116.44861666666647,106.22320000000002,100.25556666666625,92.69011666666644
2025-07-20,46.92129999999989,44.10030000000001,38.38243333333328,38.0230666666666,42.127649999999896,46.64939999999999,38.17613333333325,20.725849999999983,12.007766666666667,7.929100000000017,6.734483333333317,5.910833333333314,4.921750000000003,3.910716666666658,4.126599999999999,7.120316666666666,16.540733333333346,44.156700000000015,75.6193166666666,96.70416666666681,92.89215,81.94553333333336,78.34349999999999,71.0150666666668
2025-07-21,47.54479999999997,44.608066666666566,43.12325000000004,46.40763333333316,56.58093333333327,72.88593333333323,74.98073333333332,55.36973333333335,36.941,26.27771666666665,22.904549999999993,20.834066666666633,19.14958333333333,17.76361666666669,19.470583333333337,28.89198333333335,46.772200000000005,69.32878333333318,101.62356666666689,119.16346666666679,105.9317000000003,90.74706666666661,85.22025000000009,77.64159999999998
2025-07-22,104.04606666666668,103.19513333333333,102.50236666666652,103.99673333333341,108.7935666666665,115.78200000000007,109.41525000000006,91.81815000000005,70.40633333333328,57.55668333333329,53.754349999999874,50.08144999999993,46.5539666666667,44.12146666666665,46.248183333333444,57.33516666666665,72.15219999999997,96.74403333333343,115.56475000000003,136.78428333333315,132.10456666666659,115.40418333333335,111.4691833333333,105.99129999999991
2025-07-23,102.92148333333307,102.57246666666663,101.58946666666662,103.74553333333343,108.80409999999976,114.82790000000018,109.00621666666656,93.47228333333321,73.18163333333332,63.30319999999994,59.73719999999989,56.48051666666666,53.307300000000005,50.43371666666665,51.190233333333495,59.47780000000005,71.10211666666675,94.13711666666678,113.15263333333338,132.3488000000001,128.48859999999988,112.61323333333335,107.51461666666644,102.01868333333323
2025-07-24,86.24163333333325,83.75848333333332,81.31476666666659,83.91780000000003,91.30530000000002,99.89148333333347,96.43091666666682,76.45648333333337,57.956916666666714,47.75956666666663,44.07484999999992,41.15395000000001,37.3755666666667,33.98776666666668,33.450316666666716,42.15700000000001,53.48116666666675,75.61788333333321,101.12533333333347,114.27810000000022,109.43636666666663,99.5457499999998,93.77166666666652,86.9839000000001
2025-07-25,55.099316666666624,52.22466666666655,49.49568333333324,52.67659999999993,61.37576666666673,74.89306666666661,73.6655833333333,56.15136666666667,37.662849999999985,28.105649999999976,24.97423333333331,23.02518333333331,20.41898333333337,17.933266666666682,18.319783333333355,26.961200000000016,40.69824999999998,64.04970000000002,90.60291666666681,104.74081666666677,96.26436666666685,83.25784999999993,78.4151999999999,71.62535000000011
2025-07-26,73.9605666666667,71.4926333333333,70.11206666666655,71.85308333333333,77.95161666666675,84.66326666666679,69.6481833333334,44.8855333333333,27.41040000000001,19.206366666666646,16.87905000000001,15.479116666666672,13.576633333333321,11.988299999999997,12.384983333333329,16.593366666666636,28.945200000000042,54.98539999999997,87.87853333333317,106.65294999999998,103.8676666666667,91.54361666666671,86.82898333333343,78.09298333333342
2025-07-27,51.120283333333305,47.64066666666666,44.74103333333335,45.60010000000004,49.398983333333305,51.58668333333319,39.22396666666656,19.96750000000001,10.236383333333311,6.015866666666667,5.104616666666662,4.261349999999994,3.463966666666667,2.5637666666666674,2.750483333333336,5.670000000000005,12.737833333333327,32.96865000000001,64.63309999999991,87.18868333333334,85.29588333333322,73.06361666666673,64.70685000000006,55.41161666666656
2025-07-28,46.82456666666667,44.02966666666664,40.52023333333332,46.193166666666606,56.831900000000026,74.57491666666647,70.94878333333342,46.54743333333337,27.636350000000032,18.468783333333317,16.52743333333333,15.487683333333315,13.109816666666676,11.094283333333363,11.303816666666647,18.98873333333334,32.16409999999999,53.57758333333336,87.48970000000011,110.47378333333346,101.02550000000016,82.66213333333326,78.3750666666667,70.0582666666667
2025-07-29,39.972283333333365,36.5356833333333,33.91561666666667,37.813766666666595,48.13166666666668,62.82288333333335,64.76664999999993,42.85389999999996,23.06405000000006,15.712250000000022,13.188999999999988,12.021216666666673,10.215833333333341,8.718583333333342,9.02201666666665,15.941816666666666,29.17820000000005,50.04484999999996,82.64861666666684,100.2726500000002,92.28631666666689,74.56318333333334,68.3602833333334,60.01913333333335
2025-07-30,49.59756666666662,45.82288333333331,42.16778333333335,46.775649999999956,57.24073333333341,72.36893333333335,70.59273333333336,45.560149999999965,25.834000000000067,17.864166666666677,16.06836666666662,15.465066666666635,13.542266666666679,12.022116666666665,12.271849999999965,18.99811666666667,31.641516666666686,54.85633333333324,89.44546666666687,110.25415000000004,103.87228333333351,85.26889999999982,79.40546666666677,69.79073333333339
2025-07-31,68.38349999999996,65.20553333333338,62.90613333333329,64.77663333333332,72.55598333333349,84.67900000000004,78.93978333333351,51.30008333333328,30.992016666666707,22.18968333333331,19.245533333333313,17.817866666666642,15.789066666666661,14.1902,14.169083333333313,19.42739999999998,30.50576666666672,52.76630000000004,85.91381666666676,103.52658333333336,99.35430000000001,86.066,80.0473666666668,72.7429166666667
2025-08-01,85.89234999999996,82.97958333333331,81.32813333333333,82.67191666666676,89.72666666666674,98.46255000000001,89.79066666666675,64.02026666666667,42.795849999999994,33.21888333333335,30.048016666666697,27.29098333333332,24.78258333333334,23.434766666666658,24.262133333333363,31.239016666666654,44.714400000000026,71.44506666666662,99.33223333333326,114.7018999999999,112.75781666666663,100.44939999999998,95.44899999999998,88.23306666666669
2025-08-02,68.15576666666674,64.2959,61.52665,61.91903333333335,67.0550833333335,71.25750000000006,58.82564999999994,35.448250000000044,20.810500000000005,14.0472,11.682666666666654,9.921616666666663,8.239816666666679,6.938850000000005,7.265083333333328,11.027083333333316,20.00636666666669,42.37785000000006,72.70248333333336,91.99929999999995,91.83884999999985,80.02016666666677,72.16820000000016,62.71051666666664
2025-08-03,60.80688333333323,56.288366666666626,51.99515000000011,53.11851666666673,57.22045000000004,56.983916666666616,41.62154999999995,18.464200000000048,9.670316666666654,6.090516666666658,5.354416666666663,4.68299999999999,3.8407000000000053,3.0585333333333327,3.2578833333333437,5.167366666666674,11.81833333333334,31.739083333333372,68.23223333333331,92.39109999999982,95.25319999999996,82.7615833333334,75.6881333333335,67.00938333333322
2025-08-04,75.0405166666667,72.09435000000002,70.69256666666665,73.43701666666662,82.52171666666663,95.43101666666657,88.51571666666666,62.61210000000006,41.26286666666669,32.79823333333336,30.34876666666666,28.710883333333324,26.797683333333328,25.2926,26.122750000000014,32.78960000000004,46.12205000000004,71.99709999999988,102.06201666666657,118.77001666666678,112.2309166666667,98.35864999999981,95.26200000000001,86.1549166666667
2025-08-05,98.5390333333334,95.83848333333334,93.79953333333336,95.46323333333322,101.10414999999999,108.51781666666679,102.36528333333341,75.99975000000009,53.71606666666666,42.1343333333334,37.746600000000036,34.85816666666668,32.07676666666668,29.61693333333333,31.043116666666712,39.148633333333315,53.30695000000009,82.11396666666664,111.28009999999973,128.00969999999995,123.60349999999994,110.0669666666667,105.63939999999998,97.2482499999999
2025-08-06,68.48759999999993,65.18876666666665,63.2902166666666,66.36081666666662,76.12863333333334,90.55079999999995,84.60865000000014,55.23761666666672,32.68575000000003,24.479099999999985,21.34806666666665,19.420783333333294,17.37348333333337,16.134566666666668,16.89686666666666,24.634433333333337,38.05313333333337,63.76193333333323,97.01814999999992,116.39226666666654,110.83430000000027,95.06860000000002,91.6937500000001,83.55990000000003
2025-08-07,105.15181666666675,104.54456666666671,103.0608833333331,104.38041666666662,108.6769166666664,114.83635000000012,108.2670166666666,89.40823333333333,69.23046666666666,57.56449999999998,52.807183333333214,49.24399999999987,46.21105000000003,43.87491666666664,45.152633333333426,54.20113333333323,69.4981000000001,95.21183333333337,115.45081666666648,133.49611666666652,128.73416666666688,113.87156666666677,109.61061666666669,103.39121666666651
2025-08-08,100.25323333333344,99.67571666666674,98.76388333333311,100.3984666666665,104.58196666666639,111.5297333333334,105.81944999999989,86.36678333333339,65.36466666666666,52.91431666666668,49.014999999999894,46.10891666666655,43.33993333333342,40.28434999999998,41.83271666666683,52.66399999999998,68.55341666666673,93.22793333333334,111.78928333333317,128.25051666666653,124.12728333333352,110.41330000000013,105.24183333333332,99.62298333333322
2025-08-09,97.85323333333336,96.50706666666667,94.93731666666658,95.33524999999992,97.80288333333345,97.61640000000034,76.32363333333325,44.2106166666666,22.949866666666676,15.917283333333302,13.333733333333322,11.678883333333347,10.499016666666652,9.24610000000001,9.930933333333327,15.497199999999966,31.221316666666727,61.79988333333342,95.22540000000008,113.01119999999986,114.06929999999998,104.12956666666679,97.27203333333343,88.51130000000016
2025-08-10,86.75071666666669,84.81974999999991,83.63996666666657,84.26541666666671,87.84445000000007,85.84850000000002,63.80868333333334,33.8047,15.156499999999996,9.21621666666666,7.872833333333312,7.130283333333335,6.468716666666668,5.413383333333329,5.868500000000002,9.952666666666651,25.78118333333345,54.716100000000175,90.3869166666665,111.15376666666651,112.98231666666662,101.62859999999988,96.03876666666659,86.51516666666673
2025-08-11,98.0444333333334,96.92793333333353,96.5431333333332,98.68133333333327,104.01753333333315,110.60308333333339,103.3912166666666,77.28235000000006,56.27318333333333,45.23355000000001,42.013016666666594,39.85108333333328,37.79611666666675,35.78203333333334,37.60383333333345,46.76358333333335,60.86043333333336,89.27516666666664,112.16386666666664,132.2767666666666,127.04796666666674,112.30431666666664,108.8638833333333,102.14995
2025-08-12,102.01413333333349,101.12090000000009,99.9634499999999,101.01226666666656,105.44528333333318,112.19288333333337,106.94805,84.17186666666663,63.58841666666666,50.99515000000006,46.57186666666664,43.770733333333304,40.974066666666694,38.92883333333333,42.07190000000015,53.735666666666674,69.24128333333337,95.99459999999995,116.14489999999978,133.69215000000014,126.15278333333347,112.02555000000022,107.30226666666657,100.9314166666667
2025-08-13,104.56745000000002,104.04244999999993,103.10601666666659,104.27405000000012,109.66901666666652,116.5227333333334,113.9076,102.57365000000014,87.07421666666666,73.70346666666671,68.70366666666656,65.78964999999992,63.35451666666676,61.33649999999991,64.65914999999997,75.57756666666658,90.63174999999993,109.89621666666669,125.5178833333333,138.4030499999999,129.02215000000012,116.6288500000001,112.91899999999973,107.88978333333343
2025-08-14,106.05569999999994,105.23291666666654,104.06379999999994,105.00193333333328,109.48166666666653,115.49645000000017,112.06929999999993,97.24181666666664,81.99823333333336,69.59905000000002,65.09918333333326,61.93873333333335,59.737583333333326,58.40729999999996,61.14811666666668,69.67415000000008,83.86636666666658,104.00878333333334,121.86194999999998,134.55508333333344,127.2247500000001,114.90021666666675,112.17528333333316,106.62663333333326
2025-08-15,103.24384999999997,102.6427666666666,100.80308333333326,101.50193333333334,104.84803333333329,108.3798666666669,99.77528333333329,75.21724999999991,51.86783333333321,40.3708,35.4903,32.0191,30.205349999999974,28.980233333333352,31.96463333333341,42.40874999999994,61.2847833333333,91.46968333333336,114.99754999999985,128.14326666666656,123.30616666666678,112.36303333333332,108.20013333333311,101.12594999999996
2025-08-16,103.22133333333352,102.39288333333329,101.08043333333325,101.59264999999982,105.23324999999998,107.24324999999997,93.91879999999993,63.667316666666615,38.212533333333305,27.104233333333333,23.16625000000002,21.057733333333307,19.486899999999988,17.99758333333333,21.44783333333336,31.898166666666633,54.36963333333333,87.31360000000004,114.48660000000005,129.73734999999996,127.33958333333317,116.24358333333318,111.02209999999975,104.39084999999984
2025-08-17,104.86680000000027,103.89316666666649,102.93106666666652,103.44793333333305,106.3884500000002,106.34820000000028,87.54543333333321,51.65631666666668,26.28830000000007,16.314166666666658,13.052849999999987,11.817733333333326,11.043849999999999,9.85776666666668,12.15958333333332,21.40860000000002,44.96094999999998,80.80734999999991,108.85758333333358,126.85621666666651,126.64233333333313,114.7865166666667,110.48330000000004,102.83561666666674
2025-08-18,102.95326666666683,101.83725000000005,100.90308333333331,102.9491499999999,108.37946666666646,115.93785000000013,112.97856666666667,97.91504999999995,82.02864999999994,68.9569833333333,63.0820999999999,60.108483333333254,57.42081666666674,56.35376666666668,59.588816666666716,70.00536666666669,84.5239666666667,106.22640000000007,125.85408333333325,138.68483333333327,128.7303666666666,115.47578333333335,111.50923333333327,105.93956666666661
2025-08-19,100.3748499999999,99.66996666666637,97.59834999999975,98.81973333333339,104.3580999999999,110.68255000000029,106.83996666666663,91.74563333333333,74.6267166666666,64.20348333333331,59.79366666666664,55.64529999999999,52.57478333333345,50.32874999999997,51.11366666666666,59.15295000000002,73.43034999999995,94.73936666666661,113.62073333333322,126.11130000000003,120.97466666666668,109.1660999999999,105.3100333333332,99.58616666666666
2025-08-20,90.13378333333317,88.6813333333332,87.19328333333316,89.57241666666661,97.10164999999999,105.05243333333325,100.46258333333341,84.44076666666658,66.35376666666662,56.9322166666667,53.17376666666667,49.50408333333334,45.915950000000045,42.71035000000004,42.586850000000034,49.91273333333332,63.243749999999984,84.49951666666654,104.17558333333331,116.10969999999999,111.76396666666668,102.3169333333333,97.1230166666666,91.2737166666667
2025-08-21,86.3303166666666,84.30213333333343,82.79814999999984,85.80183333333335,92.87508333333332,100.77678333333344,94.26155000000001,74.62418333333335,54.991249999999965,46.044550000000015,42.64281666666675,37.92536666666664,33.75068333333337,30.20035000000008,29.785216666666688,37.430666666666646,50.39823333333347,73.90598333333323,96.863,110.95006666666669,107.4981999999999,97.16941666666683,94.1142999999998,87.11838333333323
2025-08-22,65.60585000000003,64.01211666666664,62.275516666666604,64.99961666666665,71.68010000000004,82.5863333333334,74.89011666666664,51.43018333333342,31.984016666666648,23.578766666666635,21.14428333333334,19.04329999999999,17.004116666666665,14.599650000000004,14.706816666666663,20.91481666666666,34.39573333333332,60.59036666666662,87.21268333333332,105.38161666666676,99.60010000000011,86.59518333333334,82.03343333333328,74.01941666666669
2025-08-23,85.48526666666679,82.20664999999995,80.69816666666658,81.84083333333334,86.12955000000001,90.96486666666692,81.67441666666662,59.91916666666662,41.936916666666725,30.980166666666626,26.42901666666668,24.01176666666667,21.71561666666666,19.675700000000003,20.55078333333335,28.286283333333326,44.91571666666671,73.72084999999998,100.86446666666663,113.79374999999993,110.26196666666654,99.44321666666677,92.89219999999996,84.32059999999996
2025-08-24,93.2633333333335,90.72413333333321,89.15571666666662,89.96218333333327,93.35984999999994,95.94693333333349,87.72648333333328,67.58731666666671,45.31924999999997,32.26974999999995,27.21533333333335,24.494449999999993,22.884116666666646,21.855583333333357,23.786683333333336,34.98138333333331,54.47226666666657,85.7164333333333,109.15171666666666,121.09654999999977,115.06161666666652,105.84363333333327,98.32513333333331,90.98771666666674
2025-08-25,96.1035166666667,94.75498333333333,93.45788333333323,96.38903333333346,104.39129999999976,113.29065000000004,113.14183333333327,101.47518333333322,86.24129999999984,75.2950999999999,70.20959999999985,66.84171666666663,63.1966166666668,60.368399999999966,62.66425000000004,72.11104999999999,85.75923333333323,106.01931666666658,123.6170999999999,131.38165000000006,122.25146666666674,112.24603333333333,107.5337833333333,102.00230000000022
2025-08-26,103.26381666666678,102.15586666666667,100.48764999999997,101.45458333333339,106.1158333333332,113.42496666666666,110.36408333333326,97.61253333333329,81.07989999999982,66.43116666666663,60.7325333333333,57.056999999999945,54.75526666666674,53.61343333333331,58.35116666666665,68.8733666666666,84.44976666666665,104.9813166666667,122.70849999999986,134.0529333333335,124.2893000000002,112.14996666666661,108.9545999999999,103.20653333333331
2025-08-27,100.0649833333334,99.1375166666663,97.83078333333316,99.48638333333355,104.73919999999985,111.98719999999992,107.00296666666668,92.3729833333333,74.5406166666666,60.87741666666678,55.06508333333326,50.806166666666606,49.46931666666667,48.469333333333324,52.70118333333338,62.744816666666544,77.1482333333333,100.4588499999999,115.73901666666664,128.41848333333348,120.92988333333346,110.22875000000012,106.10013333333303,100.6131499999999
2025-08-28,90.50100000000005,88.51696666666659,86.54308333333333,88.38961666666684,93.61286666666666,100.23513333333354,93.53473333333345,69.04106666666671,47.35138333333331,35.615100000000034,31.389916666666675,28.01196666666668,25.64465000000004,23.602616666666673,24.829333333333345,33.756750000000046,49.244266666666796,75.71418333333325,99.37536666666657,114.51495000000014,110.56938333333342,100.25464999999998,94.8665833333333,87.20455000000008
2025-08-29,79.74016666666672,77.7419,76.35653333333327,78.78788333333321,85.18951666666669,94.51606666666665,84.40130000000008,57.04651666666667,32.45943333333326,22.292183333333345,19.138299999999994,16.92463333333334,14.86579999999999,13.000583333333335,14.076499999999987,21.07751666666668,36.06175000000005,66.42073333333333,94.14811666666657,110.7260166666668,107.49996666666667,95.37449999999995,93.09443333333319,85.80091666666664
2025-08-30,77.4459333333335,73.27564999999989,72.15229999999994,73.44599999999988,78.65018333333346,81.79816666666672,65.89013333333332,39.37680000000002,21.85285,14.095766666666663,12.100416666666634,10.67038333333334,9.109666666666667,7.867383333333344,8.442049999999977,13.166049999999972,26.96805000000004,57.24906666666676,87.52336666666663,105.62978333333322,103.23641666666671,92.2504499999999,87.19076666666663,78.61645000000001
2025-08-31,65.98705000000002,61.46226666666663,58.66569999999999,58.805949999999974,62.01348333333336,62.86850000000002,47.1797166666667,23.01068333333333,10.246983333333326,5.435549999999997,4.034299999999996,3.177033333333336,2.5689000000000015,1.8898833333333331,2.0792333333333346,4.484550000000005,11.735499999999996,38.06495000000006,71.9468,91.35378333333314,91.46236666666651,78.5931,70.99983333333336,62.382449999999956
2025-09-01,25.096716666666648,22.26128333333336,20.63169999999998,24.178866666666668,36.87124999999997,53.73259999999984,59.58781666666667,42.84186666666673,23.389716666666647,14.595049999999999,12.595649999999981,11.398616666666685,10.294383333333341,9.764866666666675,11.241999999999988,19.28041666666667,38.39988333333337,62.31010000000002,93.3136000000003,113.36076666666678,94.15208333333345,75.70590000000003,69.91118333333328,62.48571666666657
2025-09-02,82.20616666666666,80.15584999999999,79.79541666666647,82.14233333333335,89.86404999999992,101.27590000000008,94.21029999999986,71.31316666666659,48.20834999999993,36.83428333333335,33.11373333333328,29.161000000000065,26.07705000000002,23.678650000000033,24.74905000000006,33.752483333333366,49.68733333333346,76.10683333333328,101.55446666666661,118.30238333333337,110.51905000000001,98.26426666666647,95.44996666666657,88.43620000000004
2025-09-03,92.08526666666657,89.98723333333318,88.5943333333331,90.86380000000013,97.15036666666668,106.1917166666668,100.88579999999985,76.57296666666662,51.553466666666594,38.61220000000001,34.00964999999999,30.545000000000037,27.146416666666617,24.705100000000062,26.651433333333376,36.90253333333333,53.570449999999965,83.7376333333332,107.05554999999974,124.57840000000004,114.87446666666673,103.13290000000002,99.33473333333329,92.93163333333341
2025-09-04,83.6872833333333,80.87428333333344,79.50331666666655,81.76538333333323,89.46149999999999,100.3500000000001,91.53813333333326,57.11775,32.2247666666667,21.769466666666645,18.566883333333315,16.201199999999986,14.470499999999989,13.30311666666667,15.486100000000006,23.79421666666667,39.282016666666706,71.31871666666666,103.87138333333313,123.24174999999991,115.62263333333345,101.78955000000002,99.10740000000006,90.70426666666684
2025-09-05,78.06756666666682,74.33813333333339,72.9298833333333,74.87889999999986,83.21768333333316,96.15993333333343,87.04133333333318,53.04396666666669,27.679766666666655,18.097716666666674,15.27331666666666,13.194516666666662,11.83601666666667,10.733516666666699,11.941766666666652,17.790933333333367,32.29278333333338,64.57505000000009,96.7282666666666,112.63218333333329,105.99989999999993,93.01926666666665,90.16433333333343,82.15888333333335
2025-09-06,55.60093333333328,52.100166666666624,48.782549999999965,49.590616666666676,55.60893333333331,64.9991833333334,58.004466666666666,34.290766666666656,17.499966666666676,10.665216666666668,8.749933333333326,7.607733333333317,6.126816666666654,4.824450000000002,5.190466666666661,9.135366666666659,17.846783333333363,44.56510000000001,74.5230499999999,90.69118333333333,85.85099999999996,73.05734999999997,65.92135,56.97229999999996
2025-09-07,22.073299999999985,20.16630000000002,18.97991666666672,20.602133333333324,25.851999999999965,32.6404666666666,28.116949999999953,15.918583333333329,8.079583333333325,4.016866666666662,2.6723999999999997,2.176866666666668,1.6919333333333348,1.365050000000001,1.7629666666666697,4.562299999999996,11.105733333333335,27.25150000000002,54.34763333333331,75.55775,65.2614000000001,50.684183333333316,45.657550000000064,38.217599999999926
2025-09-08,85.31966666666676,82.73813333333334,82.34824999999992,83.94498333333325,92.97628333333327,105.64931666666678,98.80213333333316,74.14181666666657,53.70821666666661,40.51083333333339,35.07688333333332,32.24350000000001,29.555816666666658,27.090916666666676,29.352483333333343,37.657683333333374,54.85039999999999,82.58123333333334,110.59738333333334,125.52650000000014,115.08170000000001,102.68748333333329,98.24196666666654,89.79633333333331
2025-09-09,56.1498,52.661133333333275,50.1983166666666,52.42949999999995,60.814616666666616,76.1414499999999,78.67536666666665,60.73849999999997,40.292200000000086,29.49436666666668,24.360699999999994,21.696533333333356,18.69974999999999,16.750933333333347,17.998133333333335,26.892199999999992,41.81806666666673,65.94439999999987,93.61670000000004,106.43158333333338,96.6029500000001,82.39168333333326,75.64061666666673,66.52086666666666
2025-09-10,81.25530000000013,77.10488333333329,74.36054999999998,76.44681666666656,83.94838333333325,95.39836666666672,88.02931666666662,57.784983333333315,30.634566666666647,19.600933333333334,16.077966666666647,13.74985000000001,12.230449999999983,10.994716666666674,12.03603333333332,17.842833333333342,33.641100000000016,68.34065000000002,98.45918333333329,111.69023333333318,104.87588333333328,93.47504999999987,88.86236666666655,80.67085000000003
2025-09-11,77.21824999999991,73.40778333333324,71.42705,73.3472333333331,81.73409999999988,92.23690000000015,84.85766666666645,54.57834999999998,26.85126666666669,16.211983333333336,13.561749999999988,11.987366666666658,10.811033333333311,9.839466666666668,10.660783333333303,17.291883333333338,33.5955166666667,68.88754999999995,97.74414999999999,113.67575000000006,105.56896666666671,93.53559999999963,90.86093333333321,82.93509999999993
2025-09-12,89.95436666666677,87.27699999999992,86.05383333333323,87.51088333333321,94.04178333333327,104.23636666666685,97.65393333333326,69.0849999999999,46.31739999999996,34.40928333333333,29.430500000000016,26.73249999999999,24.56266666666666,22.84799999999999,25.32308333333335,33.79956666666666,50.71328333333335,82.96309999999998,110.42366666666649,125.12326666666668,115.63316666666661,103.39084999999996,99.77478333333316,92.33563333333339
2025-09-13,89.64215000000019,87.25414999999987,86.10408333333314,87.28946666666661,92.46336666666666,98.73280000000025,86.12538333333332,60.538566666666604,39.017633333333386,27.004633333333317,21.015650000000015,17.980583333333314,15.46044999999999,13.645016666666663,15.411166666666656,23.34710000000001,41.72398333333332,72.60991666666663,101.18596666666659,114.83298333333325,108.40716666666674,98.26293333333325,90.70148333333334,82.07543333333344
2025-09-14,59.81169999999997,56.47943333333324,55.11781666666667,56.21866666666663,60.34691666666657,63.456900000000026,52.20244999999999,33.00636666666668,18.794133333333345,12.492149999999981,10.161299999999978,8.507466666666655,6.957466666666662,5.870083333333337,6.5063499999999985,11.622199999999964,22.296716666666697,46.78035000000009,76.95471666666663,93.03713333333322,89.69915000000003,77.17676666666667,67.97506666666683,58.92031666666654
2025-09-15,88.22801666666675,85.77309999999989,84.51399999999991,87.15381666666671,94.55899999999995,106.06981666666671,101.13218333333333,78.68986666666656,57.05389999999995,44.156066666666646,38.632583333333336,34.045966666666686,30.81929999999999,28.27548333333336,30.91260000000006,40.08703333333333,57.32051666666665,85.15954999999991,108.92194999999988,122.50731666666684,112.2081833333333,101.27113333333338,97.39438333333324,90.17640000000003
2025-09-16,79.27711666666671,76.95176666666666,75.16901666666656,77.46541666666657,85.33743333333342,98.26846666666674,94.56011666666667,70.11568333333335,43.8732666666666,30.53668333333333,25.808583333333317,22.901483333333324,20.42154999999997,18.297966666666664,20.25226666666666,30.52494999999998,48.05938333333333,79.4754833333332,105.33046666666658,119.47101666666678,109.36116666666676,96.58449999999993,92.08671666666663,84.7414333333333
2025-09-17,97.8813666666668,96.16496666666647,95.02618333333318,96.2828999999998,101.21735000000002,110.65618333333339,104.45418333333328,80.96601666666649,55.48889999999997,39.52953333333339,32.90188333333334,29.607950000000006,28.117566666666704,27.055066666666633,31.687083333333362,43.777750000000054,62.72895000000002,94.70670000000001,116.5761999999998,131.05561666666662,119.95998333333344,107.64084999999982,103.8962500000001,97.94115000000002
2025-09-18,100.48008333333348,98.87780000000002,97.8449333333333,99.03643333333325,103.05999999999977,111.22853333333309,105.84210000000019,84.66758333333323,59.51915000000003,43.652033333333314,35.11318333333336,31.875166666666622,30.040550000000046,29.806799999999974,35.59531666666674,49.96761666666669,70.05585000000006,100.48765000000013,123.90824999999975,143.00406666666683,121.29528333333346,108.32871666666651,105.85125000000009,100.0972166666667
2025-09-19,104.45645000000009,102.68463333333322,100.70828333333328,101.38808333333333,106.21909999999976,114.57850000000008,111.52036666666679,97.08896666666661,73.93418333333334,60.45091666666671,51.836133333333336,46.85549999999998,45.02535000000008,45.04251666666668,50.01433333333338,61.95739999999998,82.62069999999999,107.65311666666668,129.01416666666665,144.35466666666662,126.85433333333327,112.89419999999996,110.4257333333332,104.01788333333351
2025-09-20,95.43658333333336,93.5505,91.83255000000001,92.7097166666667,96.93339999999996,101.01968333333348,90.81813333333336,64.52756666666666,39.133883333333316,28.206116666666652,23.186349999999987,20.33484999999997,18.29806666666667,17.358166666666666,20.260966666666675,28.372116666666642,48.53058333333338,81.5417666666665,107.76019999999986,122.1472333333335,115.69831666666666,105.94439999999986,99.02989999999993,91.26805000000012
2025-09-21,81.52815000000002,78.24436666666656,76.37728333333328,76.44149999999995,80.0425666666669,81.87773333333342,66.8953166666667,40.056400000000004,20.13880000000002,11.594733333333323,7.9577666666666556,6.445149999999999,4.828233333333338,3.587650000000002,4.07831666666666,8.38676666666666,23.134716666666687,56.9606,89.15306666666666,104.42580000000008,102.44946666666681,92.34774999999992,83.62008333333324,74.7990166666667
2025-09-22,24.26206666666666,21.930216666666674,20.55751666666666,23.757966666666643,33.625866666666646,47.84493333333326,50.5675833333333,34.70513333333336,17.803016666666675,10.25751666666667,8.41376666666667,7.159899999999996,6.1133666666666615,5.31225,5.940616666666664,10.687083333333334,23.33000000000001,45.43859999999994,70.26451666666672,88.08653333333334,73.21288333333338,58.18750000000002,56.16643333333331,49.31833333333332
2025-09-23,59.661116666666615,55.70428333333329,53.819749999999935,56.167099999999955,64.18489999999991,80.97016666666674,78.37869999999998,49.22318333333335,24.571466666666666,14.578933333333325,11.983766666666678,10.356366666666641,8.876816666666661,7.5062666666666775,7.992299999999996,13.325499999999998,25.797000000000004,53.857200000000006,87.04913333333327,103.92788333333341,93.38125000000002,80.38318333333333,73.77115000000012,66.99393333333347
2025-09-24,48.433866666666674,44.89838333333329,43.15256666666662,46.54624999999995,55.34418333333323,72.28176666666664,76.4590333333333,52.13370000000004,29.910349999999987,19.26336666666665,15.491916666666647,14.09299999999998,12.547800000000006,10.822516666666669,11.94678333333333,20.42666666666668,37.90931666666674,66.8402,97.21188333333343,109.79503333333356,93.58843333333328,80.5793333333332,73.24755000000003,65.22116666666658
2025-09-25,71.63991666666675,68.28061666666663,66.36251666666664,69.11931666666669,77.2222166666666,93.56031666666681,97.6120666666665,77.52621666666666,53.22111666666662,39.285533333333376,33.449183333333295,30.283883333333367,27.10929999999999,24.41898333333336,26.783533333333363,38.3892166666667,59.60893333333342,88.95674999999997,116.36169999999996,124.33923333333327,106.55033333333337,96.47344999999991,88.59178333333334,81.30005000000004
2025-09-26,96.14551666666672,94.15288333333339,92.35363333333306,93.94063333333337,100.79779999999974,112.6885500000001,113.11043333333315,96.56488333333328,74.52661666666671,58.577566666666605,51.39670000000004,46.657049999999984,43.107350000000004,41.49638333333335,45.31043333333342,57.499933333333274,76.69473333333332,104.31815000000007,127.18079999999989,138.1440833333333,119.62271666666672,107.51381666666661,102.38673333333332,96.56930000000001
2025-09-27,101.95763333333333,100.27053333333312,98.10963333333329,97.87631666666674,101.58608333333324,107.31420000000017,103.23443333333312,86.47366666666663,62.618816666666646,48.55948333333328,40.27656666666667,36.194033333333316,32.64896666666666,30.566133333333333,35.55255000000001,47.462799999999994,70.68681666666669,101.35833333333339,121.18201666666646,129.67386666666664,119.03414999999998,110.03141666666657,104.21239999999997,96.49496666666673
2025-09-28,57.186066666666655,53.88689999999989,51.91513333333334,52.98156666666659,56.52609999999997,60.93836666666664,58.49215000000006,47.44953333333335,35.181883333333396,26.457383333333308,22.133766666666666,19.67301666666666,16.904883333333313,14.660483333333335,15.77663333333332,25.464833333333353,40.62946666666675,65.09766666666673,87.17475000000005,96.52765000000004,90.06091666666681,79.27060000000002,72.36473333333342,63.93921666666665
2025-09-29,47.09635000000006,44.622016666666575,43.41681666666667,45.94906666666659,53.21374999999992,68.45453333333322,73.84174999999989,60.85225000000005,43.08403333333333,32.05839999999999,27.373000000000037,24.75111666666669,22.08185,20.514250000000025,22.176616666666675,30.63811666666669,47.478916666666706,69.32305,92.68508333333352,101.08255000000013,88.14890000000013,75.78100000000005,69.05934999999998,60.69041666666663
2025-09-30,85.68983333333347,83.07708333333323,82.56678333333338,83.44038333333336,91.64273333333327,105.2461000000001,111.09628333333329,97.20321666666673,79.5501500000001,66.31401666666669,59.149799999999935,55.63266666666663,52.26765000000009,50.6763833333333,53.38363333333342,64.91908333333326,82.05066666666684,107.2691833333334,124.08185,125.07706666666692,109.61630000000014,100.08618333333342,91.51640000000003,84.19301666666667
2025-10-01,97.13431666666678,95.40934999999995,94.02699999999999,95.01816666666674,100.23761666666654,111.20095000000018,108.97681666666662,90.74956666666671,66.13496666666674,48.254100000000044,40.449166666666706,36.80475000000001,33.175800000000024,32.8736,37.23345000000005,49.17506666666669,70.7671500000001,100.1498833333333,126.18851666666652,136.61271666666676,116.87395000000014,105.88923333333325,99.88228333333332,94.06255000000016
2025-10-02,95.6165833333334,93.24709999999988,92.10406666666667,94.17606666666667,100.97551666666659,113.32148333333379,115.12454999999973,97.17758333333337,74.74478333333327,55.07485000000011,46.77821666666659,42.30688333333341,37.53784999999998,37.51860000000004,42.078433333333436,55.06313333333328,77.71910000000003,106.53474999999995,133.97429999999991,139.26938333333322,119.42533333333346,108.65103333333322,103.49086666666685,97.47056666666673
2025-10-03,100.3698,98.38486666666654,97.47403333333318,99.31650000000018,106.81753333333336,118.133816666667,126.14053333333318,111.52845000000013,91.34605000000002,74.57721666666663,67.1852666666666,62.797916666666715,58.90665000000002,57.27591666666666,61.48325000000002,72.48436666666653,90.95651666666677,116.64708333333324,142.3868333333331,144.36354999999995,125.99541666666667,115.1614666666667,110.9105999999998,105.05666666666666
2025-10-04,98.43348333333338,96.75721666666658,94.57611666666672,94.2946166666667,96.73780000000001,100.07385000000023,93.14458333333323,69.48301666666667,44.80828333333336,30.52660000000004,23.40846666666668,19.531749999999985,16.13038333333333,13.242799999999997,15.06611666666667,23.65159999999998,44.93591666666672,81.34781666666659,108.69459999999992,118.00853333333345,112.10169999999991,103.3405999999999,94.23326666666665,86.35371666666668
2025-10-05,28.83705000000003,25.927349999999976,24.094150000000035,25.528816666666675,27.505016666666645,30.22028333333329,25.53534999999997,16.281199999999988,9.306733333333312,5.417999999999994,4.2842333333333285,3.519566666666667,3.078750000000002,2.577166666666667,2.6904666666666714,5.066016666666667,12.90598333333333,32.5478333333333,54.8543166666666,67.58533333333327,63.295299999999976,52.95148333333333,51.14121666666669,42.20616666666665
2025-10-06,41.56209999999995,38.532616666666684,37.56596666666667,41.37864999999992,51.01649999999996,69.05463333333314,75.35813333333334,59.09528333333337,39.99883333333337,27.825566666666692,24.226750000000006,22.02691666666668,19.994316666666656,19.267766666666706,22.12180000000001,32.61036666666669,52.46723333333345,79.8888333333333,110.16633333333345,121.56593333333338,101.37620000000004,85.5327500000001,79.30904999999989,70.82411666666658
2025-10-07,100.20570000000008,97.8796833333333,96.3979333333334,97.73784999999997,104.2197666666666,116.30685000000015,124.6418333333332,111.56991666666688,90.27219999999978,69.40494999999986,60.21109999999993,55.95899999999997,51.87846666666674,50.95063333333335,54.549100000000045,66.38011666666641,86.96135000000017,115.21135,140.84383333333318,145.94513333333313,126.29044999999988,114.14414999999995,109.11876666666645,103.15638333333332
2025-10-08,102.01308333333326,100.22939999999996,98.14604999999993,98.49324999999993,103.92111666666635,114.79600000000023,120.34241666666667,107.97595000000013,86.61388333333339,67.7650833333334,58.412116666666506,52.28874999999993,47.488900000000065,46.25671666666672,50.010383333333415,61.57881666666652,82.64614999999995,109.64685000000003,133.90991666666645,138.80394999999996,121.69633333333334,110.59978333333324,103.19079999999995,96.70555000000006
2025-10-09,88.84463333333328,85.75876666666674,82.84338333333322,84.20924999999991,89.39341666666661,98.98113333333363,99.9257833333335,81.46499999999999,56.4534166666666,41.26450000000005,34.441750000000006,30.434916666666663,26.731066666666703,23.54530000000002,23.600716666666667,32.02096666666665,50.54856666666671,81.22630000000005,106.99729999999994,116.11625000000029,106.59275000000004,96.49201666666659,88.47456666666666,80.80688333333337
2025-10-10,87.80134999999994,85.56246666666671,84.32963333333335,86.53693333333327,94.97371666666659,109.1550666666668,115.89378333333325,99.7824166666667,78.98824999999997,64.38931666666663,57.701299999999996,53.84455000000007,49.51685000000004,46.88288333333339,49.48868333333344,61.145783333333284,79.16428333333334,105.59300000000002,129.75314999999992,133.41290000000015,118.19456666666677,108.71056666666668,104.11298333333315,96.61670000000012
2025-10-11,94.07834999999999,91.9588499999999,90.1366166666668,90.19865000000011,93.19488333333342,96.94353333333345,93.81379999999984,76.04630000000004,52.547033333333324,37.93516666666668,31.176116666666754,27.244899999999976,24.18199999999998,22.675333333333313,24.70083333333335,35.014716666666665,56.939800000000034,89.39924999999994,113.95689999999992,119.0741166666667,111.70346666666654,103.13961666666641,95.65929999999989,88.73408333333343
2025-10-12,94.12221666666686,92.18108333333306,90.8682833333334,91.54375000000017,94.89515000000016,96.51883333333336,90.84264999999982,72.73706666666668,46.530583333333425,31.51161666666668,25.291500000000067,21.00166666666665,18.37548333333335,16.59923333333335,17.65428333333335,28.75016666666667,52.18101666666662,86.6523166666666,111.26256666666663,118.0536499999998,111.17308333333334,103.17178333333321,96.66286666666669,88.23208333333352
2025-10-13,91.25421666666682,89.53258333333336,88.11168333333345,91.64133333333345,99.92214999999985,112.20531666666692,121.35801666666669,112.11593333333336,96.67114999999991,84.42469999999989,77.97529999999983,74.22883333333334,71.28748333333337,68.62118333333328,71.42586666666668,82.91416666666646,97.43931666666685,119.95263333333338,138.98701666666682,136.0793833333334,120.81085000000022,111.12758333333323,105.89554999999993,99.47915000000002
2025-10-14,104.73851666666673,102.67780000000009,100.78058333333342,101.89474999999997,109.39720000000001,121.24475000000012,133.44054999999997,125.63520000000008,103.53514999999996,87.20160000000007,79.7995166666666,75.0548333333333,70.95750000000002,69.51631666666658,72.51338333333334,83.00086666666658,100.45458333333339,124.9835,148.19669999999982,150.42116666666658,131.8411666666668,119.78306666666658,114.70164999999993,107.14148333333347
2025-10-15,105.26594999999995,103.34776666666654,101.60248333333351,102.28466666666677,109.94594999999984,121.22928333333327,134.1854166666665,126.57433333333324,105.84336666666681,92.5944166666667,84.26911666666675,80.31884999999978,76.92911666666666,74.7499333333333,77.53413333333337,88.74906666666647,107.91713333333315,127.98363333333303,148.28411666666642,147.4216166666664,133.16566666666668,119.64760000000004,116.1933499999998,109.32900000000001
2025-10-16,106.11419999999984,104.27851666666659,103.02335,103.23405000000007,109.43021666666652,119.92041666666667,131.02256666666642,124.24099999999984,103.24251666666683,88.90731666666666,81.22365000000015,77.62973333333325,74.25256666666664,72.52418333333337,76.43040000000008,86.88084999999992,105.49056666666677,128.06513333333325,146.70739999999986,146.1668999999999,130.31290000000007,119.55293333333347,115.33923333333333,108.9659
2025-10-17,108.24063333333321,106.24429999999991,104.6977000000001,104.84851666666691,111.25349999999993,120.84835000000014,136.20158333333322,129.5123666666667,104.57000000000016,89.66340000000002,81.11225000000009,75.57916666666671,71.78259999999997,69.92015000000004,73.36466666666664,84.03061666666657,105.21550000000006,128.9127000000001,148.35723333333317,147.10775,133.20728333333344,120.24556666666676,118.32696666666644,110.98620000000003
2025-10-18,107.4271166666667,104.97569999999988,102.58180000000006,101.91703333333345,104.9641333333332,109.1366833333335,109.97309999999966,96.64568333333334,70.76685000000002,56.87211666666665,48.91324999999999,44.59380000000003,40.41485,37.66108333333326,42.929516666666665,57.42696666666666,82.6475500000001,111.6862000000001,130.0583833333333,134.71801666666676,126.75324999999985,118.08808333333313,111.54216666666665,103.36966666666662
2025-10-19,78.58303333333343,74.88435000000004,72.2156,72.15440000000007,75.45538333333343,80.10638333333347,76.01301666666666,58.093683333333345,36.54176666666667,23.986299999999996,17.850416666666657,14.854500000000007,11.984350000000001,10.054833333333345,11.101183333333339,19.157016666666642,37.73031666666665,69.58094999999996,96.31396666666691,104.86091666666674,99.09143333333327,88.57626666666664,79.55346666666672,71.2358
2025-10-20,30.004166666666617,26.60400000000003,25.409783333333305,27.237133333333347,34.97613333333334,52.021299999999904,64.42274999999995,55.295600000000064,37.833866666666616,25.63356666666667,21.402966666666646,18.37566666666665,16.36931666666662,15.289949999999982,16.44405,26.537450000000003,46.47250000000004,71.64600000000002,93.73305000000016,98.14478333333335,84.0605000000001,72.27596666666659,63.14306666666661,55.330183333333274
2025-10-21,26.491916666666686,22.632433333333346,20.862949999999966,23.28628333333339,33.23846666666666,49.89871666666664,63.14684999999988,54.197916666666714,32.46993333333332,20.16183333333332,14.734433333333326,12.262033333333349,10.245250000000002,8.823766666666653,9.64285,16.646283333333358,35.29058333333335,61.74411666666662,84.23968333333345,90.22521666666668,76.03540000000002,61.92146666666664,51.009349999999955,42.58804999999992
2025-10-22,26.406883333333326,21.28214999999995,19.996649999999992,21.3754166666667,30.998733333333373,48.5182666666666,66.58836666666659,60.645750000000056,36.384366666666644,21.138066666666617,14.638516666666689,11.10996666666669,8.971866666666683,7.457566666666658,8.26355000000002,13.644416666666707,31.298749999999938,56.173716666666806,81.52373333333337,83.66738333333343,72.56031666666682,57.69791666666654,45.57176666666667,37.88366666666668
2025-10-23,13.747133333333329,11.619466666666659,10.888383333333314,12.582916666666657,18.848666666666652,36.97654999999997,50.67351666666654,42.85380000000018,26.780433333333367,18.40418333333336,15.499383333333311,13.732266666666689,11.764416666666671,11.202699999999982,12.018433333333336,18.384816666666683,36.6674166666666,63.11244999999994,91.20736666666667,97.8781333333333,81.63479999999998,68.67848333333335,62.31746666666683,55.8461166666666
2025-10-24,86.64041666666672,84.42714999999994,83.62108333333349,86.74925000000002,96.2765166666667,112.29980000000023,123.04704999999991,107.17023333333347,84.28761666666665,68.03003333333324,61.06448333333325,57.622516666666705,53.71938333333344,50.19978333333338,53.22858333333342,65.5047499999999,86.1524000000001,115.76845000000027,143.07766666666654,142.14383333333322,122.23605000000018,111.48614999999988,105.4724166666664,97.57843333333345
2025-10-25,93.76989999999998,91.56623333333329,89.85046666666673,89.8150833333334,94.10138333333339,100.79638333333347,104.07671666666654,94.62951666666675,76.41816666666672,61.776133333333405,53.82908333333339,49.91743333333333,46.80976666666672,44.74228333333332,46.608000000000075,58.26781666666662,79.67170000000007,106.01934999999992,122.5015166666665,124.71198333333324,115.65276666666652,106.70818333333322,100.14868333333324,92.8676166666666
2025-10-26,90.93468333333333,86.54121666666673,85.01265000000006,85.55308333333345,87.52158333333351,88.88390000000012,87.71863333333329,75.78156666666675,52.35905000000014,32.68150000000011,26.53340000000002,22.25535,20.128483333333314,17.899766666666657,18.32101666666665,30.007400000000047,55.434316666666604,88.13846666666642,109.00273333333317,114.62876666666622,109.80588333333307,101.79223333333329,95.85030000000017,86.40076666666677
2025-10-27,86.11496666666669,83.76851666666664,83.13061666666655,85.16246666666672,92.79798333333335,105.61900000000014,109.60273333333329,92.91100000000003,71.59015000000002,54.923233333333386,47.11428333333331,43.504383333333365,38.84533333333332,35.250150000000026,38.65873333333341,51.92531666666667,72.66695000000011,101.63335,128.86961666666664,132.23038333333352,114.88783333333359,104.29243333333335,97.94193333333325,90.91283333333344
2025-10-28,102.08225000000009,99.77801666666657,98.00153333333336,97.95900000000005,104.51690000000002,115.76546666666684,127.98391666666656,123.27676666666673,103.9186500000002,87.76411666666662,76.90576666666668,72.94101666666663,69.1250833333333,67.79678333333335,70.8387666666666,82.51394999999995,101.24781666666682,126.46229999999996,144.99261666666652,143.4844333333334,127.74645000000014,115.92391666666653,109.37886666666658,102.31893333333335
2025-10-29,94.80253333333339,92.07173333333333,90.21570000000003,89.85158333333334,95.7495499999999,107.19371666666677,117.66656666666653,115.94520000000001,100.85151666666684,88.32601666666669,80.07281666666668,76.36936666666652,72.82358333333322,71.06335000000007,74.86013333333342,85.79118333333344,102.2112000000002,123.59646666666673,137.33534999999986,136.1651833333332,121.54213333333348,110.46306666666666,101.51285000000013,93.98456666666668
2025-10-30,108.55938333333323,105.86271666666646,103.12565000000001,102.46280000000004,106.97316666666644,114.62475000000016,120.06426666666658,112.61306666666674,93.45405000000005,75.30303333333329,65.81709999999994,59.09841666666666,54.164633333333306,50.82764999999998,52.87863333333336,66.72095000000002,88.82303333333326,115.96744999999989,134.31881666666644,139.38236666666663,128.89981666666662,117.28625,110.47223333333332,101.90408333333343
2025-10-31,85.4510166666667,82.15065000000004,80.02691666666672,80.1607166666666,87.20706666666658,100.48900000000008,113.53448333333336,109.92813333333343,93.17955000000002,78.96306666666655,70.23018333333331,65.68550000000005,61.43781666666665,58.83046666666667,61.92244999999999,74.79755000000006,92.2292666666667,112.48171666666661,129.01709999999997,128.3829166666668,115.61830000000009,105.43064999999977,97.11743333333325,87.81316666666677
2025-11-01,53.02258333333321,49.587599999999895,48.008883333333316,48.882166666666585,53.91636666666658,60.09704999999993,62.860500000000016,58.33906666666673,46.75851666666676,37.80266666666669,33.06793333333335,29.461216666666665,26.57753333333329,24.305250000000033,25.025750000000034,36.773850000000046,56.152016666666725,84.22493333333345,100.82728333333353,104.95658333333344,96.48866666666686,86.05985000000007,80.3133999999999,71.09718333333335
2025-11-02,70.46101666666678,65.85199999999999,64.48508333333332,64.73188333333337,68.27463333333338,73.20608333333338,68.95543333333333,51.51489999999996,33.84411666666675,23.042499999999958,17.946550000000013,16.158500000000004,14.605866666666659,13.705133333333324,14.132699999999998,21.518916666666634,38.78155000000001,70.07528333333332,98.72461666666658,107.1715499999999,100.27638333333329,88.94109999999996,82.84716666666658,73.70481666666673
2025-11-03,87.94425000000014,85.31643333333339,84.1613666666668,86.81718333333347,96.46278333333322,110.44585000000026,120.98434999999998,105.71975000000012,79.48811666666651,59.76748333333335,48.15239999999987,44.484583333333354,37.735749999999975,33.75611666666672,37.66600000000011,51.90885000000006,78.02946666666664,105.68180000000004,136.17213333333353,140.2122166666667,120.48716666666677,108.50146666666664,102.28348333333302,95.9424333333334
2025-11-04,85.67573333333334,81.91594999999998,78.06613333333325,77.62606666666657,83.17716666666648,95.15095000000005,104.4731500000001,92.4903666666667,70.70216666666673,53.22678333333337,43.46281666666658,37.50916666666675,32.192716666666705,28.78663333333333,29.9565166666667,43.348616666666636,64.38128333333333,90.34256666666661,114.28231666666666,117.51001666666693,105.37710000000007,94.25721666666658,84.08603333333326,75.04546666666675
2025-11-05,29.11128333333334,25.208950000000012,23.49226666666666,24.092466666666688,31.00188333333342,44.703916666666665,58.88521666666659,56.1774166666667,39.0459833333333,25.8044666666667,19.308716666666637,16.158499999999982,14.26461666666665,12.346633333333335,13.399399999999996,21.252999999999986,37.15310000000001,59.567266666666704,76.85070000000005,79.9251166666667,68.19378333333337,57.55473333333334,45.20404999999997,37.488583333333395
2025-11-06,21.94819999999999,18.140400000000017,16.80845,17.657266666666676,25.97031666666669,39.37408333333327,51.91526666666658,47.45696666666677,29.325983333333344,18.062483333333365,13.877883333333335,11.52656666666667,10.146500000000003,9.40268333333334,10.794033333333322,17.311799999999995,34.717183333333374,57.93021666666672,80.97621666666662,85.20569999999998,71.28428333333336,58.99501666666657,49.32773333333327,41.389100000000035
2025-11-07,63.585699999999996,60.53231666666664,58.821916666666695,59.92446666666667,67.67251666666665,81.67323333333336,92.62273333333331,86.09355,66.31194999999994,52.43463333333335,46.145566666666575,43.6232,41.23876666666662,39.785249999999984,42.17914999999999,53.12741666666668,71.81123333333329,97.07814999999998,119.86416666666659,122.90791666666676,108.7412333333334,95.25279999999994,87.32040000000005,80.29449999999997
2025-11-08,70.85416666666679,66.03873333333334,63.241816666666736,63.38995000000006,68.08210000000003,74.9545166666668,73.9592,60.77551666666664,42.602683333333324,29.739883333333317,23.3638666666667,20.741500000000016,18.516649999999995,17.00921666666668,18.046716666666658,26.43834999999999,44.70053333333331,74.04531666666665,94.70820000000009,103.38216666666685,97.48526666666665,87.99951666666662,81.07779999999998,72.97038333333334
2025-11-09,62.60161666666663,57.64711666666664,55.99441666666666,56.32815000000009,60.742583333333314,66.44388333333335,63.638733333333285,49.45206666666661,31.924683333333373,21.683516666666602,17.790366666666678,15.842983333333331,14.19093333333331,13.24368333333333,13.996033333333331,22.14064999999998,42.392816666666725,73.75183333333344,99.39649999999996,107.9199333333333,99.2966500000001,88.6950833333333,82.2565333333333,74.24550000000008
2025-11-10,88.36158333333336,86.02026666666683,84.57896666666682,86.04318333333343,93.26319999999987,106.31485000000023,119.76536666666657,113.37468333333369,87.46586666666657,66.51371666666664,54.866949999999996,50.03421666666675,45.543600000000026,43.54811666666667,47.09583333333347,61.117033333333254,85.35038333333347,114.18203333333317,139.05941666666664,140.09166666666664,123.07198333333339,108.30556666666662,101.37641666666644,93.35701666666694
2025-11-11,89.95688333333328,85.99794999999988,82.91119999999985,82.25154999999995,86.96256666666659,97.10466666666673,102.42285,91.0131500000001,68.19769999999994,49.42566666666667,39.62025,34.73241666666671,30.702083333333405,29.143150000000052,31.527966666666714,41.76236666666662,61.72355000000007,90.74296666666665,112.26049999999994,117.75161666666679,107.00646666666685,96.72746666666653,88.20243333333339,78.81613333333343
2025-11-12,51.36023333333331,47.01459999999992,44.10063333333325,44.585466666666626,51.684849999999955,64.53941666666663,70.82951666666672,55.117750000000015,37.526083333333375,26.591683333333364,21.362716666666664,18.82639999999998,16.750200000000003,14.933566666666675,16.120116666666664,23.177383333333335,36.74156666666669,58.33794999999995,82.82835000000009,92.83473333333352,84.64124999999999,72.87484999999988,63.694766666666666,56.27605000000002
2025-11-13,24.13468333333338,20.997250000000022,19.574950000000015,20.034533333333364,25.94960000000004,36.629033333333304,45.71574999999989,41.84356666666669,27.965149999999984,19.120516666666695,15.395983333333337,13.616966666666661,12.387083333333328,11.572516666666663,12.598683333333309,18.14341666666668,31.700000000000024,48.98796666666667,66.61258333333333,72.5704833333333,62.454233333333484,51.704383333333254,43.95523333333334,37.24063333333331
2025-11-14,17.230183333333358,13.531899999999997,12.07569999999997,12.110316666666646,17.143099999999986,27.534783333333404,40.809716666666546,42.87625000000007,32.051700000000004,23.60030000000005,19.198166666666665,16.45341666666665,14.735733333333307,14.13064999999996,15.156349999999945,20.237116666666672,32.43720000000002,48.8610333333332,63.7538666666666,66.54183333333322,55.64580000000003,45.91648333333331,36.42869999999999,30.52349999999999
2025-11-15,22.945933333333315,19.81731666666668,18.14518333333335,18.915033333333312,22.92479999999996,29.481983333333343,33.2370833333333,28.64816666666671,20.159350000000007,13.730316666666686,11.42618333333334,10.402949999999986,9.715016666666656,9.468199999999998,10.352550000000004,15.089083333333338,26.174700000000044,42.81311666666671,61.8299666666666,70.20211666666658,61.18479999999996,50.497299999999946,43.505900000000025,37.69184999999995
2025-11-16,35.847249999999924,31.945116666666642,30.57115000000006,31.192099999999986,35.841749999999976,43.544783333333235,48.33516666666667,44.25175000000001,32.85051666666672,22.928033333333335,19.316099999999995,17.85081666666667,17.042816666666656,16.904133333333334,19.156016666666687,28.023233333333344,46.551283333333416,72.06051666666676,94.9525500000001,100.07760000000007,87.90401666666678,75.9205666666667,69.43143333333335,62.63901666666666
2025-11-17,69.16056666666664,65.89143333333325,64.22596666666664,65.07591666666667,72.50448333333331,87.20973333333345,99.31423333333335,94.34670000000007,73.37608333333323,57.98224999999997,50.500349999999955,46.89810000000007,43.26129999999998,40.730950000000036,44.04695000000001,55.62044999999997,74.91541666666672,100.19491666666664,123.63495000000007,125.29765000000002,108.95446666666689,95.40406666666664,85.6744833333334,77.50133333333335
2025-11-18,80.94349999999991,77.61171666666661,75.52714999999988,76.39613333333335,82.74973333333338,94.29676666666683,101.16713333333321,91.63766666666665,67.53374999999991,48.27525000000004,39.64794999999997,36.744533333333344,33.65278333333333,32.507100000000044,35.70696666666674,47.60413333333333,70.82710000000006,97.73556666666673,121.99321666666646,130.15321666666665,112.81428333333335,100.52921666666649,94.58988333333335,86.83959999999988
2025-11-19,103.63556666666676,101.19298333333315,99.37309999999995,98.62340000000012,102.9594333333331,111.62643333333341,117.28826666666667,111.28981666666678,89.65068333333328,70.42743333333334,58.56086666666663,53.19926666666668,49.90308333333341,48.25360000000002,51.60178333333344,64.3897166666666,86.75221666666675,113.52344999999997,134.71976666666646,141.05409999999998,126.35804999999993,113.92653333333335,106.68211666666656,99.48053333333333
2025-11-20,92.34185,89.44578333333337,87.02676666666662,87.16105000000002,92.53416666666655,101.03018333333353,104.99696666666674,97.93143333333326,77.77239999999993,60.54231666666669,51.48026666666659,47.24143333333326,43.88868333333336,41.86838333333331,45.51898333333335,55.47218333333337,74.07910000000005,98.20294999999992,116.93574999999966,124.30248333333338,115.95508333333326,104.1964,95.98913333333321,87.55401666666668
2025-11-21,83.51733333333331,80.17663333333326,77.73736666666663,77.94306666666677,85.00464999999991,96.06170000000016,102.12819999999998,95.53986666666675,74.77765000000004,58.53916666666669,50.686899999999966,47.20319999999997,44.12021666666666,41.725616666666674,44.370716666666695,56.942033333333285,75.91478333333335,98.7879833333332,118.02353333333328,126.70823333333345,114.33011666666641,103.78274999999998,97.05623333333347,89.59971666666665
2025-11-22,82.28181666666673,78.27251666666672,75.28751666666658,74.58853333333337,78.58641666666678,85.7907500000002,86.26031666666678,71.56133333333337,48.764966666666645,31.184133333333364,24.211083333333356,21.82614999999997,19.362249999999996,17.66933333333336,18.486766666666668,26.421583333333345,48.99273333333334,80.06274999999991,104.53413333333333,112.92450000000007,103.80694999999987,94.59518333333327,87.16331666666659,78.20178333333332
2025-11-23,61.901299999999985,55.3455833333334,50.945250000000016,50.12850000000007,53.32013333333337,59.025750000000016,58.444650000000095,46.37813333333334,30.25791666666672,17.961883333333343,13.51815000000001,11.587550000000011,10.021433333333329,8.846266666666667,10.042733333333326,16.210049999999978,32.66395000000002,59.7157833333333,82.0926666666667,91.37001666666673,85.70871666666662,75.09753333333326,67.32423333333337,57.53758333333339
2025-11-24,28.898833333333357,24.23821666666667,21.85650000000001,21.580400000000022,27.831466666666742,39.54278333333338,52.7466833333333,54.02271666666669,40.6974833333333,28.443916666666755,22.244699999999963,19.308250000000008,17.368766666666644,16.248950000000026,18.192449999999976,26.367249999999995,42.12673333333342,59.17408333333335,75.52176666666666,79.02103333333328,69.54306666666672,59.13633333333335,47.053333333333235,38.31023333333333
2025-11-25,40.248966666666654,35.99324999999997,33.335183333333354,33.40208333333332,39.82034999999998,52.19996666666667,67.19608333333323,68.00549999999994,49.99978333333338,35.82926666666668,30.18459999999991,27.612616666666668,25.928516666666667,24.698683333333342,26.620983333333356,35.33711666666668,53.939583333333395,76.2489999999999,97.26558333333352,102.40881666666681,91.86616666666681,78.0777499999999,68.47578333333342,60.17718333333335
2025-11-26,76.6879166666666,73.2760166666666,70.39439999999985,70.71520000000008,77.08488333333328,88.66348333333345,92.8424000000001,82.97943333333335,60.78256666666677,42.88551666666669,36.25638333333334,33.450650000000046,30.908766666666732,28.388450000000024,30.12710000000004,40.44023333333326,61.56706666666666,87.85948333333332,110.23554999999998,120.02681666666678,109.21815000000004,98.94583333333321,92.94164999999987,86.37900000000015
2025-11-27,84.65836666666686,81.56928333333347,79.59058333333309,79.64823333333344,85.87713333333328,96.95565000000006,104.00456666666666,100.33008333333338,77.15030000000002,56.23283333333325,45.07381666666666,41.81453333333327,40.49350000000008,39.27523333333334,43.789666666666704,58.26346666666654,81.65544999999987,107.75056666666664,128.7707999999998,138.72248333333326,122.69731666666662,108.51728333333332,102.93644999999994,98.80895000000008
2025-11-28,98.71790000000011,94.80856666666665,93.06745000000001,92.6228833333333,98.06644999999997,108.65368333333349,118.75846666666675,118.45016666666673,98.77800000000009,81.28245000000007,70.81751666666672,66.66689999999993,63.617149999999974,61.97511666666663,65.82103333333339,77.34233333333319,96.89100000000003,120.15510000000005,142.9234166666665,147.60104999999967,129.31096666666673,114.53999999999974,106.71864999999997,99.42680000000006
2025-11-29,98.14031666666669,95.18301666666662,93.62841666666682,93.11328333333346,97.31511666666653,106.3027166666668,115.76325000000007,114.23920000000018,98.78623333333344,84.56876666666662,75.58215000000006,71.3600833333333,68.27081666666663,66.77704999999997,70.25383333333335,81.25709999999991,98.62175000000012,119.04805,135.24926666666656,136.2426166666667,123.20138333333327,112.51981666666664,105.8814666666666,98.7560833333333
2025-11-30,82.14321666666667,79.11579999999987,77.26196666666667,76.28256666666661,79.1531666666667,84.17534999999995,86.72121666666658,82.47611666666673,67.94606666666657,53.94973333333339,46.94764999999999,43.582,40.629666666666644,38.76058333333333,40.26409999999999,50.44980000000001,68.95354999999992,91.8868833333334,107.25425000000001,111.52913333333332,104.80368333333325,96.43038333333325,87.52168333333337,79.58206666666663
2025-12-01,84.90729999999999,81.70513333333342,79.72698333333338,79.6900666666667,85.31509999999994,96.27186666666678,107.21503333333331,107.55470000000017,91.21571666666665,74.77214999999997,66.0027,62.30529999999999,59.365616666666696,57.52868333333337,60.82914999999997,71.50984999999991,89.9009666666667,110.66566666666671,129.58886666666663,132.00626666666656,118.00786666666671,105.17716666666666,96.42178333333325,90.07348333333329
2025-12-02,89.97304999999997,87.02181666666675,85.1145833333336,84.09890000000001,88.7310333333334,98.58535000000008,111.86776666666667,119.595866666667,102.38134999999978,85.88499999999999,75.66038333333326,72.37201666666671,69.38125,67.61763333333323,69.8957166666666,79.77764999999997,95.75793333333353,116.24371666666676,136.79535,138.75751666666667,123.7226,108.79961666666675,99.4941666666666,93.61411666666655
2025-12-03,85.37144999999998,81.91715000000005,78.5915999999999,78.38455000000002,82.90694999999998,91.62218333333337,96.20264999999993,91.93713333333335,74.18214999999996,55.13611666666669,46.05958333333326,42.40566666666664,39.711033333333425,37.31741666666666,39.451799999999984,49.86309999999992,69.57075,92.2295166666666,111.7161999999999,121.43281666666667,111.53879999999975,99.19428333333335,91.53996666666652,83.64598333333336
2025-12-04,62.191166666666696,57.5869166666667,54.417983333333346,53.56550000000001,60.30469999999996,72.96753333333332,86.83379999999997,87.48211666666664,72.53591666666667,56.23916666666667,46.86486666666656,42.93718333333339,39.463483333333336,37.68588333333336,39.646233333333335,50.31539999999998,69.51588333333332,89.84396666666674,106.27806666666679,110.19208333333343,100.71823333333343,89.45371666666645,79.73123333333317,71.15073333333339
2025-12-05,55.66124999999999,51.45268333333344,48.1746000000001,46.05091666666661,52.20904999999996,63.81040000000001,79.56843333333336,85.44166666666662,72.96965000000013,58.79915000000002,50.352099999999965,45.994800000000026,43.000933333333315,41.24536666666662,43.7078833333333,54.05436666666671,71.76018333333332,88.88041666666658,101.0809000000001,103.21115000000009,94.20850000000013,83.91373333333321,73.2828499999999,67.35675000000009
2025-12-06,42.655749999999955,38.86640000000004,36.70378333333336,35.731216666666676,40.38226666666666,48.348149999999926,59.87164999999996,64.28871666666669,55.24971666666671,44.66975,39.176683333333315,35.95775000000001,33.06501666666665,31.610899999999955,33.327599999999975,43.34685000000004,60.63334999999998,78.75088333333338,90.58113333333347,93.1026333333334,84.94300000000004,74.84315000000007,65.48011666666659,57.112833333333356
2025-12-07,37.58463333333328,33.77896666666667,32.0261666666667,31.889399999999956,35.397916666666625,41.61963333333329,48.77216666666663,48.471266666666736,39.80771666666674,31.078150000000022,26.35618333333332,23.854499999999998,22.41945,22.045083333333345,23.728900000000028,34.274266666666705,53.919983333333455,76.3361499999999,93.17635000000017,96.84108333333339,87.44571666666687,75.86361666666662,67.62471666666667,62.69694999999995
2025-12-08,61.19703333333319,57.645533333333226,55.80293333333328,55.42643333333332,60.25686666666661,69.7522833333333,77.92096666666667,77.48711666666664,63.125000000000064,50.97681666666665,44.940333333333356,41.15676666666665,38.108816666666605,36.75884999999998,38.48523333333328,48.961383333333394,67.31564999999992,92.64598333333336,111.12581666666675,113.72018333333352,101.76235,89.7715833333334,81.3002666666666,73.60658333333326
2025-12-09,55.51919999999992,51.9609166666666,49.57483333333331,49.97143333333332,55.85648333333327,68.71704999999987,83.81343333333335,86.0486833333333,69.9684833333334,54.523816666666725,46.73665,43.663183333333365,41.41496666666664,40.43571666666665,43.09346666666664,53.32155000000004,71.80168333333339,94.45108333333333,112.89415000000012,118.4925166666668,103.92601666666671,90.14676666666657,80.87151666666672,72.17381666666661
2025-12-10,89.45266666666649,86.25611666666681,84.00793333333343,83.38646666666669,88.90509999999999,99.92108333333353,114.68030000000006,121.95885000000017,105.31486666666675,89.96003333333327,80.26746666666668,77.1675,74.89926666666668,73.34546666666658,75.57683333333324,85.68609999999994,102.49196666666691,122.37404999999994,143.14593333333315,142.71758333333324,124.65431666666683,108.7326166666667,99.73331666666668,95.4140666666666
2025-12-11,98.9271666666666,95.23809999999997,92.71076666666676,91.32178333333339,96.24763333333327,105.34495,117.60615,123.84565000000008,109.87286666666677,96.69096666666655,87.71436666666673,84.64600000000002,81.90059999999991,80.08566666666655,83.03100000000003,92.84613333333331,107.93666666666691,124.68728333333337,137.2239833333335,137.57923333333318,126.43954999999997,114.38918333333335,106.02285000000003,100.18958333333329
2025-12-12,89.64804999999993,85.73341666666663,82.50543333333326,81.58205,86.36551666666655,96.72035000000001,110.81215000000003,117.48420000000017,107.30356666666663,95.58933333333322,87.93101666666679,85.01759999999997,82.76084999999983,81.45838333333322,84.12124999999997,91.76475000000016,105.01326666666674,119.04151666666682,132.23076666666685,131.3217,120.24988333333337,108.40026666666681,97.82298333333348,92.27088333333333
2025-12-13,88.31995000000003,84.8387166666666,82.14121666666674,80.6723166666665,83.94936666666668,91.44078333333336,99.17976666666655,99.37396666666667,89.6633666666668,76.8816499999999,69.01715000000002,65.11279999999998,61.749266666666685,59.946349999999946,62.747233333333355,73.06603333333338,90.12339999999988,107.22335000000007,117.6258666666666,117.87668333333338,110.64828333333335,101.74819999999988,93.86998333333334,86.1684833333332
2025-12-14,83.37763333333343,79.71756666666657,77.90145000000008,77.12821666666675,78.38640000000022,80.79309999999991,82.25850000000004,79.5309499999999,70.58648333333335,56.736749999999944,49.7871666666666,45.0107666666666,42.834766666666674,41.42949999999994,43.48915000000001,54.883216666666605,75.02154999999982,94.07210000000028,106.87553333333334,110.6784,106.1555666666668,99.05159999999982,91.04711666666641,84.58411666666645
2025-12-15,83.23131666666659,79.29626666666654,76.88871666666671,76.52408333333315,80.78981666666667,89.48410000000003,99.54478333333327,101.92071666666689,92.35608333333336,81.50431666666641,75.1088333333333,72.26298333333328,69.97043333333329,69.01731666666659,71.53281666666669,80.67096666666671,94.93190000000006,110.4332000000001,121.01663333333333,122.15499999999997,112.34165000000013,102.20279999999993,94.67483333333332,88.48491666666659
2025-12-16,90.99699999999996,87.86726666666664,85.13493333333344,84.39700000000002,88.94713333333328,98.82461666666677,111.48103333333323,118.35788333333358,109.53996666666676,98.30974999999974,91.4582833333333,88.05733333333339,85.52778333333319,83.96033333333327,86.32754999999999,94.38905000000007,106.2228000000001,120.3042833333333,130.42353333333338,130.6199166666666,120.30180000000007,109.27465000000014,99.87835,93.75954999999985
2025-12-17,83.89978333333326,80.22666666666655,77.58658333333337,77.23088333333318,82.37031666666661,93.11863333333342,106.44058333333334,112.63695000000003,103.1309166666665,91.51366666666648,84.18870000000015,81.24304999999991,78.82794999999992,77.81129999999993,79.93809999999992,87.95814999999995,101.80694999999999,116.08408333333333,128.5212166666665,127.48519999999968,115.36581666666684,104.50151666666666,95.2854166666666,87.65195000000001
2025-12-18,99.9311999999998,96.6705833333333,93.59401666666662,93.15151666666675,98.53064999999992,107.76428333333332,115.84225000000008,115.31078333333339,98.80500000000012,83.85804999999993,75.45236666666663,69.18940000000012,65.58373333333331,63.263433333333296,65.6687666666666,76.80549999999994,94.31793333333329,114.77006666666665,130.24826666666658,136.6986666666666,128.17174999999992,115.53373333333327,109.40871666666659,102.50246666666665
2025-12-19,86.56138333333324,83.81296666666665,81.14975000000013,80.89889999999991,85.69168333333316,96.67990000000005,108.25848333333326,114.59023333333374,107.68318333333316,96.91176666666641,90.49194999999997,87.06241666666666,85.05636666666649,84.2591,86.72398333333338,95.13141666666677,107.12060000000011,119.81395000000016,129.54938333333325,130.42223333333342,120.06226666666696,109.52783333333338,101.8799833333334,97.05641666666662
2025-12-20,93.51326666666657,89.84978333333322,86.13386666666662,84.6038166666665,87.85871666666661,95.94629999999992,104.09439999999996,106.46666666666668,97.97548333333322,85.95126666666656,76.72078333333336,72.46603333333326,68.55841666666667,66.04133333333334,68.17603333333334,78.30124999999997,94.04044999999996,109.33590000000008,118.38398333333348,118.83704999999989,112.2921666666667,103.48149999999993,94.3129166666666,85.20113333333326
2025-12-21,47.84878333333328,44.177033333333384,41.98643333333337,41.34668333333334,45.81364999999996,53.6866166666666,64.37883333333339,69.3263333333333,62.83863333333337,53.673600000000015,46.92308333333336,43.03708333333332,41.14736666666667,40.39418333333328,42.3115666666666,52.595550000000095,69.89458333333327,88.10733333333341,99.47851666666695,100.76178333333358,93.30190000000012,82.20531666666665,73.3171833333333,65.7771166666667
2025-12-22,55.8932833333333,51.627566666666745,48.56088333333334,47.009816666666644,52.30294999999996,63.12813333333322,78.17715,84.11481666666657,73.06336666666668,58.2886,49.287516666666626,45.245266666666645,42.26403333333334,40.732116666666684,43.299066666666675,54.0010333333333,72.4411166666666,89.88936666666666,101.69036666666683,105.62918333333339,95.53666666666673,84.37898333333328,75.4632999999999,68.22713333333331
2025-12-23,76.11476666666663,72.84041666666668,70.53946666666675,70.10824999999988,75.07733333333323,85.1384833333334,98.1691,104.81798333333336,95.37371666666662,84.67994999999982,78.02798333333328,74.82946666666663,72.16743333333308,71.37961666666673,74.13904999999991,82.1171666666666,95.69201666666675,109.88898333333343,124.5089166666667,125.56571666666663,112.2550500000002,101.13001666666675,92.71923333333339,85.55871666666663
2025-12-24,69.49596666666659,65.7412666666667,62.644033333333304,61.415500000000016,65.62568333333328,75.36206666666655,86.97341666666662,90.13854999999995,78.29461666666664,64.62594999999993,55.68753333333322,51.246916666666664,46.9206166666667,45.04463333333326,47.7457499999999,58.436733333333336,76.55706666666657,94.49745,106.82671666666668,109.78021666666648,100.86368333333347,91.28241666666663,83.01894999999985,75.56353333333325
2025-12-25,30.306499999999986,27.19716666666673,25.65075000000007,25.94263333333333,30.617116666666675,39.54861666666664,49.87505000000003,51.87585000000004,43.09100000000004,33.87991666666665,29.138800000000035,26.65176666666671,25.403399999999994,25.548383333333366,27.838966666666668,37.68905000000003,57.02403333333346,82.11436666666673,99.54756666666674,103.22026666666682,90.27155000000009,78.02771666666656,69.62446666666666,63.04904999999999
2025-12-26,84.68441666666658,81.74714999999999,79.38455000000003,78.81751666666653,84.4447166666666,94.88918333333332,106.29754999999994,107.76978333333335,94.87888333333328,82.6463499999998,75.77139999999996,72.34411666666651,69.3617833333333,67.96190000000001,70.41428333333327,81.4875666666667,97.27148333333336,116.36403333333335,129.6732499999999,130.18734999999992,116.2123000000001,104.91239999999999,96.97104999999985,89.92816666666666
2025-12-27,83.96743333333332,79.8003833333333,76.19618333333338,74.47914999999993,76.97118333333326,84.0218166666666,89.7895166666666,89.8471000000001,79.86859999999993,67.93034999999992,60.122949999999996,56.069916666666664,52.85975000000001,51.469999999999935,53.17799999999995,62.21604999999996,79.06051666666663,95.76086666666677,106.95738333333347,108.53228333333344,102.91855,94.41633333333316,85.86566666666657,77.42346666666657
2025-12-28,67.32338333333321,63.73225000000009,61.21139999999995,60.25943333333336,62.8179333333333,68.37124999999996,74.31293333333338,77.12606666666657,71.27778333333328,61.57689999999999,55.49719999999988,52.61489999999995,50.27261666666663,49.462783333333256,51.38369999999993,61.270416666666726,77.81231666666666,94.83888333333367,103.54066666666667,106.89254999999997,99.77128333333324,89.7592666666667,82.39248333333327,74.59303333333327
2025-12-29,85.48605,81.33614999999993,78.64716666666673,77.53153333333319,81.7148333333333,91.19473333333343,102.67078333333325,109.08818333333367,103.00901666666664,93.19338333333312,86.52883333333338,83.19128333333343,81.64049999999996,80.87199999999993,83.32541666666667,90.70771666666657,101.50118333333332,113.99676666666697,123.7990166666667,127.36665000000004,117.94456666666699,106.56721666666672,97.91290000000006,93.02358333333338
2025-12-30,101.15953333333317,97.48261666666664,93.52936666666672,92.41829999999999,96.26950000000004,104.81015000000012,113.38773333333346,114.19763333333336,98.67194999999995,82.51404999999998,71.21018333333325,63.24101666666667,58.356616666666646,55.742200000000025,60.0978666666666,73.04919999999998,93.00730000000007,114.99681666666666,129.69451666666657,134.7000833333332,126.19191666666669,113.7041666666668,106.56861666666659,98.21290000000006
2025-12-31,91.11628333333329,87.72056666666656,85.14389999999997,83.94539999999999,87.707,95.59568333333333,104.32553333333333,106.92731666666677,98.37966666666675,86.89981666666637,78.9611333333334,75.34939999999996,72.87526666666658,71.73844999999999,75.31366666666663,85.09561666666673,98.9478833333333,115.18788333333345,123.92581666666662,125.94241666666647,119.77215000000014,110.10376666666646,102.39668333333331,96.69020000000012
