forecast_day,y_h01,y_h02,y_h03,y_h04,y_h05,y_h06,y_h07,y_h08,y_h09,y_h10,y_h11,y_h12,y_h13,y_h14,y_h15,y_h16,y_h17,y_h18,y_h19,y_h20,y_h21,y_h22,y_h23,y_h24
2024-01-11,87.23683333333332,83.15931666666692,76.32563333333336,78.8977166666666,89.16358333333311,108.34728333333368,121.60213333333321,128.53301666666667,123.77631666666677,117.57221666666672,111.81806666666674,107.46293333333327,103.81444999999984,106.37078333333314,107.64736666666678,115.29978333333328,132.33525000000003,139.13390000000018,130.1270333333334,117.90216666666672,107.51816666666687,101.89459999999973,90.49696666666664,82.79370000000003
2024-01-12,88.01108333333289,84.81178333333344,79.0288499999999,81.92178333333302,91.76636666666644,108.8774833333337,122.85694999999983,131.03301666666655,124.87151666666716,116.78003333333358,111.1195666666669,105.68246666666627,103.50236666666666,107.91733333333359,111.59051666666664,117.96616666666684,135.2258000000001,142.69610000000029,135.1401999999997,122.77465000000001,112.44958333333385,106.61091666666657,98.11080000000024,91.35456666666687
2024-01-13,84.23557499999977,80.91835000000002,76.12480833333335,78.4044666666665,88.19061666666654,103.29219166666707,117.6065416666665,124.64074999999985,119.34338333333345,111.6195250000002,105.98674166666689,100.55187499999985,97.34560833333349,100.46289166666675,104.01080833333337,112.70007500000011,128.2618166666667,134.68569166666686,126.53524166666668,115.18110833333344,106.52045833333369,100.24356666666652,91.78706666666665,85.4312166666667
2024-01-14,74.96571999999996,71.00308611111107,66.56136833333333,69.4958755555554,79.90261722222225,92.62623000000015,103.54314777777773,104.85366111111095,100.05147500000018,95.31345888888872,91.2161272222222,85.36157444444426,81.56449500000012,82.4979166666667,83.46077333333353,92.28111500000026,105.57166333333339,113.9257911111111,110.66656722222214,102.58008611111131,96.00356277777783,90.7630577777777,83.06985499999993,76.28997555555561
2024-01-15,67.17406666666658,63.27506666666668,58.410266666666615,61.34948333333331,72.74081666666662,88.37116666666677,101.04661666666654,103.71138333333333,100.63453333333337,95.57408333333295,91.61296666666667,86.51173333333314,81.93501666666657,83.36315,84.05168333333341,92.48078333333346,105.34053333333344,112.56029999999997,109.13701666666671,99.89645000000014,92.65243333333343,88.98731666666654,80.67808333333315,75.24303333333327
2024-01-16,80.68269999999985,76.7874166666666,72.7621,75.43155000000002,85.03123333333336,98.82655833333355,109.61515833333304,112.31415833333328,108.46683333333374,102.36414166666654,98.94760833333349,93.28487499999964,87.97244166666674,89.56805,91.04306666666666,99.95166666666664,113.12647500000011,120.75465000000021,116.98339166666678,108.89555000000028,102.06101666666669,96.35130833333308,88.99048333333316,83.34842499999989
2024-01-17,67.92283863636357,63.061009595959575,57.17419469696967,58.761357323232275,68.79761590909082,87.3862500000002,102.21114949494945,107.45018080808075,103.01580227272734,95.82958712121201,90.63333888888879,84.40325202020196,79.45118989898987,80.85964797979791,82.60460909090911,90.76547247474741,106.90878787878792,114.28580328282808,110.40030202020192,99.73670378787892,91.558641919192,85.62942601010086,75.60382929292919,66.63159797979803
2024-01-18,65.98210952380944,61.326485714285674,56.84716190476191,60.34105952380944,71.1885404761904,88.67585714285711,102.63404285714283,106.04423095238081,101.84383809523821,96.58689761904742,91.93266666666676,85.61405714285705,80.75999285714298,83.09329047619036,84.86148571428582,93.14673095238095,107.96916666666654,116.81597380952367,114.79721428571429,104.5490547619048,96.38143571428569,91.9293047619045,84.2763047619046,77.24803095238104
2024-01-19,69.94615999999995,66.25370000000002,62.458589999999965,64.41174666666657,73.63141999999992,88.41079333333332,102.1294999999997,107.58969333333319,105.28577666666679,100.9726466666664,96.73212000000004,90.70103999999996,85.3861533333334,87.8578633333332,89.82864666666696,97.2426133333331,109.16500999999973,116.65055333333332,113.05483666666672,103.60591000000026,95.76974000000006,92.87922333333319,85.1390766666666,80.64959999999996
2024-01-20,67.71238333333336,63.72006666666653,57.63788333333331,60.14623333333322,67.44831666666659,79.32933333333341,91.46509999999995,94.6498666666666,91.48850000000003,86.79856666666637,83.01818333333323,77.16055,72.53528333333331,72.27943333333336,72.85024999999997,78.9403333333332,89.80916666666661,96.62184999999994,94.99148333333314,87.71808333333358,81.7677999999999,78.49104999999976,69.22806666666659,63.82313333333333
2024-01-21,57.8883166666667,53.94835000000004,47.76069999999992,49.13730000000001,56.666449999999884,69.48886666666678,82.11913333333337,84.83914999999995,81.98394999999994,76.89434999999995,72.68888333333328,66.55356666666674,61.99649999999999,62.67865000000002,64.1217999999999,71.70364999999993,85.21131666666668,92.40946666666663,91.39659999999992,83.17450000000024,75.19270000000006,71.84958333333317,62.55466666666658,55.290816666666714
2024-01-22,32.39614999999994,28.01188333333328,22.13723333333339,23.769183333333277,31.740099999999995,48.769633333333424,64.68416666666667,69.84688333333358,66.94656666666684,62.09995000000017,58.04854999999992,54.6854333333333,49.76946666666652,52.39093333333321,54.46039999999991,58.54360000000004,71.43373333333344,79.39604999999992,80.42546666666645,72.5815333333336,64.12179999999988,61.09680000000015,51.28188333333337,42.44320000000003
2024-01-23,28.231499999999954,24.358883333333296,19.44273333333336,21.205866666666623,30.923699999999982,51.037800000000075,68.80001666666662,75.51920000000017,72.94503333333348,65.86940000000013,62.13334999999993,58.26438333333326,54.913083333333184,57.445566666666565,59.88126666666662,64.83444999999992,77.58281666666653,85.92301666666667,83.9367166666668,73.57355000000008,64.21223333333322,60.55833333333333,51.474500000000006,42.87400000000004
2024-01-24,28.20010357142856,24.702093650793636,20.5934746031746,21.997900396825376,30.469574206349233,43.157946031746015,56.454526587301686,62.16826547619061,61.10588333333335,57.16475039682539,53.99751071428568,51.46092579365078,46.95726626984127,48.53413928571426,50.53236468253968,53.94514960317465,65.49736309523806,73.66501984126987,71.61561309523805,63.113584920634956,56.2573412698411,53.577839682539626,46.187246031746014,38.818767063492075
2024-01-25,58.690600000000025,55.4844833333333,51.22308333333317,54.60459999999998,64.1048333333334,78.52106666666681,90.45995000000005,90.43860000000004,85.91753333333331,80.01169999999998,76.4473833333333,71.19870000000002,67.64360000000002,67.69039999999997,69.23341666666671,75.1764999999999,86.05551666666668,93.06206666666675,92.99224999999979,84.73960000000027,76.00168333333335,73.97968333333314,67.13874999999986,61.70803333333332
2024-01-26,59.70403333333336,56.80963333333338,53.21634999999991,56.49278333333327,65.44948333333346,77.47616666666673,88.79209999999998,87.42931666666661,81.44181666666655,75.91811666666655,71.98950000000012,66.89765000000007,62.744049999999866,61.57471666666661,62.228266666666606,68.25871666666657,78.72148333333317,88.23034999999994,88.85466666666662,81.34035000000021,74.84894999999992,72.82573333333326,66.52178333333322,60.40510000000008
2024-01-27,61.1622041666666,58.734937500000015,56.12200833333343,58.1251916666666,67.03188333333355,77.99979166666674,87.76111250000004,86.02199583333326,79.66434999999976,74.09762083333312,70.54862916666679,65.70451250000002,61.729112499999985,60.445791666666544,60.74413333333325,65.95557499999988,75.20222499999984,85.60562500000006,86.88957500000001,79.96803333333352,72.98388749999991,70.64643749999993,65.47115833333325,60.060512500000065
2024-01-28,58.69625000000007,55.57888333333339,52.125233333333334,54.24413333333328,61.17585000000004,71.02795000000012,78.82731666666666,77.34951666666657,72.05799999999978,66.22934999999985,63.09424999999998,58.041216666666585,53.76671666666673,52.833016666666616,54.60825000000007,60.673533333333275,71.23516666666663,80.66893333333347,82.0817333333333,76.08131666666686,69.055,67.01344999999995,59.79188333333335,54.19840000000006
2024-01-29,45.58682166666667,42.83618666666669,39.98919833333338,41.5596916666666,48.076194999999984,58.20719499999997,66.09808666666665,67.15182499999996,64.24506000000002,59.50899999999994,56.924840000000025,53.684479999999915,49.74715166666669,48.587426666666666,49.618975000000034,53.97809333333328,63.9243733333333,72.8444183333335,75.25446833333329,67.58253000000005,60.56276666666666,58.35439000000006,53.975476666666616,49.45421333333331
2024-01-30,66.28655833333313,63.492688888888964,59.37620555555556,61.10660555555559,69.67268333333325,82.40052222222235,96.89792500000004,96.05014999999995,88.53818888888878,81.41887777777765,77.29577777777776,72.48890555555545,68.27769999999995,68.01161944444452,69.85992222222224,75.77944166666661,86.77246944444443,96.80196666666643,95.6981083333333,87.90206111111131,80.47510000000015,77.49302499999989,71.23889444444437,65.77840000000003
2024-01-31,64.27409999999989,62.10303333333336,58.22291666666663,60.71823333333335,69.47533333333332,81.37558333333344,93.76458333333346,91.81169999999997,84.07844999999988,78.08233333333328,73.97986666666661,69.13853333333329,65.25789999999998,64.82441666666672,65.87456666666658,71.48133333333325,81.65533333333343,91.59384999999995,92.04013333333336,84.7731333333335,78.31256666666671,75.33433333333326,69.58179999999987,64.50178333333331
2024-02-01,47.22992638888885,43.297631944444426,40.03670000000004,43.14821180555558,51.21089583333328,63.009222916666744,71.65418263888893,71.61685069444452,66.28275555555555,60.81882777777789,57.79946250000001,53.09981111111109,48.678499305555555,48.20802361111105,49.459800694444525,56.04345972222215,67.36612569444439,76.8512055555555,78.37914236111096,71.72701111111121,66.67976944444437,63.782561111111185,57.44524305555566,51.46015624999993
2024-02-02,63.527493360805806,61.05480695970697,58.10684006410251,59.939462820512816,67.67148086080591,77.9933262820514,86.80119835164848,89.75646391941386,82.29276552197805,76.49602962454212,72.06167852564091,67.78031190476192,63.50014729853474,63.649054441391996,64.77584903846154,70.39055027472521,80.63328035714284,90.25914665750913,88.86911126373623,82.18980293040302,75.6894538003663,72.73793209706957,64.88557417582413,59.99426950549452
2024-02-03,42.31611706349206,38.38094484126986,35.667030952381026,39.00481825396827,47.98590793650789,59.4457626984127,67.06026825396825,67.18677222222227,61.77042182539677,56.66693373015872,54.014438492063505,49.147215476190404,43.68024325396825,43.89317976190471,45.817923015873056,52.82285952380948,65.5877218253967,75.68684246031745,76.32254801587311,70.02096785714296,64.99027896825392,61.55354126984128,55.61362261904771,49.29847301587297
2024-02-04,38.712592824074086,35.662317962962994,32.06534444444445,33.352652731481506,39.03991254629627,47.064871666666704,53.40387041666659,54.09560374999998,51.79996078703694,46.783768888888865,44.858799629629644,42.14337111111122,36.20847263888893,35.81153532407404,37.29879374999999,43.82299310185187,55.544087453703675,66.29294791666669,66.89307851851838,60.83373981481495,55.90011875000006,53.143650972222176,48.117622083333345,42.828200092592496
2024-02-05,29.87867500000001,26.71674166666667,23.340356250000013,24.84550208333329,32.78155416666666,45.01551250000003,56.052533333333265,58.97895000000011,56.96902291666667,52.633635416666614,50.45420625000006,47.18916875000002,43.39885416666666,43.519212499999895,45.58833958333336,50.385681249999976,61.3521604166667,71.42001875000004,69.61119583333331,61.63206874999999,55.28525416666661,53.024560416666624,48.02290833333335,42.55528958333329
2024-02-06,32.825638888888925,28.51756111111111,23.710272222222276,24.581905555555515,33.76907222222215,49.019850000000005,62.229033333333405,65.5754555555558,62.05922777777785,57.10021666666669,53.33660555555548,48.99450555555559,43.66063888888886,45.03911111111101,47.55232222222216,52.54659444444451,64.73425555555558,73.61943333333325,71.79502222222203,63.7911444444445,56.58794444444433,53.059066666666666,44.65879444444446,35.84169999999998
2024-02-07,28.97754999999998,25.009633333333323,19.79275000000002,20.042050000000028,28.896233333333377,45.1776333333333,61.06525000000016,66.35211666666687,63.087583333333384,57.56786666666677,52.870300000000064,48.48765000000001,44.60844999999987,46.40266666666669,49.903783333333266,54.336100000000094,65.61876666666656,74.8765833333333,73.29741666666655,64.52416666666676,57.5373333333332,54.361449999999955,47.36406666666664,37.096100000000014
2024-02-08,54.10104999999998,49.961233333333425,45.293283333333335,46.30199999999995,54.0968833333334,66.85671666666673,78.76848333333346,80.56543333333337,76.21973333333314,69.97120000000001,65.24158333333324,58.95326666666673,54.78374999999984,54.71341666666663,56.06061666666655,62.83073333333329,75.49659999999986,83.98753333333326,84.38103333333339,75.69286666666682,66.64284999999997,63.10729999999984,54.56393333333324,46.58581666666681
2024-02-09,21.952605774853843,18.463900986842077,14.984472770467862,15.07247010233917,22.447975511695937,33.34620592105264,46.343921052631565,51.72875858918133,50.97245621345033,46.28617518274851,44.56346231725146,41.64111622807024,37.29536228070176,37.9285019736841,39.82741911549705,44.15733172514626,54.647164985380165,63.4556015716374,62.83678187134495,55.9427022295321,50.314963230994074,48.92627770467833,42.62527317251462,36.452405226608164
2024-02-10,57.02480000000008,53.63835833333337,50.20115833333327,52.74754999999998,59.563433333333414,69.27366666666671,76.37409166666677,75.55688333333333,69.59074999999994,65.14492499999997,61.979725000000045,56.3553583333334,52.29586666666667,51.2328166666666,52.07215833333337,58.092558333333315,69.49848333333334,79.25983333333333,81.29565833333338,75.25590000000007,69.14583333333327,66.58325000000002,61.26296666666659,54.64844999999999
2024-02-11,54.46733750000024,50.33513750000005,46.43701249999997,48.60163749999994,56.10810416666674,65.74549583333335,71.95912916666681,71.16850833333326,65.83110833333328,60.95584583333332,57.692308333333315,52.40910416666675,47.7167625,47.30183333333333,48.55575416666672,55.80986666666665,66.8550333333334,77.25974166666661,79.05763749999981,73.11457083333356,67.7067791666667,66.86509166666666,58.79342083333326,52.47718750000002
2024-02-12,57.74382000000006,55.35110416666663,52.919605833333414,55.495865000000094,62.98055333333341,73.72668083333355,83.04775499999998,84.37968333333319,77.71371083333315,71.93796833333344,67.86794166666662,63.21822833333334,59.79014333333341,59.45911916666657,61.02272249999994,65.71026249999983,74.71946583333329,85.67861500000005,86.85161166666663,78.86667750000025,72.26673666666663,71.22291583333343,65.82694583333324,60.527859166666666
2024-02-13,57.034750000000074,54.1010833333334,49.70198333333324,49.54434999999996,55.08198333333338,64.09888333333333,73.18980000000002,75.47794999999991,71.1526499999999,65.68773333333336,62.03033333333323,57.841850000000015,53.684950000000015,52.59313333333324,52.99648333333338,58.09003333333328,67.60056666666665,76.95663333333324,78.66413333333344,71.69418333333347,63.469600000000064,63.311933333333315,56.63656666666661,50.86415000000011
2024-02-14,57.99526666666678,55.39855416666671,51.58818333333344,51.95803333333338,58.08710416666671,67.48490833333345,76.27520416666658,79.14061249999999,72.95208749999998,67.60883749999998,63.67459583333326,58.79835416666671,54.770366666666646,54.608624999999805,56.233058333333354,61.26804583333325,70.37484583333321,82.19221249999997,83.57816666666668,75.83460416666685,68.48076249999986,67.16157499999998,61.34408749999989,55.941716666666714
2024-02-15,57.19190416666677,54.06804861111109,50.67521527777785,51.45560555555558,56.6767875,64.02786666666677,70.63106851851849,72.90918657407393,67.9194055555556,62.92496759259262,59.693494444444426,54.741258796296364,49.74713101851859,50.097928240740764,52.3662013888889,57.135671296296316,67.50046666666671,79.3556231481481,80.13712870370381,73.54616481481492,66.9575962962963,65.31437314814808,59.56669398148144,54.434137962963035
2024-02-16,47.29577666666675,43.87389333333327,41.009136666666734,43.345796666666665,50.36468000000006,60.369743333333425,67.15479666666666,68.42063666666661,63.96061000000007,59.49320666666668,56.338353333333316,51.82757333333352,46.90301000000001,46.41939999999995,48.167279999999955,53.29668000000001,64.41200333333344,75.90276999999993,77.84856999999991,70.65011666666675,65.30823999999997,62.82263000000001,58.56926999999998,53.651353333333276
2024-02-17,57.43224527777792,54.883079722222085,53.27788620370382,56.09678620370371,64.69082842592603,73.9322670370372,80.9348991666666,79.972825185185,74.15882296296287,69.66914361111114,66.56088731481488,61.567065555555615,57.90117814814825,57.50236592592588,59.420433333333364,64.39063685185185,72.72612953703717,82.04721861111098,82.88572268518514,77.48540972222219,72.00464222222223,69.08465425925927,64.61740638888882,59.352983518518464
2024-02-18,56.56099333333357,53.03517666666664,49.82600000000003,51.23828000000003,57.442600000000056,64.8947366666668,70.69733666666671,71.66047000000002,66.3144166666666,62.04692000000003,58.826956666666675,53.30146666666679,48.37677333333338,47.75179999999994,49.42052666666664,55.55369333333331,67.15663333333333,78.08618999999989,79.93967000000006,74.43516333333352,69.17352000000004,67.46672666666663,61.17315666666663,55.778076666666635
2024-02-19,40.2161666666667,36.6133833333333,33.6549166666667,36.12916666666667,45.530233333333314,58.42634999999992,67.74979999999996,67.98723333333332,63.407100000000064,57.71445000000007,54.51526666666667,50.27498333333342,45.523716666666694,45.394433333333346,47.2774333333333,52.97893333333338,65.41869999999996,76.47454999999994,77.77016666666673,70.45483333333333,64.59013333333341,60.99994999999998,56.18986666666662,50.33829999999994
2024-02-20,55.14175944444462,53.183440277777756,51.20063694444453,52.53729888888886,59.48168916666662,68.36997611111106,76.48851611111121,78.35634611111102,72.76117833333336,67.42914611111125,63.94119916666676,59.92958500000002,56.25346000000009,56.20225861111104,57.28083055555554,60.56024722222221,69.30369083333339,79.40061444444434,83.05316194444457,75.18044333333337,68.77413583333326,66.51045972222222,62.923138333333284,58.37932194444439
2024-02-21,49.455365656565874,46.17095959595951,42.0464073232324,41.49919545454542,47.6569244949495,57.84737676767692,65.5703803030303,67.25399595959587,63.15216792929276,57.582969696969656,54.40955227272724,50.14311414141418,45.43454848484851,45.275072222222185,46.72557853535363,51.22170681818178,60.225105303030276,69.52125479797975,72.65812752525254,65.4220997474747,59.06044949494951,56.594641919191936,51.803907828282746,45.48658080808083
2024-02-22,22.84513000000006,18.671099999999974,15.16235333333335,15.033926666666652,21.560453333333346,32.16460666666669,45.639370000000014,51.037223333333365,51.26769000000004,47.197603333333205,44.42413333333335,41.75529666666672,36.87790999999996,38.5026233333333,40.40414333333332,43.601530000000125,55.95269333333344,65.58219999999993,65.04439999999987,58.04891333333326,51.66195333333332,50.18974999999994,44.31199999999997,36.579336666666634
2024-02-23,11.597000000000007,8.275166666666658,5.807083333333326,5.763816666666667,11.246399999999998,20.682666666666684,32.64161666666671,38.701433333333384,41.16021666666679,37.25941666666663,35.897749999999974,33.72755000000003,30.365866666666584,32.584883333333245,35.51541666666666,40.31681666666669,50.5723166666667,59.97070000000002,58.180749999999925,49.31664999999986,43.26814999999994,42.398516666666744,35.06274999999991,29.47251666666669
2024-02-24,56.832883333333506,53.551333333333346,50.15610555555559,51.48641111111109,58.090650000000046,67.91692222222234,75.35357777777772,76.3061499999998,70.17217777777773,64.76971666666668,61.080344444444464,56.24032222222229,53.02741111111116,52.2112944444444,53.6963222222222,57.691222222222194,67.5165111111112,77.2143611111109,79.61463333333337,73.5036888888889,67.55802222222219,68.81020555555557,60.07806111111104,54.27834444444448
2024-02-25,49.216522222222395,45.701527777777656,42.32301500000008,42.83256333333332,48.084610000000055,55.345936111111136,61.54305944444443,62.79503111111114,58.725236666666596,54.29819222222223,52.08473777777767,47.87440222222221,42.862227222222224,42.66694611111111,44.29758388888893,48.90402000000001,59.09212888888892,69.63101666666665,71.99317999999995,64.96582333333332,58.87909111111125,57.784133888888874,51.70692611111095,46.84439277777772
2024-02-26,52.21525000000017,49.25431388888887,44.71982222222237,44.70584166666664,51.013844444444494,61.5942444444445,70.13482222222221,73.23017777777771,68.55467499999988,63.28076111111112,59.97194444444437,55.24209444444443,51.00006111111112,51.726883333333284,53.031633333333374,56.6525333333334,64.56760555555556,74.33795833333318,76.85674444444435,69.21328611111113,62.02291944444449,61.58861944444445,54.56822222222204,48.62976388888896
2024-02-27,53.07848111111121,50.98844333333329,47.88004333333341,48.02412888888888,54.30484444444431,65.19006499999995,75.75169833333335,80.05474333333326,74.99251666666677,69.24189888888898,65.64202166666674,61.241639444444395,57.53228888888892,58.453135555555576,60.89053833333337,64.54058777777767,72.56484111111119,82.78478000000013,84.45884555555564,75.33032444444451,68.31499833333336,67.15126222222221,62.472181666666586,58.88718888888882
2024-02-28,57.801230555555655,55.682861111111,52.737667222222285,53.415106666666674,59.28729999999998,68.41881944444461,77.47221166666664,82.6704594444444,75.72484999999993,69.4292277777778,65.1484438888889,60.25700055555549,56.62102111111116,57.46131055555555,59.52505055555556,62.699561111111095,70.78696722222227,84.15653444444447,85.81088222222232,76.31550555555563,69.07269833333324,67.67358611111115,62.131809999999994,58.253431111111084
2024-02-29,53.4383150000002,50.707292777777624,47.41693000000012,46.629614444444435,50.94420333333335,59.232481666666835,67.16520611111109,71.54135222222217,66.37419277777774,61.298871111111076,57.3537105555555,53.33137666666673,49.11961222222217,49.457686111111194,50.80472277777774,53.57214777777767,61.78767166666687,73.7303188888888,75.99331611111107,67.94396944444456,61.767687777777816,60.29870055555554,55.894304999999925,52.14712722222211
2024-03-01,56.204666666666796,53.50890416666661,49.172204166666766,47.69713749999993,52.38837916666664,61.39317083333342,70.0434874999998,75.04669166666655,69.01662916666659,63.08918749999997,59.44936666666655,54.549537500000014,49.9356541666667,50.85157500000003,52.91990416666672,55.98118750000004,63.62537500000007,76.2170458333332,77.82955416666674,69.09548333333335,61.92644583333326,60.18277916666672,55.10646666666648,50.31702083333344
2024-03-02,57.608047500000055,55.08369388888874,51.94349111111125,51.73466388888878,57.00565555555557,65.65563750000022,72.98902972222213,77.45821944444441,71.23315583333319,65.71077972222228,62.01463666666667,56.73845972222224,51.964169722222294,52.80800222222219,54.66430333333342,58.38202166666661,67.51276888888883,80.21602138888888,82.74536138888885,74.85080083333334,68.62487083333342,67.12706888888887,62.49112027777778,57.91879361111108
2024-03-03,59.85765690476197,57.96241579365076,55.728099761904765,57.16100222222214,62.536260396825384,69.65895595238112,76.92276380952376,79.01427896825393,73.02595650793639,67.8512465079366,64.64200277777776,59.558006507936526,55.67952880952391,56.26310976190467,58.09844492063494,62.33491849206358,70.80231523809536,82.14431253968247,83.48006952380962,76.97081904761912,71.70430849206346,70.18710785714289,65.50146015873021,60.72834174603184
2024-03-04,60.52522500000005,58.75175555555543,56.3026194444445,57.17904722222225,62.95356388888891,71.3493027777779,80.68545833333319,85.27365555555545,77.15171388888876,70.651525,66.29691944444444,61.32845,57.66471666666662,58.41256388888887,60.29873333333332,63.427719444444435,70.91780277777784,84.3198083333333,85.29843333333342,77.2515333333334,70.8818499999999,69.24900277777778,64.0386055555555,59.58167500000001
2024-03-05,59.05120369047615,57.365621547618936,55.122704603174704,56.033928571428575,62.4153875396826,72.20379067460333,82.58748559523805,88.21198083333336,80.03308801587283,72.7351932142857,68.28040051587301,63.32680242063491,59.86862115079366,60.77717948412703,62.85664515873009,65.6722246825397,73.03118420634924,87.98333535714289,88.40542916666668,78.66160353174608,71.57753896825385,69.48124920634923,64.38291500000004,60.36138952380956
2024-03-06,67.60256916666667,64.95926833333324,61.69288083333334,63.953070833333406,73.18473166666662,86.13788166666673,96.98050416666668,98.50717666666668,90.77941083333332,84.74135750000003,80.57254999999992,75.6824883333333,72.19784583333337,72.83931916666668,74.34649583333342,80.57417666666665,91.77689333333332,102.87363500000026,101.33186333333344,92.44855083333331,85.2202291666666,81.3955141666665,74.71559749999977,69.67938250000006
2024-03-07,65.94438333333335,62.34179999999998,58.96698333333334,60.65871666666666,67.3545,78.6562333333334,90.21111666666656,92.38121666666686,82.4151666666666,75.72063333333331,70.77968333333322,64.89169999999996,59.78863333333334,60.09071666666656,62.04760000000002,68.26731666666659,79.64258333333338,93.6403833333333,93.95529999999994,85.36011666666668,77.90683333333332,74.32621666666664,66.16646666666661,59.7793666666668
2024-03-08,58.80891166666663,55.88325499999993,52.9088616666668,54.10694833333333,59.93936999999999,69.70082833333333,79.53517333333306,81.73303499999989,73.89696499999994,68.03269166666666,64.05272000000005,58.862378333333375,54.36960833333332,55.90521999999999,58.44812000000008,62.39522999999998,71.55183833333325,85.79209499999992,86.77954666666672,78.89422666666675,71.92359833333329,70.86078333333334,64.95709666666669,59.51522833333334
2024-03-09,56.05760111111118,52.827037222222174,49.377290277777966,49.78509833333326,54.931298333333324,63.32287694444455,70.99421111111106,73.33847555555538,67.93016361111107,62.515097222222174,59.32778444444452,53.5765216666667,48.482714444444504,50.25384944444435,52.60409027777787,57.791915555555555,67.75220694444451,80.25854861111105,82.54071694444437,74.94498,69.0199236111112,67.24741472222222,62.02237666666669,56.10790361111113
2024-03-10,49.197361111111164,46.0467194444444,43.005009722222304,45.49003888888889,51.9500597222223,61.282144444444505,68.25084027777771,68.44466249999988,63.256351388888824,58.43686388888889,54.97988611111109,49.233086111111135,44.82572083333336,46.04722222222216,48.968038888888934,55.64275416666665,67.8568527777778,78.49384027777775,80.96952916666676,73.96074166666669,68.9515416666668,66.01057916666672,61.0543416666666,55.19287361111109
2024-03-11,60.34994611111115,58.111769166666576,56.539688611111195,59.12891916666665,67.73814694444455,78.58919888888907,87.47985416666664,87.76306583333312,79.6244705555554,73.79935305555554,69.52776083333343,64.32929249999997,60.39058361111117,60.124861944444454,61.62618611111112,66.07072444444451,74.07884555555566,87.20215083333348,88.64084222222215,80.61275194444451,74.34297500000002,71.68527888888896,66.61898777777779,62.0118083333333
2024-03-12,62.47987331349195,60.10332767857138,57.88840069444456,60.06521944444451,67.22972599206348,78.7817839285715,88.47420337301574,89.38370208333306,80.73763085317432,74.00143928571424,69.48891974206342,65.11226299603169,61.558836011904724,62.41397837301584,64.7715229166667,68.96913095238078,77.2552591269842,92.02638640873025,93.57581954365078,83.97870625000019,76.89718501984113,74.13705615079374,68.33648759920627,63.902509623015916
2024-03-13,54.65346666666666,51.641016666666665,48.87863333333342,51.04171666666667,59.39553333333321,71.57605000000008,81.38513333333326,82.63703333333314,76.05303333333327,69.94865000000004,65.81401666666672,60.19621666666662,56.55313333333333,56.84699999999994,59.10056666666667,63.27526666666661,73.92199999999998,85.28274999999981,88.01313333333337,79.64181666666676,73.08794999999996,70.76663333333335,64.77178333333325,59.30536666666676
2024-03-14,57.985347727272774,55.026840151515096,52.37336742424247,53.99762196969693,59.63363939393941,69.38972651515157,77.50565909090896,78.71075454545446,71.44470303030295,65.32754015151517,60.64344772727279,54.896583333333325,50.49950227272726,51.25758636363637,53.90824242424256,58.35261136363638,68.24062878787873,80.79904393939373,83.96478106060604,76.30558863636367,69.75707954545453,67.84390303030307,62.38010833333331,57.043079545454624
2024-03-15,40.04668666666673,35.68353333333337,31.862372222222238,32.39041777777776,41.2229877777778,52.749718888888864,62.01939222222218,63.82897444444451,59.09989444444447,53.74860999999988,50.24387444444448,45.58403444444446,39.72604222222225,41.09857999999999,43.491251111111204,49.41274777777778,61.70788111111113,73.0117433333333,75.52421888888888,67.83263444444447,62.260950000000086,59.20533333333334,53.61034666666656,46.2649000000001
2024-03-16,37.3828208333333,33.46181666666669,30.763091666666647,32.02693333333329,37.50621249999999,45.019725000000044,50.3519249999999,49.42223749999998,44.4028958333333,38.9189708333334,38.51890000000004,32.469600000000064,25.38015000000002,25.185833333333346,28.12761666666666,36.96975000000002,53.41687083333332,67.14606250000001,70.07608333333332,63.815875000000005,60.04477499999996,55.89727916666664,49.86239166666668,44.928616666666585
2024-03-17,57.3703966666668,52.917880000000004,50.36162333333325,51.951253333333234,56.22244666666672,62.05333333333337,66.54587999999995,64.33405333333326,57.84578999999988,53.46466333333326,51.121430000000046,42.43748999999999,35.93841333333334,35.400596666666594,39.07410666666669,50.24180000000001,65.39898333333332,78.12335666666668,81.43826,78.3618133333333,75.53810999999999,71.01476666666665,62.98333333333326,57.25765999999992
2024-03-18,58.038553333333354,55.36154333333332,54.151969722222255,58.53787388888891,67.96574361111102,78.64698666666678,85.2240963888889,83.21958888888881,76.03329111111096,71.18968361111104,67.62435000000006,62.49819972222216,58.874390000000055,58.39683277777777,60.26256666666664,65.66055305555551,74.90628111111118,86.23464027777776,88.60964305555555,81.89107194444453,76.42990027777783,72.66395527777787,68.00449277777774,63.16885777777775
2024-03-19,64.35584928571431,61.20800178571424,59.16426519841277,63.02235313492057,72.81265234126987,84.8066794444446,94.57840353174599,91.7725987301585,82.49786039682526,76.57462912698408,72.46842718253964,67.17882285714289,63.32096607142869,62.92870416666658,65.05117178571429,70.56519999999993,81.24994527777781,94.66132142857131,98.32714071428552,88.97653281746042,82.26331408730155,77.90252138888897,71.87849115079348,66.21820976190477
2024-03-20,71.06951666666662,67.0831874999999,63.750679166666714,68.29719583333326,79.68725000000013,94.5145166666668,106.6530874999999,100.86254583333333,89.28935416666658,81.70917916666647,77.69205416666662,71.99486666666671,68.40773333333343,68.31492916666654,70.22784999999995,78.27355833333327,91.12856666666667,104.10639583333331,109.09425416666657,99.39594583333346,91.69117500000016,85.15050833333339,78.94945416666643,72.56952500000017
2024-03-21,59.11101388888899,54.805785891812796,51.65663450292397,54.41290014619875,63.66264788011684,75.16383435672522,85.54358486842088,82.57056030701746,71.34118925438588,63.20907624268999,59.54172653508763,54.019600365497,49.50117807017546,48.6832061403508,50.74430906432742,58.36285519005852,70.0448442251462,83.25590504385966,97.66129663742706,87.46902024853819,78.66516937134503,73.5536042397661,67.69561717836245,63.30768099415199
2024-03-22,35.29135833333338,30.373308333333384,26.784791666666642,29.09464999999999,36.20673333333335,46.536108333333345,53.94358333333326,53.407799999999945,48.13335833333321,43.09425833333337,41.68789166666669,34.8418250000001,27.820458333333335,27.44725833333332,31.16634999999996,41.027916666666705,57.39482499999997,71.31029166666666,76.84421666666677,68.93154166666676,64.47512500000003,59.92768333333332,52.50301666666657,45.552991666666614
2024-03-23,20.658966666666664,16.464816666666696,13.488383333333335,14.693433333333335,20.58555000000001,29.087066666666686,36.19329999999994,37.769483333333305,34.225316666666636,30.5393333333333,30.26318333333336,26.299266666666654,20.473183333333314,20.451150000000005,23.497749999999957,31.64494999999999,45.8460166666667,58.37376666666667,58.79579999999996,52.19666666666669,47.69129999999996,45.32978333333338,38.471166666666626,31.400883333333343
2024-03-24,11.203266666666677,8.568266666666668,6.524816666666671,6.888100000000007,9.637899999999991,16.216066666666677,21.556899999999963,23.573733333333294,22.266649999999956,20.14591666666667,20.83489999999999,17.98031666666663,13.987233333333322,13.574516666666671,18.118883333333336,26.380100000000013,38.98713333333329,48.48506666666672,50.307133333333375,45.10025000000002,41.688666666666634,40.82105000000004,34.04156666666665,28.878766666666635
2024-03-25,49.358666666666764,45.53946111111115,42.2936888888889,46.367366666666655,55.482411111111126,68.57965,77.71066111111101,76.28087777777772,69.7008722222221,64.01140555555557,61.27479444444451,55.60978888888886,51.495150000000045,50.20242222222223,52.894372222222245,59.328855555555556,71.69610555555555,82.5674444444444,86.43084444444449,78.96153333333335,71.82252777777771,71.39940555555555,62.3888277777777,56.99049999999997
2024-03-26,24.292229166666672,21.341712500000032,18.886606249999993,21.113679166666678,29.215989583333357,42.09072916666671,52.13348124999995,53.44281458333341,50.15763541666664,45.932968750000015,44.51651041666668,41.22861249999999,37.80699791666663,38.404737500000024,40.93301249999999,47.23876249999989,57.934010416666545,69.15543958333326,68.33731458333335,58.93427916666665,52.66550833333331,50.344558333333325,45.17809999999998,40.27379791666664
2024-03-27,45.35407083333344,42.354120833333326,38.88128750000008,39.29360833333333,46.62127083333336,58.73678749999999,68.05825000000002,67.63902916666667,60.231108333333225,53.735458333333334,50.45744583333326,45.89618333333331,41.75644583333331,42.024879166666615,43.98942500000008,48.51075416666663,58.10340833333339,71.38369999999993,76.48801666666658,64.61489999999996,56.33792083333333,55.259112500000036,49.542916666666585,43.30900833333333
2024-03-28,25.630300000000027,22.31263333333336,18.997799999999998,18.609133333333318,25.660633333333372,37.94709999999997,49.30283333333325,52.40640000000006,48.59719999999993,43.46811666666666,40.9093166666667,37.21383333333336,32.363166666666594,33.3302666666666,34.7102666666667,39.00443333333337,50.35478333333343,63.686516666666506,66.81208333333323,57.224666666666614,50.08136666666672,47.578683333333274,41.309983333333236,35.06626666666665
2024-03-29,13.694133333333324,11.291283333333322,9.058999999999982,9.38185000000001,13.498383333333324,22.694216666666655,29.452383333333366,31.15608333333331,30.184249999999967,26.850433333333314,26.066833333333374,24.03484999999994,20.819566666666617,21.616416666666666,24.848133333333294,30.745433333333338,41.30088333333328,52.210483333333414,54.970349999999925,46.9108,40.65971666666666,41.13608333333339,35.5384166666666,31.08761666666669
2024-03-30,57.29856111111127,54.266046666666625,51.30116555555557,52.89947999999996,59.142228888888894,66.90417222222216,73.43824222222216,71.66911222222213,64.70167444444432,59.55132777777781,56.3369622222222,50.44700555555554,45.14191000000005,44.650585555555466,47.354720000000036,54.88431111111108,65.89531333333349,77.08989333333335,84.49308111111101,77.76164000000004,72.03771000000015,69.19203888888887,62.10811777777767,56.63338888888885
2024-03-31,56.48735000000013,51.81540000000006,50.06149444444446,50.80268888888893,55.37846111111108,59.88010555555555,64.27225555555546,61.265599999999914,55.697288888888835,50.42575000000021,46.764505555555544,40.271961111111,34.107477777777774,33.948822222222276,37.226950000000066,47.6565111111112,59.51250000000001,72.10229444444434,82.25985555555545,75.16265555555565,69.41888888888906,66.53805000000021,59.82931111111105,53.677983333333366
2024-04-01,18.826549999999994,16.259866666666664,14.034233333333344,14.372400000000022,18.020166666666686,23.40446666666668,27.800116666666625,28.392183333333328,26.61303333333331,24.82079999999999,24.86763333333334,21.432016666666673,17.397483333333323,16.192766666666667,18.62816666666666,23.918283333333367,34.86693333333329,44.8456166666667,47.73028333333334,43.0734833333334,39.11475,38.524166666666616,33.33295000000005,28.330550000000027
2024-04-02,7.935383333333337,5.780049999999994,3.7507333333333404,4.496866666666663,7.745749999999995,14.529733333333352,20.49825000000005,23.15169999999997,24.49353333333332,22.35354999999997,21.46855000000003,19.420116666666562,16.468916666666637,17.413533333333337,21.32278333333334,27.137833333333386,36.608366666666655,46.436833333333425,49.302033333333384,41.86938333333333,34.99408333333329,36.79976666666665,31.88689999999996,27.42688333333339
2024-04-03,17.329116666666664,14.0533,11.31896666666665,12.05681666666667,17.446666666666665,26.783850000000033,35.95871666666671,38.61715000000002,36.67203333333334,32.32409999999999,30.526550000000054,27.79263333333329,24.064799999999945,25.453649999999975,28.478999999999996,32.77830000000002,43.91411666666667,55.923199999999994,59.90819999999996,50.20818333333329,42.90733333333324,42.85216666666669,36.53291666666661,31.21195000000001
2024-04-04,7.792566666666673,5.711266666666675,4.193550000000001,4.580033333333325,7.4865999999999815,12.471550000000006,15.10223333333331,14.254283333333348,13.761166666666686,12.26365000000002,11.931116666666655,9.585550000000007,5.867399999999993,5.296166666666672,9.21806666666666,16.818550000000023,27.804283333333355,37.5179833333334,42.09965000000006,35.42115000000005,29.250566666666625,30.19438333333336,23.41588333333333,19.41835000000004
2024-04-05,7.955483333333334,5.617800000000002,3.961350000000001,4.6929166666666555,7.670533333333316,14.127833333333319,17.21426666666663,15.298350000000003,13.59263333333332,11.628250000000007,11.864383333333324,9.602616666666659,7.290016666666652,6.91758333333333,10.752966666666671,16.162650000000045,28.115683333333365,38.38178333333343,44.33300000000003,36.361150000000045,31.945600000000006,31.486000000000033,22.855216666666692,19.377583333333373
2024-04-06,5.111750000000001,2.896333333333334,1.5449499999999978,1.7135333333333407,4.412316666666677,6.471916666666694,9.176216666666669,7.271849999999998,5.816116666666678,5.569299999999993,6.0130833333333555,3.6226500000000024,0.9970166666666695,-0.42996666666666783,3.7670999999999957,8.642316666666666,17.775200000000048,24.875916666666697,28.60553333333331,23.177483333333274,22.372633333333305,22.101233333333354,15.597883333333352,13.878666666666671
2024-04-07,4.427616666666675,2.6435333333333335,1.9829333333333383,2.3998000000000057,4.176833333333337,5.611533333333347,7.821566666666676,6.762833333333335,4.473533333333323,3.8332666666666726,4.6074833333333425,1.7806500000000074,-3.5466500000000005,-6.49785,0.28951666666666626,6.899483333333322,14.62745000000001,20.06633333333338,21.7682666666666,20.10765,19.805149999999962,18.8118666666667,14.497016666666692,12.674549999999972
2024-04-08,6.824283333333344,5.20553333333332,4.4854166666666755,5.281766666666668,7.221000000000002,9.823516666666668,12.215283333333334,10.462799999999964,8.160816666666673,7.238300000000002,7.871350000000013,5.328516666666659,-0.2994166666666671,-0.8290500000000005,3.1732499999999946,7.996333333333326,15.05228333333334,21.318616666666706,23.333783333333294,21.70823333333335,20.997316666666645,18.25308333333335,13.917066666666669,11.384549999999976
2024-04-09,4.026466666666671,1.976183333333334,1.1226166666666666,1.8933666666666673,5.200166666666681,9.303816666666666,11.206466666666667,9.087016666666644,6.627283333333323,5.526983333333338,5.20313333333333,3.2295500000000077,-1.337833333333331,-1.2252833333333357,4.768633333333325,11.40509999999998,21.00638333333332,27.697716666666807,33.137566666666615,27.66678333333326,22.971049999999977,21.970400000000044,16.339683333333337,13.693916666666627
2024-04-10,6.754700000000011,4.727666666666661,4.136116666666671,4.688116666666662,6.996466666666677,9.946266666666677,12.456599999999991,11.14674999999998,8.792950000000001,7.990733333333333,8.007066666666661,6.1182999999999925,2.620966666666669,3.189516666666668,6.451883333333317,10.791299999999973,17.777633333333355,25.214750000000024,28.483416666666617,26.468999999999962,21.593016666666667,20.635599999999993,18.404666666666646,14.431783333333309
2024-04-11,14.659600000000015,12.371733333333342,11.303666666666674,12.551416666666654,16.670200000000005,23.401283333333332,27.0111833333333,25.242533333333313,22.463349999999984,20.817300000000007,20.11915000000002,17.51709999999998,13.665916666666677,12.451866666666687,14.402166666666657,20.557766666666698,26.721616666666673,33.63520000000008,34.15538333333331,30.612299999999994,28.539516666666678,26.127983333333336,21.056499999999968,16.806416666666664
2024-04-12,26.005673611111135,22.076534722222245,19.89008472222223,21.612533333333317,25.898516666666655,32.98075833333341,38.941215277777765,37.075544444444425,32.11629166666668,28.818766666666725,27.993187500000015,23.64997499999998,19.545593055555557,19.383913888888927,21.88678888888889,27.786704166666684,37.762143055555526,47.95613611111106,52.392140277777756,47.626466666666666,43.982415277777775,40.47391527777777,34.65037222222221,29.41435277777779
2024-04-13,16.448249999999984,14.040949999999981,12.47554999999999,12.912916666666698,15.993466666666654,23.533300000000025,26.11001666666666,19.230016666666657,16.684383333333294,16.44290000000002,15.137316666666672,11.638483333333319,7.612199999999992,6.583816666666668,9.019383333333314,15.275766666666671,23.67268333333328,32.99875000000006,37.95991666666662,36.31478333333337,35.32863333333325,31.44935000000004,26.299316666666652,21.76193333333333
2024-04-14,7.600583333333348,5.315850000000017,4.449850000000003,4.667216666666667,6.16748333333333,8.760366666666677,10.70676666666668,8.466716666666649,5.392999999999995,5.288750000000011,5.182183333333329,-0.1156666666666677,-9.516883333333352,-11.140299999999968,-4.093850000000003,6.166300000000012,13.034649999999983,19.713416666666685,23.33383333333335,23.844683333333286,22.932150000000014,18.77748333333335,15.287950000000025,12.822416666666639
2024-04-15,6.046016666666695,3.6992333333333316,3.1188833333333346,4.297049999999997,7.686316666666671,11.695400000000024,14.263149999999996,11.203966666666648,6.723283333333321,5.486133333333336,5.5714999999999995,1.4401499999999987,-4.4897499999999955,-7.996416666666658,-1.7280333333333324,5.886550000000006,12.862916666666647,18.781733333333374,23.39355,22.753066666666687,19.983250000000023,17.202150000000003,13.556583333333338,10.563816666666643
2024-04-16,3.545300000000011,1.834099999999991,1.7907666666666708,3.382816666666668,8.006766666666666,15.173866666666685,17.98519999999997,13.125933333333322,8.15676666666667,5.153966666666654,3.9448499999999944,0.7725999999999982,-4.217750000000004,-5.221433333333346,0.17350000000000132,8.241633333333297,11.785833333333342,20.48641666666668,23.167716666666564,23.905699999999932,19.942350000000022,15.359416666666636,11.531566666666631,7.282933333333305
2024-04-17,7.573733333333316,5.9737999999999944,5.01115000000002,7.463433333333334,14.927883333333314,28.61036666666662,33.41086666666668,27.68226666666664,23.27616666666667,18.708816666666714,16.120816666666684,13.325949999999999,10.650133333333308,11.443200000000026,14.242800000000015,23.470500000000058,27.647316666666708,37.140933333333464,39.4868999999999,34.49730000000005,32.6134333333333,28.939333333333337,20.296399999999984,17.196383333333323
2024-04-18,59.51624861111109,54.26834583333334,50.744540277777745,54.11668750000003,62.94095138888869,76.00697777777778,85.80847222222216,81.38458750000002,71.7408180555556,63.95482916666666,59.48222083333333,53.76399444444442,49.06377638888892,49.090904166666625,52.33043611111097,60.168616666666665,70.79574722222219,84.54726388888893,93.48678194444459,82.4163805555556,74.99678888888894,73.13811249999998,65.9501708333333,59.94765277777773
2024-04-19,31.88606666666668,26.074600000000014,22.842500000000012,25.951849999999983,35.829950000000046,51.29466666666658,59.0666333333334,53.07863333333334,45.03068333333326,39.37205000000009,35.44636666666667,29.59374999999999,24.92881666666661,24.525433333333318,27.123966666666625,37.179433333333286,50.794333333333256,64.84688333333332,70.86441666666674,63.08953333333336,58.51298333333325,52.81993333333323,44.470949999999974,36.54328333333322
2024-04-20,11.74898333333331,8.796833333333344,6.647316666666643,7.544049999999998,10.901433333333335,17.454966666666692,20.035416666666656,14.800216666666659,11.673399999999983,9.426566666666663,8.023516666666664,1.2131833333333326,-4.640500000000012,-5.612166666666667,2.461816666666666,11.084716666666667,22.130766666666652,34.71838333333336,43.105083333333184,40.93350000000004,35.591166666666574,33.381716666666755,27.454816666666716,22.53445000000001
2024-04-21,17.42864999999999,14.129916666666656,12.039399999999992,12.328966666666677,14.281983333333326,18.147766666666666,20.469483333333297,17.85666666666666,15.086366666666633,13.248866666666691,12.865216666666646,7.532033333333342,2.8205000000000044,1.289366666666668,5.954749999999994,12.503933333333327,21.136650000000007,31.141766666666694,35.704083333333266,33.84229999999998,31.77784999999997,30.672483333333346,25.71978333333336,21.05863333333336
2024-04-22,29.646340740740737,25.115177777777767,22.758570370370364,24.46256111111107,33.13768888888892,47.8193462962963,52.553477777777765,45.21386851851856,36.996666666666684,31.29362222222224,28.562625925925992,24.864590740740763,21.770314814814835,21.389990740740725,23.589931481481504,31.63588518518521,38.21025185185183,53.564364814814844,59.17493148148142,53.268938888888975,47.357153703703695,43.98950185185192,38.70205,34.403464814814775
2024-04-23,66.34045000000003,55.81168333333342,52.98953333333332,55.344000000000065,70.05561666666668,86.94948333333356,95.96034999999995,87.72201666666676,73.12638333333328,62.55445000000001,58.61714999999987,53.81325000000007,48.23075000000005,47.811783333333295,50.66963333333323,60.03623333333333,72.74948333333347,93.18670000000017,99.22864999999987,90.56295000000013,84.61645000000001,79.26769999999976,68.81346666666656,61.063533333333304
2024-04-24,61.81445000000001,56.10544999999998,52.807183333333334,56.533833333333426,67.38378333333327,81.55265000000009,89.90359999999993,84.38839999999995,74.33626666666669,67.90053333333326,63.06856666666664,56.10106666666674,51.49525000000005,50.66180000000002,53.330116666666655,62.055549999999954,73.97708333333345,86.80749999999993,91.70194999999988,84.9900666666668,79.70394999999999,75.44479999999997,67.31848333333323,59.77758333333336
2024-04-25,70.00161666666664,65.17720833333333,61.946725000000065,66.0992666666667,77.95249999999987,93.07750833333341,103.15511666666667,96.37164166666666,84.5859,77.63139166666664,73.76525833333335,66.87718333333333,63.24775833333327,62.22008333333333,64.29252500000005,73.16639999999992,84.48229166666668,98.04710833333324,102.52294166666661,95.82025000000009,90.49596666666675,84.14315833333333,77.39421666666654,70.62730833333337
2024-04-26,67.13594999999998,62.2799166666667,58.59399999999998,61.6561833333334,72.21199999999993,85.2523916666667,93.91035833333328,88.53593333333323,78.26726666666663,71.90696666666662,68.69390833333337,62.40994166666668,58.74727500000002,58.303599999999996,59.806149999999946,67.38299166666658,79.05944166666669,91.68250000000003,95.56626666666658,89.62760833333347,83.99312499999999,77.94619999999992,70.80856666666651,65.08776666666674
2024-04-27,66.88269999999996,60.41090000000001,55.866216666666624,58.90676666666673,66.92514999999995,77.28478333333338,83.50936666666662,77.92669999999995,69.13359999999994,63.26633333333342,58.83103333333334,50.933850000000106,45.22808333333336,44.8048833333333,46.97398333333336,58.353633333333306,72.00735000000002,85.03653333333334,88.54886666666665,83.86795000000012,80.8482666666666,75.14308333333317,66.64790000000004,58.920133333333276
2024-04-28,31.328549999999954,24.199983333333353,20.475166666666645,21.545066666666717,24.302533333333358,29.820066666666655,31.550816666666602,27.091533333333306,21.070733333333354,17.989183333333333,17.241349999999954,7.1388,-2.120483333333335,-1.6291999999999995,6.578400000000013,18.188566666666677,39.41593333333336,58.34130000000006,65.57880000000003,65.1477833333334,64.16526666666667,58.51001666666676,51.31173333333335,44.992483333333325
2024-04-29,51.716447619047656,46.10739047619047,43.635323809523854,49.745640476190445,60.09878809523811,73.92220238095247,82.55620476190471,77.86685714285704,67.35899047619053,61.170140476190475,58.56974761904767,52.07561904761893,46.7879904761905,45.65932142857136,48.75306190476187,57.52320952380953,70.07389047619043,84.54284285714276,94.19608809523811,85.79216904761915,79.25052619047617,74.04128333333345,67.30631428571427,60.5175499999999
2024-04-30,58.51567916666675,53.72568750000002,51.219002777777774,56.22026111111113,66.26137499999996,81.09306250000014,89.57608472222218,83.85951666666652,73.30824999999992,66.27126111111097,62.78015555555559,56.84133750000003,51.83312222222226,50.58894305555555,52.765190277777684,60.34387638888891,71.81456111111109,83.48504583333322,94.36599722222213,88.15516250000009,80.99247777777774,76.09623055555556,69.94171944444433,63.68953055555553
2024-05-01,37.026158333333335,31.728808333333376,28.797916666666662,32.22646666666665,38.426408333333356,48.799433333333305,55.374349999999914,50.892808333333356,43.203066666666665,37.823908333333286,37.20622500000004,28.556700000000006,21.154616666666666,21.759399999999985,26.60157500000001,38.14772500000005,57.86524166666675,72.57523333333324,77.56531666666662,73.58462499999996,69.93535833333326,64.81360833333336,57.39325000000003,51.02689166666662
2024-05-02,12.781983333333322,9.785866666666667,7.6755833333333445,10.839766666666662,19.609000000000016,33.43330000000002,37.99016666666667,34.14548333333333,29.464933333333338,25.572566666666663,24.661366666666684,21.320316666666642,18.100683333333347,18.740716666666675,22.95198333333332,32.25853333333334,45.057950000000005,59.506066666666655,63.39411666666672,54.82125000000007,47.209466666666685,45.92483333333346,39.684450000000055,35.082149999999956
2024-05-03,22.050416666666674,18.58351666666664,16.15795000000001,19.3766,27.389883333333376,38.65016666666663,45.6171,43.58376666666667,38.377933333333345,34.33666666666665,33.32281666666668,28.86791666666665,24.103333333333346,24.542799999999996,27.620233333333346,34.216216666666675,46.83121666666666,60.3379666666667,62.10760000000002,56.932966666666765,51.79485000000002,48.71438333333342,43.309833333333344,39.5014499999999
2024-05-04,33.61881666666668,29.180566666666717,26.38059999999997,27.172783333333378,30.93121666666668,36.937116666666654,39.805949999999946,35.42359999999999,30.553566666666658,27.483700000000052,26.743083333333328,20.79498333333337,14.529466666666652,13.912983333333356,17.33611666666669,25.37281666666669,37.44743333333329,49.98411666666668,53.74933333333338,51.759216666666745,49.63293333333335,45.00431666666669,38.79668333333334,34.73836666666665
2024-05-05,25.78609999999998,22.20871666666669,19.97225000000001,19.90258333333337,21.167116666666704,23.88166666666666,26.673399999999972,26.071516666666668,23.439699999999977,22.247716666666665,22.542033333333308,17.444033333333365,12.810550000000012,12.740550000000011,15.58816666666662,21.961933333333338,30.59081666666665,38.4778833333334,40.31198333333338,40.31276666666676,39.77226666666669,36.73353333333334,31.78734999999999,27.760066666666663
2024-05-06,46.86971307692314,43.195131538461574,40.14543025641027,44.35553025641028,53.28376179487182,66.6788,72.96108794871795,66.43262230769236,57.006839230769295,50.93553512820506,48.09213282051282,43.12396794871788,38.87465794871795,37.52839102564102,40.04884897435903,47.31073948717946,60.303300256410346,73.19253999999997,79.99314999999996,73.44160384615394,67.08438846153857,63.94564948717948,56.41415435897428,49.57381794871788
2024-05-07,66.17190507936512,61.31585492063494,58.19108301587305,62.43056412698416,72.6832260317459,86.95126103174607,94.9147972222221,86.74433920634917,75.76461587301581,69.29243936507932,65.88633785714288,59.32439087301589,54.48341992063498,53.492817777777724,55.60329682539677,64.2931503968253,76.18294880952375,88.16781317460317,93.94480190476183,90.74866373015894,85.889348015873,79.90187984126986,73.13603682539676,66.20294190476191
2024-05-08,26.808469999999943,20.836696666666704,18.135873333333322,19.12869333333334,21.7338366666667,27.822183333333324,30.17674666666664,26.453849999999928,21.526013333333335,19.698279999999997,19.029053333333287,10.680516666666662,2.2901766666666696,2.3009933333333366,8.273403333333327,19.337453333333322,35.37547333333332,51.11631666666675,55.52461666666665,55.24005000000015,53.91752999999995,49.38564333333333,43.260530000000024,36.964069999999964
2024-05-09,27.39136666666666,21.66086666666669,17.221133333333334,18.219650000000044,21.05408333333334,24.81621666666672,27.223883333333287,24.097566666666587,17.933216666666645,13.94598333333331,15.681733333333314,7.4678499999999906,-2.1333333333333337,-1.5293833333333329,5.905716666666679,16.15804999999998,31.796033333333295,49.06961666666677,54.68483333333335,55.60701666666681,53.63889999999994,49.7021666666667,44.261316666666715,39.790649999999964
2024-05-10,14.23148333333332,10.997450000000002,7.6765999999999845,7.308516666666661,9.864516666666667,12.516300000000012,14.650049999999991,12.434566666666665,8.511716666666668,6.794433333333349,7.7237666666666565,2.5387166666666667,-3.7975166666666693,-4.672666666666673,1.0071499999999984,8.767866666666656,19.69466666666669,32.17898333333334,38.68136666666663,37.91400000000007,35.762000000000015,33.772400000000104,27.936716666666726,24.790316666666694
2024-05-11,12.977324074074078,9.756814814814817,8.234524074074079,9.172066666666673,11.766592592592579,16.390064814814824,18.93100740740734,16.514127777777748,13.573524074074095,12.237340740740741,12.443772222222202,8.629798148148138,3.648288888888898,2.762385185185186,6.776812962962959,13.673490740740744,21.765098148148137,29.897231481481498,32.824768518518454,32.30234259259263,31.98694999999996,30.172825925925952,23.97253703703707,21.454679629629673
2024-05-12,17.37980000000002,13.273283333333334,11.353783333333343,12.042400000000008,15.164416666666632,19.140066666666673,20.878316666666638,17.69079999999996,13.706900000000024,12.627283333333313,12.343850000000002,8.119399999999999,1.4319166666666667,-0.05895000000000151,4.997433333333337,14.34276666666666,22.831216666666645,31.06286666666673,35.266149999999946,35.55836666666675,35.64308333333336,33.79370000000004,29.70228333333338,25.078200000000024
2024-05-13,24.324116666666644,20.046750000000003,17.43008333333332,21.7949,29.900716666666685,40.91829999999994,45.831999999999994,41.80831666666666,34.73279999999995,31.493799999999993,30.678650000000058,25.829899999999995,21.29585,20.95675000000001,24.847866666666672,31.91328333333333,44.136033333333295,58.35893333333326,58.932100000000055,57.435949999999984,52.47720000000002,48.224449999999905,43.80108333333328,38.152033333333264
2024-05-14,14.49168333333331,11.402183333333328,10.040733333333351,13.109366666666673,19.856516666666675,29.435033333333305,31.961616666666682,26.519049999999982,19.436466666666675,15.816616666666677,15.271933333333342,11.760899999999996,8.834849999999987,9.081766666666663,13.19730000000001,19.827949999999987,28.837099999999975,40.31298333333337,45.42023333333333,44.41018333333334,40.41061666666672,38.011816666666654,32.9447333333333,27.57311666666674
2024-05-15,15.388833333333325,13.090016666666685,12.054966666666667,12.643533333333353,16.136800000000004,21.460800000000027,23.79205000000001,19.741633333333294,16.24413333333329,14.368000000000023,13.584666666666656,9.871516666666666,6.466849999999996,6.21266666666667,9.741416666666664,15.162033333333348,21.472299999999997,28.15933333333338,30.18539999999994,30.19183333333335,30.454716666666645,28.08281666666672,23.82076666666668,20.289450000000006
2024-05-16,27.24911111111113,23.44730555555557,21.14682222222222,22.709266666666664,26.979483333333327,32.7800888888889,35.07081666666664,31.856633333333356,25.891388888888887,22.72448333333335,22.875711111111052,18.84481111111111,14.499877777777789,14.660638888888888,17.79545555555553,23.955561111111074,32.4335555555555,40.926216666666726,42.54623333333332,42.540938888888995,41.397172222222295,37.94661111111111,34.30525555555557,29.652583333333386
2024-05-17,37.64715000000005,32.75831666666665,29.073183333333322,31.12366666666666,36.391733333333384,44.271449999999945,48.40809999999999,44.672683333333346,36.105116666666625,30.520149999999994,28.665433333333276,22.30446666666669,17.61919999999999,18.596283333333353,22.334916666666643,30.808600000000006,42.17143333333335,53.25479999999993,57.472166666666574,60.00285000000007,58.53341666666676,53.85636666666669,48.29029999999994,39.00544999999993
2024-05-18,54.02146666666657,49.12278333333336,45.25124999999998,42.912733333333335,46.053333333333235,52.32889999999987,55.14286666666669,47.337583333333335,39.179816666666675,35.031449999999964,34.058650000000014,24.528383333333327,16.732916666666675,16.715099999999985,20.731016666666683,35.08359999999996,52.67778333333322,68.06486666666682,75.84998333333333,78.43069999999996,78.1141333333334,72.4459499999999,62.6645666666667,55.29651666666668
2024-05-19,29.172816666666627,24.49788333333333,20.126433333333303,19.041433333333313,22.77870000000005,28.38251666666669,29.261666666666642,23.59205000000004,14.91741666666668,11.0158,11.76008333333331,3.083366666666676,-4.561416666666662,-3.545816666666663,3.403033333333333,15.08099999999998,29.04904999999994,44.003116666666635,49.63151666666664,54.757716666666845,56.393333333333416,51.48941666666657,46.165216666666716,37.41554999999994
2024-05-20,23.771716666666677,19.683366666666625,16.03198333333335,16.997016666666703,22.05158333333339,27.608466666666725,27.828749999999953,21.746150000000014,13.918999999999981,8.728916666666672,8.344099999999983,0.6080500000000003,-4.504116666666661,-1.6274333333333306,5.539350000000015,13.914333333333328,24.078266666666682,34.70653333333331,39.327583333333365,42.86244999999999,43.686050000000094,40.45510000000004,36.025800000000075,27.518100000000057
2024-05-21,22.333150000000053,19.441186666666653,16.300350000000027,16.835751666666667,21.32978000000008,29.103743333333387,30.884098333333327,25.439981666666704,18.541243333333313,14.440588333333311,13.100766666666663,8.60487500000001,5.525025000000009,6.6049416666666545,11.010976666666643,17.014783333333312,24.754334999999994,35.441121666666646,38.70726500000001,40.896603333333374,41.585151666666725,39.33278000000001,36.03546500000002,27.12728833333332
2024-05-22,24.86998333333332,22.100466666666676,19.387183333333297,20.279000000000035,25.624133333333294,36.91064999999993,40.14971666666668,32.843349999999994,26.109833333333324,21.594849999999987,19.64053333333335,14.979366666666671,11.626249999999983,11.532833333333341,14.247133333333307,20.214966666666676,28.527600000000014,39.56956666666667,45.545033333333265,46.04818333333335,44.8820833333333,40.55223333333329,34.450049999999955,27.413783333333267
2024-05-23,30.548933333333324,26.194999999999997,23.45323333333331,25.217999999999986,29.972283333333333,41.33548333333332,44.228433333333356,36.84714999999995,28.83119999999999,23.087333333333316,22.965016666666685,16.552533333333315,11.64778333333331,11.273866666666663,14.755999999999977,22.06516666666663,34.44349999999997,47.079233333333356,53.154466666666664,52.52188333333337,52.97111666666671,48.77606666666662,43.42193333333332,35.29943333333332
2024-05-24,63.99739444444444,58.738358333333366,56.51301666666669,60.78030833333333,70.38306944444443,86.11286388888907,93.65417222222216,83.30899999999998,72.31321388888882,64.62695555555547,62.716280555555606,55.37516388888891,50.7943888888889,49.97743888888887,52.44680277777769,60.36555000000004,72.66011944444443,83.38031666666669,87.61561666666654,87.12455277777795,83.29888055555546,76.37811944444447,67.57603055555546,60.356002777777796
2024-05-25,76.87218333333351,69.9165333333333,65.78489999999994,67.37261666666662,70.92469999999996,76.19801666666663,77.45276666666673,68.92608333333352,55.05311666666673,46.00826666666668,42.87723333333328,33.712816666666654,27.599583333333356,31.082433333333302,39.58493333333332,56.247333333333266,76.13098333333335,92.41023333333351,99.89159999999997,98.12904999999988,97.20196666666659,89.44804999999994,81.6535666666667,71.98478333333348
2024-05-26,28.93908333333331,22.97308333333334,19.077650000000006,19.776633333333315,22.47581666666675,28.57678333333334,27.247049999999977,18.276366666666643,11.682416666666667,7.46791666666666,7.092649999999982,-2.8805666666666694,-12.228866666666661,-12.590133333333334,-2.200716666666671,10.387116666666639,29.88440000000001,50.187683333333375,59.915800000000054,61.14080000000008,63.45136666666678,59.08750000000005,50.00273333333336,40.573450000000015
2024-05-27,25.977840000000025,21.89187999999999,17.541703333333334,18.647796666666654,22.721240000000048,31.553350000000044,33.46668999999997,27.826716666666666,18.753399999999992,13.329203333333332,13.762860000000028,7.759116666666653,2.294313333333336,2.3781633333333345,7.689646666666663,15.309253333333332,26.490963333333365,41.53139666666667,48.274660000000054,50.886076666666696,51.65915999999996,46.66763666666666,41.38837333333333,34.81371999999995
2024-05-28,25.06043888888888,21.534983333333315,18.360588888888884,20.26404999999998,24.84681111111113,35.832505555555514,38.69928333333329,33.28831111111111,24.947722222222254,19.809233333333303,20.34527777777778,15.91292222222221,12.85796111111108,11.734222222222224,13.22031111111109,19.332599999999996,28.587011111111114,40.93617777777785,45.18150555555561,44.56981666666665,45.95997777777775,40.975944444444416,35.99110555555558,29.17017777777776
2024-05-29,22.576716666666652,19.512149999999995,16.15081666666667,17.80608333333332,21.425400000000035,33.109733333333324,36.59848333333335,30.278050000000004,21.603016666666672,15.306366666666642,14.623133333333348,10.512633333333316,7.563449999999991,7.37379999999999,9.666449999999987,15.57793333333334,24.259616666666705,37.58450000000001,42.58843333333334,44.39494999999995,45.818899999999964,41.0538833333333,37.31625000000004,30.387533333333305
2024-05-30,28.588270833333283,24.460298958333325,20.904561458333287,24.716086458333326,29.159829166666697,43.04951979166668,47.9665427083333,41.50376354166668,32.23511354166664,25.61733749999995,25.108485416666667,19.946005208333325,16.10113541666664,15.434559375000017,17.91025937500001,25.243845833333346,36.996121875000014,50.48992499999994,54.426883333333386,54.939268749999876,54.98861250000003,50.87588437499995,45.97726249999992,38.20345520833329
2024-05-31,11.5764,9.070333333333332,7.020183333333343,8.696549999999986,12.855033333333326,23.042150000000003,26.05248333333327,19.218716666666676,11.810133333333324,7.26835000000001,4.864149999999998,1.2007000000000034,-1.3741833333333293,0.9755000000000007,6.361883333333333,12.103266666666652,23.46706666666669,35.52546666666667,39.47999999999991,39.313249999999904,38.61729999999997,36.136883333333316,28.7226833333334,23.167599999999997
2024-06-01,7.551199999999999,5.649433333333338,4.419883333333336,4.38698333333332,6.732816666666676,9.653400000000014,10.88868333333334,6.62483333333333,3.8477166666666602,1.7779499999999973,0.6130500000000008,-3.6388333333333285,-8.368266666666681,-7.601650000000004,-0.5574333333333327,4.81731666666665,13.65415000000002,22.82168333333331,26.58319999999994,27.359766666666648,27.579966666666696,25.511183333333364,19.58971666666667,17.111300000000035
2024-06-02,8.847333333333346,7.002950000000019,5.447799999999994,5.011566666666663,7.512183333333334,9.325133333333337,9.30408333333333,5.298733333333328,1.32121666666667,-1.9589500000000029,-0.8538499999999988,-7.666233333333324,-16.60260000000003,-15.867483333333341,-4.128383333333333,3.7971999999999944,10.952733333333304,18.069816666666696,24.194733333333318,27.960616666666706,26.181833333333408,22.859133333333364,18.555066666666654,15.591733333333362
2024-06-03,10.775683333333337,8.33798333333334,7.136016666666682,8.920866666666674,13.423333333333341,21.319883333333333,22.40864999999998,15.553716666666642,9.099700000000002,5.516850000000012,4.744983333333328,-0.11558333333333318,-5.12061666666668,-3.5140000000000002,2.6403333333333303,9.527833333333326,15.599899999999995,24.690716666666713,29.036633333333352,32.823666666666654,31.031350000000003,26.13763333333334,21.97928333333334,17.99343333333335
2024-06-04,56.58231666666675,48.68191666666671,46.57973333333334,49.74425000000005,60.603633333333356,79.83605000000017,83.87700000000001,70.5614333333334,55.89701666666681,45.90315000000002,43.83203333333324,38.155333333333346,33.382816666666656,32.61161666666662,35.91038333333326,43.44966666666663,57.20235000000015,73.42505000000016,81.16146666666657,82.5838833333334,79.37876666666665,73.59048333333318,64.19664999999995,54.704283333333336
2024-06-05,30.47809999999997,26.26068333333334,22.100116666666636,25.186299999999957,31.899700000000017,47.05024999999993,51.28908333333328,42.31643333333329,32.16838333333335,24.317083333333297,23.69806666666667,18.08279999999999,13.891500000000008,13.441633333333323,14.984516666666671,21.946250000000017,32.56525000000002,45.59353333333327,51.37253333333325,55.06476666666663,56.390383333333304,50.71928333333327,46.65876666666659,37.78378333333328
2024-06-06,42.27188645833333,36.59738645833335,33.549882291666655,37.788132291666656,46.38092291666667,60.41918645833322,64.17779583333325,53.75878645833333,44.17548958333337,37.99327083333335,36.15847708333328,28.514221875000015,23.13098020833331,22.573382291666633,25.947737500000027,36.24992499999999,51.046398958333285,65.2607166666668,71.36343541666666,72.27133958333341,70.6806520833335,63.64651979166665,56.48703124999995,48.5244395833333
2024-06-07,65.57051666666655,56.82671666666675,53.44488333333334,58.050983333333306,68.3373499999999,79.38324999999993,83.43361666666658,73.31568333333337,63.00960000000004,52.77199999999993,49.78303333333328,41.31910000000003,35.15036666666662,35.58066666666667,40.131299999999946,50.98048333333313,66.49870000000001,78.57120000000005,84.47225000000005,85.3040333333333,84.04483333333326,77.43829999999984,71.27541666666652,63.04513333333329
2024-06-08,41.605683333333296,35.431116666666746,31.913950000000046,32.901749999999964,37.22263333333336,43.56251666666658,44.84488333333321,36.79981666666661,28.42315,22.52066666666663,20.982433333333276,12.8844,6.147866666666664,7.307533333333329,12.371699999999965,23.812449999999956,41.25544999999998,57.73816666666671,64.83436666666654,65.94691666666678,70.82213333333334,65.61504999999997,56.33438333333339,45.39076666666663
2024-06-09,27.569666666666684,22.585966666666607,17.79706666666669,18.83816666666667,22.22361666666669,27.50025000000006,28.143866666666636,19.89744999999999,12.864499999999978,8.12638333333333,7.423216666666647,-1.3683999999999996,-9.661099999999998,-8.043599999999994,1.0951833333333318,11.534050000000004,27.064666666666678,43.85336666666674,52.361666666666665,54.82561666666667,57.39056666666671,51.747949999999975,44.50889999999992,35.03419999999999
2024-06-10,32.93864999999996,27.450949999999988,23.896749999999958,27.24159999999999,34.34838333333333,45.690816666666656,48.492083333333355,39.9968,28.853200000000008,21.488599999999956,20.925250000000013,15.73769999999999,11.27281666666666,10.725449999999986,14.166799999999975,22.094833333333316,36.010583333333344,51.473466666666695,57.95676666666666,57.859916666666614,59.08066666666661,54.380333333333354,46.991599999999956,39.16946666666662
2024-06-11,43.39463333333334,35.39984999999998,31.850366666666662,38.31199999999991,47.176533333333374,62.424516666666676,67.24595000000004,56.79193333333329,42.399883333333385,32.93208333333329,30.73999999999998,24.290233333333315,18.833816666666657,18.785499999999967,22.37694999999998,31.071383333333312,46.19089999999996,61.22788333333328,67.26513333333334,68.34726666666677,68.6221333333333,63.80558333333331,56.873416666666635,47.63344999999991
2024-06-12,30.416400000000014,25.303383333333375,22.78804999999996,27.20429999999999,35.7034333333333,50.43460000000001,54.06428333333328,43.78335,34.05233333333329,25.362333333333304,24.37271666666672,17.948516666666656,12.346216666666677,11.522333333333341,15.016999999999967,25.118500000000004,41.27960000000002,56.37623333333332,60.72504999999996,61.12054999999991,63.13904999999996,57.52554999999997,50.096549999999915,42.13204999999997
2024-06-13,34.6780942028986,29.254344202898587,25.230164371980575,30.809199516908187,36.90190132850241,49.64291352657005,53.139659178743926,45.91747379227051,35.48550362318844,28.411425362318813,27.053694323671497,21.18909214975847,16.290020893719813,15.075556642512078,17.767155555555558,27.15972946859903,41.79173224637677,57.070864371980676,60.10371714975841,60.683168478260825,62.99547765700481,59.28598176328508,50.824359782608646,41.796782487922684
2024-06-14,15.550383333333372,11.218766666666664,8.47458333333333,11.170066666666653,15.662683333333334,24.139483333333313,26.70654999999991,19.87096666666668,12.636349999999975,9.591166666666672,7.800133333333344,4.040783333333342,0.18735,-0.3998333333333335,4.214366666666662,10.102866666666637,23.14044999999999,36.6443833333334,41.42838333333328,40.73343333333328,43.37389999999993,41.281333333333315,32.065416666666685,25.060799999999993
2024-06-15,10.552799999999996,8.057183333333317,5.952566666666669,6.179183333333326,9.201516666666656,13.307499999999981,14.513450000000027,8.919999999999975,3.9788833333333278,0.6941833333333339,-0.4784166666666669,-5.609433333333332,-10.033900000000022,-10.135666666666653,-1.8582333333333318,3.3015166666666693,11.803466666666656,22.128766666666696,29.24426666666653,31.557433333333343,32.47488333333331,31.118033333333376,24.992600000000028,19.589483333333362
2024-06-16,13.223066666666648,10.171966666666679,7.77956666666665,7.5346666666667,11.481599999999974,12.197049999999958,11.805550000000029,6.6167666666666385,-1.456566666666666,-9.447016666666668,-9.86669999999998,-22.706400000000013,-32.84276666666678,-28.63541666666665,-10.825883333333321,2.3676000000000035,11.538566666666638,24.831100000000035,34.26714999999991,41.26088333333326,42.69840000000004,36.61738333333334,29.88198333333335,24.453416666666772
2024-06-17,24.845300000000055,20.361666666666665,16.373366666666644,19.87424999999993,28.24856666666669,40.26116666666657,42.33303333333332,34.40945,21.500466666666636,13.290799999999974,13.59580000000004,8.11806666666666,3.709466666666667,3.7744833333333303,8.103933333333316,17.776350000000004,29.62281666666664,42.866266666666675,50.14554999999984,56.807499999999926,58.81071666666669,51.11756666666656,50.15071666666661,41.00361666666667
2024-06-18,35.419709999999995,29.561996666666698,25.836283333333242,31.36003333333334,40.899033333333364,55.60358666666661,59.93159333333332,49.65101333333328,37.47726666666668,29.543799999999944,28.615786666666665,23.257793333333336,19.081300000000002,17.539903333333303,19.66379666666666,28.803203333333318,43.2434133333333,57.796729999999926,61.1385433333333,61.344199999999994,63.60232666666667,58.022456666666805,50.53420333333329,40.74183999999996
2024-06-19,45.821476111111124,37.85330611111113,34.32653722222219,40.49559333333328,48.469875000000094,60.69654999999997,65.49770611111117,55.367454999999936,42.64003166666674,34.855711666666615,32.687421666666665,25.451146666666673,20.8226811111111,19.966414999999998,21.8182072222222,30.825062222222265,45.46643944444447,60.73969111111105,65.69270388888881,65.17049944444457,68.53355166666665,64.78841944444449,56.08969999999997,45.16871277777773
2024-06-20,63.34419999999997,55.75377500000007,52.68540000000007,58.38472916666679,69.80629166666668,82.8013416666666,87.14234166666664,76.71751666666674,65.67674166666664,57.698675,54.60285833333338,47.784825000000076,42.797537500000054,42.72875833333341,46.97947499999994,57.600820833333295,71.00229166666666,85.94981666666673,89.93435416666667,88.93523750000026,87.475975,81.19725416666665,73.09440416666655,63.83731250000007
2024-06-21,76.89576666666657,68.64986666666677,65.34085000000009,71.36401666666676,82.94865000000003,97.17988333333335,101.71541666666661,91.3750333333334,79.27955000000009,70.67278333333331,66.46133333333334,59.53833333333332,55.99429999999999,56.961233333333375,62.3249999999999,72.42241666666663,88.60181666666661,104.2574666666667,107.32114999999985,103.8304166666668,99.89136666666658,90.54388333333328,84.20764999999977,75.40348333333323
2024-06-22,63.96896666666678,55.717650000000006,49.237416666666604,49.81541666666674,52.94465000000001,55.732466666666696,55.27358333333347,45.97848333333338,33.34408333333334,24.828866666666634,21.57699999999998,14.020366666666671,7.797583333333336,10.291783333333338,16.031583333333334,33.456533333333255,56.22894999999999,73.7499833333335,83.48415000000001,84.05893333333321,86.24059999999993,79.87463333333332,67.5043833333335,55.84145000000008
2024-06-23,55.14834999999988,47.473216666666666,42.258766666666695,41.87410000000006,43.27126666666665,44.25423333333331,40.516016666666616,28.460516666666628,18.084466666666675,12.886200000000006,13.174249999999974,3.7122999999999897,-5.335933333333333,-1.9305166666666655,5.354583333333347,21.95156666666664,48.81365000000003,70.75550000000027,78.89318333333344,81.53114999999983,84.33511666666654,76.35613333333333,65.58233333333345,54.548816666666745
2024-06-24,37.64196666666668,30.223383333333324,26.00773333333327,34.24109999999998,43.165149999999926,56.74144999999999,58.121866666666634,48.88916666666673,37.19048333333338,29.685233333333343,29.281066666666714,22.32536666666667,15.74064999999999,14.50306666666667,18.74134999999999,29.82808333333336,47.18631666666661,64.08429999999993,69.20521666666673,68.4702500000001,73.59581666666669,67.62550000000006,60.1101333333333,49.86173333333332
2024-06-25,44.038401666666736,38.20597166666664,35.01388833333337,41.095134999999985,52.81073499999995,67.649285,73.30456833333332,65.63101,55.558731666666596,47.84162166666666,46.04921833333337,40.15241333333335,36.43682333333333,35.87616500000001,39.015298333333355,49.817571666666666,65.62002999999994,82.13774999999981,84.39878166666679,78.64020000000012,76.30493666666655,69.48055666666671,63.217086666666646,53.70136666666669
2024-06-26,73.51259999999994,66.40357777777777,62.86090000000007,70.36076111111102,83.37687222222218,99.09445555555583,104.45319444444442,92.70928888888892,81.26814444444453,73.56481111111108,69.60414444444434,63.06595555555563,59.50340555555549,59.24310555555551,62.445038888888845,71.64984999999996,86.53051111111093,101.78741666666666,105.88964999999995,105.35795000000022,100.52842222222192,90.67809444444437,85.12735555555544,76.66709444444434
2024-06-27,90.18259999999997,83.94456666666666,79.18906666666668,85.89751666666673,99.61714999999994,119.45725000000006,126.34699999999978,115.35953333333332,103.75211666666675,96.62423333333312,92.25564999999995,86.18461666666657,83.44406666666661,84.53603333333332,89.2342500000001,100.47246666666665,119.77033333333306,137.3589333333334,134.77540000000005,124.15309999999992,115.43493333333325,104.15741666666662,99.48733333333332,90.01373333333335
2024-06-28,26.544783333333328,19.01708333333331,16.010766666666655,27.905083333333334,47.244666666666596,69.72041666666674,79.19019999999998,70.85305000000008,57.09345000000005,48.921499999999945,47.315833333333295,38.72960000000004,33.888700000000036,36.04651666666667,40.64291666666668,56.58496666666661,79.10489999999997,96.59001666666646,98.45990000000008,89.05848333333346,84.64201666666662,75.89801666666649,66.67213333333329,57.995049999999914
2024-06-29,42.72274999999988,35.17656666666667,31.274616666666702,34.63406666666671,40.49279999999998,47.27988333333325,50.73233333333334,43.61976666666674,33.23183333333337,25.73566666666665,24.259416666666638,14.813850000000008,6.633316666666673,6.436016666666671,16.248083333333305,32.53543333333334,55.69264999999999,76.45741666666672,84.30450000000015,84.77820000000014,85.28141666666677,77.94515000000001,67.66673333333338,57.699050000000064
2024-06-30,25.905716666666684,20.339799999999958,16.34688333333335,18.401583333333342,20.97646666666668,26.316283333333296,26.889133333333316,20.402099999999994,11.38071666666664,5.711283333333344,5.928949999999993,-2.81553333333333,-10.971066666666678,-9.281333333333343,0.5171499999999999,12.26709999999999,27.716633333333313,45.48108333333339,51.0293166666666,55.039033333333364,59.30763333333328,53.29855000000006,47.77058333333332,36.56946666666664
2024-07-01,58.06039999999995,49.80281666666663,45.894533333333406,56.7399666666666,68.97544999999994,86.20443333333337,90.37371666666674,77.94656666666668,65.77985000000002,57.815616666666706,55.56724999999999,47.790383333333324,43.2448666666666,42.185533333333396,45.71358333333328,56.173999999999964,70.84826666666653,89.22370000000001,92.9021000000001,93.63911666666674,91.64559999999986,82.9463166666665,74.84084999999992,65.21030000000002
2024-07-02,45.52933333333331,38.4947,34.51033333333334,42.80661666666665,52.33968333333328,67.23134999999998,70.8342,58.752700000000004,46.20758333333337,38.247233333333284,36.14381666666668,28.771316666666667,23.665833333333342,23.49505000000001,27.145483333333317,38.33335000000002,54.819266666666636,73.37878333333323,77.94238333333342,79.43841666666677,82.53449999999988,75.0447666666667,66.4488833333333,55.25923333333335
2024-07-03,63.84093863636367,56.585321969696935,52.92404242424244,63.24004924242439,75.37804393939389,93.52022196969686,99.68470075757592,90.674456060606,79.435728787879,71.97811439393928,67.9486515151515,57.345875,51.920989393939294,49.236209090909085,56.37758333333323,68.73082424242413,85.5236704545455,100.4567871212121,105.66475000000011,103.66827954545465,100.29979393939391,90.55877196969682,80.8403333333332,71.08514696969698
2024-07-04,11.989683333333344,8.283683333333334,6.0543499999999995,8.155683333333325,13.008799999999974,22.709149999999962,25.91316666666661,19.89286666666668,12.761433333333311,8.954383333333334,7.346983333333336,4.323300000000015,1.3553333333333344,1.5353333333333339,5.517216666666665,11.554583333333323,23.525749999999984,37.82658333333335,43.550249999999984,43.61268333333329,42.57546666666671,39.88378333333335,32.08226666666664,25.326200000000007
2024-07-05,15.905833333333364,11.918783333333344,9.64201666666666,12.632216666666668,19.22025,31.990016666666644,36.165683333333334,27.494649999999996,17.371983333333333,12.192916666666658,10.630150000000006,6.630016666666683,2.6506333333333347,2.8346500000000066,7.068966666666661,14.991833333333307,25.9127833333333,40.10431666666674,46.157416666666634,47.32684999999991,49.17391666666664,43.83155000000003,35.14836666666666,28.549750000000017
2024-07-06,25.843383333333342,20.143183333333322,16.41025000000002,18.813600000000005,22.753050000000034,29.427583333333285,31.893800000000002,23.928916666666645,14.688149999999986,8.711416666666661,6.881783333333316,0.3227000000000001,-5.760999999999999,-5.748983333333328,2.1065833333333317,12.496849999999995,27.759833333333322,44.22104999999996,52.622883333333355,54.617333333333335,58.802449999999965,52.98863333333336,42.96874999999994,32.634049999999995
2024-07-07,10.145250000000004,7.679666666666676,5.877383333333318,5.8515500000000085,9.33166666666665,9.754149999999997,9.690966666666652,5.033233333333326,-2.565116666666659,-9.320533333333328,-10.3487,-21.199183333333366,-29.90003333333351,-27.312366666666627,-10.235633333333345,2.002183333333339,11.884799999999993,21.96995000000004,31.633383333333217,39.47463333333334,41.74441666666661,36.901500000000006,30.921500000000037,24.385350000000113
2024-07-08,56.21655,47.4196666666666,43.69443333333349,52.578100000000084,64.86833333333327,84.1873,86.30260000000006,70.93116666666654,57.8115166666667,48.16269999999999,45.49961666666661,38.46274999999997,32.29711666666664,30.869433333333376,33.72301666666665,43.88809999999994,59.85595000000005,76.63948333333327,83.17191666666677,86.57126666666686,88.27621666666661,78.90981666666647,68.46224999999987,58.39145000000014
2024-07-09,44.853256944444496,37.36008472222222,32.88960277777784,40.82097083333332,53.45535555555545,71.04313472222233,77.75754722222212,67.4593402777778,54.27496944444441,45.21801805555563,40.902122222222246,34.31547638888897,30.408127777777736,31.06272638888891,36.105034722222186,47.05748333333335,64.6433777777778,84.11243333333324,89.27972916666671,83.63570972222236,82.72695277777765,73.40668888888878,67.9824972222222,57.733176388888836
2024-07-10,61.07181249999998,53.52188749999996,49.970495833333445,57.206229166666645,68.28477916666658,83.69407500000013,88.8719333333332,78.55533749999995,66.54195833333337,58.577345833333375,54.17137499999996,47.06174166666672,43.36026666666667,43.62827499999999,46.37917083333331,56.177679166666685,69.65768333333325,86.04985416666655,94.0560875,90.31478750000008,85.5816375,78.41716249999986,70.98970416666664,62.72972083333328
2024-07-11,71.83045833333327,64.4768,60.937100000000086,66.63819999999993,79.39228333333321,93.51630833333338,97.36046666666644,86.58500833333339,74.60660833333336,66.03330833333335,60.735291666666626,54.522825000000076,51.2758166666666,51.13530000000001,54.712749999999964,64.67385833333327,78.34836666666666,93.52137500000012,99.01137500000003,97.31114166666677,93.85237499999992,85.30730833333328,78.63945833333322,69.15562499999996
2024-07-12,64.94579090909086,56.32223181818176,51.866998484848516,58.65252575757577,69.8773818181818,84.43821666666675,89.43173333333331,80.72004242424242,69.63519393939401,61.59763030303041,56.30367727272723,48.89652727272734,44.854462121212045,44.46134393939389,46.919169696969654,58.497442424242315,74.4895984848484,90.22091515151509,95.68796666666674,93.83242272727273,90.76351363636344,81.93953030303014,74.27725909090904,64.32714393939393
2024-07-13,48.52261666666652,40.765650000000065,36.1090666666667,37.460766666666686,40.171516666666655,43.74256666666665,42.50240000000001,34.92675000000002,23.78908333333339,17.683249999999976,16.89548333333332,10.264749999999996,3.1766833333333353,3.8601499999999973,9.800983333333324,23.21119999999998,44.28318333333335,65.14638333333347,71.84716666666675,75.2233333333334,81.05441666666665,73.15301666666673,60.403933333333335,49.16633333333329
2024-07-14,48.55304999999986,41.70893333333327,36.758266666666685,37.016700000000014,38.62988333333334,41.098249999999965,36.42028333333331,26.295349999999953,16.876683333333336,11.784999999999995,11.301783333333276,4.355033333333333,-3.481133333333333,-0.485666666666665,6.204483333333354,18.73764999999996,42.5852999999999,64.01390000000016,72.90823333333334,77.26991666666653,83.94586666666679,75.19198333333348,63.90648333333347,50.86369999999998
2024-07-15,59.6597814814815,52.34827222222219,48.67082814814819,56.71574111111114,67.6227466666667,86.86162407407421,91.93244296296308,79.46969111111108,66.99540851851847,58.56384407407423,55.50323814814818,47.88490814814814,42.96068740740732,41.598910370370405,43.867326666666706,54.81879111111101,70.30752629629625,84.4200403703704,90.87714185185185,90.764637777778,89.03195518518504,79.85190962962956,68.14995481481473,58.60753444444449
2024-07-16,30.86733750000003,24.547895833333353,20.049424999999985,26.19803750000001,35.87714583333335,52.55179999999997,58.955699999999986,50.58231666666667,39.816933333333346,30.975108333333342,27.585195833333408,22.676220833333335,18.468991666666685,19.126587500000007,23.203683333333302,32.85909166666668,47.460412500000025,64.73113333333318,72.35942500000002,67.99092500000002,65.90378333333315,60.14344166666666,54.57099999999996,45.15904166666663
2024-07-17,68.59261111111098,61.57125555555548,58.441166666666675,65.39519444444444,76.29606111111111,93.47990555555552,99.20931666666665,86.93634444444464,73.85669444444451,65.14733333333338,60.64542222222219,52.57088888888896,48.61027777777773,48.84448333333332,54.25390000000001,64.38644444444428,78.56029444444442,94.71551111111113,102.19133888888905,99.65854444444464,95.60911666666657,86.36901111111098,78.25351111111091,68.81922777777767
2024-07-18,77.62910972222221,71.20213611111093,67.4382861111111,74.39091805555562,86.10849027777779,102.81401250000017,108.68483611111101,97.28705833333328,86.04628611111119,79.07995277777769,74.67019305555553,67.88784583333344,64.5368513888889,64.94093333333336,69.20082361111116,79.51030833333321,95.3380805555556,111.86092361111105,116.81593055555558,111.32180416666687,105.57129027777775,94.60347083333318,85.71191249999974,77.27017083333317
2024-07-19,82.6796833333334,76.53598888888881,70.90584999999996,77.05931111111103,87.08626111111101,105.43113888888915,110.76849444444454,99.40219999999991,87.69836666666689,79.33094444444434,74.05665000000003,68.3302277777779,65.36484444444456,66.78802777777776,72.25190555555564,83.9927222222223,100.3837888888888,117.14705555555558,121.35723888888904,116.76843888888912,110.38489444444438,98.48448333333326,90.4969833333332,82.11109999999994
2024-07-20,77.86690000000003,70.46374999999992,65.1694666666667,69.99928333333344,75.98255000000009,87.31613333333348,90.17785000000003,81.26861666666677,69.31748333333337,59.36828333333329,54.19589999999995,46.27176666666673,41.94514999999999,44.52371666666661,52.713250000000095,66.99135000000001,83.47974999999997,98.22498333333341,105.39550000000004,104.30575000000019,101.0763999999998,91.54834999999987,84.35888333333322,75.06769999999997
2024-07-21,42.05948333333321,34.30529999999997,29.12981666666667,30.04054999999998,32.35871666666673,35.18239999999996,34.49405000000006,26.068083333333284,15.927833333333332,10.444733333333325,8.502666666666642,-0.7084333333333325,-7.525983333333332,-4.415183333333329,4.576650000000011,17.32479999999996,40.158583333333254,62.4029666666668,72.61403333333341,76.59863333333335,81.43508333333344,72.59665000000011,62.027283333333436,50.20509999999998
2024-07-22,39.62693333333333,32.61883333333332,28.416199999999954,35.75536666666667,42.50084999999994,55.77529999999995,57.99375000000006,46.795766666666644,34.71265000000004,27.299399999999935,26.319133333333358,20.061266666666658,14.720416666666639,13.897400000000005,18.71099999999998,29.78708333333334,46.17681666666657,66.15531666666679,70.91276666666668,75.16675000000018,77.26428333333341,69.23508333333334,55.74004999999995,46.383616666666605
2024-07-23,55.8275833333333,46.54788333333334,41.40146666666664,50.24028333333334,59.99209999999998,76.41600000000005,82.28040000000013,70.47223333333335,58.85083333333327,50.46995000000007,46.20415,38.285133333333356,33.11786666666664,32.290933333333356,36.37886666666664,49.41868333333331,64.95298333333328,81.52088333333329,88.9014333333334,89.31985000000023,88.17771666666651,79.62208333333324,72.0577833333332,61.57355000000007
2024-07-24,70.02421500000007,63.9594333333333,61.047185000000006,67.82908666666667,78.63595666666653,94.85666166666675,100.75676499999987,87.67604666666679,73.31485666666673,63.770690000000016,58.20836166666674,49.31272166666674,45.62917500000003,47.13070833333349,55.57197333333338,67.97357499999988,82.79980999999997,99.57876833333329,106.42210166666678,105.02439666666704,100.26961833333334,89.52309166666655,82.31482499999984,73.03277833333347
2024-07-25,36.27832777777777,28.627297222222246,24.36296111111107,33.22404166666663,45.799913888888945,64.63793055555557,73.35140833333334,65.48963888888896,51.8040166666666,42.62081666666663,38.849869444444494,32.40361111111114,28.392741666666637,30.054772222222237,35.5277833333333,49.90076944444443,69.4974583333333,88.71811666666656,93.46326944444452,88.0014944444445,84.00251666666658,74.63743888888885,66.88720833333336,56.67010555555558
2024-07-26,59.63705222222211,53.870657777777666,50.448972222222295,57.177488888888824,67.10309222222219,81.28779666666664,88.5758244444444,78.5971833333333,67.27131000000004,58.42486555555559,54.02234888888893,46.481703333333364,42.31347333333333,43.272410000000015,49.385897777777856,61.27348222222212,77.70243222222207,93.27447888888886,99.91537666666686,96.97978222222241,93.20071888888887,83.31134000000003,73.71944333333322,65.97140000000005
2024-07-27,53.160316666666645,47.139533333333304,42.68363333333333,44.97438333333326,49.23619999999997,56.554849999999945,60.85411666666676,52.961050000000014,43.67395000000003,37.695299999999975,34.83838333333337,26.291700000000006,19.944049999999983,20.779233333333337,26.463216666666675,39.20341666666667,56.062883333333254,71.40013333333324,78.35464999999998,80.31468333333338,81.79894999999988,75.13316666666664,64.95426666666667,55.58476666666665
2024-07-28,29.54684999999998,23.911466666666648,19.231166666666688,20.497900000000005,22.94079999999999,27.70338333333332,28.320499999999964,21.030516666666657,13.19051666666665,8.719550000000002,8.872233333333316,1.872950000000003,-5.172000000000004,-4.575966666666663,2.678766666666669,12.115266666666658,27.881966666666674,47.00520000000006,54.79208333333329,57.4197666666667,62.12470000000005,56.6442166666667,48.81341666666655,39.25709999999992
2024-07-29,21.780333333333335,17.911083333333305,15.02323333333332,19.27539999999998,27.641649999999995,41.70971666666664,47.20306666666663,41.69571666666672,33.64200000000001,28.240099999999984,26.986233333333395,22.776349999999976,19.086449999999985,19.358349999999984,22.89483333333332,31.115633333333342,44.40411666666666,60.3580166666666,64.81374999999997,62.14783333333335,59.048450000000045,54.40645000000006,46.80628333333336,39.83143333333326
2024-07-30,50.695316666666734,44.58014999999996,40.77364999999999,47.72188333333332,57.09793333333336,71.81448333333329,80.13456666666659,69.5747999999999,57.757716666666695,48.45400000000001,42.43095000000012,36.77950000000001,32.97083333333329,32.947216666666684,38.6265,49.86106666666666,66.15829999999994,82.3653,89.98351666666676,87.0298166666669,85.15538333333332,76.13889999999998,69.68346666666673,60.97526666666679
2024-07-31,66.59823333333327,59.432783333333234,55.185333333333354,61.19208333333327,71.36608333333328,87.14140000000006,94.79898333333333,81.24493333333335,67.81566666666657,55.98621666666672,49.340766666666696,42.81188333333339,39.7468166666666,41.16853333333339,48.74324999999998,61.58023333333332,77.07523333333332,95.94288333333336,103.96295000000025,103.10653333333364,97.9150333333333,86.73268333333328,77.47648333333322,67.78636666666675
2024-08-01,72.8126699999999,65.60497666666667,60.636026666666694,67.2077066666666,75.84516666666661,89.11263666666675,97.80574333333348,85.00954333333334,71.94210333333321,60.9461799999999,54.078919999999975,46.981380000000065,44.52177999999997,47.27137333333332,54.684753333333454,69.10377999999987,84.3944566666666,100.16281666666653,105.77905000000028,104.63167333333362,99.72551999999983,89.15780333333318,80.40408666666666,71.25319000000015
2024-08-02,75.8661794949494,69.17802606060604,65.0604066666666,70.95245141414135,78.85183383838381,92.83479969696968,100.67140494949486,90.57769797979793,79.13051070707061,71.10394545454535,66.30068323232321,59.805121111111085,56.325978787878825,57.21784383838388,60.357916161616124,72.41497222222209,87.08812666666671,100.99331191919187,105.19235080808089,104.1703205050508,100.06320646464629,89.87553343434323,82.70630323232308,73.96331919191924
2024-08-03,42.771049999999946,34.821749999999994,29.95374999999997,33.75385,39.109283333333366,46.2349,52.349116666666674,45.45223333333339,36.45516666666678,29.649749999999987,27.575833333333314,19.465633333333354,13.875833333333324,14.994516666666657,20.225216666666647,32.377233333333315,51.19291666666664,70.5175666666667,77.84626666666674,77.7852666666667,78.13411666666653,71.35788333333329,59.96633333333334,50.12773333333325
2024-08-04,31.918583333333306,25.045849999999962,19.765366666666697,21.537699999999955,21.949866666666676,23.447066666666625,22.80660000000001,14.948699999999974,6.542233333333328,1.2789333333333333,0.81105,-8.156250000000005,-17.402283333333322,-14.85341666666668,-2.875816666666664,8.396699999999996,29.217299999999994,51.094550000000126,61.075266666666636,67.56861666666671,73.68930000000013,65.44140000000014,55.88666666666659,45.66054999999996
2024-08-05,34.259566666666665,28.315450000000002,25.15319999999999,31.78814999999997,40.27045000000004,52.6827666666666,58.95130000000003,48.1739333333333,37.67583333333338,28.89156666666664,26.24760000000005,20.51701666666663,16.026200000000042,16.153466666666645,23.320649999999983,37.739566666666626,56.50089999999995,74.67381666666665,79.26606666666676,78.95800000000004,81.05834999999989,72.55426666666678,61.10988333333325,51.79498333333344
2024-08-06,43.38726666666658,36.58616666666663,32.11953333333333,39.21669999999994,49.0792666666667,62.676283333333316,71.94603333333329,60.540283333333356,48.36708333333337,36.31913333333333,29.942533333333348,23.083516666666743,20.368083333333313,23.29151666666668,32.882633333333295,47.347383333333326,66.8046999999999,85.42766666666652,93.16486666666677,91.28488333333344,89.95796666666664,79.06571666666673,69.8793833333334,61.78480000000008
2024-08-07,35.61065000000001,30.055866666666674,26.874799999999944,33.09816666666664,41.63626666666682,53.94179999999997,63.62208333333327,52.88415,41.11643333333337,32.443650000000005,29.626000000000047,22.08998333333332,18.488150000000005,19.870899999999995,25.727416666666667,40.632766666666626,60.60628333333325,81.9270666666667,83.70805000000009,82.87925,84.39686666666664,75.7811833333334,62.31160000000005,51.655383333333354
2024-08-08,30.615583333333355,23.99021666666665,20.80188333333332,27.942316666666702,37.458383333333394,51.342849999999956,58.79908333333335,49.87243333333333,38.168000000000056,30.483716666666616,29.487950000000044,23.533449999999995,18.933966666666688,19.733433333333313,22.709366666666636,33.51996666666667,53.73263333333335,71.06623333333329,73.93513333333341,72.4046333333334,74.44184999999996,67.58413333333334,54.55563333333334,45.56346666666673
2024-08-09,18.706830246913576,14.379056172839507,12.147335185185186,16.183728395061713,22.749229012345676,35.615364814814804,42.16014629629631,34.85533148148146,23.51410000000005,17.69924938271605,17.411235185185213,10.948744444444433,7.3804956790123315,8.227546296296286,13.054460493827149,23.09701358024688,39.18703086419753,55.16356728395066,58.687566049382646,57.59923148148137,59.181364814814785,53.51054259259261,41.16434753086419,33.20164999999993
2024-08-10,30.304283333333345,24.908599999999993,20.694516666666626,24.10045,29.096733333333347,37.88358333333328,42.12640000000001,33.360983333333294,22.488933333333378,15.294966666666642,13.826883333333344,7.097849999999988,2.201033333333335,2.6833499999999986,9.16141666666667,21.36944999999999,38.23351666666665,55.48274999999997,62.16930000000008,63.60756666666669,69.09411666666665,62.52611666666675,51.47216666666665,40.772200000000005
2024-08-11,28.850516666666657,22.42479999999996,17.82554999999999,21.580516666666682,24.91376666666668,31.899333333333296,35.43446666666671,25.729316666666623,15.498849999999996,8.549366666666657,6.9770333333333205,-1.3134500000000005,-6.839683333333334,-6.246783333333331,2.4665500000000002,14.643849999999981,34.69165000000004,53.14360000000008,59.32424999999998,60.706266666666686,67.9229999999999,61.12270000000017,46.67689999999998,36.91823333333335
2024-08-12,22.205866666666722,17.440013095238115,14.645741666666645,19.084785714285683,27.626919047619047,42.44980119047623,49.080729761904834,41.4614583333333,30.50594523809531,21.791102380952314,19.956603571428595,15.706729761904759,13.177920238095222,14.430735714285701,19.62288690476191,34.275091666666704,49.6913273809524,68.74035357142857,73.23796904761902,70.1842750000001,68.91319047619052,62.7829535714286,53.594171428571435,44.61899761904754
2024-08-13,75.04688333333324,66.72805,62.774466666666726,69.38786666666665,77.79013333333316,91.90201666666668,99.66134999999987,85.96108333333325,72.51308333333323,60.854566666666564,54.550199999999926,47.336733333333406,44.77859999999994,47.97561666666672,54.586516666666654,69.05023333333321,86.01103333333339,102.99866666666655,108.45581666666678,108.11421666666696,103.71939999999982,92.02196666666663,83.07573333333336,72.42331666666678
2024-08-14,74.92084999999994,67.80684499999992,63.60078666666666,69.02359999999997,77.70244499999995,90.61960666666683,96.51783166666655,85.8237333333334,73.77284333333331,64.92052666666656,59.31661999999993,52.429795000000034,49.388896666666675,51.79135999999998,56.731408333333334,68.65336000000002,82.87102333333334,97.20866666666655,102.91769833333352,103.17390500000027,100.56056499999976,90.37609166666638,82.37187499999986,73.0370050000001
2024-08-15,61.782150000000016,53.511950000000006,48.182533333333254,50.93531666666666,55.73655000000014,62.197433333333464,68.81160000000011,61.5945833333334,51.82874999999998,44.34711666666668,40.67553333333334,31.75933333333341,26.97401666666662,28.249899999999997,33.046733333333314,48.00394999999994,67.18488333333332,84.27873333333329,90.1056166666668,89.54456666666674,88.34461666666665,79.90676666666664,69.27145000000003,60.49646666666671
2024-08-16,55.69853333333323,48.056883333333296,43.7395666666667,49.12182499999995,55.279520833333315,63.13890833333331,66.28086666666664,55.642950000000056,46.029558333333334,39.0148791666667,35.76265833333335,27.649337500000037,22.52692499999999,23.546724999999963,29.117487500000006,42.20057083333333,59.74725833333324,77.64847499999995,83.87065416666664,86.12873750000008,88.61825833333327,80.0557125,68.95658333333331,58.73729166666662
2024-08-17,77.93576666666662,70.5402,65.74274999999987,68.28633333333335,71.06495000000007,76.10015000000001,77.09731666666671,67.25395000000013,54.3987333333333,45.75026666666673,41.49258333333329,32.01826666666671,27.446516666666653,32.49214999999998,41.563466666666685,56.93858333333325,76.13036666666663,93.20941666666667,100.99796666666668,102.06618333333337,100.57795,91.28624999999985,82.48078333333333,72.71885000000002
2024-08-18,66.55995000000007,58.5270333333334,53.0368666666666,53.72388333333342,54.25136666666671,56.03783333333333,52.610016666666624,40.388650000000005,28.164850000000044,20.908166666666638,19.11041666666665,11.328549999999966,6.201416666666667,10.01381666666668,16.326933333333326,32.57064999999994,56.1677166666666,77.87640000000023,87.16893333333338,89.69458333333331,92.22879999999986,82.81410000000001,70.23761666666661,59.255566666666674
2024-08-19,70.44491111111114,63.094849999999944,59.804616666666675,66.29438333333344,73.70027222222213,86.20039999999992,91.98047777777751,79.25492222222223,66.68139444444449,58.16506111111116,53.48710555555563,45.60185000000006,41.5132055555555,43.30492777777783,49.53457222222215,64.16032777777775,80.13971666666669,98.01464444444423,103.5662111111112,103.32687777777805,102.41728888888876,92.85950555555563,82.93072777777778,72.73980000000006
2024-08-20,63.84068333333332,54.35983333333333,48.17281666666658,56.86946666666672,68.04876666666668,86.4302166666667,94.23636666666664,84.98453333333339,71.61028333333323,62.46454999999992,56.66913333333333,47.41710000000001,42.3765666666667,41.639849999999946,46.73651666666665,62.25251666666657,81.01726666666671,98.17848333333335,103.61856666666678,98.50940000000007,94.58706666666657,84.10469999999978,73.97424999999993,63.22016666666675
2024-08-21,20.33301666666668,14.746683333333316,11.904216666666649,18.794416666666674,30.46316666666667,47.71600000000001,57.570966666666656,49.41093333333334,35.08903333333336,26.99781666666667,25.87235000000003,19.00643333333329,13.776166666666652,15.98546666666665,20.945566666666668,37.479149999999976,61.577633333333345,81.43301666666663,85.52769999999983,82.13208333333334,81.73798333333333,73.36119999999997,61.24831666666662,50.269966666666626
2024-08-22,28.198183333333322,21.264199999999963,17.16994999999999,22.35293333333333,27.864900000000034,36.43524999999998,42.51128333333335,32.89856666666668,21.673866666666704,14.602999999999989,12.857433333333331,5.093116666666663,1.2944833333333334,2.689050000000002,9.912616666666668,22.125433333333337,43.63689999999998,64.0516666666666,69.59971666666674,69.5694166666668,73.18676666666657,66.24575000000014,51.73524999999998,41.65318333333332
2024-08-23,35.12798333333335,27.18155,23.791216666666628,31.232566666666685,41.84220000000005,55.00163333333327,65.0283666666667,55.383133333333404,42.52205000000004,33.74536666666667,30.63118333333338,22.564383333333343,19.48059999999997,21.1995166666666,26.67291666666666,41.29883333333334,64.63211666666656,85.94174999999991,89.51071666666688,86.18620000000014,85.10451666666653,75.90965000000004,62.447183333333356,53.28996666666668
2024-08-24,59.59339999999995,51.588316666666636,46.43418333333333,48.872183333333375,54.25951666666676,62.625149999999984,65.5788666666667,55.16890000000006,43.05200000000005,33.228616666666625,27.776183333333357,18.725516666666653,14.317066666666655,15.506566666666652,23.557216666666687,39.908883333333364,62.30798333333316,83.01279999999998,89.38696666666681,89.22465000000004,89.32074999999995,80.66779999999993,68.82473333333336,58.02911666666668
2024-08-25,16.038050000000013,11.65093333333334,9.403649999999994,11.817633333333324,14.728616666666667,18.63526666666668,20.87215000000002,12.745116666666666,3.9775833333333237,-1.8990999999999993,-4.06963333333333,-12.736983333333365,-19.712916666666715,-21.114616666666723,-5.7083666666666595,10.747149999999987,32.5272333333334,54.80695,66.12408333333335,70.86421666666672,77.78706666666676,69.71341666666687,55.762850000000135,45.805749999999996
2024-08-26,46.007649999999956,36.32890000000001,34.61570000000001,46.214483333333334,58.463583333333325,75.74935,81.59811666666664,69.66099999999996,56.11336666666671,47.434183333333266,43.838333333333324,35.8671,32.03406666666663,32.0446333333333,38.232899999999965,52.98649999999997,73.22933333333333,92.55595000000007,97.32263333333334,96.64370000000014,95.46576666666648,84.67416666666661,71.33444999999996,59.86573333333336
2024-08-27,75.80152499999997,68.3015583333333,65.02257499999995,70.75475833333338,81.620275,98.57115000000023,104.90411666666664,91.8533,77.69741666666661,67.83774166666655,61.03539999999998,54.1469416666667,51.68032500000006,54.92039166666679,62.538216666666706,74.69530833333332,91.60038333333318,107.43357499999982,112.09202500000012,109.29925000000034,105.17218333333331,94.09664166666647,85.85420833333325,75.99766666666679
2024-08-28,77.84106666666656,69.49444000000004,64.57401333333333,70.2639066666667,78.82173333333326,94.13337000000013,101.90077333333325,88.37918333333347,73.95422333333343,63.27445333333325,55.79618666666661,49.262020000000014,47.30597333333339,52.628776666666724,61.11925000000008,75.4042066666666,92.5552066666667,108.44826333333329,111.86813666666671,109.26795666666682,105.1988433333335,93.97448666666644,87.42024999999988,78.5009466666667
2024-08-29,84.32086666666663,78.23269999999988,73.47638333333333,79.16647500000012,88.02154999999982,104.05800000000004,108.88136666666672,96.63358333333329,83.1500083333332,73.66350833333333,65.43533333333322,57.404008333333365,55.23288333333339,62.69345833333322,72.06403333333348,85.7282416666666,103.62004166666664,120.48121666666678,121.79284166666667,117.52001666666683,110.5480500000001,99.0479333333331,92.64226666666667,84.22060833333344
2024-08-30,86.86721666666669,80.90669999999983,76.64478333333344,81.48518333333352,92.2455833333332,110.2781500000002,115.06563333333324,102.63736666666678,89.83455000000001,81.29626666666664,74.09221666666662,66.01603333333333,63.839116666666705,68.20943333333332,74.4466333333335,86.78848333333318,103.65299999999993,120.15244999999997,122.85509999999998,117.52018333333334,110.72941666666682,98.55163333333313,90.36686666666638,81.60064999999993
2024-08-31,82.34626666666666,73.66993333333338,67.69028333333341,72.4954166666666,79.73128333333348,87.3996833333334,91.08551666666665,83.08396666666675,70.27920000000002,58.67560000000009,52.848833333333175,43.312916666666666,38.47490000000005,44.86089999999985,57.81390000000008,75.12988333333347,92.3292833333334,107.11969999999982,111.79325000000007,109.21908333333342,105.8701999999999,96.53789999999994,89.91318333333332,82.5474499999998
2024-09-01,82.22219999999997,72.59316666666685,67.40081666666667,70.52350000000003,73.82846666666678,77.80888333333347,78.33336666666659,67.73348333333345,51.21178333333333,38.06278333333338,32.166683333333296,23.166533333333383,20.044316666666607,28.375216666666688,43.118866666666655,64.17251666666677,85.2354333333332,102.49855,110.1649500000001,110.67829999999995,107.02210000000014,97.37838333333323,89.26753333333333,80.7253333333331
2024-09-02,82.22737333333338,76.05903666666657,71.93314333333333,80.21294,91.29292666666642,107.22847333333348,113.80919666666647,100.8574966666667,87.54278333333328,79.15123999999993,72.68877666666667,64.98900999999994,62.962670000000024,69.29234999999996,76.26841666666681,88.59215333333329,106.26389666666664,124.6193066666666,125.96448333333332,119.28075666666679,111.93588666666673,100.34693666666647,94.34129666666674,84.91112666666655
2024-09-03,89.75570833333335,83.96111666666638,79.4820958333334,85.7512777777779,97.64464166666656,116.08549027777781,122.82864583333314,109.65125138888888,96.44812083333359,88.92526944444435,83.68387638888883,76.97223055555561,75.96423750000001,79.60241666666684,85.0701055555558,96.80382638888881,113.16698611111099,128.25602500000016,128.4368055555557,121.13426944444431,112.44975972222232,101.28696805555543,96.54430138888874,87.24789444444436
2024-09-04,92.28000277777764,86.72012277777755,83.2793427777779,89.39225444444446,101.82793111111108,118.72324944444442,125.58718777777759,112.91018388888887,100.1367622222221,93.3429588888888,89.61579166666668,83.85285277777787,82.05265111111112,83.82995388888888,88.59649500000003,99.59478611111102,115.68878999999967,131.43275111111134,131.51926555555565,125.01292333333336,116.7486811111112,105.83042444444445,101.95285111111103,91.98870222222222
2024-09-05,90.45158305555539,84.24268763888871,78.8175504166667,86.39954680555556,101.51601333333339,118.3686322222221,125.44557694444455,114.32753499999991,101.53818194444452,94.78616333333346,91.06877694444447,85.00477763888887,83.52312722222213,84.36541652777778,88.8153086111112,99.64099541666668,117.33982777777759,131.54470347222212,132.69298013888908,124.52716347222204,114.47688222222249,103.51806402777787,100.5734422222221,93.7109219444444
2024-09-06,58.56607888888892,49.79392444444431,47.74724333333331,57.198158888888855,74.67238777777779,94.7549422222222,103.55202444444441,97.54528000000006,87.86490333333333,82.0904811111111,77.74593888888889,69.34853555555569,66.95334777777784,68.72165222222218,72.65762222222223,83.07626555555552,100.57047666666679,114.58970999999971,115.16169888888912,105.20987444444452,99.22742222222224,91.77291333333326,84.09494333333326,75.2685322222223
2024-09-07,82.07623333333349,74.39286666666669,67.11882499999999,72.06550833333324,77.68209166666668,83.8987916666668,89.96977500000006,82.48019166666684,69.6791583333334,59.49489999999998,54.41259999999987,44.313691666666685,38.85927499999995,45.89699166666661,54.91298333333336,71.89239999999997,90.02531666666653,106.83639166666657,112.38454999999989,109.14737500000007,104.25533333333341,95.41103333333322,90.08359166666663,82.08844166666672
2024-09-08,69.04928333333342,60.71768333333336,55.24645000000007,55.878016666666795,58.642133333333355,62.47123333333335,62.84283333333335,51.48860000000004,35.209083333333375,26.662716666666707,24.11376666666666,15.165883333333346,10.737699999999982,14.056649999999994,21.034366666666674,40.16098333333326,66.10438333333317,88.04123333333347,95.3388333333334,94.56319999999981,93.32506666666653,85.55476666666671,72.87315000000012,62.98455000000002
2024-09-09,34.26300000000001,25.507866666666633,22.504400000000015,34.78118333333331,52.193766666666654,74.3964166666667,83.35721666666667,73.3191833333333,56.31281666666669,49.06485,45.483883333333345,38.923283333333366,36.534799999999976,37.0649166666666,42.73414999999999,58.20631666666666,81.89903333333326,101.15670000000003,103.2298666666667,97.06866666666689,93.05121666666645,83.04971666666651,71.76636666666664,60.60694999999996
2024-09-10,54.09789999999993,45.46188333333334,42.01711666666665,50.63390000000007,65.7963666666667,87.43461666666667,95.93405000000008,86.89120000000007,71.0330333333334,61.20845,54.81169999999991,45.16753333333341,40.710083333333344,39.68900000000002,45.8387333333333,61.10398333333325,81.90958333333339,97.93038333333331,100.74385000000014,93.21999999999996,88.93996666666652,77.68844999999986,67.5174333333333,56.8801333333335
2024-09-11,22.252666666666677,14.227249999999977,12.883899999999995,21.168133333333365,37.46318333333335,59.6410666666668,68.20335000000006,57.97920000000008,38.954333333333324,30.95818333333332,28.31833333333334,22.671283333333314,19.24768333333331,20.595816666666646,25.72418333333333,41.98866666666671,67.86463333333327,89.56013333333327,91.08585000000001,85.89675000000005,82.52643333333332,72.72633333333327,58.66236666666675,47.51309999999987
2024-09-12,53.192683333333335,44.12258333333338,39.97584999999994,49.32091666666668,63.355783333333356,80.95910000000008,90.38308333333337,80.5658333333333,66.70918333333326,57.93840000000002,53.386750000000035,44.9116,41.93578333333333,41.8238,46.61179999999995,60.73126666666662,78.94136666666657,95.73408333333327,99.22115000000025,93.12873333333354,90.25650000000007,80.82856666666657,70.64821666666658,60.556000000000104
2024-09-13,62.3534666666666,53.79191666666664,49.50576666666666,58.28954999999999,69.60154999999997,86.84983333333338,95.31985000000005,84.36075000000004,71.22473333333322,60.65343333333334,55.35898333333346,46.237266666666756,42.12794999999998,41.73320000000006,47.421233333333426,60.33151666666662,77.08983333333333,92.9949833333332,98.24063333333348,94.89160000000018,92.52884999999982,83.90191666666654,73.50828333333338,64.48645000000005
2024-09-14,42.26519999999993,34.350366666666716,29.595616666666658,33.173766666666666,39.01140000000005,46.852499999999935,51.64805000000011,42.84726666666668,31.155316666666682,23.820433333333337,21.16515,12.939733333333319,9.187066666666663,10.952033333333326,17.51263333333334,30.937749999999983,54.85941666666668,77.42836666666662,82.60475000000001,81.19340000000007,82.93861666666665,74.77050000000003,61.04965000000005,50.39429999999999
2024-09-15,44.07443333333326,36.42806666666668,31.378483333333335,33.04513333333334,34.90143333333333,37.09628333333331,37.615766666666715,27.353566666666612,16.215150000000015,9.799599999999986,7.850333333333313,-0.34211666666666657,-5.771649999999998,-3.1554666666666695,5.4608833333333475,19.45418333333333,46.19828333333327,69.28720000000013,77.7113833333333,78.27913333333335,83.02535000000002,74.6778333333335,59.693933333333355,49.84948333333324
2024-09-16,22.569433333333347,17.120949999999997,14.732066666666661,20.678816666666677,29.257916666666674,42.93608333333336,51.769150000000025,41.44173333333327,28.3945833333334,19.92866666666666,18.279350000000026,12.576033333333305,9.37953333333333,9.662649999999983,16.04393333333334,29.60366666666665,49.05918333333329,69.10610000000008,73.68489999999998,74.00451666666663,73.79761666666667,65.51548333333345,52.02306666666663,41.80756666666664
2024-09-17,18.89286666666668,14.15161666666667,10.340299999999997,13.306166666666662,19.755683333333348,34.685449999999975,40.190200000000026,31.262083333333255,19.994966666666702,12.572699999999996,9.758366666666662,6.029100000000005,1.6742166666666662,1.834666666666668,6.364333333333321,14.560283333333354,29.20271666666668,47.1653333333333,54.72174999999991,53.08199999999994,53.20123333333319,47.82585000000006,35.47021666666671,26.652566666666655
2024-09-18,39.249983333333354,30.63648333333338,26.58269999999997,33.37051666666664,42.996216666666655,59.447083333333346,65.41018333333335,54.699299999999965,40.86333333333331,31.51754999999996,27.67833333333338,21.74675000000002,17.364533333333306,16.250700000000002,20.232499999999987,30.830116666666655,47.92521666666662,65.50026666666665,72.0347333333334,69.74605000000011,69.82683333333325,62.89115000000004,53.309333333333285,44.259916666666626
2024-09-19,32.61863333333333,25.042933333333323,20.913333333333313,28.306400000000032,40.60363333333331,59.121866666666705,68.47571666666673,58.917383333333284,44.07013333333333,34.34433333333331,30.14541666666671,24.068050000000014,20.419000000000004,20.652799999999985,25.455133333333325,37.23356666666671,59.35569999999997,79.36096666666658,82.89828333333338,77.1496666666668,74.70301666666663,66.87251666666668,56.37758333333334,47.406866666666595
2024-09-20,34.66888333333329,26.867583333333357,23.354466666666656,32.429483333333316,44.32383333333331,62.30286666666667,71.00079999999993,60.846783333333384,46.24045000000002,32.84936666666665,26.931733333333344,20.655950000000054,18.466749999999987,19.74208333333336,27.342083333333274,43.181116666666675,64.79631666666666,85.64168333333315,89.14718333333352,82.90526666666669,82.33248333333337,73.91530000000002,60.68205000000002,51.173699999999954
2024-09-21,40.088066666666634,33.92368333333334,29.642616666666665,32.73508333333336,39.80648333333341,47.82043333333337,52.14006666666676,43.5842833333333,31.31400000000004,20.68556666666663,17.75943333333334,10.383299999999991,6.502816666666665,8.867366666666676,17.66543333333335,33.65388333333336,56.91543333333338,75.78006666666658,80.33171666666682,75.68395,77.1778333333333,70.32916666666684,57.1056500000001,47.317149999999984
2024-09-22,46.67771666666659,39.722016666666626,33.98071666666666,34.06239999999997,36.10816666666671,37.16314999999997,35.92295000000002,26.829766666666593,17.721750000000018,11.46743333333331,9.281049999999974,1.5509999999999984,-3.7975166666666618,-0.6693833333333334,7.334183333333334,19.073299999999975,41.28458333333332,62.58730000000002,72.13236666666667,73.91244999999996,79.11831666666669,71.48930000000007,56.794316666666724,46.480883333333146
2024-09-23,38.02958333333334,30.578216666666684,26.18804999999993,34.385600000000004,45.80213333333339,61.99468333333334,70.21118333333328,59.109933333333245,44.24125000000002,32.31334999999994,28.37491666666672,20.402200000000004,16.961283333333334,18.413800000000013,25.2356,39.270416666666705,60.8392666666666,80.59101666666668,84.79468333333357,80.15786666666673,81.46965000000004,71.8053,59.40186666666665,49.977583333333435
2024-09-24,39.28988333333332,31.175883333333324,27.076916666666627,33.24274999999997,42.96444999999999,56.53351666666664,63.82216666666666,54.28824999999991,41.09626666666665,29.875283333333332,25.249983333333347,19.089650000000006,15.421550000000003,15.536750000000026,21.371649999999992,34.28233333333335,52.863400000000034,72.76536666666676,75.93043333333347,71.80818333333342,72.73509999999996,65.59145000000014,56.12169999999985,47.33465000000001
2024-09-25,36.91025000000001,28.824266666666663,23.674766666666653,31.60393333333331,44.98723333333324,64.29836666666665,72.90805000000003,62.35573333333323,46.80441666666668,33.51408333333333,27.54388333333338,20.99920000000003,16.95780000000002,17.162933333333378,24.13079999999999,37.41131666666665,61.78376666666671,83.2658,85.51431666666684,73.96661666666675,73.07863333333329,64.53691666666663,54.729899999999894,45.729483333333405
2024-09-26,14.402683333333329,10.717616666666686,7.952899999999991,10.02471666666665,17.5147,30.158983333333296,35.98615000000004,31.168633333333272,23.084650000000007,17.172816666666666,15.228533333333347,12.671316666666645,9.197566666666667,9.710650000000005,14.09071666666667,21.143649999999983,36.22128333333336,52.27729999999995,56.31871666666666,49.75806666666667,46.428416666666536,43.30780000000003,33.04476666666662,25.90534999999999
2024-09-27,13.08328333333334,8.960350000000009,6.447800000000014,9.072149999999978,19.485583333333338,34.70278333333332,41.108000000000075,34.31586666666668,23.140749999999937,17.63808333333333,13.758433333333336,10.626616666666658,7.288950000000008,6.871399999999988,11.9478666666667,18.678883333333314,36.408649999999994,50.81026666666658,56.052866666666695,49.316400000000044,46.69606666666659,42.97163333333333,29.676683333333354,23.78483333333339
2024-09-28,15.27255000000001,12.32558333333333,9.71356666666666,12.29301666666666,18.293116666666688,27.933333333333298,32.1579666666667,23.814083333333315,14.396783333333309,8.025700000000006,6.434949999999992,0.3289666666666668,-4.031516666666669,-2.543116666666664,4.713333333333338,15.779266666666642,33.97045000000004,52.36154999999998,59.51635000000007,59.184966666666625,60.85714999999994,54.82376666666674,44.94991666666665,36.535133333333356
2024-09-29,48.55416666666662,39.86531666666665,35.114149999999995,38.51680000000001,44.615016666666676,50.6095833333333,54.45603333333336,44.19931666666664,31.93211666666671,21.92804999999997,18.17591666666665,9.644116666666653,5.733400000000004,7.578350000000007,14.32601666666665,26.59943333333334,49.31668333333335,71.02323333333337,78.00078333333349,75.37983333333325,78.31693333333328,70.81690000000002,54.683200000000085,44.17463333333328
2024-09-30,12.92143333333336,8.789333333333342,6.092483333333339,8.980549999999978,16.42898333333332,29.60259999999997,34.8922166666667,26.104666666666663,16.461399999999973,10.774700000000001,7.6518999999999915,4.929016666666678,2.0076833333333317,2.6068833333333363,6.87663333333331,12.83864999999999,27.01215000000001,42.084383333333314,46.1686,41.507216666666636,40.37911666666662,36.79268333333337,26.515549999999998,20.698783333333356
2024-10-01,14.665199999999986,11.230149999999997,8.615733333333337,12.687566666666639,21.189200000000007,36.59739999999999,42.04806666666664,32.76909999999999,22.28285000000002,15.380966666666655,12.866750000000003,9.49823333333333,6.73046666666666,7.53636666666666,12.048849999999998,22.346750000000032,36.93859999999996,54.77981666666669,59.39086666666673,56.30233333333334,54.31516666666668,48.339133333333386,38.51825000000004,31.066366666666678
2024-10-02,67.90919166666666,60.96140000000002,56.95912500000001,62.9147583333333,76.08937083333335,91.65773750000025,100.77517499999998,91.81239583333323,79.85297083333336,70.55537083333337,65.15142083333329,58.54387499999996,55.62259583333341,56.94665416666663,61.06835833333331,71.78243749999996,86.71907916666659,100.27299166666653,101.44403333333331,95.8968916666668,91.22949166666659,83.99644166666647,75.10995416666657,67.30472083333335
2024-10-03,45.473299999999945,38.96613333333328,33.100766666666686,39.536466666666676,53.511733333333346,71.23126666666687,81.36391666666663,76.3233666666665,65.72331666666668,58.23191666666669,53.77439999999996,46.816283333333374,43.186349999999976,43.34565000000004,46.4181166666667,57.81001666666665,74.64941666666671,90.51859999999999,89.53925000000007,79.62373333333335,74.70773333333337,67.39821666666666,59.966850000000036,51.194983333333454
2024-10-04,67.49251666666666,59.4609,55.8948166666667,62.41446666666662,73.54881666666668,89.49615000000011,97.06033333333326,85.88954999999993,72.75695,63.75838333333344,58.2368833333333,50.994183333333375,48.001350000000016,49.0649166666667,53.50505,64.73923333333332,80.46099999999998,98.26925,101.39611666666657,96.96268333333364,92.99161666666662,84.29921666666664,77.64714999999998,67.56438333333338
2024-10-05,74.77974999999988,66.15621666666667,60.70723333333333,64.45265000000002,72.91080000000002,84.45096666666666,91.5157833333333,82.54878333333336,68.68504999999993,58.29966666666666,51.975733333333274,44.02638333333338,39.67643333333343,42.36151666666669,48.43443333333333,63.47511666666669,82.74366666666666,98.63848333333328,101.92813333333334,97.68741666666685,94.07264999999994,85.2595333333333,75.28821666666657,66.00395000000005
2024-10-06,29.94008333333329,21.99073333333333,17.238633333333325,21.49946666666666,28.594983333333342,38.010816666666656,43.41823333333336,36.416733333333276,25.1395166666667,17.38648333333332,15.648650000000002,7.840083333333318,2.399350000000005,3.784799999999997,10.09324999999999,21.48725000000002,44.6496666666667,65.27040000000001,70.88225000000017,68.03513333333336,71.37954999999988,64.50428333333338,52.3424666666666,42.799916666666675
2024-10-07,27.305516666666676,21.699716666666692,17.75354999999998,23.333549999999978,35.82276666666666,54.51813333333333,62.651699999999934,54.004666666666616,42.08408333333332,33.2326666666667,30.63495000000004,25.18001666666669,20.87785,20.73475000000001,25.516949999999984,36.18441666666668,55.710466666666626,75.04961666666671,77.54658333333346,70.76105000000015,68.78703333333334,61.612083333333345,53.04058333333326,44.24299999999998
2024-10-08,27.49933333333332,20.05398333333335,15.601800000000006,22.24851666666666,37.79139999999999,60.029883333333416,70.16683333333343,63.43883333333335,50.532599999999995,41.34590000000003,36.907166666666726,30.741900000000005,26.364450000000005,26.09216666666663,30.608666666666693,42.151483333333346,61.595233333333354,79.19353333333319,80.67485000000005,71.58390000000006,68.8590666666666,61.80660000000006,50.399950000000025,40.90801666666665
2024-10-09,15.184316666666678,10.610300000000008,8.051449999999999,12.437283333333308,25.341850000000004,45.590433333333316,56.261016666666634,50.887766666666685,40.4038,32.85078333333334,29.09470000000003,25.55091666666665,22.6171,23.52673333333331,27.848466666666635,37.31431666666665,55.10595,73.68354999999978,75.41889999999995,66.16045000000018,60.36323333333328,55.5017166666667,44.59678333333333,36.937533333333306
2024-10-10,18.467883333333326,14.30951666666666,11.137016666666653,14.169949999999993,24.62886666666663,40.59388333333333,50.10124999999999,45.31666666666671,36.20333333333336,29.335916666666648,26.759116666666678,22.43740000000003,20.810999999999982,22.673216666666658,25.76144999999999,34.17694999999997,52.12656666666664,72.33444999999998,70.55004999999996,62.417150000000184,58.129966666666625,53.30945000000003,41.81093333333327,34.34669999999996
2024-10-11,67.80542777777774,61.789913888888854,58.687638888888905,65.70623888888888,77.86567500000004,94.84729444444461,104.52824722222223,97.09312777777768,84.81181111111111,76.67072222222231,72.14448888888894,65.11824166666668,61.621016666666705,62.00965555555551,65.3804916666666,74.19620555555548,89.41593888888882,102.68661666666664,104.1404305555556,96.50193611111133,90.77602500000006,83.75708055555556,75.0222083333332,67.25415833333338
2024-10-12,57.264033333333344,49.36643333333332,44.20831666666661,49.488383333333296,60.91058333333334,76.56443333333334,84.60848333333338,77.10299999999994,66.75666666666663,57.8578333333333,53.46508333333332,44.78236666666668,40.40371666666671,41.33406666666668,45.37381666666672,58.19955000000005,78.42455000000002,96.08573333333332,96.02735000000003,88.28130000000007,83.77846666666665,75.57353333333326,66.21301666666669,57.331416666666726
2024-10-13,26.812933333333334,21.169966666666667,17.227116666666678,20.04333333333334,26.930633333333308,35.70791666666665,42.10235000000002,38.115550000000006,30.052400000000027,23.154949999999996,21.671616666666637,14.588966666666646,9.689666666666668,11.08346666666667,17.68563333333333,30.652466666666683,52.333483333333334,72.06246666666681,74.73808333333338,67.96008333333334,68.54626666666672,62.33786666666672,52.48238333333333,43.11101666666669
2024-10-14,29.80990833333335,24.844416666666703,20.882533333333324,27.994833333333318,41.99413333333332,62.61836666666681,72.29796666666661,64.87209999999999,53.363683333333285,45.86071666666669,42.602566666666604,36.25454166666672,34.18575833333335,34.02564999999998,37.498683333333325,48.354200000000034,66.63209999999995,84.83627499999989,84.49005000000012,75.79042500000025,72.32515833333356,66.09821666666672,58.04359999999997,49.99154999999993
2024-10-15,78.92519999999986,72.1043666666667,66.84780000000005,71.4799333333333,85.56038333333338,105.54341666666687,116.26448333333333,108.07923333333325,94.46825000000014,84.92380000000003,78.60051666666662,71.72738333333328,67.66048333333342,69.04811666666654,72.97600000000011,84.44743333333331,104.0334833333333,120.08469999999998,115.97023333333318,104.95383333333336,97.9795333333333,88.65453333333313,76.95866666666659,67.08046666666662
2024-10-16,21.722533333333356,16.031750000000006,12.391733333333313,16.755816666666654,28.995283333333326,46.491083333333385,55.81356666666669,49.68071666666672,39.98393333333331,33.0282833333334,29.029183333333368,23.694683333333376,21.168933333333317,22.85198333333335,26.000233333333338,35.294349999999966,54.39259999999996,74.4939499999999,70.98841666666667,61.219066666666706,58.20798333333321,52.57124999999999,41.35905,33.59223333333329
2024-10-17,17.625016666666674,14.205433333333337,11.376033333333334,16.333316666666647,32.429616666666625,56.2741666666667,68.70813333333327,61.873766666666704,50.69356666666663,42.805099999999975,38.837499999999984,33.49525000000008,32.294133333333306,34.292083333333316,37.991266666666654,50.68691666666664,72.25263333333326,92.80304999999998,89.17179999999992,77.09646666666681,71.8790333333334,65.97945000000003,56.66770000000002,48.148766666666624
2024-10-18,40.10601666666671,34.10894999999997,31.04375,38.34176666666666,51.46673333333332,69.59478333333344,79.0271833333332,75.3458833333333,66.0967333333333,58.035883333333345,53.30050000000009,46.8773833333333,43.634466666666675,44.32084999999998,47.657083333333496,57.49861666666661,73.76741666666668,88.23606666666659,87.32843333333349,77.18543333333331,72.86581666666675,67.47268333333336,58.56720000000007,51.79288333333332
2024-10-19,38.609466666666584,31.355383333333325,27.146599999999964,32.30198333333333,41.59424999999999,53.882649999999984,61.627850000000024,55.6842666666666,44.46951666666666,35.275766666666655,31.635466666666687,23.823250000000023,19.877283333333306,21.243683333333333,26.78116666666666,40.12386666666666,61.355,79.09808333333336,79.79681666666684,72.54614999999991,72.4631666666667,65.4872500000001,55.84975,47.20011666666673
2024-10-20,24.487799999999986,18.793133333333323,13.994183333333327,15.533466666666646,19.92958333333335,24.789283333333312,28.620049999999985,22.66353333333332,14.060816666666652,8.026766666666663,6.652566666666655,-1.3347499999999997,-8.278099999999995,-6.869350000000005,2.544649999999997,14.171633333333288,36.742966666666696,55.97463333333324,61.84696666666667,58.4337833333334,62.182866666666584,55.588850000000164,43.435516666666715,34.020750000000035
2024-10-21,14.454266666666669,10.683683333333363,8.693350000000013,13.862633333333308,29.80248333333328,52.98819999999998,64.03074999999994,58.4443833333334,47.551683333333436,39.62519999999997,36.19611666666666,31.83076666666665,29.68696666666666,32.322616666666654,37.062616666666706,48.31879999999985,66.07896666666662,86.63238333333331,84.36654999999998,76.13860000000018,70.3136166666668,64.80350000000013,55.09774999999994,48.33186666666658
2024-10-22,69.71564166666658,64.25688333333339,60.385649999999984,68.04295833333325,81.5277916666667,99.85365833333367,110.46721666666654,101.98788333333334,90.69349999999991,83.23946666666673,78.81752499999993,72.25972499999996,68.2761750000001,69.34231666666666,73.36752500000003,81.55714999999995,98.24756666666663,114.19789166666672,107.87733333333337,98.48375833333353,92.80725833333332,85.3419749999999,76.0124416666666,67.10202500000011
2024-10-23,72.29835000000003,66.5810750000001,61.81104166666662,67.54346666666659,79.59745000000011,97.77112500000014,108.79396666666645,100.24820833333332,88.07424999999995,80.01084166666666,74.55525833333328,67.68010000000002,62.317283333333336,62.39068333333324,65.46552500000008,75.22750833333335,93.62365833333334,111.23963333333357,103.63677499999993,95.17069166666677,91.0392833333333,81.90654999999992,70.79910833333322,61.24154999999999
2024-10-24,56.93561111111115,50.696616666666664,45.65724722222225,52.787805555555536,67.20686944444445,83.7726055555556,94.9264555555555,90.1934583333333,79.64075277777778,71.73928055555557,66.38907499999999,58.834552777777816,54.63671111111112,55.61181666666663,58.22360277777783,69.98132222222212,88.0584472222221,104.33096388888887,100.03948333333322,89.31602222222244,83.97349722222238,77.06429999999996,66.73537222222215,57.99541944444455
2024-10-25,35.521533333333316,28.546316666666627,24.700658333333326,34.494262499999984,51.69985416666671,70.66634583333338,81.97069583333327,75.98157499999994,65.91961249999999,58.089958333333286,53.909729166666715,46.39020833333334,41.500675000000044,42.683937500000035,47.54427083333344,60.2800125,79.3465291666667,98.62394583333321,94.90412500000006,84.33562083333352,79.6002416666667,72.93544583333332,61.73537499999995,52.56717500000002
2024-10-26,50.521900000000045,45.65786666666672,40.68511666666667,44.073949999999904,49.95861666666671,56.298249999999875,62.443083333333355,56.20136666666661,48.15643333333333,41.031950000000045,38.31914999999998,29.894766666666655,25.01838333333331,25.095783333333376,29.128833333333343,41.555283333333335,60.46506666666663,77.53691666666668,82.16825000000006,78.21050000000004,78.26371666666664,71.82900000000006,60.85091666666662,52.77153333333326
2024-10-27,61.98086666666663,54.97459999999999,49.97483333333335,51.92363333333326,56.40991666666666,61.90496666666661,66.1759999999999,59.41348333333339,48.18386666666664,40.08058333333335,36.247650000000014,27.608833333333337,22.381366666666665,25.01413333333332,31.982266666666685,44.28218333333336,63.10298333333328,80.94340000000003,86.26149999999987,85.58783333333321,86.61971666666668,79.9965166666666,68.96596666666674,59.49058333333337
2024-10-28,77.77281206349203,72.55872015872998,68.66341746031748,75.68285523809523,89.32819412698404,105.62711095238116,114.10566428571423,104.36302634920617,93.06384222222218,85.93688761904754,81.26600428571427,75.01819333333337,72.39942682539693,74.25408269841265,78.76349349206359,88.69640809523807,105.62426730158722,122.29998492063501,121.81360793650815,112.56765412698432,104.93585285714283,95.2216146031745,87.87110920634919,79.70844428571431
2024-10-29,74.94338281746023,69.65566214285714,64.70404587301584,71.91943785714273,85.37337865079367,103.67163682539683,113.3815283333331,106.643580515873,95.02333353174603,87.74422345238075,83.20416087301595,76.57075047619053,74.08587845238098,76.42670865079361,81.63119460317463,92.29445154761903,110.71541765873008,128.16910563492067,121.54301972222245,110.21490123015877,102.81458801587303,94.16891023809498,86.23172857142853,77.38596880952379
2024-10-30,68.49204374999995,62.3353446428571,56.97715238095242,62.904801190476185,76.33944047619055,94.83157023809521,106.71887886904749,101.32711309523799,91.77017499999978,84.72291279761913,79.93591666666666,73.30821488095249,68.66925803571436,69.56032261904762,72.64859136904771,82.28551190476186,100.8435458333333,119.72935267857152,114.76329226190484,102.63729166666685,95.27313928571428,86.4794491071428,76.80161934523801,68.25009047619048
2024-10-31,73.0400694444445,68.26538055555552,64.08284999999988,68.34317777777767,79.78673333333334,96.14168888888894,106.72237777777764,100.72275277777773,90.03496666666652,81.77832499999994,77.35116944444441,71.43266944444453,68.09012222222229,69.42876111111114,72.3388611111112,81.51385555555551,97.8942277777777,116.38073888888906,113.04130833333336,101.69564722222246,94.17400000000006,87.84182777777752,78.89933888888878,71.715563888889
2024-11-01,81.87343611111113,76.15321111111108,70.4169277777778,74.54283055555538,85.31417777777776,98.1957166666667,106.82980833333323,101.02450555555559,90.71593333333338,83.37734722222221,78.81993333333334,71.42959444444452,67.53710555555556,70.51553055555547,75.31255000000016,87.5274805555556,104.2672527777778,120.00975555555583,116.9959305555556,107.98890277777792,102.22081666666675,93.77519444444434,84.89119722222213,77.1597361111112
2024-11-02,81.47193333333344,74.49778333333329,69.12500000000009,75.34895000000009,86.82575000000001,100.31038333333332,107.57733333333321,98.52071666666657,85.63610000000004,76.84058333333316,70.89476666666668,63.342866666666694,59.92723333333344,64.10121666666659,69.47810000000011,81.97361666666666,99.86656666666659,116.58196666666659,115.62199999999983,108.70295000000014,102.39426666666687,92.90534999999987,84.54194999999996,75.80928333333344
2024-11-03,85.33593333333343,79.53604999999993,74.79603333333336,79.87141666666668,88.22451666666667,100.69154999999994,107.32128333333333,98.3882500000001,85.62973333333345,76.88889999999994,72.42771666666674,65.94978333333337,62.90614999999999,66.63401666666658,72.75293333333347,85.68175000000002,103.19571666666658,118.43720000000003,119.16691666666661,114.81540000000001,108.44756666666702,99.19886666666648,92.53393333333335,84.86360000000005
2024-11-04,82.30066904761905,76.7103130952381,72.05507619047636,78.14478333333332,90.78965714285711,107.30459523809529,116.86241190476176,108.9936476190475,97.04187976190471,89.3033559523809,84.6594261904763,78.64633571428567,75.00877023809528,76.74438333333337,80.5268726190476,92.05912499999997,110.24140833333327,128.73643452380963,126.14326547619042,116.62661309523828,108.62709880952387,99.64214404761881,92.6449511904761,84.75707261904763
2024-11-05,91.88826666666655,87.1128166666666,80.33266666666667,86.44529999999986,99.32449999999987,116.81076666666685,128.15564999999984,127.58411666666674,118.95133333333358,110.6998999999999,105.27495,100.2970166666667,97.34326666666662,100.08806666666672,104.27455000000023,114.90205000000005,135.17958333333345,149.47543333333348,140.97021666666652,126.60033333333331,115.80115000000018,106.87048333333315,99.76253333333345,91.44518333333333
2024-11-06,104.19249999999992,100.43344999999985,94.75384999999994,97.69683333333343,112.49749999999997,132.46596666666662,144.72606666666664,142.82146666666674,134.69663333333352,125.74988333333349,120.56896666666675,114.5482666666666,111.42501666666641,115.36346666666681,119.90171666666681,131.5310333333334,154.9458333333333,173.0472333333334,166.48916666666673,149.01670000000013,132.64655000000022,121.30959999999988,114.25213333333319,105.90801666666678
2024-11-07,100.20247916666672,96.17829999999971,90.68508750000002,93.6944541666667,106.66283749999981,123.83305000000003,134.25616666666656,133.7168916666667,125.27316666666697,117.24330416666649,112.2269458333334,107.33952916666645,105.47125000000005,106.81978333333365,110.67745000000012,120.07532083333341,139.6790958333333,158.83151249999977,153.1175375,136.80725833333312,123.10233750000046,113.63802499999969,107.38831250000008,98.78850833333324
2024-11-08,93.41623333333338,89.05023333333315,83.12283333333335,86.59741666666658,97.40024999999986,114.2581999999999,124.6979499999998,121.5564666666667,111.4202000000003,102.70091666666664,97.64613333333327,92.12348333333331,89.01688333333337,91.39068333333337,96.5804333333336,107.89770000000016,125.96765000000002,147.62253333333334,142.50333333333342,128.43763333333334,116.26841666666706,108.1713999999997,100.86083333333339,94.04635000000006
2024-11-09,94.94322083333334,90.50087500000004,85.51300833333354,89.92939583333332,101.43145416666664,117.15262083333334,125.54955416666657,120.6430833333334,111.08352916666682,103.70726249999974,99.10692083333336,93.3450666666666,91.45205833333327,93.8805249999999,98.63892083333356,110.16141666666685,127.92518750000005,145.6531750000001,141.09493333333342,127.90465416666659,117.63600833333352,109.44392916666656,103.37995000000002,95.54774166666658
2024-11-10,97.34709999999997,93.32596666666666,89.16028333333341,91.9717833333333,102.17111666666663,114.91513333333324,121.61843333333323,116.28139999999992,106.79291666666671,99.83046666666661,95.58956666666671,90.13308333333329,86.96476666666666,89.68601666666665,95.62926666666675,106.52650000000023,123.8878833333333,139.71995,138.77373333333333,129.02505000000016,120.2460166666669,111.16576666666651,105.57538333333326,97.88926666666664
2024-11-11,95.58561666666654,90.80153833333327,85.3645333333333,89.77640833333334,100.9756283333333,115.16290000000004,123.2652166666664,118.20110999999976,110.20326000000001,103.32488499999995,99.01936833333336,94.21533333333328,90.86368833333337,91.7650500000001,94.8829933333334,105.16423666666661,124.61293499999985,140.00769999999986,137.9960066666668,127.26543500000007,117.15554666666668,108.42653666666648,102.48458666666664,94.13818999999998
2024-11-12,85.39799999999995,79.64028333333337,72.95343333333344,77.69629999999997,88.34236666666658,106.56476666666671,119.98583333333319,119.21271666666672,110.92781666666679,102.3778666666665,97.54511666666686,92.20035000000003,87.59768333333332,88.91781666666678,90.04815000000009,98.75003333333333,118.3061833333332,132.16793333333325,129.75849999999983,118.23408333333333,107.95655000000009,100.61138333333314,91.88974999999996,85.36931666666666
2024-11-13,95.32194999999996,92.20343333333335,86.4535833333333,88.22728333333322,98.7941166666665,116.03354999999996,130.7780333333334,134.1648000000001,127.77201666666677,120.01411666666667,114.65271666666662,110.74286666666661,107.1677,111.32726666666652,115.07040000000018,123.96246666666654,142.77989999999997,154.2487500000001,146.0895500000001,130.63771666666673,118.72053333333339,112.1138499999999,104.1389166666667,97.56091666666671
2024-11-14,99.79243888888911,96.85137777777796,91.49917222222237,92.24392777777776,101.86377777777773,119.10711666666684,133.48677777777755,137.98841111111102,132.5657944444445,123.45952777777767,118.20362777777804,113.56773333333318,109.01764444444437,113.21242222222237,119.32089444444472,127.03897222222231,146.2598444444446,159.35069999999996,150.59062222222266,134.56995000000015,121.827816666667,115.07583333333304,107.57598333333358,100.03783333333335
2024-11-15,105.7040833333334,102.71535000000013,97.84491666666673,98.71423333333306,110.01891666666643,126.41330000000012,141.00858333333315,147.45856666666657,143.39456666666646,136.58848333333347,132.20073333333346,126.64446666666673,122.64281666666665,126.80254999999997,133.08004999999991,140.53210000000007,157.4046833333331,165.7311833333335,159.35373333333365,144.66916666666688,132.52818333333337,124.5498833333332,116.59213333333368,110.15313333333314
2024-11-16,100.03243333333336,97.11633333333346,91.63581666666687,93.4220333333332,103.77481666666662,117.54125000000018,128.0377833333334,131.6828999999997,126.36625000000015,118.69219999999984,113.87441666666683,109.12776666666656,104.81219999999995,108.62691666666686,113.35265000000014,122.46709999999987,138.0207666666665,148.88866666666678,144.23773333333378,130.7565166666666,119.64423333333349,113.29029999999977,106.13353333333333,100.06621666666653
2024-11-17,91.5893666666667,87.42336666666672,80.47721666666668,83.39329999999993,92.99773333333337,107.99581666666667,121.1389999999999,123.85571666666661,118.42831666666663,110.96993333333315,105.68473333333338,101.08036666666649,97.44275000000005,100.58870000000003,105.27806666666694,114.55033333333336,131.82750000000001,143.17128333333335,136.7766500000003,123.07198333333314,111.92038333333355,106.57468333333314,99.81068333333327,92.9723833333332
2024-11-18,87.22353333333322,82.75079999999993,74.43711666666664,75.71614999999991,86.41431666666669,103.5533833333333,117.69488333333322,120.08778333333326,114.25415000000008,105.12481666666667,100.06693333333331,96.17688333333324,91.50405000000009,93.93871666666668,98.4112666666669,106.49703333333349,125.27908333333316,139.26701666666642,133.48991666666666,119.13943333333324,109.12425000000006,103.05649999999982,95.94368333333335,89.10666666666653
2024-11-19,78.32901666666669,72.46043333333347,64.8280499999999,64.85894999999995,75.6493666666666,97.3689000000001,116.34743333333344,123.03060000000008,117.3598500000002,107.47646666666638,99.5776333333333,93.81668333333329,88.75440000000002,91.83773333333343,94.39466666666677,104.15578333333363,123.30073333333331,135.48821666666637,127.10718333333328,112.56428333333325,99.49650000000018,93.24603333333309,81.53525000000002,69.49828333333339
2024-11-20,88.68482916666659,85.45645833333344,78.7095208333333,80.2163208333332,91.53138333333327,110.64489166666668,129.0555166666667,134.8714291666667,129.57599583333354,121.77443333333349,116.34815833333334,111.67853749999978,107.05137500000005,111.46927500000008,115.54075833333343,122.95017916666669,141.61277500000017,151.008875,143.83446666666683,127.88664166666672,116.65367916666678,111.16362083333328,102.99849166666664,96.13006666666664
2024-11-21,92.51984999999989,88.61542222222228,82.19414444444446,82.75965555555541,92.22320555555545,109.66274444444474,125.91592222222219,135.3957611111111,131.20188888888887,122.11929444444436,116.80390555555569,112.38779999999977,108.38826666666678,111.96974444444449,116.22352222222229,124.14352777777785,141.28308888888878,147.71654444444417,139.46412222222207,125.34260555555578,113.88420555555577,108.19943888888866,98.50650000000022,90.44363888888864
2024-11-22,93.5452,89.48840000000015,83.23023333333332,83.67766666666658,92.79456666666658,110.5963166666669,126.34091666666663,134.00833333333338,129.09373333333323,119.56453333333316,112.93198333333339,108.52369999999992,104.90571666666673,107.68945000000006,111.39170000000009,119.03078333333323,136.46311666666662,144.4898833333332,137.4584999999999,124.66890000000014,113.85955000000017,108.42001666666647,99.68403333333353,92.90689999999994
2024-11-23,90.23847777777769,84.90471111111113,77.9352055555557,76.48958888888886,87.56257222222216,103.69255555555567,120.87751666666661,125.9799944444444,120.33079999999997,109.09769999999968,101.4519944444444,95.55948333333332,89.74524444444438,92.65345555555568,95.84148888888906,105.85434444444438,126.00335555555534,135.56826111111116,126.51506111111121,111.81586666666665,100.68866111111124,95.8295666666666,86.7034555555556,78.58944444444445
2024-11-24,15.371650000000018,11.699683333333331,8.024950000000006,10.162933333333317,21.346766666666685,41.832683333333335,62.72406666666673,69.53195000000008,64.61228333333344,57.28459999999992,53.70819999999994,49.82669999999999,46.58851666666663,51.50228333333329,54.73134999999988,59.97935000000013,78.56353333333313,93.08019999999999,93.43361666666677,80.96046666666668,71.43721666666656,68.36500000000001,58.41283333333335,47.8301999999999
2024-11-25,9.790833333333348,7.333933333333324,5.307049999999993,8.333933333333315,19.794833333333383,48.115383333333305,67.24920000000002,70.88163333333357,65.93030000000014,56.90168333333317,52.75888333333331,49.298933333333316,49.16238333333329,53.90538333333324,58.88078333333336,67.9969666666667,86.60241666666658,103.02553333333317,104.2140000000001,90.43623333333348,78.96615000000004,77.26726666666673,68.29515000000005,62.89978333333339
2024-11-26,79.59729523809513,75.7010357142859,70.38728190476193,73.05845142857136,84.77136333333316,103.22476619047654,117.66027285714274,119.14825619047612,112.7968914285714,103.87023857142854,99.22077238095234,94.52083380952367,89.66064000000001,93.12910380952364,97.24535238095267,105.43684095238089,122.51538476190484,133.37326952380954,125.9234099999999,113.35618714285701,104.05984857142852,98.10513428571414,90.0433614285714,84.91278047619052
2024-11-27,88.46055000000008,81.90848333333354,74.01454999999989,74.47378333333333,85.24468333333313,106.4163833333334,122.61833333333334,128.07805,122.60381666666693,112.84159999999984,105.97146666666683,101.79318333333332,97.43598333333321,99.89106666666666,103.30741666666682,110.4876,130.16326666666666,141.165833333333,134.2441333333334,120.69434999999986,109.03276666666687,103.3611666666664,93.0296000000001,84.27498333333327
2024-11-28,65.33379999999997,60.09907444444445,56.59739999999998,60.38546444444443,73.21414999999992,91.90979666666668,106.36973666666647,109.0803599999998,103.00623555555556,95.60848888888883,90.37527777777777,84.00333,80.4251833333334,83.86568888888874,87.25557222222238,96.01865666666659,112.41082666666664,124.48197555555562,120.63261333333334,106.98253666666676,97.6635355555556,92.83536111111097,84.64072666666654,77.71960444444451
2024-11-29,99.46733333333317,96.23863333333344,90.2467833333334,90.25886666666663,100.20396666666636,119.03001666666673,133.92750000000004,138.11899999999997,131.62910000000002,123.06740000000008,116.54863333333351,113.37411666666657,109.0896833333333,112.24776666666672,116.56173333333356,123.38079999999985,141.24828333333323,152.5532833333332,145.92305000000013,131.15798333333333,120.5741833333333,114.52608333333313,105.79606666666676,98.78196666666653
2024-11-30,92.13356111111102,88.83539444444452,82.14202222222225,84.08718888888872,92.3804222222222,108.25110555555595,121.47512777777762,126.87756111111116,121.36304444444477,113.70817777777762,108.17676666666675,104.00184999999996,101.24692222222203,104.85622222222239,109.4070388888891,116.63933888888889,132.6033111111111,142.65635555555534,135.0957499999999,122.54487777777793,111.60347222222244,106.58399444444431,97.51465555555565,91.27305000000015
2024-12-01,92.73443000000013,89.43917000000015,82.9264266666667,82.39521666666661,90.6624166666667,104.40780333333352,116.5939999999998,119.75562666666639,113.74644333333345,105.51547333333323,99.37865499999998,96.01023999999998,91.51553999999993,94.92898333333319,100.9111083333335,108.02365833333356,124.39559166666669,136.52798999999993,130.22605999999993,117.9829950000001,108.34079833333364,102.25374666666647,92.93601833333315,85.38754000000002
2024-12-02,74.79137407407407,69.863362962963,63.26719629629634,66.23259444444439,76.72569259259245,94.69733518518524,109.6448277777776,111.36731111111088,104.73977592592595,97.08296481481467,91.13436111111105,85.75812962962966,82.28756296296294,85.07587962962958,88.92522222222227,97.42886481481489,114.71089629629614,126.30200740740736,121.40847222222219,109.45329074074075,100.57966666666684,95.04861296296285,85.92290740740721,78.53022222222222
2024-12-03,96.20439166666678,93.12617500000009,88.24928333333355,88.92873333333314,97.83567499999982,114.5652166666667,131.53204999999986,139.76031666666663,135.37802499999984,126.02254166666665,120.75913333333328,116.41740000000006,113.38008333333325,118.1339916666667,125.3015166666668,133.31344166666642,152.03350833333312,159.0123666666665,149.5633666666666,133.3917500000004,121.75276666666674,116.61260833333331,108.19127500000029,102.05989999999996
2024-12-04,116.9474083333332,112.9715000000001,106.32408333333325,105.84659166666664,116.59914166666674,139.25835833333315,160.36524166666644,175.5770666666663,176.3881583333331,167.5750833333337,162.03454166666663,150.85466666666684,143.97031666666624,147.47586666666683,152.24889166666642,162.74044166666684,184.88539166666632,192.3014,181.22092500000014,161.5840416666668,145.98096666666655,138.62315000000018,128.7852916666668,123.65275833333335
2024-12-05,99.12043333333332,93.68981666666674,85.79431666666659,85.59324999999983,97.61911666666639,123.56996666666663,144.2506500000001,156.39981666666674,152.45270000000016,140.49361666666667,134.39783333333335,126.74255000000007,119.27543333333323,119.6141499999998,122.0639666666668,132.30209999999997,155.10946666666652,167.00551666666647,155.96373333333347,136.13081666666668,121.57470000000004,114.30011666666645,100.99489999999997,90.75768333333333
2024-12-06,34.05819999999986,30.014433333333304,23.34999999999998,25.908083333333305,42.6994666666667,76.61951666666654,103.58438333333346,115.8648833333333,113.18759999999985,103.64639999999979,100.33559999999979,92.49069999999988,88.2100833333332,91.89773333333322,94.85498333333346,103.58035000000001,124.82991666666653,137.94836666666666,130.94383333333326,116.20485000000004,102.7808166666666,98.04448333333333,84.04514999999984,71.2087000000001
2024-12-07,71.85548333333331,64.17823333333358,53.91883333333325,52.194933333333346,65.26409999999989,87.9798333333334,109.58951666666663,114.17684999999987,109.79511666666666,98.53553333333308,89.61828333333341,84.19208333333333,78.03341666666662,80.46499999999988,83.26071666666687,94.89923333333341,116.1530666666667,127.8277499999998,120.4246,106.27939999999973,93.86805000000001,87.72086666666651,74.75078333333316,65.86405000000002
2024-12-08,12.981366666666695,9.723149999999995,6.395949999999989,6.887633333333327,13.378750000000014,27.83268333333342,46.561183333333354,54.088683333333385,53.51333333333342,47.40764999999992,44.31233333333334,41.86166666666666,38.371983333333255,42.60123333333328,46.17819999999985,49.447016666666784,62.59645000000002,75.34438333333331,75.84173333333335,65.4186666666667,56.8407833333332,55.36639999999999,46.68139999999992,39.445933333333265
2024-12-09,41.55466666666658,38.55288333333335,33.723333333333336,36.2569666666666,47.291533333333355,72.96300000000002,90.69026666666663,96.97004999999992,91.03351666666678,82.33116666666679,76.60683333333313,71.79411666666658,68.80749999999996,70.83276666666656,74.67511666666672,81.13676666666656,94.67368333333341,105.2468666666667,106.7186666666666,94.02793333333328,82.59510000000004,81.76353333333341,73.23994999999998,66.09778333333333
2024-12-10,87.99252222222212,84.10093888888882,78.15813888888891,78.80956666666661,89.17842777777759,109.19037777777798,129.2456333333335,136.9690222222222,131.11728333333323,120.57532222222228,115.59358333333334,110.42852222222204,106.28061111111087,110.14395555555564,115.40512777777772,123.88302222222194,142.20719444444427,150.42476111111077,143.54969999999975,127.97097222222229,116.50775555555563,111.50211111111115,102.25988888888897,95.58234444444446
2024-12-11,115.35363333333339,112.0727,104.71398333333337,105.16976666666663,117.153,141.23753333333315,162.65154999999987,174.75671666666668,170.33801666666656,159.2964,150.98503333333355,143.42456666666683,137.49346666666654,140.23988333333335,144.2294666666667,152.0287666666666,173.98676666666688,186.3747333333332,180.72918333333382,160.62981666666644,145.90673333333325,137.58606666666682,126.9871833333332,120.22715000000008
2024-12-12,135.13241666666656,130.75214999999994,123.8301833333332,123.80060000000003,135.97988333333348,161.58663333333325,187.99861666666652,208.68919999999997,206.07243333333307,192.59670000000017,186.42316666666665,173.87341666666683,166.20989999999992,169.14456666666683,174.20164999999997,187.4219000000002,213.8003499999994,221.2421499999998,209.64433333333307,183.00455000000025,165.53470000000016,157.31640000000036,146.82805000000005,142.12251666666694
2024-12-13,139.02538333333345,134.50631666666652,128.0783833333329,128.70748333333322,140.79621666666648,164.94343333333325,196.01671666666695,221.5256000000001,215.21629999999956,198.74438333333325,195.3995166666666,182.84519999999975,174.47508333333337,176.41338333333363,181.58860000000004,199.16050000000024,228.02574999999925,235.2314166666667,221.0041499999995,191.29828333333384,171.22815,161.58460000000017,149.8193499999999,145.43001666666703
2024-12-14,121.12336666666663,116.23163333333324,110.01734999999957,111.05903333333328,124.04836666666682,148.02236666666653,176.1571166666665,203.8785666666664,203.4109833333336,189.06458333333347,183.58571666666654,171.9613000000002,162.92789999999988,166.63503333333324,174.5456666666663,191.77978333333365,221.2497166666661,220.42098333333337,202.40138333333323,173.11476666666718,154.1428000000001,145.2040999999999,133.3219166666668,129.44485000000037
2024-12-15,79.85663333333345,76.16415000000006,67.00311666666664,66.80218333333336,78.76518333333325,95.98918333333356,111.95561666666663,115.59928333333305,111.37839999999989,104.69528333333325,99.35393333333327,94.88636666666659,90.94924999999992,92.59701666666656,97.47003333333362,107.89576666666699,124.9367833333334,138.1457499999999,131.98076666666668,118.40958333333336,109.6962666666667,105.00826666666634,94.76813333333324,85.90131666666667
2024-12-16,27.942283333333254,24.991633333333265,20.262666666666647,23.584066666666626,38.199383333333344,66.38245,88.94575000000013,99.45640000000016,96.77429999999995,88.2016666666666,84.17846666666668,77.26274999999991,74.37449999999994,78.03549999999996,82.04044999999996,92.03381666666664,112.17789999999974,126.28845000000014,123.98751666666668,108.13471666666673,97.29776666666666,94.1101999999998,83.25351666666666,74.52235000000005
2024-12-17,57.158733333333224,52.96538333333333,45.53889166666662,47.89907500000001,59.137449999999966,80.59663333333336,99.97945000000006,107.3740583333335,104.50751666666667,96.55304166666656,90.7835166666665,84.57627500000007,79.81672499999995,82.40087499999993,85.88545833333347,94.53200833333328,111.08731666666647,122.38908333333319,118.66362499999998,105.61488333333324,95.28160833333357,90.98858333333324,80.91962500000007,72.43055833333342
2024-12-18,61.85223333333332,56.2540000000001,48.31793333333322,47.220350000000074,57.4286666666666,78.89533333333328,98.55069999999999,104.75470000000011,102.41071666666679,93.22853333333325,88.35196666666646,81.96983333333338,76.28879999999994,78.52353333333328,79.30690000000024,88.52413333333337,106.7108666666666,117.80264999999984,112.31026666666675,100.54861666666659,88.59481666666667,82.91816666666668,70.95139999999996,60.38035000000012
2024-12-19,17.103799999999982,14.03786666666665,9.565666666666663,10.921599999999986,21.943350000000063,47.51256666666663,73.54136666666673,85.23663333333364,82.99153333333334,73.60949999999988,67.99478333333329,63.76666666666665,60.74443333333324,65.54959999999987,69.58498333333326,75.80233333333341,93.79546666666646,106.62788333333326,107.54383333333338,93.76660000000003,80.73533333333314,77.52809999999991,66.94166666666672,58.35376666666673
2024-12-20,38.543566666666536,34.40407222222222,28.678238888888835,30.531972222222223,42.70925555555554,68.52780555555557,93.16654444444475,102.75491111111118,100.54225555555549,91.20158333333323,85.9741944444443,79.69182222222234,75.47701111111107,77.56874999999994,81.79265,90.05620555555551,106.33542222222191,116.82980555555542,111.46248333333324,98.31623888888898,87.17346111111112,83.6415666666665,72.83208888888875,65.39452222222235
2024-12-21,37.46171666666666,32.13743333333332,24.790200000000006,24.754733333333302,35.408966666666664,57.15001666666663,77.22166666666672,85.6883333333335,83.01116666666678,75.3508499999999,69.54065000000003,64.70153333333344,60.04541666666651,62.66466666666666,65.48003333333334,70.22473333333326,83.86031666666659,92.85273333333329,89.85823333333317,79.86940000000011,68.86583333333331,63.642233333333216,52.383849999999946,41.23516666666676
2024-12-22,11.627066666666655,8.520933333333332,5.463499999999997,4.749166666666651,9.870466666666667,18.890466666666736,31.769966666666722,37.796300000000016,41.07810000000008,37.358199999999925,35.34563333333338,33.84098333333337,30.305366666666572,31.55691666666655,33.41385,36.43231666666665,47.12651666666671,58.68363333333328,58.8326833333333,49.548716666666614,43.42994999999991,42.55843333333331,33.147399999999855,27.03245000000003
2024-12-23,16.79688333333336,13.488033333333322,9.610449999999988,9.793616666666662,18.687600000000028,38.81748333333332,58.366816666666686,64.33481666666682,62.93401666666681,56.38261666666663,52.329183333333425,49.148449999999926,45.652249999999896,48.13843333333337,53.173333333333254,58.63321666666668,71.35766666666665,83.08494999999976,80.49963333333314,70.29765000000008,62.41466666666665,60.3234833333334,52.75944999999989,46.85026666666666
2024-12-24,80.74388888888878,76.41510555555557,70.85826666666675,74.33284444444443,83.98337777777782,101.65484444444472,117.69028888888883,120.39759444444434,113.12567222222235,103.94964444444419,98.99160555555562,93.47497222222209,89.0397611111112,92.79393888888899,97.65917777777787,106.67469999999997,123.92033888888865,136.97333333333341,131.44301111111088,117.38659999999994,107.77319444444458,101.88292222222212,94.09366111111109,87.44052777777783
2024-12-25,79.64894999999986,75.3344166666666,70.31739999999992,71.15169999999998,79.95191666666658,92.90390000000004,104.14114999999987,104.41281666666646,98.27051666666668,91.65691666666667,86.76753333333326,83.04883333333343,79.2887833333334,80.63066666666661,83.66855000000012,91.6117500000001,105.8079500000001,118.40280000000011,113.9705833333333,104.1978666666667,96.8859500000001,91.30876666666643,81.4594666666665,74.46538333333325
2024-12-26,89.47613333333328,85.86051666666667,80.31719999999997,81.37343333333328,89.48176666666657,102.2955666666668,113.02188333333322,115.037783333333,110.43853333333325,103.4155333333333,98.96871666666672,95.56028333333326,92.18513333333343,93.91523333333342,98.7030333333334,106.78273333333341,121.7208833333334,132.93300000000022,127.92668333333341,116.85330000000002,108.43718333333348,103.13346666666637,95.04756666666663,88.69033333333329
2024-12-27,98.28107083333319,95.12783333333341,90.21799583333338,90.57547500000001,97.33062916666651,111.08578750000008,123.42904999999978,129.70805833333335,125.09345000000016,117.49626249999989,111.70728333333342,108.98135000000002,105.66105416666672,108.90852083333341,114.7651208333333,121.80779583333351,137.83003333333303,147.58757500000004,141.5085250000002,128.1458458333334,117.62965416666715,113.6275041666665,105.59444583333322,99.0081583333332
2024-12-28,105.26038333333331,102.88578333333328,97.75108333333333,98.06646666666681,106.27833333333338,120.44581666666663,133.0802333333332,138.8486666666667,134.10830000000016,125.34938333333326,118.8519333333334,115.04456666666651,111.7927499999998,114.09661666666669,118.79980000000023,127.96425000000018,146.17021666666665,156.08169999999996,150.65571666666673,136.16026666666676,124.35923333333336,119.66903333333312,110.34475000000006,104.79823333333333
2024-12-29,106.77771666666646,103.66080000000024,99.09918333333307,98.44351666666685,104.86741666666687,115.12603333333318,127.0612833333334,130.98601666666653,127.95678333333369,121.0048833333335,114.43091666666693,110.57800000000024,108.4434500000001,110.70403333333289,114.66646666666648,123.2705166666666,141.18765000000016,149.94155000000026,144.80765000000034,131.90510000000043,122.4746833333336,118.30303333333322,109.6409500000003,107.58116666666659
2024-12-30,100.98177708333297,97.85315624999993,92.97256249999975,91.99737500000037,96.67472500000005,105.53283541666691,117.41833749999978,125.47572708333307,124.76723958333378,118.90550208333352,113.25960416666686,110.01719166666669,107.65703333333329,110.26353958333301,115.34944583333352,124.2459020833332,139.6015354166665,145.06747083333346,139.28941250000028,126.65759999999995,117.24186458333318,114.78280208333305,105.66404166666676,101.88365208333352
2024-12-31,104.34449999999987,101.11418333333349,95.64256666666665,94.17333333333333,102.33803333333323,116.30291666666666,130.44236666666686,139.09096666666653,135.2239333333332,126.23409999999981,120.35593333333345,116.00068333333334,111.37758333333322,113.77596666666668,118.89629999999997,127.05488333333328,144.16918333333314,152.3783166666669,146.6930000000002,131.37348333333352,120.00768333333333,115.27393333333322,106.10823333333342,100.48941666666663
2025-01-01,28.309049999999953,23.58798333333331,16.92381666666664,17.67574999999996,29.01843333333334,48.7484666666667,68.74181666666664,76.67370000000017,74.03430000000009,67.5285000000001,63.377333333333155,58.39678333333343,53.48406666666667,55.58756666666662,59.22006666666662,66.61360000000002,84.43574999999991,96.41006666666657,92.95458333333336,81.85713333333341,71.81291666666665,67.16709999999996,55.69910000000002,43.47706666666669
2025-01-02,15.98996666666663,13.283216666666627,10.41698333333333,13.321633333333306,25.109366666666673,51.937000000000054,78.77783333333343,88.10098333333355,84.76118333333338,74.55018333333341,71.45109999999981,67.40766666666667,65.31625000000011,68.13508333333324,74.4363833333333,85.64138333333327,104.39858333333326,117.72173333333325,116.30898333333326,101.69408333333348,89.53868333333331,87.91391666666674,76.79009999999987,71.19190000000002
2025-01-03,97.90818333333317,94.93041666666642,90.17863333333308,90.94313333333304,99.75029999999975,116.24701666666651,136.35304999999997,149.5979833333332,146.59864999999985,136.19081666666662,130.78635000000014,126.51683333333317,122.68068333333326,127.24396666666655,135.08934999999994,146.52926666666653,168.40784999999994,172.5847999999999,159.3497500000001,138.8064666666669,126.20098333333326,119.97491666666689,110.49521666666669,103.00201666666668
2025-01-04,97.6142333333334,93.93376666666663,88.06664999999975,86.04911666666666,93.08711666666643,107.86790000000028,122.33009999999977,131.50659999999982,126.86230000000027,118.16028333333335,110.10231666666667,106.00259999999992,100.74513333333319,102.57981666666655,106.64065000000022,115.68736666666642,131.5408666666665,139.34430000000017,131.3767833333333,117.21701666666671,104.07495000000017,102.30098333333328,94.18971666666667,81.37476666666663
2025-01-05,85.41641666666652,77.77693333333352,68.27023333333314,63.40045000000009,72.32131666666648,88.35444999999989,104.26053333333327,111.68038333333332,106.05936666666685,95.10188333333322,83.41144999999997,80.85398333333329,74.69054999999994,75.8709833333332,76.42823333333352,87.81016666666677,107.26818333333347,116.85213333333309,109.0640166666666,95.95064999999997,82.87284999999997,78.28073333333323,65.59156666666668,53.286283333333486
2025-01-06,15.387383333333343,13.004083333333323,9.526066666666669,9.813449999999984,18.731733333333377,40.65910000000001,68.73828333333326,80.1595833333335,78.64786666666681,69.81671666666674,66.15569999999988,64.04245000000002,61.697250000000025,64.25653333333328,69.75109999999997,77.63126666666655,95.05055,105.69361666666687,104.33805000000007,91.28546666666668,80.25749999999992,77.78871666666653,68.52050000000004,58.53801666666665
2025-01-07,17.20743333333333,14.277949999999954,10.403016666666666,10.90538333333333,20.16516666666669,42.963933333333344,68.85045000000011,79.26586666666695,77.09588333333349,68.51193333333339,64.21488333333328,61.1928666666667,58.44591666666663,61.04208333333331,67.11908333333335,75.45493333333332,91.62751666666641,103.38273333333325,103.28268333333327,90.72978333333359,80.23466666666673,78.44539999999994,69.60068333333336,62.07958333333331
2025-01-08,71.68140000000004,66.92698333333341,60.66131666666666,62.75419999999986,72.51391666666656,88.71141666666692,104.0022333333332,103.50318333333318,96.24881666666656,87.42998333333324,82.51540000000001,78.04414999999993,73.06628333333335,75.31468333333324,79.99195000000016,86.67376666666668,102.35089999999992,114.66833333333341,108.07828333333335,97.50039999999979,91.14868333333334,85.58449999999993,73.78131666666665,65.13221666666666
2025-01-09,67.11437222222219,61.317955555555585,54.013244444444446,54.4521055555556,64.34441666666666,86.33032777777778,105.85394444444432,114.22606666666643,111.05404999999996,103.17559444444441,97.93883888888882,92.76326666666675,87.57100555555544,90.11114444444436,94.2113944444445,102.52931111111094,119.78162777777789,130.14502222222225,125.22323333333324,110.85881666666673,99.94323888888901,95.84442222222229,85.30067222222222,74.62270555555563
2025-01-10,83.76496666666657,80.53399166666671,73.79574999999997,75.2934638888888,83.38031111111101,100.12082500000018,119.44580833333336,129.95632222222207,127.32750555555558,119.40352777777764,113.17688055555571,109.34961944444423,105.19263055555552,109.17280555555553,114.38220277777783,124.19203055555549,140.54812222222202,146.981861111111,139.1521333333332,123.72003055555564,113.44664444444469,109.31757222222242,100.83858888888902,94.1117222222224
2025-01-11,99.07804999999992,95.79104166666666,91.00433333333346,90.15265000000008,97.5676499999998,110.91990000000003,125.79768333333311,135.89489166666644,133.53144166666664,125.91300833333315,119.5971,115.69072499999987,111.99045833333312,114.64155833333331,119.58713333333343,127.30215833333311,142.191433333333,147.9607083333334,140.9773499999998,128.18945000000014,117.56138333333351,114.75349166666692,107.02204166666674,99.51163333333321
2025-01-12,92.1383888888888,88.58824814814812,83.50590185185183,82.80263981481478,88.30675185185176,98.23044166666699,110.0511796296295,115.56001481481452,112.6515064814817,105.98251759259259,99.85960555555573,97.82303240740741,95.36810833333323,98.30836851851842,103.7512888888892,111.31423796296313,125.10333240740754,133.13250462962992,128.2024027777778,117.50707685185166,109.13946111111123,106.34742592592558,95.57795370370368,87.36403148148152
2025-01-13,98.16104166666648,94.58787499999995,88.40734999999991,87.42180833333346,94.11824166666673,105.90972500000012,118.97449166666648,125.7401416666666,122.97129166666693,115.98799999999976,109.39681666666688,106.5109833333331,103.19388333333313,105.51085833333332,110.5602750000002,118.29800000000003,132.39758333333347,142.62384166666672,137.15633333333346,125.26674166666672,116.18215000000006,112.60786666666667,104.8046000000001,98.28551666666671
2025-01-14,106.99756666666654,103.93002083333327,98.8427708333333,98.53323750000018,106.63897916666663,121.1145166666667,135.5859625,147.00476666666674,140.9550583333336,130.85495416666672,123.84157916666676,118.82053333333334,114.6941583333333,116.59397500000001,121.15397083333313,131.28460000000004,149.47360833333298,157.29595416666675,151.43042500000004,135.9220375000002,124.01022083333322,119.71843333333328,111.48705416666664,105.7375541666667
2025-01-15,117.53568333333314,114.18888333333314,109.42124999999993,109.11161666666655,119.5416833333333,138.47165000000004,158.87649999999988,176.1022333333334,170.2686500000001,153.80986666666675,146.7456000000001,139.2004666666668,134.07994999999977,137.27513333333343,144.76719999999983,159.85333333333335,183.86683333333306,193.58798333333306,185.63488333333308,159.34680000000023,142.89425000000006,136.31308333333334,126.59791666666656,120.7798333333335
2025-01-16,124.87481666666673,120.69926666666659,114.48794999999974,114.20943333333327,124.08571666666646,143.6959166666664,170.88148333333322,199.68798333333334,193.011416666667,171.59311666666636,163.9803833333333,153.92766666666657,146.62298333333317,149.0212833333336,153.4510166666667,167.57231666666672,198.25654999999986,206.8430500000001,197.4512333333332,168.9683333333332,151.0794166666666,143.36484999999996,133.07241666666673,128.1968500000002
2025-01-17,125.46291666666664,121.35213333333326,114.41136666666678,114.1239999999996,124.60128333333327,142.90730000000005,168.43219999999968,198.10768333333354,189.47911666666678,166.36368333333294,158.38723333333354,149.14241666666675,142.0422166666663,142.2673666666667,146.30275,156.8863166666668,185.25153333333324,201.36843333333383,195.463116666667,168.70034999999993,152.61088333333365,144.6091166666669,133.85555000000005,129.25853333333376
2025-01-18,123.09400000000016,119.43923333333305,113.59564999999995,112.8191333333333,122.10273333333323,139.7580833333336,163.16443333333294,186.84500000000023,175.68371666666647,157.28018333333318,148.5075333333335,139.6773666666669,133.36943333333298,132.63396666666665,135.6515166666666,147.46843333333337,175.6390166666663,189.46041666666676,184.7864500000003,163.20155000000048,148.80743333333348,142.4036000000003,131.65193333333363,127.36668333333347
2025-01-19,120.41998333333349,117.85451666666631,112.28168333333325,111.2599166666665,119.34214999999979,131.60286666666678,148.0820999999999,162.23346666666694,156.09760000000006,143.5987666666664,136.06715000000023,128.9871,123.48299999999972,124.84468333333318,127.21861666666676,137.18994999999987,159.67718333333298,174.21073333333376,171.7142166666669,155.27908333333346,141.80044999999984,135.5416166666666,127.57143333333357,122.58255000000017
2025-01-20,115.53398333333321,113.06254999999956,107.36593333333307,106.88625000000005,116.3905833333333,130.35978333333316,147.45575000000008,160.69113333333343,152.570066666667,141.139683333333,132.80560000000042,125.71484999999998,120.9712333333331,123.48008333333321,125.80735000000027,134.79574999999988,157.2663666666664,171.26780000000005,168.69006666666698,151.59636666666654,138.2608833333333,132.0318166666667,124.19393333333346,118.80100000000017
2025-01-21,143.66321666666678,138.2562166666669,131.49171666666635,131.7060166666667,145.59788333333333,170.44499999999968,202.2470166666667,225.96378333333308,217.80186666666694,199.92121666666634,189.4492666666667,180.05536666666686,173.2761,175.4010000000001,182.04511666666662,196.83460000000022,224.57176666666638,240.93285000000014,224.2708000000002,194.09058333333314,173.83230000000012,163.37021666666672,151.39010000000013,146.24535000000014
2025-01-22,125.61336666666679,119.8523666666666,112.0324500000002,111.59043333333318,125.3848333333333,149.8907833333332,177.914433333333,200.98538333333346,195.9704333333334,179.05251666666626,167.8105,158.7291000000002,152.42253333333304,154.40238333333343,160.32105000000004,173.10619999999992,199.11223333333317,222.8610333333334,208.67111666666716,180.9504999999999,163.96156666666667,154.8958666666671,145.46351666666678,139.6356333333334
2025-01-23,105.36933333333329,100.39693333333335,92.12513333333328,91.01781666666659,102.6388499999998,124.96465000000002,147.93814999999984,165.82943333333333,162.22648333333353,149.93404999999976,140.14026666666686,132.83316666666667,126.33766666666648,127.87433333333298,131.16488333333362,140.58070000000006,160.6466666666665,179.4789666666664,167.1907,144.41575000000006,128.0929666666667,122.21008333333324,109.71191666666664,99.40035000000017
2025-01-24,57.55489999999982,53.070116666666756,44.31080000000002,44.70348333333334,58.452400000000104,87.27788333333356,113.23823333333341,121.82410000000002,119.13980000000014,109.4886666666663,103.89534999999987,96.91401666666667,92.16324999999998,94.1197666666666,96.16348333333343,106.81026666666688,126.45653333333331,138.75195000000033,131.8947500000001,118.0609833333333,105.93820000000026,100.16223333333328,88.58653333333336,79.00273333333335
2025-01-25,53.85421666666651,48.63675000000001,42.08548333333327,45.72265,59.08525000000009,85.71950000000002,108.64243333333341,113.89016666666667,109.52180000000007,101.19983333333307,95.21539999999982,88.53111666666675,84.86355000000005,87.98029999999999,92.58793333333345,103.85748333333342,122.88624999999976,134.54100000000017,129.85385000000008,115.62776666666647,105.61688333333333,100.94098333333321,91.15896666666659,80.82971666666673
2025-01-26,51.69121666666651,44.258483333333416,36.47899999999995,38.128083333333315,50.394266666666624,71.73755000000004,89.95751666666662,91.79126666666677,84.97063333333331,74.40150000000003,68.66688333333332,62.48388333333341,58.23893333333327,58.334216666666656,60.246666666666776,68.99525000000004,88.87254999999999,103.53864999999993,102.90156666666671,91.09544999999996,80.73916666666669,74.58721666666659,63.16380000000004,52.506333333333394
2025-01-27,13.687950000000027,10.11859999999998,7.6047333333333365,7.705666666666665,15.058866666666654,31.4543833333334,54.40476666666671,63.194416666666825,61.28868333333357,53.468200000000095,50.195466666666725,48.079366666666566,44.928466666666566,46.177449999999965,50.15504999999983,57.66018333333332,74.87303333333331,88.61613333333315,84.4523333333334,71.68880000000006,61.22061666666667,59.14681666666664,47.43273333333334,40.20531666666666
2025-01-28,12.74673333333338,10.758366666666687,6.755566666666656,6.096533333333341,12.854016666666636,29.52880000000003,51.67095000000007,62.34846666666672,60.1976000000002,52.31768333333342,48.62301666666661,46.52658333333326,44.71531666666663,44.629150000000145,47.917983333333346,54.10506666666676,72.43419999999976,82.57403333333328,79.13681666666653,66.72243333333343,57.945549999999976,54.860666666666596,44.14519999999992,35.551966666666566
2025-01-29,13.856700000000012,11.426633333333339,8.208449999999997,8.307966666666664,16.806933333333316,39.12595000000011,62.728899999999925,72.57530000000028,69.47153333333343,58.223499999999916,54.873166666666656,53.60016666666654,50.44631666666667,52.16441666666663,57.263783333333365,65.27908333333322,80.04470000000005,92.58263333333333,91.57393333333317,79.55930000000009,69.67926666666662,66.23653333333334,56.73373333333334,50.997899999999994
2025-01-30,77.57193333333323,73.23746666666659,66.62558333333332,69.1097833333332,79.7719666666666,100.84848333333359,120.74868333333332,127.33403333333332,121.90740000000022,112.61754999999992,105.26054999999997,101.10823333333335,98.29183333333324,101.57005000000012,108.35530000000021,117.21961666666662,134.01881666666688,144.8940500000001,138.63763333333338,122.75403333333328,111.42603333333345,107.09761666666675,96.82928333333327,88.23821666666676
2025-01-31,101.72088194444441,98.30113888888876,93.22702638888906,93.05733333333342,101.5674194444442,118.52344305555552,134.8259791666665,144.4490291666667,135.63106805555574,124.59947777777766,116.41591805555564,112.33129305555555,108.29183472222203,111.0258805555558,116.4081777777779,125.26763055555551,143.50840000000002,154.7419527777779,149.3366333333335,133.48224305555573,121.06067500000015,117.20019444444435,108.73337083333321,102.8490652777779
2025-02-01,118.26611666666679,115.01691666666666,108.79970000000006,108.57793333333352,116.99671666666669,132.92553333333328,148.50543333333343,162.59781666666686,157.43326666666704,143.14093333333335,136.17591666666672,130.45021666666645,123.97691666666648,126.13573333333306,130.45383333333325,140.73511666666658,165.3587,178.34036666666643,172.14513333333377,153.50751666666682,139.6199999999999,133.1894833333333,123.04015000000011,118.60655000000001
2025-02-02,119.0490333333335,116.00898333333299,110.32443333333319,108.86206666666692,115.3292166666666,127.84343333333297,141.2019166666668,150.22788333333347,144.4224833333337,133.61404999999988,127.26575000000028,120.28196666666658,115.11566666666656,118.31549999999966,121.21078333333345,130.51301666666654,150.46079999999995,166.4182999999998,165.32096666666692,151.2153000000001,138.5818166666666,133.18839999999992,124.1106666666668,121.3827666666667
2025-02-03,124.55306666666708,121.58124999999983,115.78531666666672,115.17181666666644,122.12363333333347,136.7759999999996,154.08751666666655,170.77903333333376,163.6709833333334,149.37184999999968,141.3998000000003,133.20928333333333,126.97023333333304,128.40399999999968,130.47826666666688,140.31173333333317,164.1428333333336,184.922083333333,181.1828833333336,162.89593333333355,147.6329333333334,141.33650000000017,131.11738333333366,126.68816666666666
2025-02-04,126.39686666666665,123.14990000000003,117.52520000000001,117.09848333333318,124.51709999999997,142.8599333333329,166.28510000000006,187.24018333333345,170.80145000000016,154.3731333333328,142.97470000000007,134.0543833333334,128.94759999999994,131.23146666666682,135.91103333333368,144.60966666666684,170.24756666666673,188.4468333333333,185.65066666666704,163.33818333333366,148.08373333333336,141.74518333333324,132.27068333333324,127.79485000000012
2025-02-05,125.09476388888899,122.44503333333313,117.68538055555565,117.06292222222207,124.22343055555524,142.21496944444416,165.4635777777779,186.61284722222243,168.03146388888874,149.5813583333327,138.92021111111168,130.94595000000007,124.80818888888895,127.42611388888844,131.665702777778,140.0817666666667,163.4661694444446,186.54923888888888,184.0185138888893,162.55620833333398,147.0137305555557,142.18636666666677,133.29283611111103,129.22008611111144
2025-02-06,125.06303333333325,122.0808916666665,116.08080000000001,114.98080000000004,123.13647499999999,141.0085249999997,162.3537999999999,178.1118000000001,165.82018333333338,150.66525833333324,141.26378333333352,132.16945000000004,125.35919999999983,126.67620833333315,130.60500000000027,136.90074166666656,157.52136666666672,176.31718333333328,176.56435833333342,157.58704166666695,142.90338333333338,138.34675000000024,127.37915833333322,122.31641666666687
2025-02-07,115.25149999999992,111.05979999999994,104.37546666666657,103.55731666666655,112.90138333333336,133.09884999999971,156.01848333333314,173.56959999999978,164.12186666666702,148.65621666666664,138.5902833333334,130.3612666666665,123.51746666666654,123.6089666666664,128.3737333333333,136.4637833333334,157.26810000000023,176.48456666666644,171.61741666666646,150.68366666666694,136.49200000000025,131.84855000000005,121.69408333333307,115.67481666666696
2025-02-08,108.55386249999984,106.08446666666644,98.71535416666644,99.36816666666651,109.35539999999999,128.29650833333292,148.56332083333336,160.56157500000026,154.81240833333354,143.69759583333314,135.11790000000042,128.5346499999999,122.72414166666647,125.94373333333327,129.64221666666666,139.33841249999983,159.9426291666665,171.83729583333314,167.03380416666678,148.7628125000001,136.21445416666663,131.19168333333337,123.22971249999983,115.39402499999987
2025-02-09,123.34179999999998,120.06094999999992,113.10369999999998,112.52818333333336,120.25801666666676,134.9320499999997,151.84886666666665,163.50814999999997,158.33911666666677,146.96623333333295,140.54628333333363,132.0361499999999,125.07336666666656,128.02108333333317,132.30715000000012,143.1925833333332,166.66858333333337,186.25386666666643,181.29870000000022,163.4604,149.2086333333335,141.4646333333335,132.03605,126.9577666666667
2025-02-10,125.67098333333315,122.74837499999991,116.06662499999999,115.4788666666666,125.1373833333332,143.19344166666662,166.71795833333337,186.37408333333343,176.0881749999998,160.8960083333331,149.9430583333334,140.36957500000008,133.87688333333327,136.84898333333328,140.78627500000036,150.2118583333334,171.92544166666647,193.2266250000001,187.6987916666673,166.77753333333342,151.3226250000002,144.58156666666673,135.53551666666675,129.83933333333337
2025-02-11,126.24440555555576,123.06731388888868,117.15881527777769,116.24145416666666,125.60045694444455,144.00201666666646,165.4922722222219,182.61884861111125,173.18236666666652,159.80114722222226,151.59054444444473,142.8654277777776,135.77567361111107,136.7252624999999,141.02125416666652,149.27642916666653,167.3598777777779,185.33490694444433,184.97331111111149,165.3429027777781,150.8511805555554,145.50807361111143,135.12040277777774,130.47645694444432
2025-02-12,127.84615833333322,124.44650833333321,117.44275666666692,116.5428783333335,126.75046833333342,144.95414166666654,167.3255216666662,183.15849666666654,175.46280833333358,163.76412666666656,155.2469416666666,145.8871266666666,138.56707499999982,139.63950833333337,144.41246499999997,152.1097066666669,171.71523666666664,189.9102433333335,188.69284666666695,169.08074833333322,154.35149333333337,148.090181666667,136.90913166666698,133.05603833333333
2025-02-13,129.74480952380964,126.43627341269857,120.96587202380935,120.11884384920636,129.05089801587292,146.70409960317457,168.52978968253947,184.02228095238078,175.06977539682555,163.2134329365078,154.90538134920607,144.8233492063493,138.6609398809521,139.85262658730161,144.82833194444459,152.55590615079373,170.3482797619049,187.54045337301582,188.48976924603218,168.4388412698412,153.50373928571435,148.23489603174642,137.79686051587314,133.55524682539672
2025-02-14,129.19959305555543,127.74392499999988,120.40117083333307,117.97716944444478,126.43069166666656,142.277122222222,164.80833888888867,181.03745138888843,170.93460000000013,159.94450277777807,151.4583597222221,142.08618472222207,135.6145319444444,136.91913611111144,140.20913472222253,145.329286111111,163.20913611111132,181.47318333333374,187.13205833333342,166.5570513888888,151.376348611111,145.91028333333355,136.56720138888892,132.27849999999992
2025-02-15,127.77619055555544,125.25671666666679,117.6179644444444,115.58392611111104,123.45964333333339,138.20785888888852,157.0880183333329,168.52272222222223,161.44065333333361,151.10010722222222,142.81483777777785,135.5917794444445,127.04830611111078,127.21343388888873,130.87666000000016,138.1300561111111,156.86712666666665,174.86350555555558,180.375753888889,164.15579777777768,149.8515383333336,144.68502277777793,134.9263588888889,130.1080205555555
2025-02-16,111.79186666666646,108.76476666666643,100.30014999999989,100.2618333333334,109.24096666666662,122.55748333333325,137.5848166666667,144.89175000000012,140.12913333333356,131.83811666666637,124.74813333333334,120.70181666666652,113.0831833333334,115.30931666666663,118.96013333333353,129.16853333333324,147.2826499999998,160.9951666666668,160.0419333333333,144.93568333333334,133.63645000000005,129.7413166666668,121.83713333333318,114.87576666666654
2025-02-17,120.74326666666673,117.6912749999997,111.1194833333335,110.78013333333341,120.6291833333334,137.53199999999975,158.10406250000008,170.4317750000001,159.17512499999987,147.65329166666646,138.43138333333346,130.1258124999998,123.13417083333353,123.72688749999996,127.36642083333354,136.0015958333334,154.4925166666669,173.83905416666667,176.8267833333337,160.03760416666688,146.3228708333335,140.55464166666692,131.77234583333328,125.81774166666665
2025-02-18,126.52648333333323,123.53587777777751,118.2179888888889,118.07993611111124,127.48541944444453,147.20978333333332,172.8759055555554,190.1352472222219,175.38593611111125,159.307138888889,147.01673055555568,138.38088888888882,132.14079444444428,133.027186111111,137.31653888888889,145.36966944444467,164.5070694444445,185.29206111111094,186.79119722222248,164.14953888888928,148.4014555555556,141.37161666666688,129.94292777777767,123.40588055555573
2025-02-19,108.52769999999985,105.25448333333304,99.62306666666659,99.87426666666667,110.92706666666665,128.73181666666673,150.31043333333344,160.2625333333334,150.79205,139.53579999999965,131.02146666666673,124.94916666666677,119.14073333333326,121.00653333333345,125.45710000000017,134.45601666666664,152.16171666666685,167.29968333333323,166.91581666666656,150.23045000000025,137.29141666666666,131.86618333333328,123.09825000000005,116.36419999999995
2025-02-20,92.0453152777778,88.79218125000001,82.36747847222213,82.71331319444434,93.29204722222207,111.62685277777787,131.62704861111118,140.96843750000008,135.05722777777777,125.20347708333313,117.81504513888872,113.14882499999987,107.80724861111119,109.93450277777774,114.93904513888896,123.30106944444447,141.19030069444437,152.79428402777785,148.21975694444427,132.30461180555562,121.18636736111117,116.75838472222223,107.74652291666665,100.64207013888885
2025-02-21,72.97978333333333,67.28290000000013,58.91126666666657,57.65195000000001,68.76049999999991,90.31226666666676,110.52054999999982,114.21493333333319,108.22761666666665,97.4196666666664,91.50841666666662,86.60036666666673,81.9565333333333,84.88761666666662,88.11611666666678,97.48978333333339,115.67578333333321,128.12464999999978,126.0659166666666,113.2346666666665,101.75076666666688,96.59293333333328,85.7815333333333,76.13053333333326
2025-02-22,44.054649999999874,39.38783333333335,33.607988888888904,38.519099999999966,54.93271111111119,82.84568333333345,103.68579444444454,107.16301666666686,101.47601111111109,93.94754444444422,89.63823888888884,83.49399444444451,78.39129444444433,79.20285000000001,83.06220555555564,92.91470555555557,112.24397222222206,124.99695000000003,124.4364111111112,111.14886111111133,100.69612222222229,97.27444999999994,88.30176111111093,80.01126111111111
2025-02-23,81.00387222222218,74.86366666666659,69.8759222222222,73.2893777777778,85.20048333333338,103.09171111111115,113.7712444444444,108.65994444444428,98.85854444444453,89.85915555555539,86.4060444444444,80.4995333333333,73.07263888888889,73.78780555555564,77.93554444444449,88.45625555555549,107.67856111111108,124.44566666666672,124.6443999999999,113.64573333333341,104.80857777777767,96.96273888888888,88.82374999999993,80.19503888888887
2025-02-24,33.808399999999956,28.930516666666676,24.401866666666677,27.86524999999998,44.13934999999994,69.07906666666668,87.60866666666669,90.0513666666668,81.35906666666673,71.44068333333323,66.86308333333332,61.30468333333333,57.67600000000002,59.98941666666656,63.597666666666655,74.34131666666663,95.30721666666666,111.15311666666678,112.1927166666668,99.43738333333351,88.41679999999998,81.82634999999988,71.44233333333325,63.33054999999999
2025-02-25,87.37164999999986,83.15719999999993,75.34905000000003,75.78308333333328,87.1449166666666,106.56460000000011,124.42608333333335,128.72829999999993,122.04890000000023,111.68983333333335,105.0978,101.44483333333322,95.70023333333332,97.89570000000009,102.98445000000007,111.41006666666664,129.4697999999999,142.69639999999984,138.38668333333328,123.64278333333343,112.79083333333331,106.45831666666649,97.07238333333329,88.52266666666677
2025-02-26,86.92225999999998,81.00013333333332,73.54809666666677,72.62305333333333,83.49580333333316,101.34058333333348,116.14378999999995,118.79628666666659,110.87026666666658,100.90257666666643,94.47585666666676,90.8016299999999,84.20016666666665,85.30444666666672,88.83706333333333,97.4289833333332,115.49138999999981,130.26686666666674,128.72662000000008,116.2994433333332,105.21559999999997,99.65847666666657,90.62539666666675,82.31120333333331
2025-02-27,92.68703333333335,88.69619999999998,82.77165000000005,84.65851666666664,95.6731666666666,113.27998333333359,128.48793333333316,130.89554999999976,122.18909999999997,111.6153833333332,105.91163333333341,101.6342833333332,96.39184999999989,98.45590000000004,103.56626666666665,112.48074999999997,131.4738166666667,148.0948166666665,146.8384166666668,131.64320000000004,120.31636666666675,114.51964999999998,106.94744999999999,100.37395000000005
2025-02-28,106.27506666666665,103.2595833333333,98.82443333333359,100.33916666666686,110.07153333333318,127.18576666666654,142.5495666666667,144.10813333333326,130.93638333333328,118.74929999999974,110.92663333333347,106.05144999999985,102.06031666666655,103.19521666666675,106.44328333333343,115.02938333333329,133.02468333333337,152.2884333333334,152.88058333333322,138.95161666666672,127.34666666666645,120.5468,112.16281666666657,107.21828333333342
2025-03-01,98.10714999999996,94.53007500000004,88.4793916666666,89.41067500000001,97.76874166666643,113.38425000000012,127.32920833333323,128.90767499999993,116.44542500000001,105.02864166666646,96.76742500000013,93.34450000000002,86.84364999999993,87.44038333333327,91.45349166666678,100.14149166666664,119.35980833333328,134.93110833333316,136.38239999999982,123.14924166666667,112.02654166666672,105.82070833333326,97.02464166666658,88.8170166666666
2025-03-02,88.10189999999994,83.67258333333338,78.46468333333327,81.22191666666662,91.07946666666648,105.56075000000003,116.28778333333335,111.34539999999994,98.99336666666655,89.53919999999987,82.48645000000005,76.97643333333336,71.39008333333328,71.65756666666655,75.47166666666672,86.58693333333328,104.43716666666661,121.61583333333336,125.20201666666672,115.69601666666681,106.77840000000002,100.0843833333333,92.63941666666646,85.42180000000008
2025-03-03,99.76427999999977,96.2672566666667,92.05478333333332,94.56847666666644,105.4344666666665,121.5560099999999,135.5092599999999,135.14656999999997,121.86771666666655,110.35225666666639,103.37094333333349,98.7780333333333,93.6774066666666,95.3363800000001,99.88629666666681,109.57182333333336,129.01499,146.64998666666668,148.8186333333333,135.2462100000001,124.00101666666671,116.67990000000007,109.88344333333322,104.59053666666661
2025-03-04,112.70019444444445,109.93891666666646,105.41710555555551,107.10599444444443,117.78731666666667,134.78961666666646,150.28590555555553,152.90715000000012,138.29164999999995,125.48805555555538,117.52705000000009,112.38942777777777,107.48897222222215,107.69923333333334,111.68309444444475,121.6202,142.40966666666674,162.51351666666693,165.26943888888917,147.86833333333337,133.94900555555557,126.3529833333333,118.48318888888883,114.53278333333333
2025-03-05,98.79040023809516,95.28034119047622,89.87499738095231,92.1575373809522,102.25251809523785,118.8356138095238,135.04288166666655,133.5075380952382,119.22975166666644,106.73097333333313,98.68754571428596,93.73734857142851,87.53230833333319,87.29135285714285,92.94250619047637,103.58398357142858,122.7215623809522,141.8302554761903,145.11989714285704,130.0467869047621,118.12648452380948,111.58077333333325,104.90147380952381,98.87456309523807
2025-03-06,81.17498333333337,75.92518333333331,69.14376666666666,70.52803333333331,80.45034999999994,98.46968333333339,112.14436666666668,110.00454999999968,98.72980000000011,85.87424999999985,76.80384999999987,72.54961666666667,65.50315000000006,64.90696666666668,72.42061666666666,84.01533333333344,104.84644999999992,124.77608333333342,128.53956666666681,115.0323333333334,103.63894999999985,97.62633333333312,88.21188333333325,77.85140000000006
2025-03-07,67.05444999999995,60.469333333333196,55.38566666666666,58.00366666666676,69.27389999999987,87.49848333333341,101.00146666666666,96.63246666666666,84.81591666666667,73.3984166666666,65.27584999999995,59.552083333333215,53.10194999999997,52.20033333333332,60.01290000000001,70.45446666666673,89.56919999999995,108.84556666666673,113.85871666666671,102.29826666666669,92.7829000000002,86.93778333333333,77.60294999999986,68.01473333333345
2025-03-08,50.880983333333326,44.93206666666667,40.39284999999996,44.14378333333333,53.72608333333327,70.07765000000005,81.80634999999988,77.51343333333344,65.35811666666659,54.29354999999998,46.683116666666734,39.548783333333425,35.29190000000003,35.876266666666666,39.51998333333337,51.884399999999964,70.56859999999998,87.56348333333345,92.47003333333326,80.7777166666667,73.93990000000007,69.66243333333333,59.77558333333326,53.29460000000014
2025-03-09,17.85133333333334,13.875783333333326,11.42271666666667,16.122649999999986,26.933933333333332,45.21343333333331,54.78411666666674,50.043883333333355,40.132133333333364,32.22316666666665,28.678016666666668,23.931966666666636,20.20985,22.316266666666635,28.31016666666664,40.53441666666667,61.57256666666667,81.93823333333324,82.33398333333322,75.51490000000007,71.51968333333345,66.24998333333343,56.67231666666662,48.916383333333286
2025-03-10,72.67812499999997,67.94625833333338,63.68926666666673,68.52793333333327,82.40866666666646,101.82290000000016,114.6750083333333,109.55374166666664,97.4881666666667,87.01670833333309,82.97980833333337,75.179025,70.47880833333335,70.91656666666672,76.51946666666657,86.30451666666663,104.66254999999995,124.29723333333335,128.65926666666698,117.34895000000019,107.9643583333331,99.79434166666665,92.6011166666666,85.1633250000001
2025-03-11,84.03158492063486,80.16719484126986,74.78496071428566,77.44083650793647,88.59755595238086,107.10735317460326,119.96833253968238,117.64247222222212,106.03334801587307,94.98673015873005,88.88862976190485,84.20518095238079,80.13389246031748,81.7159865079366,86.86962142857153,97.04503690476186,115.55733730158737,135.50304682539686,136.34608055555555,121.98099880952385,110.76532182539675,104.03843571428557,96.49517976190484,89.15094603174602
2025-03-12,91.15402999999996,87.73026666666675,82.74802000000004,84.4598566666667,94.59484833333322,109.71844333333348,122.99400499999989,121.19138499999974,109.23820166666667,98.77442999999985,91.90604833333336,87.48582666666647,83.36686666666671,84.03917333333328,89.71463833333328,99.27256000000003,116.70704333333327,135.9469733333334,140.1986233333334,127.10932166666649,115.7658150000001,108.68253666666641,101.9487350000001,95.33193000000006
2025-03-13,105.2913555555556,102.36729444444441,97.79846111111104,97.9608444444445,105.46058333333337,121.00565555555538,136.30506111111112,139.88576111111126,128.28891111111122,116.3778944444442,109.13895555555565,104.06253333333342,99.73352222222195,100.86517777777772,106.12984444444457,115.09763888888888,132.24060555555567,150.11205555555546,153.17933888888905,137.4315166666667,125.63516111111109,119.22314444444439,111.28041666666694,107.4795055555557
2025-03-14,107.41305861111117,104.37912069444434,99.55609736111113,100.16343750000019,109.59862791666666,126.5353224999999,143.85223819444442,144.21750277777815,130.04257569444445,117.19260013888871,108.48848638888897,103.4847037500001,98.41450958333326,99.39636361111087,104.4884615277778,112.94041847222228,131.13908000000006,150.9237180555557,153.86911347222252,137.52901902777788,124.74201055555578,117.7059108333333,109.22185375000001,104.5004094444443
2025-03-15,93.1140666666667,88.4877000000003,79.83801666666659,79.2133499999999,87.81546666666665,102.2751166666667,116.19703333333341,117.91966666666664,106.91985000000008,94.03894999999986,83.23414999999991,79.97806666666663,72.3052333333333,70.06384999999982,73.71763333333351,85.98180000000013,106.47618333333322,123.71303333333323,124.60931666666659,111.18166666666667,100.46864999999978,96.19001666666665,87.60676666666637,79.03754999999997
2025-03-16,80.95143333333333,74.09230000000004,68.73114999999997,71.4397000000001,80.14556666666655,94.51156666666668,104.88613333333318,97.87941666666664,83.43698333333333,71.25896666666657,61.72606666666664,53.62008333333338,49.548166666666646,51.2472166666666,60.54360000000011,74.91100000000002,92.37251666666678,111.5054833333333,117.55083333333312,109.88656666666687,102.61035000000004,95.82898333333314,86.96199999999995,78.29865000000004
2025-03-17,79.74018333333343,73.72606666666667,67.28458333333326,68.80120000000008,79.5447666666666,95.75196666666675,110.20018333333326,105.81378333333318,91.30539999999986,77.88038333333328,68.19691666666651,62.44933333333332,55.13281666666669,54.29944999999994,60.70018333333332,73.16550000000007,92.81388333333338,113.61346666666681,121.29233333333342,108.00241666666649,96.98805000000002,90.92791666666646,80.93094999999978,73.06525000000002
2025-03-18,86.04443333333349,80.92860000000017,74.9986666666667,76.81151666666656,87.28220000000006,105.5756833333335,120.93126666666676,116.96314999999966,101.10248333333342,85.5389166666665,74.29136666666655,68.20256666666681,60.72221666666673,60.13138333333331,67.94159999999987,80.38053333333329,99.96121666666656,121.71859999999984,134.5620666666667,118.57678333333322,104.70684999999983,98.79409999999989,89.85341666666662,83.24624999999997
2025-03-19,75.62221666666674,70.44091666666672,64.40218333333323,67.52829999999993,79.2395666666666,100.66068333333338,115.80258333333336,108.68033333333305,91.43801666666677,75.66966666666644,63.92489999999986,57.75595000000006,52.09228333333329,53.218249999999976,61.06743333333325,73.17996666666672,93.71881666666671,113.66509999999995,128.44685000000015,114.32458333333334,100.12080000000005,93.3867666666665,84.8010833333332,79.96515000000002
2025-03-20,55.180816666666466,49.88460000000005,44.71704999999991,48.51148333333338,60.94893333333325,83.3720500000001,102.29594999999993,98.3454333333334,85.41733333333345,70.48853333333328,59.95458333333337,52.9827833333334,49.1868833333333,51.36734999999999,57.632549999999995,69.7205499999999,90.08971666666653,109.86833333333352,118.82366666666684,101.2073666666668,88.73661666666682,84.29956666666645,76.89788333333306,69.69825000000002
2025-03-21,24.824983333333314,18.78680000000003,14.852166666666674,17.561316666666674,30.231616666666664,51.24166666666662,66.7970333333333,67.06771666666674,55.810733333333374,43.63704999999994,38.60698333333337,34.764850000000074,31.25415000000004,31.928049999999974,35.01500000000001,43.82028333333332,65.38093333333335,82.19549999999984,85.58101666666663,73.61138333333341,65.80863333333333,60.76714999999999,49.83678333333333,41.374500000000005
2025-03-22,22.31905000000001,18.69251666666668,15.686266666666652,18.907783333333303,28.927083333333314,46.82536666666677,57.23471666666662,53.2896,44.16120000000003,34.087816666666626,30.291483333333357,26.35748333333335,22.340700000000005,23.648466666666703,30.72244999999996,43.03114999999989,61.67075000000009,82.82471666666652,87.61428333333333,81.90431666666663,75.63033333333352,68.96768333333351,60.18728333333338,52.63328333333322
2025-03-23,30.81491666666667,26.773066666666708,23.44158333333336,27.487666666666616,36.22266666666666,49.805333333333294,57.56788333333334,51.133283333333296,40.690733333333355,31.039283333333266,27.842966666666683,22.27628333333337,18.1633666666667,18.604983333333337,25.103433333333328,37.357016666666645,55.58543333333331,75.18536666666648,80.17855000000007,75.47631666666675,72.0603000000001,65.59600000000015,57.70946666666669,48.361533333333256
2025-03-24,78.12912222222204,73.82410833333329,70.11843333333337,73.87149166666661,84.90760833333316,101.89269444444469,114.09025833333314,107.7821027777777,93.13074722222218,81.9435527777776,76.3181083333333,70.59616111111097,67.50393333333328,68.60730277777779,73.3645555555556,82.68652777777783,99.8670944444444,120.22227222222216,128.53726666666694,117.03123611111117,106.52574444444446,97.22773888888887,90.02730000000005,82.10692777777781
2025-03-25,91.86106666666674,87.79026666666665,82.78396666666673,84.61820000000021,97.08958333333335,115.96218333333333,129.05176666666668,122.54638333333317,108.17676666666665,96.08109999999981,88.3869166666667,83.26193333333326,78.49780000000005,78.12299999999993,83.41253333333324,94.98046666666649,114.00208333333357,137.04648333333324,141.81018333333347,127.35398333333333,115.28443333333341,105.3750499999998,97.39123333333347,89.26063333333339
2025-03-26,89.2560666666666,84.9488333333335,80.14108333333351,83.29400000000007,93.04876666666657,109.68275000000001,121.77096666666662,113.86348333333311,99.87930000000019,86.72961666666656,79.48059999999975,74.37529999999985,69.83236666666666,69.58379999999985,74.98148333333327,86.12590000000004,102.47160000000014,125.46149999999982,138.17201666666674,126.81026666666655,114.66006666666665,104.59753333333323,98.3421833333336,92.19566666666653
2025-03-27,86.85768333333328,82.20888333333332,76.76021666666666,78.4374333333333,87.89801666666659,104.56796666666668,115.16628333333331,108.7674166666667,95.52728333333343,83.57388333333333,76.1461166666666,70.93425000000006,65.68821666666669,66.51414999999993,73.09796666666676,85.10608333333325,102.09198333333346,121.94114999999991,129.00124999999977,118.5165833333335,108.43155000000017,100.9506333333331,93.92576666666665,87.69549999999991
2025-03-28,77.26008333333336,71.96830000000006,65.96498333333341,68.34013333333331,78.6680166666666,93.60228333333352,105.15413333333316,96.83279999999985,81.20716666666658,66.76624999999996,57.927433333333305,51.228350000000134,44.653099999999895,45.75073333333325,51.500483333333385,65.86236666666662,84.17465000000011,104.44809999999994,114.64729999999996,105.7832500000001,97.01100000000005,89.09114999999991,80.72834999999986,71.4425833333334
2025-03-29,37.33030000000003,31.58911666666668,27.39144999999998,30.235149999999976,39.43881666666669,51.62718333333332,60.05805000000005,54.978466666666634,45.13806666666674,36.7750166666667,32.69781666666671,27.741000000000046,23.54001666666668,23.67013333333333,28.504700000000007,39.54470000000004,57.79096666666674,75.55978333333327,80.78936666666667,73.78751666666673,69.91558333333343,65.28523333333334,55.73213333333327,47.553733333333305
2025-03-30,31.216033333333375,25.291100000000032,21.082416666666685,25.44206666666668,33.02301666666666,44.07844999999997,50.547416666666756,44.188716666666615,33.38833333333334,23.752149999999993,21.204266666666655,15.870566666666658,10.127850000000016,9.969849999999996,16.122250000000008,27.79206666666669,47.90660000000003,69.66019999999999,75.1396166666668,70.18801666666678,67.71770000000001,62.100433333333385,52.2969833333333,44.49305000000002
2025-03-31,45.27514999999992,38.204708333333386,34.504699999999964,39.453308333333275,53.05633333333332,74.52480000000006,87.72000000000007,81.55781666666667,66.17223333333337,54.32451666666676,48.45454999999993,43.28916666666667,39.369091666666684,38.92465833333331,43.11185833333342,52.51832499999997,69.8961666666666,86.79103333333327,95.83933333333347,82.72359999999998,75.07125000000006,69.96575000000007,61.02736666666669,51.274725000000046
2025-04-01,63.27420000000002,55.11961666666674,48.99688333333331,49.77143333333334,60.251316666666646,80.5661833333334,94.75008333333348,85.5258333333334,68.9064499999999,50.67356666666668,40.35101666666665,34.01293333333345,28.229033333333348,27.87984999999994,34.0985166666667,46.66393333333328,66.15786666666659,83.29305000000001,96.27911666666682,82.87463333333328,74.98598333333331,67.34206666666668,56.85869999999994,47.139966666666794
2025-04-02,18.79956666666665,14.580566666666655,12.888599999999977,13.629333333333335,22.85186666666666,40.49469999999996,52.30034999999992,49.22236666666667,41.32905,32.630333333333304,27.048900000000057,24.112283333333398,21.44241666666666,22.973233333333326,27.26846666666665,34.28155000000009,52.21510000000007,69.91668333333341,72.45246666666675,61.13766666666664,54.15276666666645,50.84841666666672,39.93854999999999,33.68656666666667
2025-04-03,20.614266666666687,16.231350000000024,13.819983333333308,17.174999999999986,30.18488333333332,51.93660000000003,60.78893333333338,51.70789999999992,38.35331666666676,27.43494999999998,23.25478333333332,20.050766666666675,17.61663333333338,19.22026666666667,24.959499999999995,36.817900000000044,55.19558333333327,79.5283999999999,86.00333333333337,77.03746666666672,68.01750000000004,62.68138333333352,55.25855000000012,47.424349999999905
2025-04-04,45.808659999999946,38.139946666666646,33.53221999999997,39.57915333333331,53.531293333333295,73.00448333333337,82.89047666666673,73.84611999999994,58.40417666666659,44.421616666666715,36.89081333333336,30.34416333333343,27.454976666666674,27.633480000000034,32.948563333333354,46.997816666666715,68.02486666666671,86.09021666666665,89.29022666666692,77.84880999999996,73.08585000000004,65.96241333333327,52.851313333333344,43.77921666666677
2025-04-05,35.756333333333274,27.6451666666667,23.315649999999998,27.72441666666668,34.20791666666663,44.19543333333336,49.21541666666671,40.19826666666656,28.78335000000001,18.83221666666663,15.00268333333331,8.832233333333315,4.113216666666665,5.468666666666663,11.804033333333317,22.152366666666662,41.68176666666671,61.87109999999997,66.7664333333335,63.93794999999998,64.16566666666668,58.65216666666666,47.042116666666686,38.42329999999999
2025-04-06,33.425649999999976,25.320933333333347,19.692266666666686,21.35868333333335,25.107916666666668,29.42573333333332,31.430550000000014,24.56753333333329,12.632649999999973,5.705433333333328,3.4141666666666635,-5.4944999999999995,-11.713550000000021,-9.256366666666676,1.7702166666666665,11.949499999999977,34.06038333333337,55.51508333333337,64.51383333333342,64.01570000000001,66.31533333333323,59.21861666666675,48.149600000000035,37.08014999999996
2025-04-07,30.835133333333335,25.40350000000003,21.04588333333329,27.57370000000002,41.22643333333328,63.655516666666735,71.98876666666658,57.83229999999995,40.20278333333334,26.52304999999998,21.531750000000017,17.140099999999983,13.85305,14.787399999999977,20.715983333333316,34.18454999999999,54.14426666666667,77.64165,85.28701666666683,78.80125000000008,74.70103333333336,67.23305000000015,58.6435333333333,48.80405000000002
2025-04-08,69.81632499999986,61.8905166666666,57.076450000000044,61.77409999999991,74.42369999999994,95.76001666666686,106.05674999999994,89.67372500000008,71.13211666666662,55.203125,47.18149166666664,39.67130833333335,36.19253333333331,36.92178333333332,45.01147499999998,58.33156666666666,76.30925000000023,94.55786666666677,103.5714416666668,99.10208333333358,93.89720833333331,83.6947833333332,73.7275083333333,62.42534166666668
2025-04-09,34.52613333333326,28.421266666666693,23.312816666666624,27.842816666666657,41.68381666666662,62.47821666666672,71.08828333333332,58.35729999999994,41.76579999999996,28.59311666666666,22.674933333333396,17.448466666666683,14.827700000000007,15.01301666666666,19.436166666666647,31.705166666666713,49.45775000000001,70.5003333333333,78.5438500000002,70.5940833333333,65.17266666666664,58.78284999999996,48.97341666666664,39.92636666666671
2025-04-10,22.77068333333334,17.768216666666707,14.566299999999964,18.61936666666664,34.31611666666667,58.96508333333334,67.11683333333337,50.79620000000004,32.16795,19.953433333333322,15.05930000000001,11.108466666666656,7.857649999999992,8.072066666666645,14.25515,27.559550000000005,49.01365000000004,73.09275000000008,83.32865000000018,72.62993333333326,67.75303333333322,60.01346666666668,48.38630000000004,38.80354999999997
2025-04-11,21.661266666666698,17.156233333333333,13.577699999999957,17.017966666666652,26.800416666666653,44.29424999999994,51.58896666666669,38.017183333333286,21.697133333333376,12.331149999999974,8.182633333333323,3.529300000000008,0.782983333333336,1.3998166666666687,6.5307999999999975,15.979666666666644,34.73908333333328,54.55611666666664,63.847033333333435,58.88420000000001,58.465533333333354,51.823449999999944,40.47448333333333,32.267866666666606
2025-04-12,21.116783333333338,15.424083333333337,11.54674999999998,13.269466666666652,17.119199999999985,22.5975,25.40711666666664,17.740283333333302,6.961949999999989,-0.11304999999999964,-3.224300000000002,-12.27388333333333,-17.71120000000004,-14.38348333333337,-2.872333333333337,6.849083333333326,25.68541666666668,44.74945000000004,53.06388333333327,52.06721666666663,54.240500000000026,49.34215000000006,38.86506666666675,30.355999999999938
2025-04-13,22.71268333333334,16.734149999999985,13.507483333333326,15.01716666666666,18.293899999999987,21.249249999999982,22.675516666666656,15.37768333333331,5.729599999999997,-2.644583333333329,-3.823283333333336,-12.383850000000008,-18.762566666666704,-14.298583333333385,-2.769966666666669,8.661933333333316,26.558183333333332,46.06349999999996,54.4587999999999,57.809466666666665,61.51195000000005,55.60746666666673,46.52225000000005,37.17524999999997
2025-04-14,28.41001666666667,23.719300000000057,19.958150000000003,26.487899999999915,38.62498333333335,63.85500000000004,70.02686666666678,55.01578333333331,38.46050000000003,25.945499999999974,21.445883333333324,16.295933333333313,13.569933333333312,13.957649999999994,19.895966666666656,32.94078333333329,49.51553333333329,69.75614999999996,76.68066666666682,73.79206666666666,72.95346666666677,64.15278333333336,54.6692666666666,43.914883333333265
2025-04-15,15.668166666666684,11.864933333333333,9.191300000000007,12.127266666666639,21.480216666666667,38.09668333333325,45.74686666666677,33.673350000000006,19.907000000000007,12.729566666666672,9.443433333333322,5.470133333333336,3.0809500000000005,3.864666666666664,6.965516666666649,13.69395000000001,27.26714999999995,45.1628166666666,49.153816666666586,45.09383333333334,42.840733333333255,37.05419999999996,25.515550000000047,19.118349999999978
2025-04-16,28.337433333333344,24.286733333333377,20.19359999999997,24.795483333333273,37.9697833333333,61.33910000000008,67.08894999999998,53.617933333333326,37.74066666666667,26.827483333333312,22.713133333333325,17.739583333333307,15.105750000000004,15.717583333333314,20.814033333333334,33.82478333333333,47.788399999999974,68.82771666666655,76.67861666666668,75.06716666666675,70.29706666666675,62.82260000000006,57.05091666666662,46.61996666666661
2025-04-17,48.61444999999997,41.74459999999996,36.600633333333384,43.48875000000001,56.06123333333333,73.87993333333337,83.8903999999999,71.96943333333331,57.56559999999999,45.3848,39.34220000000001,32.40913333333337,29.027016666666604,30.017266666666675,35.869749999999954,49.884949999999954,68.59699999999998,89.55286666666667,91.75849999999996,84.99481666666668,81.3886000000001,74.26799999999999,65.63601666666672,56.56310000000012
2025-04-18,34.338408333333376,28.761325000000035,23.51805833333332,28.716816666666684,41.21964166666667,63.69952499999993,72.6055833333333,57.6196083333333,38.87116666666664,25.476633333333314,20.265908333333353,15.158033333333327,11.745508333333353,11.528858333333313,15.355633333333301,25.70124166666668,44.593183333333336,64.4136333333332,73.18681666666676,66.67396666666662,62.57139166666654,55.696508333333334,46.17586666666665,36.602616666666606
2025-04-19,19.127233333333333,14.029633333333328,10.229533333333313,12.061983333333334,17.370799999999974,24.41054999999999,28.74041666666666,22.18503333333333,12.719866666666626,5.590066666666669,3.6588999999999987,-2.2126999999999946,-6.169016666666691,-4.137949999999998,3.684499999999999,13.69311666666665,33.178733333333305,53.35764999999997,60.94626666666666,59.08986666666669,60.096450000000004,54.39931666666676,44.57104999999998,35.87446666666662
2025-04-20,32.57331666666664,25.482416666666666,20.29136666666666,21.077749999999973,23.912450000000025,27.4004,28.535249999999973,20.961566666666638,11.160066666666646,2.8450166666666634,-1.049166666666666,-12.228083333333352,-18.979916666666686,-13.131350000000028,-0.5951166666666664,10.695816666666644,29.87653333333335,49.721933333333396,58.88929999999998,61.09236666666663,63.90189999999998,57.17246666666674,45.97914999999999,36.01188333333332
2025-04-21,55.57011666666661,46.83684999999992,42.59055000000005,47.21741666666671,53.65144999999998,63.21171666666664,66.89851666666662,55.28826666666663,40.83496666666665,30.86531666666663,26.187433333333335,16.872249999999983,12.155199999999978,14.088116666666668,22.37711666666664,35.60846666666667,55.85453333333332,74.9567833333333,83.17981666666662,84.43140000000002,85.57168333333323,77.2695499999999,63.37476666666663,52.803166666666606
2025-04-22,70.9943833333332,62.79571666666669,57.912750000000145,64.22701666666667,78.34309999999999,97.71173333333346,106.58696666666656,90.77465,73.79855000000003,59.67086666666668,53.509999999999955,46.496666666666684,43.16023333333332,44.40361666666671,50.32798333333332,62.42428333333327,79.01876666666664,99.37423333333332,106.4479666666666,103.4594166666668,98.76661666666656,87.75654999999986,79.1243666666665,68.3212333333334
2025-04-23,57.990749999999984,49.75500666666666,44.78794333333334,50.66551333333328,63.3930066666667,84.41107333333338,95.27308000000014,79.89398666666662,60.89796333333321,47.47503333333338,41.30988333333334,32.189680000000045,28.46823666666666,26.964553333333342,32.036849999999966,45.94230333333332,66.01051666666667,85.08095999999996,95.2095866666668,90.75942666666691,84.89973333333336,76.02654999999997,63.931426666666646,54.38340333333341
2025-04-24,64.25493928571423,56.957213888888894,52.53750833333338,58.11479484126982,69.36000992063491,86.97929761904759,96.63935595238097,84.22195238095243,69.11527499999998,55.354680555555724,49.54710873015877,41.15636071428572,37.47291468253967,36.92476349206356,42.397403968253975,56.3449559523809,74.48015039682541,92.81229404761899,100.49982619047631,97.4183126984129,91.69626071428569,82.0428924603174,74.33676309523796,64.32581706349215
2025-04-25,64.96745000000001,58.349649999999954,53.90198333333339,59.16698333333336,71.30666666666667,88.65046666666673,96.31781666666645,82.86228333333324,68.63529999999992,57.27760000000012,51.75106666666664,43.264366666666746,39.42545000000004,38.198816666666666,41.67903333333331,54.70038333333331,70.66871666666674,88.95305,96.98194999999991,96.14228333333334,89.8828999999999,80.39161666666656,72.45844999999994,62.19065000000006
2025-04-26,37.009716666666556,30.409983333333322,25.098183333333342,28.009100000000004,34.1509666666667,40.557799999999986,46.1182000000001,39.38309999999997,29.737400000000004,20.623516666666674,17.396249999999966,10.239916666666653,5.693633333333325,7.254333333333328,14.123466666666664,25.888016666666672,46.64678333333336,68.04301666666655,74.5811166666669,71.2766833333333,73.55079999999997,66.42433333333348,55.52553333333332,45.812799999999946
2025-04-27,35.55959999999992,28.08706666666666,22.648183333333357,24.364349999999966,26.59419999999999,28.66566666666661,29.004566666666687,21.250249999999955,10.66529999999998,3.699599999999996,1.8983333333333348,-6.356700000000018,-12.246549999999997,-8.276666666666664,1.9058666666666677,14.2353,38.035716666666694,61.02965000000001,70.00430000000009,71.54963333333336,76.53271666666684,69.32536666666685,56.9835,46.124666666666634
2025-04-28,35.99929999999997,30.474566666666707,25.944799999999972,31.186649999999986,39.143850000000036,53.307799999999936,59.07005000000008,45.12571666666668,30.973016666666698,21.117266666666627,17.252583333333348,9.650816666666655,5.58736666666667,6.884883333333327,14.420866666666658,27.51284999999998,50.791850000000004,74.43884999999993,81.27891666666682,78.9226333333334,79.94589999999994,70.73948333333344,58.44988333333333,46.654266666666686
2025-04-29,29.312483333333294,22.93393333333335,19.17574999999995,25.704816666666655,37.95443333333336,59.492666666666686,66.23953333333331,52.21986666666665,31.961300000000005,19.624899999999982,15.021366666666665,9.381883333333331,6.606199999999991,6.951849999999987,12.638449999999999,25.96418333333332,48.09371666666667,70.37193333333335,75.39385000000001,69.90960000000003,68.50678333333332,61.21048333333339,47.78578333333336,37.787049999999994
2025-04-30,56.59784999999997,46.08101666666663,41.16913333333338,48.32518333333331,58.88981666666658,75.44158333333323,80.74403333333319,68.19,52.29098333333333,39.47739999999999,34.08795000000002,25.516116666666694,20.61538333333332,21.44798333333335,28.71364999999998,43.07811666666664,62.532716666666666,81.29513333333318,89.72473333333339,87.4222000000001,85.12541666666668,76.75150000000001,66.99911666666658,57.19854999999995
2025-05-01,27.191383333333317,20.53916666666668,17.789066666666663,22.05094999999998,32.152816666666624,44.33165000000005,48.68275000000001,37.84903333333333,23.365233333333368,14.122333333333332,10.546999999999986,2.597166666666669,-2.2511666666666654,-1.396833333333333,8.463483333333322,22.48868333333332,48.52431666666665,70.81139999999998,77.08240000000009,73.90415000000012,73.85408333333345,66.1165000000001,52.53376666666674,42.33651666666663
2025-05-02,32.14281666666668,25.299383333333324,21.95528333333332,26.304883333333308,33.68769999999998,43.41261666666666,46.09491666666668,33.83619999999995,19.745016666666675,10.158366666666666,6.381616666666656,-3.3611999999999997,-7.777116666666684,-3.2087833333333298,7.321466666666658,19.665833333333314,39.53511666666666,61.971449999999884,70.31881666666668,71.26151666666661,72.16128333333336,64.76781666666669,50.490033333333315,40.287116666666684
2025-05-03,19.91578333333334,14.929599999999992,11.524283333333347,13.823399999999992,17.010249999999992,21.212149999999966,23.924499999999988,16.914066666666642,7.194933333333326,-0.720433333333332,-3.1711166666666686,-11.906733333333362,-17.41708333333336,-13.50013333333337,-2.6715500000000083,8.415749999999994,24.59381666666665,41.53103333333334,48.3381999999999,51.97223333333326,55.81383333333329,50.68416666666675,40.27161666666663,31.950416666666666
2025-05-04,16.804266666666678,12.629983333333346,9.593649999999997,10.421366666666682,13.53756666666665,14.117983333333331,13.838599999999994,7.802749999999987,-1.2345833333333325,-8.934050000000006,-10.993666666666677,-23.710700000000042,-31.799216666666748,-25.636233333333337,-9.230799999999997,4.008650000000001,17.13138333333331,34.06698333333338,43.43694999999991,52.14203333333326,56.79503333333338,49.42116666666677,39.44805000000006,31.001183333333394
2025-05-05,14.02691666666669,10.624666666666661,7.8645,10.470033333333316,18.535016666666678,29.424866666666617,32.580050000000014,23.40593333333333,12.167849999999975,6.422733333333323,3.717416666666661,1.024249999999999,-0.7827999999999999,-0.24898333333333228,2.3482500000000006,8.00728333333331,19.43784999999998,35.60773333333334,39.309616666666614,37.68038333333332,37.592866666666644,33.88944999999997,26.948716666666662,22.007266666666656
2025-05-06,9.79335833333335,7.121799999999979,5.07339166666667,6.6547499999999955,11.46605,19.08544166666664,21.911466666666612,13.491558333333336,5.781849999999989,2.772124999999998,2.978158333333326,0.6247833333333329,-1.0271416666666675,-1.6638916666666699,0.5513833333333342,3.432483333333335,10.420574999999998,22.306700000000028,26.29596666666662,27.460358333333296,26.140700000000038,24.460933333333344,17.713649999999998,14.283999999999969
2025-05-07,13.12570000000001,9.621599999999978,7.805349999999995,10.891866666666647,18.670316666666665,31.47429999999995,33.75726666666665,23.041900000000023,12.353116666666631,6.214000000000005,4.807816666666668,0.7738,-1.908599999999999,-0.8169499999999988,3.4577833333333343,11.315399999999997,23.715649999999943,41.44166666666672,46.4577833333333,49.24193333333326,47.97591666666671,41.477216666666635,34.26008333333332,26.507483333333365
2025-05-08,14.801016666666664,11.501849999999994,9.344399999999997,10.309716666666674,12.753733333333308,14.558849999999987,14.37361666666665,7.7825666666666455,0.5334500000000009,-7.984633333333329,-10.958333333333341,-21.06245000000001,-28.413466666666793,-24.241399999999974,-9.541866666666683,2.4289666666666707,14.642116666666661,28.732500000000023,37.0133333333332,43.14108333333331,47.30736666666669,40.87720000000005,31.56644999999998,24.566366666666713
2025-05-09,14.617566666666683,10.763483333333317,9.021700000000004,10.853049999999989,15.020483333333319,19.363083333333318,20.7888833333333,14.053766666666634,5.741533333333321,0.30453333333333327,-0.37221666666666625,-5.653150000000004,-9.203066666666697,-8.486833333333335,-1.0101499999999992,6.4505999999999775,15.660383333333336,28.1254166666667,33.53119999999993,40.31778333333326,41.78471666666666,35.95193333333335,28.731399999999958,22.87285000000003
2025-05-10,14.246450000000008,10.413083333333338,8.852916666666673,10.54483333333336,13.701849999999983,14.015049999999999,14.646983333333276,7.8599166666666616,0.4479833333333325,-6.1721666666666675,-8.076883333333331,-15.78640000000004,-21.181266666666787,-18.51433333333335,-6.792833333333339,1.8149833333333352,10.024883333333332,20.78298333333337,30.67941666666654,37.13218333333335,42.54379999999998,36.03474999999997,27.87731666666664,19.625683333333367
2025-05-11,12.918550000000023,10.046133333333339,8.121899999999982,8.767833333333368,12.110233333333312,11.090566666666668,9.74073333333332,4.039766666666675,-3.6611833333333257,-12.92381666666666,-15.188749999999997,-32.0983166666667,-41.05620000000007,-29.551183333333295,-8.873783333333353,2.0388833333333363,12.574999999999985,26.884783333333374,34.0737166666666,45.39298333333332,49.349249999999984,42.18108333333337,33.58776666666673,27.084450000000103
2025-05-12,18.952366666666727,15.739749999999994,13.918383333333326,16.224683333333306,24.230016666666632,39.47481666666656,42.228616666666724,27.563133333333397,15.55508333333332,8.550816666666659,8.058783333333334,3.177216666666674,0.2965333333333331,1.1804333333333323,5.198416666666665,13.61109999999996,26.491633333333322,41.202866666666715,50.65771666666661,56.39884999999996,59.83453333333345,47.82794999999985,45.91295000000003,35.60218333333332
2025-05-13,38.770766666666596,32.252399999999994,28.124149999999947,32.13126666666665,42.769083333333306,58.858433333333174,63.03025000000005,46.816666666666585,32.40693333333331,22.21633333333329,17.892300000000027,9.446599999999993,5.50951666666667,7.256866666666662,13.32301666666664,24.868633333333353,42.351499999999966,61.08248333333331,68.73521666666673,75.5910833333335,77.90243333333326,68.46091666666662,60.224433333333316,47.21044999999996
2025-05-14,38.80275,31.90241666666668,28.456700000000012,34.07881666666669,47.4536333333333,66.89364999999982,64.90666666666661,45.55520000000006,29.782983333333366,18.626266666666623,14.574366666666673,7.360483333333309,4.535533333333336,6.602566666666644,12.169266666666685,27.482283333333296,46.224766666666646,70.78088333333321,76.59840000000005,80.44071666666657,79.31520000000005,70.08221666666664,58.12703333333336,46.15763333333346
2025-05-15,19.871583333333344,15.296333333333314,12.297916666666652,14.201416666666654,21.473033333333316,31.344999999999953,33.36148333333331,24.513066666666642,11.853583333333296,4.340866666666664,3.2362333333333275,-0.7423499999999987,-2.985600000000001,-2.1355499999999963,1.356116666666666,8.03834999999999,21.071799999999985,38.49884999999993,43.87141666666669,47.69599999999998,47.512116666666664,41.3789166666667,33.53038333333328,28.785949999999968
2025-05-16,14.362600000000008,10.868333333333334,8.393500000000001,9.993716666666673,15.863466666666664,23.82048333333331,25.666599999999946,17.063416666666697,7.295549999999995,2.9597000000000007,2.9250499999999944,-0.5340333333333331,-2.231933333333332,-1.6114999999999964,1.2635333333333347,6.046099999999987,16.778066666666692,35.80871666666666,40.169333333333284,44.7451333333332,43.19906666666663,37.24836666666664,26.693916666666652,23.68254999999998
2025-05-17,11.995633333333359,9.575866666666663,8.17618333333332,9.029983333333366,11.896850000000011,12.665433333333366,11.681749999999989,5.525716666666678,-1.5584499999999946,-11.382883333333341,-15.07273333333333,-33.6443833333334,-43.62800000000005,-31.411316666666764,-9.025933333333358,1.5094166666666669,9.79638333333334,23.384066666666662,29.83056666666662,38.97383333333327,43.44011666666659,36.7557,26.534266666666664,20.03165000000004
2025-05-18,14.195216666666717,10.982900000000017,9.104949999999995,10.18065000000003,12.396366666666655,11.73936666666667,10.199966666666658,3.6361333333333445,-3.984966666666665,-13.007133333333353,-15.1675166666667,-35.73458333333339,-46.20611666666673,-35.96138333333334,-10.064100000000028,1.2071166666666695,10.928899999999993,25.741549999999965,31.84814999999992,42.23496666666664,47.31301666666651,39.923333333333346,30.501566666666726,22.81050000000002
2025-05-19,18.688116666666673,14.358700000000002,12.351183333333335,15.88403333333332,23.901616666666644,37.76721666666664,39.74050000000007,27.213083333333362,14.524283333333317,6.54951666666665,5.902649999999987,1.8136666666666705,-0.4523333333333324,0.5728000000000016,4.4675166666666595,12.532483333333333,24.43138333333333,40.83431666666668,49.2227,56.75179999999983,56.666633333333316,46.242199999999855,38.43959999999999,29.852699999999963
2025-05-20,17.074750000000005,12.870033333333328,10.348750000000017,13.85796666666665,21.16189999999998,33.596633333333294,36.21276666666668,25.877316666666662,13.79728333333331,6.919416666666664,4.560216666666661,0.46566666666666606,-1.2014499999999984,0.7557500000000013,4.179283333333325,11.45156666666666,25.193833333333313,43.721183333333286,46.82411666666667,51.47121666666657,52.25791666666666,44.21335000000005,33.873233333333346,26.32063333333334
2025-05-21,21.371033333333358,16.69301666666665,13.636399999999975,18.538233333333302,24.621066666666678,39.16810000000005,41.230916666666694,30.043450000000067,17.14123333333333,9.757749999999989,8.22263333333333,4.534583333333338,2.985000000000002,3.923166666666669,5.978849999999998,14.153933333333322,27.17066666666662,43.62129999999995,47.628550000000004,54.6879833333332,56.89918333333341,47.16201666666662,39.92826666666666,29.391483333333337
2025-05-22,21.00103333333333,16.293249999999997,13.302983333333325,17.166900000000002,25.3187833333333,40.050216666666635,42.21491666666678,29.994366666666682,16.77711666666664,9.428583333333297,7.664833333333313,4.0370833333333325,2.283016666666667,2.722550000000006,5.549783333333323,12.935150000000007,27.63570000000001,45.11819999999992,47.5554166666666,50.3258499999999,50.95149999999989,42.7472833333333,33.21548333333333,26.107333333333326
2025-05-23,17.429366666666667,12.875766666666681,11.30103333333332,14.75063333333333,22.38396666666662,37.41674999999994,38.81285000000005,25.901366666666707,12.727966666666639,6.538699999999986,5.560649999999992,1.6437166666666692,-0.865416666666666,0.1619333333333337,3.594833333333334,10.572033333333321,25.781466666666663,44.777816666666695,49.87788333333335,57.114716666666595,58.1822,47.763699999999965,38.55950000000003,30.051966666666655
2025-05-24,16.81191666666669,12.609600000000011,10.543999999999997,12.944583333333346,15.149516666666678,17.378916666666647,17.536066666666635,9.05506666666666,2.284350000000007,-4.367083333333323,-6.747300000000006,-16.3809166666667,-21.56391666666676,-15.623450000000032,-4.314366666666674,2.459916666666673,12.469016666666676,27.743083333333374,33.33546666666662,39.465766666666674,43.95443333333328,36.70416666666666,27.24583333333337,19.833933333333313
2025-05-25,12.54048333333335,9.900333333333347,8.606366666666664,9.756300000000017,12.183216666666654,12.441299999999982,11.354366666666657,4.8397166666666624,-1.4970166666666642,-7.462966666666673,-9.015933333333372,-21.23448333333337,-28.538683333333466,-22.809883333333353,-6.551833333333339,1.0242500000000003,8.657083333333333,22.259233333333313,28.554349999999936,36.81666666666666,42.11344999999987,34.42163333333331,25.120533333333285,20.126066666666702
2025-05-26,15.551558333333338,11.610341666666669,9.702266666666665,13.2139083333333,20.61368333333334,32.64189999999996,32.05900833333334,21.62409166666667,11.064383333333312,4.935291666666669,5.02218333333333,1.174008333333334,-0.7919833333333317,0.12496666666666656,2.939341666666665,9.953383333333315,21.358083333333308,39.18384166666668,42.85472500000003,50.03494166666651,50.45440833333332,40.98017500000002,31.911283333333348,26.190516666666706
2025-05-27,15.359583333333363,10.99899166666667,8.604349999999995,11.11191666666665,17.623599999999993,27.58221666666663,28.840433333333312,18.555266666666665,8.59080833333332,3.808099999999998,3.3373083333333287,0.3758916666666661,-0.6278583333333317,-0.19834999999999933,1.4507916666666674,5.3820166666666545,14.210241666666649,30.616583333333345,32.367391666666634,39.05074166666663,38.93278333333324,31.158133333333346,21.882774999999995,17.590883333333327
2025-05-28,20.320116666666696,15.25178333333333,12.821299999999972,17.332716666666677,27.602966666666646,43.40664999999987,44.734966666666736,31.47971666666667,16.952016666666676,9.725716666666658,7.46026666666665,3.9863333333333335,2.496783333333335,3.294566666666669,6.348266666666643,14.001966666666648,29.675116666666668,50.686449999999965,52.54376666666666,56.57291666666657,54.59893333333323,45.93011666666668,32.69398333333329,25.321216666666686
2025-05-29,28.04438333333336,21.66118333333332,18.044533333333305,20.93826666666666,26.20899999999996,32.453066666666665,31.772100000000002,20.453916666666668,9.753549999999992,1.762016666666666,-1.769866666666666,-12.173716666666683,-17.42168333333334,-11.525250000000023,0.2716333333333338,11.913166666666653,30.472016666666654,52.68194999999994,60.748533333333256,65.75534999999998,69.26093333333343,60.28428333333332,47.92065000000004,37.48191666666665
2025-05-30,26.677516666666666,21.164033333333315,18.41428333333334,22.70973333333331,30.762549999999987,45.13864999999994,44.33711666666665,30.61226666666664,16.377316666666662,7.679949999999986,5.424699999999993,-0.8586833333333332,-3.76316666666667,-1.4563833333333298,4.3720499999999936,17.052016666666628,36.00466666666664,58.306299999999936,64.72148333333334,71.88553333333331,73.49836666666673,62.47318333333341,50.22858333333335,39.22068333333338
2025-05-31,60.82656666666657,52.18331666666665,47.19393333333346,49.94716666666679,57.13178333333337,63.12819999999997,61.37411666666663,46.87310000000002,30.79616666666666,20.565983333333314,16.112299999999962,8.155433333333324,4.300299999999998,8.306616666666672,16.405366666666655,32.509983333333345,54.12770000000003,76.78495000000004,86.7517499999999,89.86648333333322,91.2939166666665,81.28978333333329,65.49751666666671,53.53166666666666
2025-06-01,30.33788333333335,23.40619999999993,19.004950000000015,21.512399999999936,23.896583333333353,26.398866666666695,24.998216666666643,13.033049999999987,3.076766666666668,-3.8878833333333347,-7.033333333333353,-17.27483333333337,-22.918000000000003,-15.80278333333337,-2.8181833333333333,7.899616666666663,27.5078833333334,48.16383333333333,58.98049999999998,66.10081666666653,70.54351666666659,61.08755,49.10658333333336,36.367516666666624
2025-06-02,23.448183333333358,19.781172222222207,17.76157777777775,21.2945944444444,28.672977777777785,43.63018888888886,42.94719999999996,31.196499999999965,17.615766666666634,9.566977777777739,9.514822222222225,4.7846777777777865,2.080722222222222,2.5144388888888916,5.933316666666662,17.407883333333338,34.12832777777773,53.47374999999996,59.220238888888936,71.0780055555555,73.34546111111109,59.470716666666654,53.11939444444436,40.899049999999974
2025-06-03,25.931400000000007,19.966150000000038,17.430116666666606,23.260933333333327,32.43303333333335,52.57406666666662,53.39810000000008,39.76336666666671,22.59626666666669,13.283799999999967,11.083100000000007,6.173566666666651,4.148199999999994,4.156266666666664,7.021433333333322,17.86889999999997,36.81499999999998,56.478166666666475,59.087883333333366,61.348283333333214,65.89818333333335,55.448749999999954,44.755083333333396,34.02161666666662
2025-06-04,19.849022222222246,14.903216666666673,12.771227777777776,17.864694444444424,27.42411111111108,47.173811111111,51.75018333333324,37.57123333333328,22.04061666666668,14.619211111111051,12.520061111111103,8.487355555555535,6.065694444444429,6.467766666666666,8.316477777777763,18.65649444444445,33.62032222222218,53.10247222222219,57.57740555555557,64.48560555555557,68.87780555555547,55.246266666666706,42.597288888888876,31.58621111111108
2025-06-05,13.7331966666667,9.87404333333334,7.705276666666661,9.845033333333333,15.440673333333313,24.756936666666636,27.27924999999997,18.02129666666669,6.889323333333332,3.1405400000000014,2.020216666666668,-0.7462166666666668,-2.4421766666666653,-1.8622666666666645,0.6387900000000011,5.032919999999989,15.978056666666674,32.96790666666665,33.23355666666667,40.94254999999997,42.84998333333326,35.26273333333331,22.301966666666655,17.15213333333332
2025-06-06,13.636924999999994,9.974649999999997,8.693116666666665,12.279191666666645,19.31429166666664,30.53059166666666,31.418224999999996,20.836174999999987,10.802699999999987,5.6234,5.126066666666663,1.7408583333333374,0.31214166666666854,1.636675000000005,3.9162833333333325,11.518333333333326,23.18003333333331,40.84591666666665,43.679591666666624,54.562324999999895,54.41695833333326,44.170483333333415,32.58624999999998,25.66496666666668
2025-06-07,19.234933333333338,15.245249999999988,12.494099999999973,13.600316666666666,15.967816666666677,17.28866666666664,16.643516666666642,8.229799999999985,0.9226833333333334,-6.907299999999998,-10.736050000000013,-20.775000000000023,-26.860983333333404,-21.915,-8.758900000000013,2.081016666666667,15.702483333333376,31.7910833333333,38.814249999999966,44.36524999999989,48.47249999999994,40.59436666666676,28.142200000000006,21.032550000000004
2025-06-08,12.489816666666673,9.51871666666668,8.135549999999995,8.742983333333349,10.980699999999992,10.85935000000001,9.84284999999997,3.3260166666666797,-3.4860333333333258,-10.546983333333324,-12.429616666666691,-28.390333333333395,-37.645233333333415,-30.266966666666686,-9.261966666666689,1.447116666666674,10.906416666666665,28.206349999999972,37.83234999999995,47.44186666666657,53.80138333333327,45.540766666666606,35.04298333333337,27.09655000000005
2025-06-09,17.25881666666669,13.550850000000018,11.902666666666681,13.35870000000001,16.927316666666673,20.725599999999996,20.926983333333297,12.285333333333313,3.204366666666672,-1.8877833333333323,-4.05633333333333,-13.826866666666698,-18.41583333333338,-13.406900000000055,-2.4592833333333335,6.7792833333333355,20.611316666666685,40.588333333333296,49.61319999999996,59.266683333333276,64.62298333333328,54.43401666666666,43.0007833333334,33.06764999999998
2025-06-10,20.794966666666696,16.086533333333335,13.436641666666663,17.77797500000001,26.33831666666668,41.86779999999991,46.02057500000006,33.93569166666664,18.87895833333336,10.280908333333315,9.23379166666667,5.060675000000001,3.3033916666666685,4.527783333333329,7.615283333333307,18.020591666666675,32.48699999999997,52.163474999999934,56.8095166666667,64.82996666666672,67.73161666666657,55.357733333333414,44.480966666666625,33.619824999999985
2025-06-11,28.80638333333333,22.83976666666669,18.77671666666664,25.05619999999999,35.08401666666662,53.75131666666661,58.68680000000001,44.42859999999994,27.417116666666722,15.755816666666624,13.42301666666667,8.341383333333308,6.143816666666659,6.470933333333326,9.566749999999978,20.12858333333333,37.27610000000002,57.952899999999936,61.9004666666667,62.80116666666666,65.33038333333324,56.646450000000044,45.67459999999993,34.8206833333333
2025-06-12,21.531422222222247,16.150738888888885,13.675227777777758,18.046094444444428,27.805649999999943,41.95398333333326,49.01142222222218,36.954411111111085,21.71606666666675,12.98697777777775,11.290722222222204,7.040649999999984,4.860477777777761,5.873761111111102,10.219072222222193,21.673283333333337,38.82213333333333,60.34253888888886,64.84616111111104,66.25119999999997,70.94689444444435,60.49612222222223,46.779372222222264,36.198688888888924
2025-06-13,43.19944999999996,35.44480000000003,31.68413333333334,37.023466666666664,49.60258333333335,67.89166666666671,71.80695,54.53055000000002,36.44006666666672,23.70959999999992,18.805316666666624,12.125499999999985,9.739400000000002,12.009516666666663,18.50998333333331,34.1440333333333,53.2650833333334,77.20379999999994,84.33138333333335,86.13769999999995,84.54081666666677,73.60346666666658,60.363200000000056,48.18086666666671
2025-06-14,57.11564999999999,47.1355333333333,42.362533333333445,46.606233333333364,54.87310000000002,63.220433333333254,64.01443333333332,48.937216666666714,34.24721666666667,24.58664999999998,19.69895,11.808116666666638,9.099366666666672,12.275300000000014,18.935216666666662,33.4321,53.80793333333336,74.60351666666655,84.39715000000001,85.56376666666657,88.07029999999993,78.06930000000001,66.55393333333336,53.55950000000007
2025-06-15,28.08188333333339,22.50799999999991,19.278633333333357,20.63276666666662,22.564450000000008,22.786316666666654,20.687299999999965,10.419799999999976,3.0873166666666707,-2.253766666666664,-5.2923166666666805,-14.024033333333358,-20.412300000000027,-15.994216666666707,-3.9048999999999987,5.558316666666676,22.06540000000004,42.47018333333333,53.358749999999894,58.78398333333319,65.68418333333321,55.773750000000064,43.79456666666672,33.38051666666663
2025-06-16,20.385233333333318,16.75468333333334,14.26981666666664,17.500049999999987,24.27053333333329,35.49691666666665,38.609500000000025,28.007716666666667,14.808116666666656,8.11388333333331,7.590999999999989,3.017966666666673,1.1033666666666684,2.118716666666671,3.906566666666666,13.135066666666651,27.807133333333375,49.24118333333334,52.68413333333323,58.79889999999991,65.10338333333318,53.681183333333394,41.32426666666665,31.650666666666645
2025-06-17,31.552883333333355,25.30258333333338,21.33369999999997,27.52576666666669,38.642183333333314,54.848316666666626,62.161199999999916,46.7116166666667,28.091283333333376,15.230683333333278,10.949049999999984,6.499916666666654,5.07688333333333,7.365133333333317,12.682816666666668,29.65865000000006,49.66026666666674,76.33513333333332,82.81976666666677,82.50901666666674,83.77133333333343,71.83036666666668,57.978466666666684,44.96818333333344
2025-06-18,69.42136666666661,60.31246666666673,55.62088333333339,60.79205,74.79336666666661,94.0273000000001,101.57653333333323,85.24920000000003,66.97548333333327,52.92455000000005,44.492333333333335,36.74920000000011,33.45231666666668,36.184466666666694,43.44598333333329,60.11445000000008,79.46648333333336,100.08568333333332,107.59003333333335,105.3011666666668,98.7998333333333,87.03084999999979,76.28216666666663,65.44763333333346
2025-06-19,52.42523333333324,44.683466666666654,39.25549999999998,44.62990000000001,56.86349999999997,76.3861833333333,83.02938333333319,64.51603333333323,44.866949999999946,30.869366666666654,24.658516666666678,19.257666666666694,16.639249999999997,17.549783333333288,23.550916666666676,41.095066666666646,61.9168833333333,84.83430000000001,92.54726666666676,87.75048333333332,86.00846666666672,74.7468,64.45764999999999,51.28796666666672
2025-06-20,68.66789999999989,59.01425833333326,54.9934666666666,59.47400833333326,72.85062499999997,92.55081666666683,97.99865833333328,76.50963333333307,55.169791666666704,40.73866666666671,34.42075833333333,27.73283333333332,24.249908333333334,25.402441666666608,32.483099999999965,54.08183333333324,76.47714166666661,100.72006666666668,110.44184166666693,106.08970000000001,103.31046666666654,88.95744166666651,80.58624166666665,64.57604166666665
2025-06-21,88.79873333333336,80.36293333333346,75.49958333333342,77.06483333333334,86.18923333333329,100.26569999999992,105.90371666666648,94.10591666666657,76.5115666666667,63.41684999999988,55.01128333333332,47.8891666666667,43.11681666666674,47.01911666666656,56.28095,75.1567,95.22393333333328,115.37251666666668,121.30293333333337,115.49169999999991,109.24528333333326,98.49604999999993,88.7854666666667,78.42376666666665
2025-06-22,65.31436666666669,57.28506666666658,50.712616666666655,53.47445000000003,60.78951666666668,68.4138666666667,69.69551666666662,54.04668333333341,37.559083333333305,27.456699999999966,22.984199999999998,15.775566666666634,12.847333333333328,16.541883333333327,25.206199999999974,46.52240000000008,69.93059999999993,91.97994999999987,101.43125,97.12973333333333,98.47794999999984,87.10851666666677,72.78951666666676,59.894016666666744
2025-06-23,26.99849166666667,21.256783333333352,18.009766666666636,23.988358333333345,36.013741666666704,54.43304166666658,60.58937499999994,45.838891666666605,27.411416666666675,17.594299999999983,13.870483333333308,10.083824999999964,8.13464166666666,9.295341666666646,15.277750000000003,31.224649999999976,56.491599999999984,80.8527166666666,87.42190833333333,83.65907500000004,82.60672500000005,72.98308333333338,59.81325000000008,48.27028333333331
2025-06-24,60.47413333333321,49.84836666666662,46.378516666666656,52.90576666666664,68.70234999999991,90.18344999999995,93.36918333333337,70.26133333333317,45.86645000000005,30.377933333333274,25.881683333333356,20.56876666666666,17.607900000000008,18.593999999999948,26.8798666666666,50.452916666666646,72.7814666666667,96.16981666666673,106.99178333333343,104.45103333333347,102.38071666666669,88.70548333333322,78.86646666666651,64.78755000000005
2025-06-25,65.91396666666674,54.05136666666653,51.05116666666665,57.39729999999997,73.50439999999995,93.9501666666667,96.66918333333336,71.69789999999998,44.932616666666746,29.429466666666613,24.09365000000001,18.480249999999998,16.65156666666668,18.22741666666658,26.48103333333324,50.496883333333294,75.58270000000006,101.1281333333334,112.08631666666675,110.06400000000002,107.11158333333341,90.58271666666657,78.99583333333308,64.42746666666665
2025-06-26,82.99073333333335,75.30493333333334,69.54890000000002,72.60126666666665,84.3245999999999,100.27771666666682,105.49226666666647,89.57943333333327,70.0171166666667,56.10796666666661,46.87278333333334,40.00558333333342,36.17518333333338,38.830983333333315,46.30474999999997,68.84655000000002,90.65993333333341,112.56831666666658,121.52739999999993,114.9745999999999,107.64424999999994,94.33924999999998,85.2864999999999,73.17231666666665
2025-06-27,73.18279999999992,65.1873666666666,61.841366666666566,67.11370000000005,79.22513333333315,96.21821666666682,100.93781666666658,84.52816666666686,61.797583333333314,48.05308333333327,40.520483333333374,32.86830000000007,29.047583333333375,30.970533333333314,40.531749999999974,63.994466666666604,85.60548333333355,105.74185000000004,116.46030000000027,112.09431666666671,107.05893333333347,92.91994999999993,86.09856666666651,74.60616666666677
2025-06-28,76.93291666666673,68.6109166666666,63.6814,68.45069999999996,76.72288333333324,88.47198333333327,90.56959999999994,74.2726166666668,54.059066666666766,41.05183333333337,33.671883333333376,25.5222,22.06149999999997,25.519416666666636,35.04663333333334,61.32736666666669,82.31349999999992,103.33509999999995,112.87940000000022,111.3085333333334,108.21234999999997,95.31409999999997,85.85153333333324,73.34718333333343
2025-06-29,69.65836666666667,59.08999999999987,55.117316666666675,57.9164833333334,63.10811666666671,71.75416666666663,69.89749999999998,50.567066666666705,32.09576666666667,22.553283333333294,18.592399999999984,12.17964999999996,9.77303333333333,12.630499999999975,20.484400000000004,44.22586666666666,70.41431666666668,94.53519999999992,106.51078333333356,104.5718999999998,105.72113333333333,93.0802666666668,81.72229999999985,68.57083333333328
2025-06-30,70.89588333333336,60.67761666666651,57.906766666666556,64.25253333333335,77.1307999999999,94.44569999999999,94.18243333333348,71.09271666666662,45.781300000000066,32.84186666666659,27.043649999999996,20.971216666666646,18.31441666666666,20.244083333333236,29.86773333333325,56.46241666666665,82.0833333333333,106.1451166666668,117.52141666666692,115.70104999999998,112.99551666666686,96.7911833333334,89.33439999999985,75.12883333333332
2025-07-01,93.82896666666662,86.48813333333317,79.85678333333331,82.79366666666681,94.11358333333327,114.62300000000005,121.46678333333347,108.97619999999998,93.69634999999995,82.3330666666666,74.06623333333336,67.21681666666656,61.48870000000005,63.04383333333327,69.94124999999988,86.2546166666665,106.8385500000001,128.16336666666652,134.79193333333362,126.54219999999991,117.36966666666655,104.4939166666663,96.56698333333344,88.53726666666684
2025-07-02,110.5260833333333,104.93183333333357,98.6653666666666,102.06295000000004,119.81933333333329,141.3305166666664,153.47565000000006,147.8713333333334,137.5340666666671,125.54191666666632,118.28480000000006,111.28533333333306,105.69844999999997,106.91621666666668,113.6814833333334,127.21138333333316,154.31578333333331,180.7210666666664,181.00045000000006,161.56223333333344,145.9841666666669,127.06056666666639,117.20018333333346,106.98411666666644
2025-07-03,79.58686666666677,73.42273333333328,68.33223333333325,71.70344999999998,81.41943333333326,98.547,106.97633333333323,98.08281666666662,82.71799999999998,69.5665666666666,60.3031499999999,52.63421666666671,46.85996666666662,48.466483333333365,56.95945000000008,74.36413333333329,94.47766666666672,115.63080000000002,123.73931666666674,116.35473333333343,107.27060000000006,96.8536333333332,88.4760166666666,78.45865000000008
2025-07-04,77.3928388888889,70.94096111111114,67.01933888888883,72.29011111111106,83.05524999999996,99.84027222222208,107.70933888888906,95.24929444444435,79.28177222222229,66.45209444444433,57.355855555555486,47.98939444444452,44.29477222222221,48.02069444444441,55.64718333333318,73.95573888888887,92.46573333333323,111.1385111111111,119.6570555555558,113.4419444444446,107.47199444444456,95.4286333333332,89.09705555555543,79.15803333333334
2025-07-05,36.72046666666659,29.465166666666658,24.347283333333362,29.93345,39.46856666666672,49.68395,55.67315000000005,45.82351666666669,31.8043833333333,23.067949999999968,19.732483333333317,13.305849999999978,10.225166666666667,12.550749999999983,18.59516666666667,33.50829999999999,58.72703333333331,82.67883333333326,89.18750000000017,84.17583333333339,84.51156666666675,75.55963333333344,60.91945,49.274499999999904
2025-07-06,57.587966666666674,48.06164999999996,42.95576666666668,46.06944999999997,52.5211000000001,58.30511666666659,55.511800000000015,37.79726666666666,22.775366666666713,14.305666666666644,11.417883333333277,4.802166666666656,0.5460000000000016,4.087016666666668,11.814033333333303,27.445833333333347,55.80018333333334,80.2447166666667,91.82743333333343,91.62451666666641,92.50755000000011,82.78301666666665,69.5376833333332,58.64956666666665
2025-07-07,23.72151666666666,17.673083333333352,14.723366666666667,20.60356666666666,33.730583333333364,55.2999,63.99940000000004,52.25006666666669,36.92966666666673,25.7101833333333,21.59776666666669,17.475599999999996,14.810466666666656,14.82941666666666,19.95339999999999,30.674116666666645,51.39698333333329,73.83666666666659,78.41048333333332,70.89936666666658,67.35198333333328,61.15549999999998,50.908116666666686,41.83249999999996
2025-07-08,36.146016666666604,27.536833333333323,23.9746166666667,32.12863333333333,46.52349999999994,70.48736666666673,81.33700000000003,66.99221666666666,49.05210000000003,33.88718333333336,30.061500000000002,23.30546666666664,20.229283333333306,19.898866666666652,24.658000000000015,36.797950000000036,61.56165000000009,82.94783333333349,90.36795000000005,82.73475000000006,82.3137666666667,74.11431666666658,61.91188333333334,51.478616666666646
2025-07-09,40.6873166666666,32.22650000000003,28.593199999999992,36.16596666666662,49.50990000000004,70.13588333333324,78.24800000000002,58.971149999999916,41.37016666666673,27.264733333333307,22.64151666666664,16.246550000000006,13.090233333333321,13.465500000000004,19.5658,34.303133333333335,59.611383333333286,81.26634999999995,91.54463333333356,85.77639999999995,86.58133333333326,76.69291666666686,64.56838333333339,51.02883333333336
2025-07-10,72.90394166666667,64.84777499999997,61.357624999999985,67.81433333333335,80.48092499999993,100.74976666666682,105.21880833333334,86.67742499999996,65.22245000000005,50.090524999999985,42.55175833333332,34.862325000000055,31.559533333333317,33.37405833333336,41.14067499999996,60.985791666666614,82.85909166666656,107.65037500000001,119.1524250000001,113.75570000000019,108.02272500000011,92.91455833333323,82.51773333333333,70.69083333333343
2025-07-11,59.2251666666665,49.66668333333322,45.06699999999994,52.572816666666704,65.97970000000001,84.42255000000007,87.89200000000005,71.72538333333328,52.33215000000008,37.81271666666667,32.09935000000004,23.12351666666669,20.167183333333334,20.525466666666638,28.113966666666645,48.50873333333333,72.13778333333325,95.04696666666658,102.2605666666669,98.52615000000006,96.80521666666685,83.41190000000002,71.91220000000011,60.00523333333345
2025-07-12,65.4816166666667,55.345499999999966,50.88683333333345,53.7852,59.68273333333333,66.39584999999987,64.20303333333325,45.8239,30.33198333333338,20.43208333333333,17.683416666666627,11.468533333333317,7.694183333333323,10.323583333333328,16.899333333333328,35.19086666666665,60.80618333333341,82.17808333333332,92.05404999999996,91.5113499999999,94.95419999999993,85.19163333333337,72.54191666666665,60.6829666666666
2025-07-13,64.19113333333338,54.32211666666649,49.65531666666673,51.13499999999998,55.11768333333338,57.37823333333333,51.943799999999946,33.13981666666665,18.53476666666666,10.992399999999991,8.441699999999972,1.5222666666666702,-1.3382666666666672,2.814566666666667,9.33016666666665,26.210649999999962,52.60046666666665,74.69539999999996,89.32841666666664,89.33463333333313,95.23150000000007,85.92043333333346,71.61163333333336,58.97643333333321
2025-07-14,59.049433333333326,48.17196666666667,43.67208333333332,45.866366666666664,51.0466833333334,58.48215000000005,56.325083333333275,38.11799999999996,24.194916666666693,16.196566666666648,13.449849999999975,7.078866666666657,4.208333333333331,7.146966666666673,13.631733333333319,27.08998333333336,50.597266666666705,76.63893333333323,90.93203333333345,91.50904999999996,96.50333333333349,85.43821666666689,69.74826666666658,56.95881666666657
2025-07-15,49.95913333333322,41.37470833333332,37.02663333333333,44.00772499999999,54.54212499999996,70.52452499999994,73.41250833333325,57.02245833333325,39.15604166666672,28.000858333333326,22.667933333333302,17.54234166666665,14.338433333333324,14.662933333333346,22.06543333333331,38.57549166666671,62.844783333333375,85.5082583333334,94.84681666666683,92.03255000000004,95.14627499999996,83.11840833333342,72.8310333333333,60.34172499999995
2025-07-16,50.52358333333324,42.726933333333335,38.562916666666595,46.29898333333327,56.24701666666674,71.59328333333329,75.71935000000009,59.136666666666585,40.57176666666673,30.373700000000007,26.138433333333346,20.169366666666637,17.193483333333326,16.454249999999966,22.10433333333331,37.94615000000003,61.92176666666668,83.87083333333318,93.51028333333352,93.39008333333341,96.17320000000022,83.13818333333329,73.97065000000013,61.53303333333338
2025-07-17,77.42336666666655,68.9327499999999,64.64838333333324,70.40768333333337,83.04401666666651,98.63275000000013,102.47046666666645,85.75275000000002,63.63685000000001,49.10066666666665,43.33373333333326,34.063016666666684,30.74800000000004,33.49460000000003,43.77614999999999,66.45586666666665,87.09248333333326,108.97428333333332,119.14716666666669,115.86836666666687,112.03301666666678,96.63383333333317,86.59568333333334,75.72100000000025
2025-07-18,83.71756666666666,76.82830000000003,72.9497666666667,77.6830666666667,86.0237833333333,102.03696666666684,107.46526666666654,94.68528333333313,78.52684999999991,65.36991666666655,57.713649999999916,49.40215,45.19799999999997,49.946866666666665,58.09370000000001,74.26616666666668,91.93163333333315,112.19546666666666,121.43645000000014,117.07786666666686,112.24968333333338,99.37568333333304,91.08641666666672,81.06180000000009
2025-07-19,80.99513333333329,71.53361666666673,67.7126333333335,69.79835000000003,73.83300000000015,81.83555000000011,83.12901666666669,70.50331666666668,54.734766666666616,43.34248333333336,38.592799999999976,30.23196666666667,26.06598333333331,29.459766666666656,37.948466666666626,58.236250000000034,79.56624999999991,97.55868333333305,105.9277333333333,102.99930000000005,102.65210000000003,93.46440000000008,83.34423333333329,73.17258333333328
2025-07-20,33.2913333333333,25.95858333333334,22.11046666666671,23.988033333333327,26.172316666666667,28.22623333333327,27.068100000000065,16.338916666666663,7.566683333333317,1.9600833333333352,-0.49536666666666596,-8.21700000000001,-15.17518333333334,-14.376983333333367,-2.3301666666666696,10.825266666666648,34.22681666666674,59.54420000000007,72.04495000000014,75.94203333333341,80.98621666666668,73.03766666666672,56.535000000000124,44.44823333333328
2025-07-21,31.093438888888915,24.40831111111116,20.61777222222222,25.422105555555582,32.74983333333324,44.545899999999875,48.06598888888894,37.035077777777765,23.7799555555556,15.293494444444423,14.152999999999999,8.238766666666656,4.179188888888889,4.647338888888886,10.459116666666654,21.817166666666644,41.76998333333332,65.8691833333334,70.81601111111117,71.37692222222226,74.0092055555554,65.5177333333334,52.28595555555548,41.42666111111107
2025-07-22,51.93216666666667,41.47439999999999,37.778999999999975,46.55918333333328,59.57181666666665,77.3199833333333,81.19483333333326,63.46135000000003,43.006600000000034,29.83521666666662,26.47096666666663,20.275816666666692,16.59399999999998,16.991733333333315,23.535699999999977,39.967783333333315,61.797916666666595,84.39869999999989,92.72133333333342,92.26915000000017,92.89103333333333,80.37360000000011,68.5662833333332,57.17248333333338
2025-07-23,71.30511111111106,63.87637222222215,60.81075555555549,67.2930166666666,79.27178333333322,94.89350555555572,100.10291666666635,81.88288333333341,62.73111111111102,50.58230000000003,44.80219999999992,36.580316666666704,33.75197222222221,35.44658888888895,43.40619999999996,61.507211111111054,80.96386111111111,102.62124999999986,111.6112888888891,111.42064444444472,106.8091555555556,91.47483333333342,82.45572222222212,71.17296111111123
2025-07-24,79.2773222222221,71.32444722222223,66.47669583333337,73.48588333333339,83.55911388888885,100.01850000000016,106.6960986111112,95.84405694444443,81.63166250000006,71.36104444444437,66.11585000000001,57.2893958333334,52.97969722222228,53.354988888888855,59.74757777777779,73.75881944444448,91.70803611111093,109.09061388888875,115.61835555555565,112.63990555555567,107.38017638888891,95.50106666666659,84.89811527777776,74.53307500000007
2025-07-25,73.98093333333321,66.22591666666672,62.39603333333337,69.76585000000014,78.72900000000006,94.97378333333333,101.92086666666658,90.05813333333333,74.65191666666671,64.07409999999997,58.98814999999996,48.02078333333339,43.12544999999995,43.32748333333334,49.69388333333334,64.69219999999993,83.16408333333338,100.67796666666665,107.90753333333352,104.98126666666663,102.7973666666666,92.87466666666661,82.41211666666662,73.53598333333333
2025-07-26,69.44797499999986,58.8562416666666,53.87585833333343,54.58362499999994,56.98657500000011,59.97708333333321,57.1554083333333,41.70774999999996,24.2356333333334,16.18145833333331,13.679008333333307,8.753383333333302,5.593674999999999,7.53669999999999,13.330008333333318,30.589799999999954,56.17340833333332,79.18776666666677,92.79317500000016,94.54955833333314,99.63781666666665,90.75044166666683,76.153075,64.64629166666658
2025-07-27,37.756733333333266,29.940483333333294,26.216633333333395,27.543416666666612,28.611899999999988,29.910883333333235,25.347116666666686,15.105199999999964,6.7801,2.3056500000000004,0.8945999999999996,-4.566916666666669,-9.91948333333334,-8.228866666666676,-0.010900000000000359,9.631983333333324,30.602866666666685,51.61089999999997,67.50603333333349,71.45280000000007,79.49878333333336,70.86703333333351,54.673983333333354,42.414616666666625
2025-07-28,42.58526666666665,34.786450000000045,31.540633333333336,37.86560000000002,44.71973333333333,56.88063333333321,57.7374,44.641533333333314,30.655933333333373,24.0858333333333,21.565499999999982,14.93476666666666,10.508766666666666,12.027166666666673,18.072783333333316,30.03134999999999,47.13619999999998,69.5472833333332,76.41021666666664,79.46578333333328,84.47286666666659,73.19616666666678,62.16595,50.40099999999995
2025-07-29,32.268016666666675,25.500233333333362,23.382099999999987,28.79433333333333,36.992766666666654,50.1441833333333,54.239549999999966,39.129716666666624,22.801350000000046,14.658499999999965,13.220366666666635,7.9866833333333185,4.594466666666664,5.9034499999999905,10.774133333333333,23.312983333333307,46.010783333333315,69.0329666666666,75.48985000000009,78.84361666666668,83.77921666666678,72.17143333333331,58.387616666666766,45.550233333333324
2025-07-30,42.44893333333329,32.81626666666669,29.664249999999956,39.14299999999996,50.16403333333339,66.1377666666667,73.95418333333326,59.96964999999998,43.07636666666669,33.676150000000035,30.022116666666705,21.486783333333364,18.132283333333344,18.82236666666667,24.715050000000016,40.11698333333332,63.40659999999996,85.87046666666657,89.85043333333351,89.82851666666686,90.89000000000006,79.94299999999997,65.54393333333336,53.40969999999997
2025-07-31,63.7439333333332,55.350949999999926,51.049566666666706,58.56166666666677,69.06630000000001,85.03748333333347,90.04828333333319,74.90855000000009,56.9359333333334,46.33020000000004,41.249966666666644,31.616066666666725,27.002449999999985,27.77744999999999,35.38145000000002,50.58001666666656,68.78969999999997,88.5196999999999,95.63270000000006,97.1352833333335,98.1640666666665,85.73123333333325,76.49533333333319,64.79100000000015
2025-08-01,73.90131666666646,63.97704999999992,59.55625000000007,66.23913333333336,77.12958333333337,91.53239166666683,94.74834999999987,78.89836666666666,60.27220833333337,50.89070833333334,46.12641666666653,34.88559166666679,30.34459999999998,34.70638333333338,43.02496666666668,58.495291666666574,75.78977499999993,94.83284166666665,102.58922500000006,104.51182500000002,103.70748333333323,91.22781666666654,83.92433333333324,73.8654583333335
2025-08-02,61.617283333333255,51.494600000000005,46.18950000000004,46.85663333333336,48.53395000000006,49.35354999999996,43.40239999999992,29.174033333333337,15.164983333333305,9.486183333333328,9.120499999999979,4.0171666666666574,0.3768666666666677,1.7842666666666651,6.621883333333335,21.03359999999999,43.96278333333337,67.3410000000001,82.31950000000016,87.87159999999992,95.20531666666673,85.95031666666699,66.83004999999993,54.55960000000011
2025-08-03,57.48086666666655,48.360616666666616,43.608300000000035,43.92373333333333,46.49656666666671,47.1682333333333,39.909900000000036,25.8817333333333,13.568233333333318,8.53941666666666,7.481699999999973,1.620383333333332,-3.2142333333333353,-0.36998333333333305,6.3939333333333375,21.368550000000006,44.25179999999998,67.72041666666676,80.28348333333332,85.65834999999983,93.15735,83.07838333333358,67.3938000000001,56.423249999999925
2025-08-04,56.27946666666658,46.47883333333328,42.779466666666735,48.86348333333341,56.74773333333329,68.01766666666653,67.97365000000003,50.6062833333334,35.581333333333376,27.71083333333331,24.429500000000004,17.749000000000002,13.501583333333345,14.660916666666678,21.356683333333347,35.22524999999999,54.04036666666669,76.6341833333333,87.72459999999998,91.27673333333337,95.69626666666646,84.15153333333345,71.03713333333324,57.909450000000106
2025-08-05,19.92738333333332,14.530316666666664,12.846683333333326,15.794883333333336,21.566699999999987,30.228316666666583,32.96633333333336,22.74941666666668,10.196733333333324,3.6289333333333365,1.2425000000000002,-4.51896666666667,-7.683016666666677,-4.664066666666664,1.631383333333332,11.79004999999999,29.834216666666627,50.72281666666661,55.079066666666684,61.612799999999986,66.23524999999998,56.67173333333339,41.57440000000003,32.09125000000002
2025-08-06,39.22114999999995,32.902499999999975,29.253133333333334,35.452900000000014,43.21473333333335,55.27106666666666,57.027766666666686,42.2176833333333,26.38033333333333,18.73351666666663,15.351900000000002,7.5359333333333325,4.779049999999998,7.599883333333346,14.400566666666661,27.493066666666667,47.84525000000005,71.85564999999998,80.09935000000017,84.18408333333335,87.32426666666666,76.12443333333336,61.351616666666594,48.75148333333335
2025-08-07,58.255433333333265,49.566683333333316,45.47040000000005,51.90281666666668,62.64888333333335,76.28103333333338,79.18311666666676,62.06668333333339,45.603449999999995,35.669950000000036,30.909216666666666,22.673600000000018,20.469733333333316,22.543033333333327,29.598383333333324,43.32051666666665,64.22781666666666,87.44239999999996,94.7700166666667,96.98034999999999,96.82146666666662,84.73943333333328,70.24771666666656,58.95951666666672
2025-08-08,59.2321,53.35716666666659,49.277099999999926,53.13524999999996,61.81421666666674,76.53456666666666,79.67199999999998,64.58378333333344,44.57381666666657,33.323033333333335,28.532800000000062,21.438049999999983,19.061700000000005,22.145216666666634,29.126916666666627,48.534333333333386,69.12691666666659,91.52206666666659,99.51959999999991,99.54558333333323,99.09100000000001,87.9593999999999,75.57671666666664,64.5695166666667
2025-08-09,59.55799999999991,50.70554999999997,44.97885000000011,45.55366666666669,47.89978333333343,48.74013333333332,44.807933333333295,31.32365000000001,17.601749999999992,9.634399999999998,7.391733333333311,0.9103833333333347,-2.7287333333333312,2.1036166666666642,8.781999999999982,24.668116666666638,48.35504999999997,70.8571666666668,84.60789999999997,85.59638333333307,92.21381666666655,82.82703333333343,65.93291666666669,53.785316666666674
2025-08-10,51.19968333333325,42.18776666666663,37.0869833333334,37.33604999999999,38.85606666666671,37.497716666666655,29.604449999999996,15.220099999999963,5.349066666666651,-0.49211666666666737,-3.3638999999999997,-11.842250000000003,-16.561933333333357,-10.030783333333325,-0.037900000000000385,11.631933333333311,34.1969333333333,60.752066666666764,77.3322666666667,83.18066666666653,89.85363333333345,80.12720000000003,63.902900000000066,52.609449999999875
2025-08-11,26.394433333333325,21.104216666666677,18.260783333333336,22.88726666666671,31.24048333333335,45.30676666666665,48.9793166666667,35.52508333333326,18.578666666666663,10.229266666666641,8.315983333333309,3.4837500000000015,1.1312333333333338,3.457766666666668,8.43113333333333,21.569433333333322,44.46244999999992,70.43296666666666,75.20528333333344,75.78995000000005,79.37955000000001,68.7830666666667,54.82028333333332,42.574183333333366
2025-08-12,74.48214999999992,64.79496666666658,60.46614999999999,64.35530000000001,73.80371666666666,86.61036666666672,86.75365,65.62326666666657,44.14496666666669,31.07176666666662,25.138716666666674,18.746866666666634,17.143033333333328,21.633299999999945,30.99131666666668,54.4701166666667,78.60309999999998,103.19998333333324,114.2314666666667,111.67836666666662,110.21225000000005,95.7284,83.56503333333335,69.40753333333338
2025-08-13,82.5380291666666,75.5983375,71.39185833333326,75.9782375,85.20983749999984,100.45682083333341,103.14854166666659,87.67092083333343,69.61625416666656,56.34233333333335,45.82904166666663,36.67370416666671,34.13382916666666,42.761449999999954,55.529441666666635,74.87928749999989,94.74715833333332,117.14885833333354,124.9243791666666,122.2957583333332,115.37833750000024,100.42643749999975,90.80725416666661,81.73417500000012
2025-08-14,89.17403333333331,83.20583333333339,78.52678333333337,82.70018333333333,93.49196666666653,108.59188333333334,114.72284999999987,102.5274833333332,89.20796666666668,78.16339999999991,70.43268333333323,61.00464999999996,57.62840000000022,64.88979999999997,73.94973333333353,88.34369999999996,108.37196666666664,131.7310333333332,132.93423333333322,126.73989999999993,116.31639999999999,102.43568333333302,94.45659999999997,85.5021833333334
2025-08-15,79.67679722222216,69.62676666666684,65.09909444444443,66.99816944444454,71.33784444444443,79.62816666666669,80.77333888888897,67.95201111111108,50.5430111111111,38.303766666666704,32.99679444444448,25.457088888888897,22.291391666666655,26.905527777777777,36.134147222222175,53.82444444444443,75.64505277777785,95.98393333333318,105.82869722222217,105.18336388888866,103.23654444444442,93.0791722222223,77.99913611111107,67.5037555555556
2025-08-16,62.95921666666666,52.99451666666661,48.425833333333294,50.209183333333286,56.13820000000012,62.529166666666654,60.50135000000002,43.455833333333366,29.395166666666707,20.28648333333334,16.683266666666633,10.663283333333338,7.5872833333333345,10.995766666666645,18.285049999999988,34.47053333333331,59.833933333333356,85.05751666666679,96.54933333333335,95.38626666666654,96.20210000000021,86.41943333333333,72.22004999999994,61.76396666666665
2025-08-17,49.52309999999995,40.44216666666666,35.822300000000055,36.180266666666654,37.655883333333385,38.93196666666662,33.36396666666669,20.54899999999999,10.329849999999958,3.2542666666666684,1.4175333333333346,-6.564783333333349,-11.075050000000017,-5.452799999999997,2.9114666666666644,14.08401666666666,38.73228333333333,64.00280000000004,78.05924999999996,80.58459999999975,87.54473333333333,78.79778333333336,61.64279999999995,50.7633333333333
2025-08-18,51.90143333333323,44.05513333333327,40.97034999999999,47.81594999999998,54.653550000000116,67.24136666666664,69.74446666666667,55.21658333333341,36.60975000000004,26.990349999999975,24.504066666666663,17.991149999999987,14.741050000000001,15.819749999999976,23.82183333333332,40.516350000000045,64.36371666666652,88.39116666666668,97.54221666666676,95.92265000000009,99.49170000000004,87.75156666666672,76.25433333333335,64.10136666666669
2025-08-19,76.20080833333328,69.34610000000008,65.79232500000003,71.21395000000005,82.15013333333332,98.41219166666687,104.70645833333326,90.97571666666671,74.95528333333331,63.82913333333322,57.540924999999916,49.277900000000024,47.027166666666666,51.902841666666795,60.59270833333326,75.65847499999985,93.07211666666663,111.33811666666661,115.58498333333331,112.06390833333339,107.07755833333339,95.82261666666653,87.44435833333327,77.85289166666684
2025-08-20,70.21352222222218,62.12363333333325,57.341372222222226,65.51685555555554,77.86136666666664,94.1770222222223,102.36743888888891,90.27357222222236,74.44410555555554,63.99911666666663,57.74415555555548,45.916544444444504,41.04557777777772,43.50342777777783,50.45158888888884,63.78809999999995,82.3718666666667,101.19217222222242,106.02043888888902,103.23879444444444,100.36580555555534,89.42062777777747,81.47153333333327,71.85401666666678
2025-08-21,25.463983333333314,19.54633333333333,17.36574999999999,21.925733333333348,34.171149999999976,51.5763166666667,58.78183333333337,47.72848333333339,28.956033333333387,20.032299999999978,16.239150000000013,11.713716666666633,8.538866666666658,9.555833333333325,14.197433333333342,26.950566666666656,51.66529999999996,74.59603333333337,79.16885000000002,75.54043333333344,74.90031666666668,66.00305000000004,53.7703666666667,42.57829999999994
2025-08-22,46.01464999999997,38.02811666666664,34.88378333333334,38.98619999999997,45.663499999999985,54.785216666666635,56.164383333333326,41.18733333333332,25.715100000000035,17.744899999999944,14.750433333333303,8.678333333333324,4.520333333333339,6.945750000000001,14.486600000000005,27.654350000000026,51.32896666666666,76.02838333333321,85.31878333333333,86.72179999999985,89.23668333333325,79.07353333333334,65.82033333333327,53.47916666666669
2025-08-23,66.85709999999986,57.30119999999998,52.1186000000001,53.5431333333333,57.24660000000006,59.84754999999998,55.493616666666654,37.76308333333329,22.349966666666695,13.728666666666667,11.530816666666652,5.374149999999991,2.4455333333333327,6.36985,13.158083333333321,28.95723333333337,53.307966666666566,77.38365,91.38268333333336,94.63703333333308,98.87849999999995,88.64085000000024,74.64433333333332,62.69650000000005
2025-08-24,73.1496499999999,63.785350000000044,59.09210000000003,59.95113333333331,62.63888333333335,64.0776666666666,58.85510000000006,40.42296666666667,22.872533333333386,14.360816666666675,12.137616666666645,6.0964333333333185,2.714566666666669,6.8493333333333295,14.023449999999979,32.27821666666664,59.214616666666636,83.80523333333323,98.32133333333336,101.54819999999984,103.42878333333336,93.49581666666703,79.33511666666672,68.00671666666666
2025-08-25,76.70178333333332,69.88602499999983,67.2306416666667,72.50284166666675,80.86786666666654,96.04312500000009,99.90929166666656,84.72080000000004,67.375175,56.53451666666667,49.66047499999994,42.36927500000008,39.59347499999991,44.108933333333404,51.87782499999994,67.03359166666654,86.39100000000009,108.98819999999999,116.90362499999998,114.81575833333336,108.54465833333326,95.63540833333334,87.1091916666666,76.5509416666668
2025-08-26,78.65951666666665,70.9291000000001,66.95106666666673,73.49736666666668,83.05938333333316,98.85271666666685,104.11398333333344,90.74351666666671,73.8462333333334,60.061749999999954,50.84323333333323,42.08238333333342,39.04113333333339,45.67518333333345,56.92590000000001,73.08898333333342,90.34096666666669,109.2438333333332,116.69736666666668,115.6638000000001,109.86881666666677,97.25009999999982,88.41820000000003,79.81330000000001
2025-08-27,78.02029999999998,71.51676111111121,67.77154444444434,73.4720333333334,83.99481666666658,99.63800555555574,105.53276111111111,91.6301,75.55582777777765,64.59581666666665,56.07169999999996,46.88101666666674,44.608949999999965,49.7896555555556,58.08917777777781,71.23876111111107,87.25918333333337,107.33293888888882,115.72663888888897,114.39031666666676,108.67798333333336,96.4518555555554,88.9533555555556,79.08797777777791
2025-08-28,79.22866666666657,71.43145000000008,67.29565000000004,71.81108333333337,80.16698333333333,95.70311666666687,100.99244999999998,88.2363499999999,72.31279999999997,61.08860000000008,53.16170000000005,44.00416666666671,40.61223333333334,43.66353333333334,50.789283333333366,64.99746666666665,81.2825833333334,100.3309499999999,108.36614999999996,107.75879999999995,103.57545000000009,92.72363333333324,83.49166666666679,73.23241666666677
2025-08-29,50.22426666666659,41.119683333333285,37.050499999999985,42.41490000000002,51.370283333333425,63.2501333333332,65.83666666666676,52.60113333333332,35.88166666666665,25.550499999999985,22.723366666666692,16.69003333333331,13.559149999999988,14.470716666666652,20.64005000000004,33.62075000000004,56.60791666666662,79.37523333333338,87.39023333333343,85.79278333333336,86.79370000000004,76.99661666666665,67.42558333333338,56.17736666666668
2025-08-30,43.044249999999934,34.677749999999946,30.07698333333334,31.985583333333295,36.00435000000006,38.60359999999998,36.54133333333337,23.949016666666658,11.469866666666649,3.9728166666666653,1.3466999999999998,-6.402300000000007,-10.696050000000012,-6.721149999999994,3.5391500000000042,15.280216666666634,38.509116666666706,65.31441666666673,78.50258333333335,80.60656666666665,85.3479333333333,76.77408333333342,60.57545000000012,49.23078333333327
2025-08-31,18.566186666666656,15.020670000000031,12.812563333333344,13.770513333333323,15.830736666666656,16.961380000000002,15.716176666666655,7.703226666666674,0.2984266666666655,-4.7107566666666685,-6.105166666666673,-16.447346666666746,-23.52483666666672,-19.937450000000066,-5.264906666666664,6.284599999999995,23.373830000000016,48.85398999999996,61.62451666666664,70.49788666666676,76.99587666666677,67.75379000000005,52.939156666666776,42.39296333333332
2025-09-01,24.474183333333297,18.640083333333365,16.381133333333313,21.319516666666686,33.455949999999994,51.517166666666704,58.53554999999998,44.600966666666636,27.060133333333383,15.912916666666655,13.350066666666669,8.424099999999989,6.213049999999992,7.214416666666648,13.354166666666663,26.999683333333323,48.86344999999995,72.96668333333334,79.1981833333333,77.61270000000003,75.31363333333337,65.67486666666666,54.35473333333326,42.57416666666663
2025-09-02,25.593666666666653,18.460833333333323,15.14168333333331,19.969050000000017,31.278299999999998,46.631633333333355,53.31866666666664,40.07686666666671,21.760133333333364,11.767749999999987,8.592199999999973,4.615766666666665,3.064733333333332,3.647199999999999,7.362999999999981,17.276766666666653,37.271949999999975,59.74554999999993,65.01288333333335,64.03963333333336,64.13656666666662,55.65095,43.92223333333335,33.421516666666676
2025-09-03,21.021950000000007,15.279283333333327,13.456349999999981,16.053166666666673,27.595200000000006,45.034583333333266,52.485999999999976,39.63591666666671,23.040499999999987,13.964850000000014,11.317033333333313,7.46484999999999,5.745999999999989,6.44071666666665,10.701783333333324,19.678650000000015,38.209833333333265,63.049466666666646,66.00669999999992,60.318616666666685,58.0285999999999,50.05555000000002,36.81578333333335,28.380533333333346
2025-09-04,20.040224999999992,14.996533333333346,12.862416666666658,17.10080833333333,27.42965833333331,43.64318333333328,50.57538333333325,37.2912666666667,20.645325000000042,12.17195833333332,10.781941666666643,6.6153499999999985,4.620483333333329,5.851424999999998,9.969141666666648,21.865666666666684,40.04685833333331,64.1302416666666,70.57564166666657,71.68115833333337,73.14729166666672,63.429925000000196,48.68561666666672,38.260708333333355
2025-09-05,48.524633333333334,40.47088333333336,37.02825000000007,45.14058333333338,57.49158333333334,72.96598333333328,76.55416666666667,57.59690000000001,37.612716666666635,25.543733333333286,20.924866666666677,15.225266666666645,12.205166666666674,13.144533333333342,20.166849999999997,37.56901666666665,61.141366666666656,84.76893333333325,93.06600000000002,93.09931666666674,92.81648333333338,80.75570000000013,69.33651666666664,57.0480500000001
2025-09-06,46.54543333333334,39.187383333333365,31.986533333333426,32.116566666666635,37.67708333333339,39.688066666666714,38.35768333333332,25.29411666666664,12.193883333333298,5.022766666666675,2.3539166666666693,-3.718616666666674,-6.503083333333332,-1.8483166666666666,4.668599999999998,13.558499999999992,33.88501666666671,58.33978333333335,69.85226666666655,70.3218166666665,77.24394999999996,68.03460000000008,51.24703333333343,39.20303333333331
2025-09-07,15.837066666666672,11.710300000000016,10.070733333333324,11.031000000000011,13.126483333333345,15.349016666666664,14.231833333333292,6.352849999999993,0.046716666666666906,-4.784999999999997,-5.764966666666678,-15.869966666666718,-22.155650000000062,-17.38456666666672,-4.417483333333326,4.351183333333331,17.03339999999998,35.47700000000001,44.98599999999986,54.29554999999985,62.492783333333364,53.40308333333333,41.64661666666669,31.813966666666655
2025-09-08,55.66543333333341,48.002433333333244,45.69925000000007,53.39410000000008,64.58583333333341,80.23476666666663,84.16373333333328,66.3752833333333,47.26663333333337,35.78240000000008,31.109099999999987,25.549266666666686,21.92129999999997,23.82091666666666,30.57571666666665,45.626833333333344,66.85076666666666,90.17635000000003,98.7273166666667,99.15183333333341,97.59921666666679,85.67625000000007,74.25998333333325,61.2081166666667
2025-09-09,34.230299999999986,27.632016666666665,23.68979999999999,29.866816666666647,41.131650000000064,59.79654999999999,66.65488333333326,53.25419999999992,35.30160000000001,24.78369999999996,20.322166666666714,13.607866666666645,11.126050000000005,12.216366666666675,17.55093333333332,30.61600000000001,53.18038333333341,76.25488333333334,80.37984999999996,77.63290000000013,78.87158333333336,69.32529999999997,58.58071666666674,46.68181666666667
2025-09-10,27.064016666666646,21.727916666666683,16.945516666666645,22.413016666666653,35.31473333333334,56.6993166666666,63.54506666666661,49.66754999999989,30.65395000000006,20.13188333333329,16.025416666666672,11.36774999999998,8.888183333333332,8.799966666666649,11.955549999999981,22.02189999999998,43.102283333333304,66.62393333333334,71.37233333333337,65.0841833333332,65.0853666666666,56.27481666666665,41.27294999999997,31.78163333333332
2025-09-11,14.13226666666668,10.28829999999999,8.234149999999998,9.644233333333313,19.572533333333304,32.47733333333333,37.05598333333334,27.89991666666671,14.094316666666627,9.171766666666656,7.2109166666666455,4.731233333333337,2.7808333333333337,2.5822833333333346,5.175916666666652,10.848316666666657,26.135283333333323,45.70638333333328,48.451416666666645,45.961733333333356,44.736066666666616,39.03209999999997,25.24835000000002,19.996016666666677
2025-09-12,12.639400000000007,8.931333333333322,7.708499999999992,10.619949999999989,19.734916666666635,33.36406666666665,36.881699999999924,24.53474999999998,12.129533333333304,6.982166666666652,5.890033333333319,2.6590000000000087,1.1378000000000026,2.105000000000004,4.725549999999994,11.86546666666667,25.710016666666633,48.051983333333304,52.53058333333334,56.249533333333346,56.6174166666666,46.996300000000105,33.78604999999995,25.218500000000024
2025-09-13,14.700716666666706,10.80901666666665,9.113783333333322,10.58401666666668,12.564516666666673,13.851883333333344,14.011783333333288,7.05845,0.30616666666666875,-5.959083333333328,-8.990783333333342,-19.41746666666671,-26.105600000000084,-21.181733333333387,-7.539983333333337,1.179900000000001,11.562416666666692,26.146466666666623,32.844949999999926,38.82476666666658,44.84788333333322,36.76474999999995,25.860866666666688,18.662516666666672
2025-09-14,17.224583333333374,13.299533333333352,10.928599999999992,11.50158333333335,13.729833333333326,13.358283333333345,12.271716666666642,5.569166666666672,-0.704899999999998,-6.659250000000013,-8.999433333333346,-21.107483333333402,-26.998016666666786,-20.713666666666718,-6.031750000000015,2.8326666666666727,12.728266666666654,28.599783333333324,36.4487666666666,43.68304999999997,50.200416666666655,41.746966666666616,32.068350000000024,24.735850000000017
2025-09-15,10.577766666666657,7.337049999999998,5.986400000000008,6.866416666666664,15.781216666666653,24.662433333333333,30.648166666666626,20.576700000000034,7.963500000000008,4.398233333333328,3.9731499999999946,1.8874500000000056,0.8382000000000015,1.0020666666666678,4.118099999999991,8.878366666666652,19.982549999999993,42.458449999999964,42.52894999999996,39.739166666666634,37.61139999999994,31.19198333333335,18.616266666666654,14.523833333333341
2025-09-16,12.68324999999998,9.35890000000001,8.02503333333333,11.994083333333291,24.889799999999966,42.17331666666667,46.62031666666658,32.68115000000003,18.219683333333364,10.437099999999983,9.08014999999999,6.130999999999993,4.873449999999994,6.166133333333331,9.33038333333333,20.172216666666696,35.92274999999994,61.33063333333328,68.3542833333333,66.43156666666681,63.97939999999995,54.86650000000019,45.21141666666674,36.90068333333331
2025-09-17,55.895275,44.6590083333333,40.852325000000064,48.89570000000002,64.2327541666667,80.55493333333331,86.00762916666675,68.54210833333326,46.10670416666671,30.11307916666663,24.840641666666667,18.95097083333335,14.965491666666672,16.454879166666643,24.22892916666659,43.30160000000002,65.35134583333344,91.72858333333333,100.30747500000007,97.4218958333334,95.48682083333347,83.83764583333337,70.54318750000003,58.193704166666635
2025-09-18,31.16109999999998,25.543233333333323,21.27453333333329,26.95093333333335,40.805699999999995,61.58191666666654,67.56715000000004,51.942216666666546,31.959633333333336,20.337799999999973,15.893633333333337,9.879333333333323,7.9359,9.030599999999989,13.882616666666664,29.096099999999993,52.66433333333326,78.7474166666666,84.84033333333342,79.34636666666661,80.27678333333341,68.03541666666676,49.38814999999994,39.03745000000006
2025-09-19,60.25513333333326,50.40193333333331,45.94301666666663,51.86808333333329,66.93988333333334,86.47135000000003,90.99091666666668,73.95208333333328,51.876300000000015,36.853266666666656,29.84498333333333,21.52694999999999,19.27956666666663,22.239899999999974,29.760333333333303,49.16075,71.50856666666658,95.24690000000002,101.05256666666688,95.49463333333324,92.25223333333342,80.43913333333323,69.13999999999993,57.66081666666669
2025-09-20,32.12658333333334,26.513183333333313,21.333599999999983,23.48291666666668,30.613733333333325,36.27324999999997,39.350750000000076,31.64185000000001,18.557550000000003,9.257633333333306,5.551749999999983,0.24886666666666657,-2.0000333333333318,0.9066833333333348,7.55774999999998,18.88834999999998,41.38173333333331,62.65019999999999,68.53991666666667,63.97334999999987,68.46309999999995,60.3394833333334,47.200983333333376,36.56570000000001
2025-09-21,19.088616666666677,14.182816666666684,11.81498333333332,13.716449999999982,16.523583333333324,19.83861666666665,20.187533333333306,12.81078333333332,4.941333333333326,-0.8275499999999992,-3.050433333333333,-10.75896666666669,-14.975116666666693,-11.249000000000022,-0.48019999999999974,8.612999999999987,26.710383333333336,48.65789999999999,57.07583333333326,60.991349999999876,65.57343333333334,57.237266666666756,44.47240000000006,34.29406666666664
2025-09-22,16.011416666666697,11.464083333333344,9.262100000000006,11.815449999999988,21.05633333333331,34.6139833333333,39.62080000000006,30.97385000000003,16.584883333333345,10.294733333333317,8.078933333333303,5.402033333333333,3.2647833333333347,3.7717166666666646,6.141566666666645,12.149949999999992,26.858449999999994,46.0302499999999,47.73553333333332,44.747983333333366,44.30674999999998,38.23129999999998,26.30233333333334,20.46503333333334
2025-09-23,11.774400000000009,8.285933333333332,6.626933333333335,9.362249999999982,19.462433333333326,32.64706666666665,38.99839999999996,27.049399999999988,14.386533333333343,8.619433333333314,6.282133333333321,3.4831166666666733,1.8932333333333358,2.6344500000000033,4.9862333333333195,11.517416666666664,25.612716666666643,46.04195000000004,47.51583333333331,44.44045000000002,43.53148333333323,36.8202666666667,25.35403333333333,19.288799999999995
2025-09-24,15.297649999999964,10.717183333333354,9.096216666666647,14.165099999999972,30.7776333333333,54.501916666666624,62.404383333333314,47.75191666666669,29.605033333333363,18.658666666666676,15.684583333333313,11.260983333333295,10.406866666666655,12.455349999999989,17.114466666666665,32.353716666666635,54.298266666666606,81.72704999999995,84.77801666666659,78.20234999999991,72.29146666666672,63.45196666666685,54.46886666666669,45.253233333333334
2025-09-25,46.27309999999991,37.68509999999997,33.14828333333336,40.678166666666634,57.79011666666667,81.39140000000008,89.59305000000003,73.41358333333322,51.477550000000065,36.35563333333339,30.923450000000035,23.269616666666675,19.761799999999987,20.788750000000007,27.339799999999897,45.02704999999995,68.21255000000002,94.33051666666674,99.96525000000017,93.80441666666665,90.28830000000019,79.89606666666663,65.90215000000003,54.83141666666668
2025-09-26,65.9434833333333,58.29014999999997,54.525433333333446,60.975049999999975,75.26213333333325,93.71186666666682,103.71519999999977,87.4164333333334,68.0450000000001,54.4372666666667,48.666016666666636,40.000516666666684,37.04723333333325,38.2208166666667,42.960450000000044,58.02851666666662,77.0109666666667,99.76616666666672,104.55406666666671,101.28938333333359,95.97908333333338,85.20003333333318,74.51499999999996,64.49805000000002
2025-09-27,66.98619999999998,58.53476666666672,53.534700000000065,59.41324999999997,66.94158333333337,78.57834999999993,83.65958333333336,72.30616666666666,57.35119999999999,45.76930000000003,39.79221666666667,32.318733333333334,28.752633333333335,32.26736666666663,40.04935000000002,54.82314999999998,75.02713333333342,94.97885,99.68034999999993,94.79359999999983,92.6191666666667,84.70481666666659,73.01746666666666,62.795683333333294
2025-09-28,47.50978333333332,39.35056666666669,33.11891666666673,35.3551666666666,40.06221666666673,41.395900000000005,41.7442833333334,31.877733333333367,19.22000000000001,10.769266666666637,8.636016666666652,3.0874666666666695,0.12998333333333312,4.137383333333341,11.415933333333303,21.694600000000026,45.6041666666667,69.03469999999984,79.90895,75.81226666666652,82.01096666666668,74.64036666666681,58.789266666666734,47.696149999999996
2025-09-29,39.977916666666665,33.768783333333324,29.541049999999984,37.18140000000002,49.39150000000005,69.17893333333333,78.3144666666666,64.8875666666666,48.13703333333337,37.98639999999996,34.37685000000003,26.494533333333358,22.846633333333322,21.820166666666648,27.73924999999997,42.68414999999999,64.65638333333334,89.87509999999983,92.32546666666677,86.08365000000002,84.38248333333345,75.30978333333334,59.77228333333328,49.67371666666672
2025-09-30,59.21806666666654,51.154733333333304,46.160833333333386,53.468200000000024,66.79760000000002,85.79271666666686,94.28053333333331,79.40275000000004,62.524616666666674,49.014500000000055,43.10716666666669,33.670783333333375,30.140483333333286,29.46768333333335,35.175583333333336,51.26625,71.6502333333333,94.18324999999992,100.47295000000013,94.0179666666667,90.15963333333343,81.42544999999994,68.19309999999992,58.84316666666674
2025-10-01,71.13188333333333,62.96355000000003,58.56156666666669,63.00355000000007,74.86743333333324,92.40953333333343,102.7123666666664,88.2374833333334,70.84426666666657,57.97260000000004,51.70014999999999,44.13350000000006,40.489716666666666,42.219116666666636,47.765266666666626,61.49695000000012,80.74691666666675,102.3078,107.35248333333337,102.5145166666669,97.1843666666666,87.92785,79.98525000000005,69.02713333333338
2025-10-02,68.20620555555553,59.30387777777785,55.7695555555556,59.3991333333333,71.37757222222218,92.38118888888914,105.18019444444421,90.59821111111115,71.6278666666667,55.07173333333342,46.89342222222217,37.92820000000005,34.118905555555514,35.73290000000004,43.34292777777784,57.35196666666659,77.62695555555553,101.29044444444443,111.2080833333336,103.68090555555578,96.49427222222216,86.15724444444437,78.66204999999995,66.5205611111111
2025-10-03,38.57359999999993,30.67120000000001,26.316150000000015,30.957166666666634,45.33841666666663,69.08848333333344,80.57048333333331,68.57528333333337,48.8560333333333,33.943149999999996,27.36031666666667,21.33416666666669,19.05481666666663,18.851300000000005,22.902883333333357,34.71101666666663,56.331800000000015,77.64660000000012,82.05926666666676,71.19533333333332,66.82065000000003,59.516483333333234,47.198233333333405,38.090600000000016
2025-10-04,17.155133333333353,12.650433333333337,9.829183333333319,11.270416666666659,17.984216666666672,26.278083333333306,30.424566666666664,23.63021666666667,12.89186666666664,6.941116666666648,4.315416666666666,0.11541666666666678,-2.2617166666666657,-0.9950999999999991,4.692683333333321,12.508616666666642,29.30309999999995,49.71388333333319,54.91401666666661,51.77376666666671,51.10589999999994,44.85990000000004,33.11245000000001,25.922233333333313
2025-10-05,11.320366666666658,8.468149999999987,6.779849999999999,7.512083333333328,11.736333333333329,16.76979999999998,19.08268333333329,12.489966666666634,5.928783333333324,1.4017500000000016,-0.2186166666666662,-3.7947499999999947,-6.251933333333354,-4.907383333333342,1.0527166666666679,7.897233333333309,20.548799999999996,40.72378333333334,47.762449999999916,49.422516666666745,49.84755,43.57571666666673,33.667083333333316,27.136383333333328
2025-10-06,20.073933333333294,16.019800000000025,13.745749999999983,19.575899999999997,34.22174999999999,59.96170000000011,70.36093333333334,55.779199999999996,37.23041666666672,26.719333333333335,24.35296666666665,18.26856666666666,16.434683333333336,18.201483333333304,24.015983333333338,41.02163333333326,63.57963333333337,90.61976666666666,95.01566666666669,87.04173333333344,81.85606666666669,73.36548333333344,65.87491666666675,55.782700000000006
2025-10-07,79.1876666666666,71.86661666666667,68.4274,72.94426666666668,87.01216666666669,106.07503333333356,116.96928333333315,101.66145000000012,84.66213333333337,71.74783333333342,64.16730000000005,56.53301666666666,53.76296666666667,55.22156666666668,62.059483333333375,74.18106666666664,93.42546666666674,118.90740000000001,125.36993333333349,117.14363333333351,108.36818333333359,95.65394999999991,87.78595000000006,77.44636666666659
2025-10-08,84.06170000000003,78.49333333333358,74.2190833333334,75.80259999999997,89.30516666666657,106.82078333333367,121.6628666666666,112.27038333333326,93.49336666666672,79.08546666666662,71.27974999999998,63.97031666666662,59.80711666666666,61.77536666666672,67.64429999999997,79.56706666666663,98.65140000000008,125.50333333333316,138.9956166666667,126.38793333333359,113.42216666666674,101.61151666666659,94.9861166666668,86.07553333333321
2025-10-09,78.97813333333326,72.80988333333346,68.13508333333344,70.38361666666663,82.38856666666652,99.08883333333348,118.04106666666662,106.4618166666668,88.97883333333338,75.44548333333331,68.0721333333333,60.81208333333335,55.787000000000006,56.63906666666662,61.48266666666663,73.1343833333334,90.20226666666676,114.36819999999994,126.84098333333326,114.41103333333362,102.22780000000012,93.11143333333321,88.63264999999997,79.99416666666654
2025-10-10,80.53915000000013,74.13196666666664,69.81625000000012,72.71496666666667,84.56853333333311,101.55298333333354,116.69651666666658,107.27075000000004,87.91353333333342,74.29003333333321,65.95941666666671,56.35356666666674,51.429999999999914,50.69518333333329,57.829083333333465,70.63263333333323,90.06260000000017,114.0721666666666,125.1423333333334,114.98159999999994,105.0555500000001,95.58421666666659,90.30220000000004,80.23971666666667
2025-10-11,76.26186666666675,67.04926666666682,61.44830000000009,65.39909999999992,73.15206666666663,82.77915000000006,88.20406666666655,73.64138333333331,53.36226666666671,39.72984999999998,33.33986666666667,24.935850000000023,20.53813333333334,23.444733333333296,32.54721666666664,51.12038333333337,72.26596666666671,94.66433333333326,104.95911666666669,100.2782833333334,98.3243,89.4932500000001,79.8584,67.9664500000001
2025-10-12,72.57545000000002,63.16714999999999,57.11226666666671,59.077233333333375,62.428733333333376,66.12794999999984,64.50584999999997,49.524516666666706,30.13065000000006,18.957800000000002,14.632349999999963,8.460350000000002,5.371449999999995,8.089416666666665,14.963933333333328,33.652783333333325,61.231666666666584,85.9408833333332,97.92338333333319,97.45196666666666,97.6138,90.70436666666687,79.57378333333335,68.10589999999999
2025-10-13,66.99073333333318,58.08266666666669,53.86913333333334,59.441583333333426,73.24963333333335,95.34126666666675,110.09428333333342,95.6758833333333,74.83955000000003,59.051883333333244,50.829833333333255,41.017516666666715,36.84876666666662,36.63335000000005,42.93163333333333,56.08691666666661,76.55358333333334,99.56380000000006,110.68105000000003,100.39686666666658,91.86436666666668,82.40984999999988,73.79521666666655,63.92196666666676
2025-10-14,82.84956666666662,74.07231666666668,67.16096666666667,71.03986666666655,86.26721666666651,104.75203333333342,119.79863333333324,109.72304999999997,89.56845000000007,74.97008333333326,64.93913333333332,55.964600000000054,49.428016666666764,47.413866666666706,53.040433333333326,69.40898333333332,89.51996666666662,113.09469999999986,126.26441666666688,114.47841666666679,101.05569999999993,94.2810499999999,88.81186666666672,80.47946666666665
2025-10-15,71.7323999999999,63.56415000000009,58.06748333333329,62.95028333333337,77.5785499999999,97.6225000000001,113.54426666666666,104.69870000000003,85.4426833333334,72.3351333333333,63.809716666666645,54.81603333333332,50.07388333333339,49.28683333333337,55.5225166666667,70.68954999999993,92.0446833333334,113.99401666666658,119.35853333333333,105.36723333333335,97.76895000000007,89.59364999999981,80.3083,72.01128333333337
2025-10-16,63.79583518518507,56.86292592592606,49.851575925925914,56.9223407407407,71.70789259259256,92.95518888888878,111.05276481481465,105.72945740740741,87.32415925925925,74.51571296296288,66.34611481481485,58.4407166666667,54.277049999999974,52.18139444444436,58.39051296296298,73.57489074074066,96.8348166666667,120.77646111111137,123.51349259259257,104.02131851851858,95.57667407407409,86.84877777777763,76.11230925925932,68.19973148148144
2025-10-17,79.02356666666661,72.02408333333345,63.82248333333332,69.6919333333333,83.31159999999977,101.26393333333331,125.15829999999984,119.46868333333329,95.03520000000015,81.53803333333317,71.06670000000004,62.070183333333446,56.58589999999999,52.6558166666666,59.004149999999996,72.94151666666671,95.11036666666678,120.77638333333343,131.0338333333332,111.00801666666688,96.46326666666656,94.07843333333324,86.50976666666678,78.26908333333321
2025-10-18,83.21832500000006,75.3602750000001,70.07628333333334,74.20622499999995,84.67925833333325,97.82337499999998,111.64501666666666,101.75022499999997,80.03140833333323,66.74647499999999,57.40555833333327,48.06878333333337,41.521033333333364,42.91070833333327,51.04471666666664,68.10446666666661,89.74220833333332,113.00058333333317,120.70322499999975,109.38295000000001,102.10771666666663,94.94847499999977,87.61615833333343,78.49348333333334
2025-10-19,66.44943333333337,55.09743333333329,49.77585000000007,49.654166666666676,55.82988333333342,61.853416666666526,65.47385,53.942916666666704,36.04356666666667,24.39189999999998,18.574783333333304,12.947799999999976,9.178633333333307,10.163099999999982,16.059933333333323,30.598783333333383,56.90568333333333,81.85874999999993,93.11206666666655,90.03199999999997,88.88915000000003,83.44141666666677,68.46724999999992,57.35100000000002
2025-10-20,15.147849999999995,11.481716666666674,9.627249999999988,11.26556666666666,20.93374999999999,37.03983333333334,48.53914999999997,42.587866666666756,32.30398333333333,25.509266666666615,22.341000000000005,19.85540000000001,17.871966666666637,17.96998333333328,21.753683333333324,27.582000000000015,44.7525833333333,63.31310000000006,65.12791666666664,55.22620000000005,48.97989999999995,45.243700000000004,32.98559999999998,25.231116666666665
2025-10-21,17.213583333333307,13.786733333333343,11.876399999999997,16.24276666666664,31.817783333333324,61.920483333333465,78.37663333333334,70.98359999999998,55.68073333333337,43.85019999999995,40.240050000000025,35.34505000000004,33.98541666666669,36.437549999999916,41.38666666666672,53.939733333333294,75.16598333333339,100.04860000000004,100.59041666666668,85.90316666666686,78.14306666666681,73.16441666666674,62.71613333333347,55.12659999999996
2025-10-22,32.39146666666662,27.65164999999997,23.592183333333306,28.419916666666673,43.14966666666664,67.21093333333337,84.12316666666675,79.41825000000003,64.25084999999999,51.849149999999995,45.46766666666663,39.065216666666736,35.491800000000026,36.487416666666654,40.33958333333337,51.93269999999999,71.58194999999996,95.51126666666669,94.81909999999995,79.7399000000002,70.92843333333336,65.66464999999995,53.02119999999995,44.92780000000001
2025-10-23,26.906583333333337,21.25705000000001,16.98888333333332,17.71223333333334,29.249199999999995,47.162516666666626,63.449766666666704,65.7617,55.45891666666667,44.225366666666574,39.73361666666669,36.1873666666667,31.787683333333323,32.401599999999966,33.69268333333333,41.28141666666666,58.25050000000015,78.48324999999993,75.18415000000005,62.18358333333334,52.66668333333326,47.75425000000009,34.399399999999964,26.797883333333314
2025-10-24,9.952383333333335,6.769533333333337,4.993683333333332,6.888766666666664,14.425966666666657,29.503416666666684,42.202333333333385,41.248233333333424,32.96503333333336,25.719799999999918,23.021366666666665,20.568933333333348,18.24208333333331,19.115933333333306,21.93999999999999,26.81618333333339,40.25578333333338,60.815916666666645,62.732666666666674,51.983099999999986,43.566399999999966,42.57438333333334,29.858783333333335,23.753800000000044
2025-10-25,19.72231666666671,14.633300000000009,11.601799999999969,15.55309999999998,27.08638333333334,44.35705000000001,55.868766666666644,51.48243333333335,38.89188333333334,29.59501666666664,25.032366666666654,20.70808333333334,18.678333333333303,20.87829999999998,25.982799999999987,36.72970000000005,56.75614999999994,79.47028333333334,78.5778499999999,68.2137000000001,63.67049999999998,58.49283333333335,45.82603333333337,38.189733333333336
2025-10-26,13.918166666666696,9.735633333333334,7.730883333333327,9.552333333333323,16.423999999999968,25.41241666666663,30.196683333333368,23.740266666666667,13.315299999999995,8.687049999999983,6.89124999999998,4.095949999999995,2.595300000000005,3.562800000000003,6.78193333333331,12.11249999999998,26.109999999999978,44.70601666666658,46.39791666666658,43.6422,42.53866666666657,36.492099999999986,25.85386666666665,19.099499999999995
2025-10-27,11.838149999999995,8.1107,6.0027333333333335,7.266066666666661,14.987599999999981,27.145299999999978,37.62308333333337,33.82566666666667,24.80089999999992,18.760183333333316,15.574749999999998,12.442699999999984,10.092166666666662,10.983916666666662,13.5854333333333,19.434099999999987,31.85103333333332,49.9563666666666,52.61401666666663,43.32781666666669,35.16298333333331,34.20113333333337,23.520249999999997,18.113200000000035
2025-10-28,57.969133333333275,48.79616666666667,43.80391666666665,50.28536666666664,66.08963333333325,88.07683333333348,99.91903333333343,86.76188333333336,66.48606666666673,50.43311666666669,44.55911666666668,36.63436666666669,32.38440000000002,31.176416666666675,36.68373333333338,53.032516666666595,73.71790000000004,97.29968333333335,106.46496666666675,95.53648333333345,88.73321666666689,80.91689999999998,71.83831666666663,62.166666666666714
2025-10-29,62.602049999999906,56.00617222222218,50.68602222222217,54.059438888888856,66.02480555555549,85.46743888888906,101.13896111111104,95.86916111111121,79.5943722222222,65.88855000000004,58.94186111111122,51.80242222222226,47.888994444444464,46.05728333333336,51.59253333333327,61.989772222222136,79.70992222222225,102.95448888888893,109.69048333333345,94.910738888889,85.15632777777786,79.7425166666666,72.0571055555555,64.0890222222222
2025-10-30,51.37626666666663,45.22674999999993,38.77466666666666,42.565999999999946,56.472383333333276,75.49468333333331,89.76739999999994,86.02858333333332,73.49598333333327,63.881583333333374,57.513299999999965,50.531066666666696,45.59754999999993,46.301099999999984,51.236666666666764,62.51063333333334,80.54068333333333,102.0755,101.65296666666683,89.06965000000005,81.69753333333331,75.34193333333336,65.22503333333326,56.37768333333336
2025-10-31,27.20231666666668,22.689400000000013,17.831649999999975,19.415899999999972,31.76931666666662,48.948466666666725,62.26631666666658,62.606416666666604,51.16544999999993,40.5551333333334,33.34393333333337,28.632366666666712,25.740699999999954,26.16109999999998,29.254299999999972,37.4446333333333,54.31030000000003,75.36414999999997,77.85953333333345,65.01315000000005,55.34659999999996,51.029849999999975,39.41826666666669,31.744366666666657
2025-11-01,15.134035555555599,10.708355555555574,8.672698888888874,10.33505999999999,14.126622222222219,19.791274444444433,24.281875555555526,19.990801111111104,11.964835555555528,5.573599999999997,3.6968055555555535,-1.92671555555555,-5.304711111111132,-2.7093511111111037,4.709542222222215,13.728164444444428,27.18693444444442,46.28934777777779,50.13530111111109,47.29303888888888,44.30555222222215,39.381480000000025,29.13386555555558,22.234642222222195
2025-11-02,26.392416666666733,19.65126666666668,15.816366666666633,18.754633333333338,26.19998333333331,36.356083333333316,41.97305000000001,34.27895000000003,21.932283333333338,14.55479999999998,11.165316666666659,7.251183333333325,4.429199999999998,6.032499999999999,10.923383333333323,20.288483333333307,36.41633333333335,61.55511666666663,66.22878333333344,63.28121666666666,61.1202666666666,53.094550000000055,41.97244999999998,33.250099999999954
2025-11-03,48.64846666666655,40.078333333333305,35.63476666666669,38.964149999999925,52.75416666666663,73.22831666666677,86.36843333333344,76.01838333333336,57.793116666666734,43.06828333333333,37.74701666666667,32.047950000000036,27.37373333333334,27.150433333333353,31.873050000000013,42.746066666666614,59.152833333333355,81.23969999999997,93.04733333333338,80.18943333333348,73.1118166666667,67.25085000000007,59.526299999999964,49.05458333333328
2025-11-04,27.69421666666666,23.584124999999972,19.532666666666632,20.007274999999986,28.582158333333343,44.48751666666671,59.99378333333336,59.116175000000126,48.33403333333326,37.56733333333334,30.442616666666716,26.287225000000046,23.082425000000004,23.179258333333305,26.117724999999936,33.01733333333332,44.70741666666665,67.93987500000003,73.04216666666686,58.941808333333285,50.1961666666666,45.54604166666661,37.13031666666662,29.400266666666713
2025-11-05,13.75758333333335,10.532800000000009,8.324833333333329,8.778833333333337,15.63108333333333,30.07524999999999,43.429449999999996,42.372183333333425,33.63918333333332,24.391249999999946,18.33533333333334,15.823499999999994,13.474100000000005,14.312466666666644,16.95866666666665,22.11688333333338,34.90316666666666,56.770883333333366,62.451533333333415,50.63688333333335,40.71678333333334,38.0187333333333,28.66233333333333,22.342550000000003
2025-11-06,19.25509999999997,15.571450000000008,12.36875,16.271733333333295,31.028033333333322,58.57646666666665,74.25860000000004,70.4645500000001,56.200983333333355,42.245583333333386,36.53448333333341,30.178849999999997,26.10356666666671,28.18643333333331,34.17493333333337,49.82729999999995,68.12101666666666,98.39903333333324,100.41026666666656,86.51261666666684,75.26775000000005,70.57561666666695,63.07176666666671,54.57936666666658
2025-11-07,64.79306666666666,58.4558000000001,54.48220000000006,56.3840666666667,71.32366666666668,89.21346666666687,101.88839999999988,93.64438333333331,76.33949999999992,63.68256666666678,56.49579999999991,48.51830000000003,44.88463333333332,44.40665000000002,48.800883333333346,60.74461666666666,79.04618333333362,102.77248333333338,107.02615000000006,99.92793333333343,91.09503333333342,82.30866666666661,72.38804999999999,61.8230666666667
2025-11-08,71.2402333333333,63.83361666666663,59.4441666666667,62.80069999999997,72.91661666666664,88.26176666666674,99.44968333333311,89.04103333333349,71.7547833333334,59.75730000000008,53.34318333333334,46.9948666666667,43.3354333333333,43.88596666666667,49.1356833333334,61.24516666666666,81.56066666666675,105.00228333333325,109.08186666666671,101.22088333333335,96.36191666666689,88.29655000000012,79.25341666666667,69.16143333333335
2025-11-09,61.49446666666658,52.90314999999997,48.76666666666672,52.489150000000045,61.69378333333324,75.72316666666664,85.24466666666662,74.94421666666683,61.01886666666667,50.59796666666674,44.243333333333354,36.993716666666735,34.23646666666664,35.28654999999995,37.97058333333332,46.892983333333405,64.9630166666666,86.70786666666666,95.63211666666662,90.79071666666681,86.21215000000001,78.85008333333343,71.9422333333333,62.32980000000002
2025-11-10,56.69740833333332,50.78166666666663,45.54500833333334,46.499658333333365,54.9648333333333,71.06246666666671,85.66024166666669,83.54880833333338,69.3644583333333,56.61758333333346,50.52466666666671,44.38865833333342,40.72798333333336,39.00401666666663,43.36251666666671,52.10108333333335,66.66709166666683,85.57394166666666,95.50524166666656,84.58965833333343,75.18961666666677,69.88391666666662,64.52030833333345,55.35159999999996
2025-11-11,49.64963333333325,42.50309999999995,37.3295666666667,38.35630000000003,45.88589999999995,58.9337833333334,68.76905000000001,65.12626666666655,52.45358333333328,39.17093333333335,33.53080000000006,27.56116666666667,23.98018333333335,23.862633333333342,28.199649999999966,37.055966666666656,53.39323333333335,70.5084166666666,79.81063333333337,71.04121666666667,64.71321666666668,58.507566666666705,52.09414999999998,44.36973333333338
2025-11-12,26.51220000000004,22.20268333333332,17.518233333333317,18.084799999999976,25.092483333333316,38.184566666666726,52.17213333333334,54.032016666666735,45.58554999999995,35.138616666666685,28.944633333333392,25.38190000000003,21.729749999999985,22.542383333333305,26.29686666666662,34.13873333333333,47.170300000000054,67.06074999999993,75.22028333333331,63.22565000000002,53.11111666666663,49.26739999999993,41.520250000000026,34.09349999999997
2025-11-13,15.750883333333322,12.534816666666686,10.030899999999992,10.246833333333335,18.663616666666627,35.14386666666669,48.937166666666634,49.88560000000011,41.403200000000005,32.146049999999995,27.51053333333337,23.425549999999983,21.192650000000004,23.205550000000017,25.80776666666663,34.03318333333337,49.11529999999998,70.48229999999992,76.1959333333332,63.65678333333336,54.95454999999999,52.176083333333324,42.436883333333284,34.62478333333331
2025-11-14,17.218033333333317,12.974500000000022,10.257866666666656,9.747083333333329,17.530816666666656,31.16928333333335,41.9884833333333,39.694383333333406,29.93479999999996,20.75680000000002,15.153800000000029,12.649566666666676,11.199983333333321,11.72439999999999,15.166016666666634,21.767333333333344,34.94498333333333,52.97959999999989,61.71021666666664,50.34386666666662,43.72486666666661,40.45699999999999,31.79923333333334,25.022000000000002
2025-11-15,21.959399999999988,19.01125,15.587633333333319,19.70808333333332,28.974649999999954,46.45440000000001,55.47200000000001,47.7427833333333,33.860083333333364,24.208183333333295,22.525633333333335,16.684683333333307,14.457199999999975,15.790333333333326,20.795733333333327,32.83068333333329,51.5890166666667,76.68163333333331,83.24976666666659,80.16271666666674,76.30406666666666,68.53196666666686,61.284099999999974,50.43988333333341
2025-11-16,34.09646666666667,29.972816666666663,25.538433333333337,29.371599999999976,37.23769999999998,52.249733333333324,60.00183333333331,52.4732499999999,39.17556666666667,29.446033333333343,26.14158333333335,19.880666666666677,17.173433333333325,18.086466666666656,23.830599999999993,33.87605000000002,49.239050000000034,70.85214999999992,76.63500000000012,70.54649999999992,67.95925,60.8843166666667,54.3621166666667,45.09266666666671
2025-11-17,55.986066666666616,49.31869999999996,44.28135000000002,45.91096666666669,56.05943333333325,75.5167166666667,91.00033333333327,85.27514999999988,68.51151666666667,53.11965000000001,47.596116666666624,41.15430000000004,37.12819999999994,35.46659999999999,39.4680166666667,48.96185000000002,63.65808333333331,85.15204999999997,98.53784999999999,89.77688333333349,80.54946666666675,73.13495000000002,66.06474999999995,57.348616666666615
2025-11-18,72.17539999999991,65.63561666666668,61.011066666666714,61.63203333333333,73.31258333333324,90.67475000000019,103.7095166666665,95.53415000000004,77.93406666666662,64.19829999999997,56.10591666666662,48.46295000000004,45.923366666666645,44.95416666666665,49.502383333333285,59.77189999999994,77.77005000000017,100.34398333333353,108.56093333333332,101.60775000000028,92.67031666666665,83.95185000000001,77.06868333333333,67.42735000000003
2025-11-19,77.20979999999993,70.01751666666665,63.91555000000009,63.41691666666662,73.00491666666656,89.36285000000022,102.85134999999973,97.98775000000002,81.9345166666666,64.54955,54.72643333333324,47.67163333333336,41.43401666666668,42.05991666666665,47.76731666666675,60.15589999999995,78.97071666666679,102.97040000000005,114.13381666666673,103.05786666666678,93.33028333333341,85.28973333333327,78.1905666666666,68.22048333333336
2025-11-20,79.60860000000004,74.32368333333338,69.87528333333329,69.85236666666668,77.30856666666656,92.03713333333349,105.38026666666653,108.23261666666656,94.1720333333335,79.07408333333328,70.2173333333333,64.40708333333325,59.77098333333327,58.97506666666659,65.1186166666667,77.14968333333329,93.53428333333343,115.44503333333344,122.7235166666666,111.71425000000005,101.67130000000019,95.76026666666671,89.43343333333327,81.88859999999984
2025-11-21,95.59625000000003,92.40151666666672,87.0405166666667,86.77029999999998,94.31506666666657,109.8173833333334,127.23933333333335,134.04608333333314,125.11185000000005,114.95534999999981,106.67208333333338,102.62646666666669,98.46199999999993,100.14618333333343,106.35620000000024,115.17506666666682,132.93033333333355,148.39945000000006,144.6168833333333,128.58935000000005,116.9807666666667,111.91878333333337,103.14884999999991,96.7619000000001
2025-11-22,94.48849999999992,90.77383333333343,84.37613333333336,83.8048833333333,91.52458333333321,106.36766666666658,123.50035000000004,134.91505,126.08101666666674,107.67718333333322,95.77643333333319,91.5475333333333,85.70151666666665,85.43106666666661,90.87091666666666,98.64395000000007,121.94823333333336,138.17511666666658,137.45886666666667,124.00244999999993,109.1995666666666,103.38404999999979,95.4924999999999,86.31676666666668
2025-11-23,79.0729333333334,72.85800000000022,66.80323333333345,65.98659999999994,73.41958333333325,87.38436666666668,99.21884999999983,98.2720333333333,85.17958333333321,71.97404999999995,62.40931666666658,56.886916666666764,50.874966666666694,51.17438333333327,56.51851666666669,69.31280000000007,87.55956666666675,106.80156666666666,116.07393333333326,105.56490000000002,95.93301666666666,89.87844999999989,80.33421666666659,71.5894666666666
2025-11-24,61.100333333333246,57.01249999999995,50.71533333333335,50.14443333333333,58.58266666666664,74.95063333333334,92.03788333333343,95.32906666666659,85.8632999999999,76.17294999999989,69.42259999999995,63.577166666666756,58.31321666666667,59.12648333333333,62.34688333333334,70.10028333333334,83.97513333333315,98.19815000000004,103.51586666666657,91.80073333333338,81.09940000000002,78.73033333333325,71.37486666666655,64.92535000000011
2025-11-25,63.37313333333329,59.840466666666664,53.742033333333346,51.6006,61.39006666666655,76.33175000000011,94.12648333333317,99.92224999999979,93.90669999999994,86.98151666666656,79.5657999999999,74.44165000000001,68.58285,69.01366666666664,72.81681666666667,79.27344999999985,91.93368333333306,105.0269000000001,108.95596666666658,93.77798333333331,84.5292666666669,81.93418333333324,74.72748333333317,69.19688333333336
2025-11-26,73.14286666666655,70.5372166666667,65.57516666666666,65.75939999999996,73.44088333333332,86.9115000000001,102.9359833333332,108.73333333333318,100.55816666666668,92.50229999999989,83.06081666666641,79.33309999999989,74.41441666666667,75.07788333333332,78.36256666666658,86.68619999999996,99.35496666666656,113.5417666666668,117.05788333333321,104.21850000000016,94.17386666666665,90.34054999999992,84.13813333333323,79.76549999999997
2025-11-27,87.18100000000014,83.19343333333336,77.30066666666664,77.38623333333324,87.24598333333327,102.80301666666661,120.89953333333314,126.47694999999993,120.8139666666668,102.27661666666647,92.86034999999981,87.35978333333337,81.05155000000012,81.06383333333325,85.2133999999999,93.51595000000002,112.46188333333329,133.3067833333332,141.43688333333333,123.39246666666673,108.76031666666665,102.68456666666644,95.89099999999995,90.29848333333322
2025-11-28,70.33309999999996,67.05758333333337,61.76876666666656,60.87914999999989,68.66850000000004,82.06470000000006,98.77951666666654,105.03393333333293,105.5267500000001,93.57278333333322,87.48693333333307,81.46541666666675,76.48470000000002,79.56653333333324,82.16771666666678,87.52949999999969,100.21744999999942,114.92569999999995,118.6812000000001,104.00840000000018,93.68956666666675,90.66494999999983,83.89684999999986,77.60801666666664
2025-11-29,78.14790000000005,72.79450000000006,66.45844999999996,65.77691666666674,73.37505000000002,86.94616666666666,103.43881666666657,105.3415499999998,98.68870000000001,82.06308333333324,73.44196666666666,67.62833333333332,61.20758333333334,59.90494999999993,62.916516666666624,71.70111666666652,87.53483333333325,108.05611666666668,120.22484999999998,104.48973333333348,93.08695,87.99839999999988,80.66454999999996,74.43826666666665
2025-11-30,71.62393333333334,68.43936666666671,64.25353333333332,64.07798333333335,71.23728333333324,83.67285000000008,96.75826666666649,100.13833333333328,93.94160000000012,81.12478333333334,72.79924999999987,67.47249999999987,63.29751666666667,63.993616666666576,67.25979999999996,75.10734999999997,88.15356666666658,106.47501666666685,113.31036666666677,100.3819000000001,90.1556333333334,86.01391666666673,80.53009999999995,75.46414999999993
2025-12-01,76.59095000000005,71.43233333333336,65.07814999999998,61.73705000000002,68.62373333333333,81.90464999999995,96.43374999999966,98.0318166666667,90.12751666666671,75.8905666666665,66.78426666666668,61.37908333333344,53.948233333333384,53.24754999999995,55.29603333333329,64.97434999999984,80.89191666666667,98.29393333333346,108.3917999999997,95.92098333333344,85.3250333333335,80.26418333333325,72.41226666666647,64.54513333333338
2025-12-02,72.0469111111111,68.34667777777788,62.95921666666668,60.81168333333335,68.67702222222236,80.99534444444437,97.58456666666645,106.20789444444405,116.78315555555571,92.39973333333336,82.60472222222222,75.15875,70.47783333333341,72.2627333333333,74.66706666666664,81.5871611111109,94.0627444444443,116.65598333333328,130.27813333333313,109.79305555555567,96.09089444444457,91.17882222222228,86.71612222222183,83.20438888888876
2025-12-03,81.18761666666676,77.88530000000007,72.73448333333342,72.09503333333326,79.77649999999994,92.78021666666665,109.7812666666664,117.80881666666643,118.91388333333349,102.14833333333328,93.56336666666657,87.96151666666661,82.72071666666669,86.27794999999996,88.41191666666667,95.21599999999992,109.856583333333,127.66688333333335,133.7328333333333,116.61809999999997,103.62079999999999,98.6245166666666,92.45886666666664,86.58766666666669
2025-12-04,70.1117166666666,66.29465000000006,59.93393333333337,57.45810000000007,64.54753333333325,77.81935000000004,93.92801666666661,103.67928333333307,104.82051666666669,90.54098333333312,82.86846666666645,78.35243333333352,74.8473833333333,75.48864999999992,77.51143333333327,82.84729999999979,95.73868333333328,111.57445000000003,117.15765000000002,103.2103166666667,92.31850000000017,87.3720833333333,81.49924999999982,77.09570000000002
2025-12-05,67.17608333333337,63.23281666666674,56.40445000000005,52.70566666666662,58.700016666666656,72.27365000000003,87.17185000000002,95.35488333333313,96.60443333333342,81.98436666666662,75.82204999999983,70.70508333333346,65.8558666666666,66.60983333333336,68.10676666666662,72.63619999999992,84.83419999999987,97.6247333333333,107.63230000000014,92.32021666666675,82.71441666666675,78.19639999999985,72.26749999999976,66.10578333333329
2025-12-06,39.64674999999994,35.57874999999994,29.494316666666702,26.800199999999965,34.8426333333333,48.47468333333334,63.21289999999997,69.87036666666675,67.06886666666661,59.86980000000008,54.561449999999944,50.96728333333336,46.20561666666659,48.04918333333331,49.90791666666661,54.4046333333333,67.61869999999998,79.82624999999994,82.77635000000002,71.71570000000003,62.71863333333332,59.27019999999997,51.521799999999956,43.51336666666677
2025-12-07,17.80060000000003,14.42973333333338,11.482433333333331,9.954533333333343,14.98106666666666,24.824983333333375,38.28173333333334,42.71015000000007,40.07188333333338,32.34683333333332,27.287950000000045,25.55348333333335,22.714066666666625,22.985966666666634,25.727133333333317,31.226966666666684,43.87455000000001,59.084349999999986,64.27349999999996,52.19456666666657,43.614849999999954,41.93971666666664,33.51764999999996,25.785466666666682
2025-12-08,16.525100000000016,13.018066666666682,9.658650000000002,8.936383333333326,16.345483333333355,35.06073333333342,55.31376666666663,62.68650000000021,58.11856666666677,49.11609999999999,43.54800000000003,40.38991666666664,37.17051666666664,39.07956666666667,43.6114666666667,51.97966666666668,66.96643333333337,82.54228333333324,85.06556666666658,72.7052833333334,62.43561666666672,60.54613333333329,51.534216666666595,43.8014166666667
2025-12-09,41.30179999999996,36.858083333333326,31.444000000000045,29.51381666666664,36.14041666666671,53.55370000000004,68.24845000000002,71.25413333333327,62.16568333333327,48.99426666666666,42.922700000000006,39.16113333333334,35.350516666666636,35.3426333333333,38.268066666666684,44.21233333333341,55.291933333333354,70.25031666666669,80.81778333333318,66.64206666666666,56.784933333333285,52.03426666666656,45.28561666666648,37.446533333333484
2025-12-10,27.431816666666702,24.690966666666647,20.624566666666674,21.715549999999986,31.374916666666657,54.187950000000065,74.4148166666667,78.82933333333358,70.79771666666682,59.21585,53.0572833333334,48.21053333333332,45.54684999999988,48.34853333333333,52.74620000000013,62.713716666666535,77.63686666666666,99.2889166666664,104.19701666666677,91.44446666666695,79.05983333333342,75.7780500000001,69.38745000000003,62.33931666666661
2025-12-11,69.66328333333335,67.06741666666667,62.758833333333364,60.95898333333332,67.51151666666675,79.5242166666666,94.28516666666667,103.16914999999977,101.18858333333336,85.02603333333334,77.29739999999994,72.98449999999988,69.50626666666672,69.68146666666657,72.06688333333327,77.28091666666644,88.78644999999997,107.84906666666679,114.73380000000017,98.77159999999998,88.05603333333342,84.21719999999999,77.76454999999979,72.1182499999999
2025-12-12,72.56676666666667,69.33596666666676,65.02614999999997,62.48696666666658,68.83994999999996,80.20848333333325,94.76198333333325,103.53271666666642,108.07313333333359,87.32046666666668,80.07026666666656,74.61273333333328,72.05281666666671,72.11886666666669,73.71669999999989,79.20668333333319,92.09993333333328,109.20531666666662,121.92588333333333,103.42725000000021,92.27883333333347,87.15789999999994,82.16833333333292,77.58251666666655
2025-12-13,75.59834999999988,72.03824999999999,67.29048333333331,64.76234999999996,71.49651666666664,83.89166666666665,97.30383333333322,104.01108333333327,97.30305000000023,84.33265000000007,74.00419999999994,70.0414333333333,65.52423333333333,64.30866666666667,66.93031666666671,75.65698333333341,91.91733333333333,112.0486166666668,119.75823333333314,106.76073333333353,95.06993333333342,89.50141666666649,83.92798333333305,78.80909999999986
2025-12-14,72.45218333333331,67.10834999999999,62.5292833333333,60.937400000000025,66.46898333333321,77.44491666666661,87.81048333333344,91.79788333333325,84.36288333333339,72.64323333333326,64.17464999999997,59.07128333333324,54.81063333333329,52.99746666666649,55.518500000000046,64.71936666666669,81.12389999999994,99.99055000000016,105.4175833333332,96.65911666666663,86.61738333333328,79.50141666666643,76.44778333333318,72.86554999999991
2025-12-15,65.04421,60.48873000000002,54.81067333333335,51.93090000000002,56.30780333333335,67.79615666666676,80.76897999999998,85.68131999999994,79.32473666666655,68.64014666666662,61.65535333333324,56.48683666666676,51.70479666666669,51.455826666666624,53.55707666666668,60.50314333333327,73.68668333333332,87.84455,95.44519333333346,86.1086733333334,76.73823999999999,72.29590666666654,68.51831666666659,63.85849333333334
2025-12-16,71.40079999999996,66.88478333333333,62.364083333333255,59.79645000000005,64.92664999999992,77.24233333333326,89.46953333333329,98.7694333333334,100.33763333333337,84.73441666666659,74.2026333333332,70.2981499999999,67.12488333333337,67.27436666666658,68.98885000000004,76.23851666666658,89.9126666666667,107.0345000000002,114.50293333333327,100.61260000000004,88.45686666666667,82.37514999999989,79.62524999999988,76.57363333333325
2025-12-17,79.8763583333334,76.54887500000002,70.68507499999996,68.05374166666665,73.99809999999988,85.8383916666666,99.56372499999988,109.61705833333323,110.30795833333337,95.86517500000002,86.92624166666653,84.91740000000009,82.4060333333334,81.01818333333325,82.73039166666659,89.2881333333333,102.67843333333313,115.00852500000015,120.74428333333341,105.48810000000003,95.96859166666661,90.84138333333307,85.31203333333319,80.33805833333328
2025-12-18,40.55316666666659,35.83308333333329,28.80495000000001,24.66788333333332,31.78718333333335,46.541400000000046,60.67529999999994,66.97043333333355,65.05876666666667,57.54985000000014,51.675116666666554,49.024016666666654,43.349399999999854,43.554616666666625,44.95611666666667,49.59213333333339,63.17756666666667,76.30516666666662,78.89314999999996,68.04916666666674,58.28265000000002,53.95504999999999,45.02810000000003,37.90155000000008
2025-12-19,21.795916666666667,19.483933333333294,15.765683333333342,16.58461666666665,27.479366666666696,52.46391666666681,78.78039999999999,86.90301666666686,82.48158333333343,71.94171666666671,65.48799999999999,61.29858333333333,58.21778333333336,60.98863333333336,66.56285000000004,77.22874999999998,91.78848333333326,109.41413333333335,110.29981666666647,96.69546666666682,85.87866666666683,82.19248333333327,74.45869999999992,66.16258333333334
2025-12-20,74.75821666666656,70.28201666666665,65.43491666666655,62.791849999999975,68.97763333333324,81.09543333333322,93.02611666666667,100.03669999999994,98.65058333333332,84.94953333333325,76.61243333333329,72.5203499999999,69.01318333333333,67.58061666666666,69.89021666666659,76.28986666666658,89.40293333333335,105.14215000000019,113.56984999999983,100.74186666666665,90.68263333333347,83.96558333333316,80.07619999999987,74.10161666666677
2025-12-21,54.664616666666646,51.21744999999998,46.02055000000004,45.319566666666724,51.24421666666663,61.51198333333334,73.68364999999999,76.26724999999996,68.89214999999989,59.01973333333331,53.42348333333334,47.7591333333333,42.70553333333337,42.81071666666668,47.23498333333334,54.04634999999997,66.52674999999991,82.53646666666647,89.58586666666662,80.53491666666676,71.99816666666682,67.99546666666672,61.176966666666594,55.29148333333335
2025-12-22,60.69424444444446,58.49813888888881,54.047905555555616,52.83191666666662,59.27708888888884,72.31044444444437,85.93978888888877,93.57596666666657,88.3938611111109,79.09350000000005,72.77672222222215,67.80414999999986,63.92910555555556,64.38468333333321,67.88154999999992,72.38484444444437,82.59400000000001,98.74731666666666,103.94109444444449,91.91650555555567,81.96075555555565,78.73587222222217,73.55709444444445,69.3931
2025-12-23,73.49172499999996,71.12741666666675,65.0324416666667,60.252641666666655,64.9155916666666,77.38769999999997,90.05327499999993,103.55755833333329,108.58400833333339,91.54250833333327,82.65341666666637,78.49165833333346,75.19921666666664,74.96120833333343,76.016,79.81729999999992,90.37561666666667,102.24176666666689,107.21349166666637,94.46146666666678,85.4307000000001,80.62569999999972,77.24201666666654,68.7124083333334
2025-12-24,57.47516666666667,52.33613333333342,44.5096,38.49964999999989,43.62016666666665,56.24608333333355,71.24669999999978,79.96920000000009,80.61596666666665,66.19516666666668,57.588549999999884,54.252383333333285,48.86489999999985,49.770399999999974,50.04943333333336,56.25756666666657,67.72809999999993,80.56265000000013,85.84749999999983,74.06463333333348,65.29566666666666,61.00403333333327,54.304916666666514,46.15483333333336
2025-12-25,22.59206666666669,19.24326666666667,15.233933333333331,15.653266666666674,24.072966666666666,42.12491666666674,61.69991666666661,67.50255000000016,62.89155000000001,53.830083333333356,47.03128333333337,43.308599999999984,40.39840000000002,42.103199999999994,46.23933333333335,54.27710000000007,67.64878333333336,85.7512999999999,89.41354999999996,77.12908333333345,68.28555000000011,64.51581666666664,57.80454999999992,51.141449999999935
2025-12-26,72.97865000000002,68.85981666666675,62.965783333333434,60.48276666666672,67.75511666666671,82.43798333333334,97.97126666666658,103.72339999999984,103.27425000000011,83.21763333333323,73.76323333333329,68.62849999999999,64.57339999999994,64.18589999999993,67.70263333333328,74.56744999999998,87.4582166666665,107.1154666666667,119.09553333333315,102.99365000000022,90.85623333333339,85.09388333333325,80.1801166666665,73.70048333333324
2025-12-27,76.71738333333326,72.8892166666666,67.62523333333336,63.12654999999989,67.66284999999992,78.8494833333333,91.33278333333325,100.93290000000002,100.45768333333352,87.58763333333336,77.08788333333325,73.54431666666677,69.0139833333334,67.59374999999996,68.58135,74.9845333333333,87.0496166666666,102.9536333333334,111.45554999999989,98.61905000000004,88.23025,82.3384833333332,80.11524999999988,76.30944999999996
2025-12-28,76.47304999999997,72.7161500000001,65.61806666666666,61.183016666666674,65.11444999999993,74.37888333333339,84.9099999999999,94.5877666666668,95.20093333333368,86.19433333333335,75.47378333333333,71.6001333333333,68.12604999999992,67.14983333333326,67.72504999999978,74.45040000000009,86.49849999999992,99.85951666666665,106.84404999999987,97.37266666666657,88.78855000000004,82.84488333333327,80.5850499999998,79.55281666666652
2025-12-29,83.47068333333334,80.07616666666665,74.14721666666662,71.11561666666664,75.59684999999986,85.34236666666658,97.97181666666654,108.31511666666663,113.14270000000037,98.82159999999986,87.77460000000005,84.94850000000015,81.84993333333341,80.23144999999988,82.13414999999992,87.64763333333337,100.97003333333325,115.2727333333334,122.0457833333333,109.70514999999999,98.66363333333341,93.29963333333336,90.7056999999999,87.20239999999991
2025-12-30,78.58686666666672,74.9661166666667,68.21278333333329,64.62869999999988,69.53284999999988,81.61343333333342,94.46778333333323,104.25053333333335,104.21280000000014,92.7598833333333,84.34138333333318,80.31066666666663,76.04578333333333,76.00881666666659,77.20828333333341,83.83619999999998,95.25126666666672,106.71016666666661,111.48293333333322,100.11760000000017,92.12828333333341,88.47528333333312,82.23531666666659,76.70978333333326
2025-12-31,80.13475000000005,76.24626666666671,71.18299999999996,68.30646666666668,74.38946666666644,83.35944999999978,94.99869999999981,105.27723333333343,110.87370000000024,96.56433333333351,80.90856666666677,78.33983333333335,73.13985000000011,73.47801666666648,74.4185666666667,82.8340166666667,97.65968333333326,115.94211666666669,127.0996499999998,113.09986666666668,98.75964999999982,90.63968333333341,89.16818333333312,86.64518333333326
