forecast_day,y_h01,y_h02,y_h03,y_h04,y_h05,y_h06,y_h07,y_h08,y_h09,y_h10,y_h11,y_h12,y_h13,y_h14,y_h15,y_h16,y_h17,y_h18,y_h19,y_h20,y_h21,y_h22,y_h23,y_h24
2024-01-11,95.93950963103632,93.94026578407295,93.32897415671596,94.83523392070654,100.26066513534427,116.1524972231028,133.69679829385169,140.99727551210987,132.40058134677014,124.42084129676923,117.44118589423847,118.01814844073962,114.43075551763286,117.30276199785607,122.72361097021222,128.66859855441425,145.55677198270396,151.73177477042603,141.37309711216375,125.98815668856045,112.99644807538485,108.55400297817462,101.29527705307997,98.3659819733798
2024-01-12,91.10260587617509,88.60454013212603,86.9606397950376,87.16300651840533,89.70564358959405,107.02687852843246,122.81063163825993,130.68552402923956,125.91178116453301,121.10954991459853,114.26299808058346,108.8374943182941,107.41027518382143,108.73873111798247,108.91209624915608,111.46641128667287,119.35188828588754,121.37158248757382,110.5751201096184,98.48326000772025,89.66915505022939,86.34960608510477,78.97229716297576,77.82925804320473
2024-01-13,68.86013740999522,64.38873202982086,57.90067912603745,55.684599374528894,53.7801473331822,56.0180140159063,62.00224220655555,63.788733284928526,62.465166775791886,56.92281049771397,51.80076702217232,48.68471810044855,40.40418420502591,42.432921218451455,55.227713047984636,55.957226123092894,68.25481975847512,69.9825397262779,61.5568857002649,51.13115992090765,47.5021915383838,45.77698822052686,32.220715887884026,20.981081260345476
2024-01-14,16.158375978576558,16.945013392412903,12.51929714813312,14.458567325823239,19.017986333445563,19.764345314506755,29.642433247761943,36.92811500341364,43.244065457872225,41.0097993314715,37.8396054258111,40.249081918470765,30.596558608564166,38.728499033953554,52.83683670821476,66.15878666763058,83.12846361988338,85.81410510884828,79.89202358014182,70.68739071018348,66.66547503846841,66.9129183321505,57.372255176536925,47.9103555528057
2024-01-15,23.03127068605869,18.868355242885315,14.059188259158972,21.006711630718,39.14910277138799,66.76241259510971,90.61254134019066,98.46367959182518,92.1019677279951,84.91814693111425,83.32324377457829,84.15723666853664,83.42591865423594,89.57850758710816,95.69873188184852,108.32987429508879,123.115936802991,126.45863719598259,120.34572161814717,109.63334238410704,98.73091165227854,96.11202776983825,89.21635992037847,81.37661343272418
2024-01-16,76.16357122135067,74.60678271029468,72.59786821538373,74.7573341747872,83.9831792396898,102.4847793597931,119.97185858489044,129.54640936512058,124.75465010501497,118.11259453387201,117.35349568250474,113.20769285150372,114.81464723073333,115.79371985855654,118.36700756584051,120.38895918620005,128.0233826503849,124.24547464395376,118.31209939919147,107.26944726055666,96.85119974327095,92.45792332533539,83.77950914915012,81.60221046169268
2024-01-17,68.06050169741616,66.14974717336322,63.80269091599864,66.514984313208,73.231556122672,84.93201628876805,105.7401679987438,118.80761438748246,116.55045635932126,114.0064108061955,113.27887400088751,113.48674399099711,116.52543171518849,119.2159906700758,122.04163327683187,126.50416289994843,138.9848844974001,137.29417605979907,127.77422484094438,116.3451545623004,105.45836466362454,101.43340998678988,91.73829592481326,89.54896903077368
2024-01-18,80.30689793976197,77.63674519269799,75.79745419947622,77.23067328051198,81.0356111918592,97.08797962150496,115.05468883855795,127.35066313443656,125.19730472578654,115.28088619352243,111.12068011739437,106.2022046660907,104.31975136206465,104.26465590323829,107.54310442221664,109.93362380639303,116.11231019116696,110.63908807572727,102.17266749253321,88.44319032192777,77.91367537188214,76.83110434019619,64.29753643147004,60.034527746235824
2024-01-19,54.30125694683612,52.1482528675146,49.77646413759618,50.728928664974376,55.296096795221246,71.75152172952377,81.99343847964653,85.97886824737333,87.37135500129725,82.18769912207307,77.06896524715721,70.1989021259084,70.08613626943526,68.66724121386514,72.53883041225811,74.29015821185341,79.78889934835644,78.83467804947324,69.6391765706654,56.76500492341491,51.831852919872986,49.17921425527116,42.36193928679535,39.297316456671
2024-01-20,38.47087123049401,37.68160390592712,35.97821493280102,35.05703780855899,38.25794779243412,44.070051799610184,55.02765077268944,60.080372972909814,62.08974670348891,57.35445549410514,53.233087624475786,50.04341300039661,46.52990852723035,53.72605440516756,66.0864516971802,77.30071998129085,94.3406155159032,97.5174576946273,91.13332189197999,82.51604103311477,69.87258012424286,71.99186332667296,63.735974993273516,59.625007608341846
2024-01-21,29.332379434404956,25.887698364483313,20.6598843124478,19.877156165733638,19.20962105073147,22.330721117886526,31.272060986869178,38.116588131331326,36.0118938362274,26.849805028058682,22.092666180722787,19.94618296727529,9.508182973587907,18.14393062859314,28.490761869604597,41.65325686202479,58.420020386409476,63.2282807304463,57.41770771396867,48.15427042842414,41.105873786624215,41.054077411423734,35.11576978422639,25.65836428081471
2024-01-22,7.998762486857103,6.522965251948079,4.492868913865053,6.984934867028699,21.85772689698271,40.786560357150094,69.20102011790159,75.12216503836176,66.2263583409067,50.19365048023889,52.989828906661614,47.741357636209244,45.90247413277217,50.955001083103184,53.02482839151004,66.69375704662177,85.44407706362408,95.68563193777436,90.09817278342217,81.73331681386202,64.9724693142936,66.28915762974289,58.29028499387117,48.51849188224135
2024-01-23,21.372486179868247,19.827063062766157,17.78917509189931,20.102226993201455,30.326110630281548,49.4398776091231,68.4324356751547,69.47761739444445,62.64638983339202,55.775610353777864,54.25915923667931,46.137496824276965,47.710979306903184,50.39490470445254,54.866192081192054,59.01750484577147,75.05792271831483,82.94487340875402,76.26846508271795,66.89497184406618,57.825791662793904,53.983184283825494,46.67996678445951,41.30313236630488
2024-01-24,29.575550587149337,26.591351681813293,21.78627776359413,22.975274947951135,35.57530975828445,55.95828379594306,73.07274499322932,69.21620203133453,63.26386143002529,56.243250144558175,52.00567052505539,44.67648260161535,43.808341711865026,48.91328468221586,52.852421715666935,55.796553628723075,72.62944629155004,78.89333971577759,72.61363422591272,65.73818251511733,56.739374543625615,52.82739446062146,46.75750612158163,41.558172045901756
2024-01-25,38.35495248507954,39.250052227914395,36.326800261414576,41.399054464450515,56.30003074236204,74.32277164044805,88.21193864693129,87.94832193491841,84.12270545634371,80.48125716604407,79.95690338196975,73.19820881507881,76.99742964737958,79.34091333653436,86.69246528874535,95.32253914184199,110.63767420626226,116.60558633107031,111.25228372870252,97.08635506729254,87.37738368635495,81.1599657100311,70.58766856701523,73.69357427163567
2024-01-26,62.71850954961119,56.94262176529986,51.88245348968856,51.971894199440555,56.33161233464743,67.9387757172035,80.73065506202069,83.34919904774209,72.5686556406719,60.81328147756666,57.86580651123455,44.7904561636216,42.5274608417632,42.07286839036718,46.76348845702256,54.103852798048095,64.90949120665604,71.28407163247962,63.56523393898064,58.16575123747084,52.62971581476354,51.177808951092004,43.24012664639426,40.49863927410769
2024-01-27,36.597364780304176,39.87748851941518,40.15093912244261,43.596871329149494,47.46486593032266,51.08009076470957,61.173191495717205,62.39894849961017,65.34431200863108,59.2581776425929,52.540626205020615,50.76042523132631,48.03746052535092,55.14614533682621,66.30340415507933,75.82873985723946,92.12932738672828,99.9133524313649,97.37811564492333,89.3477043713084,78.06767239086078,79.85281841001898,71.73108739663763,71.51547866943397
2024-01-28,72.6167628897135,71.78891783643324,67.73785726923596,64.16124004177266,63.15676392406594,68.64113312860023,71.79877754603983,72.67837517011733,69.85810676887829,62.71529205267511,56.9123181571813,51.471411150351386,44.44430650321202,47.02788382634026,57.963971563903044,65.39585847008887,78.57309719851807,85.22455950346529,81.34084893112043,74.24837649344066,64.49170045706455,61.04737514041511,52.9548132278006,50.09206599651651
2024-01-29,60.7480876268784,57.81191714762214,58.7546253738638,61.145250358947195,76.37563967192511,92.95465035659164,107.3947143843607,107.9321948806413,98.5806300621141,85.31519900743118,85.69868586662226,84.22177347847752,83.80456639643229,87.2704038251197,98.00907602360432,106.52524666922784,124.89318427052328,132.89061026154852,129.60400097173434,114.46135242810719,96.00902491489248,93.5641388237886,82.94323941103931,81.50184039318947
2024-01-30,76.83027722056906,73.41840575649758,69.89025109303914,71.49977139752657,76.01545788411947,90.91370103353945,108.55309572075087,114.80482124648738,98.975571468527,86.71225786254392,82.75460583956477,79.43830428172392,78.09361511395086,80.64622509066119,87.71298734880324,94.54110317887681,109.18210724433938,108.39591620275017,98.01700453543224,86.97158978727222,75.1037940800002,72.22978091806432,61.932723057233886,63.031277048558195
2024-01-31,68.60224008942343,65.9466441729074,63.517014566378265,65.36383905106909,70.26502863213447,87.19004384477259,104.58787476990511,112.89968567385976,95.60454377889171,82.55970570099103,78.24318572052164,75.74364956253433,74.8123858378634,76.72639095132304,86.28036685325272,91.97542183378161,105.93853962503542,104.93216141688215,95.65975082315227,86.28840757345517,70.05876986425861,69.84646314341597,56.51422149486706,57.1876575057031
2024-02-01,33.685503784110196,33.572872648996466,31.56416297745055,34.47014353750312,41.27081033608577,59.533478754751144,76.70232471560296,77.98221464947498,72.5302847188295,61.182205350161794,60.69749222164586,59.54416131139072,62.702537486091124,64.80300962516071,72.56387243140226,76.04419218079724,89.72266993663357,94.30397258313984,85.80775272922611,80.67325888175289,69.38333757103315,67.79409530522777,58.843968812922185,58.852257720940344
2024-02-02,55.5424611256102,52.94212725389822,50.075526878040876,51.4916042489577,55.33980860011117,67.03728733747691,83.26270195101716,90.29592429549609,77.09913532782363,68.95681841709387,65.21339747732415,54.91883302859651,53.27738142663968,51.337841272853,53.24236000273123,58.11186001648049,69.16298812586871,74.34648324382988,67.75823655852142,59.73328409431301,50.00711464808742,51.228078734577196,40.935297878449546,35.108978787673806
2024-02-03,4.565832397085231,5.8670767841400675,3.94786451102685,6.954209315389988,11.555577998124917,12.751643953798094,25.703535810256568,29.149483253171155,32.98731282391424,22.276632687253226,17.608735466078656,20.848288515377845,11.333429280449792,19.415130206350923,29.623547611619102,37.00278118703697,54.803692522760514,59.9017732790395,55.91476424474121,45.36655981952228,39.0689304324798,39.99024474086113,35.691724591422144,28.143616254387496
2024-02-04,-0.45722762735638867,-1.6362166398086515,-3.9400283928291913,-4.856871289176453,-2.1180841046162016,-0.3818917600670204,8.973470054543498,12.387092305994116,13.03143433869488,9.579232375679979,1.935871820582605,-0.21217440347797378,-8.715239477430146,0.20274774139954843,8.39317509882801,24.91666913662425,42.470605084128664,48.73382085778792,45.87321687301167,35.56531234236195,32.07228200969661,29.946007018615134,27.198278983790516,20.91896610435022
2024-02-05,15.281109529631948,14.279843354226855,10.425846689685102,11.19280057229183,23.96791599861686,45.3167181919526,62.142601738900865,63.222447863005996,56.12623231799901,48.694933425881274,45.50900632307335,37.760529352823625,34.65922234267498,41.533083838243456,45.83490979410219,56.174121574309325,76.65112024514738,86.56084193608544,80.82962910538433,70.55471811037009,62.622845743713,57.03121511725881,51.86888856461991,45.06855435093895
2024-02-06,20.149875978470646,18.4378319657863,16.724182523818826,17.43278659576589,30.018435229500085,43.519777331617576,61.440964028370004,59.77206678105608,57.19108827694376,49.19204289882882,44.01555326591408,36.46745978188024,34.18458016187134,38.13550890984294,43.412146935002156,51.002694198888136,67.95230401111039,78.86657238337344,70.53190831418893,59.81554902541056,52.32826648835531,48.241110867000984,40.580186923931365,34.42655567779322
2024-02-07,44.32166413077155,44.01267857387474,42.685483778657684,46.049578060992076,58.56229754017842,72.72986501475332,87.78197400287043,89.21407477258883,84.99371854738976,78.69860411156799,75.05666900251364,68.70453205996864,73.22511329907388,82.02419743135972,90.30968369311816,100.97014140613021,115.05942445300624,116.78811748291164,111.3123698387816,99.04386078386123,89.91786271021729,84.86895118860848,77.40515162350783,74.21770138498115
2024-02-08,81.34839269985474,80.86680603168014,78.23930155287636,80.00069853484838,81.06491508117568,96.50010340588818,110.84300036487654,119.62738277531048,109.78489816641967,100.36312126511295,94.48343886439845,90.6444472368993,89.56713923306175,93.19773756444343,99.60352162446125,103.3136827352757,113.94365151753436,110.29783047719232,102.7518199186062,91.11819915078362,85.80178247407011,81.35100269789848,71.21990357142226,68.62465092810022
2024-02-09,51.24380200258909,44.72573642165102,44.41880233804585,43.579608069441676,51.89519907799725,64.86929955204647,76.06393995021327,81.32075199117223,78.48164144344771,73.65014879786473,70.25718089634175,66.46374651055731,67.71455160601592,70.33592917600126,79.21650271466189,82.48647666590615,94.16139155308716,96.27297218579864,89.97817077959496,82.2708009796321,75.8541533455548,73.99118446463775,65.37168486635828,68.0242240281478
2024-02-10,80.05382694627713,79.46243598154118,76.0320200525887,76.1006320580698,72.96748050807727,80.21040413807856,88.36109289285814,93.83231954188226,94.58551219059467,86.56489630690089,80.27801981456383,80.25396631374942,79.17282973561863,84.26383108662988,91.11408727627591,99.9235615860363,107.32653684011517,107.74568709978047,99.03685283066964,91.44087928768911,83.1032478085801,81.82866874532112,74.74629138216267,70.65232732171347
2024-02-11,58.932431775753926,57.080809380343496,55.37935321290315,53.97673961978492,56.262080274733776,60.52285321976545,62.89421821700225,64.19832214881362,69.37043583900322,68.66797768201357,68.85531592717217,70.57290621850842,64.47125356301109,69.5255017536108,75.03094756506287,85.76232669552923,99.12272250163825,103.08831210809635,96.87472876263367,91.04543113038832,83.6279777157309,82.25622210887708,74.19253084500706,70.12128873051522
2024-02-12,66.9033928266722,63.047955547757965,63.23029855099816,65.8639483084059,75.46219057025428,93.12648030484127,105.69800378973963,106.06258596750003,96.29124944588648,83.60214632909047,81.0322227593483,75.39761049480248,71.3660080502659,75.95288551543531,80.89442560182351,86.92859984331757,102.22118382351304,105.36659120208911,100.53000817185156,88.19466837945936,75.51186106601729,73.29212725848798,65.59860782470967,62.4827432483831
2024-02-13,57.40730492808402,54.633130715191385,53.70761185579221,55.11807745490469,64.43729673342493,74.44124952047338,91.3831402309381,94.69385961614701,80.7524578664192,70.66327592723533,66.51409436823096,63.84329652317598,61.5496449474235,68.24295815450607,78.5075018359461,86.56872263612568,103.61023982385403,102.41690401856991,97.5067709510599,85.58521917626216,73.06257038152332,70.79798262767213,62.21301015529524,61.89642973353365
2024-02-14,58.61663876843747,57.814061362039254,56.63254576729243,57.07085102072283,61.195569743277744,74.84837050830157,89.96045002885509,93.40097428641926,80.9374856225679,69.61664761895038,66.48716690141117,68.74825437069693,68.77696642242677,72.17471475817324,77.63239098222002,82.3359309633864,93.80107446524724,94.51148534698574,90.58066329963964,83.65971447576214,74.69144969380106,72.89884134778995,67.29084870513915,63.69990717603751
2024-02-15,52.27315447254988,52.85477858338547,50.82205057216089,51.29828889635142,53.66048154368963,64.72062150772453,75.80568388090123,82.68874958420717,80.36356125655519,74.31470522162934,70.17257999280974,68.5997002299541,68.38308077823213,70.81208910386229,73.851366240152,75.90183512855955,78.34586946155292,77.86175215239692,71.75378251539658,62.54913458805861,58.934693996118696,57.34114237351953,50.53907331666073,49.18837326462135
2024-02-16,40.291185604440116,37.53920492613854,35.84240889194312,34.6960686914052,37.10821404851251,48.311333883431615,57.44074087252733,60.634406490428574,54.92434689529787,46.4870062008942,41.801279414173464,39.036289998427165,37.553184933177576,38.604487268104506,44.75091078709491,47.81164434668332,52.53285511347599,53.35733870964961,52.28870260329964,48.39582289527871,44.65436362296023,47.011376463014784,42.677067062039725,37.15365808415342
2024-02-17,48.66319690133899,49.795561187054616,49.045238503575376,46.7979389348984,46.687079489453694,48.052265631243245,56.3660776454652,63.26672456567951,62.2234584839878,58.74080894290603,57.957480108331836,58.065271563040795,57.49463086550487,60.92764919029557,68.84785187690433,80.11852940221355,90.1141762505085,97.34772787486465,97.03885708632889,90.58335616028371,83.32860455612891,82.16556268801845,75.71688344294117,72.18139675813251
2024-02-18,52.6197534791355,48.579008549525696,43.73024072415714,42.388676838875284,36.888642697203935,33.49617663993426,36.72882507043738,37.290931899279954,34.18326371824702,29.466484441085043,27.707243955490995,21.72174329879283,14.642233764512795,17.551507707989074,32.43727837667559,39.35308283291944,53.383002841268336,57.253214148818245,55.267224103362906,49.67053947807605,47.41716926299296,46.33753186328934,35.980310157180455,28.40839271055239
2024-02-19,24.441493975376574,21.48254807455733,19.128125952817584,23.592714759441407,36.25664910232197,53.10862826640934,64.73199234273211,69.48044193591916,61.415936968165525,57.160655406843716,53.56622981029358,52.343739026068874,51.46041138855102,53.10666836917352,59.096193270331355,66.02715023489779,73.78371516670686,78.98147515268909,73.15470388559535,64.5856809423797,58.35456376009694,55.84570824247308,49.55697864968161,47.90781008265381
2024-02-20,48.76882891530387,46.37884260592375,44.598275284121485,45.820144212029476,51.49344243222518,64.34978462248705,76.9025265638765,81.25146916388479,72.11788763645058,61.88003741201496,57.209059485955464,53.27492572885076,50.97791021242985,52.771689630334876,53.14364445379297,55.443335283027636,62.0340756947798,65.91757271404649,59.88129832828659,51.627340258600356,45.45224089165134,43.97727689315832,37.01121791818019,34.01110795113743
2024-02-21,26.659199447863628,26.093174786031014,24.79049767272093,23.829617028866778,30.34566276674593,43.396472574565635,57.85601604104791,62.797826508989175,54.41225364990869,45.56754286739397,41.86607543147514,40.55701878074977,39.27545003526876,41.11633746285273,43.404917003257395,44.05934979428473,48.564961814491056,50.25517143212815,44.35116923518538,38.13012764851479,30.51577180789502,30.392195020097645,23.77868740333477,20.092846322496513
2024-02-22,24.978011474148616,24.59188999591916,21.583044003551052,22.45253941512432,28.994850354454073,45.656800840777336,60.096736119839946,65.71157265405098,65.41435359759063,60.773097911250645,57.50059699455399,55.20139254932897,50.12607844291358,52.6205921678895,52.7868756891215,49.37832573449214,49.83329602881403,47.139194903600554,39.82384414826123,30.516397397549923,24.120897453202815,21.85821909261645,17.21320886965698,13.9372154707047
2024-02-23,2.7891026392925653,-1.3930624328363308,-1.0000166162051443,2.4860576115230657,18.58539019389181,33.3623991648044,47.072237566714506,51.85207276426971,49.21961683605821,41.039945023798595,38.023326768287916,34.33188675427026,35.6620057546816,42.31339936118812,49.31773079477905,57.409141248341555,74.61994286747401,81.55799988417021,76.47286904324483,69.02638139521686,60.5488715953353,61.4412732054213,58.31347043684261,49.860120908345664
2024-02-24,61.95291793518528,59.242746905636274,57.38405633173174,55.54595688108981,55.676760000455175,61.13375851193355,70.68396685416253,74.80403596015394,66.95765009389291,57.681458869218815,50.13779724557732,43.261203801349964,39.35841323930856,41.48341383744044,51.38583788193729,62.96754113108534,76.55983854366781,86.00233826729892,85.99781916464855,72.55897821015373,63.35782139887523,58.84980104449694,54.78588572902309,50.90985193641673
2024-02-25,31.669324148612546,33.140767753843576,30.753954465947956,30.545805295827137,29.109711199432695,29.09047432333584,31.67873889223489,32.936053224776884,31.04045098709446,30.056931629300337,27.8157119582779,25.428136050627785,18.915417045532195,24.70202733305537,35.93884907818047,49.313332321148835,65.38572166392619,72.53235994689234,72.10879568051884,66.37326192323172,61.58540685315211,61.93349557763533,53.817522467019316,52.953752193939366
2024-02-26,59.30378442642801,57.21722589701922,57.12880250417844,58.51657005689846,66.01176105233907,83.96547823482528,93.30545885703874,92.16493042119716,82.77668051763007,73.86189451701148,70.40439289838343,65.54380650312035,63.876081388225614,66.45397003213361,68.84494516406279,72.37711116977435,81.44370096263204,86.67374819248681,83.06521318485997,70.57733787779453,64.43538125254832,60.43378755451543,55.75967779268218,55.07032155920088
2024-02-27,56.18549526667363,56.384917631048225,55.08602254443215,57.544641782673914,62.78802802436981,74.86090376399235,86.99334230160039,90.19365732278959,83.09236666620403,79.80529970601152,77.0783004692911,74.3175469739025,73.2825955169344,75.60493943760356,79.04591954661828,83.59798268618627,95.49475117552645,101.0106772694755,96.27660810404521,82.15349364466795,75.24394546950633,69.12974146094376,66.22268236275654,64.49677819961181
2024-02-28,62.20633818188484,61.62586454802453,60.398002711366956,61.10714801279596,62.853430023621755,76.3606656274397,89.5615839919698,94.09541925746504,81.68878841723445,73.2926109422676,67.52852123768838,65.53894793325185,63.25606486686724,66.3875566023089,70.75743185485516,74.98800108221528,89.6504491132016,94.02128687409754,86.21506116322365,70.65501000960384,63.02014271447857,59.093884522757406,54.474230529570406,52.88131119611748
2024-02-29,56.001017692649086,51.88524409038352,50.70255536976266,51.205322012622176,55.21847451564,64.69163436134887,74.99638607474836,72.82885177099982,63.98503232236564,53.91400099482176,49.308567125602565,48.11121253762076,47.28912899534775,53.56145317277313,63.15526413259603,69.56381690472172,83.84449528296037,87.51215197481137,80.8253024301205,69.03138946331809,60.995278761432715,59.60796133774275,53.96980482974885,54.02860363202899
2024-03-01,57.88936021911495,55.389016433314694,55.38667973405822,57.31675430433438,67.45858319304142,79.18630909571921,90.71694700853915,91.13689570620492,82.20392895721335,71.6885194618383,67.29969077156153,64.7598653192012,63.94811950713382,66.85387480764749,75.20388791180616,82.97432175170604,91.13702027168907,93.83916615247637,90.12063662588233,79.35382620781442,70.28934150377128,70.67042919234939,66.03754030048938,61.70832910093898
2024-03-02,52.33370901756766,52.182139352236376,49.721707497502976,48.13031522588041,42.319589853537195,42.697363040389945,47.44199332476728,51.72160380032736,50.50128896197637,46.15121246676918,41.968715170996404,41.40601703060274,37.892363363586696,40.94027895218784,48.10843388295578,52.61402106541752,60.26954684369716,63.50889989335212,56.43977801802038,50.92321165797743,46.3149932702524,45.91008329774684,40.929625497729944,35.91014552445348
2024-03-03,33.30381847066403,32.23014568149745,30.89046396511955,31.28178429795983,27.090247857001813,27.356428090676417,30.26684178698474,30.097836456593484,26.867721955670987,22.01756630359651,19.752828306831844,14.787916191946167,5.654414993529272,13.775078540208654,28.09321243842244,43.39087819830942,64.2026217898109,72.0551426639783,71.1624068894591,65.98474259289532,63.65544983506091,63.45419849288396,55.687189049680015,52.803722234856664
2024-03-04,60.429450086447595,59.30903998199752,58.60222802008359,60.52380810508472,72.8700517801046,89.64975368418659,102.22478409118698,103.62490217043484,94.09225247657307,86.90973948261234,81.97772922590667,79.19823381489114,79.07904955744078,81.31218391228487,84.63533648459988,88.89119911302241,95.18431181612009,102.10232160172808,96.70595926278067,84.50272721005966,77.45967882157363,71.48918687623812,64.7651125730956,62.985486060281616
2024-03-05,52.50690178887923,51.196909926358586,49.32244244525101,51.39732201351231,57.17353029768475,65.59225940301228,72.7504147495586,77.7162174673751,71.78560483545412,66.1404964745682,64.21847625350262,61.71650369722414,61.706677310089816,61.49253411391936,64.40570041505103,67.73554690442019,76.33026841832499,80.35987061623516,76.86677394927133,69.43678106768046,63.97413082417175,61.01607987936809,56.80442769946137,51.665747416960116
2024-03-06,58.46000267426302,58.17491691883801,58.212627061764465,58.96620191193057,64.78765257048471,75.8685339159955,89.20534543200742,95.06255598019283,84.67466641805649,80.18539098910918,77.73248169145067,75.01453098899178,75.66584963653162,75.57409973473494,78.09802514680038,80.32787475268492,87.69115362380921,94.6234501270889,89.23165319518817,77.82642465913547,71.10659762674597,67.58354048146614,60.26424667151335,57.86687377120553
2024-03-07,64.65313651754002,63.78741250085984,61.65455827666734,62.17629605867773,64.19301797015166,76.6230614179968,86.22432188506203,87.10682258371385,77.38832535429663,68.64041872164658,61.446036485719205,58.85185948315956,57.096773694624616,58.07234086432956,62.42937628405859,65.27457408430237,73.0082180161291,76.9635929304633,73.64600967609019,63.03888355306651,54.71123085414163,53.45471764862407,46.17981242110412,45.25050429201994
2024-03-08,49.99842592815965,48.72491779787636,46.63921184368,45.86109085704223,55.361475893446425,69.57149165973516,71.81363981666496,67.96419245764284,53.18553856402768,39.86826965771128,30.253541425279764,21.399958514660213,17.537151940729487,16.480121110325953,27.234013547999666,34.90655851754056,45.047282968577974,55.789132977662376,58.19533060102907,49.51655925233159,43.538115123566484,43.095309872660536,38.47061809455083,33.34835876491266
2024-03-09,30.747206728791284,30.601749438069803,30.739385251463887,31.246247530412063,33.362428758626805,34.82128779756346,41.922765872827,39.57161530797467,27.453859048251672,14.879167679175708,5.153250078104321,-3.117209582383353,-8.235233510307069,-2.034469550682104,17.497330040461662,38.09470693092504,59.63438651146066,71.00643440899012,71.98436964276374,60.9233414687358,52.7323914101499,50.45823774966965,44.79548174368537,43.51929302406066
2024-03-10,13.41525967255572,9.085357860824459,7.654299497997712,10.218895351085138,10.412485742841199,12.463775630043926,13.333312240571644,9.033523105792625,-1.2090403611424847,-9.882343763364958,-15.562504077802856,-23.42270173813546,-31.1307078847815,-22.836560911145867,-5.987914719536093,19.942983117671986,46.18958414463822,61.11643206673489,60.84322061679137,54.049761597063366,57.081647583616245,52.785875442457524,42.30926576895226,39.859607440134596
2024-03-11,32.73629751157445,30.630031898644262,28.308131033398737,35.340955679839794,50.96798952746761,68.26971894582525,77.43601320499832,75.99642656250043,65.94990621076624,57.64877205047898,50.939188869063,49.14983144094926,49.839353650656335,56.95228483723652,63.899918497267635,75.12905540333674,90.16882831797307,103.13776014171592,102.81793118421005,91.29898588799628,83.10238925571406,77.23726740842116,71.96673643021364,68.79091458713228
2024-03-12,68.98996833964651,68.09325092763143,66.13917399430696,66.50513178928597,75.72326346499575,87.27313368137739,97.16413585254737,100.86178088140996,88.5048229006934,83.35289567700259,81.8854638243811,78.85539966668452,79.4546234315826,79.68209139646987,82.03120769885642,86.91958352017274,94.80923852526843,105.16209171045462,104.34554641055925,89.67494301070722,82.67509200302335,77.94494686562247,71.67662331595623,67.83952697872465
2024-03-13,60.89466028733236,59.21951556595229,57.64532015553026,58.89920514155734,64.90067092096726,73.66291990478858,82.73581652246006,84.90967432094638,75.63113313188298,67.55120802497062,64.35525881854737,62.12550500787059,62.202950328017394,63.65882774845004,66.82139634668994,70.48040357576254,79.12677136456887,82.60072350377027,80.32868702650137,71.23506819450967,65.11090956861354,61.787942088882104,54.06066917375678,50.07729820897377
2024-03-14,53.47483679342797,53.07769550876438,50.36985511621731,52.35629947078766,56.5814235806708,67.84724388141912,73.285106637801,72.57114637842928,65.94744951489803,58.956797303431756,51.953959580068755,49.225412871004295,50.01706820202635,52.80313892444671,59.36370328068374,63.75567465066095,69.98257349699317,75.00958398965867,70.82336625401409,61.55600454825981,54.80821277806277,52.72704067989923,43.99263682753755,40.61849977274598
2024-03-15,42.94185461385359,40.049674482492705,38.74442758992808,37.89952479548599,52.95362288762858,64.78233017717112,72.35639251531798,69.6350711868649,55.55987018808254,46.36545306380552,40.70910307449995,33.33252975294634,31.069273643030826,34.50851610344094,44.074062837164135,57.14095336014299,68.47201383544841,77.36895960270222,72.95167544182452,65.17113406525289,55.2245806684588,54.73567244426614,49.51844423265048,45.60595536291913
2024-03-16,35.36171862412631,33.08520070338726,31.913047467286702,32.45118308130796,32.289044006630306,35.538243880219795,39.60853109632117,38.84455437211456,32.71603094287835,22.934270333565678,14.445863423924024,8.18676934375901,3.545807052289746,10.140451332372365,24.83280947740363,41.816871578519226,58.409567936099705,72.50148534998482,74.34962650034713,67.90790174637701,61.38697990085673,61.16766919613241,56.015147565432216,53.413878322961565
2024-03-17,63.88700178070967,63.80652726289618,61.0751191071129,60.3208501658859,60.080121705727294,64.75279022275143,62.50799099606381,58.55785877206249,53.9492948224983,50.882091228167724,47.11757078165054,38.94169171087931,32.152767690923966,39.61192578407639,49.8271303244218,63.34692929183589,78.49997034440149,88.2585672040788,87.25665538440929,79.80949557556892,73.07778325493139,66.81656132837868,58.64472803689148,55.406508269613184
2024-03-18,51.60589847496459,51.732625222239776,51.78783992444194,53.02088780502875,61.03091305123118,74.9658637451858,86.2518878028977,84.19661345861516,76.89096129955132,72.83298416204673,71.9536505020836,70.77770583036846,69.05603809443993,70.7368473801065,72.7110206639214,80.34797780590401,92.66773426702676,100.01140084538517,97.64863102631081,84.77898502362858,78.19570090613065,74.36841643208669,68.34090947125617,64.0915142681373
2024-03-19,66.71455212195909,65.37602497986985,63.4697744433479,66.43071174038297,75.24735548725486,85.09739381418079,91.34091139160138,90.23373785167574,79.97863105162625,70.36963166748362,66.18376942651724,63.091940835694956,62.83958589084887,65.2658800461312,71.502085374987,79.53244383931987,92.05835270892388,102.30688258523381,101.93016938521144,90.85908248466365,82.31774167140063,79.98989657403857,74.24158887132614,67.506889669477
2024-03-20,70.27161664329468,69.84860152074123,68.82807769393236,70.25288346403943,80.0749906181171,90.949173543712,99.43790087588117,94.79448390268813,79.918198491784,71.75585110066673,68.7157481218635,67.17230056481534,67.85490338433783,70.77380405313421,76.19440222688685,84.7332922398367,96.79138848981545,114.28731550482551,112.63890532937249,99.3219506396418,91.57399256189136,85.72342813454581,78.99988071934148,76.35881154737184
2024-03-21,74.11171076590918,71.49078672189705,69.710357417035,71.4394047546399,78.67586548599816,89.24822229722237,94.91906016979688,89.69201074448233,78.77979824408958,70.53742383487915,65.10740816975081,61.89468208566409,60.353528582140605,62.361310101296134,68.79215220653714,77.47069808017908,89.69945719135453,103.68683619841877,100.64487079536612,89.73228066370142,81.66732680021893,78.83016059074207,70.53711909922269,68.06644139461706
2024-03-22,58.34302008063901,56.20640520477015,55.7735224532067,55.14600989662917,64.67320559873755,72.76209858101608,76.18481454294952,68.51218604860352,58.00002538858605,50.714559276499074,45.471823941848015,39.5692312398978,37.86775456142236,40.167213166507395,50.92433284467282,62.65088552544596,75.03645444473358,89.84829928363271,91.64857515299407,85.35497928576626,77.77635315478456,78.89410090402016,73.59899404778247,68.79499946421618
2024-03-23,68.17074533270726,64.12710056914202,60.45664538674885,60.41523153762431,60.498092772208224,63.244201130896656,62.155235265757895,58.4427491877416,46.38808108983167,31.816327265585883,21.92765165580849,9.923096210828632,2.2651832899587276,3.7449436195717425,18.979748660857283,33.56809201489557,48.3961836530209,61.45178259131828,65.09984949184556,59.57236746012866,55.65277643904143,52.25903867482789,41.294080326361055,37.043421750376325
2024-03-24,4.740418049595434,1.956623422346638,1.721214693911648,3.8618766759962,7.82904878846216,8.989485264965339,12.874458821630867,6.947271514758313,-3.243387418227428,-10.428431778198302,-17.0866703325066,-22.329159827198225,-30.518620412852528,-22.827410588284124,-6.5182866859113915,16.800739653167113,43.08760147224214,57.1433555460531,56.51382162185487,51.211551973298796,51.074841919195435,48.293816108921206,39.65176289905719,36.09606798745784
2024-03-25,46.2843706998447,46.2538492050588,45.815491989011306,49.09202085983583,66.63663553642338,85.40993623301762,95.3558976402936,94.16790756091537,83.85971233765387,72.15775127786813,69.02003290965672,68.91353248698164,68.00886376746168,73.88939450499319,80.81600450182498,88.28444353541207,104.16776557693493,117.13669300073992,117.63920845626936,99.54871520177622,88.86961878095181,82.5609384447298,78.74023356336411,75.93251483743998
2024-03-26,69.70716010843151,66.38309781175226,63.16439617283287,66.36591352836913,73.00202643082616,83.82263015041171,82.52000722898588,76.274642791233,59.231292034263745,49.210393112001086,41.107395227922595,33.67737076870007,31.37274707013856,35.30412596757773,45.812786680725694,59.66700718313223,77.12207332062982,87.83312697350173,91.11854616924556,81.39200336772176,73.81174975996659,70.30715873153837,64.12843356457078,54.623919745112815
2024-03-27,60.18317628047395,60.61524091895158,61.31246425855163,62.42060978827417,75.32097724737427,86.36390996438946,91.8208308673363,90.730065550196,75.89713803097793,69.58825938817667,67.38718426014579,68.70645121077777,70.11237452066149,73.69624383406135,77.29872936005411,85.39613856934933,98.78241642377846,111.77491900331373,111.70048756216276,99.10762392794702,89.5569194717753,83.1593117888893,77.7905193583791,74.8513936430073
2024-03-28,67.22031701244335,63.75905966825816,58.33351383608537,60.53899686874439,68.6499017597299,80.4231065606561,79.66509111385037,73.8409802366314,61.40454602067868,48.55659004111871,38.18097394265489,26.600956262272078,19.629959801069276,21.554602925395216,29.909806770102946,39.127995943563434,53.056621508965605,61.474852162819104,65.46818485343815,55.6603064896058,50.39721628278704,47.72274968062996,37.44236864048635,29.71750276946517
2024-03-29,23.08137679793468,21.938993392273076,23.734260287629326,26.370940723715393,33.714351403165864,38.37128816892374,41.839725404688465,41.66677218649869,35.53541697010212,25.67671624127864,20.373929466800007,15.577051274889783,12.508746261160127,18.05499527539243,34.58979648402898,48.509856936321626,72.68723279904931,87.787786015665,91.00319411642002,83.58803475361722,76.76346224715081,75.6065966087074,69.58427526260749,67.1869798700337
2024-03-30,55.836141921405314,53.79463548915969,53.05236021528382,54.85155490037039,57.18092507516657,61.04792384157645,56.621140930117875,50.826163967893265,44.8547682776709,37.37417335914057,31.67841323778623,25.448291139271447,22.418261079287902,29.72679342087129,36.29839765307361,49.89828588298157,64.84453344719603,77.38251667024653,81.5857530815125,75.76852275330641,69.6891965446359,67.70327363639782,63.90355604170732,58.42602468301355
2024-03-31,57.043450063174774,57.30092697641769,55.37778016365328,57.59831013956619,55.346774864744475,53.91617492758283,50.66735426907502,47.133872593274134,39.66440212262795,36.01055008518509,32.87813715705951,25.09737537828687,20.682463909940367,25.649214872448894,38.72801689995589,55.329339696379094,71.4033063816631,82.49635489388208,84.13452761894747,74.85518543925444,69.71913746823199,65.47271147481177,57.98204072014953,53.381577173994145
2024-04-01,49.47443390710302,48.44116054035524,47.532083918859556,48.44877832498676,53.535233700474635,57.517479912273345,62.05534580641854,57.69831663908529,48.050401865206155,39.77061143928417,37.71169618874289,26.531982112427485,21.554578577746724,22.81103450885105,29.956372524214515,37.419977312449646,58.599421408601984,62.5188172874048,60.9856217159396,49.7183721363604,50.12375618909515,42.34425118931115,38.322115494481494,34.721425908567795
2024-04-02,16.937611142423236,12.50839961794469,11.222099809249329,18.289041615003015,38.77350189955078,50.27035344295142,54.047601253736374,46.27333648234283,33.38077634148185,25.967017695615823,20.035610201644587,11.083575056939182,2.9298386057962063,7.602517106084093,20.218185612347185,39.67531161459215,64.49270878825192,77.9473764175053,80.23373497491961,73.53532844395127,69.67553217865103,63.01307256812018,55.44233349770708,48.79181004339688
2024-04-03,60.04180051267554,60.02512162864755,61.25132597199238,63.317628689935795,78.75232606130862,90.96409974942976,98.67788352826133,92.3954619498037,82.44240599346662,74.20680491929369,68.60772377038239,64.93785718465213,64.97484282327244,66.65682668468742,72.02623077026162,75.87526290060366,90.01019104242881,100.99059500873422,95.6410999980921,79.34630831902356,67.36756585888185,59.566103821652916,56.934226167607974,60.180315167485176
2024-04-04,40.72001374989405,37.17487329376475,35.59679781640078,40.77078002769363,54.598110939403085,63.944359915119264,70.90026296727538,64.03573589695827,56.36078316687551,52.4334158815314,45.70377021750218,40.4199465865713,34.896906923401104,38.17268657771818,43.24636373145469,54.38206281157839,65.85851200068171,70.65739347593211,68.06481195093025,59.89090568386247,54.01119984061822,47.93791016703716,42.94297090092229,41.50734875327237
2024-04-05,47.9605428059818,43.234642773606254,43.855326738974256,46.83712311206348,60.79378004287527,71.87165962254329,73.36612316328906,68.00124138875474,56.81991399970465,45.610910590936,32.75164644690088,22.384707940199874,15.888714549107902,19.972083121227172,31.785756073996723,44.77209475178081,59.958811664084664,75.98931731911944,75.50296501135851,66.59434243105832,61.22272940274151,55.85804321637907,50.58529495284736,46.5468258607612
2024-04-06,32.52823114015905,30.55785361056003,33.45529006010079,35.093672661707245,41.46061969891049,46.04719907922859,46.26734835856726,37.83446269474658,25.20296053368874,11.397542779307557,-0.3525627721635658,-11.082789811222838,-16.442201194085143,-8.176800379158252,8.507851676031606,31.5562658320502,57.993276533114965,71.38769899552344,71.54022388903596,61.917883756705024,56.48949308081738,47.43531837535426,43.80501674921864,44.47438966237543
2024-04-07,17.98740529047386,14.60042142409479,17.01410328853987,21.577473504795762,28.312219194776873,34.28356646676194,33.408149222928586,24.244115165509953,13.869772107869437,3.011043792711888,-2.5945213489450225,-9.650689826642491,-13.360464142596868,0.17186785020541606,15.59060580488466,48.70085254161205,76.13399530520195,92.62578605726259,90.71372635311087,83.76794269793142,80.63175760986528,72.46562729557942,66.78845389922338,65.16873966122438
2024-04-08,60.52239125507524,61.03358723968673,61.73554488865765,65.95822209443213,79.56108205243876,91.5845227074436,91.31313989760054,82.6468012078007,73.31786144775646,67.39754004987736,57.031717895374385,57.06153947912537,56.91191071394583,60.861502997523615,63.77650726860725,74.49942674837587,84.62312378595331,94.31982523423133,93.0912781634394,81.90631317371827,73.42184241205098,67.56976078799266,63.25440676779107,62.40650965822064
2024-04-09,60.140103968835554,56.26526493563476,55.63605071236584,59.75190144185752,77.49617557681802,87.61467102079396,94.15888105452481,78.31623960572911,61.195171005043704,49.69123531658042,43.0322517921569,32.45292818627492,25.10644307264691,29.02603471556054,38.50362638642068,56.24526228612805,69.10375415170435,82.55026860266108,84.36224796958587,70.19745282815515,63.49573477735996,54.495870805496565,46.96085210647823,46.64017193014382
2024-04-10,29.829144149554253,30.869381782749656,34.93314142762698,42.38304040108932,65.54404694429205,79.05054356102708,82.27651254875438,71.05242796086803,59.808884326716125,52.09800488404396,43.94827535543182,43.687260936612645,43.616008965746985,51.69621424733509,60.955145356821276,74.54516312203646,94.12072178156892,110.27619130543164,108.1232003302266,94.28344481701762,81.82325670818989,72.82271868515818,70.30539590121798,70.93922746038461
2024-04-11,56.24544005646827,50.50071805326809,49.540228955649354,55.50141889428184,75.36482894542429,87.31291005766535,86.48859047047894,70.68404276821613,58.814324064513755,48.866926076102985,40.88285729711805,33.933371629281694,33.770008590818364,45.90113753506847,60.0167272134443,80.14095754156476,99.10007094885277,115.88226357720951,112.32227775495753,100.41234855348087,90.41782470250793,84.47559396990974,78.35219117468029,73.00135457653155
2024-04-12,70.10758141832576,67.43040558974253,66.34998317234141,69.90255662705387,90.30150819240654,100.28509655546702,94.62982491650224,78.80261599060343,63.81427517288351,53.76948158326938,42.52981606266995,29.606023045850563,29.543924523805757,37.49694074884246,50.71681888525643,67.36981787015247,84.4444504741047,102.1882289951045,103.17059177337104,88.86772822833325,79.33154288218346,73.16722022074883,67.48694393801729,64.94260545337914
2024-04-13,54.81957467058869,52.60660199712382,52.23998060391945,53.11767883023295,57.47408074265226,60.65427212151225,55.53280543812782,45.14340170180516,27.429826624452758,10.696377570319783,-1.6141262750222154,-12.420099920340547,-14.770108798047403,-4.576540412537881,17.587712576365078,41.730892967613485,67.64239328587861,82.87672546518459,79.65398573587858,66.12132416351093,59.360377360007234,52.76236100623284,44.48771315763622,41.475907501247235
2024-04-14,23.725642479620987,18.876855634151696,19.18499212662958,24.674897447622968,32.133920568424614,39.55458642894101,35.270900503250346,25.787955376838028,12.262635578269112,0.94413735502485,-5.577214361039779,-16.785525030370053,-20.920824025201554,-10.8950975083075,10.576532152472367,41.65846099417905,76.61119967492442,96.46525108557323,94.80384146083333,88.13115162272166,85.21212095954124,78.44485953232328,71.92705405398453,68.25730415213147
2024-04-15,76.49891573480548,74.78926524289409,74.78422764805443,79.92250234251148,102.40026003631432,113.35328071457623,107.28761959859598,97.63752388134428,82.8906016625213,67.14998330210742,55.73874053623268,44.68189321103927,38.20863153364675,45.448236321986855,53.79929976940478,65.33534569500117,84.66424912183017,94.39840843169816,92.54178792756719,84.97129103620847,80.2867259062586,70.52412903526262,63.47832763517859,60.04890378190942
2024-04-16,34.51736635695052,32.77948941897756,35.134595704353586,43.245754415777654,66.54396687195897,78.15292839084337,81.7457516744431,68.99788307020621,56.44811990888738,52.7832034624212,47.45637985492351,40.87338318289571,40.053374829494416,48.82504026903129,60.88817047592771,77.3892268205342,97.62820902316263,112.66554173025229,115.80369588344209,101.99283042528599,90.57687098375146,80.28127434405883,75.25604428757822,73.53561847045673
2024-04-17,79.93413310229991,78.61815823715835,79.58387014340863,83.77803941929918,102.06835852104567,114.46342634893108,118.54388874039195,107.51865669097813,94.5673011720453,88.66492449275023,83.77320105667125,77.33872996360873,75.51926471376115,80.69632961937133,87.58881587920584,94.08449330936013,109.7711555520439,130.81589345790323,123.00602198255434,107.62583062872123,98.98272179067489,89.915253422162,87.5984785223306,84.10281140315936
2024-04-18,81.90123471475714,81.21648817462433,83.31480626915098,87.98317459957148,102.71804336491215,113.72135028900058,115.56837050815523,101.8269742572726,87.13915441629689,78.66198455383531,73.11935342210117,65.92447803180832,61.16340764313736,61.95629296278494,67.11993723079361,77.0996093838529,91.12200805428385,103.58514758346213,103.9256490612474,89.04958180070811,80.1871006101404,71.35649653209818,68.89373082465157,65.147707613034
2024-04-19,53.193846738864394,50.47577694047274,51.197771164998485,53.97337794654642,75.35820156965259,89.98991525072324,85.7607489750122,70.09199870339967,55.16181589667333,49.42128865824827,40.212650703407775,33.050407390200476,27.196193371788297,29.00306429391898,38.51472579673701,54.4823539163971,67.905395430846,81.45919092640969,81.00524138789002,72.20557438818372,64.64719318406937,58.51685704668583,52.11359425361431,47.57778340779262
2024-04-20,54.43700460203853,54.43727989473106,54.17828012268167,57.59398135154896,62.63274650237446,68.70679992823742,72.94894613056331,65.30899518323213,61.072629301297226,52.4453651870256,44.72931937454055,39.4656743342029,36.08894965733137,45.39798088128278,59.16706257204325,76.82876986856488,94.82642227110102,110.54149718202383,105.88557331418966,96.12731886396513,87.56101182881555,80.68819461976697,79.6295915425726,77.91123395687174
2024-04-21,65.95459259998019,61.1023191154418,60.34699880257953,61.95372485704928,59.93524039304164,62.35120621459724,57.38938923265118,49.985451273155135,41.56398337440788,33.11649443051448,30.31583097697512,21.355660846387067,14.78253218175746,21.379359010379204,37.544734585406644,57.46851626005977,76.80820207379324,89.245286622565,92.52719720840443,87.78704570739845,86.11268242573357,79.62369861567673,71.79880930194274,65.5512363086159
2024-04-22,71.01064962719315,70.79661338104614,71.97173851772256,78.23845411612841,95.45278129107518,109.1167278610028,114.48446937417138,98.35732023561538,87.3463614771332,82.55540123246082,76.84213075900618,72.67690484393903,72.24343223197002,75.29483527735853,77.1065504861094,87.78463846772433,103.3309221374878,122.30139887075691,122.062960627919,108.61482715548188,97.77555819487307,90.01395068853489,81.38201815729856,80.94906115084927
2024-04-23,80.94341330058626,80.54329818998708,82.07087234850863,86.57837428635335,104.75868477806581,116.8141728809574,118.45861216286144,98.10693058059857,83.62179733947725,77.85111083615777,73.04558318006424,68.16005919206285,64.18465034835373,66.9778566555632,72.62472614702585,84.79899986970446,100.75784589546122,115.61952492891999,116.03499390858852,98.29938313915301,90.91676948598933,80.60528018061983,80.99078488497608,75.70941990816638
2024-04-24,74.54988137052196,74.335021137431,77.28954449742355,82.9382363155654,104.41076420152356,116.90630878423977,114.54649562362512,100.03165747542286,87.71908382780853,83.1783187814234,78.37335594092902,76.79118684588477,75.10442950410504,75.40670833148954,77.53018928304063,88.15790699539775,103.30619881223569,120.00633191804499,118.54028205615164,109.37233526708314,100.63475100617833,89.67789400586676,89.185343797002,82.8426130435019
2024-04-25,83.58064450721331,83.26226011592158,84.62696600175522,91.74915495687046,110.37257877773338,124.35119778538738,122.84039999532628,108.48049013297556,98.05894829865174,91.63794555100948,86.26110925036733,80.616499533358,80.52693280641033,81.51614269349808,85.23586889149215,95.4065421847545,111.50158721948053,129.65852609461993,127.7652782854851,115.14183878404472,105.30266092910496,94.9537212092744,89.96688668525792,83.13579492736655
2024-04-26,71.5194695304436,70.76968452292368,73.69948201300625,77.7307690639332,94.91031486293086,108.48048415432167,108.9444048197633,92.36905460375696,82.95136330556055,78.71685023979398,72.93922362310018,66.56149797834637,65.56828860826973,67.84965505856695,78.04716610952107,90.73360955723997,105.03141353408589,123.10292872644268,120.09836860390385,105.83358291271495,99.25271324654871,94.23818706454088,90.52825031986029,87.59363210357726
2024-04-27,84.85031515138812,80.60816649936065,78.78294089053573,77.75008035696936,78.17907672708003,79.46447297152477,74.45269499523239,64.5711431684981,48.591907125587795,32.68769177363693,22.98836915599776,11.18862216554227,6.242428079945114,12.727193398816496,34.0182973027493,50.817769963506066,73.08471294644688,87.32384680946546,89.27590301674181,80.33190471506192,75.14642783260625,68.96755562790388,60.120023491668235,54.12622164620963
2024-04-28,32.99100029753711,26.835239569957693,25.30187880067517,28.658102187938923,28.998111026486683,29.167360619489017,21.184703352698904,11.921910213137437,-0.4464341764463029,-15.622229607665986,-25.121743257494984,-38.180760101641724,-42.42222153322527,-31.80881650106123,-7.385792538085639,26.375564351049377,58.81408635574115,78.39634456744218,82.94473951220158,82.65537743053716,84.36822193203407,77.71042050658863,66.5385710034212,63.78730411784069
2024-04-29,65.99387021798886,66.45740091853736,68.33697414045626,78.55409485252682,105.2026835566569,115.92403524269851,115.71373755805317,101.92550975449886,84.15590344691516,70.22165912129879,64.50590814852896,62.85809420911383,62.16818004968397,72.35555188215073,78.86663862637,91.26290691711273,114.31135735537985,130.0175508181207,128.89834728362007,114.95415479048157,103.8144337192537,90.82930600409462,86.78236027045014,83.57302133848518
2024-04-30,71.5391380760419,68.94384697184864,70.70248399360025,78.48462064834547,97.29059862369961,106.18153921710979,99.11502713641947,78.54879140315458,63.17211197731059,52.97391077510794,43.807364657348316,37.63899809266283,36.25756869614659,41.94342469708543,54.83080904863651,71.95996354216011,94.8973806767899,110.5858199509109,111.49319159403653,95.79307320552628,88.2391760306782,76.98609787091384,74.82439476409563,67.29432489263857
2024-05-01,50.895872368646934,46.90242402804877,45.88944907965789,48.99566603920178,61.45058278553809,63.718377538227784,60.76670884524863,47.945027405214645,31.921814659417905,12.564416920804959,0.6243730805462064,-16.050787055213462,-20.519642138966006,-13.223204581615576,9.973439423169395,32.06218652088967,63.57306349590954,78.16678403304397,81.38451564430248,70.11168159405165,68.37589788896148,58.7466325088385,51.18285688037264,46.93003035000193
2024-05-02,27.834916802700704,25.781940456566232,28.985358413080988,42.08267025739558,69.85170180366075,84.29307682490195,77.58456118801189,62.34375322313315,46.57244168405752,32.59583920265095,20.36638162438973,14.220559245975252,11.51141569472928,21.323233389275728,34.475335733244535,56.94921588537241,83.70731990772131,101.1851448550057,103.45677309880452,93.07946061954644,86.17261499233163,74.36545382235589,67.79842933433912,60.44105836939936
2024-05-03,47.6559109724524,46.63241102544352,50.48329233738481,57.63247694277855,79.23055432344306,90.06962616234088,89.43109336925397,72.99509851081638,62.589219792098504,54.10008481347086,46.507014806055366,41.04184163601232,40.97989927110427,44.644854250658966,52.68887628023768,67.42380749277056,86.27025035928278,106.83488937501824,108.92653253774992,93.68063166138603,83.87256415981761,74.86015405171194,76.9479263946493,73.18009553251834
2024-05-04,81.16807357160464,81.39981652259382,80.29694984904927,83.1867868491258,85.1247085087023,88.61311309765273,88.70244687571584,77.14448198663528,67.39100134412836,61.70015381612022,54.425788937822716,46.37296891279813,45.16561263449522,50.408727375193735,61.495894973844486,73.00497115815908,88.96349217397089,102.69174866441878,103.52429621279057,93.4358384111674,83.81398805393852,77.00273011503901,78.56298815813412,73.26036468900263
2024-05-05,58.887227943920166,56.30113841181932,53.44638161938457,55.2873841947989,51.81655631332245,50.081074634150895,45.88293506536472,38.07519260627524,23.149674262066924,15.99072490424416,10.794851482343773,0.16716884702297818,-3.3087526844250874,1.526584006140638,19.272197296569033,42.89274871025384,60.30857450317319,76.81012437530518,83.68799923868825,82.07145366334312,80.0588374231649,73.81687194361653,63.05201518568377,58.37589716092569
2024-05-06,75.03047720956693,75.59305267871957,79.44336138547209,88.04982739249542,109.54950554166743,123.04488896384429,119.16665146888147,102.02604381857,89.60673909400779,83.35800986795684,79.9303162855879,76.75106065884651,76.41348919567682,82.79305172684425,85.94520150582025,93.93507658616015,111.88772626657509,130.38695784035752,128.72999790672833,113.04359931529713,103.44472045167562,89.85411580410226,86.21848675009761,83.85504813666446
2024-05-07,78.17979912735481,78.27542823327218,79.77521166752229,86.47380157712158,103.41931875118173,118.58850134206317,115.97952580422415,95.28949843827094,85.18262671306829,81.80637524280294,79.42513874229348,75.28507884943431,72.56206185484703,74.66184375350738,76.90767083629085,87.2307370929876,101.83571064559062,120.68730951132876,118.21080954934034,101.91612396002326,91.38287583465983,80.41766870114263,82.40736812686106,76.80824825509208
2024-05-08,84.045021096943,83.97185115255357,83.26266345948976,86.72578282212515,100.13616105639981,111.34549716271981,111.36544964940583,96.64435984002567,86.04477100129125,80.40651889208974,75.61496674877253,72.0832673350469,70.28800332839413,73.77536322410363,80.94302891641877,93.10274137598671,108.2398761827269,125.87808491142522,120.74624544183354,111.50293866781843,101.10917270073213,87.45765941402757,86.3922894975267,82.81137470509152
2024-05-09,86.5274040746846,86.44238002977988,84.43868286479069,86.38938708728315,92.90839671366487,91.92703408081563,91.5325558143145,80.521033679069,68.02425733839138,58.10041137487002,55.96887285829844,43.957480021089324,41.84331010241674,47.03074036296172,64.26551596299257,81.58359643024555,101.51341308843088,118.99979078664754,122.8603652769383,109.98303559926086,100.17118772774437,93.59537669079873,90.18794970652338,85.51217016926512
2024-05-10,83.37679736190562,81.2180345370217,84.93275262530359,92.80525310981548,110.48404408649998,120.51748516596791,112.28252973175987,96.62824491331288,81.70930902846224,74.37873719636428,72.8190954050452,64.06685660591171,63.55849409061893,66.64544316510393,73.49700253751105,89.60453539019477,109.19726438149195,133.0990190090269,135.58244283293345,119.50538844954244,112.11544430672913,103.88332261266251,94.92326081008828,92.89766695767852
2024-05-11,82.02408063118015,79.7543777454366,80.14120240127751,80.43591995529131,82.25446530507692,83.01118847657497,75.19407109413758,63.363823269690315,49.90872461442693,37.307489300766036,29.792509159601778,18.547428973435615,14.8576677355112,21.215757050100237,40.24073061646604,57.4187390730029,79.89009943466144,97.03040039504378,99.60511992982094,93.09946788275195,86.43598405301505,78.08120217941509,71.11449891244291,67.5827792458161
2024-05-12,57.362565760152464,51.93997031379219,51.240396966804894,50.560785899008394,48.988151039501474,45.86984075100034,32.829883996557044,20.248923948771164,3.546069035751259,-8.662726739467956,-17.770795213905387,-29.578434445413848,-34.091713901677736,-27.01876842017937,-5.421661220817299,23.744349101851896,53.68705999864949,72.86073672838319,78.78707159935723,75.78025907848269,75.77895159446558,68.88845673755628,56.34771914221713,52.709161451682405
2024-05-13,36.90417004806123,35.621267514829285,38.30038534479229,51.54456355930476,80.45922857271054,89.03613945860062,79.79074923788086,65.1605146723818,47.917354328816316,35.02398137452259,23.16273979499914,18.677460857556923,15.813542164352327,24.37245314909734,36.705415265019724,56.89889430054038,79.7106186015234,97.57051489263765,99.11043752204529,89.79799541343382,84.75990036152488,71.7230845238225,66.90788446837284,61.50960351937216
2024-05-14,45.121915961981045,40.562020466952305,42.83760938201202,50.892806052399834,72.85313842605277,82.21740351917632,75.85711409905312,54.45718452846485,36.42900700469123,24.183068197147634,8.810676847816751,-1.9360450723543607,-4.21214868094124,3.279188148906229,19.85133636142244,42.04382458053934,64.57032780957758,82.16634616596205,90.02066979952087,74.91851282215461,70.36400742404969,57.77376986226952,54.950097594626456,50.86027704564279
2024-05-15,37.831101946201926,34.32642593263864,37.08051579164096,45.58833719649407,70.02001809438785,77.16871368597846,74.24381267173192,57.24045831607309,41.669436385054084,29.582650620505163,13.704391680169167,3.6463171311287965,3.6732359836165216,10.155766174692687,23.897932240830286,45.35614475574123,68.13239953998233,87.19164607409093,95.41424526466643,79.2628555023486,71.29514492226966,60.36309157944517,56.109850268256494,55.65776731542515
2024-05-16,55.30554093791565,53.53740162424785,53.50830353149635,62.83559985596354,79.21956192773365,87.89505829324607,84.6119930841564,67.12308262110413,51.99085210382414,43.564139344484644,27.65367183623472,21.182072046551255,20.058571751590662,26.44619697575743,39.71545318763644,61.04185715440754,90.21846929355186,110.7083708176239,116.9546562380546,102.96120100443837,90.34829844327152,79.02441927822535,76.87252550915919,73.98324472623992
2024-05-17,55.74569367487318,54.548216460095375,56.4459836323445,63.13832054368325,84.80970491839179,91.70985593207482,87.16813962200823,68.58601982106592,57.982892573031336,49.324127793456995,34.827407249411806,26.116243398522812,24.891002195662978,27.65768470667679,35.80619836577654,49.52333271099499,71.22650699882016,87.65039985539772,96.90791233906413,83.971426938756,72.49609973301907,63.17481585171126,63.333361980380374,60.93276307875993
2024-05-18,66.16126647272594,66.01075745112718,67.27977771700421,69.25233722582473,73.00127644189439,74.46679402695993,72.69311578831362,60.7335184942274,49.66102830264971,41.450014282915745,29.85399520931115,20.351056006018027,17.163368744650953,25.448739392835066,42.06840725578142,59.94692642409926,79.38757235067133,97.48052395962816,102.32937759067396,97.34158625708693,85.83082317824774,78.96944534948206,78.05734794882933,75.19804358731142
2024-05-19,67.62739428693531,66.21717547972628,66.0596757751897,67.18010942413554,62.351130691516744,58.65877657597835,50.093560581839554,38.814800464752324,27.284837948472585,20.056499595273067,15.628804408222493,6.931891287983717,5.1179352363476625,11.032165712528581,29.124416019276765,48.29349789162279,69.78051609770839,84.4130812761754,90.04119379368564,88.32839949718942,84.02765467337261,77.04558956812954,70.40266493319223,64.29013703817981
2024-05-20,66.63160974050251,65.26442452617908,67.97681936868932,72.54512711296994,79.39122075716449,79.51514149857336,72.77032717853186,60.26506938996114,44.63727571311918,34.079823253107136,32.749878554627884,20.422564458914522,19.901968776116718,23.868449126901652,35.67144371710944,56.51015708323503,81.72180428018723,98.19051148746108,105.80017024854673,91.85321106185737,85.67238798367379,78.43083973542932,72.91820519695818,67.18635846082495
2024-05-21,66.65136951247294,64.13194933232376,64.736599780695,73.57012485900543,94.88067790641406,103.09748107094343,99.56589838768919,79.33561676551557,65.54088643226696,59.434705457704084,54.52677416118371,46.090631523216146,41.84647898431852,43.911511077433474,50.91105489581412,67.88167661147989,84.3689919217899,102.81097689962186,108.56061066085977,94.4869170143168,84.75634339805849,77.73726823505127,70.41450696441919,66.26262102356446
2024-05-22,59.71453689500591,58.924993453129275,60.84727553824227,67.99110813319025,90.8734862209028,100.6762301382631,101.23872777198638,82.68984167810491,71.41698875702876,65.60343686122258,59.92266824818064,54.554879533558974,54.09503908212557,61.557096523138426,74.80978443822463,87.54185718322688,102.52954964775557,126.223727551949,130.64326403737962,114.6378742458862,97.10345962591772,90.67276788005547,88.52186493601054,84.04607459050189
2024-05-23,84.30711115996189,82.07944498398334,84.44656974682226,88.71112016320203,106.36264317107342,115.44376177334908,111.86637676948658,92.33681702949171,80.7176950783528,75.26914181714618,71.04311650090727,61.88700938208318,61.57829436401806,68.64765310418721,81.761648064405,93.67883617657664,113.24339323203112,138.80133209255217,143.16851335920606,123.03392454314388,107.53417559738739,99.06204388186077,97.69203375739255,90.16722565305942
2024-05-24,89.98382588844265,89.57051306590068,90.49290723895024,95.38820058033048,114.10364711314108,125.88925330966055,120.70659366093892,105.28234687761905,94.41048472330824,88.47844288922576,83.65083397847252,74.50748118705053,73.81239558226369,76.47284837767828,81.30781004018144,90.85809752305846,101.57188147714918,121.95094386135543,121.38866869671483,108.12713452820394,98.14169555112825,91.23877873460083,89.40365822861807,84.76794087089507
2024-05-25,83.51092023412042,81.67088572406371,80.9442406312684,80.61690841586096,81.509722942244,84.68704478409708,80.74186737071103,74.82044387600116,65.27138220614526,55.37193371448646,49.41456266365009,42.86357510089253,37.50607820084183,47.00353620935749,61.314311307173796,75.08543974540042,93.18338902285336,108.04367275139867,111.0053247106196,109.81157786359279,101.48250305101976,94.80152631276984,88.92544847825225,84.24318902472433
2024-05-26,85.4884287991008,82.74528401286786,80.60585215388338,79.91047077165138,75.4068176030473,72.22788997198879,63.16915462354784,50.97370239777716,39.500172898607815,27.135041809222855,18.425856944457934,9.865473259296138,4.9653946163874,14.189500503860216,39.065382819672635,60.28046061081204,84.64182954471798,103.7288168417559,110.30320369292735,107.32069285182526,102.03710657455515,92.58514120019466,83.48253915819137,78.27666312377822
2024-05-27,82.19216793563763,80.47337492177932,84.3226203637334,91.60812881997879,111.42776762635611,124.42422451222353,116.9403853701375,100.65004540503251,88.6725301446684,85.83904721443241,75.90948050722481,74.59070633181966,71.49557925348205,78.28702299591987,84.32103684037722,99.00405164315919,118.71141050762874,143.03214269838594,142.4165781299008,127.51432589663807,117.12293345288856,102.2009994669285,94.81739634197876,93.19552928443287
2024-05-28,93.43413681883327,91.91284281675236,92.88146937299086,98.5362552849613,119.7910227642983,133.56236611724358,126.70481919543585,102.87139415862839,88.34447879023456,79.4280534152814,71.23550594847319,64.51209607769668,61.78765484122535,69.2618574256994,79.27594244836105,94.84895436572279,114.69490423511778,138.73223721426572,140.89223780932485,122.4509113928822,109.77348998830456,96.94938979474733,92.8728218144808,85.84082951314781
2024-05-29,70.44527831651885,68.23827294483137,71.87772497410836,77.10603917382736,100.11911625481906,112.54026664394381,104.05125312526206,88.26017770888885,74.88020027590387,67.74354923988336,62.95253943518675,60.48678505857126,58.02916286301259,63.56518105425503,72.7003120307883,86.69948898912912,103.69238158954684,129.16487338679116,131.9130997232174,122.21899963831962,109.91476229286454,100.84810028765435,96.73442238671151,90.03129258293298
2024-05-30,87.99628152503297,89.63629142020264,90.6454226750371,91.84444438867614,100.286291415042,104.55631549810684,103.34518166651324,94.80604464371551,85.18698070626911,76.83383150782882,75.43015509282907,67.75507561283735,64.76357339324387,66.60359937135503,79.15729906376897,89.54296317082105,109.88999617262674,129.5334634056985,132.20423909766208,121.85201361452985,113.55376171378302,101.48057264179951,100.57644928617486,91.94642634132002
2024-05-31,83.18580808682357,80.81661292257309,81.7510889202264,88.58296658606201,106.03160975245413,113.54950711526931,111.75825473727022,103.84792548618995,97.42903969368919,91.28057946121281,86.02772984494442,77.9629036033809,75.914794194959,78.15971166036056,79.12661993079348,90.6605668818678,103.32798203789842,118.87422212232057,118.67694114252264,106.34989556080133,99.13362450120157,89.88062493945766,84.06887412886303,80.30318325733379
2024-06-01,72.79110214707542,70.19953368520841,69.8716144900188,71.23251657837342,70.60421572070652,74.93742770541155,71.61848482882984,66.93507365952873,60.69341761735399,50.650950699195775,44.26373573113888,36.8004166812383,30.14798625356525,37.25879223872512,46.968558126930844,57.00674885895636,72.25551355181005,81.88769740090551,82.85996691969684,81.52058007870168,77.66077350093582,70.29027183337331,63.568606257320184,59.28247907148858
2024-06-02,49.790383238706085,45.39402536349496,44.70700788018377,45.726332443006484,42.7047432750242,41.2882964262745,36.6074219634412,22.906606288602376,15.044160119364875,7.778261969911171,-1.873352394010226,-10.673778475859208,-17.33630708589243,-9.096366093375394,8.565156584594689,30.742373126604946,57.40617146275454,74.8927244973226,81.4727348049707,82.58343374250022,81.66671355354704,73.45643321128532,66.24867192844351,61.03193345400402
2024-06-03,63.01189907814152,62.413614154327526,67.08864873464486,76.99709446360106,101.36817751752073,114.49119276468491,111.23384070687894,98.85507206414843,85.99484468148165,78.13808270910226,71.32329656487337,66.65172076664828,64.43329625221287,68.63342282022802,72.81902177891001,85.31923446962963,103.30533299524028,122.6377557833975,124.89741723668433,115.91522543869795,108.33393792183446,95.62089379803163,91.71741208078564,85.90054175258754
2024-06-04,102.65851626714564,101.63532471388356,103.02468677728952,108.99495727315258,129.82856385103426,139.80324379365837,133.6843670136621,113.2350883700522,100.06090927523375,90.0240888726189,82.4087223437873,73.59164854769413,70.03186107391143,74.00797879812262,81.95098526155058,94.67248289506131,112.55152382772815,129.58525338734364,132.99396247600848,120.9580807826984,109.13136636687501,94.40853111812307,89.83857669905117,81.03725065849994
2024-06-05,66.35135183060858,63.726938840603424,66.93584232355678,73.3956868369062,96.4156547068035,109.97048561240895,102.41705662502841,86.87753734582029,72.63787575752565,65.99904022169457,59.61499269905889,58.00375520181221,53.75510931289412,60.634724265467355,68.92279781552915,85.6604047001218,102.9467191528878,128.11461025461125,136.29363707745688,128.66252013949594,116.80934240440206,104.96769257318769,100.40943473087086,93.8918834210627
2024-06-06,93.87327989426579,91.97609494517668,93.62669883624122,101.35754660639024,123.07381835938983,136.1866359027642,125.32977474974462,108.50909843496785,91.12718080295063,81.56393126222207,71.47329581904941,63.25028503735373,61.80002036970622,67.18444677049206,80.53584531329517,99.13518148890829,129.7493228235014,155.3353654621837,158.51791393187673,150.38565695385395,134.94319522321786,121.45736837522273,115.91494571595372,106.66911080063129
2024-06-07,95.6102733028441,93.05537846727043,95.0584905047994,99.91502644139442,123.09992536940025,127.45746445298008,117.96318733179399,98.6110994374078,82.31005167225923,71.82948313961552,61.676082749049755,51.88876989503487,50.77577064405099,53.731261401355624,64.84918640287579,81.96238635959124,106.12235376556139,130.28474164257915,139.05684728632315,131.73993602285577,118.07814825985228,106.22050472148504,100.69296792304623,94.37296448316366
2024-06-08,78.89853588857366,73.99237460631755,72.8475388779614,72.03144154090202,74.92331085796691,71.80524984479162,65.43333499187857,49.073512220485085,32.64975957297223,15.21630426120241,0.17007471381830896,-13.454729233586377,-17.00519366903842,-12.484810224389989,11.294506763462579,36.74338581548952,66.60459704969816,84.18232826538971,95.48801451331973,93.62153392328183,88.36367497435795,78.25421774374723,63.49673841092097,60.03870226905394
2024-06-09,48.2658062345585,42.078001232494,42.68537780282625,43.78854633738723,47.16459839874665,42.044208105690444,31.6407057532887,16.216540255258167,2.836275451449268,-5.965103704916771,-17.817395708703287,-28.635210199531954,-33.66629039650553,-26.066372095133033,-4.028856540267697,24.37409248066149,57.67470506810389,81.87840688694811,93.24243366388572,94.59800088463278,94.98050878256711,85.33537479867508,72.72178016007393,69.55677892166469
2024-06-10,73.56854255263866,71.68442139377201,76.21850841972619,87.86043693870856,114.80743032311604,125.38855329025651,117.21408301658599,99.61320940541843,85.50608651900008,72.7840535181322,65.25498213120972,59.11714946547529,58.0632979444554,63.24917644726685,69.96348172259454,83.27712077611338,99.7399873766784,118.89138827971975,119.79040645959745,110.83185199489272,103.6117906558078,91.17088119784094,84.24015604641122,78.10584792013566
2024-06-11,59.72967419256619,54.90768063620621,56.390581675433914,67.35882871359598,87.87029308468809,99.67706498828237,93.61058103048892,72.01465363547682,55.86080427319757,46.77307510007604,34.3033586233703,25.64611572261606,21.870146874573393,28.46611519741029,42.97046743374412,65.94190204032526,89.85715821287388,111.12062699541629,121.9276474821674,110.44549684112913,101.17557577775065,88.53759948081365,83.96709636992688,77.121323161569
2024-06-12,73.90097529915343,71.8515838116432,75.18177371508418,80.2847549043372,108.1781187365346,115.64897596000789,106.49660237343056,84.62692991314623,70.27221446004407,61.60050514825373,52.879724761143095,44.36228157881041,44.65669366182338,50.07442408952852,62.23667261262128,73.39406901516548,95.8864388941888,125.45930884745337,137.2948372855365,125.37748949731152,110.64828142913962,98.2483953380279,91.75518016702519,87.25664877374189
2024-06-13,92.01949494175304,91.412026442501,93.11829761711603,99.18552990687544,121.55641517662073,127.901026438729,118.84217938992059,100.42029762324692,86.4889808445978,78.95480118153539,74.67713317151839,67.23938114625614,67.79481694641544,72.30360371667317,82.46407422291955,93.81961159092992,114.1302725486962,139.32684138949503,148.62469432995738,137.63079999855458,123.10233773740524,109.3004174662604,103.78218063667777,93.79707781464369
2024-06-14,82.80562560745918,81.32247164232956,82.17724974528673,87.80368988360799,109.11164532121845,118.5679130667694,108.15046173339944,94.5654385615612,84.14822500867382,76.60011634263265,69.61234521864327,60.32373505227602,57.828683106517516,58.639069028019065,64.00781667776754,76.12464238265113,91.56238862076904,108.98174210445157,116.75365220422918,110.32063280687879,101.08480963757802,88.33871773143326,85.8603982662055,78.63331704820953
2024-06-15,58.98612268235051,53.77992215195427,54.73659899463459,55.48276343863782,58.53406175214309,60.576603648387646,54.183770349549036,35.95446339422662,17.951875152469484,0.6439894271865114,-13.985711681501357,-25.50473154578394,-27.160233954045367,-19.142928984424685,3.1449418923489816,33.837923428635094,65.76150976379512,89.1109157084458,104.30739007422922,97.29558489902898,92.05618913372486,84.90452599868601,73.11926671577648,69.25447456213612
2024-06-16,43.48914374008716,36.95180303529307,39.254144772854715,41.71164605199253,48.76650388280238,47.84211672323761,40.5887299128633,24.34117961303309,12.098565638297913,6.632925319222295,-2.9084958884313608,-12.728024927904912,-17.242798618035096,-6.55545863378677,12.540968535888453,38.37776758856995,67.7807486536143,93.2344936451897,101.65167368672901,99.80026588373634,98.53367052976651,89.64370108251262,79.42763244261246,76.08715780378606
2024-06-17,65.16446609157711,63.91420007648144,67.09667164045555,74.97391990517852,99.47756175971438,111.32344712894692,108.68048230182148,88.04560361201976,76.74353918963719,68.70190217736744,62.94182833086461,59.687978874715185,60.55859730340719,66.52965428578582,73.07838970742867,85.36000938377468,102.53465328397327,125.1357778476718,131.25630959814777,114.2318591901103,103.198546360539,93.20765838716542,86.9329617880177,81.04539002755058
2024-06-18,83.50960052829679,81.88656785247166,82.73109307978413,88.26198215898046,108.7589692893152,116.90576248638402,109.73674855574447,88.85102392552407,75.97441082020538,71.90859191517116,66.06098377707764,58.385876515003716,59.692718031754225,67.50388976173603,77.7542708628466,90.06320569643982,103.11138365401119,125.60424283050243,135.60281394580946,118.01685811813118,102.29866391924482,89.59117470869245,87.54740075778203,81.21811951144748
2024-06-19,87.09808600332596,86.42389147615236,87.75934224635608,93.11150598288765,117.33829647704378,130.71296736454124,121.17241449185354,103.28177855929343,88.94001723795492,85.1659222703669,78.95768735380327,72.00749456914622,68.95744947502948,72.0525538238085,77.45796855555074,88.18044113400727,102.20875152343426,124.56609130311453,135.28911447258227,128.11816654561164,114.06350600156472,100.05499409804304,96.18966638375184,89.82395634465541
2024-06-20,81.3842378460468,81.67681472402705,83.58490387243529,90.305426301685,111.77107951035428,121.27489112787893,109.08643437479863,94.31275088322819,81.34637245552818,76.0407047149875,73.35033479701397,69.39410854409381,69.00077989709484,72.90799718830289,81.59380608856603,92.61839536730993,112.4253664581019,136.2732137651332,143.86959264495644,131.5778054344765,116.57362237404104,104.28260628382887,101.07259302091194,91.69711631064683
2024-06-21,84.25440156629679,82.68999945545022,85.09098268849505,89.93269263781389,110.94509910215058,120.67941701709975,115.12980920726832,102.29896903053367,93.35311005705789,85.68869084296406,80.25360705937985,72.3709099014944,70.01511890051037,72.2495308265205,75.55086019910583,85.48474568244961,96.1990514199091,112.6816630940427,111.34310629015852,100.27827428099428,91.13792169305569,79.60364493045489,78.52922954614064,74.20980658889351
2024-06-22,69.5766970201314,65.41212701439255,66.12107351407087,67.1499393361606,70.11681858525775,71.47447618263521,66.82047481870796,58.199736528801694,45.52310253638912,32.808236384062496,26.415254432040456,16.195604636881242,14.408321690197639,22.956039261994007,38.183708421076105,60.022125508723505,77.58516949231954,96.86984651419881,107.22886050472007,102.13687435493748,94.22517659691754,89.39285596052424,78.80336950367214,75.08849060405518
2024-06-23,69.53162757777372,64.19732347585123,65.32669522756221,63.91304372167912,63.12303654439448,58.257180951668204,49.74355317710729,37.8666062948208,24.545027478492784,18.08522197902809,10.190959454873209,-0.7731775135043648,-5.094750799688256,4.409651452070335,25.867136912344193,47.84155587805465,73.03337297414511,95.86777549907713,106.02777447013572,105.7409896449239,104.52947091338028,94.97580188383236,83.20697072467772,78.24745608570106
2024-06-24,81.30784860321941,79.0559812679851,82.86387715139038,91.01496469170625,115.9571480210149,123.13743647247198,113.86086151966879,96.20852635189992,81.30829438900916,73.73139003202088,67.75147644997327,62.23568633812309,61.34187535551928,67.0817692846238,74.29669648591661,90.96766524360373,108.99976357593366,132.8235802222621,140.74648803896366,125.14454911506762,115.17074789197244,102.2811236971738,94.97103044933759,88.10179306675641
2024-06-25,86.71707044115962,85.14197292321113,86.17868260213847,92.87309533281237,114.78331014625218,122.88754871566402,108.36639922584695,87.83142615927004,71.18164650893841,61.524966476710375,52.61112658494652,45.78708069849503,44.986865413537046,52.03213193784252,63.916646685585604,78.58414755860595,104.02519990691543,128.83658162367686,140.40195144682946,125.9488833621255,111.73609559548369,96.10167746062878,91.66776037536876,83.63430468453738
2024-06-26,81.70652292551922,80.46259331989094,82.48110842850738,88.37432713651431,112.76909196584205,118.5314319599305,106.79500250434093,85.47532322509316,68.01478103086727,59.9680729255104,52.75928187832329,47.85624997019207,48.30044419527401,53.44563898525428,65.8176476710399,80.02995281930563,99.6882756482222,127.08302207397092,140.50595862744478,125.40687093627217,110.69256000557284,96.80530521708806,90.57238290749252,85.99601366969871
2024-06-27,93.48349640283483,92.64666732475088,94.40340137940696,101.890568074042,125.43961344947716,134.5645333009805,122.9247319016989,106.19347358997457,90.99528418607044,82.81746980913569,76.19198822382567,69.91759300529714,68.7748509608905,73.9800801786537,84.32262648577506,97.08491044544208,119.46024984793947,146.39234216755676,155.56399883558484,142.4567590834204,124.72228470209947,110.69138989241104,108.30256439341348,98.88772853949865
2024-06-28,87.60626492702518,84.44950031507727,84.75735214204045,90.85604147417418,111.51152606992679,116.75306699937636,104.72789557769663,84.86779788835736,65.83924320105424,52.119315960006816,38.14475847127352,25.748395227895443,20.795482184751663,24.568602082247565,40.693539377491675,62.77888877076484,91.40410920031735,118.41266782245874,136.53906251622087,129.93458198424827,120.55177099014321,108.46292711877078,102.99281199060458,95.42698628221837
2024-06-29,92.44176579998506,88.85938132262761,90.79272079986143,89.68862379917978,95.47655725221372,90.86753896010633,78.71476905654563,67.29534784169672,48.64189133969239,32.86215141751018,21.683963521460953,8.50899087797562,7.069871665045042,16.27022719962129,39.144161655784245,61.613122473104966,90.53522165428856,115.65075426585415,126.85411177360496,120.4631622993792,109.5114730031577,96.90942430978365,86.28247099965847,82.50431910472858
2024-06-30,67.83321253033307,62.64929671563708,62.6457025193925,61.950582603213945,60.20498675197349,54.5744750028574,44.03737589254234,34.34202355747425,19.109009079942922,9.46144656403456,2.023015073233694,-6.312990376721061,-10.714120406964511,-3.7704987462255843,15.051713669344593,39.6839042779074,67.471214303128,92.96128751536887,104.90436795194381,103.1645112563587,101.01420394066965,91.14063023707186,79.49035090920648,75.25658419640567
2024-07-01,81.72491645916114,81.34364518611028,84.56002030985768,94.18134817917877,117.95428945064708,130.69582643843844,118.41397494820363,100.8779010739116,88.6756850693636,82.63322878588674,74.02679979882302,65.96059949023312,63.68623799870494,66.20683964899119,69.65780375609799,80.77674922363782,96.76614204111756,121.74936185667536,132.6648173342924,122.11950938999476,111.11973560152151,97.26242661514286,93.6415807782064,86.13064521031846
2024-07-02,81.52655607040441,81.30076327713444,81.86849542307145,88.70691909080068,109.11173073492543,119.5610721602003,109.73087638614382,92.67785532564753,82.4074533600751,77.47361701060382,71.3318345695659,64.77487261707455,63.030974344715936,65.22797601996993,71.44607831537203,83.09922640013554,96.14447553505403,116.76187491278144,127.18440530985589,116.31255537389575,101.75517274183132,88.73373965121385,86.76897951607296,79.46229561067014
2024-07-03,76.73999560227415,77.27617747837697,79.62811379232585,85.34529791729413,106.83774501025441,120.86882278414251,115.72276112347988,99.32772684212321,86.63723344857834,82.52141659312346,78.62821504925714,75.3826602154217,73.380486220195,76.01719528424789,82.77589816998689,92.17917374042138,105.18461423405275,124.05586250657464,129.21732873361975,117.98676312438106,104.88580951340681,91.95289909520062,89.34865572656781,81.97501891645788
2024-07-04,58.06252489206379,53.34423149518868,52.60805661095644,59.2518157338187,80.03554085410738,90.71078968709922,78.35288239146436,62.133399378903164,45.330129025551926,33.53771749999677,22.947242332753788,12.085030522156359,6.74520257525613,8.24103258037401,22.89276496873343,45.08162445686661,69.30027086836495,89.5926991621751,101.97326579776576,95.72285878001577,88.1766624153359,76.47328307888576,68.56484143544763,58.30954121156499
2024-07-05,48.908168621971996,45.30505532947049,48.462743055209884,56.261811645316314,79.80698727760465,85.04504800217607,75.63066789245899,58.16816516615613,44.12119848440743,31.415168695307017,19.925643276109085,9.381709233441782,11.109549470205167,15.451430054236397,33.14761560586935,54.65656659289537,80.17585738939533,108.97596345041032,126.75303053889846,113.72491458827646,100.77927807902547,89.57307457387205,83.06096756459334,76.99932924508144
2024-07-06,57.01895456622037,51.48827180327254,51.52757587919396,53.558810991069606,60.38037521194788,57.82501732789768,48.09751934852602,30.250903863405597,12.917069023959868,-4.76643754253962,-15.453251655805389,-26.2238121997772,-27.130812843139438,-22.13748396648309,-3.068636438937091,26.772648539152698,59.10960883036759,81.65940362957735,92.56497923838735,81.12313647793533,75.92671175100175,62.87471063576092,55.82553110015725,52.82533020743274
2024-07-07,26.396812271347642,22.877937796170514,25.238522366366453,26.56383678789564,35.36016671995,34.39260945310478,32.139727712348076,21.16911357784693,11.512207785664458,4.6820067677338955,-0.6633774704772293,-6.887167759188202,-11.570060299136486,-0.4493486086274885,13.343125164712916,35.15971496882645,65.72273651833078,91.04898883075565,100.4158217598966,93.83425172836813,90.5756257897631,81.20651334345153,72.3617576230796,69.84261359145383
2024-07-08,66.71200639207207,65.74741013892007,67.3359898083256,75.67467524754008,97.64213749760142,109.25332333040066,100.41050231974226,79.59390140654966,68.95118804249913,59.95017502185446,51.40086546082614,49.05374268691665,48.333615447126206,56.76000508117016,64.04205300528383,80.16714238582851,97.35374898125056,119.96852853832941,129.519176870816,111.81227067102151,99.96605888036873,90.59519996826039,84.16665501297254,77.38816756394597
2024-07-09,84.04381767631014,81.80224332715275,81.49623955360985,88.59939922704848,105.34852848031383,110.04171148203429,101.3985400212759,81.39865130838152,66.74860776575082,55.47699693066997,42.25408142154649,34.517855159967155,33.16551939441051,41.24837238011506,55.61173465675087,70.0410187330512,90.36808161653747,110.57731487935035,119.96641881434132,106.5685571445793,94.55261964563871,79.27129910613408,74.52736725501319,67.82795723905105
2024-07-10,66.49265200502245,66.33059955025067,69.99815753340033,76.11998283081982,99.0046499400084,111.2798318363317,104.86635632919393,85.87244708175638,72.13109443341176,65.69190702670235,60.903660570024286,59.24673022866911,58.28098919197542,63.52001261950997,72.74381871048013,85.82465549001535,106.62916320631552,131.76406601054322,143.88164257515572,129.83150588689637,114.97585284941302,100.63104175641115,96.49616415712563,92.21529578702246
2024-07-11,79.78579460179918,77.41874018464344,80.23804171519527,85.93359934439158,106.25915345277232,111.81115057847794,101.6775347658379,83.10275012402187,71.58156655537168,66.14350756163762,58.80070761381886,48.54153254725121,48.0292969164029,55.395184378631214,67.57824055940213,81.0147624838509,96.75059063096329,127.01677560191249,141.32040559345597,121.93674845856751,102.13274091874558,92.13086853615691,90.25829557870895,83.06627188410096
2024-07-12,83.79242442977935,82.33597253111398,84.3844887910735,89.25719179601244,109.07013990846542,114.733433685948,107.30422077846795,94.44859167340022,84.61192229591202,76.7629420377298,73.31929178892103,63.65549592975791,61.76239537990076,63.55926983565812,71.1109557985694,83.4322026138293,92.50086490375918,112.34902517131131,117.75080796970272,104.86254621024547,91.96977677815998,80.32565074286563,79.17466230729688,72.18383747747745
2024-07-13,61.73771213405658,56.92915064859312,55.71769351494497,57.06985372703298,59.87826420386473,60.35227390401654,56.55999400992883,49.0138728817367,34.07984421305922,19.993392185018223,12.39779398725203,1.5975908022010117,-0.9680549468256885,7.1077654495001354,20.136807115676007,44.01764991071302,68.34137578868112,86.34610124448291,101.06183777161877,95.37060319560737,88.06611830171761,81.69768931164604,70.88160690103223,68.08907016614424
2024-07-14,54.45624664357604,46.25042417253428,47.52080038132132,45.013826683786064,47.55811537927654,42.41636906137573,33.55865068579655,20.474126619452363,2.9688340754464946,-5.654773531239613,-13.977031451828736,-20.83850310115561,-24.993088137283593,-18.02411566110149,3.4194110680451786,33.581110445618776,62.894167128198546,91.49810923691918,105.22028863578053,101.05469623092658,100.84936358049855,92.17847199030325,78.14243393389725,74.90876102981771
2024-07-15,69.8154559306264,67.32213746474083,70.94318318265799,82.45755189257558,106.54011331262556,113.49596412359654,98.82612884211451,79.03036603611936,62.577123070498615,50.70842462114787,42.291940944166626,38.60424968147575,38.07794855979279,45.69463285226277,57.229564154597114,78.35499386510129,100.85086314022584,129.15066840580386,139.99812467516824,120.20027017349777,107.64652483593277,92.39006384512292,85.793668279464,77.53803204031607
2024-07-16,70.94876460615163,67.6171994198845,67.76239791624833,75.13939170531393,96.76227640732213,103.63398251193881,90.73608204393211,67.23404506766197,52.96958680418278,41.85592388340753,25.75557134860108,15.664195896631512,12.360076941069906,20.083935694837237,37.98723577520744,59.13598560761413,84.6584971635794,111.39558626775319,129.29861532615152,113.19335327671762,98.01043025183523,82.12114784542096,79.21806563293552,73.40345992157472
2024-07-17,65.48532443621839,63.633304989602834,67.68685674287217,74.57624911145304,97.636919002936,103.54703816403222,92.2118977502843,67.96394763467524,53.96945576675725,42.598640421325314,32.541461997547444,26.82146589867196,25.461870459115985,29.633738853532222,45.021056675121514,62.211972345624204,85.09040611386153,117.52485510939702,141.56679514333277,127.64954085514069,109.09252621376329,95.4664411204072,90.91384600586838,85.09077520782154
2024-07-18,87.3485550474054,87.81093944378233,89.18255505494642,96.3362437057321,119.73147661988384,123.92913426181966,110.30273574501419,90.71458172984828,76.10865009500644,67.27429762316089,61.09855759695428,54.86008090418139,55.90625424014165,60.50649736274717,75.2955644887169,88.86271295254227,110.63019908654829,141.4751845743333,159.9473323958291,143.9843723606062,121.3847458263073,104.40993542697638,102.4880515528428,92.2099462217279
2024-07-19,85.0084335688181,83.25667115810845,85.25759440318689,91.19273389313146,112.18396827685773,115.76879604055635,105.46551372989974,86.33119205045998,72.73130727626022,65.10534845806993,56.902222640592555,50.22557460838436,49.1222421191506,54.28559865428093,65.7006842721704,79.21847701903941,100.14190954398792,123.01501438353593,134.8324107824361,124.17009121663702,108.69334665932932,94.19009384462302,92.24939729097265,86.15020656486371
2024-07-20,82.08149789401615,76.61016639059193,75.95877998210918,76.07127526412033,78.8345094888246,72.35705120034548,61.12193232929407,51.89934956926125,32.184852682089755,18.15717232409348,8.845924999559017,-2.542654222744005,-4.389608279132446,4.2120201672277915,21.15497048194665,46.10933500564319,71.55364267448728,92.17927549289972,105.19991183444547,97.53824392188973,88.46884365119568,79.94128471245448,71.09676894402959,66.65403569065639
2024-07-21,67.04992908585793,62.29967021356656,63.48522468410871,61.32505701897024,59.14215456610859,54.59389733112627,42.41357180177539,28.562311259051796,12.396274451371482,4.710853136581733,-1.9324374005678067,-7.397990166774392,-10.113455136023205,-0.9508974652356983,16.271262324635018,44.29261427693291,76.54415089524399,101.33367835362598,116.31096556370179,109.91110426737026,104.86686864222978,94.54973596347665,84.49327006884769,79.43967355037958
2024-07-22,80.68045126189348,78.83867764020478,83.3585583895359,92.54534989418366,121.03677891322256,133.5419015826873,115.06899596498381,92.43515892193746,77.85277143155932,68.84637934264832,60.52139172547055,54.25712556689878,50.78833075251333,55.392301348724416,63.849531099585036,85.792010976727,107.6234996669655,140.10716323008413,153.40347718974132,136.1954869156762,118.36393663149146,103.25615941116735,99.99537405001632,92.1708685261221
2024-07-23,81.7835922003514,80.57787051901033,82.3897812951254,87.85096098716828,109.11769140814148,113.36286254347704,102.29824676677035,79.30611521539461,68.40504153713368,61.07797465516103,53.1684543601433,44.0308021875847,43.92865147105715,49.546437168853856,61.204219788363474,75.13645001484181,88.82491770254475,117.48214870314646,133.6349359567965,117.65770093018892,100.7138075129532,85.74723320522472,83.75767332341647,77.42870038941376
2024-07-24,73.05573718251313,71.30327947762024,73.98745942274377,80.28464217433884,101.38173509237969,106.783861088917,95.36137595354569,73.28522928587246,57.12103559412185,47.90617697994037,36.65466744275136,27.19714271224248,24.115525386745944,25.953239263474302,40.43208023345096,61.091226887795614,78.41797729228247,111.29858812807458,138.7365838448129,128.80822859979085,111.31230892981813,97.19668096797682,94.18445389559801,85.94310036292234
2024-07-25,83.4427909000278,84.31077976570631,86.77845281025492,93.94988302780399,118.75362343135326,119.3093222011602,103.8855008453889,83.00567982602377,66.25887816692277,58.03054818345491,50.46365834199506,43.234565326353334,43.986321039545146,47.721124230441404,63.37729422356689,79.39336391088682,102.22125440395051,133.70280970589405,154.18876707083965,139.39382892558757,116.24988054010538,98.53773652643946,97.25457563816788,88.23075961593472
2024-07-26,77.41339169392326,77.0800065228155,79.46128675124217,83.3366784943622,103.79636614921333,109.2318904290406,99.99408336435026,85.8662724618526,75.80319273828566,71.54136469922622,67.28617479429433,61.051197393291844,59.73740189014097,62.44251546032821,69.73356376522754,82.13624427838286,99.77805680759458,122.5564551229259,136.7501846182657,125.82004654344404,109.10150508687644,94.2419053349746,96.41064792709714,89.15307295302014
2024-07-27,93.38376551940769,91.56861227769458,92.50990578415467,92.43269058144294,94.91112008587498,96.68406221058342,87.3178116546639,76.344753885851,62.11427757020195,54.97499529370087,48.16949002120876,41.33949239387694,40.48728849574533,48.94684064073327,61.40155947692227,76.7448134633078,96.64248495630386,114.67350922363934,120.30181667301383,113.65681391886693,99.99064101978361,91.7492229730325,90.3505622431815,85.71233298086788
2024-07-28,79.57933395857333,74.45666154844729,73.14150269561586,70.9363875822659,68.44019289256336,64.97085104017228,54.04027215974581,39.19684117533606,19.03925593358977,8.341930721464621,1.9037284865399613,-4.112057044606161,-8.527431722022783,-3.641276834638262,15.976806213319065,43.03151485248924,75.72044017243266,99.0678858817797,111.02719095181106,107.0540315001808,102.25605104008731,92.194138222677,84.36386386007024,78.585169400234
2024-07-29,83.32469228553985,79.93358070119872,85.19807492531585,94.72187535479884,123.5103181305308,129.78268585329133,113.15424984622793,89.6926125075138,71.93447240050371,63.633744890291055,53.726358878731574,46.277404501605986,45.057705404210566,52.19459772177426,64.39522923779434,86.39750070983145,109.72795032626111,145.86043297628248,166.8048288277894,146.85736441793472,127.81995387537219,112.70297103797259,104.23309622647791,98.25123188031672
2024-07-30,84.77049305785297,83.99145905911962,86.72813714532556,92.32826733825972,116.55945771109826,122.10865919744765,106.10067889906459,79.26839282159406,65.108915702248,58.34993710844236,47.82404602279385,42.19179323112478,43.4762008869197,50.22387397532901,66.62889864517336,83.40616225414718,105.59498837368253,139.8179290684231,160.86672269812186,139.6151329489288,117.20951555096408,101.54912896452426,99.76057889243252,92.68781490945248
2024-07-31,86.94557481582729,86.66080261880899,89.36574042243423,94.31327351689961,115.93260916457892,118.0268814508338,103.12425190032089,79.76761037279354,62.703481866828014,55.46842110931786,47.70249566657823,39.877060032762415,41.10240997096595,44.052442851781166,58.58401666189664,78.11020870796712,94.73463666763502,126.2644431836516,152.36739581274404,133.19426861883284,109.00670789766954,93.95068310619271,93.2538689672507,87.62094830264422
2024-08-01,82.59216538541594,83.11643496481568,85.44656154674252,91.12873384901854,112.76237798304602,118.83594866453615,105.52822495721914,89.12253869735993,75.96167867808587,71.04688938560878,67.69976049926453,62.078611719261765,63.6942778244992,68.1510544638625,78.16658468457528,90.76854712436138,107.93099438998188,132.26951425962,148.81676848803713,129.7983456986476,107.07316687796742,92.13503896748043,93.85601176908776,87.14851788113012
2024-08-02,85.51194229232459,85.57453178941714,88.54868042008293,91.51235157088976,111.9347774029531,120.14850872046551,112.2371153121442,100.24922918973947,90.96197821232327,84.1786983173337,81.08401426240388,74.41704538089098,70.9481312759674,74.31960027231182,79.11723842789789,90.20134837897291,105.82608416318647,126.3087062672656,135.23153983398876,125.05026989785375,109.11164153965795,99.2081974890038,100.37504233137511,95.39646631564256
2024-08-03,92.24084593174892,89.26894304179599,88.41830457791309,87.7302918406961,91.07234900136034,91.53588911446953,85.65795227780477,77.07030766746686,63.84701934749981,53.01998788134168,46.59458813849747,38.28794867611896,34.33382646268372,42.534946911281736,57.617841400391214,71.34018283173592,95.26078375569722,113.6990707620001,116.7634867211301,111.24010297440189,99.94714657025429,91.83794211674075,88.48574157166014,84.69785022753317
2024-08-04,84.52878143882738,79.02426832462109,78.37737334045354,77.59729709826013,73.26061304567533,66.64615837185184,54.40764490245283,39.581007355388806,19.920881566117515,10.051685078247388,3.9046930846083967,-2.8570884534082666,-6.844057553901067,-0.5576452158704797,16.001602814346313,45.37654301010983,78.01290038674183,100.49838115558752,118.42393607596671,116.40008635152917,111.3467331799583,99.11664866578141,90.05218499589458,83.41391065866523
2024-08-05,89.54883517550755,87.48617857181708,93.19084884194517,102.0495066270919,129.20238434847258,137.3352515857075,122.72631436249557,101.95455435785652,85.65077406389779,80.60408836755545,74.35425340478653,66.23360035270647,64.45323887591925,71.5001883691454,78.9412491759889,97.48846189004607,118.32500133717946,151.3736224131668,173.58387503867814,147.57132417626758,123.69293447574802,108.07227541945662,103.76273793223996,98.29166285264267
2024-08-06,92.13815376276783,91.7061706979445,93.96966030794815,100.15668640465324,122.7292825945848,128.2678729065915,110.7856777687953,88.93328642059325,71.89051881821048,63.553788284446085,54.94154334348434,47.22163962477343,48.16950539725151,55.74610543003523,68.54902516244097,87.61397446120439,112.15191098726622,142.898059339678,162.13386121724025,141.75449019954652,118.27183120370796,103.35943120532983,103.12485287888737,95.61027585113092
2024-08-07,88.10134980284467,87.05967152137876,90.8465628480931,95.24801308208838,116.69650599026428,123.26675367592998,110.15230820922375,91.5461112807447,75.89018828882993,67.99189371868779,64.57906274768169,58.276458724231986,58.56446715387834,63.241843945714805,71.73580612315884,88.52636016145757,108.15925974331086,136.09052571612546,155.44343800510552,138.2793604986408,116.52169655758598,101.25038156155134,100.95569975775788,95.98855158194476
2024-08-08,88.3057031161426,87.84414556640009,89.98130972195855,98.0200435038981,122.21785786677039,129.61256521318342,117.32955389983067,101.9227879007276,88.07404149611544,78.32538427917395,73.11031343787079,65.03230628080419,64.37515806757948,70.0732382417487,77.66483260225404,92.864052550665,111.15554961043428,138.3985304903236,150.10556604433543,133.6526106468393,116.00964498008148,100.45525016758614,97.25261591765872,89.63031289978028
2024-08-09,71.64220900383846,67.24003003800105,67.86508356731211,75.33707568588545,96.21068347209456,99.36380627826222,85.06240128175759,67.75342932126038,47.50596217248412,32.905981573007665,18.61878038517986,5.037202411001033,0.375056882463781,6.453314857317395,22.361170522132454,48.227015762633556,76.19150433783548,98.4833651095601,113.39469232603511,108.79142470651112,99.33452984907596,85.89759404884174,80.98330347218115,73.52886177851919
2024-08-10,70.5510455958929,64.44206975158733,66.93675648278813,69.49796076577289,74.76321336180108,70.49714229648937,59.682619111854294,41.292270280560544,20.537658679250598,1.972823907427511,-11.179608245172915,-24.48461409157173,-28.626223514871427,-18.026843652553424,4.038017086431182,39.47756433233121,78.783993958468,106.43027326648681,127.7018998197952,120.80420702847856,108.27843856680967,98.15302503411516,90.09241841560208,86.74539904791118
2024-08-11,80.63141407119568,76.41590221827742,77.30656427888711,78.45414089868524,79.39848173064412,71.73588453313029,56.89869159286121,36.13238787518884,17.960049109875172,6.219713201371832,-2.9842004186222937,-10.4754851061587,-13.936208527830487,-2.5972547165709585,15.363952266342594,50.21899729664763,86.74029715897926,117.6603150496878,137.6734147448982,129.82548422701643,121.00577989424835,109.82494919777736,98.4952590895503,92.36780925777889
2024-08-12,85.25547189570756,83.61910539437505,88.00651120408482,101.10098974881606,128.7110025182678,132.73962223171227,112.31842896131693,92.75010675169628,74.04034220178714,61.737423687836355,51.101829991883264,44.34323370650358,43.94791923535084,52.464339827610374,64.54279764349256,86.02849287371608,109.84377336061644,141.61894461639346,158.55155057251605,131.43342564800383,108.69323434936501,94.2001999766355,88.98352356265013,83.71527930318526
2024-08-13,84.14634040139856,84.45528992023364,87.48071092811719,95.18494923837596,118.04600070344577,128.13895299159563,110.66273215602561,86.72510532528932,67.66663737088477,56.28311086720676,45.56920132012067,39.67113229829842,41.20505830332638,50.76098357657774,66.69061090302809,87.13068921211047,111.50777713223655,143.52078901167084,161.01491446943822,138.76958345411595,114.90481278246924,100.06686880490321,99.57978053591279,92.54108828041947
2024-08-14,93.13383297270822,93.03165374237557,96.96612945684257,104.676544753512,127.74328215892751,140.4437687791649,128.9095378183666,106.23060734840142,87.37114133592239,76.73374302523962,69.67294142911861,64.97409917930588,66.08456426988153,72.83946945851044,84.10425017087347,102.87466533889283,123.24508281886752,152.1237459827917,167.61364646498333,146.59288554194245,124.89172621488102,110.9129416794627,110.45379715031048,103.91382736371875
2024-08-15,97.85828328643271,97.70815529363642,98.30738518194295,104.70828124619635,123.59759626179911,126.81744896081793,112.25845529351588,95.14034535122556,76.2119020243434,64.27026777036542,55.598643328394004,43.706863645746395,42.386763600280275,49.839089390621155,63.43243706516135,84.72820988396066,109.71527904080739,139.33109278339344,155.31574468916463,139.36441053658666,119.97351434378402,105.84807815531701,104.2290224162619,95.09396107753976
2024-08-16,84.43756684020707,82.69410646083179,86.79408308792337,94.09258364609227,114.11672108347062,119.19497607812835,105.49911228667767,86.3497693479036,67.90978276379603,60.49028424196325,52.646971192205996,45.02600702265504,46.320826609679344,56.75563150790845,67.52740112004709,89.32555605936021,107.99278636851513,139.9788897437531,160.86747092858397,143.65803849598444,120.35675791898373,111.4202620649043,107.0262265233993,102.62383664492559
2024-08-17,115.09095991987986,112.36786190671789,110.61429606131877,110.80883986395256,115.91627943797647,115.97495870841061,105.38169513931454,95.03708351200679,75.22647634956012,65.07550590031306,58.29704574070624,50.13429733789869,49.39316723050405,59.66231558507786,74.76354480165408,101.45499007782921,123.75251443118009,146.50056081079288,152.5078252259599,142.69386770777456,126.52582590889318,116.43625818560906,112.49596766150628,106.89678280717186
2024-08-18,102.0424102624805,98.96809485757557,98.46667769046323,99.28578356814569,98.59934856843121,101.23137666379546,95.60393958565444,83.57840300268512,71.05394276652497,59.275194505070885,54.29090728798977,49.788235155795775,46.2159856148742,52.66184286046314,68.01666601184917,89.05784719540813,111.63593890475218,127.6476822798088,131.19386416699513,123.24623486611821,113.49307059367175,100.02851061344762,97.73668909840356,91.63360965646872
2024-08-19,88.93708496217394,87.1265065956099,88.6598243839675,96.52397651718944,121.90173581742428,140.0955082087391,132.04108045273716,113.13191533775186,98.62305928191502,93.31080657019204,87.86958556689045,81.61789876087286,78.85781130558696,86.66452648454641,90.95998411572724,109.95579120653389,131.56726321633965,158.24798780698882,162.9833020186975,139.8342506415288,118.26309312573014,102.87787754340609,98.46442976862829,94.18898821686186
2024-08-20,89.11846813812309,87.83519133558987,89.29377872321702,95.1721798994883,120.25259298465684,135.4544030883045,123.04478869218195,102.28536028554869,85.1069215886176,77.08559630505408,67.76388071849637,61.93669272837696,61.83121429271158,70.34128176810245,78.70058388519209,97.04225658865872,119.86562611558836,147.65638242416782,150.01613733071216,129.65186537697824,113.1058091841448,99.83575798215071,96.98410731183665,89.21835683110596
2024-08-21,63.802014752016106,58.89146805720148,60.75008812143372,69.50411453163565,95.48908437176325,103.3467280013426,88.8315954767654,66.10310823668961,38.79536663333751,22.22276831827375,2.986208692833813,-9.260541239894764,-10.933956321989541,-3.5504322775489925,17.222840866620643,51.760216555017465,83.43915873875498,112.20552199075648,131.47107334792213,120.69703354098311,107.84921965071396,95.94120356514331,87.85399835927822,78.39778666375427
2024-08-22,69.9489504356408,65.16635539232763,67.32075383851894,78.72327099728263,102.84846219844914,103.5084461742722,88.2102470505988,60.457624290080076,37.79765920316757,18.712657602009898,1.8659623869537825,-9.433673778546435,-10.079989097403512,-2.647394919550436,18.415671640090622,49.316961979544686,85.68526439569175,115.91040087107649,134.93155816275268,119.72489046995605,99.11892174799355,84.82464957908793,79.00368861214275,72.12745721852134
2024-08-23,53.463292565148095,46.707104940481415,51.03209093131849,61.76157812841558,88.93697019244479,95.38763997803478,80.81807642922092,53.37009003631216,26.886106446853944,5.755171918766877,-15.840492277497361,-26.32610509639359,-27.319310898399195,-22.507899774561167,0.9016088603325727,38.31963215627596,77.44573422807188,107.68416720661511,137.11446559289928,124.77963561017101,109.05648136664682,94.7696320533385,90.01351177088316,83.00044116562489
2024-08-24,82.27295589407075,74.53730212144484,74.34759844492257,80.63795217889165,91.8279516766505,90.58028853557275,80.37906101727299,55.93276650819091,37.98445283775338,18.44630820767702,7.779861625747003,-3.5201170093756957,-8.394764541331838,-5.578837018285739,13.320937890020303,44.46018517163563,88.90468177685922,111.60755483788833,119.74448472699937,106.61157631003654,94.6984876461217,84.41932559117744,76.315124687952,74.51474707580802
2024-08-25,42.66124434912723,41.66699971051911,40.726041102743665,47.08878341561346,56.493172304909294,59.15328589018823,54.371482400227265,40.769747223384215,29.287714738808305,13.806137941220797,8.598471969835998,-0.8052416202409205,-5.328898963711154,9.724511230672007,24.637253992201963,57.63072490437132,97.34147519486784,120.80853342949504,130.6754439185463,116.81723398513189,111.16235745558372,101.93754018668993,91.82071304751038,88.7497787591977
2024-08-26,72.67811428848897,72.15957679913119,75.84040752230912,87.27365609190328,114.37502453272856,126.5560944700832,115.92314582980356,93.00894876903435,78.47074315540557,66.85549140461713,57.40912947779914,54.28374807483483,54.839233386083095,65.12842037940568,76.19072811371451,95.81276458579022,119.17009279994578,149.92846091361218,159.82958062082236,131.10530099735684,110.08236172219904,100.55833438959068,99.07354286479212,90.96223970372137
2024-08-27,94.28284443217878,93.67481192575636,94.75182781173235,103.55123306794547,125.84179878347926,131.76619045579918,118.3362618259163,94.29399779019616,74.89546853999296,62.93467484696198,48.55666826546761,41.096193365089874,45.473773130904846,55.86265576843999,73.67613312589884,92.43164607927605,116.17195522270939,146.93077715431724,153.56385185763008,126.45902015175879,103.22901780435781,90.16905568893486,88.81780010827038,80.3137465616822
2024-08-28,79.99173480594379,77.87357839712985,79.67967309929467,86.89182409510083,110.42761715543054,117.36477945551545,106.713682599147,84.93253773651216,62.34900673189401,51.04075213184777,38.98997157195362,32.31544984440767,34.57228604743267,42.790317981751414,58.423561232848044,83.39464573853908,102.53989387494497,130.5274829720966,145.08441539772247,122.78450457492352,98.61733124157675,90.17714496301474,83.59766178840428,79.97920644964461
2024-08-29,90.63501624187913,90.10381805697672,92.32905498682773,100.86815476306117,124.5792720891214,134.04498501952025,120.19227091253225,94.76794885106645,70.35320040924896,59.35834269726186,47.07199239783007,39.76792888338221,41.511393690020256,53.237429954174175,70.05214386832418,96.63400528803473,121.42334619734198,155.2785800215243,172.0865659496251,149.09083517029154,121.72132935957563,110.84559090189325,109.02881976858252,102.4116320542187
2024-08-30,102.70973530947367,102.37347046313327,103.75569834930965,109.60216911368397,133.98425492219184,141.29492789286422,133.10514746055708,113.68312286841365,96.05271739418004,85.82994370756359,76.74316343022983,67.13972769351616,68.02773252243398,76.63361906965667,90.41124314928894,111.80360000412858,125.75170664869111,152.11879750088696,160.14537765374226,139.27118096767722,118.56374214946266,108.86116541133897,106.76620525066886,101.02277135761399
2024-08-31,99.77598644532611,94.96430126722909,93.23208235783963,95.01672246736717,96.58439584545505,96.59879034177335,87.5521324232554,73.91668733417492,49.72971603621946,31.92444326402901,25.21863667070444,15.864094818954825,13.361614267155318,26.003820511609632,41.805126147431906,73.12345102825738,103.43192396678462,120.6073275902465,122.91380772763382,114.41265212947401,103.79141702044204,96.6162154954494,90.90953494040158,85.66366754923015
2024-09-01,67.19284582173296,60.419020959702365,59.83889879048923,61.957637217736476,60.97997059681467,58.27290103521011,48.17710958137201,31.623670724813707,13.095145915405311,-0.20581353056397234,-5.992392777320589,-11.988743634231653,-14.343170792500104,-3.9859113462114664,13.834416662039672,52.34665784125734,88.1042365598756,112.18371632307993,117.82463437669738,111.25595029701633,106.71337714350285,96.06211382132457,85.41972534924699,80.43385259890044
2024-09-02,81.89588373622283,81.28259784386829,86.0965431237342,99.19659903285618,129.6069249458692,144.71884732086735,131.6529214873719,110.65447891946252,89.87011205510643,76.37795172341885,66.20709484563172,62.9954066057675,65.0040106530487,76.77922318078356,87.62638376741877,110.45718640842415,132.49991527279042,165.79094809822428,172.52360130706734,143.13061343253815,120.28894033479426,108.73941290909599,104.20102032497562,97.94154400326883
2024-09-03,101.14498927116635,102.25502005172038,102.12082995584967,110.29373770415852,137.53198300539694,154.70650289329961,141.83472136155342,118.52324122679757,97.9137944757277,89.13475739051275,79.31761523952414,75.09800435478036,76.5386894148376,87.39032517119892,100.09108265346539,119.45541416232258,142.12954342045103,180.53139410069798,185.91746351749552,156.58085693799532,130.766171263614,115.8546553679171,117.31163685565696,109.28879180278236
2024-09-04,123.56813668146003,123.10116636397186,123.40574746135553,131.98913109979557,163.2599564271919,183.86249016256818,174.0554912516653,152.10853646294353,129.55508416265758,118.09348669052932,110.63945341014846,103.67011785117236,103.18726430787814,112.8555612815941,121.03703990331556,142.61898996611802,167.19481779107753,194.8061242538775,186.55785589349713,158.93900357766128,137.55915485195996,122.39104987590393,119.78271086770553,113.62408871361963
2024-09-05,88.10460652935407,81.94472293653811,80.9440668244289,89.71190310014492,118.9207344291647,135.79556377572786,125.12775118946078,104.22917942215699,71.81841402282497,49.892154810723795,31.17345952088094,17.96610049733208,13.882492090266283,21.496791612225934,38.54499736896035,74.20458139556438,107.87260684470291,132.33499269860818,135.27815388392185,116.91489851338183,99.89017865595089,87.14767595811826,77.69711078815526,65.96538158963342
2024-09-06,57.59925404727332,57.27523298931767,61.35010294632986,75.81753800325517,108.24502383996531,125.38627199027016,119.71468504438695,99.10952098678949,76.75227791934546,56.18231461320575,41.11017711793231,38.63950560621339,37.889198086546884,43.41219870698848,59.9252856492172,95.75404328629459,138.02867530194064,158.8880056184828,165.0939124710181,141.2744291206828,124.77987706230633,110.00552727239356,108.21813819109221,105.24335652613422
2024-09-07,93.92862889451858,91.73604765906532,92.93883021546058,95.8814084753804,100.24820708587212,98.96577024301358,89.63676146253256,68.17265673474876,47.18854525106819,30.581221629996833,17.51165092265188,7.466095918054563,6.26529319826723,18.79347318109714,44.09037993201977,76.86117811776802,112.49383456357697,135.11779980290027,135.56601154043395,119.37316868730548,105.67303844919984,98.09710825073721,96.09574856324143,92.96560904861221
2024-09-08,80.97174599989062,79.65009282615081,79.76953666375229,82.25941258156985,80.42295043349435,78.89519470121675,66.1639955530595,50.00736356952686,33.212877119285366,21.665831186680734,13.98430692915501,5.466073055878283,5.073698608190298,19.859720205973815,39.06587203810436,71.86329227480185,101.43960078128957,122.79639399917765,126.50659217258662,114.36140501438194,104.70188699357243,95.43608248659471,93.49001013104284,88.25763523578524
2024-09-09,86.18204085558973,87.03873236895845,87.9086029128256,98.08737585084675,126.65024303369793,147.89417499956912,139.77077149324418,122.25701253715215,107.61034784272425,96.58228613979428,86.0899454112559,78.21658386191754,77.16965489330109,84.718809704787,91.1630903715794,104.93953511209003,120.51581160077406,141.91898454589005,134.53589444012977,110.86421955679545,96.47061804819997,83.00488944716845,78.91951884149353,72.94866191882444
2024-09-10,78.60835116101629,77.3427157245369,75.83204487846682,84.58202919673701,114.56797697746362,138.72277424541844,131.1347498629747,113.26757070013366,89.22147007872827,74.16961965094127,56.87068177895965,46.27435045378037,41.49283939683515,46.09818474343558,59.13407826511032,85.03771729001068,112.50121883697334,132.15106954302627,131.3608397419641,110.90597605224569,98.18417620403389,84.2039032259874,81.28535683302769,73.58969059359595
2024-09-11,52.03029902938863,53.728555447707166,57.68492081971721,68.26019979749779,97.49868743814753,115.53324374559548,116.02704296805618,100.87716681463786,84.817656338461,77.4879222205212,66.44937486584467,65.29267644378808,66.05042691956413,71.52333130371827,80.7916004240532,100.34242626795954,124.86053357749242,142.03499747975215,142.4137612689546,124.21694829801916,109.10634093146172,97.3090868456639,93.94820604535093,94.19663696819438
2024-09-12,88.32440123384433,88.34676420536846,89.33504810251799,94.09882569038939,116.35786778392506,130.09898882202143,128.4893193682902,112.5647196766432,99.85284469035321,94.34995881990362,88.44193656389574,80.06145373014516,81.51053684402422,93.97434349358457,103.44375956283561,119.800801556031,134.36618473297682,158.32193279202076,156.24406137747323,133.6074637432213,115.3532420795882,104.2642013433184,103.74183110180563,95.89567353167146
2024-09-13,92.25254786992085,91.01362679279171,92.0139891303582,96.8125844126129,120.56347323249751,135.88226588473745,133.7263709573754,118.28128921019035,102.8934032392699,89.42103054329101,80.4036917552138,67.47612978059196,65.73964393625016,71.70025036645143,76.11518573627565,88.42296495696377,99.60898622297667,114.33149531288242,102.20960803506304,86.04093571384543,78.00478287373826,68.28226237128631,68.50440925042638,63.34286157348872
2024-09-14,58.40588867936782,57.9154399195327,57.26914784320462,60.57781038288648,65.61299918369238,74.36004884637987,70.6478679046062,62.65812300582712,45.82635666784563,26.362878252094816,18.91001158354196,10.790075409199346,8.530846769718124,19.926766444961203,37.838799977746774,64.76686872269322,92.28158797353306,108.02627375189553,107.04205898265842,97.77020507805119,89.02686143215149,81.83511330608417,79.67388417892732,75.41649321257326
2024-09-15,64.81105144525,62.7317058233193,62.80634644205422,64.04197497803915,64.32815410103329,63.01725041324913,55.848903517996646,39.078307641043864,26.216070980424277,16.450810699273333,6.560849165300652,-6.635746000818671,-6.52053169697804,6.481260796845305,29.907053006910218,59.96839536668237,92.10166148664538,111.56578603361339,112.85990224827316,106.43107281311649,99.76976691700204,91.05587395586048,85.55515690243269,81.92394861618091
2024-09-16,76.90270148839875,75.88445299145297,77.79187088732026,87.07306461131239,111.2321201910907,129.25667009483334,128.06171227215316,112.00645683293337,102.53148546736935,91.7236370523357,83.29071984048947,75.31920267181802,74.52218083308016,78.49618324876246,84.0546177126567,94.01053050690166,106.5047733218323,124.2745009968581,117.01001180256155,97.14310565179069,90.23197795307698,78.49239922088746,71.58207132689276,66.30571427872262
2024-09-17,69.79160020606722,69.31642255089297,70.67378457290192,76.63617118310185,99.08358715887505,113.76633302052896,112.6904002856155,94.28061949339961,80.89866445806695,73.07848575476199,62.34829221689337,52.975661917551506,50.9867355075104,57.77084368619815,66.85654389254236,79.17661889596413,93.45975493938137,110.56326614833067,108.35313852522451,93.9145165730792,84.97975157608718,73.37751714096832,70.92137025374372,67.70371830280962
2024-09-18,70.76177485228679,71.12553428609964,74.25342467748031,81.33567762876103,105.3993672900113,116.93359190764588,111.53372318599068,90.20370956013628,69.70291854051597,54.73170253313043,37.87405024176289,28.45468007913219,25.322752505823317,31.64864504266521,45.65897854615724,66.94821184401792,85.61831371902629,106.98716781202408,108.48202134395123,92.46188961444916,81.39859822284613,71.46287198583093,69.30406390221059,64.0786243472042
2024-09-19,66.09608421807603,65.39832975208793,68.27540797745756,78.67880900104075,101.28223356543421,112.91398581057817,104.38504722884855,86.25495156458413,65.61072221614931,48.45861081565863,31.09020279124097,22.43711963904829,21.12589343448039,26.518637525876372,42.92020799353725,69.72726977699872,97.30739838786447,117.8737663539283,116.39181494761446,98.2193243861461,84.87235173101661,73.0570788522113,68.96660380394901,63.00726036471143
2024-09-20,60.6834603274809,59.25423489939186,63.91395333889898,74.09096568932947,97.15464328649979,108.06358553035439,101.36416158404688,78.59772400150884,57.20682291919793,41.01037605389733,20.30795763377094,9.144651334331257,8.36110621431591,16.61742524420707,39.584394150782344,66.5289169418037,94.49247766609308,114.69085202882754,117.67040691417407,98.15293211002053,87.97159031644975,77.1799613494749,76.1626543254114,72.89680656314142
2024-09-21,78.18219754243808,76.58874634636743,79.01104899575097,83.09916697081391,84.4953292786488,82.92021637561996,73.69294452854703,55.66653751035827,34.9107795885086,13.759380550052697,1.0650196267300203,-8.208727034671668,-8.590427343888393,2.1334969502493806,29.335685858775662,64.61538588245094,94.76576059351859,120.54079044249471,118.77530188382718,102.33383418470018,89.19973517145472,83.50679444395865,81.65216610467613,79.91684736820835
2024-09-22,84.30579555163337,84.41410699273717,85.38281854554506,87.54746118981404,87.82054232751683,84.91997116756394,73.75672948644115,53.82986106491083,36.45449897974427,25.33070249237781,14.535664372253251,6.030311996164329,4.282975931708847,19.077689782679357,44.489029698907316,75.05898987402584,105.5928488598769,129.44411399197588,130.27861994200532,115.8525821534559,104.25261896053773,94.06943469885978,92.0827404112908,87.58190081127783
2024-09-23,88.12710586274505,87.47535283475617,90.10915833228644,98.84586384554268,124.10910671487466,143.83124309312507,139.14764879373124,118.86162610406531,104.93879637597462,94.48534919626584,89.04941128226129,83.60610396739753,85.67743495130249,92.80317973040462,101.20952593089515,114.46742570531674,133.83723854737013,165.5595524447653,156.80150858967048,123.7670412134834,108.19774951443043,96.2187808927718,90.13878473262824,88.4627268566511
2024-09-24,92.9189055200979,92.74476727246747,92.18934541538603,98.76627290090087,123.82331727653255,145.06410094728164,143.3162542196032,124.65526299223365,109.5335924316228,96.13960775132517,83.54621486072142,74.76362277143673,73.26463214925062,79.73684290126073,87.88918152915323,101.9752364498345,119.61974019880232,136.3294275966348,118.47543731966805,93.19322602005003,85.76056797017246,70.99144986039407,66.68078846146342,61.02930852447405
2024-09-25,49.82498479138101,49.153055505008325,51.147936778525775,61.29671041163921,88.05634061690063,110.40154228346742,109.13186871852166,91.26360669296596,69.39385512794036,60.11420727160649,48.662788073425446,48.313643883955535,51.731059566160084,65.22660718523636,81.80622285059583,106.12406612152739,124.51700580264165,145.2591027358956,136.725442412491,113.57319907127719,98.36480500633726,90.93314536146147,85.90796855131426,80.24962240923037
2024-09-26,50.6826769513124,44.52852762305122,41.71717116804528,47.55172924099864,70.07956634544837,87.85875015974565,88.09590383785641,70.7351463722932,51.072642233042586,36.88510513863679,23.596045885516475,14.585348754668132,15.473151437761516,25.429247108558343,42.66230032262128,64.4903387060346,87.50946415738267,99.27305074665784,85.96690861911986,69.03931299086076,58.18659113372122,48.55546199556562,42.91411259763754,33.08172435969573
2024-09-27,8.50231921953683,2.5829115485177567,4.52485622461225,12.275672711798407,36.91890493507452,54.74351259859233,56.62840003616557,40.927421784317886,19.959651041545015,5.422356964798155,-10.199851654719794,-15.739967614704355,-14.85841810601498,-2.8840532629461393,15.337597143086782,40.84508549142251,68.2999562535887,85.76773520660686,86.47566324337734,70.13714889086339,61.88821381863694,53.59676773295283,51.94410483731532,44.726356041728465
2024-09-28,45.020013052702836,40.75670995879058,43.24746823765982,49.46947425513825,64.64018883703017,74.05130714206562,72.53235989389105,53.81961587795763,40.266104582324076,25.56651029914272,19.2524269203398,15.373830328269094,14.13941147795181,20.56932219696283,37.59440566404639,64.84660049009351,98.65003436330905,120.02757756916635,118.47415774745978,99.41975563039169,87.97705001268994,78.08271887613928,77.33996588916405,78.32941995326183
2024-09-29,58.28522415013947,57.23716693475454,57.18474120626582,61.947898236716554,69.82285442342862,73.8622728848946,70.04949606953349,53.75405619494842,41.01578813748105,30.73577732767876,23.8578383248761,11.568137025441729,12.772320677024197,24.665067267061644,46.58981400855228,73.19510608801683,100.10276341149401,112.95265132886152,103.78804382877854,87.84262204226056,79.57385251622733,72.55717432290535,69.29018667831528,67.36650706236657
2024-09-30,49.34022486448025,48.34506025453642,45.583394524991476,56.549203020680864,78.42596525864346,99.24301809024263,98.55141846018421,88.58751869530144,73.45129515334166,61.78192971557455,52.853907088013656,42.72771737903662,42.943242749485464,51.843079617878146,61.26811388512928,82.88418674101531,99.26759671453534,108.32597916149942,99.72547159897991,75.9723400714297,70.86807693619416,65.27205127969592,55.80941029098976,48.07059468508564
2024-10-01,22.68898182479157,23.034967024457274,25.444704930085592,35.4634728088175,59.79244672090418,80.46526380556207,86.83212090716125,74.49792848941908,63.02618623085469,57.602296512952606,48.95669698032103,48.44903209611638,52.2677766617105,60.9440249372708,70.46562754081734,84.02286231558946,100.99886065871743,111.83135467425723,102.90606493858625,84.88269243783706,71.77380861200369,61.53055909376047,62.35844545343896,63.2571714403299
2024-10-02,69.63425696582081,69.80987829403963,70.80799728734793,75.1103621951226,95.47373570068328,111.98895321209844,116.68493318730059,99.69293433137774,86.53213237669378,78.44291761892309,71.15204655076553,66.71790526085846,67.99352236394094,73.78863286110996,81.28093422803083,95.1641881392383,106.4229882156413,121.22621671786224,105.98653998188759,88.02783591243683,75.92327991791383,66.61630924395881,67.90985271630593,62.09720762548899
2024-10-03,67.96949280074344,67.0831468992542,68.30285221000656,71.91988010910018,74.13027774373417,81.36188152872705,82.88002309300413,75.80497945168776,67.98252457331921,58.18592129988065,50.88021092052924,42.2404230131651,42.17117179518563,52.599768804849575,69.28415423203957,86.60932634018874,100.07451871332074,110.10296423490547,101.05908620085853,90.32699289992829,80.32533614943203,73.34206796511072,71.92460553474584,65.43540772424659
2024-10-04,82.00200009497848,79.6629756183763,82.24862250595268,88.2808174195278,106.97649896387392,125.32704794172216,124.17313052603878,111.18208799671548,101.88746590891358,94.7180738091165,89.62683252427507,82.88718484250626,82.39874671763715,89.22465579531628,93.41239771284182,107.13061896720075,126.33263366883261,145.5679220625187,135.1218178642738,117.21106376109199,104.5791769769267,96.72911945882115,95.26564317622342,90.7632897430378
2024-10-05,84.10366506387491,82.34021769792412,81.0204548882742,81.23080312730166,88.23985666322731,97.9062220009914,98.59820546358993,94.28615328032653,82.82999077872034,75.33840873269412,72.32508751024422,66.6972546332687,66.0319600080651,69.92626373923133,80.10516472948551,95.09011151741952,108.04406300808826,119.14411224448361,102.57005175299118,90.68453434714188,81.41854229080121,75.30707577622279,73.37405223985078,70.12556223842167
2024-10-06,70.73540593001275,68.95441774918515,66.05227849376706,67.0282987224214,66.39909813075845,69.68905364596044,67.24373789886732,55.54449227532555,41.6518020667022,29.011110314785242,23.51989963612985,13.467269254072377,11.300572984239253,22.235225037868645,43.62471719866771,66.80702040471921,90.41524712312619,98.52352016910116,90.13360331302745,78.51441617962385,71.3914600529261,62.07965512899864,56.87337822743265,52.61640512758889
2024-10-07,45.17133420620797,42.79419458851726,47.24761217703771,56.92240002363559,76.53702993714431,99.52598747498185,101.44092366877757,84.4164073903558,72.30184079860064,62.67115270307961,57.66099586702103,56.53023843903776,60.798208612284725,68.08235261178301,76.02517472266825,92.0742728228262,113.1256077890796,129.50390015196683,114.34106145164955,92.12607320713161,81.2036626427757,76.6102437340685,70.36563798077958,65.63941709457113
2024-10-08,66.20994226785302,64.12919078087037,64.86787669201291,69.3558426914573,88.15524498607968,108.0492908299656,113.16760325439799,98.5251765418527,86.8241129053562,80.22323862911445,73.62133379234957,71.9203086219259,75.70935625030882,87.5889639372756,98.6225335407947,114.2211142298631,127.68777372810695,142.9114891590372,120.16911262537253,99.806668839686,90.06802429864776,78.28507610712313,76.8473875256641,70.46791474936795
2024-10-09,58.5610808160897,56.402229975883756,57.57115466715851,64.27631039337776,82.0959047039804,100.84463410563949,101.40323894956617,88.31430772549663,73.04125611777235,62.992648432732054,54.12235012395301,49.08157539665258,53.81843098522495,64.97677003953062,73.782670192252,89.4175074566562,101.38799654592397,112.75388681026548,99.04844399617718,83.14065307231388,74.74766616830811,63.82066284801563,59.602941825135886,51.09616531573289
2024-10-10,49.260844916274735,46.11294871850616,43.95663231448552,51.99471447627735,72.71669652168526,88.88626327156838,85.98950591453918,76.91993471839575,57.13564014447935,46.61386226988253,38.52445239595254,34.89755627547446,35.12712580423532,45.13078190362357,58.05606682196981,76.18441334483371,99.06435210503172,112.93207872249839,106.56788913088955,97.5902296920003,85.87976660864258,76.74134368912149,70.21367730671676,62.69497493811613
2024-10-11,62.713485523925854,63.28908516657613,66.947381884957,72.22066307621057,95.65788522446451,112.34402479885237,116.10812493432577,104.6664644804263,91.49948166085501,81.39602514023986,71.21226329830523,67.8800405362008,68.12997230279129,72.43326143364331,82.1795518573446,97.65727512292521,117.2169682584064,132.5356176134155,123.7094495861866,107.61399345548259,93.47486831051171,80.99943065414871,82.93081444246549,80.42302532618893
2024-10-12,71.27693183927462,66.86235741162969,64.63072841373977,68.37612698216535,72.99944662138262,78.10583667671597,77.71941105081402,68.01363366266338,52.0369180318024,38.25618481630988,29.803577994954196,22.334290369398957,21.04570100308254,29.557404973061708,50.5456954672903,66.07313118310398,88.82042224723335,95.08482271506548,80.54868471134736,60.92371047976752,58.3754514111115,48.45289350229493,40.469511286116244,33.79092180122515
2024-10-13,2.982912860302406,-0.9957732560145018,-2.6804240716112133,1.3160428039605279,8.147175585182822,16.62698904735356,14.38292975382359,5.639026349193529,-10.593586705064666,-22.5728574373087,-26.459916752816042,-34.48989157545168,-34.74621239348997,-20.841468877619974,-2.528926872901934,26.082745473249844,62.53409458097434,77.21306572969206,83.12279014665687,72.64739394276846,69.76504632242363,62.9083872390667,56.080717237816515,50.414570940472856
2024-10-14,74.75065577420547,74.53820816987239,76.6601527893805,85.62862194952788,108.74582190313731,134.28849662140004,147.66687070391075,133.86451404493909,121.18843799621168,111.11410039376919,108.29484041649363,110.12128573363319,109.24402374289633,117.67643241291361,125.34485580555878,138.14956194329562,157.66586621188495,177.24103993487586,163.69131653475827,137.08845345078544,118.80343098119863,109.7658658457427,105.30843219428323,103.40264073934519
2024-10-15,84.88661181175038,82.1924554403609,81.55320062525354,85.30249276942035,105.65722521454259,125.12930025091288,130.05798546120042,118.39870550035991,104.4695595869111,92.37547724435301,82.76542581611868,74.91278458998077,76.64278799667719,83.08407419409302,90.27125185581306,105.17748604865608,116.91838111111808,120.75050829537395,100.15052333390757,75.67215020157236,68.79903416561415,56.98872411353777,51.93839128831718,42.86515066447744
2024-10-16,33.10058102826869,30.282225743117507,30.994388547564768,36.344166012921534,57.79515215908572,82.49029961890591,85.67717935396308,73.08186847338288,50.92235949838529,38.760305084759,27.474323347197767,23.66566275426048,24.4696042642493,37.24515701515578,49.86941139966058,71.96842890329201,87.30554337736369,97.79979673459363,88.23088596260155,74.90685230590356,65.31631006138429,58.53473101611894,52.13701100080519,46.62861993145421
2024-10-17,37.44574688717813,34.04885766575859,35.99752229238658,46.49436087222976,74.25290147135496,91.89122571777492,101.39964588438121,83.44620322836201,75.93069617364318,69.3464898229739,59.51966276625677,59.891270772154286,66.45949508090722,80.33451695283262,96.85710944726816,113.44405687444944,131.73240046321087,151.94858779944525,136.73699301168284,114.2868166462363,99.00682276354576,88.66725255469595,86.96865034881827,79.6293831052703
2024-10-18,79.48539824531832,79.28402480931351,79.6273348860664,84.51219646165015,104.22322748887433,124.28208094378729,130.29043543869818,115.1654072763033,103.30356232141966,94.96041925206356,91.11302158602513,84.25682710058703,86.0808917024716,93.13329684739563,99.69920642214747,117.86806411794075,130.13768777122056,141.8299341690384,120.40317590340213,101.57014406479854,91.76243411971944,80.53134073191796,82.43948442815955,75.82059054116347
2024-10-19,73.90190684589912,72.23550128685356,69.29288665206249,71.08403849883285,76.37224292448388,88.85775985739713,91.72284586193602,85.11245852282694,74.00945348832938,63.067071873302126,57.66013756692843,54.03900812580709,55.03677849415217,64.2556563214954,77.82561348529448,94.01624083918047,107.035822512477,111.16481109105797,93.04173560266527,82.21761795370465,76.57189206424772,65.18930747185289,62.36213293226811,57.89333240016775
2024-10-20,70.46515385193172,66.37681507812246,63.575466425861215,64.78106704582913,70.64467427623464,77.52090255311842,80.91186225037835,69.81480228895754,57.784133518029805,48.149692173212316,43.62489438723824,39.836536084914016,36.876298040521704,43.776243116076216,56.49978157033547,79.55397789682343,97.5671946523264,102.1983257512749,87.96616286026537,80.51966639681817,74.72073182921272,65.33776936205572,59.685256821541515,52.54252912690323
2024-10-21,36.237377556121885,34.925573541283825,36.14381507705478,49.67336350872475,73.75854861607378,97.7959921066862,112.2497953101412,103.86270629088172,91.10096218698592,81.99532279218133,79.99090807604304,82.06603738230197,85.77537946614987,94.26089081526129,106.69853615035504,126.66418261571431,145.24668036764533,156.68916239134313,134.6010191660357,110.43258033216465,100.87707878806873,93.19802855169263,87.23642999714119,83.19209014403316
2024-10-22,81.43422296793881,78.12238663177186,77.17649651527162,81.78259150839612,103.0017342210086,126.32998757096613,133.43687144971562,117.382117808104,104.53692057587045,95.63635294956535,86.28655523894096,80.07722247151497,81.73386908707046,89.63761843884785,100.56608835211767,119.59945128037197,134.07894579777914,146.04074406742382,124.84012471559404,104.40532082729409,95.95815698394064,83.4935678040631,78.98392126164968,71.25926418959648
2024-10-23,75.86783827563508,76.04744710188648,80.09581502928167,86.88864754731455,104.28140479779682,125.29342430448898,126.7527178822496,111.66283466473686,96.89386274274396,89.67197308137801,83.2525983208173,78.9821508851208,80.13309806373456,87.94322811704986,94.33131532721903,109.8536958840395,125.0433176459217,137.4815994417957,120.41989582574998,99.20532931150139,87.48083009033813,79.30766538560343,75.3379177704364,72.80388656123695
2024-10-24,78.20148777324651,77.3169924282358,79.37000057136193,85.49866857782692,108.19265746466284,131.10075812666503,134.15206537066774,118.15717645879764,104.76156594689436,97.01266260122699,87.87047473956667,84.78056802762,83.45247896248605,92.40303850779202,98.7435606093954,113.59952186525618,127.35512186507411,133.44126004834135,110.14807972297568,91.01931405567936,83.37038205306256,73.75680054258885,70.47924053690254,64.00200078425895
2024-10-25,75.59229272799152,75.04174603738309,79.00301882537947,85.32188502268961,108.10958393106932,128.51346299831414,131.4712477810706,121.49875745781932,111.1384304870983,105.47825216313953,98.04407263615892,94.83562128178716,95.06487686906738,103.07017764952741,112.50228209724597,129.16784681942335,145.13169379425986,156.52792624756472,134.0458394868137,117.86274696757611,111.94639713915197,100.8427903898743,100.43150053731989,96.82493352265266
2024-10-26,96.8028564640342,94.15016482377422,92.68408939497225,92.4150217102501,96.28125607572875,108.80652344610411,112.48643254655389,106.65967177297941,97.69998396452532,87.17288896675655,80.98703401677662,72.77678198101071,72.77988509515464,80.95115619044347,96.45533058064956,109.72304978846486,127.35891416765281,133.92592389085345,115.5625662397228,100.00841258680148,96.55816928725578,84.90583105148787,79.40370108118069,75.48333847094136
2024-10-27,82.57942930275473,80.09887210176072,79.02468465327411,78.4077416397256,78.76281678142075,84.99958626297943,86.41370624492114,77.31033698221209,68.13855109016546,59.62585948191399,55.555426980951864,49.00157984739782,45.583326455045366,55.91179746197089,77.21685211602676,94.9996103882759,118.31689594392037,125.285485151931,119.37466586658152,111.00616603172118,106.16230724103657,96.15663565875805,87.48479071360686,82.44151722487831
2024-10-28,86.92894093838254,85.0997068557893,85.08138999171528,89.85572888735457,111.06342537566175,134.41286879815306,146.70099606019514,131.33531923582396,118.65669246835404,108.42405189221014,102.7825329763873,97.9401644710272,97.26624658745584,104.14590595960897,112.0062840387405,126.70118215851872,142.19787509352872,159.65054774985367,141.8823953866938,118.44997986251457,107.04300086746056,97.73299006973699,92.72566983077554,87.94110722007878
2024-10-29,93.01254521949349,90.61943088970683,90.3298026208377,94.82543799127129,107.94341227881499,127.49862726394116,141.9503393892137,142.96347004033902,134.781987771583,127.78613202706592,124.53642113286291,121.28272057974335,122.72480725473386,126.10080565771256,131.1934684745537,139.27678840379528,149.92535015682483,162.15982463441034,146.36623809436148,130.42242506622182,119.66769753581221,109.83777801944495,100.85452662141924,97.19440299512104
2024-10-30,100.21716632765487,97.7939088792543,98.10467239064842,103.24379851904263,118.44104996748763,136.3848661012656,150.92808170651534,152.5421894944559,138.6048145164139,130.33363832393474,127.03690445046098,121.76089160389184,122.7659591737637,128.42483230242664,133.73004207455003,144.81457979367616,160.52412023682012,171.2297179819049,156.354200871738,138.57732330581229,125.81287585374652,116.33714701964085,107.26570416624497,102.34017198742752
2024-10-31,99.86676175370869,97.24071281011325,96.50770269172025,100.39886115818749,110.4912813155342,129.5607616379411,140.5115392432632,134.97844264252677,126.65614161798592,115.49760882695833,108.08878076246842,102.82577686855815,100.85688396601577,108.36432346254617,114.60321256338398,122.18937974246015,134.56127908980835,140.34970833144226,122.19311549336574,105.45909406485052,96.15441877000853,89.27955815842824,77.59472145942755,69.13753287424723
2024-11-01,60.02111417138107,59.1052125248532,56.143120821844036,58.29300250125412,64.44241051175793,74.51279077451004,81.72862979081658,80.38373203065116,75.96136961062753,68.04200661322452,61.192828982167526,57.98612668746891,54.91638796275568,62.68663709112181,78.20100085397688,92.25347797618382,113.45311762890239,119.6714053803824,106.88538443557772,93.6345338195691,91.14872958946967,85.82242214086791,82.11031355724378,73.42827130726586
2024-11-02,84.38523751302804,84.85729629123577,84.97756140595756,86.26296472245164,91.42100747822252,103.06954106055898,113.08515111976527,114.05375852148327,108.66151842532844,102.18655185597711,98.50630404191719,91.75816043292973,90.40337821541988,102.64703824627284,115.38435322136061,127.5412085074544,140.03583042965454,148.56557554601864,135.97580973890703,120.92072231281216,116.0278303227781,107.71701773611045,101.4041421386536,100.78207367950955
2024-11-03,89.8547082195977,86.67790030356517,84.17361335667664,84.41205498236098,84.92689556014827,89.4341090560209,95.35135978810621,89.45946839852473,81.94033838510094,74.39075075587627,68.2929903018156,57.094666046142194,55.4034463928694,65.99822691494298,87.34386401672651,100.26764849508197,119.84569312239185,126.10471725733005,119.09215150007908,107.35956722282083,98.31568246465358,88.23617393280658,84.27965458469633,80.21913071904348
2024-11-04,87.23210638646825,86.04577752239948,85.41653561887078,88.68464988188595,108.9443109782849,129.18858750095455,143.96849504943214,136.0634150589372,124.91325399719895,115.30964774895001,111.54717618530395,105.73487586936415,107.74789396653985,112.89224002966733,119.47728189473364,127.90908147354902,140.55871876521553,159.6894116899595,148.31549531665814,122.84252254085797,111.03928132096277,99.64635775273976,91.92819806139077,91.77103905746895
2024-11-05,101.72714903029609,98.03723540398433,96.31158558757188,101.21014006141468,116.13145682113372,135.0226962259219,153.51308156306155,156.55841902108148,140.74513033273337,129.52746812487436,124.50872457678307,118.4823657666252,120.2647241960145,126.49996708607421,138.4620894790902,154.82671415891468,173.5554698468169,187.15400825481305,168.67693200199136,147.69215233863173,132.45475441383905,123.62127884792483,115.62031298501684,112.61870725973489
2024-11-06,115.9542986331636,113.31283797789908,113.12559984308488,117.56135549563233,135.29343128701646,156.15488857992088,176.24459278827828,180.30314410573743,160.69901668976976,148.27073075939165,143.14051493234558,136.63633010811364,135.56576529644647,142.38003739903507,154.0309793753641,174.26551347393263,195.0654112388341,207.45055785127087,189.29474910173576,163.324377133656,143.32990886816037,132.6639559888199,121.30310286811047,121.04186681508016
2024-11-07,136.82749102702422,132.34127931669815,131.04764980317339,137.98032548450308,154.3774253641535,185.45156951586648,206.401347418555,204.68295219185953,184.7987216971509,169.4515967240503,163.37729918521677,156.61747672286603,152.30982972842494,164.37947145226602,181.3871602245932,205.7143615291928,233.89177532361987,245.1823064985957,221.2388967683336,191.91820523783744,165.09849621240585,151.2100715679723,133.49359114648178,132.42976745455383
2024-11-08,117.71432150797787,115.02389103527102,113.64068554863832,118.78012658670117,136.16365830827223,159.5635887074437,176.29285073668927,170.19867027790414,156.82660284010342,145.0941622054647,141.36004935060004,135.3557306175759,129.3768863125196,140.95061275855693,159.39763316178698,177.46018129717208,204.2395009518368,212.6432990170137,183.18769780777794,158.95258908140192,144.7095653299734,130.1835412359722,117.38210087861609,114.05878444786141
2024-11-09,105.67426413628388,105.07782519118024,100.70254994860244,101.22784511989363,109.316626745568,122.39572053382646,130.37558383703575,132.26523460537817,127.85075421181452,116.97574455502223,114.2815625140297,109.5435584704588,108.60472130255239,121.70184059218563,141.32739790000102,157.95384737088094,185.16877362717892,193.96699606893566,174.85115904886743,151.58835187076411,142.76005659412357,129.8695639833096,121.34321210000402,117.4596662246568
2024-11-10,103.09134068435606,100.8253244774231,98.46541113693416,97.42095416866647,100.04113902566925,107.39003605462193,117.45434201257191,113.24943965185159,112.61390585382327,102.77891398174,97.55060159795995,89.48978575954297,90.08206143978265,101.92341821581869,120.15847096711171,129.1694877400969,148.97446927798012,154.49018346324465,146.0718342122399,130.41253337965367,121.55299324749822,110.00746413848574,103.91864232647174,102.55758535713247
2024-11-11,93.88299221124832,91.73200621125795,88.44271293531435,91.58718578830923,109.25026607626276,124.64390733946573,146.90385883527927,143.25531525008887,132.7727154981801,125.55535174619406,119.97718594738208,112.75995773590653,113.74317552642844,116.18083612563026,129.59111165012723,139.44089176727766,152.16463503310536,164.1252745360084,151.06801574080967,128.59325203570793,116.55932387405676,105.05854550492808,94.65122266075552,91.87135558579632
2024-11-12,103.79873816327984,101.44107655048822,99.48026238352936,105.23859630676584,120.05770692516765,141.79419823286696,163.3433315727782,171.52360514662467,158.80445249235578,150.6051395203834,145.11895423490535,140.84832688505116,139.6891380439207,144.70600021119765,156.95835893340495,169.24768520952955,184.81507088207934,190.7316770541383,171.9520957102579,154.0973607163462,136.23166902920804,125.83121830189928,116.58420471469174,112.09047504924173
2024-11-13,124.93213493293992,121.66411041775218,119.924908044024,125.2795969655128,140.92474193586108,171.59919336079057,193.89017113211136,195.69844202759444,177.94115005113173,166.27017459543902,159.83996673131986,152.07618582460296,149.43543598035004,156.01398111633222,172.48336061572678,190.01140263123827,212.21801463728053,213.19931846683113,192.09991660450933,164.62899476381875,143.1780984880594,133.5347244292406,119.25828511530469,116.3717158225418
2024-11-14,95.09503271511667,91.97820833915361,89.20521725371452,95.98619338238316,107.34098219305658,126.06944755188195,146.0689753239688,155.98791044097405,150.26806363162035,146.41793612084598,141.10134336446615,137.5910480743592,135.19997661955492,139.68172186523125,150.98209355639145,161.80876348800655,176.70876897230272,178.10781895083954,154.64788154452435,137.81716697908203,123.4791453706163,118.46097546303946,105.0457418146224,97.16153037698105
2024-11-15,103.61575311094676,102.73982023474028,102.07705671183898,105.52095340112491,111.81656028602357,130.53808944319525,151.0740942575355,164.33224294310858,163.3585071829168,155.29551851101226,150.58869809057066,142.4011653970178,141.01454100236185,144.51721173255703,150.3877883716239,157.43614600387338,164.71749762974338,162.00948019036062,137.81305269968124,122.13344306159142,116.45033498913557,110.41359847459708,97.41639763045636,92.18804561669904
2024-11-16,78.36133771177067,74.34844302337089,68.30809657363812,66.98918963652949,68.33944977286912,72.74679956753177,79.10346938182776,85.2452719051668,84.17211903161994,76.12212995087977,75.51621411786543,72.4140452230427,68.85412694926062,76.6814042530509,88.08889854708704,94.95473863174219,113.1228162256953,111.96960753918638,98.53997599334916,85.046342575191,80.16037870835224,75.2619808157478,63.56042159449001,51.406108541002325
2024-11-17,39.431274804108114,37.58044686107483,31.074501905033117,34.37581923480053,37.79360066557359,44.97416384568804,49.53606628583404,49.106452937528104,47.7501542398377,41.02082630518012,36.46761636517533,30.805892472046978,24.997619503919765,35.30175905572642,55.433579210407004,70.62469616394841,96.10835556260405,103.01692118274724,100.92351101422537,85.25846002662897,82.80682379255975,79.28189142474298,67.99072596764121,57.98048553128862
2024-11-18,29.888481158994125,25.844698102129925,24.30053667559021,32.21780731297963,52.85011899057345,79.77475350766312,99.07548815327138,106.37937456340299,97.25006853920348,88.15528468047557,84.1490524372581,83.12074827618483,82.56406533298562,89.50434309953323,102.17184483032634,115.96178436487033,133.85706945887034,141.76181949062345,133.92668817358495,116.22265512091563,109.10713947881264,106.21980336494055,94.39399523576077,91.70080437602371
2024-11-19,92.44136049493297,88.05264826788174,86.76653504417102,87.81683067398689,102.72543680850016,123.33635890697016,142.6225887568325,148.81655753472907,140.52326506803695,127.43235848522632,120.75384283272204,112.19306668380008,111.9361832318932,116.51822980271142,122.72983002874065,132.1836213297763,145.13507946148252,143.22860681580653,134.73318734000682,117.51775675954445,107.95726037171494,102.536513462427,91.69495719267861,89.1684440613806
2024-11-20,82.37216911243269,80.03154428208319,78.05913460439263,79.40066190059443,87.84908760616315,102.94174785234523,114.3079084643897,123.62615857399433,113.31369515759397,105.18687586223528,98.37164073376022,92.71651224479325,93.18504787576231,97.36750509261287,102.39350907288556,106.57710780796127,118.87189177279501,122.22568445226008,114.28804830487582,104.82099284331943,95.95505345602145,92.1704401561223,80.20124338292266,76.42224273832684
2024-11-21,71.84251845114383,68.27733490303135,67.71529021655923,71.46879031467589,82.05780868602909,104.57149601410225,120.85023209341227,128.3074250316948,121.29872568075729,112.92535200949759,107.8161515405603,107.84421902240675,110.06553905763684,118.06785518981465,128.61500489202444,134.96539984406172,148.13761076119377,155.16587597334365,143.06257583421248,132.01761140015333,122.6541565928458,120.40125002614118,106.96405328835749,103.8494720383416
2024-11-22,93.92178936700014,89.33044450385731,85.69445667900592,84.24290936995189,93.67006744541297,113.50681760846143,124.94353601954523,128.29372168815092,119.41851132740044,103.67811230473117,92.87819693295569,79.70425890295883,73.89043557641313,77.1274450998009,81.44529993975277,90.65669141502521,100.2039768426433,99.95861748948194,89.7150238173321,77.35422313968402,70.85781453361706,65.33760988128354,58.16407227737682,51.48632923718212
2024-11-23,56.250942066103974,54.16994870731659,53.441033323738495,53.38546235175747,55.19816801165871,63.605405989341094,78.48076849171905,85.98070738100968,87.40159818560419,74.37696227889002,68.58229027855897,69.62697757968097,62.51445544525913,71.21403895700165,80.7760565252536,90.39095119695034,102.71198579680838,101.66736039151563,87.77680717257974,75.0979828943771,64.54223255623302,63.037656640157266,53.522609143013256,47.184996526653364
2024-11-24,9.584828532704933,5.3703588171233605,3.19084189599414,4.769246111671265,7.9627743312891255,14.545319642021951,31.29606880572726,33.80089788454595,34.06809735912003,31.479286708784215,31.321992232447045,34.09024863470236,25.61579012555221,34.93921548137071,47.56773175353803,59.536031575067156,80.14818120016159,83.52714866469512,79.59172492277244,66.70933878042608,61.24368282161805,62.09558458154284,54.116987233290644,45.318083087193784
2024-11-25,13.74112496706961,12.491021529386643,6.489825929790371,13.60718692745074,37.34079872626705,58.02040757956338,77.82164665473017,73.64086320952845,64.25139510972899,58.39292058422339,54.35118839337282,49.54928575182598,52.67525607831294,58.0243945374373,69.81464851948226,84.33467128617174,104.84872088310559,116.92918811228353,110.65243690143949,95.40482825192976,87.46857334562033,84.58620489158079,76.70612981332994,70.1419427612583
2024-11-26,59.17582470169779,56.37844772002022,54.378962293396,56.09082304189732,67.33924045845362,86.65779447611655,106.76131822170377,112.51925538590834,101.42645379960632,93.5237837214821,87.25862195344162,81.70193107155887,86.90649002284079,90.49663008836696,97.2458768796446,107.16758570193802,118.12793350197013,122.23824031071199,115.31252366548658,99.87357260351,90.0695205697316,85.11433133041396,75.31636585323984,77.85071795231964
2024-11-27,98.59955167488377,97.22139725838218,95.71283191724385,95.52239647675813,100.69394017321841,120.1181177688387,137.67141899329155,142.33999850540943,127.50641867918938,113.35430590645893,103.71968714048353,95.91251381924052,93.51735339359317,98.28172506857965,93.38448844504202,95.38460323555209,95.10859742389782,91.79837746218716,82.71538996774457,75.93055054871735,65.47116500076841,59.806819783513845,49.60509313707833,45.6599803024791
2024-11-28,36.51040549170776,32.553024071935624,32.003803247369035,36.70813624920582,54.15617632315177,79.8840884954235,94.77322410374735,98.69262490350907,90.82258141686351,87.67282247986887,82.2234220383059,82.68713830980903,81.33608364614616,92.13587034152191,102.69678340436471,110.92247578415396,131.83717180053492,142.03760320815127,135.71989248525188,126.82971272619054,116.8804676670386,115.61071109616657,105.25525652082196,98.6933858159309
2024-11-29,120.74894833669298,121.03605832697446,118.94123183592862,121.15099425580382,132.7402846376586,160.8031934964007,179.66114648685766,188.28220497411783,173.85252527685716,161.56911741000118,154.65374612582946,147.91864051640664,149.9108698012353,155.0326739566192,161.91411020059206,175.52859312266767,183.26601247918504,189.922844549915,174.86019553739004,152.99060971399,144.55964480279187,137.58660584888077,125.81297137305282,123.90432448082242
2024-11-30,92.06150562843182,87.25842843027317,86.07532727152947,84.5397172195758,85.27943835702493,87.88074390821852,96.84322450628223,100.3627811959991,99.26954351019856,93.71647825589434,89.54697166124343,88.80175193144143,86.39089577881177,94.54536083798385,105.95582512025797,116.56917763521868,140.08306618602813,141.934157932987,125.76696334502245,117.80817291167742,109.14324506588412,105.9279093123909,94.68915439108274,90.03143897012849
2024-12-01,86.85451157972633,85.24910884826653,82.41468243516184,84.78732496792657,87.07511757130823,90.85350229201876,95.72143350588456,91.9956241369499,89.87418453874825,84.99471566180765,80.48674627741562,77.34481648317131,72.9468378485228,79.30398139206721,90.48843800035053,107.3661775883098,121.70805345791419,124.10121922686082,107.66288591220625,101.0569643102388,93.85508342465822,89.29884677845641,79.70268551962525,74.95839518455011
2024-12-02,66.97889131943268,60.88598605113273,61.10278653656312,65.85252535094914,80.0980293730165,103.68080074290063,124.24472389157933,125.45589428810027,115.84048755470428,103.98875250625451,102.62766919468032,104.41524977825765,104.5402902046986,108.23621170611895,117.2008692120458,122.07369502349152,137.8400246814097,140.67000723688804,127.95433771693128,112.9220422559251,99.1703420136692,101.15939207080098,89.89541711165666,83.3929077511049
2024-12-03,90.21374838592772,86.8364215491982,84.36025602587348,86.25713973533846,95.13180637723765,120.10501450396094,142.97455342168823,158.1894942561734,150.52148010883604,141.910591759714,139.38326663321706,139.65181556738753,142.93342879933252,149.96879397173612,154.93082156491988,162.84402203569257,173.5035949608302,176.5437987363215,161.67088648573412,145.5566474758126,132.67481548956334,126.18463781337095,117.10728610120614,114.60402549362941
2024-12-04,120.7207787103548,119.31479186954374,117.83113251255557,121.58155355440229,127.0824779069309,151.36383679829305,180.38600845115644,194.28353888387318,178.46928336883423,168.06080451335433,161.31274228778537,157.30480271619103,160.99123041088163,166.8584569021759,174.7252872086495,185.30748531948265,201.1162608217278,208.13432094934566,190.8244698391289,170.29859258051798,156.3715187917643,146.22529617053098,130.34076566430338,131.12275846685168
2024-12-05,123.22558881827571,117.43361223001972,114.20569174608221,111.73227998115539,121.08572548477122,147.46099610068993,167.5227244272353,172.48873097418308,151.39946353540603,136.25440848651675,123.32536876422617,118.80388896138022,113.66649684306492,118.3457845555765,121.46253119013075,130.00668990508893,140.85458943565658,140.29763818280873,124.09009818339423,109.17794040232539,94.18438634028733,87.91216619044499,73.77893781675694,69.27237917296564
2024-12-06,26.794185688896093,24.266234463968743,27.204763273654038,34.39446063018234,54.11803137566447,81.97774102844208,95.23615503345961,103.97115356458208,103.54272326979633,99.90767209380755,92.25904357608485,92.73972483913235,91.91996804424888,99.13499380807757,114.22908874582572,128.21028467376874,151.07771533082308,155.4256560545595,141.59605333723516,125.48544132800217,116.18709100233797,111.99148888196036,105.89313561150148,100.29807744720739
2024-12-07,82.95656107579651,77.85384511265903,70.43279985274216,67.89046414192121,67.6439545795198,73.36184853171977,85.18916656656774,88.48326102557567,87.65546548784576,73.259399845557,71.84524912889856,69.50221322701532,64.3811920356971,69.3671842113919,79.71566943204974,95.5087448332743,115.98737474055466,120.4701085285281,110.15046473725235,96.70895653600331,92.51099223326972,85.68787465408965,79.07451790419043,69.73814357597232
2024-12-08,65.32820882577073,66.02317290851244,61.04230901715925,60.49001189486641,59.494908404479546,58.063314789193356,68.60738639789497,76.26124351487248,84.7438198670393,80.85301828678283,80.64492073525483,77.63122835344855,71.81674822582931,74.37760390891245,84.21210293229743,86.45804865450397,97.35654911777698,89.94647686662033,82.20820930180511,77.56039725602798,77.23663736798672,75.62042029072884,63.44962499873783,61.353227977697784
2024-12-09,49.496348286093465,43.30662956044026,38.45766548320982,41.20719789671628,52.92809737395963,77.77793333205695,100.86185310759345,106.52224598131106,101.2197875743671,96.24430909334939,93.33490919350238,93.53707379689547,92.87474241900952,94.50569562991356,99.43177031546844,98.99485200382053,105.38234498262561,104.20315693027423,94.85223756032602,86.03078697918475,81.72877199047522,79.31615184760223,67.8706225662964,58.7022137449556
2024-12-10,81.31150703993839,79.19561963571358,78.70194334631725,80.60348677067894,94.34887776040577,118.02177061263441,139.27196108446714,158.41747959092606,154.57138842358353,147.813268581506,146.92178643312755,145.13678347365948,147.83535838776095,154.2141237959571,160.03411886953614,165.47314224687184,175.02789251007178,177.77345549726655,167.79128530103992,153.13263938874775,139.52793542421634,133.53149188605323,121.58501709846419,124.35212907666224
2024-12-11,121.48960137851905,119.51405202526237,117.61120968586997,121.1521090062879,132.95775054937118,154.8070772465036,185.6558350574791,205.10991180748712,190.65942606430207,178.32259884486868,173.33405539182073,167.25533828919714,167.30917495653705,170.82273021230844,178.05553332357488,187.63905898949906,201.8591104670312,200.01683706903006,187.37908385966773,165.99540365819558,149.3842966365514,143.0238407334503,126.04618851014826,124.43286746530792
2024-12-12,153.59217983344354,147.2881512823894,144.4445683053337,149.80890096116244,161.70637739788438,188.6419528786385,227.53292788231744,236.89214534626683,227.1335349488198,218.33597126782286,210.1642852058646,203.4973173668409,198.12924363268317,203.78198617734967,215.8291437038808,228.60523462539427,254.33763105022177,259.78128246797735,234.07325527406132,209.55287783588835,187.8570046947416,177.1184175446679,157.95121855356743,157.39877462429695
2024-12-13,169.7767146872978,162.7615501834922,159.43478198739874,165.76202147505012,190.26891734073322,217.13102092700657,248.25617729810273,249.48471458994555,236.25307261394195,223.6982152168116,211.33719178962403,206.55633348289928,200.42714454152218,204.9069873366834,221.7222071170121,244.16360479184567,273.1592134087955,276.8465896741626,254.55777685801513,229.02425787728174,207.74883211338215,191.57401732500244,175.67805757463032,169.22192220307187
2024-12-14,132.20356251331143,129.5888031368356,124.37813035335097,128.27335600925906,139.30264878462594,157.02368547003417,168.72081377292758,171.00490318497248,161.252718293626,148.63433142953082,141.88410949315292,136.6063358444265,132.63883159029479,138.50034197612064,153.99150940831333,178.76127550955857,205.63228880663277,209.4198003885492,192.7080105158168,167.06146987029837,158.64327966185877,148.2144375923108,131.56105676067517,117.08535572944419
2024-12-15,90.32438412673548,87.83396260908202,79.85524136817816,84.37340302092542,96.98940912722709,109.81427180462421,123.65074913164491,123.25241456653931,116.6366585605727,103.57726962681299,99.38985510585718,95.5454699152988,92.1170944533005,99.70648392375254,121.4836388437336,145.22702123789634,174.32500087365491,180.18719001608758,173.01694861912983,145.58882866189848,138.84353002678682,129.38737663230876,118.02821657668963,105.57815253133205
2024-12-16,10.763235942165139,6.965493192199176,-1.461743603671252,4.17021928436634,31.092116548579597,53.907836623455225,79.50326685534611,87.84156604798594,78.13371723219616,72.12894691471878,69.13789050525094,67.70150263684508,73.79041064427804,77.32390951368163,88.57834378413126,101.12806836182749,120.30898421824769,124.90122452208963,117.77996813475741,95.40905773407255,85.93684717349898,85.40065762647409,74.9859745849358,67.09990776131656
2024-12-17,43.77127509054429,40.185664223461075,39.856352225116524,43.23820658841653,59.724408667997864,80.59458208130873,104.77130289444531,119.52513921164274,115.02106100173484,104.36216587979183,101.61090124405789,97.76252156484851,101.78342671977113,108.48773856479072,117.00959766239096,127.7638787258993,139.6433106508587,144.89617606558505,136.94917855981078,120.19351538488756,107.01082547648716,103.25565382234706,88.3241505269299,91.25571019940999
2024-12-18,83.33024076152577,78.0477040311271,71.55204177834018,73.28286016881427,89.35835374991512,110.46949941357322,124.92881670629981,127.68744910564695,117.5661191608925,104.17435258268443,97.053705939323,89.91801628122059,86.48551867197084,90.96897756146116,96.25280729558139,106.81593145163323,125.60271695006435,125.864334728372,121.40887872043425,104.4446352772917,91.50886230199262,89.59482019602254,76.06346732169251,72.97545268263967
2024-12-19,79.26240178227368,76.88790368962182,74.12656127528757,78.31084168767842,102.86965457263184,127.06108856074749,144.71588473106303,145.39126009228983,132.35212088217034,120.80519789216052,113.49736268420921,109.42510347767056,107.59574694010026,112.0583608269526,124.65638357583254,144.30341770191714,169.09286774565717,176.4093404106438,171.42254191672873,149.627565336159,134.24645302969077,126.95629474906698,110.79956406808898,110.1981079513741
2024-12-20,25.703265301112665,22.76624610048931,22.416045082569212,24.128725899172267,43.19498513770169,63.52823591134867,83.44419545780603,90.28851107151677,85.28149563455055,78.084056624888,73.76850920878931,69.82505565388243,69.42460899909179,73.04752554392985,79.36440411432469,86.86001852880185,100.36256142624697,100.8234004080317,97.65347430298071,81.92579174091436,69.5871589518625,69.49902878681601,55.88279893451059,58.69718551487571
2024-12-21,30.268049830865806,28.309354943147383,23.165373591419325,20.645782811419053,21.47313238599311,26.10284065687921,39.450856833424126,44.62799981809427,42.61943890893397,37.58274610349768,36.486811100106905,35.65848374670868,28.30451310232472,36.562331743802105,43.97775031794902,44.16053898979011,55.56686646426269,56.42666814226038,50.42765409145835,39.983931380397536,32.150914901515335,28.160057451694257,22.582762816714506,18.564093161857173
2024-12-22,3.98059976303567,4.409430612635944,4.882816402728636,7.87949362319776,13.564009048612661,18.693761916975802,28.84804647970597,35.09676426474266,41.791619355973,46.29143258889428,45.512802504320334,46.14211013711443,38.62771240254342,47.95443386878986,60.46919945045147,67.23766884278223,84.90715367945171,86.832332392101,80.47153706551086,65.62423096091123,59.01034806792107,56.689278135420054,52.09057019190894,46.17272231260236
2024-12-23,28.520839511500355,26.202671887024508,20.741321109408617,23.042412856546676,40.39163595949286,55.33821111365353,73.4574921552118,76.38502576338375,71.93795649384963,68.95993266506268,65.71710378786598,61.25950455290538,63.74572335156071,72.15473941109926,76.90355883786167,87.93090319706967,102.29871867917718,113.45856026483446,104.32913931767132,88.77267452424717,76.5736365987676,75.90397504077184,68.35885024645306,64.78142203593728
2024-12-24,71.7693226305523,70.89058156502935,68.2305149911686,68.94556771690281,74.17803181117941,85.73255026299712,99.68293925804238,102.00728438221938,98.67955460440547,95.77191139868278,88.33314872421947,87.04445754192497,85.79773767847448,90.17036232977995,94.65752138518525,104.04938123462308,110.96013306906504,117.83346260456258,104.37574331305296,95.16383954408859,85.86945684116452,81.26298857818006,74.38934223191666,73.6972663003793
2024-12-25,80.08459619113503,77.92131353077012,77.15675327281392,79.79863709402406,85.50599655248777,93.76944953469014,99.6271538548272,101.47201322482918,95.86894110945317,89.60385536955422,82.72680963869902,78.65368524748176,76.71615847364174,82.16035667234618,92.53456997725546,103.45394885906764,120.81850598721348,127.62749283424091,120.82578467439207,112.07869837228652,104.22076161316397,98.54456707462325,88.41416867941027,86.11466211341374
2024-12-26,97.8265636296794,95.8088981078693,94.82154426771231,92.60152376119154,99.82727113797174,111.18697484670068,117.30870176774559,115.26487287373479,109.99392538825316,101.61730416381786,95.48272935650186,88.98277737240865,89.36043986560801,93.24870393723995,105.15370376896134,118.96441409072644,139.0194629599358,147.47303822935123,143.45927318058125,133.8305132418921,123.52311241241605,115.29150125837957,105.8033716881665,101.33982165594584
2024-12-27,102.10004992838533,100.29523535215438,96.78799248126897,98.73813169918212,108.5884332713593,122.34270290633161,133.44802556700907,133.33341146610053,123.45026070120585,114.02338072893974,112.27551484926977,105.43416506854793,107.32774308653815,109.24274653526956,119.66948487162782,129.86523835463592,148.22178179112922,155.93834821238926,148.81342673108105,133.9886099486093,125.97678115681359,122.29116832164738,113.35973879213908,110.53689289507332
2024-12-28,105.08617924483437,104.52268444530486,103.55387336231462,102.57881865258737,109.00494515684184,115.538788998304,123.9476552799942,125.34265845849637,120.29817176160606,110.9913858720883,105.17003304968269,104.35272994383021,103.43833800997,107.17183928076324,117.55303042085694,130.82331000333568,147.3731857862924,153.22389897293021,141.6288132339499,132.2114145514134,122.95898724121582,118.36943941843856,105.28790062341321,103.67466553130623
2024-12-29,94.67688374217354,92.59141690569048,88.81818449453026,88.45429487445068,85.81441060791973,88.2531841207652,95.0106411653623,96.81662723043407,92.03353526529393,81.21125489031941,79.16501568745448,77.96277712814111,75.99185926688166,76.85286456966239,93.42703312654155,106.57172125793609,119.63049304524885,116.05385626791396,110.53427345367348,101.23651652796974,97.81825932089436,91.65925383640698,79.5044561074835,72.84579829343214
2024-12-30,44.20614941785084,37.87923836265939,34.80809393963105,37.3603351974775,47.7243010744739,61.39299342139961,80.35961736304195,84.82098127445347,80.98468009392101,74.93481512576895,72.5679797555278,70.23251080714043,68.4230596368289,70.1691694366719,81.73952515979408,85.90293780974469,95.49665267169084,96.28872790253396,88.70450586750619,82.03655273715573,78.70691369154143,77.54812929050195,65.85576227104936,54.7416282517799
2024-12-31,35.9983693004618,32.74476406291588,28.980643193784417,34.47514160049161,41.22752024238004,51.90403467104272,67.56295941034,76.5286006217291,77.68282128391594,71.10454704962336,68.37332909200484,65.37747184408444,61.82628387117035,64.44924545438306,73.91796003254017,72.38779801614811,82.69132667277353,80.5366877331017,67.13362856131488,54.193938501228985,49.0483831192378,46.73969392862752,38.82385830096213,32.919584354995706
2025-01-01,17.078555542521073,14.232031350195086,11.248612555765291,14.37624044611455,20.875190793048276,31.135283314831042,41.901322958299346,44.70693008391207,41.24214322345264,30.242625593224943,32.88936137369923,29.075315784889455,26.977588454999832,33.91314827786802,45.55211845582738,54.589329555968035,78.90389161632385,85.84053242644697,85.58051112942731,67.14937860227364,58.654911856670736,56.30654230944998,48.377899640275444,46.75792915831791
2025-01-02,53.22320126423361,52.7446229890909,51.75449340882683,58.96953054830635,83.60717176877961,101.55133697587848,117.06524816754822,116.94603071698322,112.93725254833302,105.78772820660303,102.11787635376507,99.4718470831781,103.7342125168791,102.60866999669693,111.57152190784896,130.17196314229767,145.00379616146128,153.9688625474052,143.97219004311592,125.0551672774437,112.50828819244978,107.52698529180961,98.05402164758132,96.64621750489859
2025-01-03,72.58247880096417,65.47221406797533,58.68416015120802,61.634562170440574,71.85600012509634,83.82462992497913,93.55637635040276,97.5922385716413,90.36629767076003,82.48896174337747,79.8399275506615,73.21706029788253,72.74448448583192,77.0734430369038,85.11553447360725,94.38963841137877,106.9408846640993,107.91903993755099,103.3583450056218,91.75404329888215,82.97165223658746,81.31481746324198,73.26873456621584,66.50369494231681
2025-01-04,87.4379698100617,87.8741508630947,87.66983098090827,85.67496249657766,97.83039016628231,105.27227754015034,116.92452127917942,129.40633353076373,124.41281120286543,116.79922563546357,110.4238759419022,106.4090171304938,104.85557329614916,106.61289513181629,111.2166386461721,122.37704768940952,133.2720159207916,140.82684634694328,131.00880823478965,122.45094718376511,111.83032531458481,106.11712284593938,93.89167295355671,92.84522009793132
2025-01-05,89.75459007131812,86.34834973001335,77.79557555990564,77.56688797166126,74.42465109441002,75.7995990887286,85.53081185665327,84.18884525842321,81.48365779571617,72.22216111776963,68.63929882455527,60.212175762632114,54.25548565214652,58.597248963343105,72.50309100553835,76.01883072538853,90.58585314201738,87.47254183885875,83.05720553388531,74.89107567120165,70.50991332331374,63.60942775938764,52.54977398328829,46.319419748848475
2025-01-06,6.42040175577192,2.8917626526402103,1.0473677179674326,3.3564752337129846,14.717734676611855,28.85323321122445,44.80165699640605,54.59362282755342,52.179193793886725,48.92873890328633,48.940905467498226,45.25872261151805,41.611314754208536,44.08811188446268,52.984553783164515,57.44428754825559,71.97449026323494,74.29240754977218,66.19875464870444,55.595104538294066,50.688548102958435,51.10602565951116,43.859193332598565,33.969157138151274
2025-01-07,11.544132354495602,11.89348926219428,8.924319657281998,14.213601012727139,26.763215669295306,38.97811733115904,55.173119402820305,65.4429262210146,64.31934432568885,63.54553693589462,60.10810512084832,59.13451324517149,63.845942606330055,64.81183385619471,70.2617595178008,77.50511851599379,88.64936524055011,95.21740715552937,86.58665829942508,73.28687356448278,60.937160809937254,60.618874771259996,57.48295322212816,51.242348201654096
2025-01-08,61.799721521004955,57.364064099089546,54.06938525908933,58.25580758071793,70.4383974928748,84.31818842600522,95.52779817815076,98.85205211252634,99.11370253084762,94.42118474167636,88.72862381004147,87.43853972454419,90.30201476653534,97.96517580431694,106.84100856295181,120.04986040319878,131.99861828885042,146.5458891541914,136.6718702686651,123.34048206247905,110.2679682709393,106.48626784701392,97.86687055469861,95.96603708272059
2025-01-09,98.06106041759449,95.53344559616741,91.37200139816558,89.87751684068226,92.40236594117707,106.32866420851232,124.25185504941841,137.98206875729875,126.55344824361953,115.37837455990761,106.9393748038838,103.23824398851515,100.94653429136599,107.59393128306074,109.43472997072203,112.98856851049513,114.56693418875467,109.24894285694255,99.89309984201151,92.05675317751702,81.23752744055032,76.94165281838127,68.50767618168508,64.59583387173471
2025-01-10,65.79550987595647,58.4553692532037,59.61439639074758,60.99868271398299,70.1612730230054,88.9773856005221,106.46166406872047,119.44622761330277,113.05633169053527,108.01342092746118,106.79228979501792,105.27020331243791,106.57473267885803,112.08605086254383,120.520717126005,124.72922013597376,133.78755065104008,135.6368056220358,128.0463966121351,118.90230732389149,107.51783911548372,108.1615992460884,98.37258748359929,96.44965461421947
2025-01-11,95.05983601144482,91.85145530304061,88.34685148839804,85.26028199721503,82.69669071005737,85.12498535048766,90.47390726321142,102.68142013743757,103.55582744840596,94.57312908136024,91.9665156471972,88.06600713847365,85.00909969294818,88.13054045897275,92.6490809546106,98.49300153937551,114.52329827869146,116.80657044163456,109.00240624267657,99.17004840440076,89.3699407936689,87.82154094431117,78.22728341760217,71.24687214444329
2025-01-12,92.24040947594953,92.03409397601335,89.56496105512875,87.79781721290088,88.856875867707,90.75443629563912,99.19470844359662,108.60597344150229,113.16584918647987,112.79593844545712,113.63823747545108,110.59071954313092,107.20912277397679,113.19622567371587,123.76443837806251,135.7312935994081,151.51694382926263,157.06684319493047,154.31623345233695,148.30816259851275,143.4042783864083,138.6101215377115,125.80822916404583,124.63091017852003
2025-01-13,107.2093381521833,105.46987723793252,104.47009670358806,105.50683828048051,116.48957623640669,136.5179813697101,152.80281118312783,156.39079614042612,149.68999793151718,134.17756767958684,126.92714770310208,119.4254000820745,117.43715546371003,120.34385090867183,124.0097697297661,133.6245998147049,150.25875368047699,156.00104723921874,145.88492728800935,127.56252367267629,115.87174699357391,112.86461101786568,103.39096997357431,100.2101342626658
2025-01-14,88.91856453065901,85.55112689635749,84.9012348076289,84.56873469808295,91.71689061509448,110.94990032367184,130.63627574186182,139.39791676500735,125.1161329600184,111.52798445230955,104.40869766218852,103.21854706421027,100.84341214292964,105.9606654061078,116.55905450554663,128.34316010916086,144.19282155864363,145.465629944705,134.5411854229182,118.19874465781544,99.9324543660868,96.9044043740626,88.43569907251299,90.64471888826658
2025-01-15,113.81603756392178,112.0927931161106,114.67365037105645,117.46995926126695,126.31059141952397,152.15346134397015,177.80693118673312,196.80811847987025,184.92481217988447,174.19872781109115,168.94153306211706,168.7905129660235,169.92797231128205,175.55339630413522,182.63772294427554,191.66795737460782,206.0219760992076,209.387414564175,197.37266456276265,175.146313409163,158.64735416536692,152.52676828332142,139.92155841775926,140.56505362352738
2025-01-16,150.55142967519922,145.17560163042288,139.84308367214587,143.58576996200767,149.81251021846595,173.03570777478194,213.52536065283482,227.5426497294663,217.77494647530588,202.88110741289893,195.98845012934646,186.2035506939304,183.36010586664088,189.0620154399919,198.14407891879404,212.2986376594212,234.50964670077383,237.62788827143493,218.23594671046666,194.08916629562503,170.26675504720419,160.24456242863442,144.23125308649296,140.34370365404504
2025-01-17,130.5639630724752,126.5818974396932,128.193639012688,130.33807252103125,140.53310445361518,167.96430671120237,199.0015630727443,218.18219213785784,205.31825801400245,193.76422302704398,182.26071821206222,177.2686410602473,171.71572445349005,173.9765451919375,186.56461494168178,196.33482256154105,215.12750602474472,216.80686345427182,194.8444041032457,177.01362441601896,155.56312221013982,151.5352546848466,138.9750244529569,139.89731604293434
2025-01-18,126.90156371114927,124.72175275460071,124.63479060769893,123.45179755986544,121.01274667723153,129.10731034216326,149.45487705492158,158.3302115439129,155.0521459586065,152.84402592957497,151.05383766664548,144.28236689781068,142.26331319890735,145.91344772155176,151.4657747393518,165.49153855836582,189.59271230460666,195.45459788342524,181.27504436095487,162.85183080707228,149.44419388900934,145.45510282425806,131.97974313007887,128.01442794061475
2025-01-19,114.20497921813762,112.41977265538203,107.72530882453984,107.53323345323928,104.23196194629973,103.5528341866061,117.1918684606309,118.60946087194313,115.86966017744616,114.97796145512145,115.55845368017276,108.87828615136263,104.40807060609407,110.97313439814783,124.32316958141071,133.58276512867926,152.53589621753142,163.11899542159725,154.7399752634529,137.70601961972963,128.20464291115968,122.69050397650254,113.98326048215259,111.35676483282833
2025-01-20,117.8191029317224,115.36715873175206,115.17489062906174,119.76829304255901,131.20192838279587,160.57104681754942,194.47913268925168,201.74337266109757,184.1471110162204,168.18105497937475,158.40088504184712,149.7627978973694,148.88637522888,154.86204449519713,168.87618181916943,179.3943199995006,195.7275271181392,215.31832155332202,198.92827613775492,174.8717161212831,155.57393546116998,147.5042339989083,128.51641711320514,129.27833443584657
2025-01-21,155.07502878619465,148.18700558177693,145.36411182882895,150.1531844300347,164.82163315676064,197.74725163543496,240.27963418173587,252.93037430919983,234.05223869201959,211.41354340235287,203.69555829818165,193.97499786079425,191.3673676612006,195.05134281149546,209.5070904629612,226.78926803686915,252.35116463859927,257.5389718750362,235.7740300867322,210.87341354342334,180.85357679907406,167.31804896281344,154.1159892577167,151.3301099011543
2025-01-22,140.01516766190846,136.05811344754486,133.77610777007015,135.78225657362088,157.1243844373387,189.97844696563106,230.582926425063,236.9725440042296,215.53451261747693,198.40549320234277,186.73646934493945,178.6803730262274,174.09602731641164,175.6648827507861,187.4070224465524,199.48378113870027,219.11792304001852,222.1885279261166,199.85689155022433,177.53182867669364,153.33945925235332,142.9555505784635,127.59330321734126,124.81715684565779
2025-01-23,90.96200985245821,87.248892717341,83.95034815568607,89.67572382725922,97.72712180873961,130.9572855847391,151.02986536695218,152.33082271746196,144.0969098359906,133.72503263804248,122.77218388267995,115.12955092546454,109.9739627631835,114.95306355344145,118.5715822763922,128.33653612413792,142.766723893578,146.02948076900753,125.9244521660409,104.6132676781287,93.98176995122367,86.48968181748909,74.16679211172175,69.12440633505605
2025-01-24,38.8379030223233,38.359876013674395,40.040862316999906,45.61345637842422,59.54401759791922,89.88878080663817,105.27079420007443,116.10482603291402,111.6513092824788,100.26456742879752,89.43374955016823,82.83712077324941,76.66319547148655,78.94648124689937,82.93227151092748,92.34734674680655,106.13806477443927,106.67997079287075,101.62737102596309,83.94577862691744,76.01821629861539,73.67795410780622,64.47957459646668,63.864565482497355
2025-01-25,67.42382596312967,65.54986982578987,67.4523763830353,69.35318900867938,79.15898354762045,84.47588895071047,95.46744498230612,106.34783029259768,105.01830267922023,97.34015414047502,92.58833557332463,90.36712079407607,84.84018150275064,86.48234995186564,98.20857377138543,120.00365488120042,145.4718113022205,154.53738776209707,148.23521143538284,133.89609300400005,127.9527765052162,124.98385178322889,112.39112085507045,112.28067225183597
2025-01-26,102.54501755439355,102.0767683872756,96.42811553826161,95.78352606574674,93.02145358545725,92.52413211997523,105.9364112208791,107.93815302673151,110.83147150418807,107.53856717758418,104.05120553413866,95.71246187175475,89.06811531503762,93.36411620734464,100.30348387091615,108.04357396961107,121.47517159203056,119.99748978385692,109.14271848307874,95.85499882173802,92.37569049034398,87.81784905099722,74.64849141892033,68.35333584030114
2025-01-27,56.10237240191799,50.39498475235092,45.51253009017988,50.117608172920086,70.70487120556417,97.46940014228532,115.36203790950452,119.15233957645015,102.98831665491,94.96037000883364,86.22046862665633,83.60223074819643,84.93612967164984,88.24953892176343,99.98721421167102,118.98396450434824,139.06225984370383,150.09922250452053,138.1206170795217,118.33605487623758,109.46695292440404,107.74973952154502,95.90795682557388,86.4606941049255
2025-01-28,63.14000797632775,59.78784781286781,61.90201262443954,64.0172634204084,81.20264263078592,109.30492344392513,133.97632254023375,146.09481255840382,137.4654482857843,124.29008440260048,117.89185854700798,114.34087522838989,113.59733624858566,116.69131820236908,120.93774983295009,126.42610630398161,138.5298920002715,135.5861755387949,129.201707934242,107.43577747390704,96.96239227029729,94.20604466099505,75.76780929556497,82.84538140745832
2025-01-29,68.14896417631482,63.89788178342807,62.124478786542745,62.67840581964259,70.1535072283466,92.48160195016979,111.37446162915893,121.296403827702,104.92136929407675,92.93646081797414,85.1132115718417,79.07693367351035,80.9547340659114,85.74372751089211,88.22178620433871,102.31936052347922,115.7265384440091,119.21978790451777,111.56562066759228,97.05524551016765,88.16263750871698,86.81923244905994,74.28465217043254,74.55799608540718
2025-01-30,97.06880126938712,95.90381259815827,96.75548975220447,99.49985921615807,105.75869228105567,131.41541032387462,152.94681318213443,165.20035167548184,151.12149823252417,139.74847543964722,135.81780637407405,131.97151993720664,135.2317476424479,141.4755592034499,148.942605937879,157.4792170341777,171.75922186210107,176.87752035656416,164.90017561761013,142.83494044762486,127.55643999808868,122.21122163626623,105.33622527195362,107.48215876106562
2025-01-31,101.83420314046356,97.37760196856976,97.28789255206429,96.78554900954653,103.56021433777066,125.20879436490972,144.6036392411488,159.0174787899859,148.42366934975186,137.11563960796923,130.761644944118,125.74780511328979,127.00496884216582,129.32028272603705,143.72550038312832,157.93094958844847,170.226683970235,172.91485508352764,160.64927736879974,141.2204747297356,130.9170053111731,128.0170332521702,116.15359217548512,117.84077520319265
2025-02-01,123.81938829926786,122.0589985684596,122.96894070904993,121.99842457010433,121.9704692644242,129.84734850131233,137.31392694456088,144.74378570376527,133.98045954058975,126.12775676246514,122.46184561811882,116.62093036848054,112.98654742807966,117.69460792162585,123.09111169476932,139.99880608827817,159.87407586216509,169.77168756009286,163.25020871999635,150.79005176776516,136.04364914221952,131.55908619150506,123.32940333864764,117.46120771515449
2025-02-02,122.25154226526944,119.14219684551082,117.53679940852398,115.36850450680112,112.68422593571093,116.53309691279975,130.0352083303893,126.98975843881931,122.69057647875294,118.62504213108701,117.56305865422394,108.33802482842886,104.27883193589213,115.3700292311654,127.97416279215741,144.31775044150984,164.89375509110315,176.4853122824618,170.17901870225285,158.51613307510735,147.3344088054334,139.68187902112035,128.46898516022625,127.98804820681163
2025-02-03,126.46545023372511,124.73564615735934,124.80509930941518,127.6088886905965,141.0572896143376,167.40865996389837,186.37909840816462,186.45851390126785,174.5045711176149,156.49120519189813,147.56510321053932,138.51006926847828,138.86314156451502,141.7650089798398,154.35224482761248,166.3441715485083,185.36947247096018,200.1886486350564,192.28783862859103,169.32756867396677,151.87999161562402,149.72200330114416,132.67739298837995,130.3603212266103
2025-02-04,126.54254140711983,123.22826174295334,123.06239825850622,125.83832170232364,131.27467215108712,157.4531730154818,185.53983031387327,193.2570542767078,174.0348850188728,155.43628476408531,143.3930117911973,136.28058981353922,134.97840613774247,137.0554098503371,148.85000252414298,160.8618307392878,181.40298819403938,190.89944633144302,173.63857305472757,151.45702909364002,131.04264600672784,122.47892540394744,111.35808172080762,109.84261529238181
2025-02-05,112.10671928565381,109.33998456556404,111.49986845547336,112.69559908570106,124.72602656626896,154.40035543741683,182.76726049717468,192.36651926359917,171.5640336284144,158.29841497455422,151.2978690112213,150.5863102099093,153.03070367670026,156.11919918174672,168.86891016402618,182.95505458593573,203.18601645345703,213.44119253306513,200.0991742845285,176.863488663552,155.09628077122483,150.01223889600908,138.48555350740844,139.41667593732038
2025-02-06,131.97108910575872,129.24217242011082,127.88765252203467,129.4690300961498,135.55361341054933,164.49846188230214,192.4732601366481,208.0665581360954,189.74932121972756,172.70951107004174,163.92309389808221,155.57703227435564,149.73884545665277,153.9783914656586,161.07388880895112,164.03036397367634,178.77700279753847,179.2127074133708,163.99131018734883,142.68067957612,126.73725295891253,119.89328593663883,108.42876343073797,106.38305102675153
2025-02-07,90.51197049229992,88.21770150085759,85.76288113597417,87.50411958178543,96.99251545600137,117.22183160431504,133.4666853127225,139.12845338418836,125.12903268708989,114.12918887526172,103.16056234849964,94.56068010680386,89.22136400649353,91.19674620758724,97.18326402552495,109.20286189254075,121.42635285242125,129.976688711017,115.3116970937745,103.37771518866116,93.9096176612083,86.90779501634555,83.76731524140153,79.16185280085276
2025-02-08,77.07818575456494,75.1927621840861,77.76965740821115,83.28665091749886,84.2436620770986,90.2999895458964,97.77585351253232,103.61955539277945,97.01955581891123,85.64819258372692,81.57822168001152,76.15132460091272,69.61031213780011,78.50715599248964,92.48679580036763,115.99462756665126,144.26991000177532,153.93021933518088,147.0097200226146,136.76017346184491,128.4764795042413,124.50115828203018,116.36579598532838,112.28935722958984
2025-02-09,118.59655326904235,117.87136465139739,112.81240729473024,113.64234355584496,112.06807348542873,113.6175153057424,125.68761202644475,124.86785179230621,119.57244748917464,110.72425838639793,104.49871286155388,94.80710201259174,87.76703565385756,93.39395649828356,109.1288374813634,128.54102548177127,152.34159662138677,157.53901125722945,148.93216312953064,136.6608816500353,131.85200699408,124.45173446805619,112.43976743732765,107.3950227907214
2025-02-10,96.48740768830243,92.31895267690166,89.12280754743935,94.65595898314928,110.08828016419326,133.15336858799714,155.40634801219048,160.55489669983237,146.20975465216904,132.24695146382854,120.31373840525498,109.98620397283794,108.0821950652614,108.41571830754012,113.6010770706092,124.81286842680092,133.04934781518628,142.10881732963003,131.20362026300785,111.17191392878813,101.16926843492875,96.88737955191537,84.53663693777538,76.10431340415528
2025-02-11,52.919873161959714,49.2933246866108,52.01809981779735,58.63743742328012,69.95248130447484,97.03531334819348,117.91829513591374,131.25226353918146,120.40042836140088,113.22929852791174,110.26874637366532,104.17186505143506,106.08843826436332,113.31313327848571,117.42567320871373,127.69625473860457,146.28239990070495,153.57405552633224,145.55008415207269,129.21274475270093,115.92447622192262,111.08209770254749,100.72116206143097,100.90292087302663
2025-02-12,106.803314561497,103.33540296121573,104.96637931282167,107.77016140254614,114.60249694293125,140.93745040752742,167.99361852212823,184.0038856235046,167.39349235713172,151.9343263368664,146.40745944939476,143.84249470625468,145.96595529209583,150.58376411580693,156.95655068472703,167.55206445889777,183.76469606583487,184.48724289471298,175.80926543706371,153.47212078545653,143.10673827354714,137.9334573547768,123.04988000489301,125.21363314946575
2025-02-13,129.40783783909495,126.8585867847906,125.54204024443013,127.60213553664876,133.66374466301372,160.20460680535516,189.49825823227914,205.04726076987535,186.03258846825221,170.2354045080075,164.78633991110573,153.87849154259268,151.82554468995897,156.52022635023948,164.67856552589683,169.63778760232955,184.27828167266705,190.57265238088306,179.63170097372895,161.38566026094426,146.71489739055036,140.92137166820697,125.42252954556193,122.39571347836889
2025-02-14,137.35662443015167,133.7695496935409,133.37911383252916,135.86067935051005,145.8907406204901,173.87993783975418,207.12730795601388,223.7439887949717,208.00126194720676,194.28164498353485,185.77405772384674,178.69528949089363,174.6813293097487,176.78083888410586,191.01238898852938,199.60733309453568,220.37719572629598,224.86692400594305,211.22046767087596,191.0529313506994,171.79275870487427,164.97139953706645,153.84945339100392,153.62182210024253
2025-02-15,145.56366935261153,142.90573556195716,141.01828533529886,140.15264643780097,143.81548918249456,152.45019188108583,169.9295447496499,175.18839273765334,165.12524809383513,156.50152578715793,152.38442464115556,143.53667548036583,137.55408019454745,140.63107746636484,152.0038776570701,167.88845552878598,194.50157195031977,200.17149195474616,190.08522327914508,172.31630473320848,155.5518037963574,149.6083049747711,139.0418448754814,133.48702169149132
2025-02-16,123.88467053765348,120.28241898905374,117.31590119595417,114.99061832064469,110.9084679879322,113.91178445521359,127.82558901118226,127.17678961742371,123.44243424628507,121.10286428528292,124.31822127498995,115.4044048274353,110.44448184314425,117.78120330985936,128.29668621003805,145.55421224669317,164.1987552901608,178.63648642643534,174.0368699603574,159.63415729031712,149.02747091887412,142.55373485877612,129.8798427375818,125.2261407033096
2025-02-17,134.6481066449217,131.0925750905464,129.12315651538555,133.34879661067092,147.40193388066015,184.92508404731626,222.2396737264527,223.5197511325079,202.3786688745841,178.6168664211534,167.007477309625,159.93755903866838,162.5508851857422,165.53144157531307,181.49883267810222,199.33149059973516,221.08727135759744,242.3411399982905,231.47674259356612,200.4651419730126,180.27112469025,171.25639691007143,153.4685538231258,152.1146906768408
2025-02-18,135.1198521034389,132.5939479604363,134.15500874691188,133.79896526219468,142.79761635044264,171.19245707704903,197.81489881292504,202.76283925788667,170.51902045408806,144.05857511820108,132.2520180013601,122.790082015409,123.89255407650202,127.20449648199197,143.50642457805833,161.56753870704728,182.79904137740272,191.26281415466988,178.10184202416815,154.6050570395097,136.55190784686843,127.29256437151926,116.3489043550346,119.03540566194907
2025-02-19,98.70426803043847,98.28866244426264,99.38124034835158,102.6888258504321,111.19330030616405,136.91101971321675,156.62029297754054,154.32356184356908,125.37746750517182,106.96777046880166,94.41377906632341,83.77675678450835,85.4220666613982,91.31231054137369,101.12275510496038,118.22227356557042,139.59524385880187,154.7795239919492,142.213144250055,123.89656588067052,107.88242869332886,103.68701911860988,95.20055270171274,95.97248083425215
2025-02-20,83.46325684976743,81.91668015211576,83.21450566471877,88.62656564188835,96.41243497500014,121.50638308026225,137.96826030132092,146.031226925026,130.93505057257946,112.53702703492885,103.75945940650169,95.00687483087933,96.04315555357226,100.48995472976378,108.71891785467766,121.81517203099827,141.21467557475427,143.00181649156184,136.41875933511824,115.08357428305193,109.56652904895917,107.61616497423437,91.70679285642282,93.09637019476438
2025-02-21,81.16224551927836,77.69952726491314,78.41669892364011,81.70963191888224,92.90364703956048,113.53690747608444,130.67017370325874,140.3881351583979,129.6077728911505,113.8812181540942,102.72785772671988,95.08672061343037,91.40182113190389,92.97024810704724,96.95945773231307,108.09753479151235,121.30682415558066,116.57110420874939,107.38156759173425,90.41052773853538,84.44304318824871,84.99823605915503,76.44030415451586,75.14630519663483
2025-02-22,52.54681715483194,48.77488937251616,48.56583650362589,52.63029470784433,52.601965760717334,54.783487493027195,62.221141419811815,70.74491140294516,63.76605866487448,56.46847204286642,53.3213044205328,50.348630371689936,49.21381989264637,55.108973079904544,66.27400826667262,80.05640855990524,101.48572130923307,105.45178459511429,97.36398937940832,87.47936901615348,82.97473456507258,81.83203024404706,75.05451133098613,72.6493828324404
2025-02-23,74.70571638495647,74.59784348534768,70.97301372949974,72.63551101546574,74.32106789834378,74.83022904750192,88.53014144480434,89.97089700709267,88.76892640487992,84.73714438916977,78.37490481980579,74.03197354325494,67.85564652392736,71.59720731833389,84.55793155443521,97.27220465237198,117.20296714350451,121.59750603325503,111.47466204069443,98.638217206066,95.80317292982949,91.95500439317192,79.5788871830936,78.71715556660706
2025-02-24,65.53732325458984,61.460762580070465,57.59328850208203,61.262298295886666,78.11535314949973,98.75573185261663,115.43874619040002,115.75735214219777,100.10594821841072,87.16117246727256,77.10753298051743,69.01681382883345,71.34181055198759,76.01054326844817,83.86997297383652,100.79495187404198,118.28217584276717,131.7679832251735,122.52274700481055,107.03549201702884,101.52457790918794,98.16839551409863,90.51372720197969,80.50868515409135
2025-02-25,96.04641554372253,94.08249962097636,97.45683855587241,100.80181263889642,111.19093686994674,136.61810264373682,157.35913053749772,164.56843320582723,148.07381649744312,133.93979993624865,132.81766666267632,128.07615931343182,132.23054031490784,136.8284953544366,145.71341335233993,155.8308376156315,176.60870231196355,184.8800544005149,174.22323627948953,153.05957246533544,143.1962516338692,133.38798515498203,116.01865038797519,117.83653353384906
2025-02-26,115.70343649087097,114.25496787021885,109.93406085869043,109.91168837894449,118.5620114954357,144.46693247009597,169.1471409630901,179.7936165433011,159.83741741054735,140.0164468802032,132.05919050551063,124.65179673703584,124.68830810776515,125.20268346605187,136.41898765676774,146.54146502281327,166.7092421368561,174.51112061004488,161.80683705384243,140.13123020873735,124.9467719743854,117.80750397297842,106.70960383393574,103.01553299857531
2025-02-27,100.66345047203103,98.9364241589533,97.66294053746905,98.80873280062846,105.69376823471654,127.61523293718022,146.58405522803162,158.0988921970508,143.01185767008099,128.76959144707033,123.40766799497388,119.17390708014086,120.98028457131615,125.02558525636792,138.1533886178315,145.79134641610563,165.1241304337534,170.6525951652283,163.1660185840184,146.12976657847406,128.67942170000293,124.24718620394849,112.28410206726076,111.6491613977191
2025-02-28,111.85726169118725,110.87580722539334,110.28335155107239,112.1365189178552,116.44030760790831,140.82948626428922,164.48876155376237,176.4382478722541,162.1977637605032,148.05371602787403,139.1907556878495,129.70412276856916,130.03797529089715,131.43442744156633,143.65480653136507,157.26686804795378,172.03633093571602,181.02003864679955,167.54266930035237,146.82375817790367,136.46572871370435,132.0064286736683,122.6405585484639,122.17966581777303
2025-03-01,111.47586027551708,110.52418844185303,108.89677902861125,106.27721468735689,105.26458983424233,107.9317783834113,119.88388687520653,124.0203271751979,118.6815308311066,113.69175734539263,109.3377831128755,102.1034324805889,98.61109275192891,99.72133365865795,106.57440922922738,118.86264056753318,136.592517537628,140.4852021921316,135.61304700575613,124.6321661725269,113.5895508724848,111.07245801117355,101.68256984859754,100.7102129844474
2025-03-02,104.65299172532664,102.02190779522425,98.02062571652871,97.14350659529103,94.3845483801417,92.58184546027596,96.08156198975958,92.32067812441076,81.82907575073077,74.36892533740726,70.47371681986091,60.99068085624236,57.45941302239417,62.69664815001555,77.7918785291008,96.3764935521194,120.06024405767334,134.43968562550538,132.84868434435288,122.88498893126804,113.72504943641641,108.30622702633968,100.38811345114283,95.63775543965139
2025-03-03,93.01211977732898,89.08492689356673,89.13602130560294,95.33574990415761,116.0520385600991,138.58938115682244,150.14972433566317,140.0738431556378,115.61641067363348,95.03354191869616,84.00985448807135,79.11919782371143,80.689612730493,84.99853842674355,101.48277115881062,125.34996593980664,149.92235892215058,178.41590892721672,175.63256851652494,151.56756984451326,132.9691300367158,128.37577569191274,117.1148739729903,114.26907306601021
2025-03-04,110.07383009999496,106.97089855179539,110.80330193350242,114.33346559639003,126.34740769865411,146.59133682994369,157.80141880732714,153.80108448534978,121.1028447721464,98.29738696428717,82.1671608153101,72.66895115122858,74.91287678292227,81.08005468828223,95.5941583960357,120.00478415481221,145.45200210231104,163.14832039511626,156.7623669869718,133.66054453459816,125.75180414076539,117.29474558296255,109.18087082450938,105.7678768165263
2025-03-05,87.23783092456861,85.96074013781052,87.3404632616205,90.17297060528645,99.83859017282738,117.01059129941629,125.01666555372802,113.29459774783616,82.00815267988148,63.39098318252039,46.579030943821266,37.2416958926176,41.84814556430784,48.70440761724606,63.8885056476619,90.9293600055677,123.88830885794977,147.59041062930515,146.21866620728278,127.2376283339543,117.04089348158675,111.880239258056,104.61665028401302,96.59799796007236
2025-03-06,84.68102643616885,83.11896337426016,86.74267235461511,90.25255962224654,100.10181910470811,117.80292300499082,128.13003013581456,113.81768287475863,84.93566981616942,66.2808992442427,52.54760638698161,46.526899618287075,49.64500379776558,56.450406888460975,71.96802430949597,98.51842264214041,131.03222704156812,149.25574594435705,146.80592601472466,122.66474532440768,111.54399291009688,106.56328627952263,95.89493576261209,92.68385317945875
2025-03-07,90.05115825468744,88.5265546386886,92.6624191900189,97.4521970812935,107.91613426491791,125.11729622480686,136.36527172785014,119.50703311286647,92.67359150437788,76.93218570559903,67.86762089583797,59.90125634856423,61.42844098932957,68.7536617143534,85.09305017422317,114.11002072817006,141.73858861365056,164.43244686928816,161.93222342988716,140.76062479421012,129.71584684692994,124.68184741517845,118.90886023160004,114.29669974759139
2025-03-08,110.97882241354203,108.74374439097147,108.10305944413318,112.05344653057637,112.16251783311218,118.0270609021397,117.90756002538234,103.17557245468814,80.26445727464717,61.90761010516077,51.35588494590611,41.549782268631745,40.01940289588249,45.538082401868735,65.27954810208793,90.45938685641698,119.3332710627827,137.02199027079223,136.57911680428288,116.90310272362184,105.23112125615452,96.19600356606014,90.42756990308304,86.15207271422491
2025-03-09,87.0988527884808,85.55322275364357,83.9397970941789,87.93487939877168,88.54074925933185,88.8644596136423,82.96588320906359,67.9555033801911,47.084166507691876,35.074266834304524,28.819420781611967,18.069466044101475,15.06001981955454,23.78501989486753,43.1906034846084,76.33195315153259,113.53462537470807,139.32528786108065,145.84581286136063,129.7900934800632,117.74806967042375,111.20115773301808,105.18309648998397,105.43349152327447
2025-03-10,105.99881943262889,106.01712457592303,105.6749267147557,112.81722181519956,133.0983824594495,155.26122591623948,160.8389747536203,144.7633560393578,119.78076908031233,104.68574252020312,97.55530829894926,90.2479644399996,90.37640431218091,96.83661324324888,105.99219534102699,125.11627799421572,144.66851404155958,181.75334210775605,183.32216488681823,151.99033127343313,130.12116678492168,120.29996406554618,116.3297539592364,112.3225304440969
2025-03-11,102.9476710743493,102.16249059822866,102.21503599938347,107.38620637117066,116.19620835389499,138.30774713817019,150.6732579516698,144.5942780302001,119.33951788559725,102.19478786007781,93.96922358463067,86.50918702097196,88.33487546513544,91.17954055082313,102.50710940981,121.92054093845852,143.52402400774895,166.19943193137087,163.44400781068373,139.34599238323634,122.33985239816694,114.36438024279283,108.69127507309835,103.75430315484112
2025-03-12,103.55486630478117,103.22238335886868,101.92956582153613,105.56111019133785,112.86622336899592,136.18526757107037,150.75882122553526,149.8945802443419,129.33644181264805,114.69980144079774,109.03558792126631,102.8863826965322,103.24831222530995,107.10889920172315,113.31717193656198,129.88893376895388,151.28858449389617,166.37004202184423,164.11795097832638,143.15685364513007,124.00106504060281,118.14455330138517,112.5199011056312,105.44232089885726
2025-03-13,105.15159485732778,104.15062287870376,103.2426366911084,105.94660091810235,112.07324109363086,134.56712425117283,149.30699201704095,148.70358352328736,130.33426842358625,115.41367354014781,110.82193766086152,102.91502615279728,103.04765039002326,106.2768876803688,115.85174884431507,127.41750256800633,147.9839754859555,160.5075947932468,154.27662076461087,138.58440442847922,120.69471813362019,115.71986730191895,106.4794131433361,103.88779582216824
2025-03-14,101.50947702392307,100.46168896230904,100.89955899037935,104.46293410158833,112.90736859130959,134.55404162557272,148.44643141739397,151.23079733412322,133.6297369514379,120.45691472050888,114.76632426202394,105.59788082807583,102.75543269179734,106.26372375092022,109.8686861791015,123.35679138062437,137.2248681329957,146.64173183116264,137.15035025240076,124.14021906484193,112.26024034916195,106.37486546216664,100.9950336767509,97.29056113716756
2025-03-15,101.68291918781671,97.95834939858656,97.37848763247419,96.97097310545038,93.7166934310277,99.4956406715487,104.11838960182706,103.92847753275386,89.90278585391535,79.72504900545086,77.49330154331781,68.24223531176379,65.18600493189557,68.73742135654574,78.04696981192055,96.54681456098619,116.33510266612225,128.8006883723204,124.98682830422749,113.76239261708021,105.54020803964117,100.94574049468744,93.19181564521878,89.10360806445797
2025-03-16,90.49113223958861,86.35704879674793,81.62484373501326,82.15922320783977,78.7767279731777,75.52984738627555,74.81016843007122,68.66193320083651,54.47098132397775,43.532079218006245,39.24244166107226,28.0070350971001,22.94221909670634,25.621214228542286,39.25800394552144,64.83869687560141,92.31530744208955,106.1991930357059,107.3022725933795,97.50223802850006,93.51678093116155,87.21097676766445,78.67967096745198,74.61748525452579
2025-03-17,72.5109307807927,70.55927816029329,69.89360444938896,80.95737141497915,96.24452265875655,119.13924304980503,130.98807277290118,122.13333124762084,99.91937741788149,86.69419517291709,78.56750225705707,73.75121742644421,78.53927355733093,84.22065570041579,97.92989435389136,118.69450146967893,138.92079199050107,167.28085186183253,160.45140092337778,135.67453030269195,122.44843415042543,114.76695029479043,107.67933679432134,105.70922523253296
2025-03-18,97.95624857708461,94.79440271542626,96.22360713010643,101.080423626129,108.74716173561944,128.4404359115233,137.05767520016587,122.63518972058593,90.32640637826964,71.24748147749715,61.37467445205209,53.43367264556338,58.370002637061916,61.99736422276588,79.18390884114852,107.01606441358113,136.8617360521103,161.08704124623102,158.8127811712564,133.94437453754978,120.74528135378304,113.5330581914645,104.48883017538739,99.81496487491016
2025-03-19,94.08836301302199,95.20346548893613,96.21910477108179,101.8221871494347,112.9815100923161,134.7580914304388,141.25282487348113,120.68649293731661,86.1006240727912,71.37578200966354,59.54728719555601,55.66008339753701,59.92410782063152,63.285931764858816,79.17054991556535,106.40712833279406,139.1472601475562,163.85842282024421,164.76309893194116,141.0866886603465,125.59489765263686,118.1045123690046,107.91607758898965,106.28349268504749
2025-03-20,102.56530151411121,101.8170718175062,101.67205870756769,107.8423588789476,117.7756093796339,137.53806845266007,139.0902096955367,117.10038601079894,84.6498210335696,68.60299325750195,58.488776257433116,53.664631711103695,56.522203067256854,61.75377895877048,82.94779844371418,114.32018454160384,143.32308826800684,171.7155109811313,171.87034520102353,152.783956754255,135.4915802825786,126.91010725065563,117.02170686455563,115.09073034104046
2025-03-21,115.86312371096258,112.55352506958002,110.91415576837586,115.05058136182254,124.1740875355491,141.9422819828215,142.24900364184376,119.02694112280469,89.84024132231455,66.2011291144078,45.733802896057014,29.68177284195353,24.27150306854874,27.04044930079432,45.402545413541915,74.88594137384649,99.47247546134544,116.53204431572449,113.5777007913557,93.97542897317867,83.42720725948674,74.13734617909249,69.71101659066423,63.122614947451595
2025-03-22,26.61774026413036,23.556279258368008,25.018761148113796,30.272911530972777,37.457359815165105,48.07903409657534,51.22714446240778,40.89950909911201,25.364784151291417,3.460147074748761,-8.808825540675826,-18.335432601067055,-22.77159784756489,-13.501927884123859,6.712118171258112,36.074286295790614,74.28640107205604,90.1610591563612,93.87422689102765,77.29638569471864,71.37384486217464,65.54062009598847,58.68853828526626,56.85093966207876
2025-03-23,31.664392470185348,32.59019662751764,33.220701441041726,40.504988627318596,53.522178978960596,58.96748938700827,58.896042546536705,50.03119155843942,46.33599568090426,39.15438111865045,33.79632951343625,32.31643773292883,26.551555393374073,29.77770298213038,44.07526754843428,70.34291684893596,106.46287010706702,130.30952134692927,131.98783191795957,114.13426622821024,107.22884947908652,101.32946298570349,90.4186251258439,90.05603813478811
2025-03-24,91.7563030154677,92.10689271528156,89.52281796428043,93.67955609714768,110.15026421722865,132.147530503911,138.35255816022146,124.71749887319451,107.06998337863628,95.02132278464516,90.92274174335259,82.44032587147399,79.21690378600286,88.26170715959707,93.59203615893676,113.42445218195031,132.89699310085825,161.8587036371751,157.04348716726682,133.9932048234254,116.19131687444947,107.63429139338481,101.48913502808908,97.35898528648079
2025-03-25,100.26156812748893,95.91045466710317,95.5939493120621,98.73825810686111,107.59505905609308,125.42257284308575,128.4319820727249,123.60451018702649,103.01721450456691,85.40644801363038,80.20875327645996,71.00562940024065,69.71966365160395,73.15347054564222,81.40075517476157,96.9646473304037,119.14762725942369,139.02112304888954,142.37537401503442,126.21110257588767,112.0648102326831,101.10374051493119,92.46047919493944,84.83269605543069
2025-03-26,91.16870860512033,90.72538482022256,91.5203524508425,95.02440774011981,103.15134972824355,125.96041156340922,132.42266198964256,126.35767268699745,103.79216994075698,92.94198239418476,85.71486438866951,83.1367632368493,85.14280075255586,88.53857239889501,93.20171238749828,107.8883014792761,131.14083015004562,152.66921099464412,159.737270176455,142.70925547889536,125.83457352104531,116.53453499597262,110.27439653001167,105.93193605427408
2025-03-27,105.30018776126141,104.0567509111652,102.4858575278926,107.61935570897501,117.16992247335384,134.67504489140532,136.10022406074404,126.09902865610242,100.84629858671245,84.42265050011946,75.76717921141413,69.02560024576746,68.38134350649388,72.00753495718217,82.95578120394576,103.79094959314544,129.24589706192413,155.28347580362663,161.3224861113946,143.60635154703857,126.05929984663209,117.5862350177366,109.37760665928303,101.9965522717622
2025-03-28,95.37107398113264,92.82336927757419,94.49852413075273,99.18098822628642,107.77187534379016,125.57215851844106,124.25015102157548,107.42802439767625,82.86601166543602,65.27225028674408,56.889325830952146,50.20551860856821,51.44757982825897,58.94091807924285,77.48319358523463,105.52089924349977,134.376223232675,164.38557946621566,166.89658938330075,144.42869319906498,129.6667004148274,123.60517421508794,114.45366047159189,111.14276578763848
2025-03-29,101.463720073454,100.24002931457606,99.0650939078056,97.99037329929895,98.39453135929243,102.70443948075471,100.99788612422932,92.84319666659606,80.49312397412162,69.37195525320654,57.7900646581661,52.69950772505827,50.30249448596699,53.666366525786046,61.82981186393371,89.51174837336858,107.5265538442842,123.66479820609901,123.07974879059826,109.76138991352231,97.168869299174,95.4324570399768,86.51181533477087,83.52112000935786
2025-03-30,44.46590080887397,38.72229797865819,34.67206999280009,36.0215378825245,35.88018983391704,32.365083311495084,32.26203265731516,25.93654490514379,14.405349819735221,0.4366343395925867,-3.824444469723545,-12.361342204382481,-16.855660456752645,-12.471153367428371,0.2253339451046088,24.193658955015223,52.00135979409302,66.88803294602437,75.48154249718004,70.78742165799639,67.98594160937193,61.334626975726366,47.8582356073732,43.63267729807747
2025-03-31,54.3738178972736,54.81594482910501,59.131457763298954,70.64325627140609,97.41278740460757,124.02795038207432,135.40068312195348,122.12176709848441,111.26479165145354,100.37372488435834,92.75312696079497,89.98826838426666,89.6148335725179,91.78809674189802,101.05781958167027,118.68350758324378,142.26752080829635,161.37815298706994,157.23716086998945,137.49765457592352,122.1814383220773,111.46099243398265,101.37868757799308,101.87616355720327
2025-04-01,101.04509160327837,99.13198417913189,100.1041189901995,105.16682198183682,123.0477537325518,141.3710739314814,139.997827641735,117.55896448418025,97.8105312549167,81.83836236005992,69.42626539606519,55.97171887874585,54.64487407974906,54.17464024956074,65.5284356128311,88.13659494921188,112.67928929852536,132.22448615907356,124.98950940118019,106.7529794047609,97.31220073057295,84.80598579123541,77.1217371804357,70.81083763239138
2025-04-02,66.73001372119145,67.54360884510236,69.13093896826898,74.1884019969931,90.11276085128029,107.84191123675288,109.51518180054805,83.30469692783285,60.83977144478328,43.94437987477585,24.575094906837464,13.086416352212424,8.22332809909824,12.78623092056307,23.348952533257517,49.87765599442511,81.70591796220984,100.23176227705508,102.10137764553782,90.31561184725258,81.77835352909386,70.88884339062739,67.09980939187004,60.82849879814883
2025-04-03,60.36183054759397,63.602882235094086,67.72388873275126,79.52244132556737,98.9641114396353,118.3282867077235,115.03607643296252,86.37076318631863,59.87226323014079,43.21092140567116,29.422533424234786,24.706924583884316,24.6287545017166,29.092572017199004,48.080292930843186,82.89863238654237,117.82714190384237,147.0503324533641,148.69271082831193,125.59955057336461,111.31442567869954,99.3948065284468,94.46997042596519,89.98083949658857
2025-04-04,95.04767970456905,96.75424343001569,97.43987780814015,105.33859132752578,126.41643893720396,139.35493457021795,130.79744178709876,95.4492922503458,67.27749009050709,49.5695895093242,37.974126413834796,27.39149623003385,26.172244466764653,31.779528588915838,46.43841021413388,79.0995473862861,109.8738788008528,142.0215691798215,147.9752780810529,122.12604994423751,102.7061238267089,90.99372042652953,92.18315721766857,86.31721195532856
2025-04-05,81.66972085376119,78.54552282335455,77.1046744230749,82.17623616132173,82.12224182036088,84.65745084168265,73.78652917261695,50.84900347264693,26.479751677059227,4.228728685235637,-8.382334753754407,-22.426910613416567,-28.331823150882684,-21.62302354246765,-4.7803072072504165,29.866919156509766,68.1067925652905,86.94577204387045,94.93140537374263,80.50605482376929,75.48309686659344,64.5704751057472,58.60252595841813,57.02563887301689
2025-04-06,53.57880936157298,50.981379985012765,52.80809052631567,59.387145808106155,62.044338890824065,61.488091773864426,52.570700862641274,38.657217460230555,24.247933392572662,15.303652265362985,5.188842394076914,0.93400493973067,-3.123868175158293,4.27033134716001,17.964173995354088,52.174053928955175,86.50516327466089,115.40848416058755,125.32371580545275,109.92750181447285,100.4077048485601,92.13300216075007,85.41524546420246,81.6407488984391
2025-04-07,87.3997306693746,88.16082434788589,91.66592977608346,102.51810830061515,131.44084472778383,148.14326657811378,139.28567908311516,104.3411438238082,79.81738944090135,63.883570686631174,52.56195386685215,45.673723505196364,46.504555613444296,54.13305757195326,72.02908788487507,100.76937433776538,125.91045198768542,172.3632324609554,181.24035373454177,145.60921122818098,121.92853148278212,106.67699978098193,106.1892254973767,102.36212603644017
2025-04-08,97.91929972774176,97.91845750853348,100.44150979532432,110.46023084935166,130.99368571055544,156.24420837556877,145.64378722067315,110.22097671891886,86.52185141433657,72.51766704912463,62.70449226908404,56.29963122715411,59.24905871953263,65.13195444968814,84.14361236271354,110.28700180952822,138.0210424683325,177.9729919267895,181.24185802387842,149.44660353914168,128.3377380339935,111.95272409425735,108.14185798838041,105.25192969710695
2025-04-09,97.54093125107535,98.7024178679945,99.70806686908269,108.11025461156994,124.65678051530516,145.5406490603524,138.4019876113034,107.51217284615561,82.10135139653265,68.57734001135434,56.09945171318314,46.90142176793958,47.56433031536855,53.147206693754796,64.95532585059418,90.79908587559129,114.62235462212523,143.39498559293912,145.1270612565686,120.21865454419255,105.45625376351705,90.40304467100371,86.04235021823143,83.64428369347593
2025-04-10,88.47888265006586,90.78412331044231,92.04910564596798,102.77826618619424,122.49066292735877,141.1953714291549,134.58164320332264,103.8327954055354,77.83161800917084,61.1250064130507,45.11756850839416,35.70684100559886,33.19265847890313,39.0027722813163,51.94122386720433,76.82584565318012,101.43738254926774,122.67984631110868,122.01713816912267,99.20033706003032,86.45380431099504,74.05652093002458,71.83247987573117,65.91634827843035
2025-04-11,51.444070344063675,50.356981693723554,54.83629237236279,63.405337652409855,89.2386644802916,104.9745564358042,94.98077504611719,67.05964995271606,39.09597493042365,18.84142076195633,8.18853990188606,-2.8641379627268577,-2.5089947164300668,5.677297170577219,26.248254396269658,64.43455863112257,102.79111746147565,134.43010980552503,145.4664625378949,131.48897926698976,117.03145864327645,107.64137240942192,105.52412965896366,99.13201967022854
2025-04-12,102.71974582741974,102.32366293402232,100.15847607485969,104.82211161511981,107.3556883729446,107.86930001257504,92.68421639605346,65.7089921800855,40.94146605568102,19.696345429927817,7.136957322214585,1.6287800787836773,-2.876717942556269,1.2952252061628826,22.56261371499062,59.1490629462603,93.83607020685062,123.61313913462334,125.94031473423134,104.44553504541521,89.70536329722786,79.52824540411054,74.31576233051938,68.89848317149854
2025-04-13,40.04605126293828,37.786983561248874,38.80424385987088,42.424909581681135,45.428009181990035,42.82145856674211,29.30407344899669,12.157332064002361,-7.4065494126938916,-20.761263959912014,-25.197396000451477,-33.716297101638816,-35.28677889901445,-26.556418065772903,-13.261254413354322,27.978622288871605,73.5521362242491,103.57086851947183,124.83771365943137,112.15383162393852,107.06854666896676,94.26948491327987,89.26355538348666,85.73653046035649
2025-04-14,87.0029637024487,88.62311456598017,90.64368754651605,100.17657551994449,131.0206705110043,150.59999796165283,139.3431616143596,110.03207134204636,87.59282507388988,73.77702440976304,62.28151625687079,56.16467151695339,53.284579966199274,63.28033931255658,75.5949702896095,99.73508259486746,119.49117083751207,154.04330934835025,159.37478653443424,124.07600363267439,99.19356349900265,84.37542096222377,80.25907096981206,73.59388752127907
2025-04-15,64.54787458859626,59.41326121689981,62.231036060250716,70.39700719381678,92.21473945444616,108.54905201078063,99.36826702689642,77.76207315556248,57.867246787101095,43.042016100308885,36.281287258383614,24.523311548519786,25.730776116595777,31.119502623373663,49.808637470045056,78.06820694560072,108.45726905894401,136.7561143458715,138.9676569340742,122.79362592623664,111.06154365269379,97.32774147951824,93.5898152369525,88.85358126958323
2025-04-16,83.38568665220058,87.2538560543482,87.71596969981402,97.73915484301781,116.37239857787463,138.7728107056173,133.31748671807657,99.88092265753652,77.65776797001216,66.9702493438929,53.89914563832161,50.883249403110725,52.65371044456316,55.78656738578445,66.25872408225118,89.6758653478005,114.0045084289007,140.97393321878985,137.66243180250171,115.78229853002179,97.02961722730217,83.73892388755961,77.63427692010127,75.4951982979277
2025-04-17,76.37151877907989,76.31865595566184,77.64217574381901,87.11828528162533,102.1220765927331,120.89749108901322,116.25258109710656,94.17572666653591,77.45390547600873,66.12106300871345,55.024823054987536,47.10027281024131,46.193810897375286,49.86105605684767,62.74623534193792,80.11260211512636,98.59228793534606,118.27030114453048,110.96431815160487,92.58340267570357,84.2196243257949,72.8864664018809,68.1749467226091,63.58687072184084
2025-04-18,80.0715312639569,78.28826112789466,81.26881484083788,80.91502821899826,87.58045825361938,94.77844586838718,93.44274990090487,87.71189096134961,82.3566898262724,78.39099175083399,71.96838876223863,67.13582584748286,61.12589368023316,67.88329799697516,80.57846605623037,94.10529450236368,110.84267993368961,128.0721668251437,135.4792100281171,120.71947379152076,112.65834013301497,107.3944390322012,103.81295196490771,101.06887688360466
2025-04-19,90.2629421278913,87.36478018857974,87.20873410005407,89.1498210683508,97.9704545852982,100.97974463378974,91.19820401896149,77.359020831165,58.87084803145635,45.3710987578084,39.49567010637527,32.30481184714961,29.512686799303168,34.104697237096204,47.093775363670574,72.04019914564307,98.0773199531707,118.88942290744384,127.16725216410137,117.57840047570093,102.36438786966252,94.18886974571663,92.37999146935603,88.96373315130198
2025-04-20,87.33687290691047,82.00124317080709,82.46705813145724,81.48009817180979,78.43729915811159,72.51571883869293,60.21191899788546,45.52593547309999,26.212084670392585,15.454079170095412,8.432494883091096,4.063869092810535,1.797197640891369,6.750974943149856,24.61325093473053,61.597929574563935,92.20295675532383,114.31371840156173,123.67600942342708,116.15446225972916,106.1022439136097,95.744978979692,90.32695783389676,86.32212717945036
2025-04-21,88.09646203374962,86.49206202968648,88.8577570823175,92.7532909920342,105.20283092546752,113.02855706632455,97.49553050251578,75.57993279543703,59.86398212822037,49.110067275153554,43.40503874599452,35.541692667207116,34.946039581210314,43.04070782019075,60.330906370378955,87.827745588937,113.33802626598577,143.10931647481908,161.51796136458503,131.76711370954985,114.3478044383052,100.21200321418425,95.53044596209921,91.516053374998
2025-04-22,91.51883915924,90.28876069685055,92.48490602722313,99.17044330641693,123.38216090361273,139.26909892312003,130.18678551068766,110.94595206613263,94.49001839621451,85.66659671554939,78.06292268942676,70.02631881232784,72.2951669575814,78.36728778861132,85.28900182095956,102.04475450472432,124.30364601371,160.46011113999506,169.91801672598123,140.476180780031,122.24396828741999,109.95604431806358,107.46786120964205,103.30343032442084
2025-04-23,96.21968206999532,95.98749827831948,98.07118603206422,105.83609930324239,127.57267751314487,147.65817596988683,139.1607584706599,115.46780874750094,95.75107315557894,85.78277813930124,80.69219095591788,74.96302395172167,76.6899229085796,80.04344179795301,89.96465585534709,104.99346651321827,123.50882426053933,153.3507598156874,154.63561682649794,128.80262337113632,110.61801217078627,97.78722630383517,94.09047378863016,88.7009235585739
2025-04-24,86.48628240811414,86.18106636117965,88.10326897307976,95.43645856677033,111.82085977153403,129.20800799245626,130.45937487970687,117.59978143251014,107.03109167721311,100.43921620999278,96.2045208616072,91.50209198404212,90.48501504595797,92.49844022442662,99.7805445122795,106.51089209065609,118.67367317470013,137.6861383640421,131.46042548537665,116.02419623757127,106.2328627151971,94.39367011550914,90.5339868031653,86.44181680357755
2025-04-25,89.57038227225968,86.54771097695274,88.093078941268,92.8700922396004,111.50110381343558,123.32453160468057,124.20987322231319,117.99628727032362,103.6784373285506,98.26781315419595,93.84991322005145,84.91566605155188,81.19955655341369,83.19359355587261,87.99794365467316,103.05814797818242,120.23031266474194,135.5885646365565,128.24918778151857,118.46444277049206,109.53758062951188,100.7829213109828,99.74587320782571,94.49809611394626
2025-04-26,79.8389823706814,77.02081907568522,74.77147918780584,75.59326054752407,75.91365153071315,75.97245695040452,67.41702180789586,56.09095656078209,32.63311008567899,14.309603640124323,6.6641217979704095,-3.3769026385504617,-6.389171814288659,-1.4941722818768142,16.327371285477227,42.83138018822498,73.65567670132461,87.92405381620355,91.50816121740604,80.94701261273335,74.07878158945002,64.62522711380777,58.19367371304786,53.855069049734084
2025-04-27,55.51224615160244,52.748988388003326,53.165366873495884,56.15529565202455,56.697973187164095,53.60505525707636,42.241584096885106,24.64341138723745,7.540701059432706,-4.643585532995701,-9.73733672857756,-21.91474276988805,-22.409981321394184,-9.916135841401115,5.326567550052516,45.64480876348733,90.00028178723652,116.52448276933276,126.6481948246859,118.49892506643393,113.46217091862532,103.60621708491026,97.07443016355282,92.68078774066709
2025-04-28,88.50841939031761,90.40872728810466,90.60698899790228,103.48260392937209,129.9751520419184,142.93981178981716,123.76512375572194,100.07570983629563,77.2888760680735,62.19985631127568,51.74644699174084,46.597205995804984,45.24543699555099,55.13661854045088,65.96674608097703,96.41053842770395,121.19504772987312,162.40952293706692,171.49757186449662,145.34301845817805,117.20636767670423,107.17169261722572,103.74309892604356,96.67215412676791
2025-04-29,87.6204553826887,87.93063881550194,89.9380009966568,98.99619780590893,124.85612435485626,138.5558940718954,120.2570675937911,89.44242807616806,69.68067001993634,54.83707160177963,42.66476382961373,35.87164978246203,37.18374848885881,43.0918633075578,65.16274014850015,91.34774253065166,117.39417220632113,155.90419795215223,172.2101372330385,139.3888267888807,118.63565575775525,103.026851639847,100.59972526288101,96.18739119438754
2025-04-30,87.19023519398827,89.20705683633827,91.23781690183428,102.20117711997253,123.67018738631546,137.13144728316075,121.3163187290598,86.89806846753527,63.89983792929385,49.75076125459688,37.777350072818535,32.84488531676743,34.4626634798644,39.66214466032899,61.118727593283296,87.18138313727138,117.39400956687311,153.68232203710068,171.51866641368878,145.25517957726467,121.74448935528804,108.51975180491701,105.15911708447341,101.66029466117283
2025-05-01,90.93711535379006,90.59351000431997,93.36901045322014,98.34616682137519,98.09732147393609,100.01545113533129,85.07074897504422,64.36395354645889,47.16382495856459,31.15681486141652,20.69622362747357,10.00041445563059,9.027135259742295,17.69146604444829,45.60118786516931,70.98152158442092,103.09549076516345,132.4479385973154,147.84832826278634,127.42863711218416,112.63165149460298,97.93931936618817,92.3625168401436,85.50214229657588
2025-05-02,65.14062253338258,62.06679806590222,66.92804313284024,76.25205618259788,97.64658249044768,104.01755904011422,84.41183244513387,63.59941349746096,46.07312622046625,27.10035138648557,18.09659124133934,10.046155901539734,9.384126442494917,19.28678593737395,37.3907968217879,64.10143293898874,90.8560612481224,123.51391971218818,151.27533983584283,122.90081947574669,107.46550350783603,93.53425967016636,91.55121736586261,87.18581300464922
2025-05-03,86.12497649925407,83.70130319540112,83.69742387084182,86.54429376577448,86.95545211197437,83.87382287987359,65.94705169815987,45.11432463963209,22.00740978930213,3.019860652625141,-4.1579235303583175,-12.88193294364288,-16.647561021964435,-9.90403623743822,6.1163466935842905,36.830821925279935,66.36092010134593,89.677399480498,97.59724389507532,81.55162449872506,68.72723401006314,60.591705908590825,57.259067828636034,53.563304021232966
2025-05-04,39.78252649811334,35.012873311666056,36.2114817533776,40.009335979041964,41.76118249430789,40.014064463993634,26.369851918509937,10.570064084314879,0.3810176381637689,-8.044363446982885,-11.585242343871187,-20.954551313630787,-22.00678464046834,-12.301893692671626,-1.056160155615828,31.372648270624865,73.03353393302433,96.65376208562765,108.5601471748216,98.00222038995727,94.33013856952148,84.32062077894685,78.15785603261835,74.71874047290439
2025-05-05,66.95650185392839,65.97464291004543,67.03807676259973,74.7880573219806,102.56441101116843,118.69075281200861,104.90005469220233,82.91537894280813,68.00574966637556,56.41453204517549,50.298891178396445,44.32646826016534,41.02977896793007,48.53392596868463,57.92275668491477,77.76557992031746,97.06047404386956,131.27919860425516,146.67076203349234,120.72895827998187,97.25990824552895,85.59099285879773,81.13548448129276,74.88207775317113
2025-05-06,76.01106146301558,73.93546718388225,75.11732884481151,80.78947153356319,100.18081763064602,106.55475582095248,93.52030938335712,73.26063811180867,57.66845279211505,44.21288708802301,36.40206111420271,26.280173246177824,26.1910795074579,31.695581475807046,47.730338139260994,68.13843777953504,89.02903995070508,121.78210680858722,140.30974219441515,117.6198926515661,102.06761039208376,88.8582759811738,83.319247882502,78.00053448706504
2025-05-07,84.25978070276295,86.00655458865461,86.22500272049464,93.98803611994316,111.58396124889715,121.58586394337422,110.84603035195319,88.9545577710395,73.25558240099305,63.10770423227871,53.760966469660985,49.24119139737394,49.619348569027295,54.25663592655266,64.22301600802447,80.82339001465448,98.50202626109242,123.8390490627479,139.26765676302222,118.12583830647228,99.57088576934136,87.54710296421428,82.96455993517498,78.83178477700173
2025-05-08,89.9145095685783,87.4835524853726,86.44591048088293,95.41749959121663,114.1346901488931,121.83193647289752,114.21031282030117,101.38991855399695,81.11593024026917,69.7244114215097,68.19389135387485,59.67518812746093,60.31235280026732,64.11939713201761,71.50687934787234,91.91023261248728,115.70483710889039,142.00498653133997,147.02031943854047,131.21409983587708,115.48994149238928,103.49913268658338,100.57294651327528,90.61050404973051
2025-05-09,88.47316774416336,88.03306890444355,88.93197701740615,94.23003610868568,115.30088361060376,120.87040291013852,106.10121723515536,84.28911009827131,63.540167529637074,49.87606420196917,38.628721255132604,31.1406145921853,31.014662670627672,34.91880076852871,46.137993333678196,70.5167927427032,94.72788939966964,124.20277297567219,144.00419133520694,125.533165496826,108.92024244095212,98.25984466187998,98.5808880750651,93.3001574542653
2025-05-10,94.4659436148848,92.7848079523578,92.58338520424707,93.29692101538465,89.00287493192354,86.43733485949582,70.90546109602599,51.40760298869108,23.261064867994776,3.044937916476698,-4.194917211990742,-12.289041848699071,-14.358729337495589,-8.397872576437805,11.041853011774151,48.03167397005049,87.70290571933677,109.80019751713795,122.69631724288027,113.92207458772378,101.39150396270409,91.51174036679956,86.11761771562738,78.7948167964322
2025-05-11,66.39900253181324,61.72537173009769,60.47619100921273,62.70015927604861,59.28169440981432,52.802393453331234,35.63497142854965,13.811090269302383,-4.914080469967331,-17.81097315908991,-24.05945554422064,-30.07467089727436,-33.409095949135775,-25.3315178477975,-13.612951963142109,26.061346801543948,71.2195651051907,93.71854876794166,104.19200309554178,94.37597786693154,88.20448972971367,78.83493615188257,68.19118786092028,64.30138089523179
2025-05-12,55.147370853212564,52.62647998783778,56.172186977099656,69.90876741834786,99.53093759117387,114.66938801963057,97.1610476623763,69.59833125508406,48.94274853178341,27.675121405836833,14.795883520710461,7.58040987055081,6.141282822747897,15.609825036106812,31.89526346215537,64.29011243342211,95.55148066073268,127.03042286513327,143.19387629628307,114.19713754449533,99.18921929213106,91.32803817470428,83.88620194028242,77.85733656903291
2025-05-13,88.44586798966029,87.54816023400252,90.89049249154246,101.96460362746902,124.78173144369961,137.29561174971846,120.71040265936473,86.80671766031038,63.849409243110344,46.46668939208418,32.33938297175821,22.478829291491493,23.004840764607493,32.12236989284811,55.52907990676731,86.8711141069051,116.53763593186652,158.8043434081581,181.45105204747918,148.78933792173135,126.40791037391904,113.44741094268755,108.13307194023409,103.2158379677353
2025-05-14,94.99508467678139,94.98268910010148,95.10677177311547,106.61567423655035,126.3062477078982,132.8643898105888,114.59372633172558,74.81242934453293,51.47040668172647,28.955725427794192,7.796614606346026,-3.2123395007765225,-4.676577900420568,2.488676185344076,26.609981820087796,60.435277331637536,97.02427956187722,128.1875648983156,154.0274293337944,129.01231405997245,109.0473877193674,97.88429828634342,90.3079021112568,86.19661111204206
2025-05-15,75.74370970855801,74.6886174746898,75.77980095403551,85.51955515009358,106.24842635567158,112.32014951116119,98.65666888662736,63.599775662975034,39.9250242386324,16.510955022965845,-3.519959994510657,-13.350608455601161,-15.758321573570186,-8.687445095251917,15.280448487148988,48.72548088107118,83.88564151264035,114.66654450813925,142.64178744628373,122.4996992797882,107.66307274134525,94.24958090936659,88.19405992672415,81.42680773745025
2025-05-16,81.66474891344907,82.053259419687,83.46734763451956,90.20737648475777,113.11905508221506,118.2139543655397,100.41792273700047,71.1797282673492,48.568267835717705,28.779212992649647,14.0138337448128,5.815166358882905,4.581588683355378,9.314362482632205,24.6894028582729,55.8491984486796,84.1843195262386,115.74297175947703,147.87127606938805,128.74411102415132,109.60044352297251,97.72767667646406,96.76081324910658,89.17422236434248
2025-05-17,79.33995997535206,77.03486538506435,76.70981938870564,78.95036803402901,78.69155622608251,72.5240358323451,50.515389318164154,26.80877130936375,-0.7504340836584333,-20.352819754056554,-26.590119391079867,-34.83388572426074,-36.86646489647981,-30.94916836213966,-15.743163221712564,21.138965399136026,66.96908721113329,97.56363860532653,125.56552585450524,116.70724303659897,103.16258887927091,93.48758609636324,88.39988019444806,80.88053151325748
2025-05-18,82.1249859776787,80.12622894135288,79.5767732219137,84.3777687228627,80.45316367044428,72.53539201642721,49.05197651930433,24.25752154261548,7.689155038685584,-2.3248157684499233,-6.686408110504658,-15.51670308422058,-19.510619069746213,-12.648242553169126,-3.9251677992132556,31.633915880725567,80.88566284604593,109.18136083658366,129.7798743080685,124.84687620235157,116.09184755089494,102.63173582041867,96.50939342693329,88.7727977073444
2025-05-19,87.43950280972747,86.31184891504753,89.58280155452589,100.07235414178629,125.80623575038028,137.83051786613186,118.0225654980897,95.26352716529192,75.56629926563305,66.90677063046739,55.58476334470785,45.98279288390583,46.18352242003965,56.145046561623644,63.86026939392005,84.92087768536686,112.03120574780866,152.4950584094007,177.08948722327253,147.87740390764043,122.43386762478605,108.9901085381519,105.20585821560452,98.83889132716473
2025-05-20,97.76425263407722,98.07436443385427,99.01914811443555,106.7013693927679,130.71066478531517,137.67673210686073,114.30243215379609,86.99351032267815,67.15159609450195,52.5483076466148,39.076419802997336,29.846069587353256,30.453744448935055,37.29355385508282,54.48131296219829,77.94871849738907,102.3133830998035,141.3312377998986,167.92421377093322,138.14068788069142,115.18314849801057,102.16021559086931,97.36360110835983,91.40564163373608
2025-05-21,87.43177224334825,85.5176930158497,85.24387343809116,91.36296133082212,112.70182421679932,114.79988666393196,100.66389950225899,73.21051707685514,47.91822491139841,27.67662311436355,7.995926579956517,-2.5227512820684694,-5.765585370745185,1.2406333689724818,20.00378854401646,53.02663711485988,83.78313129715497,107.11934873341451,131.82130753378578,118.41969747577521,100.5765492480674,90.79699173606146,82.74807835380615,76.21119742838628
2025-05-22,65.90030380280902,63.37966757740344,62.835296145066565,70.46398044287804,91.54689221396484,96.71701814035526,88.7829549444738,65.46279429509048,38.063691381207065,17.263114704533905,1.2259933369460043,-7.71437419268571,-8.672769969341374,-4.113922209978483,8.610363867544322,43.94951632650793,79.73670856210893,104.818693977657,127.61457505002562,116.36696196777038,103.60941760495598,91.7035473296436,84.92244666333048,76.50673917418447
2025-05-23,74.86760832975044,74.29720608954342,75.72717571307415,83.25597088031967,101.6799218279552,107.1412285756139,96.10016950526038,67.57445974798674,44.037094478825,26.013815265272584,11.491709576398591,3.8387105370031094,1.0055296584899622,4.797218095555195,16.208296348068217,50.168663601045694,81.4216349489246,111.25610144361157,136.95337933799095,125.98195345473606,110.75681433306322,98.91969887145076,94.52494165027407,89.45905827520164
2025-05-24,83.65614691775333,81.31941130807475,81.70685766227994,84.52471963080426,84.23102500308411,78.16051814895349,61.50610932898647,35.14106278614605,14.018548281299474,-3.0514161011254544,-9.01488682178433,-16.94334370973641,-20.186404151875422,-16.254833384709457,-1.590474716541479,29.180423877157523,70.54568458834905,97.86536381439353,109.65592531956399,102.71123596855674,91.71577997997014,81.8332288215752,74.27394661476129,69.1901165844596
2025-05-25,37.31535498768217,34.322905741539316,34.19843220233413,36.06957468274625,35.943778698083534,30.728965975754278,16.84279182068292,-2.02648908215437,-9.027839918346274,-15.213443774246088,-16.00581048027138,-26.08702713956373,-32.92456501546832,-25.90971132247708,-20.47306089596816,4.1057214770760595,52.38723558560201,71.78848715032962,89.76103126537674,94.52606696245893,92.51700303950535,83.21280623147202,72.72782846950072,68.05659346690624
2025-05-26,62.15823072910669,59.39023914616007,61.24998550604643,72.9026086941229,102.17639456949257,114.98285051770735,101.01816065942052,78.41164444512344,59.94369777259561,44.24246617945674,32.744242122185014,21.988296193042103,17.97857911016564,23.734679195784764,37.97768774048322,62.60566956911222,88.49908011945254,119.88895866856043,146.7320331294744,127.29970229714876,109.22006713382886,98.38166837724974,91.61934755075342,84.99670345724155
2025-05-27,67.24274758709316,62.710173062685584,63.32244601171122,70.37534622692371,89.97269127227388,98.152217874795,85.7188250114408,59.09861073533801,38.09217578141724,20.230019703948074,9.044055585863674,-1.6668964197810112,-1.0016998160850221,6.276735134913679,25.426603564919247,53.154655753254474,81.72894486281479,104.44274024144647,124.44583438703198,110.10531838898848,96.92448610509517,83.47793127750028,73.17024287754504,66.96044718450747
2025-05-28,55.42274562690811,51.511551987134766,52.388372965734135,58.12669083175764,77.5859379357752,85.42880519363861,82.83021175309425,64.65722246571346,47.74274865078503,36.08230956984565,27.05210182907949,16.987798344913344,17.05585003889189,23.642024934190047,32.05626263135187,56.98871118979025,79.91884129711275,107.13517812349272,120.44999048342137,114.92390123891578,97.53236617669387,84.44960777664451,78.55874726978514,71.58062291421125
2025-05-29,83.02928999146107,79.19628116243955,80.71945617305612,83.52175008479705,89.0303280705335,89.07151783417382,82.49454878035354,67.45640801642242,54.58085874416608,43.8286095379126,32.502009134058014,21.24579146379351,16.08775907571554,24.288175089051634,43.55034753320676,64.71386410200394,92.57047554494024,117.02980923163435,123.99099124658227,112.27527866952805,99.01283961437798,87.86489738531685,80.3449107464603,73.3486512936382
2025-05-30,41.8263951827731,35.0724885153129,41.04553072548808,49.33859656577641,66.39343705488542,67.21175756499254,54.01000033749722,41.896695666154386,23.28186507522966,8.463621715124106,-0.7165713827061211,-11.276755403461436,-12.868229960282207,-6.995235201166423,8.308473608812676,34.311282145905835,73.57113659425082,94.24718627489668,123.17400423855335,117.11197706856201,106.75563108400932,96.47697667399865,90.88477263677277,89.04954292677212
2025-05-31,86.47641163582952,87.97782614116406,89.69542985933029,92.7835840632113,92.09146724743113,87.71202185333796,69.32548318984871,40.909466191116366,20.143245165387697,10.271744075319589,4.216321062146676,-0.8783946640579927,-2.4964248692913316,3.709487183706244,21.292074980778438,54.641637337427,91.04980051838372,119.5496821676499,135.64159820161285,124.04563110211143,106.38063103938994,93.98963868751007,91.90529851898387,86.62021971501791
2025-06-01,70.76091254873006,67.04524334859988,66.3472622687039,68.5709462831422,63.86607520343193,57.98388394707118,38.6212138385585,20.138397459189207,6.315627240856628,0.15311038436112767,-5.417470284704933,-10.650312418090039,-14.470087076122041,-8.884822946612502,-1.094737230872596,27.369596267036684,66.33909687140508,89.56782841305903,106.83468991496065,106.7682919730025,97.88508456779977,86.53085263913496,78.56874004924289,72.5505309894088
2025-06-02,74.29891346057161,72.72732668882972,75.52215992056855,86.59888335891,110.996380454246,118.49652329453878,99.19011092885046,80.83540158942535,60.691856259055754,52.04305941436165,43.1386965938092,33.84792462863609,31.046216424891185,38.365040967845175,46.734234075516525,66.54445565170406,91.27066595635759,126.64262220925079,167.01206495148577,142.88715766730328,117.48512862460106,104.993173417827,100.33276797411344,93.21771994423764
2025-06-03,95.02395036626717,91.56803238711213,93.93654550718279,100.39354306277306,120.33513527406473,122.55795026440592,102.46812328563723,74.63053968171188,53.07205623980745,39.69890838078621,23.39311683506982,10.675611703733779,10.129057821478256,17.880009374990294,39.76386370715126,63.67787236110075,92.97931276066258,124.69830122953881,147.6167417267747,127.13590879177612,107.1563669717107,92.85836774815574,90.9774579024569,82.2518648030952
2025-06-04,73.48755295414396,72.71619652513697,75.69564226572908,85.10900489164368,101.62561754787704,109.85401898510325,100.87444281261055,80.80698758052439,62.86880735102726,56.234384517240386,44.95789674906523,37.83907379103006,39.06205661646793,48.83462140516873,59.986936268736244,83.689233930642,103.9921658392381,132.55008162194815,152.33259876392134,137.79732086999576,117.7125082973519,105.21903939167198,101.13184794101662,96.04069477613162
2025-06-05,90.20296475059789,88.78626468305688,86.08771770765466,91.80805705035476,110.07686283948294,113.05019554363153,101.03071714148348,74.76342799479012,52.30907164555195,37.773691982988296,27.269065870140707,21.771199858024588,19.91275681927202,25.87128207647119,35.12834030384575,57.52455509085699,85.08176271242885,110.90580411217279,118.34985779332736,111.48354136051498,93.04479378802532,80.24094055704315,76.05196785163537,66.26213380925249
2025-06-06,50.746165536667945,44.04061912972146,46.59759844115074,49.92563884339093,69.4107981002175,76.92611308793695,69.66367627398269,49.44942916139584,29.569660544501573,12.903165506551971,1.3041469854264278,-6.568921621224433,-7.52701758188627,-0.9381398295230667,12.418674652361432,43.10073079218702,79.50838914145771,104.23865932374056,126.53458759187878,121.82287574358095,106.91718422803143,95.20918500797593,90.17476143979529,85.73947181930181
2025-06-07,85.12565900442351,84.24060503517555,83.20071548778574,87.49728915735221,92.47911815970937,92.7943513495442,80.71337388487909,53.77155585153652,35.608643634663366,21.77742729426069,14.264316115370079,7.547104830511856,3.8004261943763282,4.680186740651294,18.845044485654398,47.42016306161142,84.68063146573388,114.60037995301752,124.71932817968748,118.5170563474868,103.77391626143556,91.7356820886108,85.81985159197119,78.76593860095569
2025-06-08,43.43262036778462,39.43122141888816,38.136134448058925,36.90295992472164,34.083782267579295,27.158320257855365,9.878543618723,-8.227548465078598,-17.975241696849224,-26.989236774520975,-28.124235392484678,-38.407099008735514,-45.96335566710937,-38.81822529794317,-32.041827453489304,-9.079221021392613,41.601985132107416,62.93280935145174,76.11388189246847,81.23129773417179,83.2983121858159,71.72967797062516,61.12936996401878,56.704819933187494
2025-06-09,43.175570951341456,41.28238789876174,45.09000861480757,56.352390288123786,63.81969915797421,67.14074821543984,52.85634276255584,39.9477525020132,24.417539892222152,14.042851721158854,9.26192269911067,-1.0320026336116541,-5.397825777250148,2.9160662223690963,18.894433101479933,45.44458042284856,86.60983787210489,114.10065487797071,144.8565537280677,127.27446353401919,117.31311126006872,103.94284950979305,92.39136598051911,88.10728410698195
2025-06-10,73.15733413060077,68.4602242075076,69.58924853036635,77.7606148269691,102.08366020843823,106.74448029236166,90.77053038748596,69.09730788397188,50.62220359038095,34.90687611867948,25.263852233568556,12.505183668038995,7.099958393956783,11.597275283436048,26.234113961208237,51.25232674200106,77.21252689821361,95.60731191581527,119.26002693630434,109.31254968686622,97.66891309318363,86.7044342357925,78.6253107506797,72.2601980906012
2025-06-11,56.43330574763148,55.81731563733764,58.53299391514261,68.37979163167469,81.36267779080998,91.36481403920149,85.45357406144078,63.27207794689565,45.799070234618625,34.303199083265994,21.81416913184276,12.23527762001153,11.376120996631002,18.580880307332748,33.51908412543057,58.78798455100613,85.65686012224302,115.93377289032362,141.32671471011304,125.66077789300276,106.52415983666116,92.67414312194681,85.15131370294266,81.57227565972178
2025-06-12,75.95923108683971,72.14945495919139,72.71338140151329,80.34035178234828,96.284371643562,95.26785771820161,79.20397748372996,49.22200032657483,24.581202910495506,5.448065853038827,-8.807496852665054,-22.075186221104985,-26.065208109040412,-16.00618542363179,2.4709449013776634,31.577546681009295,60.96096978160648,85.4192746154452,103.07037320071497,91.64531250129848,78.02617714277184,64.04178543577676,56.87237861699781,48.96055850963755
2025-06-13,55.750861748813804,49.081094359870264,50.96956123787169,58.60350313594165,71.76586208039852,78.45992827276064,71.02902362915685,50.74850618077468,29.948053125973644,15.00167491690138,9.379630167297336,-1.0669394907238257,-0.4457980028169857,4.502677936711137,14.64455596575786,46.44601997900338,80.8021003143723,105.35128818638833,111.63827933800653,105.68667551374097,91.05820826392431,81.67449588037229,70.56331330131067,67.78846695509414
2025-06-14,36.582821415957326,36.529316871657215,37.26298885035946,42.333903816327776,45.862188813291766,44.237473315333546,29.35972602527906,6.484864835196703,-14.796505169396568,-27.361382151960896,-30.05746317067647,-36.26821396945766,-38.35354366946913,-30.129213922603554,-14.911026929912765,14.452188479669616,65.29628358053051,97.55371482100043,110.75531531912482,104.67221128539241,94.82618605250657,80.37518809501302,74.5198269428661,70.99479552658539
2025-06-15,72.49613266835851,71.43324355334204,72.13865825887231,74.06056447969934,74.89074013642806,70.70282017622092,55.571233286435074,34.77074525298377,22.617615959310882,19.394414482032204,13.483541364126012,6.14654324500205,3.9387017156089,12.332994724156165,21.982395192909962,46.86667976549347,85.12192206523127,113.55378341285179,118.52081709193511,111.1844054744038,103.7291413245843,92.03358460130433,85.89544088778578,80.23897755776939
2025-06-16,71.91141485561977,69.01520328884897,70.48440010660568,78.79573671024525,99.04319631240946,101.94085787558272,84.97863528392092,70.37659175591358,51.410485647344785,43.537662055933296,31.65871592690212,26.74807784319289,25.511309402363324,30.26401180383337,38.126786334565224,60.51590751983191,88.81087493778098,123.248827694665,146.01426560106268,134.25897347966497,113.54417002851501,102.71559200099435,95.89013851225783,90.21962579513857
2025-06-17,92.50184607507161,91.89103296457981,92.0143913581127,100.40850456243854,117.4464785020987,119.11958340796777,98.57073226593738,71.40946440184476,47.86704864182772,36.04237030341767,21.286779427547827,12.429085550207148,13.804880162791576,23.581324281778308,41.89579521166485,72.0223129891856,101.97595984772038,139.4015704213818,164.88130487074704,145.68102280295523,122.98641689919148,110.37081628690498,105.74143627637744,98.85340081842875
2025-06-18,99.8592714307078,99.69073692752497,100.44431712864781,108.94785825272055,122.96386096838124,121.75771687651022,100.28754707350313,66.61572431217502,38.42684715766205,19.18930024636009,0.9193956430383139,-6.892565921334153,-7.994417769729523,-3.194121930957067,15.845706190841753,51.966751476764074,86.63800109524206,116.82442362850153,155.53609795558458,139.36510924675488,116.14048254542485,103.33493425212018,99.33408927228294,92.70035084121861
2025-06-19,89.36388750473562,85.6409799392479,85.57926797449402,93.84346434829033,91.7856527862069,82.23412517670677,65.74302999708462,35.2658397753255,5.702341314179478,-13.493750453604406,-20.923013189193085,-30.72147418853575,-32.664330653216695,-26.406810333360255,-10.303615943089994,29.958112794474317,86.33415287386438,113.44079592873553,141.83078723301463,138.9191893824637,123.06405917308984,108.03066528173105,101.62646590525134,92.80546851521233
2025-06-20,95.63088433748634,93.9680182952799,98.24741233599471,107.55047126135663,114.0159212774321,109.93254530590323,88.26168913657098,58.14413687909443,32.21615923690098,19.250310722989184,9.19468442796861,0.2480690800882428,2.2234591710763,10.245867253667427,26.792825645988756,64.1370388296681,108.61711122432288,142.35171854207096,167.26590053907688,155.71470072107968,133.37775632101076,120.98462883636375,114.11394299972827,111.82082219147472
2025-06-21,108.50778521739583,105.31581503592433,107.10248960474723,108.1815887642978,105.1546923523595,95.64855095867256,70.43298995382003,41.12469082767669,13.295384364666859,0.37414767369239144,-6.654746066847565,-13.378335197796844,-13.716972863378828,-8.75938124583277,8.911390191014135,50.98936575363001,98.69921594557147,130.70909176759397,152.74017007330542,145.86113807297144,126.00204141703966,112.4382762247352,109.22304793674449,101.91522483040956
2025-06-22,81.89384511853487,81.04682828703689,79.28010507002476,82.27914812260683,78.35487703992585,64.53616904677135,38.34672674738465,11.283627761051008,-9.24562873791649,-19.3054164028795,-24.65299536009644,-35.540083833352924,-42.05086323300742,-28.85752968298266,-16.841520877144717,20.7021028330349,76.61200517547599,98.555488374014,122.83888972190346,120.17932088341126,112.06603819021622,99.01413216220183,88.47139578018843,80.91564792606643
2025-06-23,67.44411948033644,64.34253291628877,63.72832179591846,76.71468410441409,97.05578640743545,100.6226525359769,87.58708504482759,63.26777769821689,35.157066708708044,14.152702988856134,0.5812692039074534,-9.25258607835329,-15.656876403655389,-10.722104463052062,1.926218263840525,39.795254932503184,72.86625486850136,92.86258174022169,119.58836347914428,111.44761486678513,105.3880527625427,95.05146352196535,85.58478955639582,80.23499510434539
2025-06-24,59.38226768661379,59.27809656594184,59.470493208521575,69.24690224041807,83.63700716374655,91.38309093890571,85.6963062175657,58.47403115922336,31.623209951813152,11.650063351050449,5.35612716076065,0.060823209605160855,-1.82531722375424,0.42115392327730206,13.16772585823216,47.42366891145022,86.9038697670218,112.71626653135955,128.759209188881,121.10621982231741,112.02859993531071,97.67434701353478,85.66423614408399,84.50692811826265
2025-06-25,71.67438730127317,71.20443377095782,72.06016377655621,81.29465982713062,99.86625273806806,101.67705860981364,93.41696624052804,65.9492292979682,38.94722672193305,20.464310984531807,11.741382869090586,8.245946355239923,9.901148747133377,17.806427790245635,31.86724232379065,69.4115271468527,108.7300186665246,141.7735207047566,169.95131441499194,162.70922796020022,137.21042980112384,124.35239376081137,112.20491706015676,108.95038271213686
2025-06-26,112.50831075654649,108.45090021612772,107.14360358991554,112.27572342427389,128.62630924583397,128.9548296571534,120.41878954832671,91.68116504997633,69.98861020216148,54.19990885634188,45.69337492865179,39.021487051891484,38.96577931450821,45.61160380336902,54.7277645183195,82.01804358521072,105.70211207993776,133.4107020717343,147.91060421827825,136.91185134454838,116.59846494667056,102.16598596311562,93.21121645347674,85.02655562263006
2025-06-27,69.11341774332061,65.56537517036195,67.90362719782483,74.59317343035,90.40019094196634,95.95725059977684,86.31362092434941,73.01895761725072,52.595732942612415,37.17025557419373,29.550624006423845,24.424621418701804,20.551848176998703,24.220222017170343,32.88267020800865,55.5192398277388,85.44289274284992,111.17588134126447,142.5802780105887,139.56756626602217,121.82970963979452,109.87689226028624,105.10595332913104,100.06503843529579
2025-06-28,81.20683092481092,77.37630042996305,76.98328269184508,78.58708270686795,76.79717768538693,65.80647957312314,53.17759189554894,25.603087272982975,0.9015140141008828,-15.986023247601736,-22.082693548243697,-28.530949401619495,-33.47201221955538,-27.599199100489642,-12.828561836732177,18.930058747921606,68.33644176703294,95.84894875103114,118.2964547395091,123.51877594964765,110.68631306758698,97.66628808862099,91.54052910061377,83.83520451297007
2025-06-29,68.25907750754159,67.14048696929646,67.33429764902289,70.93791499255796,64.82411684996067,49.00221811651875,29.16429295343866,3.5318584818799934,-13.601302703468463,-19.605446970439004,-25.299446977194776,-34.2556890955357,-40.81756453160156,-34.18153769789737,-22.413029059645936,11.24670153209945,65.98977455576332,94.77635699929729,117.89848382779854,123.09915822015027,118.40980922139758,103.66018287666128,94.00743743051328,86.93672140306319
2025-06-30,91.99800852939696,93.11766555944021,96.44146901135574,104.65518312423572,124.16631135567783,129.742676171784,117.47828050581705,94.79496723541779,68.45607918893285,53.678386507274666,42.68263940920116,33.65518191959322,34.8849002288398,45.11316870952629,60.976344658304356,89.19828669308029,119.5654527189916,148.52503700632695,172.63186194616347,151.59966590874592,129.43559147076468,116.75783101493295,110.67350000259532,102.38591653673626
2025-07-01,95.79592271637549,93.32538996807565,93.35267453091438,100.3021653984788,119.69937111564411,123.09187868345117,109.38185683837024,84.17965321354293,63.028545909309216,50.15501244523149,40.28941923038927,30.003800938348505,33.64798366502309,47.873578911822605,63.7730320566683,92.59607556204321,119.48968509162428,155.16202662581074,168.70745824788713,145.9641082658172,122.27508099258985,110.99171869021606,106.42449005846467,97.20656739591567
2025-07-02,114.68752932453827,110.10470657494163,110.79795966246137,118.11235698523241,139.0284119572299,146.70628694533866,141.3626288054791,113.7799806104263,87.41229993577889,68.10013007579481,54.146220712497765,44.73069820980639,44.72534424453063,54.66914675791587,69.3753328071651,102.046894686922,131.020091951572,161.39311246905018,180.03591239764518,160.1659115850943,135.0737910372169,121.20905710551466,114.5681587870085,106.30326893746575
2025-07-03,78.45330081263282,75.8714300984443,76.0833202705818,85.7588685115904,104.83040775981874,114.90150437135904,108.72757149715272,83.46078225650214,55.4320544010302,34.44264957191942,23.753919029031465,19.361903744210053,18.39006522375618,27.567735740841698,45.404400991585305,80.57132053373473,117.59269670797738,151.07336031773406,170.1595947796631,163.16599666262664,143.85056052229,126.22453014961499,122.09095999595344,109.5067594534135
2025-07-04,106.41667920997743,104.39791041832314,105.75324349440136,112.95947234590089,134.51973720827363,136.59097199511214,125.54167407690775,96.8181071896526,66.97264702026962,49.29482967581043,32.01770331460715,25.608356942246715,24.28563318892421,28.508174968029792,46.20548246851517,80.9756453224966,110.87737537389305,145.8409387212613,174.17256697977894,164.0856138083376,140.0116065799878,123.54483310776794,119.98171228414118,113.09312452542305
2025-07-05,88.1896732529583,83.40881132276074,82.23918983950547,80.16402718203639,74.99786936773435,64.82255947299436,54.08659784993927,22.674940188379054,-0.6948146258326631,-15.926267128040877,-20.996268603682125,-25.762077197908553,-31.206040526238922,-27.59137466089419,-17.30125556819152,17.229404017080213,70.7950676622572,98.68492356977697,118.36775570275955,125.05290128031456,114.00046462270092,98.8841333184705,91.96462876494013,82.45498992307493
2025-07-06,72.28276701465033,71.93631278633926,71.93314567567697,76.4852462412555,72.52970600339641,59.75913728703854,43.69050091245239,19.808822580140514,8.415536713569395,4.124884531812796,-0.9189255443011177,-7.8227491726409255,-11.455685020489142,-4.881402499685947,5.7168392186497385,35.2733213441588,80.28046908363129,109.74519909987075,130.6277764079715,131.9841231809967,122.0721051990976,109.3187062944168,98.43540490535902,92.4127289377931
2025-07-07,95.29306592019013,94.57861615925773,96.31755149574178,104.47561898623874,130.36161931083151,142.2572071192662,131.41278391385734,112.1688385737603,93.21680937418105,78.76885675900525,64.43061017101834,55.722127307244136,47.36819485900088,51.92794178960989,59.30074097811365,79.5858694819992,95.6128787257104,122.94535139857581,149.77444025854203,129.212737628712,107.73011274792877,96.44791813161802,92.65474243719021,83.63258658576689
2025-07-08,92.97694467334466,90.55193716607131,92.42635020330125,99.50081289944723,121.9704361030623,133.80048307704084,127.48656664600075,108.0038639926932,87.8549370533584,75.72793444300666,61.5036955745373,53.20772608753792,48.52817060567898,49.502208983011016,62.61821955547225,82.1812129537088,108.93817330929042,134.51197285789948,154.62845700536445,139.3572114959611,126.50907125612758,111.71092028940109,106.1611737303197,100.90731547259192
2025-07-09,85.66396116045186,85.67791144965477,87.62011994100695,94.52703488019611,112.40544213408816,119.3447308277834,111.07964189562612,85.2717761870846,62.2225704024376,52.58902137359483,37.503006779310354,33.069325779801886,32.52999072497509,31.826477078058403,43.87838536717719,67.8867780720057,96.43822614039512,125.77197403315635,150.3383305583398,141.92931579978318,122.9934727371726,112.053027227079,107.77663110562443,101.93769437140293
2025-07-10,98.29524667496204,96.14680183487106,98.12352636955724,106.67215352431074,122.71324241973836,124.9070143136228,115.86670125837438,92.35863444385083,74.16627561032901,62.27177451844902,52.66006702726553,44.085510986552066,43.73765846957892,45.80307016401437,58.853632656193156,74.75447259124914,95.97059966906461,129.40698302935283,155.864245719427,143.0478331516095,122.68943729711341,109.20474918749417,105.89319224896607,97.43119262036939
2025-07-11,92.17443457238653,89.72226453824425,91.04133935530494,99.07063936224496,115.69778181067107,118.19298613810007,104.1158637506695,84.87958138430452,67.07318560551154,51.56443989348453,39.87376664958856,32.18973132370225,27.961147234535417,27.120320159548598,38.18035472144865,57.99391920673506,79.60324018072134,100.25192384665937,127.97046538909076,121.94823777430963,107.22653713639167,94.99632303370758,94.39135530331512,90.00089320888083
2025-07-12,90.64764594860907,87.07077801224358,87.50298709193711,86.0923842828344,82.16728557510999,73.8068182816417,64.37052204582461,44.56568129463005,27.41043669275024,16.37334435191093,12.315277771084467,6.452372476262994,2.8570960042554674,5.094116353094847,16.9203742636615,43.284765882886035,78.68880273450864,102.69353071744413,118.2422872724736,121.83531728035713,112.88020141779735,100.50616841180572,96.0202526667497,89.105771538604
2025-07-13,89.22378192173514,87.9277235515767,89.07122606202465,90.02832598517303,85.76363388003861,76.36273435175502,59.754241733091135,36.38011781171102,18.846175145130275,11.813458449681747,5.4760172296616645,-2.3371946259937317,-7.7659677440807116,-1.0951697208079167,13.361118337321756,46.72309190473723,83.5474407632932,108.75864804463455,133.3177390460315,132.21061582215762,119.27670025858131,108.18398869006981,101.09120976648708,96.62087520632396
2025-07-14,93.92406944243133,93.60963828000646,97.27347170719439,105.35106150865528,128.77278135978463,137.50487075835036,124.5733339665738,102.90179884559221,86.3522711919694,73.95668732352998,64.18738393806179,58.04500363881574,53.895710102305046,57.57912845191562,66.36068569715222,87.00099493635678,104.57281301160653,140.78678720266686,172.61788438375612,147.14701127628854,127.06950395989178,111.80853028533296,104.65014080672412,97.42164389853045
2025-07-15,90.92746617252288,88.36723918220834,89.48461217400995,96.32640739023412,113.5426212698585,115.92800205148613,102.245164793611,80.50819968135141,63.651801939107855,54.54391531633502,41.07655266646293,33.9822121100255,30.883147110469338,32.28088469060856,49.28495495355571,69.20439904106337,91.48540557003527,124.90022837863276,156.40543218996316,142.0537629739538,124.9685300934886,110.74554112634573,106.62658692476978,98.46771301648283
2025-07-16,90.06108157837429,88.57649479549364,89.87692649655608,96.97959205444693,111.57161763050544,114.59739927202116,105.2361543697713,84.9705487233454,70.26499676760945,62.82690971346254,51.4090242754332,47.14692720772682,45.101591849974355,43.186197552969034,53.31927729013246,68.14199679480603,86.75808404129802,109.5019244206325,137.5565551285982,131.2853875720806,113.29891706318206,101.82822020109164,96.66658473905673,91.06041792555612
2025-07-17,80.73930929219767,77.72160143447832,77.31340465532715,85.00944003285855,96.88327110541861,93.19598215177251,83.34338525393203,67.27941407781044,50.51117321467025,36.66805571449656,29.071148729317017,23.440014642560882,19.22536763924974,21.57382874509257,36.48352590153692,51.54507346338892,77.52646383336472,103.49580022416953,134.5655253792101,132.27799562612597,116.92641753728623,102.81842789925959,99.76562237682975,90.95436636093129
2025-07-18,99.65530175325354,99.15893413478088,102.11570319792523,110.53235990215722,126.498815831101,128.26347762040731,116.49439902110593,100.003674196725,85.65213601180619,75.41983660048204,66.43723517275956,60.61508596370531,58.213359882830346,59.87432318240215,70.65474661286991,86.68411632983404,106.1434179716394,133.20193482522313,159.64867262995875,149.05801381082995,131.12796681801154,118.5786042277505,118.05177874798596,114.70317204935523
2025-07-19,102.21900953493935,99.07655088238667,97.81710988432249,96.89988325750514,92.42503434420888,82.4488168116198,68.35943084713013,47.46777498762583,23.54993885997439,6.928026657508468,1.3606081057231734,-7.2409478532851494,-10.737455593338723,-2.8169643772633037,15.35466684761144,45.09516367315058,81.79454491093955,99.74934534339016,113.39017154868053,111.16286207475385,102.36871422830122,89.91346210506289,83.80264074107974,76.69653624117694
2025-07-20,75.6561164222163,74.67468032341147,74.64946581709282,80.09205645091961,76.26928631892956,70.72884899389122,52.53314225763961,34.65758806005144,17.19890989565195,7.741456382305955,5.077100076306948,-4.08253586079212,-7.586308071870519,4.5008775096844715,18.5398777732712,49.88674540882229,90.1724832228777,114.6427532845165,129.16332706148563,122.09555573503447,113.95716553568384,101.81475013314066,92.91265182908124,88.50663382696509
2025-07-21,87.20114034379418,87.08149826357521,89.08238388432102,96.70854325653787,122.32211703830242,138.71545261885242,135.66340296967297,122.25326088364429,110.79071952425691,103.46194840147274,97.15432818678798,90.8086047895595,84.38560392124879,85.95232116227507,89.60732624886366,100.68037019093305,109.26650716302173,136.41281912578927,148.5543995967086,126.28213717537552,108.82743462930223,97.06300785582893,92.16587485790097,86.36490917250003
2025-07-22,79.01473059874964,74.33101697466985,74.14762774125514,80.37833141761503,99.56026156614976,104.37570592415003,95.50923196396329,79.24312439232878,61.98981746127697,48.292404142186086,33.20607787265574,24.171774231420244,18.328231582215125,19.692025712971997,33.91515265087956,52.44022424752535,76.23688170670118,97.10049138790333,115.68553062730382,104.84639800794537,94.7394099631267,83.12105935398327,75.27378821729413,67.30766143783542
2025-07-23,53.49052221493609,50.36057559608254,53.248432855246264,64.45758856307971,80.87912439790445,83.36480058073637,76.06612032460292,51.155849661726364,25.55434720811172,9.86451391303018,-4.80119153581586,-8.915311030076936,-8.41940745204559,-3.9273475944089,12.877312975758258,44.209871881894145,80.66882845186865,103.57864323348858,131.22114210807734,131.59171765207947,115.99608777237563,104.9841252323235,97.96684428106519,92.07141886767162
2025-07-24,98.42657150202582,98.90393173702765,100.61741370300813,109.01270166769001,127.87767152171973,132.9236123029704,129.02165320058396,110.74914254614164,96.57732795630876,87.37694919446368,79.22774349190833,74.73295943453708,74.89950884919219,79.62667586720534,90.35593926750745,103.8932917363281,116.58387495572119,150.0092559535475,164.49678409917988,150.8468927260102,128.24252379452236,114.09535263141704,112.12503707913018,104.87343918174182
2025-07-25,93.84610809434625,90.43296094113643,91.37425000726189,97.1073549690869,115.63605408547619,117.65826246143436,107.46234659341681,96.42724634974056,86.49597438112114,77.84868881616072,69.81878274265036,61.5261739471876,58.34144064821734,60.35216832592002,67.3653205301697,79.22725350068148,95.34602837203559,115.75138131791516,136.07561034664212,127.48096031910497,113.4375389807467,101.36773985520804,101.97924938659409,98.23604941566025
2025-07-26,100.70085632662347,96.96100349092973,97.52114748321574,97.567299048141,95.65258462574823,92.56502396678496,84.59513889454684,72.68385215105869,54.383682601654556,41.4752247451124,38.628392062058936,29.41782407687731,27.732298812309608,34.25754349666599,50.80579252402629,72.24568280152843,98.49690197381267,116.34247814341461,129.17141271060598,129.5807269841307,119.03675701289939,107.61856189417472,105.87094179656292,100.40273868104337
2025-07-27,96.42061074595016,93.187441206621,92.13456944535682,91.97980986876479,90.07223389501569,85.83206389597858,75.59852557194219,59.40375504716947,42.945107513497604,33.8413931244808,31.484548375034137,25.522156422399107,21.537091479356988,27.334533273045395,42.33554798541853,68.5777809422619,94.04218891850114,109.89324731335773,122.24551898875187,118.90568696564749,108.81283548978831,99.0575544407485,92.87628631313696,89.28903214720455
2025-07-28,82.5332516289588,79.45871092130085,80.87763863516963,89.78719167747548,110.97441256713748,123.3849334852206,119.6054094837759,104.01232345185747,91.11315558413511,80.75468457707115,71.53065728158666,64.00326166161835,58.44599555134394,57.7212913478472,66.92382789637982,80.2326809043172,92.72815545346391,116.83401812428187,126.02853520168244,109.84918065089914,100.36343873236886,89.02278149878597,82.88121066203229,77.59934277194273
2025-07-29,73.69061556591197,69.14852192186457,71.13927136088164,79.53016894560247,99.08866077294432,103.05733110982239,95.48187230902117,75.26240548249407,54.95865583044271,42.28994333278776,27.590698417376913,20.959017670822263,17.543145105970623,19.745488479961082,38.762359147194545,60.40053953583053,87.70489180093219,113.0312446705163,129.6537054591061,123.10381858583223,111.65433802735622,99.60861649147687,94.56982283318115,86.584573343832
2025-07-30,78.85821136843653,74.2745231792009,76.71892358013403,84.20352821743421,98.54907213928216,100.42866819729508,94.65876838225063,68.63120977618541,46.94354633309307,35.19446408787249,19.57663539081379,13.827474085141262,13.579087953184683,16.821520867033968,28.57879554457972,52.451195715935114,77.77597904454441,99.11504124194775,113.66910777209893,110.11145283308386,95.9670243799958,85.25271911895742,79.589166259148,74.90923224906818
2025-07-31,62.38522809132225,58.839634390601816,60.00366472964568,70.69067570418117,89.62601082977494,95.41125962112658,90.81863203347883,74.33789044903122,55.84280372226726,41.75099537564466,32.26494521900929,25.766553370374652,23.762932334987624,29.63938439413502,42.92391485846875,60.91462999958354,82.77916684451867,107.78684852793516,123.5234824864504,120.49331746520653,107.06762275406409,94.70855876748615,90.92334255193012,83.66756861940362
2025-08-01,92.23323032678019,90.57075596794104,92.5524576718736,98.47371457793342,116.57259068384903,119.34567120205452,114.0856283779357,100.00451555768967,85.63321473899947,76.38480316875646,65.00496674441032,56.14154320643314,51.20814944140608,51.74277850740734,62.237569884935226,75.36965910798511,89.69199576646454,110.88303793621469,130.38308312254043,125.76256593160144,111.40999680808656,100.3439153417892,100.98011421874675,94.32683352738658
2025-08-02,89.82195870332626,85.4568619700309,84.7463650618334,86.34727631673823,84.79635566148559,80.55207080922733,74.60090180589722,64.46694474644315,48.24626634134998,33.876878758668624,26.743041036457655,13.241898134367403,9.690303560182485,18.420564302678116,34.146916657440556,52.14928214188427,75.89176902529215,90.4357355131221,99.10775791689949,99.33143972311545,93.7256546458304,85.8497803819807,79.79900421803755,74.8037190210133
2025-08-03,56.641642492184204,53.579615464671576,52.371378239979805,58.555912412177435,52.8939197103048,47.14185408479483,34.64081662744013,23.193619636415747,8.544150877039925,-1.878531010079513,-5.510874420027221,-16.714967829701664,-24.779352828496286,-13.209921939352654,2.087403142641733,24.875331538563643,63.04432921733391,79.70557467167183,88.16234370158236,89.64163491378439,89.23799637993729,81.24090578520139,69.78780487460966,64.48026013089897
2025-08-04,49.78306579388719,48.048487112823736,52.02000205962392,62.67588930216563,83.81196525076948,99.11128469007667,94.22294991789987,81.13000378190996,66.66421274426763,55.32482244462743,44.74788250931947,35.81281358519287,29.559901403893605,31.685987848122338,39.95471164091525,57.703149081115924,74.2829160337455,90.50866267394008,94.13973545331191,81.9325885587962,76.90035866973459,70.10659978137012,60.98943337664443,53.729238459905616
2025-08-05,39.97571525835305,34.4026008514338,39.447129486904956,46.26220199230538,63.0638698438901,67.58100235277611,63.65349348456964,46.586996991399985,27.6891932501255,16.167943317850956,1.5946067641912123,-8.599093695899967,-14.286026551979432,-11.529559524372502,1.0618713395797101,23.51130310257585,48.86354126459949,67.32622843861557,75.10541407504044,74.65989435815307,70.32565870321143,60.82364571728752,54.5121380908097,50.81330435655374
2025-08-06,45.20548332880119,43.700879325901866,47.96273477021862,60.49431335229717,76.26071563247665,75.29181888899778,63.80433109343676,36.419415501696506,9.328860381074207,-3.479910185689448,-17.373326730046216,-21.851098977206817,-21.352324368329647,-12.779194391999312,2.8899813365422062,36.63585849979941,74.7744312350111,106.57174844813247,133.2971032708021,129.14046511897266,112.25184823654942,99.29030785752097,91.90279231603586,87.53877135944154
2025-08-07,88.82346308496327,85.24069183948399,89.48726118797586,97.85756995653608,114.80583250849347,110.65357586923427,95.34060864088902,64.57582519165975,39.24770723783011,24.34341932821617,9.937640078420543,1.9456955425237652,-0.06635431179194029,13.266597250398092,33.475895278848,62.48921827264269,89.73171357463258,126.91558903197883,156.78502176741773,139.29244156722797,117.0710372261957,101.14062476417949,98.53037746756746,88.6545356838628
2025-08-08,84.31948320885715,82.15213098137332,85.71584020077728,94.06971181490304,109.16638778169072,106.84064652067782,90.07760119620175,66.74903814892505,42.11946970917387,28.57725788091136,11.952253418722478,6.0710133152794725,1.6366918115514153,10.432179705429704,30.196893364528165,58.542496093522786,88.59526146078964,114.59395064341123,154.7552798147163,141.5302970460427,121.848818102544,107.81434800820847,105.49542648118614,101.09171834359591
2025-08-09,102.4753758362911,101.34993550158026,102.55877719143521,102.68566666219188,98.13782001727252,86.8456049064177,69.55323504551062,39.25416020771206,9.556515971360767,-6.565461433473558,-15.097697813516476,-23.651709811217756,-26.920179274001924,-17.042006154458335,4.071877129435364,38.35952937198081,81.62748458574282,105.69266547104172,123.18579036644158,116.30080419399549,106.83204323713474,94.01710359425232,88.18302833325232,80.376238253098
2025-08-10,75.1803316904871,74.76910340008351,75.31658484427783,77.40134867993902,72.79337971089515,61.9182226199252,40.371809047324746,10.939270037557094,-9.951070898196917,-18.104904838821682,-23.78503375586746,-30.108769956625196,-33.339513420162575,-24.33506092457222,-9.640416662049347,24.56076493462325,81.17400821414984,109.19251844243635,130.57664906366176,128.09513269058107,121.73435746331607,107.15403741626594,96.62443009174379,89.02332348033022
2025-08-11,87.5056698636745,89.07851323369246,93.86071329372601,101.66540417902486,121.63637190565802,127.61601095664416,107.92625848254274,74.40648030108262,48.14537267857942,33.07981116774353,16.867964875740668,10.080142890536223,9.94954391235656,21.828699659378472,43.45666116013591,77.23649048831281,108.23026112030905,142.73259467260473,173.74268946006094,144.5371828551217,121.33873511231612,109.03941959016936,100.59176408336323,92.78464054383196
2025-08-12,92.45202443746501,89.4589642456979,93.08531709256583,100.24933565257166,115.8106130300908,116.95342593061933,97.04165434865858,67.28238408506324,44.290794267829554,29.12392386274196,13.259106200439376,5.630528702157179,7.775317268775581,17.940212463960876,39.685097499077315,71.28704890483792,100.8633849589382,132.65011743546881,146.81306061455837,124.15057284495812,105.71976282372596,95.09276548464105,88.74454414756725,83.53912364801947
2025-08-13,88.47038112135735,86.69417435053633,89.87647294921985,99.27353836881417,113.2399670695844,115.56934523328192,100.80404571119436,71.48572094348708,44.46241479272595,30.884029977871222,15.234403277772145,10.356862781020737,12.609532033086822,24.3949557852753,39.42021327189039,71.91826733865312,105.66469456442212,138.29491376120274,161.91525229155715,143.1164358324065,120.80723282038937,108.51334137757544,104.00451393644403,100.9003496563065
2025-08-14,95.22112000318413,94.62247021327539,96.30235094985173,107.9782625999089,126.49973725008255,124.11782308187207,106.82722370265505,82.6180357929554,55.99406371943276,39.04379321434348,30.32193609791848,26.00252145580687,27.47324461135402,38.29615036607784,56.06808703820427,80.1192239645415,111.1316268364981,145.94246712194433,173.3533455903028,150.50391243664635,125.35133842804706,110.40142185642287,107.19889316062506,100.22922888168085
2025-08-15,95.3204062095475,91.4305152379324,91.29323847317488,98.49544317927013,111.53866946767923,107.89969576975443,90.96787738599053,71.34961095750744,46.72998677366998,27.955587316282006,14.044106677680233,7.463412852830075,4.805899495464999,12.738599351619726,29.139451934597048,57.39273232570571,92.15241807495882,112.97413100024748,132.7599512878578,121.37202898977795,108.18077639871277,95.2080889970649,91.91035829991293,89.63485148560758
2025-08-16,85.22945374315253,82.35670930778696,82.32220704157481,84.59687350790489,80.97443217838673,73.61852518767643,58.93654238548052,35.29841172845482,7.935145769004208,-8.6852858270463,-15.397693239388559,-25.018725388879346,-29.17494665497088,-21.456308581935843,-8.132274722788566,22.31801504368923,73.05780922486304,94.52776587227731,104.95675178368951,105.57560342904495,101.50531391100861,91.10226137834078,85.30369308419196,78.66570811149708
2025-08-17,80.28712743512526,79.67460395866938,82.20474569671305,85.94098233619755,84.70606970240487,76.05097711390462,59.8307707914139,32.80884137705317,14.066477722094731,5.73430039336273,-1.8379762166061937,-8.44622085957684,-10.958507288411397,-2.863275953769943,12.460048087186834,45.95531578512751,93.43620950982779,122.29319454336566,135.21352840064705,129.8552831450361,121.54174760481966,109.56693409398602,105.1062112983138,98.16239725448477
2025-08-18,90.3129645824895,90.58297873828094,93.18346869612957,104.88060167767011,129.7005376037556,131.93264468007212,107.45736550463448,83.37994417928265,56.784289985677674,40.76717149512433,29.9314996271832,25.74779476080326,22.41666677082594,31.532354322542858,49.777000217342476,80.27824735544465,108.05409915424957,144.02379277575827,181.45332215317376,146.8342539465754,117.7906910771774,105.45602127019265,101.47587494056782,95.23913204422783
2025-08-19,93.77439044131184,93.66808738512583,94.71253649040347,104.84310691485749,126.80781899125688,128.3959325423392,107.85554787509955,80.71694854653204,54.465242308554025,36.831270091515506,20.180095854456283,15.47960335830848,16.37073355984782,26.28445694007698,47.83744480228873,77.97624197752208,110.74797167199324,144.38732659441723,171.39622288112986,141.1163715060158,117.51070281404465,105.14219778525721,101.24098654260757,96.64173453401231
2025-08-20,88.48619996630157,88.42825613390173,89.85795647746386,98.62383423502487,115.35347633270894,119.41526848969923,105.24629891360802,79.7806638356372,53.761716923786125,38.913865226054966,25.736234410539808,22.367799099308698,23.862467835531234,32.4946987059797,46.85186933709036,75.41808658636205,103.17079853647876,128.7396957613638,147.43065010029147,126.11511030257236,108.4616771514199,97.53116199576338,94.3245238818354,91.60459059036393
2025-08-21,89.96637975515853,88.11828793008348,88.41211067749174,98.9967267386678,116.62101911980822,119.36436494164066,108.12237154977892,87.84481445983872,65.19849771368165,45.947056327620544,34.37930788336702,26.88219547103634,23.675598089407558,29.117362686947757,40.137451981601856,60.43669255082128,85.93290382718175,107.66659405863658,119.46708751457095,104.63162916264969,92.55181106490015,80.87010046926419,80.26779854290481,74.6256524396054
2025-08-22,78.87361191128524,75.77624372367833,78.10981621483876,86.98779819471414,98.08880838753312,98.14430996422172,85.73299275905934,65.06469100812382,39.388530515880376,22.722298047788996,7.200646972102959,0.5057479789301738,-4.819979343564825,-0.91210048121863,12.971623973524004,41.99972890516463,78.09694160711837,94.58923380641687,108.38614453212594,110.8348794713711,103.0171227065475,93.43874108814327,91.4822329862948,87.2717886375847
2025-08-23,82.36769688965502,79.57008597375548,82.40468713208105,83.6860606489747,79.08020432574693,69.94930100930699,56.21865676107009,30.259426636912593,2.9721091954141343,-9.29493021670541,-18.588420908864805,-23.99004905223447,-26.28822485106761,-20.312015685338054,-1.3906695930099602,30.558535766777737,80.78580610987498,105.37482629022051,118.96952178141024,121.2488157590875,115.46782190314445,104.12904813822844,99.39361329965168,93.0642655933094
2025-08-24,87.26160195830784,86.19412223227744,87.30602987941994,88.89061005733834,85.27892723556386,74.57027909873199,56.15151408459644,27.534613593131866,4.6708288171968775,-4.215111763328139,-11.809152344881767,-19.210901153393905,-24.06260904306629,-12.774277412036128,7.895089731032073,43.652329479417375,87.71067996151842,110.66720179180696,125.77105365801415,119.54158776896283,113.45725204911906,103.94490121824079,97.54645580723104,90.63490029757247
2025-08-25,85.99078111831943,86.87624439861983,88.55712737899549,101.6287341244382,126.47707419558904,128.91106825628776,106.81639206364437,84.54729051605065,57.70817266504375,42.20330294919279,25.876212587490983,22.413778559302273,18.818129992750386,32.91584062154445,50.98901800787621,82.67304199561266,111.38311409551204,147.55877032669486,185.5836202117183,149.66597801094903,121.99419698749269,109.31599581250248,105.09740416734383,98.61453701814514
2025-08-26,92.33799765001771,93.74476919627092,95.26567888364552,105.40293470428031,126.24662709676545,128.14011132946186,107.66731402769466,84.56541112613066,59.91068947744613,41.79782839747425,28.582741792887347,21.38357760600546,23.2142513757545,36.53194832181123,59.73368148038496,87.57796668603315,114.83506244347844,147.25701071954504,168.28711496058435,131.0462591433011,107.63633685616931,96.61480091700724,91.81709644456808,86.94070748242976
2025-08-27,83.95739551463058,85.45781791428035,87.8731424488897,98.53462657460108,117.23504017531423,127.47832483329742,112.7208106386824,91.85361789343658,67.32282566546675,54.07609992464485,43.57314262635272,39.22638023517142,42.353488293613935,52.84000412500755,68.2498508425074,95.74023497997251,120.32412595666902,152.0816490108,168.84122791288192,140.27838940347453,118.60610532130508,107.14061476305793,106.12275220966735,100.4303941925434
2025-08-28,94.19065453712662,95.56705955905107,97.0156453919941,105.50839512152038,125.36871569111916,138.71817054409973,136.79485310087503,124.33902494559203,114.0585114695063,106.24041838066145,107.94621276876347,103.00178145306299,104.4165749215135,108.82055190789333,113.66489629919496,121.54553273252927,132.29391994434783,158.95007817201426,159.1454262075797,134.86393403953014,118.73511994605833,106.4125823113541,102.28459315493427,96.86435362173509
2025-08-29,87.28585543766695,85.42375968667133,85.99250758017304,91.73446945751462,112.09831742750134,125.35757259921158,117.85998339332178,103.87494393813535,90.8145306585705,78.75779120178639,69.37250413918262,61.53102772023482,59.230825908339014,63.10613334148084,73.74036674347143,91.15861758066153,107.3087857713471,127.09479424245016,123.52294396583443,108.33431019264748,97.58367567468508,89.87557249410581,87.448917960748,85.27368533577113
2025-08-30,84.06983887985132,81.38497861914732,82.70451985823534,83.21807063404063,84.0959387490194,83.47624149271,75.010374982721,60.436476998458005,33.35805301697593,15.975900216130782,9.198706319354045,2.6950174800114866,2.5384420695092587,10.981683327129147,30.584140962420207,61.778130193825135,96.85193876897333,120.0273867589672,122.8477139721776,116.36767675688964,107.2013716640251,98.01786950892615,94.10820874300836,89.21554167789336
2025-08-31,72.87676924963102,71.08114974083605,72.50073867911466,75.17428165830985,73.98142511801142,67.06168449262675,51.61910774503454,28.521633904837245,6.168562417238007,-4.088008916390891,-8.928084340447185,-13.040961279619637,-15.60101281088535,-2.3786388454342102,16.941714132123707,53.35164027629031,97.9988966387194,118.52975872509961,124.57762889566122,114.16047110839808,106.77413024397393,97.8669725862465,90.14414431895484,83.62069136654323
2025-09-01,74.15402745284524,74.59156219470688,77.94673595514229,89.04898180830276,113.85223307567351,125.90257448636758,115.38837615754375,97.58173940941099,76.28137097804431,64.28038528510984,52.75783401224054,51.81182254172809,51.102318916996964,63.51750255985384,77.36895149608004,101.97545964474166,120.1311413190316,154.65327350861776,172.36854407440177,133.96971839481398,110.09177385934875,99.18015401424168,95.94809208786468,89.76043258054823
2025-09-02,89.1076126056359,90.99948766850993,92.8183775149167,100.73560416258508,123.90152150163172,140.45930422930576,130.8073885355665,112.17914964096278,95.4618840654152,83.94113836023907,74.93217894882144,67.89734592382081,68.08328787628446,75.92586878293142,87.19513310568288,106.6800114363514,123.75834947662952,154.47020303020287,157.8863276294457,122.8975237501796,103.57071718422151,91.65882032665805,86.84579067166241,81.64550092066264
2025-09-03,70.81366230325885,64.61208741572119,64.18256854146752,71.4954541302919,91.22417089423682,101.75219737766095,92.79218721080076,69.85864798499242,43.255100789620855,21.13016492206978,0.7400176359146826,-7.813689524403259,-8.305451427944718,1.359925885208554,20.07633108288323,50.01208130865757,82.70708604382025,101.98902936335361,101.64374454148998,88.82369082379623,76.86513276961202,67.32166272785872,60.87042791892246,55.61926649566125
2025-09-04,44.55425625485755,46.20573160180213,49.360429741479905,64.75446185834414,92.14336935376537,112.17033349668526,113.14780820016762,95.82654907221536,71.76028661529156,55.62588610810528,43.551526478781966,38.830440864750486,44.38261009180653,56.67547182257489,76.14722469493981,108.70539018740311,143.2389540192301,173.30828797607123,167.4895980656877,143.85768891654345,122.44822082268449,110.78103087114289,104.2142936801822,99.6977106015006
2025-09-05,92.13594992918522,91.45801229267674,93.9885933215808,99.23908172900428,125.10449623895343,139.4972407125198,133.91281351910487,109.65530507076275,88.3500559981551,76.33649098711724,61.95379816160968,58.30492464795741,56.956983421808204,62.79187647399284,81.53271297058332,110.78128916092908,133.59935775192145,159.08306586915188,158.10385252112968,134.62461358875834,114.84390067018545,102.8759419131748,105.07135628449265,100.65563639876056
2025-09-06,97.61988532072066,96.51970430789768,98.09751992947196,100.27375925370764,102.04333816557792,103.01617429620653,92.02637822492763,72.1415423433879,44.30080257803182,21.701665250387677,12.883232108033596,2.527561863983067,3.61878601049888,15.771712867586714,40.70249619667641,73.87652836622497,105.49663702826327,127.95371477752798,131.59320867153883,114.1268054188291,98.9806404399757,88.06617946966585,87.90687524691266,82.96182353134476
2025-09-07,68.42701121955508,66.42342139179979,63.76514029587901,68.28699653181447,64.36336033465231,60.38196567244675,40.25379391265892,17.44864461079456,-5.359844519177756,-18.46960501917954,-24.67512309797209,-29.923213980972832,-33.800101564191124,-20.027056179762297,-2.0101680890429634,33.14595173328084,84.93974203100518,101.21553203936384,104.63595765981161,92.47945790434677,88.02517409717825,77.20289856279055,71.6684311317919,65.90173374872856
2025-09-08,69.9231382672831,71.4442040302344,75.97106887896041,89.09112970232408,118.40238727014605,138.22831220899482,129.76062144444,107.83113265723507,83.18089401540716,71.54669277723788,54.967603690233545,55.13805124386488,57.57897445718487,73.62545491721134,91.81074642688162,119.65754369814113,144.31026095554816,182.6159507904865,187.33548816727395,143.4407443435481,122.01053506219215,110.20085178952345,104.39377002791804,99.69821257138776
2025-09-09,106.73356050265744,106.91098305901153,108.50190232198614,115.3116437463238,144.53232737036512,164.4911260897143,158.39723717324964,132.79955612917678,114.65420452046533,103.69381604764095,93.00613041414515,87.67211095666548,87.88003243983817,94.725986996002,109.91793311285029,132.138505683888,150.9748323919508,183.6891934875699,179.34188891268838,145.4707492699075,124.33558360445664,107.63371658654445,104.75687341664506,99.14501605031028
2025-09-10,104.37244116657948,103.97940730705824,106.36868058731886,113.60086251791428,136.89067093447102,161.9112130268334,158.72770815808312,136.27212895722582,116.62781746936349,108.19786369939024,100.17034378910185,91.13859897467509,94.23844783143574,102.38673809029436,112.66619962055418,135.52166327978597,150.96872896167585,184.01205897998386,166.04220747613732,136.2793496232247,119.70817336450486,110.11896371619824,108.27395661058986,101.3076436764522
2025-09-11,82.49918500265889,78.35749175769658,77.9512665333185,86.48660863363907,114.08812248303055,131.9394579812836,125.06948653715274,97.18628992082517,69.33904880349405,46.5856819446457,27.596296246856667,21.59381655461047,20.427963341253317,29.626993159531906,52.44888594896658,82.41803731933628,115.01489294097344,139.85545306893783,128.0983415777242,107.27568164892196,90.80331990623239,77.83161877384642,74.35044606590486,67.06955779573275
2025-09-12,41.136393668665946,40.531860591031105,45.56584663811903,58.56036977621643,84.19289107471643,100.27308440136592,92.78142888514643,67.99423782954555,37.146074632057605,13.555259448500294,-6.354634794944388,-12.3247473238373,-10.01421855154868,-2.87427364407435,20.03623792256093,64.06256105043448,107.88326015767385,129.61917275505067,128.54995811680567,112.07905868612217,97.80592218847057,87.06635819827568,84.05125289091684,81.1759826015938
2025-09-13,69.13920843085978,66.23736031600491,69.650295090493,73.42262924259543,78.42687907677808,79.7721777567231,69.7912798637766,46.5019607119805,17.27212795551725,2.3524115770020444,-7.90930775105835,-12.177323143844148,-13.432467107086467,-6.137887587570788,15.859211375126876,48.05609998398822,97.0552387641535,118.6932889680578,119.06682293070303,106.38280866882101,94.53174836630555,85.2018206011515,85.0808721055707,80.00256614608567
2025-09-14,70.39732967362795,70.51988968796098,71.61620343175221,77.43482376926596,77.7922302493655,74.5795131795858,58.72876280709568,31.185684867206106,13.674979145228122,7.168825914948144,-2.6466042701279093,-9.419699285612381,-12.994868755400347,-3.4403037256085156,14.47909408747688,46.35755251400545,89.83876824650702,107.94111832677524,104.54843889986918,88.90315551130769,82.01270329395388,71.65927229146038,67.4043414583511,62.58788682545131
2025-09-15,40.23841237409512,36.8435696818661,39.276961993090396,47.99465475454252,70.59652382341399,86.98729390102226,83.08451499429431,68.43517414585514,46.26452059079956,23.929774221403306,9.362327527209231,4.392342567483709,1.8394398721835188,9.735022433229304,25.387187660280773,58.96929151685684,87.84316307830102,110.0685226318288,107.54334461117718,89.36222950446069,80.39638937876045,70.43099059202079,62.52496815359477,56.32087709891526
2025-09-16,30.538602167225207,28.977958338665516,32.096335972301844,40.174388529239764,66.85801188912592,84.92636707491734,90.08105226257085,73.33108861779739,50.40221166693101,34.178162612937186,28.052650016617008,21.495486702891924,24.781079747934186,31.15692205228528,37.219955100254424,69.86825059232663,103.412142312729,127.69725059841365,128.03440060850497,109.46114403316996,95.92112652411758,86.94299546939821,73.84375236418452,70.82382170966501
2025-09-17,48.849367464447596,47.07091040358145,47.322842298048016,59.28904120307425,85.42638740226386,101.63496994316313,108.28725868675926,87.97105446436473,65.99021446820996,51.35683834701348,41.27176320407389,35.88653686933773,37.73203129214943,44.39286830857924,50.46021973238217,81.73269329224618,111.4284160011652,133.01462288183387,127.4072614740711,108.73388329194012,92.74959383820823,85.81348796201408,73.9336825302974,71.10656500314533
2025-09-18,48.366825067745694,43.409875359422784,46.91738647371925,54.1994575638149,72.28342510397997,81.61005878852066,77.23906436291806,54.46303131240232,30.865968830304496,16.573250141882852,3.4874369475189155,-6.746349242348401,-3.704774660757977,10.684484426734286,21.772477920249855,52.67857574905781,78.00566755657744,106.11697191830729,104.93476907936335,89.86966602676833,75.87514793044566,64.14218521129679,59.298843051970394,53.29333988439333
2025-09-19,62.675272900670464,60.42266162681804,66.91423126479496,75.46631392966933,99.1556067934882,115.0486747174065,107.79791070584393,78.19835143521091,54.74983174994911,38.16607548709527,20.786928834936433,14.187854175256291,18.589767419719877,31.574599605196084,45.19832751029627,82.66791409235658,110.11313956985595,142.13131592533654,139.80699419439745,113.47282104090671,93.1385554455939,81.8001180879288,78.39140852602148,74.16063309765383
2025-09-20,67.73494591470653,63.34406204847734,67.56955624034278,68.63349436861361,71.10994681626275,73.3245853314884,65.86521023097471,41.43428583094388,8.923674326399407,-5.585362182577171,-19.09821916746199,-24.20660972471552,-21.183399418546344,-9.313032146927952,10.900031151226642,50.11233362916852,97.37795860328693,118.18578666532744,107.87466715491304,89.27741504280823,78.48394810902165,66.52705597992043,65.14345229890084,59.82996795534662
2025-09-21,31.75567353824708,30.089064757690153,31.58766941609504,40.98605657842127,44.78161047981469,45.52883346388802,31.315855345945124,11.12433826147543,-3.2586632043523593,-12.76332379156969,-23.74702792807298,-27.467619183406157,-30.611634032494578,-14.943880437464571,3.0386563850338177,34.316552293973984,88.59417454746432,106.31193762264505,103.11442964720983,90.58151076392862,85.5483429790552,75.36951841257675,69.28730539698469,63.98096679227011
2025-09-22,72.79156346899416,71.96118249521282,73.12712582888315,79.73469507495562,100.97882492085955,120.15978753831611,122.14106344497908,105.5698095904008,90.96046094798605,78.28264990644884,66.64945951031392,58.53600991095662,59.46691057571694,76.22318715841027,88.378969385997,108.61902123658116,130.4478724529311,156.7934113465679,149.0662641108545,125.05840692402727,111.25531340778049,102.10108179754876,97.44100996768898,88.79490531406941
2025-09-23,85.83961664966978,81.7474663420935,83.68039365625954,90.13771752238802,108.62634925376426,126.57644009244336,130.47326216098907,109.85860861266781,97.06363034107517,88.46046919812702,78.31381538186577,65.46729690079948,67.14485184912195,82.11100921048804,89.58164210432183,108.04487153638418,122.75450278721382,148.26871528293924,132.3774027308974,111.44278452516667,96.54413181915572,91.23108555623259,86.61975905511821,83.78978684013816
2025-09-24,66.111237105785,60.42197737132349,64.72617390002083,70.5633550763659,91.85160722934052,110.88525985494277,111.40296866448705,86.99469349080783,63.716529710286025,48.73936093555076,30.763197612421905,23.434766339595683,20.81921267821656,28.5514472294889,41.104127479328554,66.32331091579388,83.52318886556111,96.9553725073003,77.39556707197983,66.76264946356858,55.868727136613614,48.619339435481834,45.14818122802977,42.14132449575308
2025-09-25,37.488777553424015,34.54206802325068,38.60617611226476,48.05509937601903,73.11029075010993,90.14172537593957,91.36434598362007,71.40047340542053,50.506902742279976,36.747864299177564,22.556045162017625,19.59330646530725,20.869079035979922,27.08407568374436,40.53318684921513,69.38464053575967,95.25198449531467,114.54122521405941,98.17558895963771,86.08069337825744,73.0732857761408,67.47355712635837,63.8656982729168,59.04680496237921
2025-09-26,66.86840993158783,64.82348591575969,70.75250840638854,78.97113469966682,104.81179029912718,125.92133014607381,126.82674120939224,102.67255727485623,81.79691216944794,69.44688637103131,51.3428215274004,46.88963887291406,48.56956744222633,53.52364498640385,68.2174835217967,97.21296346570595,119.80704242911374,138.09496408857115,120.85674047191948,101.6760667508173,92.61311300355639,84.36254566694599,85.12750743297697,82.41398936671042
2025-09-27,79.99197479241604,78.73328550781194,82.60133664971505,83.63421736722303,84.53617835288074,91.3869991228437,89.59036804140158,74.76277717909659,56.53164329526001,45.926680417000256,37.00763847751101,31.317494212177408,33.116387005872696,39.38891080905542,60.76296681090996,87.74667872951838,112.25888261930199,127.79548127849918,119.80564636710805,106.50867802139021,95.13357098013964,87.86782598230177,88.55002726128954,83.59232050918618
2025-09-28,86.25124039612425,85.73326705195836,85.65420018751786,88.44214390717956,92.3783595681463,95.3977862382862,88.84575263814871,68.34125125590849,49.83877359263168,41.53420846093991,34.68360503187401,28.907080232373275,30.253849638275526,38.99662077876724,56.679240481885756,87.6965604154462,111.109878981005,125.82149532173898,120.10242596157465,107.47209560115182,94.07013406609859,89.74230491481067,86.39627405362155,82.82625428911871
2025-09-29,85.85558240411363,84.64235769643764,87.28886572746391,97.17700443519874,126.34996692847183,151.29841384682805,153.87445586956133,129.98653331467554,109.59588962733706,100.91207102809231,89.53918666084473,85.11262691656279,90.24608438424443,97.96424864190556,110.19482702766622,129.5015826524882,145.84880104925577,177.45761037270603,166.15288683230108,127.39425480185116,108.18043643353934,97.96856708903587,94.19848911472047,91.86898242627996
2025-09-30,95.36384983452521,94.45980768326524,96.55038034468406,104.28114328060687,130.80391063463202,161.19681742760443,162.63973146318574,135.2127003793451,113.96512257286204,103.5696142737186,93.06644509475467,90.16771533921774,92.53422471136298,100.9115319701753,116.19305376680728,140.22903586530887,161.15550769584502,185.02841515459158,160.26326041357635,126.6123705116518,111.99841470076672,98.5861531783078,94.24973324914058,91.65799578026295
2025-10-01,96.6257733405664,96.00203864978604,98.7244675024412,110.3002885640435,133.88213925394322,165.70510376068174,166.54404486577607,135.5890592466085,107.64580182701054,94.91438684487076,81.60050603132105,79.1791308051321,83.63726774925007,93.12418387110267,112.92675837194845,145.03931455459815,171.28650584556112,199.03474282873532,176.57890528437875,139.4316869099284,121.31120793142055,111.48976904216012,109.00341543220156,103.22707578930641
2025-10-02,98.06543035488625,97.28446130925249,99.19011886381082,109.84031695114899,133.28477771799655,156.2478501106853,154.63248789062348,123.97405386276151,94.10755445345488,77.27647372753843,61.691751766915615,57.57196285874451,60.67236609284045,73.23679584728302,94.77969728255496,126.40876013082902,155.3477763499619,181.6248798019377,159.3855223592796,123.53091790567616,104.4018923447839,95.78360919652683,91.93420370146586,87.09325662584531
2025-10-03,73.13793038138418,70.32081695053793,71.06020133388824,73.82082394362054,83.49306725049794,92.33162590408853,89.19869225146333,69.73026179385742,45.65579422471252,27.11598081569835,10.12357774708316,2.804735926008604,-0.7395083752208222,10.272439701253248,32.22273965575508,64.1312846762105,97.75213098651207,107.98038509963511,83.22645226815655,64.46598355961567,59.77198029199076,52.412349969821165,49.218278796029196,43.31932600803903
2025-10-04,10.172629194570561,4.8329411632140875,5.065210474319983,12.007161370363193,20.11528899557689,28.6764293872821,27.572669327086828,25.12668877392079,16.34269444814703,4.126932257486942,0.31287179371915386,-3.4646497705441845,-5.326271465978607,5.26014799342002,11.120371656707249,28.107888789228298,65.39554436780142,77.27732345014502,66.66678665746446,53.36945096452456,49.698047933977705,42.80903291470577,33.50866896024651,32.23550954183435
2025-10-05,9.747395446425486,8.810507032711115,9.391857231059348,18.979841933955996,33.17365551492327,43.04678440831077,43.47044166011216,39.46187181388714,34.799755008020725,25.10568349753079,20.320812309330933,19.137742704592156,17.350813981706253,22.386567637394478,30.56253903111788,51.4747571936272,87.97850525583246,103.42134077208917,96.47758851907025,82.64387431636698,74.69775662821648,67.59096500875867,56.718663042069224,56.312086707230165
2025-10-06,41.54614628763865,39.67617296904186,41.11199531683002,51.16512150703895,80.09529165304694,104.85188595448302,115.40087075261734,106.24230004308849,90.85699520863845,76.93606124238359,66.84065958225398,62.771068380560436,68.70043786864973,78.70480760528942,88.12259469149046,115.4593944078105,139.12941630243563,164.50930875518662,146.78141227559115,123.72241983605109,110.59706726967939,103.42980486902671,91.20916549906269,89.03135273333429
2025-10-07,104.36014719442164,104.09286857447569,104.35466158405157,108.19833947666892,126.62372177945642,155.48710642129484,169.84797872659934,150.96004282186615,138.21875692877524,128.76268469001155,121.20977617018777,120.48422289704932,118.65614364269469,124.34651005271125,133.53722237967352,147.53327193308388,161.97559294139953,178.99102291070818,159.0902217120036,136.42613193763907,123.54637638112538,112.6445377340273,101.62490327853037,97.27815817877648
2025-10-08,92.45929642187168,91.99618929713012,93.86726821305434,97.89055410265085,115.75591356462466,146.83657529290738,155.6577702065964,140.58308569993196,121.80968879576731,111.76594825379107,108.17420863455955,105.75919822697416,107.64265595510511,115.18579741095502,119.0513733096314,136.40762708546686,158.8383603676251,179.89407670246686,164.51822978567913,139.7976341122587,124.02071642725792,110.56100506094981,103.47097968427867,95.65133491336928
2025-10-09,93.77602246216851,91.87316510857482,92.23981184100822,99.04780606247036,119.5163687320324,143.3029612304575,148.92929399387484,128.3406059261864,111.35894419914904,94.6252617509975,82.42302726198693,75.81146989943932,75.28428805520792,77.91294770837195,86.00410870949996,100.26814111255756,118.92964175393128,133.81042835176402,114.74891319795114,97.80505482271398,85.83068620732766,75.02014421844943,71.44287918593086,63.38629122286825
2025-10-10,78.00984821954192,76.56589097866902,78.514522264474,85.56859477377147,107.4479612880229,129.96270691025887,134.43678705041174,122.28212853736852,105.2556355382244,91.85791538650054,78.5869472467015,72.78484071587908,74.33628890170587,78.50017062942675,96.40466402183186,119.42549875939687,140.6869320742997,149.3040368646147,131.16545386150898,114.0002511609882,105.97375702433226,97.53576799648847,93.55297708658662,89.28465230294836
2025-10-11,91.52632826639478,90.04646843133396,90.48254952048376,89.59889839877752,93.17141953932676,105.7164803932202,110.07937027553591,102.1410037750996,90.1509485041151,80.78156476181302,73.10948551705647,70.97750917114672,66.08657437811235,74.90178449391821,89.42640171350936,114.88338423670012,137.9876723448043,152.8937207479779,140.85772775204373,123.7156420443931,111.9182676380819,105.44705582449583,99.09069958010089,93.12015565784034
2025-10-12,84.18557279672996,82.35659504151451,82.81910820063734,83.76693538330346,87.1958473695264,93.71891808728071,94.47077468883849,87.73964414306045,77.02036465560359,70.88889912500801,63.75065114573445,60.884096346587924,57.330206207026805,67.0855026045668,77.05903702991765,97.92565454312785,118.62216019814372,134.1329935203639,130.25411962850444,119.91769044977048,110.1578315093603,105.08043438999948,99.42245199990214,93.6519737928404
2025-10-13,98.80951110551118,98.72679347922718,97.78925626839337,105.49252491729962,126.30304117383565,156.5082108095498,170.7419672932383,151.32112487988456,136.22526381832301,127.79278092090068,119.55501720550843,112.98552816214664,116.86272179592201,123.74620018148927,128.90878806840757,140.9625648507403,155.2271929803501,180.6992363914545,166.4136127707269,139.29113747862783,123.83359607448455,114.53341497192196,111.54371412187069,105.31786282468042
2025-10-14,101.75087632545868,98.28170926040158,99.7921432979738,104.55409294966276,127.11838588100602,153.37918589725348,164.14602623054012,145.32488553669214,123.3133208503705,109.35017085771773,101.54896746312258,100.07457777476816,98.91246891326838,107.89827601770381,120.58694432125594,145.7808312631657,172.999656391016,196.34458963355797,176.42364971048164,149.6704212984792,132.46930712201728,117.25487062463418,114.28066280785072,106.26651936961565
2025-10-15,113.18272910144353,110.39224556599272,110.85403857332155,116.10095946811991,139.91218884350576,171.82022083906946,186.86994846606174,167.6472627733571,139.3872727599289,127.40386584808823,117.94644319879811,118.33626644171896,114.8294167738477,122.21357471825785,130.6315849129761,149.2668837592016,176.4930452082862,198.7566254453124,174.4143790714452,146.0852270079639,126.41827107620378,110.52906072553553,107.69227853159475,97.18413193830851
2025-10-16,99.24398850682867,94.24169803997502,93.54006793059385,101.20700410572545,125.7936196041936,152.11424592292954,167.1489579707163,149.36678182641424,129.45055722022977,114.42659721428187,105.5344551954709,99.59806394696658,97.25106467728376,101.7980419443999,116.46144511754011,131.79012467271372,156.98175331364857,175.7358741323779,158.49773762403206,135.5893613430012,118.93748290398159,104.08174679833346,100.22390705107574,92.63654039830949
2025-10-17,85.45057263232002,85.55346712140457,86.26366456902775,93.31730519370701,119.58427820063295,146.02012403624076,154.0625681969103,137.46182184057173,121.45392958105089,108.51424746735022,94.89494518235645,90.5902887030177,88.8980203504199,90.23705269059349,105.14500034742579,121.91718624342894,140.95021920270582,153.41733662661034,136.73376293043157,117.96810466097381,108.49345889464264,100.90243180357919,99.39227692341012,97.29926389124104
2025-10-18,96.75672224364283,96.53003856930488,96.11592469355254,95.97095808067277,104.86557360119068,110.50812519744012,113.51080882265211,104.35400081901831,88.2855508923019,70.23729439911835,60.29189283866725,53.205695540499065,54.68097006433422,63.29199929816231,85.1145500437925,109.84787921802909,133.28780032206018,145.6992002850025,133.4267664293143,114.11256584307225,103.8278163396385,96.0934465268668,94.27789980078592,88.20862151162494
2025-10-19,72.55775852457496,67.5836339374614,62.077811754545706,67.0616391354196,66.861465393827,67.96344613482344,66.78541346989604,60.9178073714949,49.038364465215224,36.02717656235954,31.149343544582266,23.830496709760396,21.840347771321092,32.572314312763424,46.73684584082366,62.16283502394225,84.43554510240062,85.57088791732943,70.02844745303594,61.51046148398214,62.06048561201371,58.10129457827394,50.71341455416501,46.01179389001828
2025-10-20,38.4113701691865,34.14819853294637,33.70970987683219,45.09628803911377,68.29425377154229,93.74690795157835,106.86855768208338,99.9654868594088,83.79896444061387,70.61349424106095,59.83979162300665,55.05873233123641,59.19360914520493,64.17927257794472,77.04891482812798,91.0810070705109,107.1013631159773,118.8474959891839,100.36768841491164,77.05630648868308,72.52594292044913,67.148692035718,60.00246356283358,52.09562638001432
2025-10-21,23.977726390159845,17.757648815976495,20.638226422982854,27.48275499267696,52.74909015419476,72.83207530453731,89.63177775442784,77.92609198107287,57.627709347102794,40.53068485586307,29.4954595707254,24.01862887502962,30.937910933797426,37.33946641476943,49.78874849031678,74.31730173170372,100.64665339641735,112.19838252974675,103.63116115992189,88.75902087790158,77.42283849976008,70.41363740608092,65.2486122293428,59.2659816196837
2025-10-22,71.7481116687784,70.90542683201579,74.52818651237557,82.64534048900967,106.98135637805888,131.9829735975735,153.41161664390683,143.34018510861114,127.19588492264197,119.17867759651111,110.55349494784187,109.5049675520303,111.12191048057599,118.95744567020839,126.70706746266276,147.77892229779047,167.46976444394042,190.31870474216015,165.7296485459113,146.23072757276006,130.54159348517672,120.26247807144506,107.51122049829415,105.95268207657335
2025-10-23,78.93899894041445,68.03638199266562,63.331198702571555,63.0607220271698,79.04330724085489,92.93061566923214,99.23616290599968,86.80572180578868,72.4683610993579,54.740368561046736,42.70047362536357,32.766451831680584,29.85921267424446,36.59549619878739,49.183025800383135,67.68311067825779,78.94146075865973,86.05047097500594,76.32567993132272,68.59312483480426,58.9552182311444,46.10973696876137,40.513528931018726,27.609572111281523
2025-10-24,14.741662004633994,13.772976862603173,11.768542557839623,16.58496064803171,38.40744458203211,57.536798913273,71.10729940860575,62.92320804571409,45.91748550763799,29.756792668678102,22.0313063275336,14.878929107839596,14.347814813160582,16.70876227521873,22.84586625403543,45.992135374789655,67.99191980768083,86.60872064780372,81.80084816275846,69.0492907179399,57.033292399429655,51.98528431990475,45.345189290242146,34.54977312427201
2025-10-25,23.5755446268401,21.38627342155074,21.73811609193831,28.325930106261495,43.22910290207909,55.38858750295611,64.54317623787544,57.26714005607904,44.499603728407195,31.68123020194834,24.821111803480164,24.477158264920448,26.50300814163444,30.645645079902025,38.90672851879333,61.824269093738735,92.63424262809293,109.78390544748218,103.70267895960734,90.63024907389901,77.36003568729438,71.23584831569534,64.9967701135964,61.80463093036008
2025-10-26,0.3442010047465942,1.9625539633736082,0.4803654863162592,5.721868673990912,13.379797865168086,16.92695639227324,17.81608846905749,15.9301549658243,12.536765447322495,8.343461873952293,6.040067345760292,6.748763065678219,0.5875900514037653,7.003933257446903,11.774760376282757,26.02043977487952,54.97344187623125,68.72798455250978,57.877084528372706,48.980653393919795,44.05036355907956,40.13982301292344,25.90685690390353,26.39332325869097
2025-10-27,19.671253630856995,20.299846611861625,14.293264977319964,18.48721727413728,35.61891786422241,56.260176417155336,76.27766604846528,78.5915422219017,70.3654031905436,60.24391442705431,56.40040820382879,50.57348917103063,55.72439053324882,62.00801984973825,64.63047655493814,77.38599801422747,97.63419058235529,113.96918028118844,98.80049865585971,84.25051297178265,73.67736739149571,71.43400758345143,56.51947221836858,57.374526988174395
2025-10-28,39.763570931621814,33.45076380575958,32.08934800318036,33.38858074899184,45.71441006918974,58.95718423112635,80.70956233736742,83.8223399463678,73.89525884583557,62.48756108354769,57.64665332450457,51.90330958647331,55.50135868327692,62.32831789691534,65.17525367434877,78.92725751590095,96.7484118322895,109.04800619129504,101.88146332922017,89.38074822129789,78.95258200707192,74.84549252377235,61.74770339964999,58.46196512570711
2025-10-29,46.07901209335421,43.06363477293908,42.41975452954293,45.96534871927011,60.63726043010212,78.90481162796817,102.16730231142104,104.47837534793916,92.77393728518547,80.15027956161472,68.29622038488205,63.483754800762824,66.56098691695945,74.28645760173438,76.95111046170919,92.24856726073955,109.19710748592145,124.55113696405355,120.57658493377804,106.24796363028858,90.9458889723758,86.15326141307372,75.04562258778921,71.81844613962058
2025-10-30,56.76796126545712,50.18766905769968,46.546154739430875,46.956641560232896,59.12990061583035,74.281747067855,88.6546366524471,84.9766041735006,68.45843223797762,47.76411359619944,40.85835497142169,33.81789410074185,39.439260305264796,48.262726056624516,63.87485366600818,94.57886488591329,118.11886432138743,137.85988403323012,136.9121073996015,121.9268976276492,104.18154284201027,98.44499055868015,89.61137434637128,81.90935235552243
2025-10-31,94.41943261115381,89.5006061075799,87.83808528812705,90.80955942159795,102.55678037497886,117.78654769463698,129.6010199230008,123.21569313821759,105.71298040822438,89.91091039505629,79.8257815881596,72.65824793432165,73.26305143722419,82.62747324049239,93.86721470154757,116.26773635634892,136.4164968835015,152.4228138108686,136.9468066859721,117.2467780416892,104.41555958398243,98.7744432811489,90.01324684232625,84.87424771069736
2025-11-01,61.96462542671449,56.75831670164041,57.644116386693355,54.55787546204381,51.701533095349944,57.74867808682309,60.78740908210578,58.824424376781025,49.99269532844933,42.656276080071635,34.501844135101464,33.15412669303008,29.510855749465122,37.83364596388458,50.732701122918584,69.142526892542,91.66149336618446,102.58257994718934,94.3414298497363,84.34326519713548,75.9782963828196,66.92274266192858,62.43673708230382,54.464096973464464
2025-11-02,58.85445707371909,59.09138509104011,56.08223424901871,61.598796048591936,65.51280257640894,75.87411614248362,78.8011566055894,79.92596170707134,76.9137200558907,75.34852975398823,71.40170833866344,67.36070184000792,64.38662020367474,79.95522367376445,84.67797274183553,96.95684260000877,117.19234588598198,124.610606398362,117.18713179420885,104.2895994805443,99.04878254446453,90.49291472336805,84.53459287672405,76.73431727844988
2025-11-03,61.81240555749184,55.46879744246857,53.38836772592174,53.64960134506778,66.40830807274226,83.19544371545548,102.0368008717013,105.5162102555087,91.95555869952378,78.28905020399543,69.5818053310287,65.09229457703847,63.729475596924914,68.79855329157301,77.63346426561439,88.64600772489035,102.11806921857612,106.56767719965518,93.30908462043573,81.65169135710221,73.77579936493066,70.63918296676883,64.90985145405622,58.116306815367054
2025-11-04,47.84079440283067,42.07105551921127,42.11496784268293,44.996551733872124,55.250189260894416,69.22663099377654,88.54828476242986,94.61244780996068,82.6921513564608,71.03338089846595,64.85610285130106,60.31347342791807,62.84102836961618,71.51267290947061,82.79733933683697,98.40273309270064,115.85987165476857,126.95127143379653,111.34482419241681,96.14760001079374,81.77902763276104,81.00599984994359,73.78543601136589,69.56279983302058
2025-11-05,54.134630623187945,50.33213449015609,48.51939628283618,50.20503206242752,58.16317803404098,76.95573456609316,95.72777586089326,96.07884811868195,80.9526746376672,69.2617800226908,59.27887627553909,58.37391242702691,65.64500996171569,75.72348988313294,89.62479377718903,108.02803349888826,123.40289709022878,137.1228347234441,124.9133534336523,105.21469487121759,89.36777096813687,89.20755941137138,79.73010595189133,75.21293169187092
2025-11-06,91.29023581355845,87.29489323599292,85.92678860352646,91.46364599077705,101.73890978694367,120.93405197900645,134.97627691578174,131.8767698202593,117.64823741201808,103.25329153949806,95.08832725028884,86.81982873852414,93.23680823524863,103.28644421453836,112.35952473468447,127.8943446629275,140.30155887359982,163.88958681197113,153.987501183409,127.50528034648374,113.86717843287198,107.36113615696007,102.14134366480879,95.61041618411969
2025-11-07,87.65911883694386,86.97411192854165,85.94597270448804,90.07553957196282,98.80028116247715,124.48919315186421,145.94713446037844,141.92005691113866,123.03236665250945,109.25815547108675,102.2246105061667,98.29142104997857,100.87488563419184,109.63675307366232,119.96943928459407,138.32157995791533,154.30163077713064,168.9968424306805,159.04302898466378,132.59601746618927,119.0233511981801,114.19299158930585,108.75389735777249,110.46469905273149
2025-11-08,103.68698937385935,102.06953808915254,98.35297519218112,97.43753784311512,103.06891632941264,112.03868622640229,127.38888990455786,127.15027018794378,119.54805760394186,112.61574701810227,106.73575749884026,101.70612488294908,101.16219924719876,106.771434577968,116.79569409895646,135.1416858497381,150.68079745928478,159.24318879535713,152.94739430689822,137.30836554075026,124.34564105049935,117.28884809218488,112.19326046155129,109.99059312168924
2025-11-09,103.47267036376127,101.48799593826844,97.27932581121647,95.45259284765596,100.93109477094667,106.51650747867433,119.03488886645616,117.3848156320454,114.19835086098404,112.92124583766528,110.46175383922983,105.36752629200444,108.63082965909264,116.9329896888455,122.97905964246144,132.6245322124513,144.37868475429792,147.89855015382997,140.60090792907317,131.21788246448358,119.69984497644388,113.92557563540971,106.49940985331244,104.86104022994071
2025-11-10,95.8575031030091,94.75486636230696,90.09255210386956,90.91993274762183,98.41606796099423,126.01591330504218,157.32782542321112,158.66705791371436,145.1711523773495,131.64586886353035,125.5635894423884,120.5012651657609,123.28726940926738,120.73418306480036,126.46701638391659,135.46515502757595,153.1759479168572,162.1965156533962,146.76621307016921,122.98786752787696,111.40232706275931,105.42043282189863,96.40070262696344,93.65477844052106
2025-11-11,74.08938942317886,71.19193031715349,69.16805070894526,69.93607934190584,76.45719277319789,94.97016022779225,118.74404805362501,125.15141133302478,111.75238353600895,101.17367163710652,97.53138022229413,94.38335973584066,97.10929977354901,102.66963664765234,114.3232453772365,124.34442296174456,141.5260079391125,144.26747331096436,127.8643448387881,109.88553142468568,97.67521283052123,94.31796545329115,85.95717749631665,81.86668454082849
2025-11-12,69.59484776845677,63.890054486786184,61.28158069853963,58.664712108580076,63.663553028667664,79.12525891136714,100.01035824082565,101.1819571902876,81.93313441823581,65.00517879096817,53.589785611419316,48.60518648418467,50.91608198270258,54.06741467536885,61.69194986226772,78.88796176502338,89.08398233955558,90.10583154117876,80.60320961809055,68.0640750880577,55.943194417976514,55.850413684865245,45.78336246025789,38.04354561884621
2025-11-13,31.636861743990664,27.93890815515543,25.12306619176357,28.667588024099004,38.12229944972053,56.624561633403104,73.43504896516211,77.20158563085252,60.09216932816378,42.40172151779832,34.93715282374848,26.65026881564802,37.913547639139736,47.408687165222275,62.849779928204114,87.0968767319702,110.94463603103203,125.2574401250222,123.48827409829973,109.15844659975592,99.5997829426413,97.62535282893727,89.47761201909806,81.92141181048815
2025-11-14,95.19418026854137,92.03209182526457,92.41203364763903,92.00102750222538,101.0135609666469,124.32219173823114,146.17837190907784,143.14830580492242,122.63596658956072,104.82013474985303,93.59540809234939,88.50334916911784,88.69038983435797,92.4380352871033,107.09658240813256,120.77829191253201,137.85067446471692,147.0389745884671,131.25465538598957,115.69490685047585,101.91673048185679,96.99208616548488,85.23485337737633,86.8741372172963
2025-11-15,77.53308506903936,71.41004850529171,69.763362558601,69.66178584889042,68.99368201161761,66.59852318822857,76.42859300982644,85.4170363309066,80.89310329474007,70.19347101711742,71.79328394904195,66.7552189422872,71.92006315681326,80.14615273236839,90.37773395416588,99.71601562376762,113.92695511655816,115.23320329151505,115.97873686153278,107.70089701601577,101.46460568293568,97.57720042090958,89.66026679784707,86.09619357806838
2025-11-16,93.46932855400823,92.48311490861677,89.24314252857803,89.36685336614332,89.95596711292922,97.33965144608254,112.66278993939744,117.03708988253939,117.68894255124623,112.56210584622195,112.76302101803442,107.14474101598518,108.58057954657599,115.6414882503343,123.66569108946253,128.16232126183573,137.37133465622048,144.16616539950832,134.8238110073682,120.69453058503808,112.08546173767803,107.83045429504935,94.62658735250241,93.61821856080901
2025-11-17,81.31139841035994,75.56753098646583,72.30818380089215,72.04398316760464,76.94641672822027,95.63373065036558,122.15585967473332,130.1985800964608,115.94276245391248,105.04729189859702,100.3719779590821,93.84039503649501,95.69999661581161,95.95338460015375,102.99226700777811,111.72164363982095,123.57917276823808,135.6571204611672,121.67889075202045,106.88337597002878,95.2191862525051,89.73650803649953,84.46458291917786,75.73488945325357
2025-11-18,70.87681923602014,67.97330326688818,66.35927899588756,66.96462805718974,71.18250509245249,91.54686162839418,114.26838110067101,125.4100179839718,113.82588452521775,101.59753469324153,95.18535360833653,89.96018402146456,96.07365628216277,101.8193031571671,111.94621400270934,120.14326374654381,133.95351489292165,135.15513544569183,126.15688004739968,110.2496353352793,100.17253628670143,98.2994314892936,86.19164772200793,85.28180489691232
2025-11-19,85.77543149676195,84.003567231511,81.07473645797073,80.22373367040964,80.91447090105947,97.08721800350298,118.35277544996038,130.10822969155237,115.9802909133943,105.38384407226684,96.14875651929354,93.11420847306098,96.44327641026241,99.29989119848565,107.98471300324103,122.64620790358879,133.67520836644246,137.51733613666144,126.3805722049993,111.06260611336262,98.4199111866045,97.0925283944104,85.83795250351493,82.86462012866076
2025-11-20,90.67387140554402,87.46597652122198,84.36617902115603,87.94327600393925,96.5979821909583,118.13975329885143,140.00650789560012,152.6599716092954,141.3085336675357,127.52161879201239,121.97744743421849,114.8714855424948,119.22299754063306,126.22843322302381,136.21547874673735,144.58671485572205,159.3642683195322,166.07632395470063,160.21170853263112,140.5892114220495,126.00659168633801,120.91872536950328,111.04298914471535,107.66746875040239
2025-11-21,104.01204591365354,103.6622787488906,100.29390831171615,100.81120897544702,107.51128345797125,129.84628317595178,156.77546433255247,169.32152167963255,149.75496458261938,131.57687994861107,121.1900509324244,116.26612987827849,116.74310830320283,120.96540143152781,130.72151474594895,146.27722632383853,163.27739300239998,168.95986065158866,157.81553509242667,138.85980990945478,122.67250126295042,119.29028040745736,108.91706125589496,108.65461951199305
2025-11-22,112.74182521485399,108.70686336195085,104.1087700111097,101.59090898837982,100.82767818672517,102.41744987964995,115.04745760222185,119.45530849021438,108.59299627169494,94.02807001396809,83.984441815682,80.00409595285457,77.92822710385195,84.11344385165003,92.29954939798748,108.95331451682435,123.29143391036105,123.95487383613886,113.45250156278738,101.08383873556176,89.31792360417177,86.24600004910843,75.88520433944221,71.7835997522331
2025-11-23,56.15809649329135,50.19574641731704,45.97360732848361,48.525646583702226,43.246472977425555,46.962631803469264,60.347013113350386,68.85994272122373,64.34760419572955,52.994709895148276,50.92401744991619,45.7967075799572,43.33568016679904,50.093314005892196,57.614905088565024,66.43245189877806,84.22798770413957,86.44897679213523,76.71276138837209,63.594828892776576,61.20148539454672,63.526541865663816,55.85704958365778,49.892714840499764
2025-11-24,70.59189557058217,69.15130518829042,67.38521642854755,71.17288546280005,86.19874693118778,116.27140435086211,144.64328103952207,162.3857562939254,154.38984728178883,142.25397262480053,138.7730011113691,134.37153893760006,144.61470237238245,151.7473033243054,163.03789279230438,173.86662157809866,193.73953024020054,205.93858138826815,187.5193116550316,166.36978054498462,147.82083525426026,140.38736686668963,127.76171843512371,129.88969542388483
2025-11-25,113.7914924725748,113.45823858747214,108.86016176573384,108.88456033748052,115.52048716809516,144.1847066749334,171.7763824563346,194.34141384932516,176.88021508834828,160.30574612635488,151.87854197251733,144.88705953513573,148.0049330299336,150.24925115054162,161.43376760958319,179.34856884893924,196.13039006850238,200.75237701935333,184.64539084202488,161.91312966740435,140.4624167598998,132.255372536174,117.4067998192367,117.08276567008319
2025-11-26,125.48372796083444,121.90062023012058,119.20927104613078,121.99748126721369,130.1386544132078,155.79916375399625,195.3213467428836,218.87561953437677,203.01799545624107,183.5195247613025,174.7246642775807,168.97840231986186,166.330500147569,172.43625535512822,183.1360126787451,198.61740190536594,219.41688798463113,220.7175667398717,202.92972118611868,180.21348479627517,152.74020794112806,139.61317004480102,129.84030345045693,122.73305602266393
2025-11-27,110.97975803539529,104.13331760859026,97.37803991719547,97.89783340915389,104.17078080955704,126.55195566787248,157.0620586240326,175.79472966664105,162.03506783206026,143.96278951951433,129.46519528381918,124.22203195112147,123.18521825844272,125.49764166218537,130.18478701355212,136.98289526811652,147.7664133042859,148.40275205124848,133.7959241370082,118.86323309033543,100.95324682480549,96.56218575085013,83.3302423723799,74.84298104252244
2025-11-28,62.133503594781175,56.7135844938432,53.3129460356746,59.38787111805682,71.07928055932868,97.98176844661545,130.109171571311,151.30264843165511,141.03137952720942,130.92315583756417,121.17778288642292,119.40858961237802,120.36492846595152,125.90218081271641,135.28605715019006,141.8491550221724,152.84051539625807,149.4504482624829,138.21629012162288,116.65604420967574,108.85441231442144,108.4992388819736,95.69922224365376,90.69641817874029
2025-11-29,83.6096260243494,82.9739533447269,77.4789051870059,77.74840359656977,78.41512439145993,81.83647621249007,98.88327310215269,117.2500190653976,118.50008686770833,113.52859053591826,107.96977578007562,105.10835213703699,106.74741228537215,109.79755480258093,113.23230456138316,121.66219589530753,127.4325649001275,121.8015151940597,112.10707285711418,99.82085846649075,92.41474596190312,93.86328175673532,79.38141816310971,82.05950294972125
2025-11-30,56.15255170551687,53.83661287240895,53.03277726365283,52.56428104966477,50.536218433394566,50.66665342400927,63.284993321911486,82.75319096393017,91.1156142157252,90.35536935873795,91.0705549939649,87.13874178692407,82.81883137574071,89.97195346107802,92.58856181050702,96.51037079719308,100.63559622258478,101.28956243930651,94.67301640039892,88.4371425301861,83.78565953604377,86.25418975536337,77.37078827227337,74.5720714108786
2025-12-01,77.35802698686217,72.7273877299962,71.3849137167195,69.10423542018339,73.1664520045672,101.22705562918983,128.12329208411091,141.24959916185267,126.48370559437258,113.83548280392912,104.2355241396447,96.72343860569819,94.3543318078411,99.666701374446,105.70245189750356,111.65570240157344,118.1443438191687,122.14877163405522,110.85319411266856,97.16053199099211,83.8636536875443,82.05110643722578,72.45849406163735,65.43859818668635
2025-12-02,75.92713247798625,74.37278270326361,74.8280607711234,74.21678041091684,88.87879535227654,109.88465130446578,134.0063698052321,152.38989988946275,137.4929790379931,128.00785213539777,127.3077964521456,125.80957984022938,127.43402144386636,136.91606796357715,146.7978787475872,160.3733890923815,179.30871884139492,182.36910594680862,175.1544504563095,154.99726578523453,145.09335127115418,134.164341154786,117.7200683701802,124.19348463980657
2025-12-03,105.88937625993772,105.26572467352486,104.86893323313465,102.94341761702816,113.60225106308057,140.39786854987597,166.20988001410217,186.16021758605316,162.90490441418285,148.72425189788595,141.14882188401222,137.94918937103589,138.66865844467299,140.76835793235608,153.21314067397185,167.07241932789304,183.10910640228147,192.52053657115363,177.15342048321153,160.96232672379884,139.98258688858454,131.71608000542236,114.56890663607234,114.83617872813811
2025-12-04,111.70073927583658,106.7616678646836,103.67473176445779,105.48746274809527,111.00304802166883,136.1174142464111,170.23773124406196,189.74814991216422,176.08374907602698,159.52537886873642,148.7224321938115,138.72769504647067,141.54115548024996,139.1983112248847,152.29165343368794,167.55286008525792,189.01675433007787,192.03713856374816,177.5398463419407,155.5743846045284,136.9023429535347,125.47692705595401,114.03790470467919,110.2174660796854
2025-12-05,108.46145973055599,105.93421925235494,104.66364796144461,106.16662748930943,111.74807315727955,137.4763272747145,168.906531544158,200.78503396536613,184.07648916106731,164.01714640249625,152.35861073401597,147.16461194708066,146.80192485961277,148.53549108569666,162.5737642212567,174.14190887505367,190.47185886476666,187.2449892665328,173.25349182442997,150.1000092022266,132.3147894141842,124.84143965610002,113.20363527103754,113.50905006127145
2025-12-06,92.93008120029094,87.62615731643655,81.31271492010777,78.38669734771949,77.36413799070016,74.67646809464921,88.28322024236078,104.17362948466551,105.42973437537891,98.24954446952977,95.78417312105452,94.21606740540884,91.74878132097001,94.88244007426862,97.27097614047014,108.0451655172927,118.35738504916861,116.9694760589415,106.16989014677249,95.32695541880962,87.45837070341776,86.53383727001003,75.70126396377164,69.55695676879405
2025-12-07,51.22340382078818,50.0379285003296,49.800047126117704,49.643841085635074,48.50578911289841,54.520481324720635,71.58508015282388,93.56134677668521,103.5015296644554,103.77523403286212,105.99600155045897,105.95263356084052,103.05874775142982,108.48515207933079,113.49563400337625,115.23896401129349,116.62434074597334,112.21859105383066,97.65354303446857,79.9993446438196,73.77986796733758,78.57706757501708,63.69547094025451,58.811051348479594
2025-12-08,30.247251604069845,24.95599214424402,19.67821265804517,18.293680934862948,27.231628100317693,42.97874514119678,68.15877006967037,86.62661831543573,83.01237765343058,79.26091567141279,78.48273072049525,77.23401000581262,79.37165794829389,83.75370648893673,86.99520717672218,96.43614754661994,105.81989936771099,109.98036488389323,96.76521500145824,88.50720686362558,77.31927145983119,75.22766816867812,66.0784726599633,61.24312514681253
2025-12-09,72.96421026531044,69.2515193535708,68.40963622579423,67.45610730858054,71.09077666780578,91.1254434063551,118.1265676019961,135.6026463670322,124.76451587585507,111.88505080658466,104.50056663552425,97.49169227374927,98.57707168358239,101.63385848292921,109.01471370478697,112.35041902494453,120.86418131201648,122.74687467934869,112.27638703077432,96.95453169243643,86.83823076595885,87.54122451265357,70.32334369935181,68.6828501329637
2025-12-10,59.76925210673514,56.404921353356755,54.69829058283743,54.22222242377549,60.21872559061107,76.9714820520594,100.64118200080468,119.86508604842194,108.28007905379785,101.99452160788455,100.00815748156289,97.2054858460043,98.00371677581325,104.23594413600159,107.37584780985648,112.76816697136354,118.32560419031995,115.8616150974463,109.43008412330111,98.7591231724891,89.04488936310482,83.85791220856527,72.65651704831947,70.3241748209978
2025-12-11,65.03424419923104,63.21589059044588,61.369531376328425,61.25867004014965,63.50978592710008,82.39531676437453,100.94920636450871,119.63992081071676,107.63873347829815,101.29201158931788,98.92499052060045,91.88081873627972,95.74803834175911,102.33617048082536,111.09597617626989,118.52386768128704,130.33042485996575,132.37813417145827,129.27779464451368,117.41643359940295,110.34935730037952,105.02896663807456,87.78917791822421,87.1136799436779
2025-12-12,93.3846002535509,91.5829649182127,90.46100127105633,90.16851998283178,97.20888942370337,116.11087037298262,138.03294515623224,159.2681621625583,142.03691805671124,130.95427282522877,124.6773233583817,120.97798573092533,118.50568812892244,122.15221435620768,136.51395463756316,147.44810136105477,162.01128687766368,167.38812095268878,154.5162068759077,140.4728720367977,126.45689315000824,117.90827742574416,107.6375419074015,106.31986531566065
2025-12-13,92.31972372853376,90.6314594198007,87.51168715581139,83.85113823296095,78.68504386104918,83.7695997548649,97.52992552800295,113.58642608447713,115.52416202888881,109.3990647086429,103.00908190272852,102.54988416153007,99.21848171016875,101.69650006066517,105.69702928888864,115.2923092552522,124.5745399286816,123.50418327557905,115.8208528005434,105.98508778287216,99.80776370684308,96.92698296198103,87.59193479331529,85.91196105276903
2025-12-14,83.64181162437177,80.67089524893208,78.79039827910887,74.8403387054488,69.48510385548906,68.13184163833012,77.88643855027644,90.98959683528793,94.58677251190892,90.96253000393651,89.21240948747877,87.29179525800475,81.38050904195902,86.27601292928335,93.45241631237462,94.31092178187377,97.20739079901522,93.97145310022483,88.44198302062011,83.45076079269252,79.24190413310825,82.4148602151134,72.08599210657279,66.45081595431049
2025-12-15,63.50314237837972,57.55327322979204,57.52591871087145,58.59142990031867,67.53339098528909,86.23666339596608,115.22996175379322,130.0898096413559,119.98838002894757,107.37433132420756,102.28521944276638,99.7866957022784,100.06796919226403,102.5234303800197,113.1891566367477,121.39784294098216,131.33506695930737,131.6419142887806,117.28065920499938,107.26779867334744,95.46960035395435,92.61820852375922,84.48775281219088,82.22697532550234
2025-12-16,80.97616164920649,80.82964334774269,79.42227629982926,79.67894041161296,86.40936084148014,105.60042628306971,129.34737336205933,150.09705449580844,139.01612089945377,127.61477423578553,122.24156028302649,118.0523251330553,125.77530265216781,131.88863482002202,146.28215652023746,161.01705138645985,179.7164330675617,179.93896696812936,168.55966644041024,147.8990358597165,133.37254080337772,125.41417767822156,110.81587699840173,112.43534600946091
2025-12-17,95.80216715610143,95.18402279152957,91.67460608782854,90.4935870206006,92.16729282834413,108.97364052783618,131.85665240240553,150.57997300087007,134.90833228725916,123.19079098899506,113.61084509220376,109.61330039521926,111.34725908230476,111.357300688605,119.1248237777062,134.605585805887,143.71256875422324,144.1797543998474,130.3110624003155,113.66115576503947,101.86640299192769,97.1615545793582,83.3172988827913,78.51794356430058
2025-12-18,67.14942716648466,61.67494638332995,57.09704834498602,55.10899075611047,58.42429547035408,69.59067346588759,86.27715849124053,96.76801910789214,85.6124443735479,74.51277646022706,68.24397262879339,62.03668621334454,60.50989818136752,64.23308358913596,69.6945274306137,76.39883066865099,81.19493264087063,81.78961633947736,73.41634861808325,64.49091672366188,59.209640049142735,55.06182735851263,43.84935964105168,36.356020572723054
2025-12-19,31.13805905723548,26.65114571801162,27.555595234177076,29.86124767502112,42.367121011018625,60.302496032890204,82.37144139927655,100.67829933444001,94.90126169526125,89.04642144715986,85.10231344012678,82.02222989339282,85.40168427095821,93.8318919854342,104.15674302932524,113.10080748831864,127.1964648301445,129.15038847325195,124.49998377155639,111.2710126878455,107.12916725420078,101.88680592823924,91.5964710421074,88.28696825911818
2025-12-20,94.32230503708223,95.19800217646176,91.63292988982442,89.15738378903393,90.96133854744755,96.41814432368207,110.92687028568747,125.585348801144,127.33725136343762,122.82714162909697,118.93454981311031,117.60470342429647,117.31076170487648,116.19327335922239,124.66967446531031,131.76488601617132,135.85247817532388,135.3604987149582,126.06970139236677,114.55690654789899,104.85166056809668,103.53478276944259,94.668147617615,91.63066921320186
2025-12-21,87.65948899527277,82.95710926128686,79.42364203215234,78.36618488280914,76.40189375726976,77.01090253917415,88.39575071996835,96.36295146303972,99.6070163714771,95.73677549689017,93.6124326481193,91.17598335227848,88.35055220625651,91.89381004482439,94.92209785027129,96.66062720562898,95.86525793567121,91.04569897236613,81.88694846260896,72.958956479247,70.11379796199033,70.97318549174919,62.638703687135305,57.841238063156254
2025-12-22,56.27290512683757,51.31863128232263,50.251096677082444,50.25998621970771,55.930901723231344,73.08895570507507,99.000493395278,116.47469647481542,110.84152514347956,107.58922533742691,101.34518707616137,99.07944578596971,99.24905721462238,101.6618935335341,108.74973760120113,109.40583693472263,115.38601513421608,118.3257298662119,106.80225461565,98.26872919803556,89.29353336714969,85.90227063896073,77.88294633097168,73.22139503356861
2025-12-23,57.9451656612401,53.67527107044242,49.1798510775177,46.80343758353237,46.72238061578943,59.337894097555704,81.49736403326919,99.54484130237563,91.7050078626519,80.2329971422979,77.04323525115484,71.28712237644692,69.31581514882889,70.4805173948536,71.7613691785302,75.34948217173886,78.71505293277102,79.64423682670872,75.53267864406217,68.19595727888765,63.739089413504516,64.27770280731846,50.34466991357428,45.84681095287279
2025-12-24,30.061020282373462,29.11706687657643,26.495449596732996,28.19862337279615,29.03117200584431,39.0897587721972,57.12693359186498,71.05352117223354,65.19920027940599,60.742718039080316,56.55574307538721,49.96593397819842,50.8189540020541,50.38226975328378,52.482608260319395,58.8589601383335,66.76565762585145,68.00449949384446,65.68000954230678,60.46799569648337,55.38043334806055,54.77147413510825,43.074828764910094,39.137521484444065
2025-12-25,35.04391307086543,36.74263625358782,37.60713651679514,39.47387554255192,39.08041182667678,42.65109819848345,52.240603668994595,61.25110807049383,62.17581224561637,58.012158891671774,52.87701201009729,49.08227945239051,47.56699825938607,54.44717125688109,68.72264976191883,78.80720240705872,97.0755290667781,107.71151490697814,97.73229438112458,94.1059505507972,86.92050608128235,82.70309667525608,71.28811078371182,67.80240886181733
2025-12-26,77.18798558384105,77.79845236320686,76.90983058052532,76.50476389010535,78.59191677640595,88.86238057474316,95.79651611724488,97.6494941097304,97.04678131248474,90.96664054200349,84.79679816724544,80.04561134873566,76.78189383301594,85.7116629596545,99.82446033502345,108.68656529583598,117.91579580891276,129.7147624620625,119.0039016822922,110.95251141212914,106.86054370968102,104.10170540333775,95.66784864451066,91.94509548956243
2025-12-27,90.6627843938212,86.5551514902252,81.87921960085117,83.18866167362907,81.9794509803353,83.00718229901327,90.21888853897686,88.96562006485564,84.76210157741738,75.17952700609071,72.78854477023725,67.4507681519009,65.8097426579796,71.29335156710565,80.42559106383786,87.91028316192262,100.49903544278371,103.78318081010178,102.08930464155684,91.24498649007886,87.93711388612525,86.86894328654896,80.72967482752603,76.48690020400946
2025-12-28,92.3861913921387,90.65891725500208,88.65029159875114,88.6610763260382,87.91457966054169,91.7473225626005,99.4587285198348,103.6737554328086,103.97033234164755,101.79577726764049,99.04387868737149,94.02708332422759,89.76685599676692,93.12036597652181,99.23640310920595,104.41206481740852,114.0550305930161,114.03784016132589,107.60162872191388,95.93676483732511,92.51847599257589,93.06264316620421,81.51583507007196,76.16432271866873
2025-12-29,69.0832313980686,64.89300016333104,61.29726155942896,62.29402083738934,68.98933652747755,81.91767394432867,105.19082215880664,116.61136632415945,109.42263753080874,104.6847216465842,95.42011082131889,91.73635880048758,90.64765810376974,89.55235185730812,96.44077302738455,101.30952467911975,105.43826626377813,110.35736174469334,98.32978462796089,92.02330702649031,86.44605567975212,84.99090207700746,76.37847447316169,71.37691067470159
2025-12-30,71.3721353828688,68.98738830090028,65.9655428152137,66.18526425578048,70.13495087036245,82.04339070461302,103.20428564096275,118.4730775222608,112.89952335026268,104.44480704543878,95.20605870819408,91.85602829353809,92.25400062376755,96.8184054264531,107.77951710896204,117.66222404227835,130.74165381074505,131.4348941754576,121.5444788639324,111.35163606505648,101.7720642364232,102.40415717042049,89.01742777664097,89.15347505138942
2025-12-31,68.8921753997022,64.09790277712617,60.055009956159836,57.98393059592247,57.878552943060924,60.50947067224142,76.1381726820312,84.92722256267747,80.89499717144264,73.44106301033693,64.08605049471527,62.701710975549034,59.58487424449744,63.25137912498839,66.18740142142754,79.25470768906207,83.15451642968051,82.54667898639528,73.9812439205794,68.20999536998602,60.77350869854047,62.360770013010494,49.34452121034438,48.13541230603775
