forecast_day,y_h01,y_h02,y_h03,y_h04,y_h05,y_h06,y_h07,y_h08,y_h09,y_h10,y_h11,y_h12,y_h13,y_h14,y_h15,y_h16,y_h17,y_h18,y_h19,y_h20,y_h21,y_h22,y_h23,y_h24
2024-01-11,95.34299388007345,89.90885179639167,86.26172096934269,88.70380243109659,93.23772911427162,105.0357254960995,119.70078191033333,128.83762162629648,130.1247155844474,126.24696652651977,121.42453319553957,115.04466755038476,113.1836894813816,112.4764884479899,114.60228298774959,120.08241739438058,129.535666736738,139.00693978207602,135.0664751376276,120.49954644426992,110.91414169214929,109.12195875231768,97.88175930658635,92.7055955740217
2024-01-12,86.48422159144636,83.9188491981431,79.00673437561433,78.70451846717495,84.39312388162367,95.8098240340783,109.00637697718459,122.47247205276344,121.24225352860827,116.99271619174239,114.26929118496773,108.69386186758862,105.70459088421794,106.57680336726875,108.78888433176064,112.5533691050143,121.97083752549487,132.80647122180562,128.18399030473608,116.64251275952013,109.73026567013416,103.62385448187712,99.69525743904966,91.33077679921857
2024-01-13,94.7137633452609,92.1243178086423,87.07678288114391,83.81955198352887,85.26627405850991,92.32629443978006,101.07804373002084,115.24232592301264,112.4583415646413,108.96069784278674,104.71698253026867,98.20791245201055,92.82275563701273,95.6766111256726,97.73442591224838,104.1712700504474,116.6855869300326,129.45486375118796,124.89275620268218,113.19497673433742,104.96826304156151,101.52968305313426,98.55857473602855,92.41404549926591
2024-01-14,86.0692271185811,83.60143762218593,77.70595376351145,76.28341143847948,76.90580464443624,81.92368087077895,86.79910423001526,99.08667947278998,100.01200204261602,95.33890030559837,93.2678064557525,88.47055204899826,81.25256111902586,81.59794761961163,85.67180620525238,91.8546000564243,105.01831649463178,117.07507106843258,116.45697042803316,105.5699112807373,94.64671881487119,93.09424347991752,87.23853675154115,85.35206800222846
2024-01-15,78.27962388076466,74.43051850687084,71.92805570606208,69.91018406327126,73.30793887667339,87.19937231058584,106.6681801929494,119.48235622161076,116.14383019256121,105.3679483274444,102.07642738861132,95.92167214295974,92.85972554446806,92.07270438456968,94.93339662264626,99.09907244451685,106.68097265235241,118.49087342307934,115.84624225738426,106.02814721599657,93.81176112880038,93.95766512727127,85.8435155139507,83.89119807678252
2024-01-16,66.33989110519563,66.2519236382631,63.7934383515345,62.36763092007749,65.17403665864468,77.38586021876361,93.60745044955621,102.94632496652163,104.64003741170637,97.07413151892564,95.16296955456053,87.49695062851977,82.32919725894584,82.16849036265393,83.0170207289131,85.98376214615999,95.0474412335269,102.33944127277077,95.60933376397102,86.02624346484441,76.45093195186976,71.44414114678563,66.44390135739862,63.543610771419665
2024-01-17,76.12763486814367,73.67081839107612,65.0918013423761,58.58959103211746,66.62490039615571,79.76115413277748,101.0177012621819,106.20304306302026,104.5770627459465,98.68955540457995,95.72311421765662,91.29731649151117,89.14756125112314,85.33356383579206,82.37592004285062,83.13834102619393,95.03571089830214,104.5553383897869,103.2351822319973,91.76814970028599,82.17278885666008,80.31998844655658,72.66495204215474,66.48675563429376
2024-01-18,65.07290520171544,61.322183171831256,52.84852957018346,51.10563601340726,62.98520182797327,75.78168784075193,91.61231078898504,100.66936317959485,100.35991122071415,97.72884844062352,93.54856263419562,88.13646636430417,83.93988453237843,84.26121982389165,83.95753815426711,85.41960485433424,96.00626231225635,105.90919491476554,105.74793822258208,95.69069787807534,91.34854951090688,85.73507126255234,76.35226162530132,78.50085414945136
2024-01-19,76.5256433717191,73.96462975987114,70.92306483528625,69.49847706979429,72.3510919331944,84.77353577925062,100.38458971715015,112.07605250882061,108.31227577226389,102.52856445058433,97.37611653980184,88.65044043037767,83.3959249776999,85.84225125397668,88.09748737268607,94.90691482952947,102.90498373360124,113.29589638930996,107.94165239130356,96.287374155643,91.43413325440942,88.64568872741299,81.32369080470033,77.90316469934402
2024-01-20,64.64441530252508,63.41588959750716,60.9558150968755,57.6466209370131,57.810006327670806,62.62260896494011,74.68920113791077,81.6728166310476,84.14020968115965,77.27217697502512,74.97176142141693,68.09828402875472,62.75525426015149,62.178726241213184,61.886509205069146,63.22558194586993,73.11515722017887,81.52253452928258,81.16688896278096,70.49700965437628,64.21419440578063,60.953008210602775,59.576567272276904,55.606676132061125
2024-01-21,70.35270023313339,66.35373911296787,60.5094149304527,54.215740501412455,60.701230999081844,70.78866268112759,80.78360951234316,88.03297700800404,91.23175817137749,85.55283713405744,83.8087815018545,80.4794426000456,76.91979907857956,71.15982452071493,67.58525056275113,74.60266560062436,84.29531633033346,97.96217858520397,102.73527451519193,84.36335440230565,76.66364373703631,74.64744158713775,70.55592754297032,62.232540078836806
2024-01-22,74.79674433877557,71.03512753941567,60.386209824280336,60.36513044434433,74.34138914141855,93.3855306820221,104.95852827851688,112.02444374785988,111.76590009036758,106.12902943986904,100.6250474293533,96.51776955899436,93.7302118964248,92.1224993671305,91.60552323044953,94.72112181011971,112.49009209661034,123.85999768123385,121.48076189620477,111.67128369879926,101.72371467049122,97.40727241198411,90.15900848692536,82.38389030410784
2024-01-23,75.13165271293425,68.94129345548558,61.66270718874762,62.53830225144625,78.58039572272699,96.31635624196574,110.6806282227776,118.24287499012249,116.89322403738188,108.49178218841547,102.73522374848808,95.32242947250978,91.24388574079765,90.51825683754561,90.92376214611863,96.17699748211564,115.66870454683871,125.09941982275224,124.23050007892117,112.14865043412343,99.79601458060665,97.06586566516135,89.34706942012065,75.9661339568105
2024-01-24,53.355731225921986,48.53674429134308,39.21001077940082,41.12360756874995,54.79202251476232,68.15546753742109,80.84909705338183,90.88082635253683,90.35194039788755,89.33709787359433,84.90406952233087,81.10254160162081,77.35136315292675,80.95220195806897,84.05767982699484,87.92728015333618,102.7507391489319,111.04763487691825,108.50260167342603,100.70257632694745,88.78146484246041,85.94237756529262,78.67374973684643,75.18254139887017
2024-01-25,73.29517593615581,68.3042090797838,61.76159904425146,63.06057094957663,69.25255992342433,84.2973592286158,100.48906904322988,102.4659483040334,101.48631190882175,91.53136210183983,91.69791206484487,85.15848208930802,81.19294690812191,83.81451938812951,85.08878228077356,94.6771960574143,107.29783515713073,117.41500143754358,111.22942696970095,97.89170748407352,89.84969106189823,86.21364690386318,80.81206574664618,70.94248439712254
2024-01-26,53.60551617019331,50.47109471800239,44.43501837968462,41.942738274380005,49.357576192763375,62.50140551556737,73.78106286377292,76.57953389115997,73.06290217809232,71.6287317069066,67.56768186854134,65.23647137243027,61.54896207893128,64.23230656739354,65.28945547124393,69.33085081702427,80.58622736142702,85.56545105808439,90.86789666671352,85.64143268807585,81.17339715011396,78.4178614158742,72.84195553464396,70.77179968423438
2024-01-27,75.0996791625274,70.02875206228565,65.23551607503764,63.30664562290781,62.63136237331054,73.46636151672654,80.9508799558643,83.42057793188981,87.71125673767695,77.60293195614895,75.52660547260732,68.96779405851903,62.45728128103259,66.09344932224356,70.3328925817948,76.17458323171894,87.73543780930522,94.86166941835705,95.5482027403983,82.47987238759208,74.21712123907213,72.3681442382552,65.52886041393528,57.325018911887824
2024-01-28,62.96871768852198,61.63715124101388,53.10725668434826,50.81982751129824,53.986645327607675,59.5965020650778,73.90315072667661,75.05011452764626,74.34531755957292,68.26122351013521,64.62405891479987,66.74238259584101,55.39690602313584,59.35654206937389,62.97005790314388,67.35626353174229,85.99944210660719,94.62816365339337,98.47504289023279,85.7680442443294,76.73377184120929,79.68085666223291,67.3378984281988,60.95989871660946
2024-01-29,68.34835555131964,65.17401269014948,57.899581478208944,56.50201338482185,68.65199385733791,82.09304939007525,101.48323346428549,104.37578200444409,102.17687343402643,92.41508179062033,90.98322064693785,86.39947905798242,82.58404924211715,89.36326289505925,94.304074541533,95.23818742024298,113.47731782120368,115.15644105618867,117.81066393785898,104.88277237605092,91.3828287129977,92.31007399319218,81.78489809308675,77.94595325888085
2024-01-30,63.29474472900557,59.26918088461912,54.057455397738906,54.93713412654837,63.41354185281189,80.41929032866852,90.37949750063312,91.41598368589227,90.86349277607445,86.24970265163101,83.07211892616324,80.20951367608124,75.46688714250456,80.65500989606838,82.55776459407983,86.99952380850402,102.25223097283536,110.42795427443174,113.63429973281163,100.59009228433406,91.57681074745433,90.84409034053392,82.87364191130607,77.89266247154097
2024-01-31,79.54622665837209,76.01354349988627,70.70125889103875,72.5278284358034,79.5726459813973,91.22801747485875,109.16393903889684,110.6781983330959,106.93632446788362,93.10894849116637,89.15839942719843,84.71727531879856,80.79163798617422,82.92359179262586,87.10915970368941,95.1030125870462,103.6459260125492,114.3760752899488,112.17403996925819,98.19672672563681,88.80910003570006,86.77128174572802,78.14626187845246,72.77907891045042
2024-02-01,52.16019357838279,50.70497614685203,44.99925921263515,45.03050664892267,51.61366574147253,67.09907275802652,77.17322986480237,83.58802202079431,80.29458612336542,77.2012849983909,75.98303068649082,71.89091625815686,69.25963009971095,73.91068294778626,74.42518169594415,78.7702449414833,88.37322769295444,93.31072138645222,91.62104266069066,85.3183131120441,78.1899718554729,75.18907036476662,71.9564908105775,71.21770418899531
2024-02-02,70.75450064511409,69.03251967599645,66.53303045367392,64.02631770947451,68.22932636679475,75.71567035050522,91.0650448523495,94.74439163711298,91.37075985949983,79.49163275825727,74.56349584315114,71.48936452132064,69.0349149329504,70.92844743988461,73.08847332171332,78.44478716333754,83.90033528695774,91.53308753704526,89.82718321011347,81.29868134220726,75.64791900979505,72.8596850200619,68.43636127960727,62.02944620620514
2024-02-03,49.84614407071369,48.37074296345578,42.61088201370457,40.94569007415494,38.97834522606614,44.28840644798878,48.67301492303325,52.72334979993552,53.41121769226005,48.20013342118558,46.476928473355485,43.590181933952096,38.46757486621914,40.8232303010479,45.03724788986008,47.333161624462576,57.324021275469164,62.55353387077503,64.17199945433066,57.87547475536091,49.987415815775734,49.517851477235126,46.950138742311964,45.24863042389656
2024-02-04,33.237404108851024,32.352100827317926,24.805817162669968,21.81136671366491,19.616794801999703,21.16081067167545,26.875904924131845,30.75823599039171,29.20960009425852,24.167945885730035,23.978371993489873,24.80708623765301,15.360117785693518,17.728726271546293,24.895140364121573,30.16435827126523,45.112198057997574,53.12627988321134,54.29765638182215,49.42022020683069,42.030700767867955,41.296082328512114,35.5523661666621,31.966612123060628
2024-02-05,24.93072584075513,23.916289191681003,18.193591086358992,17.495598654853993,30.078570887558513,48.55160571701643,60.76870249405388,65.23909198219947,62.68631559763581,56.602142692425346,50.19410282204639,47.89442227564551,43.17952567069388,49.47811464772012,54.075427431629635,54.768417520207734,67.84179798886804,71.24866042157021,70.61578921621626,62.1137420162306,51.56986642524667,51.23062606846112,46.92104451729138,39.80426127218526
2024-02-06,38.96753862858925,36.73958942235144,34.05741384581761,31.59744759047382,39.66869913891311,50.381115789109955,58.86271753275642,65.88341976443043,63.295977174281546,53.08868609387983,49.99308499436009,47.905754461204864,44.10953880391173,44.730027097135945,45.03249718276079,49.03143962892156,56.480320469206475,65.3031993745669,62.651270106289104,53.363403794229384,43.54946962977736,40.134847165329475,36.33460753107083,21.519810427707256
2024-02-07,28.635929116406658,23.199897124873488,15.494237164328169,15.785915428504964,27.13370459805634,49.67274793191331,59.55332058100447,69.2314871019659,65.57973384785709,60.14227206689104,53.2496342226938,52.99641632094398,51.08219725177233,49.59650761676279,50.46171490145278,54.22798617405377,68.54116602455831,78.81785355273166,78.27059704761405,71.5101210982864,59.9891437841473,59.55020793468523,55.187459864220386,47.19077727599708
2024-02-08,44.097155230132884,39.61056708557122,33.234694318802894,33.80201826020867,44.741708508496814,66.78180365541536,82.55625174720805,88.67668717210191,82.11338536955851,69.86551696610142,63.825330459429566,59.97260885975875,58.02408324858342,61.040760852511326,60.20865085310339,67.99298378330494,86.52210997623354,97.22364141707133,90.87246226122367,83.06967584825796,68.97517546580457,65.28611395882075,63.38931130540797,45.32035848636252
2024-02-09,13.89878228883795,10.602164256270342,-0.19607846231605208,-0.9969537848136838,14.46679571353765,33.060341341828575,50.14429971805741,59.60150862431456,54.8115196497573,54.00995848045433,45.566824954072416,46.72698286768737,40.71503679197572,45.70236521725583,48.6363800322699,50.675417795675656,64.34638229098836,77.38929570695176,77.27214517324906,73.66393103507069,63.83702990550181,61.79138016055279,60.45638939230919,53.679366361554585
2024-02-10,54.772003054589376,50.603238794920614,42.87178204790487,47.75260094565462,48.27328068802636,59.85362252935607,70.97444125451447,78.33512796950016,77.27437624682725,65.30166037068068,63.988737946343036,57.62230040998941,55.30542572418642,58.96402450670496,62.69335858595166,71.42014065632607,85.38591326055493,94.27243360021994,87.27658043322576,78.3118723329243,64.29807872607441,65.28644949934636,61.87537420229158,51.91201364065218
2024-02-11,28.780668806839913,23.507655306627512,16.21988424887897,15.840689036528701,17.932614364108886,19.61335021100632,29.19838649478845,35.00581825646978,31.04283869377244,31.737782997861757,29.718405123078696,32.84197126078567,23.579353946079365,21.995345034196376,26.373441105387172,30.840962208691735,50.54813324968703,62.96775890883663,66.47324662505468,61.34787775043924,55.88741055776069,53.829145901518885,47.59545070493755,40.76748925295952
2024-02-12,60.237504245454545,57.307669332955825,51.47558428766553,54.28053922680718,64.92946091991776,86.9292345620472,101.56775496470561,105.18036231703343,103.67027661111553,96.48243823753789,94.48966814840061,88.73116821689658,84.43786008744219,90.40675806207781,90.49109159248403,94.82790983286866,109.40396752666057,117.43174649404347,111.54847014932515,98.55710155154956,89.68619449716104,86.62113144707966,80.62824421301352,75.66121790580519
2024-02-13,67.82222966426117,66.84664001738855,59.9801118336365,59.54508669648904,62.9084349236832,71.2599935502278,85.93556608974072,89.83565977743905,86.89153847652031,79.09163297131931,74.82147088417484,71.63582247865864,65.09784595262457,65.67935354652113,67.45791237205444,72.75864387474012,82.33259215767383,88.8539351069729,91.5487358885029,76.70648539433624,69.14844731767435,69.8391354816693,59.796967086791156,52.01051777088351
2024-02-14,57.17212133226383,54.812316916436686,46.1639642499577,46.736713411098606,57.51167724893095,69.0298025867724,86.64348520840613,92.90404949068225,85.62998307466357,77.02726361567689,71.68256150668263,70.15113406502725,68.62852972846957,73.6980943397455,77.33596659169588,79.73203940222699,95.54511780696541,97.04708158894448,98.63963299860994,87.53514101318049,76.59498589420687,75.47487923005613,68.34895118433695,62.11846363825457
2024-02-15,50.38701137245626,47.919604019120555,41.54144926297475,40.790146201814096,43.81093860464003,56.206592728236814,69.45924768509963,71.39700964883077,68.17074895165658,60.59612138999887,55.633685682743035,54.275967846271385,47.628090103730756,56.02419045316168,56.413765250795564,60.5764061075444,77.57687673646802,82.4704462323038,81.43050503511452,69.03609239781272,61.167892942458906,59.29924422541042,53.31492628010298,43.41487036053044
2024-02-16,43.28855206381172,39.51406397589882,32.6865204527716,32.90302692326529,41.7189823205041,55.36057879225439,75.08821796306074,78.0132996146943,72.04323829148241,67.51477785614962,62.988876698980945,60.07267404051679,57.75231063895481,63.96001794553413,65.61778625633396,72.33724913425281,88.63572968430316,90.18206013141845,89.41877237031301,83.46292085653216,73.28503433264693,71.75285958981809,68.86271948567058,61.628362884582316
2024-02-17,62.79093312129669,60.175399409988614,54.65165086445005,57.168460683125545,59.13159679477539,67.64256148239609,74.37861698664446,76.29115111743857,77.02871625522728,68.20106573765557,64.98325295503847,61.207921188482345,59.54826270997009,63.8372246843405,67.6419925792401,74.7745939880431,85.63303830535007,92.03277451724286,87.91316790884581,79.62478462553463,72.65605585596155,69.50450115593453,64.54339620924024,60.819411597438105
2024-02-18,52.18587539302193,49.60564378976652,40.9415638607902,41.05755185421717,42.712088617832066,44.48827234779756,52.640110293704026,53.74285008867207,44.303197106305475,41.507891066688956,37.47293547677319,38.75381280502083,30.632815471782052,29.11551707411462,36.47584542767612,47.15532398818107,59.58263360960606,69.47734648099043,71.58167886906816,68.91241166013782,64.31169940011432,60.10478907261199,53.6493498305596,49.33001993983814
2024-02-19,45.03808301680154,43.703542874811504,38.92282495700219,41.690246425332944,54.95265237248303,72.12959162705107,80.49186645241772,78.49280666285705,73.81391595774001,68.43954288478196,62.295633747611106,59.45177146721217,51.39943910257384,55.39529654252968,56.10933268068928,60.050644341216795,75.14401139765829,80.81228394658777,83.65553802889828,75.28918247812196,70.62815495092079,66.85747041580905,60.02557282910759,54.058403378017616
2024-02-20,54.668777611740566,54.58743258530765,53.161972001427856,53.84158975833536,62.538727395083015,75.04756527542797,81.9422693509276,81.42558412820026,76.3493263812476,68.14981728253885,65.26958979908336,60.08496074326888,55.554104536001844,57.50114719159575,63.20552906106697,64.10699131320541,74.1441185311918,83.97000253426013,87.92153984252833,78.69522265311255,69.40765244869588,64.56870014241287,63.78497557696248,57.56456570819651
2024-02-21,60.11562957328999,57.21961204764983,54.0413211826225,53.66727772777135,59.10592041022937,66.50106651054593,77.71759161375289,84.21200787820312,75.98253062258523,66.36751010727997,60.6327402076528,57.94650478798401,52.41499108032863,51.25791913058424,50.641145090553096,58.01373023952959,69.5735625305262,81.34055449930152,81.44487997865299,70.85839549410046,60.397651399049266,55.850979301910144,47.19383051898991,30.86620275432955
2024-02-22,36.17684087265137,31.50099327734374,24.560441418902215,23.833042211655425,38.79294368931599,50.784191911358405,70.97591949622286,75.38912123932941,70.43776266964785,65.44996533871041,60.14975562325455,53.597438703932184,48.232670925390636,56.01770012828999,55.039568275206165,57.76990173686714,82.0400729155305,95.7283502298039,95.04426775551012,81.01440264332713,66.1592091250111,64.01181126878004,55.3908194358052,39.996726043932355
2024-02-23,27.35571579534067,23.611496810263617,18.18745576040321,20.38145827949232,33.20700204392284,55.171169984590975,78.15191080191177,84.17484301070408,77.20424061372253,73.48353113008288,70.48138010672362,63.44873917394264,63.40286727459009,67.62203052224096,69.3018377841643,75.79447003235056,101.59049716862785,113.33259714316377,107.68142147478281,100.06771291727868,86.5611783034867,83.3004867686218,80.05987769203114,72.03756978373418
2024-02-24,46.89529148923232,42.94841211197061,36.64083503549898,38.52300426103679,41.97441626373207,56.21151512175,64.90462512621896,70.96360219374895,68.3004130012481,57.54564018269119,54.05570770647843,50.53293164733249,48.88616228290796,52.947829327348416,53.31323861119118,61.30760576864256,71.78727812060883,80.83850989086123,76.45311945133878,68.23402150254016,60.31098474565174,60.29103611489715,56.29161213234819,49.49056397979675
2024-02-25,27.257153995889738,26.17780563610212,19.618427613316797,17.429124496872177,16.618168036116955,19.901731164982948,25.022823928395752,32.82616812054752,30.765561125398477,25.803336689208805,26.810033994216354,26.036444432130935,18.18945858518302,19.82408112164069,25.243100819014202,31.222811701549176,46.34894620279749,53.719099743155766,54.40705542210537,48.978987205050146,41.88438472694506,40.89123298312981,36.00883232400628,29.836179574830382
2024-02-26,29.833823824758,28.771142868066804,23.453920164018513,21.827429148814318,34.89868687583214,53.469710141126555,65.76373753656333,72.9592544788169,69.1326807939859,62.063707830889555,56.92378778542992,55.602682098432496,47.559018367925916,50.206970694163815,50.19578950476202,50.080304697188154,65.68678441353057,73.57373002618837,75.99819617947148,64.49400714284948,52.59058070431375,48.942721208599934,43.49151947099459,32.43636111107875
2024-02-27,31.575515222365013,29.030413463314588,22.32252473301061,24.278433820643613,36.049575610543016,55.02774892052493,68.11360914500074,74.28218090081724,73.33835496593814,72.44813480925801,72.85917641175904,70.96668938137383,68.55304533472948,71.51257579606003,71.96834305275983,72.49776968539364,86.80752267827013,92.67902927393878,92.283092268607,85.97569717446179,77.02660528364129,71.35488375003672,68.00318161956581,66.91864179097179
2024-02-28,78.76686241556655,75.72223546612148,70.74507166525916,70.66585208336164,76.14124550218183,90.19228868198964,99.65766121584237,103.43294695443974,102.58151370169682,94.48706938556558,91.88619692298022,87.60172431091465,84.46686793728692,87.0947000864989,87.70940941010241,94.16599179122176,105.82687499934354,115.67438101999473,113.01647468593049,98.74849583813842,91.5047365567448,87.1304060713925,83.39721774655223,75.48411122122869
2024-02-29,77.03094113922081,73.97238825436203,67.45561664380504,66.03421228229313,72.75155555456074,81.54009230322865,93.3199128875243,101.49549805906878,95.84309485877,91.34597771861873,82.75718963338245,79.73526775990695,75.14289104662187,77.38118674905084,80.1171169276721,85.9323821698405,100.41869436272523,108.57631585205229,109.26165173597371,94.53637509357878,88.64962110654879,87.93088437812573,78.624663659747,71.3839208643257
2024-03-01,56.04036729921526,52.677542766393984,48.63114714212533,44.583625820419016,53.10254250102048,60.26902410432331,77.58508127849377,80.02162684226988,73.00546880760916,68.74475080583065,63.16232328611751,58.46675898729242,54.29643125190762,59.3018415737825,57.53920571769274,61.93136285022419,79.79200823138788,86.32209208650632,86.76435320061557,76.79881713900932,64.18427282542744,61.758244283588,58.36033425585116,45.833031018188734
2024-03-02,31.003094209433428,25.75054670494727,20.64241081644323,19.73779730474105,24.286282674750595,39.44526701715253,53.68807969437728,59.08972094721837,56.979600449137806,50.19199564988962,48.929171007941676,45.69232870700898,40.23116789228011,48.842805470659854,51.11737645706262,54.87586464096084,74.74747494050159,87.3913360432286,86.22688804721027,79.82655066065121,69.43260236918988,69.89017650039023,66.86176305646842,62.762695971251375
2024-03-03,62.15746194397012,60.667277120682144,57.03938521413644,55.674535657514994,56.905765042666886,66.02825191179257,73.20484651769027,74.88015489721705,76.23348542398267,69.20875271159763,70.19936644924022,66.42778980766697,61.77543031843395,66.5448095674788,71.0645559492271,78.61281871909169,91.53625157999029,99.681884838845,98.98419786551266,92.17862942793862,85.23350123788177,82.33737443943308,77.9332984492395,74.97004096511749
2024-03-04,57.9135917771748,57.25782668457914,53.09923778306076,51.372582339164765,58.077593977564945,70.38277124199716,82.17652834310921,86.88624116079876,83.15768163260644,75.45101055454133,69.01593085297517,66.20451099746349,60.570345961348394,61.9126770441265,66.33000705657736,69.96060955673285,80.03695393686455,89.41898210639063,93.01941157302296,80.06988518094282,71.38020728975171,69.89276792984741,64.41093414581421,57.37488581539161
2024-03-05,55.830473824145955,55.431250048528625,53.91290459841184,52.140099309914405,57.40188754430032,67.769257220277,81.07763454431743,83.93497958992712,79.13145408279287,72.10656199128623,67.9177146302534,65.34806127749981,62.90080960716327,65.75508658056064,71.49718108411624,74.31404992399045,81.0885615246528,85.4923056050224,91.1416028701002,84.5748393095119,75.08644585988517,72.98947001263654,67.4034822951747,63.21707641790154
2024-03-06,59.48970329614153,59.08607425316255,57.590720181924006,57.27599715384734,60.595553663966655,70.91717353773409,79.11664514518573,84.05990319950237,77.22964165395233,68.39302913675427,63.010238479568045,59.91512727308421,58.88536694796596,61.09755802146974,62.99816601976886,65.5554997404297,73.89775129889607,83.52785736778303,85.69182960408445,77.22600451320123,69.96140867592368,66.5409963029328,60.807002631342485,57.021801866246534
2024-03-07,65.06080981897453,61.46205579443057,60.741176311070404,58.96826530473366,62.05660952311746,68.73341665741815,78.02390981192757,85.14839036832197,78.29063552618778,68.39852838641669,61.88242789806473,56.032086962242744,53.536878088231205,54.53033175949932,56.30349931831638,59.05824433843806,62.90578978210324,78.24981137081447,83.8273851651162,72.39786996655504,64.48164210222666,61.16843755289089,54.534293197337405,45.79046427298563
2024-03-08,59.062275572706454,56.2155601918526,51.80270616779801,48.645946552020945,55.6766322992556,66.85462086659246,79.11078988570694,85.80380468708931,82.07455884592181,79.46929059934297,73.42808083002043,70.51826046428587,65.46046415022323,70.82504206822155,73.68369681262473,75.77725067447395,91.16620626424279,96.0750599573091,99.63684135770987,85.47596330821847,76.37834663032376,75.69519536206829,70.35744278423064,64.81623971411028
2024-03-09,49.23779149389884,46.71069565178965,39.84181987972302,39.08710369319989,38.44023270780755,44.98243298717523,54.760171378937315,60.540886570440165,55.61386409438411,49.91540173043077,48.42696613794874,46.48421814353867,44.0953995130175,48.86400753181513,47.92071779618851,54.86795024247962,69.88741841583771,80.22805995366537,81.46264225036214,74.51631941764047,67.80570081962563,67.06528952425438,63.985535257728856,53.621612650746215
2024-03-10,56.74715390278864,56.38911729706027,52.17374214013269,53.47408599422913,54.80499497009916,60.872465854039746,64.8230230408231,67.37504712238294,66.53939328391611,60.38318545173155,60.54804577436484,58.24988027082924,53.87241836460332,56.66363030654081,60.166225864138525,68.24693580484151,83.15493911365942,90.85896429686697,90.6136485040458,85.94583835330737,79.08259065984116,77.11482499714441,69.81373221836597,67.47614645626786
2024-03-11,48.42687473667932,47.887789221781915,47.938911047799934,46.319862867410606,53.62778221223772,68.82655923062578,78.13961367721262,78.92814291554868,74.15884666754108,66.62801852744758,60.64649574218021,55.453933968737374,52.730251478579945,53.590725862100314,55.87986897088042,57.42819157695476,67.32651518371613,75.93132266698811,77.25118498039218,68.00568160378421,61.5580049155878,56.53709986698905,53.13109194909633,50.33923210675643
2024-03-12,48.648600999509924,49.07925653723845,48.17158626476029,47.58091743383916,54.3739870326077,63.04027745990729,70.87549413007083,71.1453623398506,66.6875817401622,60.12069809743657,58.059291405573205,55.17478897132865,51.920828191673564,52.13064320574625,54.825217784524085,55.74164271028319,62.350840133969726,70.45810421960587,75.76770228367262,71.02410908246345,61.944350545698086,58.05131991279997,54.45715928422332,50.749629455894436
2024-03-13,52.66888200915696,52.29534120497023,49.8262480922685,49.75881634890625,56.402214124362814,68.408099555946,75.12178997037739,75.43110100278346,68.0994790963596,60.92105420369339,56.16868005830486,52.443738299921336,50.49585193410417,51.8019674750704,55.145395263062596,59.072077917716626,70.2331451405114,78.56128785666868,81.67219785989967,75.18901403740819,67.538363814496,62.87369327556186,57.65358912614569,54.99161682462426
2024-03-14,58.637576136660456,56.368480617909114,53.008162797719706,52.99949081593893,57.75032555277626,68.53450297454923,75.13064615015641,76.64049412056166,69.49149854151817,59.9451826674065,53.28641047505782,47.82167427369184,42.84445216298495,43.79722971604217,47.920290730056266,50.57541415529404,62.69415057320333,75.63565439562683,81.31371207784184,68.36786884914608,61.501272719289474,54.570465535155336,52.5210829866472,43.598008648255515
2024-03-15,32.60469940030538,29.429116997763472,25.194276710227044,23.924103307034727,30.558354289981125,41.31137740142265,53.01772769772427,54.89043125211481,45.039963973159104,40.064458259687,33.281688569063704,31.910745989639423,23.099466316075848,26.824432876038017,26.692648686722606,30.919319539962004,50.77774342938142,63.01234977681895,70.3530471844906,58.79500736030988,51.38243415433263,50.202161867760196,44.38502186726146,29.61279743828834
2024-03-16,44.651858930960074,42.24896340184496,38.80535308603176,39.691211577791606,43.392286012230954,56.04196394168099,66.68303183013613,67.45449419587209,57.936526478616955,50.887185073421094,51.038355928255655,44.621092228663755,44.20418429743931,48.57528006384608,53.957123407436356,66.95591464077594,85.81274411127048,95.34564089251734,93.65895797265928,85.48210182389438,77.78436827081927,78.2168890097581,76.25666807437483,67.83666093856382
2024-03-17,42.61020600242236,40.43908656769604,37.49134323984002,38.05041630138565,38.028622665099945,36.78887931267151,36.033830896599795,34.065760741568056,29.860333602143896,26.98650318887539,26.906686514186532,22.671061862901126,20.675370698254824,22.385269412596386,30.916624179352254,38.46115223550443,50.30006141605952,55.9552714512358,59.67110265664746,58.068610063459516,54.21513335236942,48.70489599923363,46.88432843786664,45.244376897435785
2024-03-18,45.12374304614784,44.0642379303671,43.60175321018332,46.02646911385719,58.065110128075546,72.0229127480008,75.99946383557818,72.80331411496391,65.3853748232695,60.38233143506716,55.77546454034706,52.16843045619085,49.434879273835634,51.11443782000052,54.08417117249098,58.34053543617327,70.5683098757529,77.62917332798477,82.54891956627185,73.63821365705098,68.45534585778873,61.977974426098086,59.71585286250803,56.29980241172447
2024-03-19,53.77244079676791,52.866921472879554,51.72293513735475,53.84314358274105,63.931371712342866,75.2365992722855,80.3086972225162,74.46664923893353,65.80501054870922,58.59371658243583,55.01071682460109,50.264660637837736,49.10751499234067,49.43738474315788,53.0468399607892,57.479400461156615,70.05426399746845,79.23719558511704,86.74516858196296,79.547992152277,70.82276032654698,63.96851238782733,62.97161722059445,59.27481885978659
2024-03-20,58.050094577032525,56.13974473018905,54.37555415262392,55.606387864371555,63.327799468297115,76.96033819382765,81.43646565925467,74.60061879829944,63.45564069807649,54.667597228625155,50.19284817666596,45.52691980015031,44.71113300657133,45.673051177216465,49.371037228643004,56.01691792544709,70.37268794518825,79.13421084730098,82.91274139579657,75.1737990212492,67.48899673715802,61.696778291823975,58.746738640853366,56.47319343305658
2024-03-21,53.87112507488169,51.92443915560669,50.37162707994649,51.26242999716604,60.11847307952789,73.35229350228713,77.60892835896712,69.88230170222175,60.051928941273246,53.133479298602566,48.14092375119898,43.47371733814509,43.39979531132863,43.72066760059175,48.02478597163494,52.502103396022534,67.44846809003707,77.75988828534668,86.39212965037314,77.15724903233084,70.77481502510784,64.95803871117187,64.13137227248671,59.20356367630819
2024-03-22,61.57209377297194,60.430421758626494,56.61666115202159,57.423429293441686,66.9186229723112,80.33432834288243,88.56409337090123,82.37118344519531,68.76107900677958,59.949711611610525,54.18338982544746,48.97266135159657,45.97476149380607,43.68245443336434,45.94062464009993,54.50613734828865,65.16108405078177,77.89687028679046,82.33848852221189,72.96452725652777,68.51217151480495,63.1940093824623,57.78450214586516,53.58479356615099
2024-03-23,52.25326004732328,43.56126955236907,42.44031555803768,41.815879342014014,48.864440426639305,55.80174717726966,59.69324475153266,63.2320222320961,50.583313739463804,41.72131610236379,35.312191394590656,29.098629659162853,22.75166562474132,19.99048218000874,21.369672129982177,38.71175396315476,61.77171781563246,81.1388664401213,81.02605787753207,71.46608374572243,68.94959566926339,66.3515909538214,57.05614429184767,37.551667912044806
2024-03-24,27.915278719442142,20.98977180396922,16.68869060205671,22.071486770105906,27.937159501681094,47.25270957349029,54.58914474440947,54.07240235506961,42.069302749871156,36.60548226306207,35.3756549081298,26.827033983086295,24.088926284445833,25.668323784515962,32.4748792932797,53.367041759902534,74.0099160557316,93.0061030835423,94.1462937750701,86.95429153729957,84.7919398040671,82.34134420570997,79.44386061644981,67.70882415524859
2024-03-25,57.434879881691955,54.93704598626894,53.29358676300919,57.871770198149775,68.08375458603109,83.99643117214359,90.91345382154687,88.8621768091388,75.54403253325141,67.63137343016581,61.19512120197862,55.9075310730132,49.26658415518692,52.6287407053199,52.19110666022601,63.37996205213712,77.16983825902142,88.11175740652519,87.88796831453442,80.89131072961531,79.88382043208244,73.16407553838651,67.04877920427779,61.131135161411606
2024-03-26,38.06346387259687,36.44395531587841,35.32909862169876,38.27724436572416,49.14466356353762,60.75719808538385,65.83059883743532,62.55902994280643,58.39456679907529,55.4400133119056,54.45851140853421,50.81416183376855,47.07433861777358,47.70070755484501,49.972885055951934,53.4150146326851,64.40795886717797,72.72253329513626,75.18768970526698,65.67455736236941,57.61631634283954,54.89251717923547,51.79699009001381,48.643166869437124
2024-03-27,49.86697462852433,44.42541887277379,45.01350858023973,45.66623764808806,52.676378937171265,64.7152815736114,72.97123794963098,75.37394894139618,62.95961546880697,53.55273204563302,48.49020935656452,45.77612326927911,43.5638460460511,43.28619434864139,42.676315302474094,49.73134211060258,59.97069013179913,74.03018969242308,70.69588264568159,61.40659635757069,55.16558606709724,49.771821465062956,42.58868128446747,31.958916618429654
2024-03-28,48.26551520745859,41.99507735388249,40.26535308050664,37.024784556404185,47.40278722832254,66.71904179531035,80.05718667268881,83.86617869460541,73.03605748898583,65.59684455083048,59.427676635927824,53.04411161240189,50.34750033124659,50.7542171638956,51.141838228174706,61.51523709049475,81.23867750523594,98.3516992341011,101.07359502595666,85.11538637125541,76.96843736066079,71.39293975330135,65.55124448728905,47.27531095282451
2024-03-29,38.47268518303423,30.948411810599552,25.051210940665158,30.557810229146185,40.18554707325963,65.76189992702093,84.95060405359173,87.59499750636522,74.70265741822125,64.74995398025413,61.98295810102003,55.386277977671085,53.176002941404505,56.7873967433997,61.06545302790222,73.9510477787347,97.69715807394968,115.27448003844754,114.00382857882724,97.74141413610056,90.0860687733999,88.74318012956728,87.58857679083467,78.34712695048592
2024-03-30,65.63087747259249,62.65480330116565,62.47727530106864,62.58201497173822,65.71973604315056,78.18243151112249,88.45097801855378,87.4736552798492,78.83649338763131,71.11936400072801,71.35133041111455,63.58608503977686,61.567828342153206,64.30616124934546,69.61266436259221,82.35169640405566,93.23538905407418,102.07548463638832,97.18884598425625,88.81910480607534,81.03957491020108,80.07032545152731,78.18213529350135,70.03133664028883
2024-03-31,49.1513770063885,43.07161052558796,39.78022959625682,42.36728608566487,44.94956652800242,46.08174579751039,51.403161900756416,48.04849355737437,37.80277955385344,34.26595005375748,35.129418267238265,30.22890591099754,25.477905497688866,23.757416605995203,28.833484832563656,40.286019774847276,51.35336898978821,63.09728369394341,65.19699179302333,65.22286277055632,60.60635853546226,55.07624303469878,51.68149081210706,47.43510637452137
2024-04-01,35.19190414325368,31.194983831752168,27.79538410519845,29.215801884651697,38.27153746313323,49.40150884322094,56.349790536544475,55.86831742277059,42.05942157985763,35.09536715880844,28.680703017792723,22.858922263899643,14.278047359787706,14.146223290710964,14.676175442803185,20.69587403474472,41.09508151510221,54.545172220575864,63.27615592361394,52.10595578084991,47.436806260250705,41.905490461056615,36.63152351315634,26.332996490309398
2024-04-02,16.851966874902416,13.213543006843551,11.739836618691854,15.37537973988222,25.018655037271557,42.2785494326385,54.042608825879555,53.86741747118904,44.16878054373473,39.83785234720628,34.53893536860298,30.980424856959203,26.328088895345886,25.35611564968248,26.421494277981182,36.02078651486039,55.54209834377369,69.72600181796506,78.12922029387992,63.99042167543949,60.939935165179946,58.155679196037084,51.55526981504539,38.51489887298132
2024-04-03,39.676100106443485,35.41311105246126,31.280365334288618,30.896607099448744,44.08356569428466,59.95956809745353,76.79791703951534,73.53932877138526,58.84693488015343,47.86895459093165,45.65021981304125,39.43646044554448,32.702072316321235,37.74195630849218,38.51745011960986,50.56404925465803,69.31875374953059,82.66471013838861,88.14540803939752,73.99151695055343,64.81336071298242,65.32400073781383,64.40079554341193,49.44924594579531
2024-04-04,72.87257637606886,66.1980772007915,60.39318044727963,61.27636506321639,77.69361207551539,91.55089047273572,106.91343202246101,107.10317099379392,97.23922483938048,91.51609113611278,86.51826415600596,77.80917565108476,75.07795950525161,74.77601016242188,78.2271529698101,89.57373656704465,112.36821620944758,123.42185045747084,120.44880887295147,108.70950936096588,97.40993323783113,95.0063474411314,89.85024369815791,77.28584349523192
2024-04-05,29.188705370012386,24.064365436760923,22.726441997001288,23.308227265462094,29.945749508735744,47.19246583279194,64.29206359710032,60.185317342327934,46.18427390764303,36.278915203275716,32.4968311696382,26.435374421111447,23.05005586819128,21.899159696277096,26.028208741389633,43.4791878797959,64.69386219842052,76.97423146958019,79.71368483581925,68.02663724385498,61.59449011851429,58.84506370290735,62.907657127461064,47.37120809874217
2024-04-06,25.75306377596044,19.72956429632066,18.57736964388205,20.47591975398285,24.730907011733493,41.495926481127356,50.45800518019965,50.84679251892561,40.3005382262823,30.42126406384952,25.178221779638562,20.645332154755522,14.239409767892397,13.450161161947989,18.74117215998072,36.59844554234897,56.673620267748475,74.53304417743337,79.94489133322736,63.59521656840391,59.98773639179174,56.95625761176058,54.60835323663193,44.42827144896674
2024-04-07,26.83159882869282,23.507449420703878,20.39693566627517,25.072860897097286,27.692186612973046,44.335465116612994,57.58102007994849,57.50749476961259,45.11122871985046,36.174820744908715,33.8022132772856,24.63357516662512,20.28555872938975,22.330151314126795,33.15737921030278,53.43381574484127,74.098427646808,91.0417518593399,93.89143024439154,83.51697914895355,79.59761085241436,75.30834810860505,75.13936842493973,69.64571171194434
2024-04-08,41.139705864081975,36.61439265990943,34.427825927394665,38.300720626739874,50.710495660547934,65.00272393217591,72.29851182397391,70.37874481962086,56.12693018952618,48.005944891959956,42.995263721108074,36.810885646979045,30.855143479622456,29.82409839535717,31.710319927003496,42.92389945629364,59.82870191512873,69.29500333571136,71.26547994541144,63.44803170889767,61.92422334575272,56.37736825178882,51.15258786879693,40.75018647007553
2024-04-09,47.7354102552855,41.495625867559355,37.67975782538268,40.78510820327607,54.22817845624189,65.34430930811138,79.00318631948072,79.59624505550691,64.46796414853203,59.762479135137525,54.637373550163275,49.29405253629271,46.48162577242532,40.77612759016105,42.21215450955778,53.84467884036961,77.57856667931873,89.86050991918307,96.15568713616632,83.45582560412046,77.28261451124632,72.63700024955412,65.49560845758596,51.26565911646554
2024-04-10,48.983902163189384,46.58300102238729,46.08136953538943,49.739492207143584,56.04291033867911,70.9194433962237,83.45623934014016,84.17380871824228,69.6013589473425,62.89837797973911,60.62901266322304,53.4462957389124,51.015830508560214,47.493820546116226,53.209048769111945,70.1569272307068,90.5414464122597,101.23352320087099,100.33998197835274,86.72437876245019,78.45259351117838,75.64310934984087,72.75809153159761,63.67114406260055
2024-04-11,53.67159704907674,49.590448265915995,48.751870796125885,51.87598767041432,61.11298826790964,74.30468095584035,82.8574022773872,75.23193266344933,60.69639822313711,54.183272213845896,50.6753866132517,44.753705116182175,45.46535849498207,41.53702992683219,48.65819124243984,58.15889027567229,68.50467753414148,78.42843956821775,81.89119814438132,73.08877807099014,67.1012017570473,63.44450901528779,59.408394837684284,52.93512405846525
2024-04-12,46.11794768946996,42.707030652629655,42.57072597431856,44.80850026392824,52.84306737350195,67.5867015681977,73.63663118505599,63.44257488011182,50.43443582702251,43.507359826308885,39.57735045895046,33.2775286382969,32.584334337602,28.001314724941977,33.11408573292857,43.60827383621029,52.93674557079234,63.26553473918827,67.11095556201118,60.486405017388066,59.5574369782793,51.95304748082222,48.72180352605696,43.225886605201765
2024-04-13,66.51079264353109,60.22658501975789,58.936387735140606,60.48727821056321,69.15794670568073,85.81566366024663,88.32068462405616,80.69723691654866,68.48094633844309,62.30879642628179,58.149913167034754,48.2576635362249,45.10564462631379,42.69900585075058,52.514147675155044,67.30348003175561,75.87407400835951,88.74579786394003,90.71208962087331,88.48614676966181,86.33688713261819,77.93337612722735,70.7291598326596,62.04600077445599
2024-04-14,25.982120120083565,20.90514917086115,16.88740782167882,17.582489098173852,21.65459894636659,32.109594353261826,29.23832091151675,21.537611255466942,10.800659283204567,5.671568424523684,5.450538663291184,-3.7229856898988487,-7.2184345403885,-6.550497346363471,2.8821319266902776,18.781158627944478,31.848137716423793,40.86360397133774,46.417014702766835,46.99361208059915,46.60009346796609,41.23492993241469,38.10805938480449,33.528917960240804
2024-04-15,80.04572398375552,71.69436393517432,66.30180169143742,69.9298136745171,84.95049148596408,103.26551038121272,110.49921848397422,111.44254503294273,97.02565972098594,90.18180138848619,83.71564391531633,75.29788347778012,67.29969677179625,64.21662711995151,61.49988598616545,73.43165082741653,101.38423755442649,114.87255893976557,119.38238444405407,104.99137805364963,100.96564438745588,94.47124567549048,79.35284184946049,63.358811148664216
2024-04-16,59.57454587792655,52.04440890372892,49.284921156771574,50.85150128723501,64.29716024720895,85.02770119051966,99.41019926508791,99.78087574805501,87.90277109861397,80.29577421106535,75.82989897891149,67.75878021961738,62.33505820624805,59.584023244221825,64.02010097319219,78.31545107345374,105.4608396977239,119.0495253494487,121.26072836865306,107.65544781100628,100.25467448104011,93.50956676358979,82.04350189356471,72.75743743415482
2024-04-17,32.62061779662466,26.844272856330818,27.492826078063104,35.20103837394336,40.43258195966641,66.43721895880495,78.37434402112555,74.9518323858193,56.01651473526056,41.885211081362826,37.74660006101138,31.985750892984242,22.85747844257031,23.536627611474813,26.72210908908886,43.06059798302286,66.62410153864337,78.01352044580221,86.62808035157903,73.30194071925169,71.42871078347034,67.31924349265512,63.606546677072345,58.622194081087
2024-04-18,38.95955858274375,32.44325539870029,33.139585332276354,39.403370755284925,49.95610529064008,65.36018948739213,67.64029448401826,56.60619486916458,42.8155625265243,33.90157452525028,31.829426494157218,26.987457881985208,22.910239201659962,20.633211748414098,24.076110603864336,30.573098012817496,44.189703217058366,58.34343708978241,66.45042871518817,60.824219062871435,57.17180773158559,52.34245461372065,50.58654113638703,46.39979374766308
2024-04-19,55.28637637910374,43.78241737995657,44.63488448388718,48.879178717617094,56.34268473845712,75.2424599124045,77.66647511061329,71.76995871031754,52.703816443492045,41.29944254420808,32.57459660643781,27.662600181373975,21.938259534634156,16.312568235604658,18.587318818994703,28.969178329344487,48.381875346746824,68.02374206994583,77.31690681996314,67.35087812488563,65.36611796096226,60.973219065485054,52.049759154715915,42.21934955872875
2024-04-20,36.15928511841088,26.52793319327087,26.843323976205113,31.87707507562203,38.11721806278297,56.14064788413933,61.656372121523276,54.95122215695173,35.41690416934654,20.256172804647917,16.540655091162762,7.425660837000322,-2.4065906559976327,-3.0992000319380395,6.246413423744627,25.54150938695588,48.403833254831426,72.68196454032804,80.43200271913048,68.27236585210406,67.81820499014307,66.21160958730084,59.67424285046846,52.993462770302585
2024-04-21,31.55921477510428,25.14116943872928,21.498636018864573,26.41218522165579,32.76731152351455,48.17601279706439,51.2494867680161,45.778326534964094,27.55635538803614,15.272060711802197,12.088736556871964,1.3391491539072717,-4.63535844112468,-4.9709238468747685,-2.373692239687159,17.16990381635921,39.21692718416301,62.135386575960524,72.09906928549682,62.87138175088228,62.6670823683185,60.611403143779356,51.33370000442598,43.75607775991665
2024-04-22,72.73340579734258,65.45496486112192,64.76682214041918,68.01805294233563,82.88948975252798,105.04993467289572,114.27892730436095,112.65447261562362,97.82081926441778,87.51242525681764,83.21558687937102,76.21296632481662,72.20005787534022,68.68318864855826,73.3510883643005,84.83346628848157,105.36045519183854,121.14864603596537,122.76054695356912,111.87686679369256,103.22145711563721,97.67296275848625,87.20117872255551,81.43852492646975
2024-04-23,68.089054368798,59.13458440703026,59.80244642645641,61.7636451973453,75.05534895238323,92.50831609335712,98.61262104006785,86.70462024556001,73.0234590872801,64.34827469656413,60.736404787745,54.280553397568355,51.14553457806083,48.270500386311554,54.256622465927876,63.774725079191214,73.98357419469646,88.50141408027382,89.61903057935127,85.81337961658313,79.5368130730151,72.47257152481491,69.10495809901347,62.948175086391615
2024-04-24,73.96302076570673,66.61500614043663,68.18112490895052,71.37961834257968,85.74168122699719,103.06841963007139,106.67357504075903,94.2501115671585,77.90744409072099,65.99566737525373,61.378102068734705,58.90240602113332,56.50440065535001,51.06478992538551,52.27860266080536,58.90381194037266,75.1041236987259,90.3892817456028,101.29793938882278,95.22527209238497,90.70847542808383,84.41115376843466,78.9614437284323,72.25164302622893
2024-04-25,73.50825810696372,68.97297690749083,71.04321371058076,74.39840598541127,89.80403663497418,105.52823915660372,108.7165698918616,96.00341374012642,82.63179183488849,72.04752739633965,68.43535278648471,63.802607652933176,62.81459508635089,59.023478572176415,58.82487118873766,63.170550937125114,78.72317174422876,94.34750974247015,104.5689642825617,99.36635430622123,92.51040528069913,85.70643089582006,82.31202087667444,75.2037145989907
2024-04-26,71.31638878514394,67.96966011614946,65.54496455845606,68.7449568825457,80.55405973912957,93.63184938557191,99.53875963910568,88.56602288401504,80.12827493877694,76.06133949454164,70.7428945951178,64.002273203718,63.4966063921338,59.229705670749865,62.32076503946661,66.29450139614835,77.5951828157722,86.73027666083871,91.10069199885987,86.10449127670762,80.89180361757923,73.18682435296725,71.5833900940253,66.01193402067594
2024-04-27,67.90506895341,62.91981258197306,60.08791970837582,60.078192013745124,59.76797239316939,64.11713053665832,67.44683718029233,66.96509615847557,58.63920963300326,52.872443179852354,47.81758543131565,42.60190964319395,36.91297021360012,35.01796878999993,35.85491611696679,44.05389290971134,56.407750777542134,68.81489847669422,68.17230944581232,63.48124310690716,60.21804134684936,56.413088942375154,50.73252081636322,41.14409640885128
2024-04-28,48.748725392648126,38.51287455457815,31.76051619655516,35.66195782307196,43.25304934985337,50.98631332443779,55.449733394618704,49.573008505418585,38.461890269728684,36.58413223252248,35.07535382471761,28.899599718426458,23.88156010443393,21.777059770650396,30.945046176496504,46.06608611718778,71.36267325566655,86.96479113430178,92.62748422194989,88.84429158886977,89.05948932906324,82.93805086445435,75.01068118451212,70.21124190510096
2024-04-29,63.42524391047414,59.55177998171925,60.74463198216079,65.40440807044388,80.35129966927852,94.93302982223064,104.71893963503031,95.72819823025243,82.82116595239636,74.4619750237414,69.94999175674614,64.2332895674723,59.711637541013786,61.44465623728695,63.73938905918854,72.75253686922532,91.73284819492554,103.90492411552063,107.62458788942507,102.51519529433943,92.77188973373867,85.02921897004065,82.4324831271179,74.03133989843006
2024-04-30,55.50814094283437,51.69813154219047,52.343504233868444,57.448151751419076,68.13137066165588,80.47847267904005,84.9355496767814,73.8252305261329,66.00831277594797,57.46163105919608,54.27014279892235,49.63605146393839,48.20034391155703,44.718001979465114,47.47638558375009,52.52980699975329,63.90590910313672,73.45176531102823,82.05003177074538,79.90222542092886,71.29096002666073,63.61400698584286,63.8754122893469,58.859849317644944
2024-05-01,60.20819970366878,56.3647827269091,53.21245503545957,57.52056408191122,62.20689147166861,72.66615472513136,74.45242387461548,69.4127061710348,62.491092870369116,55.92272342600363,54.390182045408935,47.67881186917934,45.727274141074886,42.61855088857854,45.927942891229875,52.48816197631696,68.92885612093353,74.70593209574025,80.62080175470273,79.96038205285055,71.63270211437958,64.66358297282552,61.53817139611559,53.89052599865488
2024-05-02,43.74006259747091,39.90307089308314,39.805315109727914,45.53934184406788,57.75954384164022,69.35419106770478,73.57456668286854,70.32585003528085,61.50686855291386,59.21805690388955,56.72303642143331,53.889124931124684,45.149801159664705,41.611897058401,38.92074244851325,45.28705626893829,59.35850462401879,66.83204843560407,70.33421068840724,69.04150303389878,65.00005961409052,58.28867093192726,51.976921624488554,44.184985179943794
2024-05-03,20.795955294814803,14.583318051477164,14.99488012600122,23.257643712037407,31.774834957282536,43.520397000781315,46.665004288621375,39.78881912915497,34.237165877750044,29.28987694714033,30.879447504803807,27.530645906510074,22.617988187484684,19.47026751951313,21.87898798139551,29.779849746265853,40.1798469115065,50.35494148716896,59.371310798051496,57.776856938908765,55.56192383702593,54.88154121221473,50.03253255705991,46.773682387643234
2024-05-04,37.406698524521715,32.86162904029776,35.097418942591474,35.48852583698138,38.089021380847754,43.62986135808785,43.856349957020285,37.51147988834896,31.963149413487685,25.16711529804158,23.609361613545673,19.27649568240531,16.86883560929715,17.185208452059612,21.53916520292097,28.578636364994594,35.98236598406456,42.06535398471567,46.27369579541198,46.18922825680451,43.70363632146841,40.52172963785779,40.37189678333692,35.97597376930074
2024-05-05,41.157914082906814,36.80609622008946,30.553730100253148,32.17078098263801,33.40233861504254,40.45212628257812,41.38348165858477,36.960540146472994,31.358820573681896,27.474072976608767,27.999098794562315,20.75015928231352,16.59386461468435,15.233616810528986,21.17864223269696,31.62781430525507,43.44298829217982,50.090489930862304,52.88700956010993,57.06015613379448,54.100767556579655,48.70082575990729,42.85203844774382,38.927899928968614
2024-05-06,35.926738048975835,33.18839371002076,32.82717551673137,36.85419699627175,47.10402123163266,58.201144634261155,61.02638523792501,54.323238191820494,45.7794132370297,43.00856067219722,40.39579837192099,36.57201603405197,31.613710799046075,31.451169072319317,33.012525141282495,38.313214727939695,47.06616979704987,53.25086767104625,56.154799300606214,55.40211223752638,52.350881330880455,45.37349449463922,43.20850625051743,39.549737747020885
2024-05-07,51.43311980639763,45.998623702792756,45.609021505754825,50.77065201323681,57.65050192180627,67.65384284597604,69.99019313490547,61.339680985679934,52.82425926782463,47.02717408305401,45.558428186060326,39.80430182209369,35.35394513164758,34.106461401068,36.180728354627604,41.62423635436642,51.466666537392115,59.822091933365584,61.88083684170789,62.34023264302411,57.82673905391454,51.219455723282664,49.4160156545712,44.26369195952822
2024-05-08,41.35583931836025,35.38201047923634,31.07369329333227,31.568978275211393,28.981365952744696,35.33726658419644,38.45068600586484,34.36553535764642,28.272188498549866,25.56966224270431,25.91959213774433,18.492494894665242,12.965719913483099,9.829008566957242,14.728971734484276,23.815146273505803,37.53133628885291,48.587991336952285,52.96260882289545,49.7660969948507,52.22773327605519,48.695234554355864,41.58517381664181,35.37617878881065
2024-05-09,39.851682831998744,31.726604036510025,26.140808882572557,30.809687386662006,38.698333156358004,54.43502064233675,55.211504077551865,47.83838579123713,33.18022555749761,26.9871495928098,24.621370127359455,15.42754271033536,9.83593932323646,9.064504601566085,14.620355935268464,26.172944720121734,43.781768210682344,55.972910197546895,66.661617707154,66.12985621931801,68.07136242088373,60.12619425471992,55.98352770129026,46.56491424725728
2024-05-10,29.984764547985137,22.423669485296514,18.364365589902604,22.36968844462025,27.054504669119893,43.55586493886561,43.83435933692482,34.67587099396201,19.088960498727943,11.661801706809769,10.620611316870736,0.22995898695634764,-5.037716212836187,-6.444533333991984,-2.026052654146781,14.175318315031518,30.88890198459623,40.29347938978566,51.00757514432928,52.4575072958273,50.503006927695125,46.97005086637063,44.74246977091032,34.89608901482502
2024-05-11,19.352186581784096,11.534473822460825,9.487598577727425,11.244814732330696,11.266041189092448,20.65535893795689,19.792996523276088,16.429417157896864,6.2257287516214035,0.6460204986362328,0.7275273432605331,-8.447921177168439,-11.664487992846432,-10.852152824771366,-4.848435161398697,7.220946060371546,17.251216007460783,27.576670255321602,35.47871774303425,34.21730010175082,36.30566725514754,33.662289601903325,32.9101505743608,26.437264894516588
2024-05-12,23.607276364235446,18.41801928376637,14.975940134767527,15.12224971922386,17.18705675059124,21.349535117823137,21.689193270329838,20.02156002276851,11.380321711313883,9.349985936289755,10.816718438853059,1.6600511669086018,-0.7168339723463646,-0.4607678291233128,6.998645984572903,19.409536000493915,28.89225723098548,39.81034324110303,45.641213223350434,46.96752038693387,46.337593008270375,43.32343077984498,41.8866210694849,36.29719496192189
2024-05-13,31.695292692938267,26.354932174520656,24.845959259787136,30.113547382697845,42.7023144877692,56.19152085755633,59.21043916805891,51.35186202209624,40.37001049466963,35.490971385580934,32.9504104110234,28.759013257067608,23.466818200721036,24.35856870539189,26.64144099542068,33.75215230171639,44.59225759608148,53.46830626498166,57.27841344670264,56.66783278057713,54.88036702931147,47.103885850653484,43.60481760001599,35.372613421445905
2024-05-14,26.37191910017593,18.002778049841737,17.110733401300692,24.347821622743922,32.52561609269361,44.931540290982554,45.895974345637924,35.55324466112245,26.79621578213886,22.73127815656011,23.472495370207668,17.159402923692994,13.215462377013552,13.069547461112279,19.442304067070722,26.28128529816817,37.86098876655777,46.69938490908561,52.420232010100165,51.55548124225933,52.14519389266785,47.51649519931421,44.69974359395384,38.573392445334875
2024-05-15,30.943236534655696,25.849133308004255,24.72162342933673,27.85036544707188,36.56904980956574,48.09062755111266,51.81628931255801,41.20426156192639,31.22847350001311,25.866848977101796,25.692399462188803,19.746836842833915,18.001219040052035,17.911998606854596,23.235125491186693,32.579373173786394,41.174020791989165,50.25409666282374,49.74717019639749,49.81747941192609,48.97453104157516,43.32735605518893,40.66782900928777,36.456459252328315
2024-05-16,29.247276012156178,24.15695325779211,23.81460732341928,26.70538273142131,33.944285261632174,44.564817119447625,47.93710299701884,37.47292221101051,32.79396294768159,28.14131420031515,27.15953856178649,24.23701658425469,21.88388829420883,20.82524542011727,25.469161585292014,30.133935824999725,37.18848686784233,43.36096928278607,44.6944017100073,45.20387086801628,43.01048741414451,35.792879359863605,36.87379684836783,32.516950905739876
2024-05-17,32.10045501830332,28.25929900847831,25.069762352426864,27.753673692604224,33.19207562246852,45.93667882237119,48.6580415033489,37.817298501064556,31.821016971186452,25.493275678506933,24.39977581984016,19.014216114671314,16.505640882317664,15.840162365199092,20.56084223137634,27.649500720065532,35.843403288029094,39.875820235787415,41.8562369254625,43.81489748342571,42.45756106685354,36.84001080751369,37.6581645820488,32.7261768839937
2024-05-18,44.71035742915204,39.934267275184126,36.617449270130635,36.474529584262726,39.35894097486893,46.32618277352523,48.86747992945821,41.69651241539975,33.16589147656629,28.05076269450106,26.68339980277355,19.923484640969463,14.805480893996247,15.895887437160695,25.585542862569568,34.036653177770006,42.83576206028661,47.69828138403915,53.62715026711362,56.97602586570595,54.639342646237594,49.95388351308523,50.717077736761325,43.54430805922712
2024-05-19,36.93382357134166,34.26803863555749,28.917771468653854,27.297249348608517,26.308338326433244,29.25662250520776,29.788437514197142,25.820411815626926,19.222769732698254,16.118150179518608,16.718953767453513,10.15011904032977,5.707116618562594,5.737229022301335,15.139498059384636,25.538343926169006,36.13944240277203,44.11871804854107,48.73132536981899,53.255141345873085,55.14371919713125,49.29643420570068,45.44155056148642,38.99660531679308
2024-05-20,34.85404272660945,28.503629486710736,25.278497034010925,28.079025821235575,32.5401547816837,44.696679880495225,49.31033072138541,42.826331831854645,35.36594602851457,31.920748369023073,30.332450030298872,25.57276022136763,21.04624734174554,21.671294276202858,28.433504760602617,32.9842178523827,44.54520548734425,51.68273614776831,55.935768389859334,58.180665006452315,54.74211137317829,46.71579203673103,46.75055090563755,37.56787339075363
2024-05-21,26.102052881729563,21.68963478731885,19.766892377671255,23.879773885178395,30.19559817846691,40.110240576450295,44.287955800335425,36.16303297753433,28.270491565098865,26.81285469638331,25.94194819328615,22.109809766254074,18.02409985372725,15.681014902896209,18.355831427693943,25.216933996431436,33.17314714957351,39.30190491592066,40.18585195124086,41.06692278483018,41.3144893333654,34.5488975782566,33.51316641280259,26.358675943504338
2024-05-22,28.078667832064966,20.618227920120688,17.907321747073112,22.47282084453117,27.148314863525997,39.47063561872848,42.21830223378885,32.42108842858292,22.55410084774465,16.910128426566274,17.504529716454044,12.257476683128942,9.522462734904764,6.812102949935365,9.96099013044855,16.588619599636417,27.20871857028618,37.06954174157866,42.08834645907663,42.769023845968036,46.36135188565656,41.49648734418487,34.88952696143298,28.804397974190778
2024-05-23,34.44906217673427,27.646149903660174,26.492553781241995,30.847623466745944,39.47996184209525,51.19795925884553,51.79774887249589,43.46787661663495,33.871873544663,27.76936731878206,30.879414824067965,24.21221472264608,24.388047678615266,23.22494908992259,26.39031006985884,31.162262947891406,39.87845548664467,50.674771123298314,57.34109926116312,57.752680201478356,57.894035770060896,52.44889149300859,50.10199084778661,42.87161264318287
2024-05-24,48.43180366350744,44.68778390037352,43.999300616187156,46.90869759719695,54.35738610138054,65.46465021617361,67.35305554718086,57.480564313396954,48.661808299244214,44.139670623885124,44.10268807172032,37.72049412864233,36.48923574175777,34.968958912481284,37.039204016715914,43.18032366235086,51.59259922837279,57.1608475226634,64.48257634415793,66.64463797417618,63.43084335000849,58.47901840610737,57.970977346583894,50.59318339517165
2024-05-25,56.69146206442308,51.70503037242244,49.288807063526235,47.39336578413641,46.96973521638684,51.60245085633973,52.6457995901348,47.61340091980793,40.86359472235122,34.6321027788033,34.5324639202438,27.24720207449994,23.038220710813434,24.77074068663528,31.849358785212843,37.790835575683005,48.132572790629155,55.32016160663582,61.50595380664117,63.69788984515688,62.797286469177706,58.737459846614556,56.06864104212342,47.189407297546964
2024-05-26,43.289565220775145,35.62899573271493,29.565981997991116,28.62917095467087,28.98352439540001,30.552145310903796,33.503321775979884,25.519954536991037,16.388866770591875,11.368597204785289,13.988766714620425,3.274330078077355,-2.9604972361540263,-2.7826654206198214,8.129648066255783,20.43493032225055,36.49777690228191,49.36439026588448,58.6169435582006,63.01115484022833,64.20853625222276,59.270776166760186,51.94272051924288,45.034355650450195
2024-05-27,37.59793354627054,33.78452540069503,30.999364183480168,34.3190963821948,46.080117612574256,55.03132914629798,60.53327288103246,54.828365705055646,43.42722949909148,39.729048465391244,40.98769888724685,35.09782878704233,31.391643625734403,30.984762686816353,32.89740714377088,39.547657119293305,48.663045174830955,60.37701881557305,67.14985147646189,67.50344079107809,66.22845297691633,58.38728143035247,51.490444287756176,45.83772741707476
2024-05-28,32.07910266045555,24.788783908218704,23.67187543370413,28.726535952527584,34.930522962629084,47.048635958596705,49.55155032482193,41.027833616926955,29.601852253918878,22.53489654772855,21.972968836482664,16.06197891517766,10.890268318548607,7.574242326553701,10.764564911037866,16.40514024420139,29.26379932987527,40.06392932632542,47.23873555402082,46.942339013576,49.17174377569084,43.0330113402632,34.46717636144646,27.54374531159928
2024-05-29,24.634150834389345,13.127245313972168,10.493328096331837,16.634238587401967,25.84555902733551,44.13916171855875,49.02018086241763,37.99108537417729,23.838948660611123,16.012002868773294,16.73489244493055,8.44917819893297,4.583826522822591,3.116156778865843,9.15097768817057,20.301678472528067,34.486187027491354,44.55553188751074,50.40396088012636,50.16869002904596,50.06330575850889,44.58240527184573,41.658119969873724,34.24030637214092
2024-05-30,31.927363376679807,23.247298103623706,22.376265028146875,28.91955980427778,36.48213054210446,49.41441541291984,54.056487886840415,47.19056651654762,34.22930207748607,27.15038840567192,26.34036813351966,19.957158969899837,15.56447161677093,13.321130209724885,13.65744068829369,20.586704809311726,32.156294659372264,43.25729080770054,48.21851915718477,50.13567479873501,50.788669601301365,45.94639543434607,40.82831223078527,31.820622771715747
2024-05-31,28.512343814606808,19.446629298487778,17.971628636693566,26.02091211438011,32.14690932728681,48.583751473716006,53.31030285632605,45.23734663846196,29.667574272145885,20.509527904113526,21.15847207376993,13.57123507307449,7.2651536142954,4.238664857037833,4.720294514626744,14.573090857614915,29.786048286281243,44.522137760543444,54.60826267995935,54.56572652099416,54.465702528645494,53.078432400585754,45.25460052627432,36.81141190313235
2024-06-01,19.354587926509595,10.673182734817061,7.506010567477915,10.130358757836518,13.423710407478197,21.84373865637866,25.523865622710957,21.17956482526705,6.4901783917879925,-3.5289675160647107,-1.9031691762381797,-11.94359614735535,-17.021864809922192,-15.36776141318279,-9.271897152730816,0.5053044576299328,15.355883577227246,30.62836145631124,39.004426029456994,38.582673869362196,40.10733641053446,41.45690273232697,35.144666588497145,27.04011153724734
2024-06-02,12.34975976584498,3.7409895732847502,-1.5740088787074455,-0.29170317266124357,4.54296458486931,10.467245858399991,12.209408730265977,6.09275420481049,-6.051288891345479,-8.084913398598388,-6.051539418937125,-16.517215679042863,-21.339158031886058,-22.11535528957063,-13.122768812717226,-0.9469081358046765,13.419932884411537,27.26711930457708,35.0604912869027,40.463510687559506,42.92021341412763,40.178433135861084,36.354663718978614,29.89856755231328
2024-06-03,17.599686733479857,11.99370517910512,11.633237766657217,17.070366308551144,28.347453290337015,40.995151173433015,44.0486093678,37.624419154523196,27.93764263746607,25.008555193428037,26.22207969080958,20.803006496654575,17.302184418333127,16.54165156392085,17.45101237748287,20.32075065353459,28.92587973350561,38.97646576183885,46.586111079658906,48.0208150056508,48.276108844517125,42.57106243815198,39.16118764992302,33.45599482016007
2024-06-04,40.569653090835146,34.555457575798954,32.38388148618033,36.79350410799873,45.76423551409388,60.50000777842641,63.92815689815515,51.93925403162615,42.5957775323331,35.837055224936734,33.60115222938242,26.748360981122005,23.017439218243254,21.407540581053382,25.48928118986356,30.300214587277225,39.10807817923083,45.617027994118416,51.21026097392061,56.47349455657218,54.11408307693554,46.09108400101411,45.5049428890359,36.754493941113964
2024-06-05,40.17811621291294,35.24004395354537,30.174070841337297,36.9882592296171,46.0909657939186,56.62428856180617,60.700615391434866,47.60030279752084,38.944444227453516,32.188686726265274,33.18025114240996,25.580287405704652,21.63857598815744,17.594272817672973,21.87415777700255,28.641088253272898,41.42212626261991,49.90096277387255,56.26582146832294,59.162898417640974,63.46723898864832,57.532133270502754,50.90534305574472,43.83604786435211
2024-06-06,44.823124999280395,40.23522988706887,35.000702197006916,40.912259848572944,52.61875081363489,66.12361694305271,66.30424229835687,53.72724881950201,42.03126572751347,37.04797369381913,36.34039235939697,27.572130460769714,25.576640217781673,23.902671243545853,29.272139701326864,35.75284847824902,46.145109640546536,54.967055711130826,64.41551365819242,68.17831203555959,68.40790134340881,60.00392612018943,58.49032163017917,46.77355336243956
2024-06-07,48.243236343530256,45.29033735418173,39.10618596349808,44.90383595957039,56.820391446405,70.77525991533427,71.82424848058706,57.05352136350959,47.876187761555144,41.66814008089371,39.96043724589613,31.17097858139003,28.16157166187618,25.549906941098428,30.640407250133208,39.68078958562623,51.67678489171661,57.78319422795849,65.4513245602063,68.8480146063301,66.59949657968882,59.91961162703758,58.53178975116849,49.956039163860325
2024-06-08,48.98929903368551,44.24104317767622,38.47192614580207,40.03437838616276,44.63459399684312,48.8260861966306,49.61362721003698,42.279961193495865,32.33113196274968,25.33163545249525,23.92393368204509,12.849065546098501,7.52741808315227,9.227570933158887,19.511558550762288,29.174845015105234,41.51427148137114,47.93549554751647,54.32198480827171,56.763015488115826,60.4440090984489,56.14812045701268,52.74716123982769,42.71725960150256
2024-06-09,31.771718626476613,26.34323018931525,18.77702845307867,18.38543234688362,21.606306273542373,23.388969578175022,23.52233977099371,17.303183829699208,9.570212625994344,6.805253464271203,8.143665429242589,-2.7804040229429177,-10.37727881584675,-10.312911813793392,-0.42280194939152693,12.859557684227752,28.44443903231013,38.96050149330878,43.779470561964956,51.305014830703755,54.564935020536666,49.43992157421144,42.791105251732134,35.45653806559547
2024-06-10,51.05860202812502,41.11527458651952,35.77105454538322,43.87842076068782,53.7558210687867,69.28977662530866,76.55030186967099,66.36365698023772,51.67426576438331,44.161884889950485,41.576398549427836,34.92202610050859,23.928804355193563,21.62868774805196,20.761314152010158,25.85080664972699,50.57091170216833,65.68331368938436,76.51413044645919,76.31666259754292,80.14898867788055,74.69749899800568,59.16536467811349,48.92377562872309
2024-06-11,50.945895125574566,42.20762938660242,38.728795642762265,47.27176040482212,63.260051194289076,77.58170991495234,81.42599312527508,71.3426925205867,60.08413917323739,52.03049194664192,54.04783364740234,43.28965578617061,38.177208920135456,37.04420263254784,41.11749024271964,48.75733918466017,66.31085064087307,85.59774986305078,95.19930882758379,93.7517875422071,90.93501228754351,89.4310153611195,80.50683578782636,70.63561035783253
2024-06-12,46.59367868929141,38.62614665014709,33.58564989700632,41.66861323596993,51.33546074487863,63.4441907374282,66.68657086366711,52.27642969375067,39.43341918596698,30.495255162811304,30.58898339256578,23.087400174820885,18.129247908730378,15.628736676028865,20.7577849808781,28.092871808084368,43.96619756154101,57.190030971335716,66.18918806042456,71.90408950144665,73.40841973770289,66.20251239602025,62.87019830708253,50.73456277830364
2024-06-13,43.471466356857945,36.58573705561325,33.28521437556745,39.746195466503494,46.49423297121696,62.682379262259474,62.119127789530566,51.57500876886985,37.669162027038624,27.8113531177855,27.111692997676272,19.786304413821227,15.837847985327159,15.101045940341265,18.722672524148777,26.18263270074584,39.51080412202356,52.43032442028715,60.67511135376688,64.29962431741497,63.762888209114934,57.671157042013675,53.580461119913366,40.341612488597505
2024-06-14,25.047142111898026,16.69938591667332,11.690060269355556,21.23003495801916,23.872788246789057,43.0068039310147,44.64527945691265,39.303546740644975,26.295996277036608,18.337125555559282,16.43851781968229,9.155613139871889,0.056153136632332235,0.21616312556230355,1.775421827316734,14.356718865711684,27.42082172564045,39.80402328726055,47.9015827952519,44.75326478210195,43.75550524783887,41.60203693640328,33.45548166711556,19.394808051568432
2024-06-15,10.687348242155764,3.4275215485765074,-1.6161521620948633,4.454025251501832,3.260986302330167,16.580470332940166,22.412679149296764,22.048408637108736,9.77488271364885,6.847079271996165,5.069451397936035,-0.6789686385806704,-8.413953095103466,-10.70049175822362,-5.868121850008578,7.943264003328096,31.112325862528536,47.38594834557344,55.75310982801102,43.355544435462946,42.76468491420965,45.66328373641869,36.5407241265581,26.713739823671517
2024-06-16,25.261651394332603,20.16332404398915,16.35778911770548,19.373337215965435,27.21267831628684,34.64471374937766,42.88349376248539,37.118949830502004,25.484704237000898,24.350247154116516,25.085753400834534,14.131697234368346,7.3706750596126085,10.814452835931888,20.336289723914064,37.49152380293374,57.549613931379014,80.77398419455011,84.89692671611074,79.61141559243437,76.01071351820265,74.5224228596603,71.6733169818984,66.83962856068595
2024-06-17,53.02719858772505,43.50075052028997,39.79090911253459,47.130301464120635,69.07320295689053,88.17932724676432,90.17095853198883,78.85630476150344,64.8481011943167,60.920362681176115,56.26055530777798,47.1002354703693,40.47145365715677,42.15529944625007,49.338372632865415,60.245882243811096,75.0255270166138,87.53302909552755,91.6234744406304,92.99285651928163,86.92214081426343,79.75551523341511,78.20219453771848,65.58967874529655
2024-06-18,35.354250052830665,29.209709339751285,25.755370476355083,31.878801950874802,40.92018834311713,52.09315835157001,55.81233986017885,45.22923300265998,36.208003469934766,31.31565086490528,29.031938632134995,24.224619113917697,21.27920843161391,19.600616718673663,23.19490783761654,28.92118069251157,37.87236392792107,45.20100589385754,49.586595876395535,53.90988062030229,53.21179189535208,46.54467456156026,45.97539163646154,35.734998481341094
2024-06-19,37.58731318564929,29.71390268772268,24.751414976065618,31.884232549048008,38.085986209183616,50.795303072307604,55.01322175705879,44.755493440450465,33.02527873258077,27.40733994753208,25.193360494488076,19.92150177881564,13.872135447292862,10.895495207731614,12.876547880909328,19.986837682911585,31.58738886101213,41.461697981831065,45.51967237285146,51.501972020310205,54.93507524526868,48.47681346142495,44.97458700057854,30.801767060319875
2024-06-20,45.26497127860162,36.609149081631884,31.20248711189369,38.72896428315431,49.63798150530661,62.21555354213055,66.2415229149087,58.54950864086797,50.28016251825139,45.57138487739361,44.811899613998946,37.542374828670376,34.74006794324649,34.60518577630398,38.484027224267095,46.047471259014344,55.52388099352683,64.8105882300732,69.17040981368717,71.64809810864483,69.52856110615568,62.569850611228276,61.08759486064608,49.84939876552295
2024-06-21,64.8253977584683,61.157707369996665,55.025151070492754,60.276413964540104,70.1696513449387,83.00803722773435,86.3092448038219,75.81663590266227,66.69234909120227,60.08058510345511,54.2635885449876,45.887469103531515,41.073116190272216,39.33138910920637,41.38795088526639,53.04079845220862,66.56443851082452,75.1920210635435,76.65727756240365,73.8141705866138,76.73353987212136,69.66392242592381,63.68021126697019,56.158702643902245
2024-06-22,71.13038666842452,64.71980140041836,55.73505130413062,59.1382905944192,69.23272745950779,76.54135202976782,78.88053701166412,74.09713779747905,60.350190905384,56.36351775447771,52.09044875864042,38.82344728363135,33.577268967933705,34.2682970994522,48.79388218259977,66.63135898379782,80.81597194452168,92.09763565016205,93.30746349879148,97.33736455672938,97.17940262196923,92.69755648639843,81.22071293064714,72.14169580679076
2024-06-23,55.305988655781846,49.52937446829469,42.58294179261014,39.87282476423965,43.90884950554263,46.1603420701571,47.7409468580955,36.85467178034642,24.626353652267028,19.811550508072997,19.78221616187028,7.256919253878834,-1.9256160891963248,-0.5173449179384306,15.465439019525263,32.543342099412826,51.975829958205196,68.57532657435544,72.95170132651924,81.75355351363504,81.21348056701203,74.09044962802056,69.47491412832696,61.64490127011754
2024-06-24,43.597410187895235,38.150879566304496,32.96628609086899,39.26611821957367,49.743976321486784,64.30089220195629,66.57967233069172,55.96218971800414,42.47843952086882,36.44347499861138,37.03756536075163,33.1248348894423,25.455508935058575,26.400920957922665,29.577980192803736,37.22944705950515,52.42778068800163,66.50851227061224,75.1410570329705,76.27140869525556,73.87289003223592,66.21958675012668,59.5675853811552,49.95081673856237
2024-06-25,42.88954878354325,37.25548422292118,33.644975415203874,41.08369052792669,49.645847351563916,64.8781143205983,66.58300978270786,54.65800989855323,42.77067915072243,35.81354595800667,34.79854291369966,29.23409390766848,25.975311709293265,26.562605595199543,31.130368095622785,39.56881450156392,52.02186043518893,62.50585829982191,69.61206004898713,69.91016557126774,68.62505367708728,61.260187207652606,57.55888305948956,47.9957019471437
2024-06-26,55.149985999224995,49.55704939509545,44.93654375837798,52.15874815582053,63.49194460019116,76.37350565706215,79.39410287633949,65.44447214745118,53.0111036180307,46.107546706502646,45.7662591446787,41.0429334701747,39.28196404642536,38.19169423784233,43.59284312286492,52.341077676982266,66.80115270863699,76.87267674635692,82.09897897879664,82.48105730925757,83.00608667823961,75.06471139344448,72.35130495207481,61.849012232366945
2024-06-27,81.53243179402304,77.62599290781077,76.31708872568694,81.0675569810083,91.58237737664729,104.9366181917972,104.43367869209342,94.96135428645249,83.41608644269536,76.20788845027987,73.81020849652558,69.18487280950623,66.68803660548602,67.87488823083777,70.47422597023534,76.88014872001716,87.8288111096675,96.70926555136741,101.74182931752144,101.61568813662029,99.12306982341089,89.25625140282521,81.5875237506329,71.97654445556603
2024-06-28,64.69766082865719,59.865194781818616,54.777667828820114,62.58647468360061,74.58170997023443,89.89226165538274,93.01103200311313,79.57607632291725,68.92517325286089,62.996359150291724,61.000147147638486,52.742981474434984,49.579941510726954,49.07397548313678,52.22646889006454,63.89547840032175,78.66910598457794,89.80921951237546,97.06892099826031,95.95360570983551,92.49414380549216,85.68808494233706,82.37326525568223,74.233701835564
2024-06-29,49.23066548996036,44.95059857698712,40.344234326831355,38.23250632416419,38.82257005271535,42.67972454543403,43.725470124719095,39.21807080286317,29.417316205643516,24.085383644735145,27.444081327278013,19.59119447628774,14.544746474642409,17.135992533440316,26.352047606180264,39.28120299089707,50.53341873157234,58.233599817111184,61.165407526497944,67.91576784220521,66.28447293044431,62.588518931477466,55.615253378451115,47.81879414728138
2024-06-30,33.079734634198374,27.339590993103386,23.611930104025802,21.911615672276994,23.697129217644928,23.24695424524839,25.92629418762624,17.802288459946766,10.834677736275381,7.541553516839173,9.60403022428136,1.0589669378789779,-6.435127997197355,-6.128086848991245,6.1885540934201515,18.352696979095356,33.73204387335605,47.76708234462748,53.99107070480011,60.45191340343139,60.68367595140835,57.150289834183454,51.813308829410275,44.356576610338024
2024-07-01,45.06525408666066,38.17874750177697,33.971691994604,40.41829837162142,53.932024415429225,69.92061673706422,74.80437634180979,61.635807114957856,47.97217264193935,43.32699487247791,39.918194935486014,33.64603445428668,26.031793411298608,27.74014824486997,30.914436594112374,37.75040961088422,50.96485607139627,64.51358542637078,70.58951059423515,75.15684942583127,73.9399077482947,64.41837767886085,60.14601535586934,48.912904662896466
2024-07-02,46.089176383361874,38.367671677675574,34.81597262611464,41.82065010612797,50.265001577271036,60.70921998374094,64.5963217275105,52.726571591360894,43.50862190518309,38.11708085470154,35.84422325579085,30.67172695350783,25.297732644536367,23.865383630524846,27.389591463024786,33.83213598256356,46.5550275566093,57.46170070209865,66.9263597250795,70.90016446399711,70.43475136281923,65.60631433590233,59.848935224828935,50.063481924422334
2024-07-03,60.71890388763937,53.58941265599735,49.30083518942399,59.04632072804752,67.5571628327694,85.03287406992314,88.96935694930997,78.3209207577471,62.36638322451623,55.73544570513789,51.08566674300717,45.89219570181095,37.91625545641392,36.30741172231049,37.09249337204662,46.92929647403136,61.1606121381091,72.63345950845004,76.95532663536797,82.96827478037736,81.33541561050043,72.67091132984976,65.15393725607868,51.991547739007856
2024-07-04,28.442471766767184,19.054464276670217,15.116394780226855,24.57706515256679,31.412873101390872,50.075549656662744,53.60827734152879,43.6117191519464,30.626004008755615,24.55188667798953,22.81082003882213,17.83565344645092,8.631350798432834,6.315812409929066,8.088030697406197,18.85231925874521,36.83261014515659,53.29455706794761,67.02250114545254,64.9499859203021,71.19167477339634,66.87701243987853,54.93751298107857,43.78321498888381
2024-07-05,28.082935303311004,20.143874785016735,15.863552262680798,24.954433847133444,33.18852954271301,52.36676187808828,56.16875356842013,43.58246841089587,27.38100248683662,19.77943022998076,20.031115397339903,12.685234735761554,8.264958939810242,7.572160639284505,9.670945340619198,21.980804391612054,33.70706297363884,50.60493035400134,59.45929392690013,62.08771327981697,58.649015310095976,57.284815638709574,52.95812491426541,41.555299086186395
2024-07-06,18.499000995007563,12.376224024819678,10.060926886420987,10.701917896088787,8.795386984038487,16.03583179015743,14.665671879984444,11.549361016287406,1.8406116851307104,-4.365013076427886,-4.435572110578761,-9.83554452103246,-16.066109732912224,-15.462649321629868,-11.524124156629114,-0.32228397781830154,11.580934303837125,21.92734800632593,31.782873352586904,34.988901067405436,42.41390218010321,40.206816233924314,31.04063978034803,19.42674098834395
2024-07-07,22.13595755356836,16.36700165301947,13.250858908866334,14.602301522184405,20.868358563217143,23.3908574137304,24.955279462978353,17.75138869743742,5.9067333944094855,0.083610871406961,2.2146182686249745,-7.506162331539798,-15.336104299405264,-15.402699716918562,-5.755811746533482,9.219511642868838,26.970405471214207,49.94748162941585,59.70744464374087,65.61354056975146,68.85852233470023,68.78830423852874,59.925950189278026,49.250211667434556
2024-07-08,45.3722783949418,38.072552490104485,33.623247390399,42.01889091324294,56.879122478223465,74.36981109164954,75.46388038114661,63.27613137050804,49.164571487698964,42.693803221283616,42.23205525379612,36.57993049598292,28.886327308715025,29.493977103626364,35.74095352225204,42.88571586290365,55.20807264390936,72.01362089964701,82.232190329777,84.31873878430292,83.49580251295266,74.73974045497017,68.50990297076103,54.26052421870874
2024-07-09,49.37829935577068,41.847805428524524,38.199619048364454,44.722570576108865,52.74211216732911,68.57453470690024,71.23851888874722,57.542316451717966,47.63134764706275,40.50710633104674,35.173793867125596,31.019090629017967,28.22627220585059,28.02288989935819,32.98500663914362,40.2552642261014,52.6638241533399,63.112845245114045,72.67837569577938,75.75994473720712,73.75854291481227,66.96575103952401,62.32407251576885,51.49012047315799
2024-07-10,52.381592677561585,46.025901119325184,40.71198582832908,49.35296330866501,61.29694678831359,76.05289922349426,80.01126895060752,64.81625399767758,50.36388637495146,41.17185625236233,38.600048106701294,34.02751517579547,29.689563284273603,27.81167725828915,33.2462143119204,43.31057436852372,57.365399249789846,71.37531190909647,78.8329660809147,79.35200660658101,85.21252086356041,76.21093050165719,71.52045754872732,60.6214661949481
2024-07-11,64.04443863697608,57.8158393571001,52.564436844326934,58.57512078254878,73.5759662321505,90.26065263186277,91.2666792711654,76.96046179897235,65.36947308400752,55.736383753200414,53.121000872854154,44.36774196712764,42.97067635856516,42.431653717516696,50.479179191302464,60.57087861832298,74.12794733393952,85.16718044520942,93.32448977136693,94.33775323572326,90.69104863542623,80.94163244076208,76.01887675510508,62.706518055284306
2024-07-12,58.40390337142841,53.4024777556143,46.02548691381671,51.00406390265648,57.338929494282326,71.8315226238146,74.27940127499556,59.77766628164123,50.4290282175041,43.76396719351983,39.807094313115996,33.49744521090436,29.0720592223433,29.08282098555081,31.174297455258213,39.80511993208002,54.43149041900054,63.21285506145759,73.007420286496,77.5741622877763,77.67241887107775,71.08240126001346,65.51351113428089,56.86355583504391
2024-07-13,59.2615735937932,55.20582152461256,51.28109227286896,52.07826913419754,57.62964146634803,60.84512660103968,62.374045419215975,52.52699412560385,41.69159675846231,32.552300742561755,31.72945293701693,21.269171303492328,15.008406509806406,16.28589907634722,30.11334769415309,43.85182548703254,58.87179707716396,71.05106434904482,79.6152054289719,81.86362207164277,91.52412378398357,85.53953172526737,75.48354110040218,64.84038921470297
2024-07-14,57.14550006322675,49.2425841077001,41.867110144805224,42.500616535242685,46.28005453108186,49.45733630368012,53.43528758682082,41.25959334207806,30.67507591780756,22.557961852805647,22.86083712901913,12.711688002184218,7.004418627673687,8.151917978987427,25.449338078659423,37.14601135512183,55.81852558029996,72.30006548092084,83.48817966135253,93.809743909196,92.7964509810529,84.92181115574904,79.49625713933118,64.4653176832541
2024-07-15,54.838147038093936,48.82567742728462,43.26194845731648,51.05181369668733,61.545967992881216,80.66945361048654,82.63947717239387,68.83361717776619,54.99139702074517,49.04950994494975,46.43693236932252,41.422170739944036,32.9901634846516,35.12292279159182,35.93529734173761,45.25651112231647,58.16800531657552,72.75962291038883,79.77085377981543,87.56112632696251,80.78490352531877,71.36210940952633,60.50641157481061,49.65117066307094
2024-07-16,34.45744692577581,26.169869108238345,22.288049429683014,31.400456174325512,37.79657080913218,54.0554503829069,57.176193488656565,45.16270478445321,32.56127615016311,25.52196897084113,21.797301654014916,18.126556407391377,12.33146137672523,10.111543405601509,11.650096869092692,23.495151147592793,45.3875693402687,61.08612297533401,78.58177666031949,75.37662794818729,80.66305836818928,76.05738612878683,64.20978492191833,54.48588216893225
2024-07-17,66.42918617266412,58.970632865261095,52.52632658981585,63.224702794975165,75.27473958937367,95.8605523054198,98.91071478239432,84.97799846285938,66.98811334187924,56.27388917466061,54.31163888541563,44.39835248368388,42.08494750504873,44.509456593494235,52.15613546393806,64.99345532772813,82.36283741823311,102.18305716035638,107.87287326647989,108.46197058305695,104.60726995192135,96.91830199516126,94.04471484410911,78.07173235597907
2024-07-18,65.17884630202853,59.93802247756204,55.484823090007,61.30451470378856,70.77241927899776,87.75410400407627,86.96585118924001,73.61890195868185,61.095150954239585,52.193653322066936,49.78097568432635,46.22364305533438,44.8979337837233,47.70416570393712,52.42970370066986,59.59132220972296,73.2231471357037,86.48283019210314,98.75332409188736,98.30669805139739,93.0946815100215,83.23606422935441,77.7262926007745,68.91582571215964
2024-07-19,74.201338630279,70.64576220540312,63.831710284282906,69.92944164402108,81.56631524624456,100.18382344047238,100.59264383917291,82.37662387082929,68.47033989277091,60.221180933228936,56.593004401300334,48.631630740378554,46.77022789992856,48.729655790885715,53.673891010943606,64.8602474307619,79.49868022311941,90.51133237450063,102.992459055303,104.5606036579079,100.82472607061965,92.22689247656305,87.64253150143138,78.37182547654085
2024-07-20,78.19889817308221,73.32222246209744,65.50359188399644,66.4517293923728,68.53902333553144,75.48537112423556,78.53584351380537,66.74490348632246,54.29300809929974,43.59389063247116,42.90463371348697,35.38083391613564,28.72383090565397,34.601285635243,46.131532682075076,55.16298855742279,70.54205003140011,84.70908277262265,96.6586699007924,98.76807783695435,96.59921163418024,89.79244194633559,81.4630146462433,73.03777508222129
2024-07-21,59.829848609922976,52.70915695781834,43.450430451314745,41.833095168583085,41.022429389838294,42.7754151987852,47.525289686405415,35.57746465297521,24.413661072226574,17.572693944033233,18.81809086705013,10.073145290458399,-0.5052833827680274,3.0039752442533256,14.13103700942014,25.6681068172025,43.46398610144473,61.680328648503775,74.1715721402295,84.32057567493713,82.58890352982871,78.06587420678885,63.033460386474516,54.78965154896889
2024-07-22,47.21667437565371,40.787040766898016,35.2439815812307,43.58100019888735,56.27821732808148,69.39182488992195,71.46706079087316,58.80786274534053,45.43927743751152,40.350768907337965,37.21495021779525,32.890015245613185,23.900580324397524,22.676284321914792,27.10486329266878,36.19396616086877,54.90719738845246,73.52845263104226,84.21630474952427,85.42149242294472,86.88873820621991,80.74190714749606,67.18512658784242,58.90411349000735
2024-07-23,62.90009717280009,55.26755916505607,49.496867463083646,56.6545088448232,65.82804706088835,83.95841279647588,89.65670326318384,71.02043152820187,57.38985969103615,50.277660543472024,41.71224160846016,30.64671229205949,26.354523549904144,24.778469138381254,30.13425869638681,47.12093823109083,66.56154772246796,79.03228437665653,92.26643679928046,98.21253093145549,100.92217555980505,90.1857048063141,82.73058470407128,70.60257288766083
2024-07-24,69.07545382729182,61.142100898648295,56.06764654093463,66.61611754386315,76.11088685870031,92.90467113106851,96.29505402209699,79.26082916512084,60.99205732627222,50.724699499113456,48.01630623596826,40.406474685938306,36.07865784985735,39.14020048412395,46.07936698629547,57.85393985325858,75.2185421173897,94.97374875917183,105.50628285648442,106.50859787293125,106.21320837840692,96.1588228673388,90.55955915094918,79.45504758391574
2024-07-25,66.07163236824908,60.1470919870973,55.214052188641276,61.73938520083327,70.85178464357352,90.47383881392453,92.42213294440594,75.50244107679676,60.27097554680475,49.64241941638926,46.997546817326466,40.48207361599718,38.174901678509855,41.8447808870482,47.58502570767155,56.362430520265434,73.01968420958322,89.4723345914731,104.33741357967057,105.34932792884199,99.52919843550185,89.75973623207919,83.60808596385257,71.60550567479265
2024-07-26,64.47192846618415,58.334980255843334,52.05913505397589,58.51168889796999,67.69349558610932,84.22059229970826,85.89005751182675,70.84484905441623,58.42239656803376,50.92189430198778,48.34664747793613,39.50916241522856,39.10808703175125,41.70300227482089,48.34211881829587,56.00422608305287,71.54456157095638,84.17492552380735,98.59996035929093,101.78966516182527,95.23096693773864,86.62433569274714,83.68634786277741,73.53784157063977
2024-07-27,63.90399332398624,59.49791787569086,54.335010598218304,54.813093729903926,55.743644044416286,60.48469137645226,63.50399436934633,55.51991062794559,44.815164642737415,36.31324967062832,33.557414023858655,27.47978482706779,21.912091583826793,25.141518753621824,36.5492193951645,43.874613191456746,56.24205519524543,66.8456132968459,77.47619758427905,82.05668813007878,79.47166864884429,72.53152375338502,68.69898273978049,58.70023669506007
2024-07-28,44.24945509615897,39.41758369917713,32.24330230775725,32.147998816913216,30.429516181746934,34.51810230666827,35.51959934209367,24.24422302667608,15.555013632190537,9.002068814622078,6.914667177500888,-0.4277701933993683,-8.064579512839572,-7.696764408900037,5.3557480958567965,16.251419804170638,34.657036515436886,51.08185496315278,62.18515895010427,68.55207720681179,71.41227034011887,65.05637959191144,54.97536819517882,44.92353959022141
2024-07-29,37.99124711156878,30.110696958909443,24.065047847903628,33.50579046970364,46.81905358605232,66.40764435395178,70.18317980660274,55.740343408777534,41.11724780814697,33.89671073449682,31.8321588670091,26.219400270458863,20.60391135008888,23.25928139087455,31.10103483238143,41.04004289102005,61.35952562423101,78.11223162232446,89.5714285573251,87.83666730588337,86.94017060312717,78.44637056311316,69.49607729294205,59.5357341581463
2024-07-30,54.12201288149451,48.332245451180896,44.31575047554749,49.85164687182106,62.36114173884708,84.48264709204524,89.2141809155278,72.13553592257897,58.183416194623604,50.122280594416296,43.588896252266224,34.63191977080196,32.80449243758885,33.78256430045248,42.801534642152106,57.07566352677016,73.0972745219807,85.0797847601939,91.81986976965673,92.68378278284688,87.89536634602102,77.18716480700174,75.02287029946923,64.49406447395006
2024-07-31,60.64173319178107,52.68264725245773,46.3516107122194,51.78459237362425,62.637421981103316,79.41714801932086,85.2283283061451,69.34634263669777,55.4037471802511,46.651227928362076,43.049055664901104,37.436486617967304,35.48864201576707,37.3505585259782,43.884323737930615,53.010667062178655,70.02466393603622,83.90620586264053,93.44861312526292,93.26932841048585,89.43990585255906,80.23456843722077,74.35279041229688,64.23089677411382
2024-08-01,68.56265788193134,60.850554697537234,54.98960163551281,59.77035361321151,69.02288958632828,86.92724650511262,91.48506409742109,76.57502429298627,62.70774922061243,53.17101710159342,49.61985853679798,42.096676968297885,39.42750234463742,42.37397949481975,49.88050024754037,56.05913548173578,72.32610509316466,86.90068710569759,101.13338727199994,100.00168020369917,96.6140031894209,86.1737717979578,79.59634885156629,68.54113946561542
2024-08-02,72.68818414348047,65.8979339715674,59.98709204212756,65.98092517143542,73.12022445088505,87.82141289585864,93.14166466186363,79.58950779778574,67.42507593226055,59.39058090283841,56.23071213373176,46.921063538111284,42.389883812214194,44.46968114058329,48.02238133981383,56.069507143014334,70.10735332789916,81.26055875270724,93.19809812242183,96.01619014744595,90.53832741366843,83.65108000628341,73.96938665886405,64.87782098953831
2024-08-03,57.43157531645363,51.415104390297,44.3814898405024,45.27302734678496,46.25272926149242,48.70651698803985,53.04851118185738,44.95132011929593,36.70497551714749,26.60397476990994,24.05660114803618,19.116366983656576,10.589228540694648,14.377103911192876,25.02853923783678,34.46326218446035,50.920706299903884,66.02771641154146,78.29734897346177,78.92052331350709,81.71944498063232,76.53164270099217,63.72333697031374,56.04549567068372
2024-08-04,48.617425861753205,40.88358838491051,33.121645369609226,33.47745153438271,34.65690568032055,37.95201170868543,40.01707089751781,26.843818134460122,16.11065456940935,7.5111088582579555,4.541319841427196,-4.265353862042133,-9.893957476321845,-7.595844028146985,12.115593413661827,25.34426459431714,47.04331672984384,66.48050877916643,78.54975585095443,86.63448707762238,89.0513938895973,80.76177280485994,74.31686173015227,62.83520883321171
2024-08-05,52.70627303342064,45.7952042699376,40.21677062504153,46.27126942421691,56.53347871043859,73.54081531092183,79.38915084047217,62.75538532495027,50.347113379005265,41.290447244399545,38.997772198959964,31.29059170585903,26.829098643191955,28.48548116500791,35.196060081576036,45.77319876070408,68.00057276416483,84.18063908346828,93.52651153526372,95.17456398037264,93.0443345665539,83.14386456624366,72.99091732722792,59.611222844111
2024-08-06,51.81926917529353,44.0527319185701,38.9002876467284,43.86225501566673,51.44216706749614,69.390128773561,77.18594561666899,62.83591946657799,50.342045568200774,39.199511200903146,34.394037532826815,29.67870204516049,25.26205324145505,27.648743171186396,35.142576353453734,45.94920282494226,65.29998075929956,80.70556916770121,91.75940908069762,92.773817037121,87.91584812920141,77.08187510269454,69.98553277677061,59.154820150865675
2024-08-07,51.974898002136456,42.4268263653409,36.05884394555545,42.76607380899222,50.29159677438159,66.13575519015856,73.15070958429499,58.3399738832004,44.37971120294202,34.863634082522196,32.46743194043617,25.6730621194626,21.583787842037452,22.422814247504135,30.072959414736488,40.51137656244671,60.50314264908201,75.87689091792674,85.88979250099106,89.10435683392078,87.11844666327042,76.25132341741909,69.53939273059663,56.942773500636946
2024-08-08,48.95779480086705,41.81666735630469,36.73877053524647,43.46567128731169,51.21632224592899,68.4849927712001,73.36912809639854,61.66652117424955,48.1767536440706,38.90511227383713,35.65418246237425,28.889735253805284,24.371641628932124,26.646162688075663,32.80219379426063,42.314591240515014,59.32398781620131,75.35622315891644,87.81679499338766,88.6615191092527,86.98371728294109,76.32013398910487,69.23687995439057,55.987722975840086
2024-08-09,40.24681522034726,32.41490606655434,26.125895599987174,32.4714369394236,38.991559837543576,55.952144665720084,59.523178816817534,47.21654094243689,34.78460834112565,25.70987565476227,20.74251737358111,13.408421815835425,10.718322854988372,11.990743711616403,17.357398952211895,28.631540968852107,47.047727937241376,61.82240716251309,76.42358319835304,78.3599035921616,81.7821255686747,73.93857892561527,64.70173877533651,54.588064822692246
2024-08-10,41.93181713646979,33.08392360584209,28.35938625397739,31.571110459978982,34.59067636983794,43.74837181338485,47.437770771188,35.82083637904796,22.501526594556907,9.481079312506665,2.987191180662478,-4.464561681112258,-10.417179918799349,-4.71397683139071,11.424859584040377,24.61315673177674,40.88470251639308,60.593269805979446,73.03974521316141,75.48416783049139,78.89330142572426,71.17164061263985,63.658952058139676,48.18702934659903
2024-08-11,35.90211299241086,25.826715215018794,16.419594598785594,18.711655052028917,20.399215127041728,28.41175031777371,33.5344864103524,19.232737856146315,7.809563779989958,-3.658149539440217,-7.726692567554011,-16.53976663222838,-19.004017100592904,-16.924423102536252,-2.97019382533324,10.649548456616714,32.121886292373375,53.51182054966432,64.0583022348159,70.71405366246249,72.6962203386631,64.63542997375318,50.28378850052776,37.748760490127296
2024-08-12,30.261939035000438,19.29669660257757,13.25606895952366,22.58559717468161,34.21118435408118,51.19907818152399,59.52123344672188,45.217200594981904,29.33113421902729,19.868262219958467,17.397959581564578,9.076411529272832,6.911942802378405,8.43097578209472,16.558783117159322,28.618848816517442,52.758641218826426,74.34406387361307,84.45089609948326,81.71192707031108,85.00594537644588,75.34049077489757,61.80379294533881,50.713072280122816
2024-08-13,54.05278605514431,45.884226846627655,40.85884788513516,47.12159231939917,57.191836403582144,73.10974747559771,80.827685784696,66.23205325282107,52.70556060228648,41.62629781865718,35.96993573072737,28.746250262829648,28.059940726483944,29.298292852688718,39.68066143240728,50.75909522940023,70.63632274964374,88.44304958726786,95.21843493253236,93.97430479102175,90.47527487418125,78.84802984476173,72.94396552816184,62.24656848830493
2024-08-14,65.18740453676918,56.24158444924146,48.57717620817537,54.80847148175533,64.24555197295525,74.88042540384978,84.04304748808157,69.81843693636351,59.26364909084748,49.479098503399825,46.57458603839456,38.33284317911858,34.99995717951764,36.20424470435945,45.24903318579058,55.13993819701963,71.80606787886725,84.45596346222842,92.01738921226023,93.21129820142964,88.4374376904466,77.17907258573699,71.39977335681169,58.01836830536601
2024-08-15,64.18405335102776,55.7841892134024,47.18277291531123,52.49040752635197,55.84064089907041,64.01801169219662,71.14110860806694,59.327640365689845,50.01834077520503,41.23481741557465,37.440412111069875,27.482416451307714,23.450408525968797,26.207491180146988,34.87400417313417,43.76128154201079,64.05631483601393,78.65089365008863,90.28865400841794,91.78503299746019,89.85154181044702,79.15384599703249,71.07995853536038,59.471706993094514
2024-08-16,57.52348833827753,49.521552705709084,40.93044276826427,47.294767150721555,56.03065983345721,70.1941687283863,75.61199640418391,60.790235426178896,50.38233053437587,41.87145878734354,38.08371252724585,27.146843506582357,25.04864696083719,26.92573359294751,34.78562793304245,49.04489134913386,73.59180350287626,87.5640855483223,97.04846563292759,100.7565006937786,99.31673160612695,89.0184629556978,80.93013031334459,69.78848635180195
2024-08-17,68.89006478599516,60.92090108598963,53.11772152318828,54.60285266713828,55.13364857905255,58.18364295930333,65.90768468948372,57.62884548272466,47.204033301263294,37.47608369989315,32.84834501573681,24.346117321664522,19.20756726457101,24.154609990313716,36.550043049967314,47.82918308100467,63.893424899796,79.3855924380767,88.93156959890884,92.09113131429537,89.81231959012472,82.28330047754118,74.01067072343916,62.95646713465726
2024-08-18,64.17692441526212,54.96011107827951,43.72508711344402,46.27434392134391,43.54167283119243,46.845959775290055,50.453426175674096,35.02485265005771,26.85094361993592,17.820146705599683,10.984771755079464,1.1224679787129332,-3.5509365911438806,-3.5222594819971675,10.27569780676805,24.351811885567912,52.45032129940631,70.55337343038528,80.44713095219795,87.33121858742521,92.05362606425945,81.59888839628269,71.40032330995543,61.070406760785986
2024-08-19,64.42098476489174,55.006442670119455,48.2444186981909,58.58623954355522,69.43986817100499,85.43371583172699,90.10912436682675,74.27294290567086,60.105361299451275,49.293491990969514,45.32281329442954,35.947152487597904,31.30350045238994,33.92867198376781,40.775958199661645,55.482394095842935,85.00912459696126,105.59881103858085,115.7652209627263,113.34416988838898,113.85076429360377,102.92445133446806,88.66350630605884,76.53231404945767
2024-08-20,72.35836233980743,64.88740129971163,58.36765370922874,66.79992257416151,71.77752644199296,92.59755438252319,100.02514901926364,85.30341295431867,66.76389195093589,55.42909952890173,47.552788075690756,40.64481132132576,34.29963235054609,35.88840874028017,41.661292488694755,57.3488447944417,77.28008362265837,97.09471701499763,107.29899967801467,104.15058084960648,99.99768872645492,89.08080140571366,76.8134418529036,66.43314481291875
2024-08-21,49.43474212706542,40.48557662858518,34.62169154358571,46.21529104489032,57.59345391977453,73.19276595148966,78.95631074295538,67.39559762344518,52.45763936730421,40.49490866982353,40.221068878239635,34.823682894175874,30.483037073556318,32.292618346194146,40.59527781497269,56.15069762137813,78.9313289466462,100.44126444775466,108.84823538589711,101.78055355553207,102.95330044211889,92.56209607424498,82.92252080319864,72.59191913538291
2024-08-22,52.882332826464605,45.550102182542275,38.957741977367434,44.38159247324164,47.63711677526321,65.49264782787775,72.07936987850974,57.015263366421564,37.416511302746954,23.4304999667269,19.1890014227493,8.335918425158667,6.584434813012734,11.046561490095229,20.572059331877966,35.89442483923354,58.5783353350771,77.4056023841483,87.12783497750958,85.77948959240108,85.77684171777894,75.56307848735797,63.46400835378573,52.21759315447339
2024-08-23,30.970066797203202,23.11544223851702,17.71056571039115,25.534240330847993,30.075495900878735,50.652641869608885,54.44816703351687,44.59123563835621,29.727967903367613,16.877022441528396,12.899681424689817,5.04952490075442,9.176175812826955,12.190104908731172,17.984475707640115,36.74889800960426,60.742730302118105,81.03632258311649,91.66418072601111,86.43606590132305,88.4679770133682,80.44605312707654,67.74101903371664,58.69463628362658
2024-08-24,52.93301849437911,48.32737105908531,43.18956596598012,48.518122186541746,45.813186825228485,58.722203607953816,65.77220610807792,56.94415927564788,39.11876609567676,29.967836901377098,21.76834283818914,10.686719399243628,9.75649294048398,14.449729246471264,20.68037503981128,37.092555284540055,59.40091561686961,81.89095975349115,91.38832312364374,82.48710739746964,87.05474017336954,79.47629028368327,69.52777920176038,58.64348062222939
2024-08-25,45.36696152971055,34.736229745179315,28.470836296600694,36.599839756941435,41.92676783157505,51.32888984332082,56.84472608811275,43.733966399920945,28.374723922416933,17.552486186868038,13.102445053598814,5.331444350574003,3.1585548118857503,9.486657618617073,23.268167137035007,42.437141705346065,72.0434546250512,99.18463102137554,106.37920433307684,102.48494007358661,108.24531889026979,97.58572327783787,88.4934887722012,77.7648225455446
2024-08-26,55.022341183673376,44.727377150642354,38.01793047836382,46.60360537484432,60.54993308207962,80.59176665176425,86.09398633586224,69.78250357815456,53.44295056273728,41.228996114795365,37.102995124776214,26.954766868776687,25.615943891762484,30.035923215439297,41.10907856770628,56.2878307532836,81.62354126099083,102.66958660715504,110.35303636026846,108.94251303814306,108.16991254579456,94.30677319349296,82.52117200803414,71.2436503762163
2024-08-27,68.0101348291785,58.81091230848706,52.23572908529394,59.43505818737763,69.48460981148462,91.36618929643986,97.79799228418985,80.99315969182294,64.34531369575019,51.13933024850911,40.86309164233484,32.6750950902357,31.584996010456862,35.40032733119486,46.755493603031425,65.17015773256061,88.65775390025043,106.18017224206324,112.25584281005573,108.33089809226315,105.71963738879842,91.56076092524738,86.09434098101109,76.09088932487856
2024-08-28,70.13005682977641,58.87173826388103,50.0842548988598,57.22568454203525,67.79782609418011,87.34678708035011,96.60052307903436,75.03095836594355,56.53395884368649,43.06629850728403,38.52097843945867,28.743310507254677,27.085907510439057,31.97453380674051,44.35041251948192,60.238576012670904,84.17795285452257,103.09573470871034,110.40830790174567,106.60017834687935,103.80196264474718,90.90402411444482,82.90271712084875,70.20554591500967
2024-08-29,83.55474297940492,73.67152031116227,66.30288482752425,72.26578025981267,83.49455339867086,104.90705615369339,110.99754955093101,94.72937913438618,79.94824283047747,68.86769883947822,63.292038006972305,53.51017422414564,53.06475006211885,58.7814799287368,68.65139563624608,82.61697253552639,104.9398980969978,121.78505645497272,126.54954039104722,121.39549749294282,114.73093991249974,101.00591950771364,94.15094560274811,84.20360652546923
2024-08-30,89.44533820117427,82.62695582151848,74.23167166912224,77.26495775362075,87.40125128613768,106.74559441570946,111.5211722653877,99.2289189875511,86.89918107669546,81.21718974225148,72.52451055531158,59.042111709438416,57.77962959634095,60.95435993502211,65.88919214370044,80.63394545075515,97.2381373723788,110.51387020304425,110.48431101491947,109.98177656186805,106.71100067548349,97.49438947381117,87.57042689961484,78.87179112884851
2024-08-31,82.73662557936805,73.26385603867031,67.3483752703938,69.5070734935004,76.11048041944204,86.9135491101499,88.10102748291212,84.54725436039033,70.48060955987143,63.69953651820799,55.151333123262646,47.164688882653394,42.2753482452309,44.995396968284155,56.7608584102949,77.66602107494921,97.78283815314961,110.75729101494107,107.89629842886606,106.67397670901016,108.38347186558171,98.29283691746127,92.2879441268795,85.04665298628328
2024-09-01,70.13834133817161,58.902866434625565,51.74847992088702,51.077182332901856,54.35076901432794,56.31240080179552,61.593948909047555,50.40163195365547,38.50734255604567,32.29504495674337,30.804674363491046,21.14799349554073,17.39849833913081,20.860339316599436,37.22389704769279,54.2184306763065,81.04820286320094,99.83291919610005,104.37743040379337,104.45872184434813,102.6462750808773,92.8135486965387,85.2496836258401,79.29306875323581
2024-09-02,79.57081614278394,70.91953149022146,66.44997341849802,73.86580420552636,90.64625566456513,106.52306947057522,114.19540542733529,100.9396072595065,86.33385859640151,78.18205812050971,74.44013480394916,65.61624108711813,64.86472882998832,68.78538626227197,76.88879113419185,90.3011055784985,113.9870509126877,130.29618923941808,132.60825870843806,124.61619159812582,117.85740112847998,104.32464233042349,97.56624707340444,89.60154981024064
2024-09-03,92.38247735983347,85.04133605548776,80.14341476941794,84.24884725150744,98.86088489222834,116.5489451970643,125.266199189941,109.93520804946371,97.13396267655867,88.12171836487022,81.59639896894163,72.2825985552324,71.62285356037071,75.58791355088292,84.89198558501263,97.49845179976396,116.9777212353826,131.15130437304924,134.2558982574228,128.7229929824954,116.63332348613349,103.79257976520967,100.02853620445327,93.31660225702669
2024-09-04,96.37544781274637,90.19977762868524,84.12127611610879,90.82958161909934,105.67523129570932,121.99366475188228,130.46305324272038,116.39545088355246,102.28744785883546,95.65885687036129,91.98560965632888,82.45912254930579,80.67778479137749,82.4121908699758,88.71117306977763,100.92313669557123,118.40091570626745,130.28313622717553,131.4640315699696,125.89225281290376,114.7563556102528,103.06851932665691,98.63826259167826,90.44611867457002
2024-09-05,86.50124858529392,81.36388308848416,77.5204410167142,84.06927836702374,98.94892481671702,114.30725712144152,117.93359810578477,107.62459896796264,96.2744684680282,91.59072210275873,89.58435348945238,83.96817835714167,82.6809090879035,84.06050666643507,87.51589005305964,97.90758390108398,114.18964738317696,125.93694808161679,130.13714852404178,122.54410532837154,115.50564787499407,103.66588914194985,101.69752286804311,95.48475576528367
2024-09-06,80.86291131310571,77.140685176338,74.94378222614839,80.92727680588105,94.09087213500447,111.15909842173077,113.53331462353628,102.44209022105423,90.53301214489437,83.31521069560799,77.74964699362175,69.49948587773878,67.28144604189814,68.42268084595153,72.46810126502953,84.81650061128607,99.3455260564354,109.59256017694062,111.85908630065254,106.82668823314529,99.8389530020128,90.16121159136014,87.25815580661947,80.79001935965798
2024-09-07,70.19610375047267,63.45864227972513,57.67536730219137,57.488082911440884,60.196630194288204,65.42920863349505,68.745462806933,63.002944805894586,52.60368670593978,42.64092185376904,39.11098951389219,33.96298536769885,27.739450900958417,32.691949724084225,43.35144247895364,58.66313567572995,77.30929078565893,90.10238858348377,92.19835887103501,88.95930380879746,86.00196708259732,78.75504111551538,73.18722809631062,67.9486194087038
2024-09-08,54.46846854461671,45.50252206318167,37.81277558140694,38.19762826477242,35.69085520871532,40.162605887175246,42.00116317304196,32.2890377091484,19.634889616128362,11.90160501488478,9.208176483545657,1.5614173047196118,-3.126388033039575,-0.4125006901599306,10.14579177948329,27.566655327964185,51.845582814566825,69.9551084298152,75.24635579238375,74.03970198901685,71.81229979611234,65.63985239980222,53.86650973319334,46.14363030547321
2024-09-09,36.696277047995906,29.400572719809787,22.005838877824786,35.139722319358455,44.86110572309887,65.64306168540391,73.62237824823335,64.7552657099708,46.954429432341485,38.600845489623666,34.446952805426264,29.990018402121237,26.638435533040663,27.71328595159524,29.62731990029421,48.070286585759916,73.2357713753549,96.10151074466849,104.4420754293292,91.16240461095883,89.30534596041231,81.86206789817454,72.23990162439019,62.308993776642936
2024-09-10,57.924263155062334,48.59819347323278,47.12292314960453,58.428656018114225,63.43556534628428,87.22005332502684,98.85968655227703,89.56531835960303,64.66225340686026,53.129956700924254,42.5964138745031,33.49208716416956,26.87970666557632,29.546666013616942,32.89152274625221,49.891335363606856,73.48779968954243,97.97718182624499,106.79581155176265,92.32025928452808,83.86736706680168,75.54191952329211,64.7829979790092,54.294235135799426
2024-09-11,29.62687357781536,17.456632501414703,9.823111443293612,25.99690010206959,39.77905253464381,65.87139100328064,75.28687365777289,68.8978714014582,54.76535836003738,46.42547532029498,43.28834901978881,43.76633800948194,36.1585387654395,38.281930481920156,43.272709534499725,58.516971053787685,82.4034775579919,104.57582677845922,106.84164168213168,92.74623827437865,85.5355129952187,79.67694430433029,69.19231249082351,61.21004056513513
2024-09-12,55.660548849233905,46.00066638162022,44.05096072442491,54.84469191811003,69.79766168075302,87.87302573497819,94.62708647960851,84.05820235431285,67.9914785430099,59.94061136658199,56.10328795514475,47.19188581610804,47.246429098222066,47.183517867822516,49.73066305621468,62.8037543183289,81.02827050911192,99.23018218293578,97.91525158408238,87.9652202938597,86.03688796144453,76.720730412402,72.35124059398547,67.07913027902417
2024-09-13,53.47616549665386,42.39994025353707,35.24997763216906,47.301487574649954,60.01913994565422,80.66393224219814,85.96607251189091,71.57271805897348,55.0282943928914,43.11043707442553,36.500889432305854,28.28361463778404,24.779510027642658,27.55554900977768,34.48235840377217,45.70923087488248,65.56485337696637,86.74726190207214,92.08807456891098,85.00449367954832,81.00394881782881,73.36666788052013,63.57747408437925,56.383128292617286
2024-09-14,46.943756861573306,37.32432300591556,31.667255311269088,37.37499594823248,42.12045170013013,49.59442312641659,52.015036523098956,42.65992539312842,25.853534348780357,11.783824272464756,6.854171240883915,-0.09512629168304443,-4.998069222957412,-0.08532404135493721,13.01733726387647,27.805915637594637,52.30835843960651,73.25863607776182,78.02251248631666,71.28659455308538,72.82440097542901,66.71531778408422,56.27530679379453,49.54121401765758
2024-09-15,49.877198635699244,39.243980739994925,30.162483274508034,35.76110861538103,37.93564460622366,44.683117044351874,44.05320046744876,28.512268747798544,13.071024649729452,2.5038473545125726,-2.4967869096965103,-9.937547644404788,-11.080366096156439,-9.04235386029643,5.864325919768589,24.66263647317723,57.01136411592526,79.46230763972811,85.59417357807469,83.0030360664122,86.59370048889244,76.22500058501672,66.14220368233626,59.874777316485165
2024-09-16,53.59075096564811,38.39451526222227,33.872860517177315,46.273957177537156,60.25657892787174,87.14918302515179,93.65524889625226,79.49317712499305,62.42581990875475,52.37914322507183,44.44998666913264,32.34912571516483,28.590704356268574,31.082301466062972,36.33498545856693,54.36939935374522,78.65613020453173,94.48823635614126,93.98226875391958,90.38802640671884,85.46238570934977,75.19781027051079,66.91785306293215,54.20563464107829
2024-09-17,44.31232759774851,32.040503160747434,23.226876814752814,31.85293139243869,46.9454475104978,65.62789216997518,76.49806186515242,68.9781485451736,49.7097751357756,39.08654796636472,29.229718926477773,20.737834314384372,17.170391498591755,12.167981201073331,13.71920033625787,35.289844867030695,62.34167387379463,80.66793664626887,86.00274837965713,74.5885340398576,73.42729343724405,68.11027029010886,57.188924156106864,45.906633783345626
2024-09-18,13.577194876084889,4.141206690675119,0.8106582790537544,10.532506198059323,22.287198658089522,42.32039247245274,53.81700134791171,41.39110459656206,23.270160300952142,14.25206661653317,9.35597315208065,2.017742816919622,-1.6028586323622562,-3.6027126032172987,2.088017312414081,17.784526148339552,48.09743647908155,66.59597897129652,76.21521408225388,65.24381021628734,59.97554550807027,55.78839266054993,46.62824896572238,36.806746040229996
2024-09-19,25.4035930128547,12.197095094271901,7.171229636266318,19.799726621273578,30.3323859019506,53.38029886323589,63.14082046166391,49.296314442871875,25.6378928898975,10.301825123002601,4.389799296089677,-5.344964854246456,-5.375361115820027,-2.80569154751862,2.607670138450885,19.743422939799558,49.546596643903825,74.22889142758095,82.28201006485045,71.49573977434329,65.62158625086929,57.70854884106639,53.72517769211805,44.357233676722785
2024-09-20,40.128603315836145,28.79907894069335,23.904333960906627,36.38412247180919,49.9459126313682,76.39725362544962,83.41772467423088,66.84001223833617,47.40028205120065,34.49375105922715,25.115917824686477,17.608924422268757,18.768749491889977,22.78463974555369,30.45990751741705,48.960923293350746,73.30308484467669,94.45404217431091,95.91525174572924,87.6941936724609,80.3132441289341,72.00628616729784,67.68399736710052,60.3147562044164
2024-09-21,52.99108734348593,42.45622756388211,37.858173665989966,40.19646852194043,46.261100782106126,56.17444901373888,60.25510193321719,53.11489007978703,37.06703924099355,23.44724355127255,16.673241435398012,9.141757407495163,5.586533481832561,11.54444698905084,23.598006823878805,41.77673573533089,61.47256338154547,76.97689431275953,76.59232513144394,72.14886708145085,69.83227506694989,63.562932728279435,59.862722580208754,51.853987975057834
2024-09-22,47.344382571557276,38.04861874292915,28.024631273649007,30.379122911715527,37.65963750642375,43.25526248182938,47.73485514614676,39.40646253602273,28.24227466687637,23.508411871472987,20.572053229851377,13.112456899452752,10.105378399605115,10.775396908423232,23.960989761471254,41.133557399955606,63.9155074307598,82.3979034351661,83.21506554777137,81.15074041509973,80.24858566308974,70.56740590528385,69.31519307141083,62.16029325580513
2024-09-23,54.02165543346223,47.1516028533688,41.878406353850124,48.077604078753595,63.72540749919193,82.28485561501579,88.43559009083218,78.24406711584618,63.229781044522,56.8297715712836,52.830653435603736,44.75056243086594,41.221585417284004,41.02921885949671,45.05540523906211,54.42897622334979,75.1115953338209,90.17636408883615,89.35487203736588,79.26943892050274,75.2354666292087,66.41991859404956,58.754376414291954,52.25777014649957
2024-09-24,50.08703121076317,41.37882918959245,33.84744956562031,41.766713770213386,56.552531722428625,76.67440177351995,83.72450204205555,72.0863141062776,55.537558212181494,45.00560809497233,34.42681536218163,30.238579312169463,26.713785482021393,25.321812656373567,32.02263096138782,53.03672132793176,74.34795914500285,89.94951830064309,87.17510499602852,81.0025841734205,78.32324328394492,70.80848780493463,66.19722191397604,60.757531423110834
2024-09-25,59.46501020154194,47.122816301592295,38.896998137150405,47.54567166898629,56.78411960267066,85.18101523966608,96.82602822640914,88.26596195345266,70.78479589039475,56.39169537729626,48.231452746628634,35.15503178459977,30.664657358149512,31.534985403002835,33.46104872009313,49.35226414327202,69.18008892050028,81.61330967445463,80.10792298810983,71.20718952040473,66.29313894436523,60.64290435367651,53.28965701605131,38.111333371440764
2024-09-26,20.465694390671118,10.619765974884444,4.160950662163231,8.536501724219022,25.27315737903575,45.17463205029611,60.05842555924394,58.22846790403054,44.057745825246485,30.911319447035453,24.638536429292685,16.970339675303933,15.500869204610353,16.23951778275324,16.93390586225044,32.9756946678003,63.95212211269033,78.4834907251614,80.27414423609389,65.1654595875967,55.95871402669977,54.807500711946545,40.094627161220345,29.034063001384013
2024-09-27,-2.0049806080999133,-6.549267744828143,-9.042461269854599,-3.851821576241008,3.9120990411268792,25.355418281264775,41.46588962705849,37.824344364094316,20.509922283176394,13.580623764995522,8.114358771102388,2.244282997658928,3.8242991158405744,2.608467198550869,6.0436604089697425,21.044454769807857,50.88684387352353,71.18866598112837,75.27914155439547,56.50870760272329,47.482795910147786,45.820176855414246,39.568111366045486,34.31062596777707
2024-09-28,36.20224231598846,31.427033123864263,29.950327106558674,36.33226406002048,45.1336372133584,54.821728124429825,64.90159857333501,57.44812775633153,43.165031083629,33.57889315261346,31.77620045745283,24.636257502974402,25.525080531634813,30.79151391139041,39.327281555871636,52.9135276261178,78.7965139809802,102.56982680828646,101.2722811622446,88.91488781224724,84.1125245427341,80.29219376577802,75.80284075326804,71.6589576395531
2024-09-29,40.989535646460254,29.649350788974687,24.588563059592573,26.968559493763735,28.574702505946235,39.058806693343655,41.874923572425615,34.27414954329956,21.22213976700857,11.712258627057508,8.334025234970511,-0.7105199936464999,-1.4404714533161211,0.27153849853422685,11.699260144216197,19.799537110361427,40.85726845111628,60.920244862292236,64.6385545462401,59.74887479683139,57.73346725804724,50.51763067730238,36.628700191174914,27.965454829469437
2024-09-30,14.452183937477145,6.022803243409143,0.9196883263995659,9.202554861717857,18.03269522721328,38.97321464526176,44.020569493425995,37.007485577749264,22.5422480295571,15.716959258890029,6.888044701672499,1.8252097131105813,-1.0700073403282317,-3.8731233342953146,0.29317122472946266,13.994008152252121,40.15096492070262,60.535226580187725,70.92591060772617,52.958715065923,49.24846034864835,44.31457352205891,28.444022492990342,19.74428190932872
2024-10-01,21.488131026259836,13.762643598595076,10.41060303417322,22.522036182151183,35.24422531449966,61.314853746324474,74.90059321441737,63.09605046228505,47.95779804614486,38.78254624196623,33.700843260479786,27.256800533685308,25.73322769926294,30.980452531342465,37.44073459343225,52.405179325824804,81.6442103439978,102.57228486435224,100.87749622565389,86.75390004613337,74.82585641890977,70.21094558641849,64.12292045051518,61.703810044430455
2024-10-02,59.9650474734478,54.53884456580741,49.126071460281125,57.78544569053096,73.65972443819375,92.19546551441697,99.48154373903239,92.72408182579072,83.04615920793775,76.16969121436888,71.52123178993439,68.21313323795744,66.6796842787317,65.5997917763771,69.06451055685751,82.18211670069641,97.59108807053981,109.98284551317464,102.50749257265113,88.46578395941035,81.01411888328114,75.37116588083855,68.99119647325288,63.68833754611474
2024-10-03,65.86410812625593,61.22466440621365,53.79139587366589,58.36617707821979,69.97674402467041,91.21325501169179,99.35824119702247,92.18724436895238,80.17962989119533,72.94729154439258,65.21300114539176,59.63554590890874,57.831556786775906,57.76682108373501,56.99788434570152,68.02301765207794,82.84720932105787,97.94733887438133,90.62099127206193,80.44324068090495,78.75658612873741,73.08682429205228,62.69879657501835,55.642684403933515
2024-10-04,61.73806171315992,55.727130900384154,51.97165940577008,55.43478585734691,70.0614073603077,91.36845458356031,98.74226256821609,87.39857880321499,74.66521296275536,67.85713450390361,58.57544130619968,50.303022284244676,48.28422068520855,51.510929142477465,57.98761024841015,73.99973072530861,88.96273503028408,101.0001327107934,92.51913364130809,85.8295825649019,82.8689058386255,76.52204624147794,71.78283358889811,64.80708091418524
2024-10-05,72.7705051448984,61.5202621702379,55.53649720006959,58.31614522858038,64.54427055436256,74.8827475636571,80.47889678763192,72.17288577376053,55.797413078150754,38.90770098939234,31.239841277084366,22.369236174473286,18.90278354587349,22.77534780362504,30.726425610709185,44.149285575429204,70.4728547935998,87.52313201420549,86.57022868787442,73.82274407362327,68.87566422248992,65.35869265044417,55.25335526507874,45.96698766520029
2024-10-06,40.50315254386014,29.300053716004527,17.972048622782225,21.902332403430336,31.038589916534093,40.90037178741217,45.91473595356041,36.74785185817237,26.425975027482508,18.02215999219331,16.565068319483004,11.73846641366805,8.120774091876285,11.115030330674756,19.833900368779865,35.39134509122718,64.69673867747566,83.20182251043677,80.9791515555268,71.74995839341813,70.96333977660684,65.03478381603573,51.90356754821384,47.576606804588906
2024-10-07,56.017000340013155,45.920193384498916,41.35399685179972,46.65741955942933,64.37413706315316,87.49823358888986,96.41686818874763,91.87192334668093,81.6284430786062,73.32128979753524,68.96505513089369,60.95824040297178,58.37082631856171,56.77131062880834,60.56509375510234,76.18171501941781,92.75938629356668,105.35380553749194,94.54853926471826,85.59105133904308,79.83883706617438,73.95712801128606,67.61427990387584,61.002633300358625
2024-10-08,38.19122378728514,29.83296913992349,25.67816500000977,33.50616963280979,44.948396875382045,66.31440735838916,76.19963603034115,71.10553335497838,61.407491336069796,53.20303712013194,46.448170025156244,43.037915736658064,37.28750894042726,35.13428475410508,36.39417713063732,48.79211817735917,66.67379460647075,77.98259222672229,75.21012546552936,56.53726568961653,48.602562578546696,45.86712248384231,35.16452429309773,26.032711769227262
2024-10-09,6.595803722276145,-2.3924293959244665,-5.539952359590785,4.479533468015859,17.758352606710773,47.51348265616325,60.11593090359868,57.86827873014859,46.07430890394737,35.300620716104305,30.888148850403894,32.328607829723666,27.906051084181954,27.13144506708906,32.402491388310935,40.537104371708566,64.57899470717983,79.3461514304833,76.99252687075648,56.44974724977109,46.17340285498548,43.73793816830016,32.15727443562564,26.42018130246828
2024-10-10,16.349972796980268,9.722771803120523,4.110932479849694,11.168066117144448,28.936274993366837,52.69418106369719,65.94695971185172,57.39960711285005,44.37024550757249,35.527567621606636,32.840265638071855,27.994676544511577,29.349992723772772,32.022748892359715,35.319175453542414,49.11435375096917,74.58684151835166,93.75963051183305,85.88859163007209,72.18510816657945,66.43067532770843,60.4497453092782,55.73940009016579,50.56870978581031
2024-10-11,65.18971712259894,57.48335139760866,55.01562141877585,61.18938884741676,82.57069023487966,104.44985781678804,113.84238365265671,105.2804067611274,90.78034589348019,77.3834019661531,69.21401996041963,59.291149444004205,58.99144976154487,61.95325455836603,68.13446783185132,81.26055504232691,99.76667398402695,115.53853815176842,107.38046742669341,91.81782995796077,81.29751286735329,76.3125863872565,70.84732061457213,65.6917965548071
2024-10-12,58.96387195947416,50.297827037711,40.436319829935826,42.57677199330486,50.43169362966721,68.07511484456847,74.88552145563845,73.81315820927179,64.70297313091564,53.05124494577822,44.499014046883346,39.02748029180019,36.56651639008574,40.17168006549777,45.947591909208555,55.3215071948125,76.12984465790898,88.00397158144371,79.50957573054384,68.9125128240278,62.90276602909685,59.547636308804556,49.94604761292335,45.892149032145085
2024-10-13,36.240878015137866,28.725501819466388,23.046121044228244,23.66945222571195,33.588180118116654,40.62110474016785,47.1451201738179,42.798958869144315,38.068365210609784,33.04377484840694,32.612668963772734,29.134023494219974,25.387636155198805,28.516119905511957,34.70272743070356,49.134153218106945,73.47840992670598,90.14802171656777,83.022965594741,69.81452356875052,68.5418889393704,64.2160929900223,58.10833125321835,54.85046445750501
2024-10-14,40.811627658836656,37.88033212007191,36.13609416895622,38.590172436773756,58.597431641464624,78.02233074394488,85.70023985760949,78.55358734587804,67.99625247004744,61.254415532067455,58.55012959537822,56.21053965880229,53.89857249682383,55.33676447287796,61.58659948205697,72.55536642079952,87.65005482279233,103.84649585651191,98.28145404583812,80.06079664501983,74.31218803826411,68.22648252406371,62.1484660793767,59.07434195293038
2024-10-15,67.037291641024,61.13864784003269,54.478320501525545,60.317198191695184,70.20618520970518,91.28921996771055,100.37971873221255,95.54207756247166,87.37513977382326,77.96874912165174,70.3395843400153,63.219028209442115,58.98910979514787,58.91024030082764,61.85441569466916,72.06416690876551,83.97890765313514,94.91204081122376,85.72166955395363,73.5552342793303,68.98819344365165,62.52958392579268,54.13663323153318,46.251924428496295
2024-10-16,28.02993577719876,23.96003295859714,15.79845227663678,19.75307174476933,31.619859224840937,49.772912254253015,65.4280472841057,60.98056904829768,54.053950126513044,47.116184769526356,40.85281841565876,41.579738088826744,37.98911200067025,38.45314096091974,38.77392223959562,50.957788077676454,71.67947729004932,84.06961625058631,79.32446049787369,64.90639317027478,60.879832972528845,57.325580984818004,44.804841080860086,35.541746713924496
2024-10-17,44.40115727024997,37.62096011473372,35.95197108493875,42.20678731781858,62.057967344778746,84.46111089620067,100.41967924300971,97.71692932108255,88.97138852187433,80.2219833855844,77.639965033268,70.79555695739785,67.85188179066552,72.56287090721844,76.57592894610818,91.67673896064908,111.05376719948924,119.76708418440587,107.42528096732985,94.21962998784838,85.23963426847666,78.9347940521069,75.59953105294124,69.19025884291892
2024-10-18,49.73289645538323,44.57795259733298,42.35140363325287,47.47647660131439,65.46927119528812,83.84118984229214,91.7286281194693,87.19069813809051,78.99335830388797,73.02271869565709,69.4186823778864,63.651602584669405,63.60384415238592,65.47529254592123,67.47196358999317,75.29116621760633,86.93635509654794,97.63028976434687,89.12395281450685,75.51888523556191,68.57640971568998,65.90785917403508,62.671673706553946,59.73616139378876
2024-10-19,45.356950398923104,42.586027809040914,37.35273266615346,37.07989687393669,42.42441716279566,48.98600211885541,53.59836135554308,50.43722739326766,44.58190228198009,35.88167266978189,31.394554334463663,29.28606675293119,25.19427338124214,27.374745905471755,33.58298417859531,44.860035432015835,60.13865826860348,70.11659473476217,65.43351477238889,55.16414422913712,56.15038664102305,54.29640392342377,47.61759595731816,41.781460958790845
2024-10-20,32.14482674255177,23.643787309148166,17.309483421876806,17.646463654973388,16.219353125838722,21.97537561378124,26.36086223143542,15.241188376812914,4.487724958799504,-1.9482100152856674,-3.8198023700069825,-10.220656188374278,-12.794895978265203,-13.120843490031064,-6.961629966673456,4.361041597039929,27.963031351024483,48.23438870789968,53.08692449459909,46.70599883984872,51.02145354527835,44.58842923515971,31.090786311284077,22.70481065586668
2024-10-21,21.365860367242163,12.91561733119859,12.543626672452973,23.66879480641515,47.39740759658048,74.14768721124634,83.80520232875014,76.65324513893529,61.49297446432354,51.38832251474301,48.99134471321955,45.22829466044652,40.8672118848076,43.005491217617475,49.19902598395052,58.09001278897131,80.58328893473069,98.93978591095086,97.58435785152403,83.10371077365335,76.71167485729868,68.3981861846371,57.87129992611119,51.784548663228236
2024-10-22,57.23719485678225,53.6630424183887,50.55465990412273,58.620974726355826,76.11380957467053,93.17047434960918,103.07454236184131,96.18398676162136,90.71042939482545,80.18091339178899,76.33585474712207,71.33384824654337,67.92856833978982,70.1761507415863,77.139915944907,86.51265215843183,102.44605657494986,116.42701831423693,109.5420163734166,94.21553430436524,86.50036604750817,78.66462771980937,70.43941049740828,68.48623880430338
2024-10-23,66.38622357971029,63.01075264269161,56.25705827799024,61.42883421946498,73.00554998510859,90.23052367829085,99.895318898769,93.76141443319611,84.87284172880166,75.39258477254253,70.4196229654408,63.33939572190707,58.710414714761015,60.301888587791154,63.78462430337078,74.28265339273415,86.46399067580776,98.68853336806275,89.53107817347524,77.16868081636729,72.67563356522416,67.23690295904757,58.325368787124404,50.90086931371144
2024-10-24,46.68055780125904,39.14812397810718,34.77760983139309,41.34741762446146,57.7355452323345,84.02112557572713,91.21389592638553,87.18635123596977,77.38857368510959,65.2378069144441,63.01401722784415,58.64085942043238,52.616910477903716,56.69109951949491,59.25342395410145,70.69766267259115,89.32244575137103,98.37574424281654,90.03587951244988,73.104692382327,67.23862146092439,60.02850673492368,48.80994762787145,43.69751438847828
2024-10-25,41.60839045166607,36.31837504306482,32.033328291375554,38.34173320251992,57.986049958339805,80.78318437159766,89.72940094936892,82.10711064731193,74.45611135799675,67.07664031636709,66.49159894130811,61.02808762767249,60.45378459363042,63.80961297019692,70.00043406928886,82.0730803479776,101.30489067909491,117.13797822239435,106.93629909689496,91.42209887442861,84.58334580124067,81.25025703258567,74.39118417733187,70.71610736322089
2024-10-26,62.435808321390084,57.624928725271914,55.469952911551005,53.730885660940075,61.528112644674934,68.19606041335379,74.61851407938317,73.92173400295408,65.41244092008267,58.40611015252125,54.69217713144971,48.25954070461714,46.51274192330294,50.026197364896035,59.18719388580405,70.58083439108657,84.3070354527174,95.43800086839568,90.63693096394422,80.95221729171399,75.20177263839875,72.09743766452385,68.73576184946586,63.74400371812476
2024-10-27,61.30817981813114,56.23117042728873,48.547197082530815,48.875919143266785,54.075279555372035,62.932732824295854,71.64629482260452,64.38910109694356,56.58604435906108,52.91714901917358,50.475518752898395,43.47281605640799,38.21044477557608,40.47227364099879,49.2508249565997,60.760857555881856,85.70617351771975,100.83244602227559,97.26278963998269,91.93258072934935,87.30472857438437,81.48940491080404,76.22138947252837,70.66001826211533
2024-10-28,71.9933712821861,68.5643561976936,67.87459505371426,69.57415844178765,86.71026284335557,107.51398380769557,117.74621073948708,110.7231914714647,101.35649858543775,93.12080754699622,87.37293681730836,82.78685686227081,78.63088939921289,83.45104713868008,88.57634047639786,100.96702947904456,116.48562786560785,126.62503980239362,123.66832145772827,107.84450355752045,95.94002684902048,87.84361101489742,82.45703074293166,80.3126443595184
2024-10-29,70.83174310821805,66.53121268636673,64.87800251141498,65.77184668227078,81.64944713550771,98.74004876842865,106.23972667471362,100.78585180144233,92.83586647572483,85.85553640240342,83.39244969771865,77.62484289927527,74.89255116386688,79.93477844160704,86.20302858225504,96.14809369505531,110.80364306766543,120.60854226952513,117.62135479879315,105.21951971104586,96.16927957132052,86.3001561209836,85.64853589286994,82.03743202719694
2024-10-30,73.03801034801903,69.80606236248548,64.5706515718533,67.9894491741353,80.19284256495268,98.88333207460485,111.71608440608411,105.68402546322751,94.69827784597483,87.82501971618089,83.04308644536297,75.11768211526292,73.57641882550169,76.53407081061917,79.4997063750448,87.77794198649926,105.58272400488131,116.3377042904595,112.16034974344807,96.16513495057337,87.90287960346325,80.12304612600458,71.40035980561203,68.180593288452
2024-10-31,63.80862050027939,61.09128655949921,56.47478222116756,59.1268692024085,77.06547259762708,95.14386300312428,106.88381586359517,100.70035675511018,93.2163106728127,83.14201610326162,79.37892694920743,73.74868460085244,71.56697866921054,75.75761877993504,80.32915721923563,91.36236057181475,110.9340901288675,124.44565808625674,122.89188499542001,104.71402066608778,95.45708343022406,88.18507278439654,81.78959586126297,79.64739598071155
2024-11-01,80.37944758617115,74.56362307468362,71.66776298549551,69.78991758237792,82.33436457871659,92.40923884292302,99.26923916537524,92.92129334436659,87.73200181757632,77.66129376751006,74.28649580529365,65.21701195426077,64.11772789245873,68.53348612921324,75.57092219893694,84.93228734549028,101.7643376262347,115.32607492488198,112.79021573547719,99.9349418584106,90.63481350805297,86.77025647113017,81.62892845760531,77.2132731511373
2024-11-02,74.85221592409195,69.97829513888351,64.40566895914095,62.80381894745629,68.5154213200826,77.77172154019831,84.93766846502378,79.87293195499296,71.6823797222311,62.11755755326634,58.186452075728,53.77527089879774,48.83472003008508,54.272341437409,60.54894495955445,71.1908399207152,92.61441721505605,105.1173103348316,102.7901917639888,92.08412441378836,86.17238980533823,80.64073985589971,72.51273765816548,66.82255665220872
2024-11-03,74.56990174780896,68.04921971132961,59.63456666205726,59.77871671766198,68.7723025247024,77.14250835453612,84.2783136993848,74.4928515486242,68.67471089410708,61.56957723689999,63.21789815588909,56.784625620403034,52.80893352922894,57.75218290538544,67.20759380571735,81.24598560859405,106.7560337565263,126.44412310263857,123.97631752863579,110.3077270347215,101.60150537780862,94.92622703211327,87.06855608047465,83.42488515250861
2024-11-04,73.88039427479922,70.11664028149413,68.2155318810521,70.35224116889086,87.81559642498732,110.9854087898909,121.32995745644696,115.77296796934719,103.64431503423573,96.94331887068181,93.5440735507277,87.76820635988427,84.70480208355406,90.01311732325854,92.75546931478956,105.21428039492066,120.49644896067655,135.35495837916204,128.38727412978216,111.84717711204802,101.41744749838549,92.89420180943134,85.88081476968898,84.19117195105129
2024-11-05,85.30133144240975,82.19573190279701,78.61647319494017,80.52726416636592,97.66477845084697,118.12140698820664,127.54307374464337,122.54917605118644,116.72107436866918,111.4259862709944,110.14727132915849,104.57309529223127,102.85638611862123,106.93326558775286,111.14649628522008,121.11056135762323,137.03657232811875,151.83204668974733,145.77980925392367,128.86810699837642,117.70977011923648,107.88970268572842,105.70939639284478,103.74756756158993
2024-11-06,96.67755828206315,93.59582672181986,89.37399978393631,91.80411134871503,102.4229004071639,120.35265129836839,132.39199466298817,131.30439888197338,122.50241777683851,116.71156760213393,110.81168000147522,103.71260337519979,105.23206922943098,107.86150237730553,109.6535420687755,119.63954223479513,133.09965553579457,148.76086059160386,142.38891391595405,123.30890329781418,111.46913785034934,105.03194005700465,98.3222700933814,94.88883028959819
2024-11-07,91.50398784887295,86.2823104359893,82.11982938068533,84.90207239739024,99.94336519284062,118.40716849243697,129.8544000536174,129.85514163256062,119.84281710402894,113.12312000879022,109.26315147103544,103.45465720300973,102.0282004286725,106.12259902506088,106.74744662588974,116.0458793112951,130.0593959664602,145.117073992585,140.4949950514808,122.91531017520072,112.68648107208747,104.20619452877182,101.16156916431524,97.64781462216482
2024-11-08,97.78302157307527,93.73035182508823,85.62500174934675,87.79302267273,102.92592354030545,119.80733034889366,131.6881491820202,126.47510285354477,120.14811753065263,116.20832860726793,113.00656689227817,104.80138625301497,102.67072834244736,107.943139583479,112.37921271284168,122.94282666349775,137.48301249755855,156.6229947733099,149.30201668622482,131.26917678783457,120.85042573514137,115.59259006479216,108.72296252878903,104.79873856630766
2024-11-09,101.92384811559876,97.71321178824218,90.29273001116968,88.07687645479842,93.69427220214763,104.0563465747349,113.61469445479096,115.28703948366692,113.28915309253864,108.5850406979107,102.31911107634681,99.03230391082512,98.7641305371503,101.29727114532116,106.1348507107349,118.80637593469595,133.90160120411258,149.78905500125265,142.1958747020114,125.99174801670695,116.2833053810854,110.50114637469773,105.73127591158035,106.04444956073385
2024-11-10,95.51108201481281,92.22089773900178,85.13572762334486,81.7614253641209,85.23786281570945,90.2570097596852,96.42984551653095,94.00201935905287,93.62612973578362,88.92048786053392,86.30427069428364,81.19719303314321,78.43440613482986,80.34804607523637,85.91688180760548,99.38111585063763,117.45121575658017,134.9759254414216,129.87617946682707,118.513286838373,107.67635756172965,102.12473621288936,98.57456426488805,94.66996461522248
2024-11-11,88.3773337800575,83.50472785696104,79.00726432141677,79.3099070146821,91.2176922896315,107.3555502498512,120.32653456126747,120.38999566878006,113.9479793426796,104.69157435996782,100.56887217483515,95.8285750369178,89.4375147662352,92.75633721304688,93.89821199338371,101.49728441360602,119.26128495464029,130.97749003334968,123.18947860442508,110.52645301285088,99.50203681740587,90.5411156814715,82.90023485815975,80.29576867336706
2024-11-12,69.44852842684757,65.87522328625892,59.47310991066418,62.561633681158845,76.73459007441495,106.10918957964104,122.2508234225782,129.5028021604375,122.91931314714466,111.30613829574648,108.26762326463762,110.54822171015635,99.62430380398841,96.23607780494895,96.65713036629117,107.10315403236234,126.74743743670768,141.8133895272983,138.74997181297985,120.07699264899173,107.91332559372158,100.99971568434823,92.14246861069154,83.66655145520767
2024-11-13,85.0609282797794,82.74430606964144,73.32994237037006,76.65420097383975,88.77850258048332,122.41202265317139,139.4166337417559,148.44882102571017,140.2132661090797,131.2883248662807,128.32842183043374,124.61990672199902,120.78987677709408,123.66327137806117,125.04262897982159,132.7794382353014,148.70669423894546,163.98511239959464,158.724432579091,138.43609130775542,127.63447808774791,121.21432896941604,109.2980174268345,105.16307859741862
2024-11-14,97.72154554606122,94.84711865781341,90.27762095835658,89.38545802397167,97.97850634286968,119.89538095415699,133.6001017394707,142.28787154442068,137.79128012537203,129.15085353840794,123.31941730923938,118.66229996759287,116.21452412223955,123.06872182825148,125.43651599512214,130.02518980822362,142.13457447512502,156.81789099568616,150.40942089829525,134.08461412099902,123.82091848931745,113.36673948109933,105.53189350100183,102.22263303277512
2024-11-15,104.20346879765161,100.85874653243974,96.06681471093577,97.21270350278164,106.7818023518748,124.93193874355865,139.44538595395906,144.9082014103787,139.09587430311217,132.51803924284735,126.200066178457,118.06160731911774,116.90093506649413,122.7474785637132,125.03775533085508,129.94755035521734,143.19301666544186,157.87615335029943,151.85756196148606,134.7561338586143,125.85618175726977,120.83370480932487,113.93355242340004,111.28712056239726
2024-11-16,109.42346814827434,104.08019059160532,97.14015898483743,94.69199526690204,100.12588522505112,112.1950506205956,121.4532198731528,127.63732558009745,122.29251920661918,117.30044288814977,113.35437347001128,109.75004588709753,108.66121453434242,109.60306075117329,110.89552223661516,118.09741459335939,133.81922277639245,150.88684354948282,143.76453391730485,126.15260322001856,118.2128176784145,114.04671956138928,106.19788228013516,103.0810128168448
2024-11-17,91.1397374445204,86.38477802775431,77.40133322295848,74.88106630046643,79.61679348332142,87.65861556947002,95.03667978365753,99.46078367412866,98.89637523580474,95.96688109053075,95.79766155783092,92.25443786911495,87.742936530535,88.49127959266906,94.25451842397112,103.66647611692251,120.01434326244409,138.14358041586493,126.98086582084171,112.62723948044247,101.75689698319214,96.6865257198465,90.2976940908858,86.3629031724491
2024-11-18,83.50873276200934,79.33547087536569,72.22080873332821,71.70048950880613,84.67242478409491,112.5165733950284,130.68646961088874,145.96196172103413,142.90781979424273,134.4540873701175,128.13029371635156,126.42547351554408,118.50551612171468,122.3807676235569,131.06686116853126,133.87377328445376,152.14102902616574,162.328906473925,148.4255630245229,124.00646184316119,109.58883101982683,101.35562180395857,90.64475478595668,84.60831465452657
2024-11-19,70.68359349737364,67.3209877653459,56.856161169977995,53.57652988487352,65.3961454465201,82.01586478532538,99.2815017351237,110.55312375362878,106.0635196468041,100.20508430015127,94.18277767093342,91.5545068321883,89.35578521530448,88.8978754250476,85.1981967129232,94.76527438279253,114.57930250441994,124.84902540888832,125.0370229430397,108.6600456311131,93.57265626289787,87.6390523827605,74.75650952779085,64.26399105734204
2024-11-20,79.92417930922724,74.73030297298699,63.71631533474205,67.47763002392813,83.66205035566497,109.8551253499115,131.52460881959337,141.6090617685287,140.23820917075082,128.8293162566809,124.07440566819852,117.14462286869164,109.2375358960031,115.54508579167157,119.47345677201695,125.23223793961432,148.98175713486978,160.2849013856546,155.18510349852613,137.56860309998382,124.74222610969326,120.59686721764426,114.1557660416544,109.03762045343778
2024-11-21,93.50872116565293,91.63362879570641,87.80631268140412,83.38192203184907,91.45369318961306,110.35116978403622,128.65881740597138,144.2771358005731,139.96735722010988,128.81106725394943,124.12652882901043,118.56340072564242,112.05406387821387,117.65222200658783,116.58741947825246,117.41573968031511,126.66543220594721,132.39368348506497,128.06311551183728,115.57368548210552,106.11689088317168,96.46967633014113,88.86841333571765,81.05107974676017
2024-11-22,83.18271585803961,81.3256491863255,72.62784152875655,70.4650385483857,81.64206202433186,99.84128861461734,116.32782928484613,129.7804146547416,123.67805872274528,114.65056976063121,109.54058317931228,105.53634588269139,101.38471008945788,100.32452061580521,100.56880081036054,101.77534294376072,114.32260763624234,127.57339754845637,131.3051784294839,118.13052515331007,109.53022813770166,104.7853457134041,98.58563289856926,89.85774719532908
2024-11-23,94.45672042380184,85.99542565887816,81.64194810856651,76.68307876228488,82.1679098793764,96.47555756793999,107.19710815752865,119.6836871375331,115.941737634741,98.70550763850682,95.57115768068905,88.90103599909966,83.80661818258295,83.44818962248989,82.11930689737308,85.20000340238262,102.77075618360934,114.58406185307425,118.96428277119618,101.07713593831738,86.24088175158391,82.65485418097501,72.22213255114823,58.91956202013475
2024-11-24,52.24046653537047,48.6900859991124,41.98328553434668,38.2191791479477,49.84286950833935,69.6703897649437,82.69099733135768,88.4843802174695,87.66029193406007,79.83593606853016,79.5960851570189,72.62587535064849,66.48003717601377,72.38466879509879,71.78908853374773,75.62523972035696,99.94128513259487,116.21843883565245,119.0788006567234,101.47306202690154,84.60531660039013,82.31177927368064,69.50029971814803,60.50803561595444
2024-11-25,50.318279246105305,45.27140590214037,36.911702565714805,39.71811235592706,51.25009957592758,78.01009618782284,101.86285822426048,110.77902780609597,105.29129901408221,96.93043707361852,94.55779329414754,86.16929596817948,82.13105263053644,87.64008656562709,91.82923419040124,97.988271831284,124.77092872240686,138.40359413233313,139.33031069250706,124.52916340644448,111.57122301340539,107.69950580190952,97.21710347436702,95.25191573757253
2024-11-26,92.56011008934797,90.00394142967855,85.3880788274066,84.35872098355517,92.39699351400319,112.26737447647227,127.1393123434199,125.32470744157678,123.08641746811597,113.60078567212298,112.71440952334348,104.71098858956879,100.78167678359769,101.07621845931774,108.8020612910693,121.63375943159332,133.59954824565386,146.2136572404391,139.00210558477468,126.3591884769062,116.40832469929133,111.65018272206427,102.57167831729211,96.21970128392438
2024-11-27,72.36293316074239,68.40179540110748,62.80345885136549,59.84958543159429,64.60156028888115,79.0430529966608,96.85973357671266,102.60470393572132,96.85765489833052,85.24361298128004,77.6709818443323,78.26913422325927,73.07075056369953,73.33436712828649,73.48204677866778,80.34098037969788,91.5487265355719,104.57395015954455,106.41569968761168,95.64641093475332,84.16504169517506,79.12266492578753,70.66118232313026,61.073214311347186
2024-11-28,82.77446835403731,79.4902492863009,75.64485517961924,76.46129782518881,85.53133594706651,106.196088636995,118.62459589793244,127.39340878469744,127.59109597989914,120.68925673376648,115.76386067269496,108.98280734579618,99.79019529192664,108.67199929691049,113.01908459421605,119.35360109012831,131.77288888932662,142.8763415607164,136.88693359850726,124.70774015785119,116.6264347078021,108.4770254233207,100.31264949083018,94.89072276720316
2024-11-29,87.93314109062011,85.96105105375827,81.56934766783797,78.29662048536119,84.54400493804638,97.82219085484864,115.01854801704961,122.70057682841534,113.14708530722244,105.63824740507354,98.90300668311383,92.41515903128328,90.36986265766592,93.12827520530448,96.32655411338234,98.12751967277649,106.29650948823564,118.44154056727409,120.79433601796785,109.71985201687957,97.06596443229542,97.99443727235636,91.8163011000996,90.09158698304935
2024-11-30,92.31453766858269,91.92759473581708,88.23729660757775,85.46054467892108,88.77748615537666,97.623954370315,106.26755318018382,112.04875084640501,110.20320318251184,103.38005342043817,95.84878365613959,92.34182890483427,88.08663673805725,89.59919020181786,97.43246028910374,106.0577710569813,121.42060192772942,135.92248293409793,137.33498807503108,120.53161641012636,111.86722857699024,111.84231497991348,102.47184128651716,95.07082224830947
2024-12-01,99.05918748147018,96.8377258062319,91.19163046698733,86.90792296050242,92.06638618989253,100.79283101094921,113.37815330180311,119.25934924590696,111.96202164215728,106.52561364807642,100.7659971995156,97.9218205008497,93.74044745206348,94.44995754132825,97.42801657975872,105.22592897899293,116.6654647359407,137.97309373465262,132.8889559454475,122.01181116794149,121.50423800665311,117.48848615621782,105.22398570923838,94.38172951909598
2024-12-02,85.83454153076522,83.27107424762316,78.9329468482474,78.20471286377143,87.25555191138493,103.94348568440694,124.07130546326803,132.174753593689,127.56481171828841,120.21106488411469,116.56773260075227,112.3114620258589,107.48467318832923,109.89452718650423,116.78232172424269,122.86220507853892,135.90936399347683,141.16905293780954,137.340711459305,124.91769468846229,112.68133570132004,106.38282533188305,100.63569559300527,92.32557288952094
2024-12-03,91.6660726619324,92.18968704462992,85.8223407308742,84.87407235964176,94.33846222923793,113.95036404843398,129.88023067705325,140.8584472105471,142.10449612538858,134.1135443691631,131.88418517449946,127.57856417517358,125.93409400190029,131.8334041285035,137.53337984720716,143.01500712095014,157.1965538028941,165.98593198736785,157.16532921547616,140.89615515152033,133.85876275045655,125.14945399524144,115.4310744707378,111.39421595100512
2024-12-04,111.05742091940637,108.20540729129563,105.22480037845304,105.69314003695715,111.31516517791711,127.41799617221308,144.4097293798527,156.01748670843787,147.1428807837982,138.41237566507033,131.05719760203422,126.43500963482346,123.59806659638775,124.09920772793885,130.1844790956712,133.42429088370224,142.42039279864042,157.6367847990878,154.2244147537068,136.68159323752099,125.21893729192662,119.75662538464137,110.3261212183109,107.98760614272159
2024-12-05,94.29838082162871,88.45717160826212,81.48988973699451,76.35321550904249,88.79832843590704,106.31517907270606,124.28304531545987,142.33672764568104,135.36221985145772,121.60975302904944,117.91037410451447,112.8665964824819,107.73300060089011,106.71402102056682,105.14428548931298,109.83003281524844,122.86626565466946,139.3892628088417,137.5557682602065,115.83181218105939,102.89936751571454,97.10763717942056,88.71777328467742,73.4907127517731
2024-12-06,59.28153468624207,54.753852293613804,42.789566408397576,42.27408756535752,56.25201770236127,80.48873845712525,102.56351958478655,122.61743162935096,126.76322592705986,118.03563320783567,112.97145538939246,111.21142074120836,105.74243502020349,110.56651761610345,117.01722846858783,120.28478781014897,138.21468221197932,142.40476732548564,141.11687781456925,126.34614245607825,110.32689789848092,107.16381416303275,98.50534388450727,89.157263029259
2024-12-07,72.15517896699444,65.59252378734166,56.10071826119568,53.74784374951872,57.413344743134516,82.54306464220507,97.70903727377612,105.39921367481165,105.37816910275731,93.50933168812203,88.82823112367052,83.71298881375105,82.72290472785215,79.66872485669823,78.63402163612932,89.64937792524093,109.54408434368163,122.33223949864023,117.42849416168922,101.87459468080854,86.53283859592027,80.14711568282614,73.36380881100541,56.50480943673732
2024-12-08,22.442630509668803,16.57928599974899,10.725797869914913,10.343158770406063,19.21398057271435,38.636898429678354,62.731575614788554,67.45821219408931,64.32181183221654,60.25126249223146,57.56174297588683,53.083760975006,46.55172480635558,53.1590057023474,59.62607428623653,63.1309276814072,90.9357124124629,100.85835767673173,100.30326324345474,85.96504571406444,69.6254727466897,68.16227476220776,60.760577721339544,59.99008479851895
2024-12-09,37.95724288112966,34.82181159009957,27.140783475415503,25.008332973062238,37.22278107689179,61.94076841475497,83.4445003927259,91.36890196133488,88.45685868572335,82.12365247371709,79.23918085340276,74.29586419817218,70.69951636288397,74.47980328789687,78.82988561594011,84.64209665594204,101.68293054508027,105.53198428553284,101.69933068526464,91.182991754358,79.22883087226371,72.59361257866988,69.57151152689062,63.785183515306784
2024-12-10,73.34831784694553,70.55240392752387,64.10428498441385,63.405479083418975,72.95720039914588,92.4390143623196,106.74685094019348,119.55091376125891,115.20372512284429,103.45124727536401,100.39523400263856,96.97076812841388,92.97404844577405,94.50442509192283,96.84101783826154,103.8752619184495,117.6354564760859,123.36788359751664,118.73359250905499,104.60224771691678,97.82375589712207,92.24961942234009,84.71895662297821,78.53638735445213
2024-12-11,87.24935761215887,85.78522576335958,83.12315239075849,79.44501470240735,84.58483974719164,101.26403833058208,122.64269522096787,137.35787744959626,133.648760308896,124.23817382360636,118.21901012918153,113.10795465838555,109.32775303479607,113.51213842031487,117.48987395006137,121.91289286409437,131.72072417563894,138.53968644895969,130.93783257343398,114.44058942779311,107.45182163954853,101.91218864401414,91.22777627994599,89.11427703546323
2024-12-12,118.03026486751278,114.21730124415114,110.94029925699327,108.16273118345492,113.10335994561505,128.90327179986605,145.25856686839347,159.02725923174665,153.97851320501633,147.57154145605898,140.76825640769084,135.44257279602286,131.35942843686257,132.56669627630006,141.29916214043942,146.60636553071572,159.44608625780003,173.85967464417442,169.461871709163,151.78804550823796,143.0024414544759,139.84494378611268,128.84959594689738,125.47525050148047
2024-12-13,131.60260229379352,124.4295868902848,119.98080856156575,121.44841971416302,127.3403664611074,143.62765683728213,164.0598465934599,181.76313083576036,173.79412054247416,164.7856202211695,158.0523659631083,152.25995594805397,146.25402243188606,146.85546327832756,154.97132207093762,164.82399275671224,181.2100930988496,195.77167248406653,193.01733657748065,172.13486895036445,161.9820740177778,158.18997284405538,146.57403562543985,143.0102165868412
2024-12-14,132.01809868599588,126.10233868690777,120.95785790522743,121.34151901752944,130.2340243685808,139.48155004558953,153.1885754200742,163.5198138071304,159.03258858347786,154.4993076346607,146.79135841993065,141.5167052068787,136.11837929358927,135.0284463627047,142.01511989125478,151.29526856266062,172.65902459626219,189.65158758044578,187.4416642058591,169.53109660218314,161.10417314229971,157.80196851861962,146.04232901966776,136.98161750469444
2024-12-15,106.90048599348346,103.45154982720807,100.36079573202107,96.92579260416962,100.02092228338182,102.65979375459384,114.77541667355851,124.49005799118021,123.9291826294724,124.4090545752511,117.89554105320204,116.01573059972154,108.53149164535131,109.09828277529098,116.1787920285536,120.00087337747885,135.926808934384,151.91239432363815,151.27819103931438,134.8324865684209,128.43296656820598,125.02602877528429,117.18078799579035,111.59260358268243
2024-12-16,85.14414492478633,83.56134212657915,79.10032660842629,76.92315884746984,83.71859811550608,101.1196172990967,118.92022194356932,131.40039501999593,128.47458151495832,125.85160256395454,122.63667646081947,118.25010897039823,116.53272623904272,116.7914002403895,126.04665913057974,130.70127548621662,141.47014044272618,148.6852288441427,152.06702589819156,135.9571322650721,122.84420056636195,122.14731514050042,115.55702978972971,112.03642268612009
2024-12-17,72.0785766184772,71.84290964358608,69.97195534810339,66.30785671302142,69.93801811132124,80.94642721277636,99.85553220657285,114.74040032612047,109.79287472722787,98.57766452287129,95.4154014522922,87.68528016371855,86.24960241632331,90.75154590533315,94.86925635351204,97.07706973265236,102.0724232083207,108.65471311291937,105.54327895086973,96.42031524886312,85.62414421978661,79.16724429460969,73.07197420730213,71.82253543535528
2024-12-18,67.19970071089254,62.664898577490476,57.975723980605736,51.82407069856343,61.26269348080062,78.4490597143452,99.17693195123026,109.90609671353313,107.92165349075634,102.15344503807168,96.9417419666164,94.52160336494107,90.21571735595205,90.50125153018924,88.02542376445024,94.77986166773943,104.65261375217042,109.92648343084272,112.02787439877036,92.51229814844831,80.32830321243412,75.68343772703858,66.83726326051067,57.21579293368501
2024-12-19,49.246770466913745,43.483976140047105,33.87549959497787,31.534761230288595,42.764425352952316,69.41159840803726,91.05090848026026,103.04353313474564,104.37301344560072,97.25387694034026,89.85227149889567,88.05106097367845,82.3053803969657,81.13629463241004,83.35497471963996,88.18793430929063,101.1880501717589,109.19852239996709,107.2176100458743,98.20007197966265,88.73589763081296,81.52756626187926,78.18450979979497,65.88738951245728
2024-12-20,76.80905005315822,71.43270137571328,63.93403816009633,65.12827207069452,74.91052402603768,93.54218301991818,111.12931796396265,124.03049733882705,123.23160029023413,112.69559913964812,103.43417368247381,98.72863763988349,91.64854767179955,93.44200882995992,92.11603855140663,100.63084012524628,117.81709273285412,124.03283702459181,117.0325536491617,104.48504246875979,97.0021782966826,91.15497884172602,86.221933818599,74.83143007162876
2024-12-21,52.055269838911514,47.9645678453975,46.33293380851279,41.152999452741525,47.244893557955635,55.742763766168736,64.29804168724276,76.80446299509036,79.69984233517714,72.9267087828607,70.49650213328215,66.13468687164995,61.97250734769625,62.237933644036886,55.218632027775286,58.56479286942796,69.92266112999451,74.78651779578544,72.44747378738916,61.40657763988284,49.81479608346183,45.266976628820345,38.16917925498646,25.66652213455525
2024-12-22,21.398111790139737,17.869193298774178,13.350949366732436,7.420157967588054,18.047280291209105,32.76468175317973,50.291221481538656,55.363814717098734,56.27213806087566,54.95177220268833,53.52568631794344,52.48315244532567,47.303594207452306,48.63388592067143,47.35451840402098,49.7560948576574,68.93015554699831,81.41358726929076,83.18703324655704,68.50417933580222,55.66310506065872,52.54014817758714,40.36729559576035,30.612972988973922
2024-12-23,41.6469117845744,36.57443103885879,29.750795794695392,30.295247310427087,40.06645575118314,67.91807346558102,86.41028671668559,95.22291347504365,90.15675074456033,84.10272807988528,79.54643716387142,74.6315158502485,72.5708273781686,73.9227692321127,82.15136993754432,90.24755143550189,110.63695664451056,116.40181859357135,113.06491442856523,99.64733839134446,92.15968260635108,87.91331271563325,85.36728125895168,80.35858928439947
2024-12-24,71.83435091095224,68.5804585638108,65.13282040157435,65.32213765860763,70.48789325187992,84.57825875931647,99.27660475373901,107.24400574171547,102.74426589209901,93.8335622321728,89.2400063241342,84.08699492296174,81.04634756896105,87.9006564567049,92.87669909123301,101.70716971268226,111.51031008922409,121.47969655930443,112.44252670860857,102.37266772153004,96.53254884749418,92.83456552890485,84.3995321205588,77.68452481664379
2024-12-25,75.02245273144507,73.38164558296445,70.57522261131118,73.85415656137441,76.79888368704479,80.68647275469023,95.40554613752376,100.35517913270868,90.50819715437072,82.48543808435794,78.28010930624785,75.71451694073951,73.77555062924563,73.87477854602598,80.70381236367169,85.51264659098815,103.24240046723051,114.33113832883429,113.92304271997766,101.62442057058578,93.21353233689916,92.77612416244757,79.50554666162616,74.71507590658486
2024-12-26,85.48845692294876,83.82428386299671,81.22890126433413,83.03220069929728,90.00688489572946,101.34882640032978,117.25009657188232,123.26982917981171,112.28153068851985,102.84699081666719,97.97206489260525,93.3039831414279,89.5261764488017,91.72889712044173,97.2711399016028,103.27874624189144,116.01035250511545,130.39367859721574,133.2127835321841,117.33135149212733,106.09161780535864,104.53354621875783,96.18616544760133,93.03097130815515
2024-12-27,90.16677856074789,86.59035644374529,83.30072053788643,83.591660025373,89.40596137519695,100.35534830086655,116.0265549639227,123.45149778972835,119.134942889852,110.17749461664873,104.61766385580434,98.19736738460867,94.7800771149999,95.385589489693,101.0722709205916,108.67368720201792,122.62388301037704,132.57337025823526,132.79682555353537,120.25768522738656,110.19954106035586,109.57031432617687,101.60994450054913,99.17872751034778
2024-12-28,101.89091547733811,96.30046542902923,92.52774565441167,94.36835823283772,98.86743678433332,105.55381227667843,116.45486494498235,122.66619669983234,122.31886600726155,114.94076095499084,109.02267263858687,103.87179573177063,100.46417428675282,97.38647832432669,103.97418795492983,114.66097275480588,133.30131390610774,147.41508830446764,145.99891041567088,132.3444907459197,125.45617706909403,122.5026366486904,112.71634930235696,104.93316980620445
2024-12-29,104.15046666664901,102.00977720482678,100.00896451040558,98.85727553949877,105.320705025508,108.72543095405493,119.49402928857923,125.63116705202788,126.18168145926151,120.89102063785953,115.2852901278311,110.48183894886395,105.14408978750913,105.07880392191169,111.61175327958364,119.10956235877205,140.1414139613078,153.531938946969,152.68518419877267,138.85473973885098,132.59826670088026,129.46824195384522,119.31448300289148,111.38708018667054
2024-12-30,106.87703090364896,101.90138125240138,98.0463166960635,94.88590432094088,98.83373406983274,110.35595507733025,131.22823917470618,143.30370122709948,136.83700377931325,126.64104241593331,121.57501962313472,115.6933429166628,114.11821999261625,114.81171255153532,119.83754000630844,127.79034463792327,138.0351025034723,153.1820754635524,155.2931136527033,140.00137469013907,124.18669222644823,122.62572839032848,114.51182386105992,113.02049129467798
2024-12-31,95.12119775419607,93.57497033893607,90.74280210012151,85.60311072817186,90.79295438754265,100.21351342700675,118.26282008604718,131.95250324461588,125.48513833087496,115.49514804513765,111.20760225293421,102.63980339140514,99.03900915439414,101.62406259420284,100.86431273021584,99.3620356171677,110.76216796031747,121.51025724848253,124.15505097392068,110.7540467225478,100.48134586331938,92.68550622908208,89.17255727807722,83.55627579759357
2025-01-01,77.75667988776661,70.74101417379326,63.50175205268433,57.60953640070203,64.50615158178141,76.87272058917229,89.26135241605532,100.01547042174455,95.97971771371073,86.86669529253463,84.51594636037177,79.31700211794758,76.71689703381796,72.60278984783129,72.79004170895952,80.88346162517338,98.74992322720087,112.21055180370142,115.92118842975809,95.11880758160778,81.57516189769125,81.28807543154834,68.83148181156926,53.42875060603876
2025-01-02,65.36543500781482,62.42460772601328,54.919801548113185,58.18918926039527,69.51217574806275,94.43995069579267,110.44776346438371,128.84983920670197,123.90151372849934,116.72571582199004,113.12969323115755,108.45291897128038,107.1159069653414,109.79662867199475,118.50263463713893,125.37773736677387,145.0934441581851,154.99931222721813,148.98333227312742,133.6682107483117,125.92978349288697,122.0374337964571,113.83626119806564,109.11006355181995
2025-01-03,86.50250794180022,83.98306902269806,80.68389711546209,78.46033422656826,81.66921566846916,96.38849010512205,112.28552507151532,127.99338757614073,123.50283618113697,114.24584773964955,109.46860588960325,102.54027500332512,104.12387623616331,107.20221087240779,108.73918816366866,115.09297115677452,125.13665039927255,130.30401687351934,123.53305273375743,110.6294423997551,103.15611955885203,99.99239644231095,90.39723229720697,87.00850631181665
2025-01-04,82.54206629258914,80.72884115917142,76.46567483350354,71.84939499260807,72.98978086569379,81.67087907402129,95.4668527117997,105.69798190458275,107.62694622167267,102.32690132369184,95.84334586980873,92.55007926075962,89.51555404934086,89.27894970064312,89.5050763834541,89.07244804389227,101.69746900618387,106.8582319096036,103.29651172384365,89.9315624181811,82.663968646583,77.73414339132856,71.4005574263559,71.79954270106806
2025-01-05,82.5408178502139,74.83619101855803,63.10154288858505,56.75543754780071,63.75169738240436,79.38642463842598,90.44126950577012,97.06526108468458,99.63761958626873,96.95365734832478,92.20717654701477,87.74968710912168,86.93871579348482,81.79831260261687,77.32456320863173,88.58733972539082,104.38159036506656,116.24757563638487,120.21543495672107,96.67462713594416,84.47053758634522,82.17042564073341,72.35340910115298,54.18202164524507
2025-01-06,61.31947373584839,56.32053850239288,44.43748854838236,45.52193762682775,54.778666381616816,80.51737259827178,101.37203081987066,107.24084183075988,106.72563118620998,99.40625718607616,93.36433778039643,89.62299524021523,86.21147455772747,83.84226196170073,88.74835039091107,97.39703238987218,115.31312421034416,126.4612951532452,128.47972814165283,112.79141012994141,103.20665560804429,98.25773379803104,91.70445688563275,74.5681409804203
2025-01-07,58.556292040243605,52.621491406367866,42.04499596360395,43.612973033801254,53.79632244124414,77.58618411248568,98.22645070685789,107.3169638188674,103.9735154008285,95.05701193003488,91.15055893267808,87.19282876632164,85.67417410353269,86.6222748073844,94.22385536177873,104.2537925443222,118.52194756373964,125.67901669714024,124.62226076514989,112.51764694399016,103.86786902257779,101.45814724644093,97.22335066212302,87.0659202959582
2025-01-08,82.71809861048861,76.93479547975183,72.55103434576365,71.53668366841805,78.42018126461468,96.0753599115711,109.95922480119688,118.0105567985243,113.06711005344266,104.78794969903069,100.92397040908037,95.79492058907859,96.28739948157562,99.13628672899799,103.15309046546184,111.30664394683166,122.56671979580764,127.61140319759465,124.3318241186452,113.43659892309925,101.86970356015492,102.97531331857355,92.7945073120192,81.35416393216668
2025-01-09,63.10094660665176,57.87855006778253,51.43076171807114,48.33895553041647,55.79216653109525,73.2963605111736,91.03901813639027,104.21907140942928,99.60688110841996,93.6341139540338,90.93488837440194,91.37507313409304,86.29240233198145,86.867140263309,90.37547142965452,96.29687382301599,107.50077679790304,113.94177386140227,112.85273923005147,101.69271028790799,93.49768434106481,89.49466946978018,78.73276798763418,67.62448455635796
2025-01-10,85.26996789864155,81.35832425495425,77.64477041119413,77.43799806441669,81.6181826175719,95.43728442016335,115.84485836721461,130.38324781884427,128.10894479805694,117.56057400882709,109.02186438061992,102.19050837565977,99.08960121101612,103.41407966682672,110.68912879607701,118.59330035198073,126.29175069757633,132.15797090360206,125.08520009548602,112.78374714305498,105.87202535264771,102.75648599922212,95.64975669146382,90.93518583455638
2025-01-11,86.25651684369092,82.79570895045885,77.99051412641032,73.50992971389158,72.46337536279945,79.15984110782544,95.0750495633035,108.04704049345266,109.77889985267663,104.61609565202355,98.71411488398118,92.75078724955065,90.9022305384407,90.07174178083895,95.38077884000367,98.18068795796388,109.08098630139898,116.67464844930993,113.79959529745689,104.62876458334146,96.23419439277622,91.88944962531208,85.80530008092572,87.31939523971715
2025-01-12,94.20747679242537,93.04761515740927,88.23287896387671,86.21882501732334,86.44140017582146,90.31611941099813,96.79601375230922,107.44057386406418,105.71932394519855,103.78650246877034,96.02319162703441,95.63619801103191,94.34613893798341,95.5914397025165,101.33625270423525,107.35927461279455,119.68376864498313,131.56696128712142,130.50625600859132,116.03647761870995,114.1883294733032,110.55461249992273,102.63594902158302,94.94581305491437
2025-01-13,109.01745770487437,100.06241394130811,94.47542842846588,95.1258054018229,101.59728585853557,118.59674837968623,133.7073884096792,146.10671148052967,140.4888113188277,137.3258022815032,130.1343745574735,125.74271214814338,122.914644803704,123.0166705419158,127.46214322280349,137.831918482856,148.5545921714506,165.3566880684413,163.22466541240584,145.02993772075243,140.70066935236363,136.920779468279,126.8841674468332,117.95100023308119
2025-01-14,107.02522762022022,105.0570118983945,101.02872804282605,99.6590679303592,105.33125039333707,119.87074435747198,139.4562625230319,158.76356231461762,150.4487048842217,137.40116155326874,129.9351052970228,121.66428320554002,119.8248654550539,121.66145749079631,126.97842917580482,136.2011515570623,146.6768431552321,162.80174350722234,159.55943956357157,143.41891756537515,136.011565763259,131.09854400716665,119.13829824177179,114.70013647633422
2025-01-15,103.6321684533484,101.19441905088658,98.36896157132995,98.8284580079216,101.87083440879105,117.94761749369229,138.79537727287328,156.19233945766996,151.14245826865016,141.48788134068155,132.10070859987934,122.04904089865217,117.43216571481773,119.22472988299128,124.17094726314036,130.05041810641185,144.9016474980778,159.62845555918,151.05874207574905,135.58344953041805,124.28660362270494,121.16794943003609,111.56197643648999,106.99725714722011
2025-01-16,118.72435423638333,115.96754915396039,112.78893994637126,112.83238233236163,116.06567081348065,129.5952958041969,152.47170737484046,172.87115894110582,165.03156776033796,150.43488347592503,140.79770898236754,132.18798086559613,128.2207572086009,128.9962030303269,137.4277874854023,146.94216357786212,157.84295848117176,179.98090157933547,175.40093183241896,155.92881827075138,142.1398258892266,142.22799048075385,130.03536518101504,125.94204898429676
2025-01-17,116.37538488670987,113.77612344189714,111.34503552808165,110.63357672170403,114.34624434429674,128.2417397682221,156.60573986259237,175.3878185140432,167.53813530395487,154.6898446294369,143.60419871017788,130.7461210204765,122.97253136665827,125.24891814473395,128.88732286718988,135.89753343971796,153.10437047658476,170.03315334934396,164.9475290936902,147.59958534815814,135.46396929198573,129.88644405630467,123.86522326888792,117.7225884379293
2025-01-18,123.16881704578188,118.82393906224702,113.27203455297418,111.22184620757895,112.7572048136679,120.54871430095503,138.96681036148055,156.30744916837492,151.91099692363144,139.99244521819156,131.4298595970554,119.89955633718138,116.72758620034493,117.1232801892287,120.3045157164382,127.03947000345389,147.19657567703126,163.39763077520905,160.62480768463453,145.33333574067314,134.0458887818644,131.01836733756053,124.456775437976,120.65033245657747
2025-01-19,118.46399853838653,117.35412890906413,111.67659071453645,110.17685849588136,110.65259233401189,116.3968974593607,128.99050046476924,145.27904588252784,140.97517675564103,132.36310362466182,125.46241595839528,117.42860335350218,113.09119059578656,113.18562341573369,115.926672199271,124.20659297735634,141.25665362727068,161.31566534573477,161.67622817116188,144.8639741077859,133.47979069512567,130.27246565992004,122.40271631743825,118.79194733320821
2025-01-20,111.03383430462353,108.32028422457046,105.79700873904692,104.91759926454048,110.21132609097867,131.20571386849178,152.17588669338255,169.86408202764792,161.3977939576444,151.01553724614195,142.487924283333,130.8112274217052,125.88436642061527,125.85397892785227,126.42928056850869,137.46143699245664,155.7644969619692,175.94343957602993,165.6684846330723,153.32478046483985,140.45055386992877,136.7581765908118,127.37998088711497,123.6655518216602
2025-01-21,125.61806726500076,127.13144501699618,126.6113293013402,123.36679474231137,129.83750811538195,147.6308252818811,174.0640695274846,188.41279082376602,184.61862839330038,172.56375239299882,163.7826225409991,150.1420405974877,142.49464029134097,144.89775482261012,143.19733854678492,148.25296833055867,169.67182806768994,188.95417191689427,178.74289840833427,163.1093305797097,148.22466020956324,141.80509266618205,134.02728401867228,127.5130717663877
2025-01-22,121.99278435667081,120.47863756569606,116.53099474958796,112.91602358155174,122.98817741296713,136.87507883241977,170.32202338158663,182.5470051912179,181.31504058171424,173.6429521936692,166.34863032042253,155.81200326431005,148.12468137103698,149.2072562837836,148.02036404975314,152.61661758815035,173.99495442722102,185.68876373420233,178.14296763756852,160.45944708465152,146.09564521168141,140.2581476611058,130.4123208503394,130.19702113707052
2025-01-23,116.120734992459,113.99047643262665,106.1621413757473,100.29132347433756,111.53893897687944,123.54730775815588,150.72378264905154,159.36003345549034,161.36409835130507,158.49279363805292,146.92575102861795,134.9675748949226,126.52005669891469,126.34320802847068,123.13051928325153,125.55500152348908,142.48995691113407,152.80927438737675,153.2948378679398,137.28677872402858,123.29242289892284,117.90634382977268,110.22904549357966,100.2980962730891
2025-01-24,88.21262422719798,82.48291888398327,68.48250954418268,66.57729563220622,79.86655067311477,96.00069953926419,120.69377466407917,130.31614071562637,130.85528233844846,124.48434163359305,116.2150624583029,115.22859772146491,104.94439616178192,102.4766092497091,102.36499351655819,106.57327938663468,123.34688534566212,138.00280173537763,141.76299932542508,128.83233074630328,116.80251712624516,113.97785716066599,108.62627372250188,92.92572397512947
2025-01-25,81.10981967751381,77.12914049852517,62.65393318472557,62.49112746821483,72.09535560261547,85.9234528522105,104.72868723816944,121.85321596792559,124.16684590738117,114.71307765614563,106.8889667158821,102.43151419999538,97.69446815215383,100.43102360934463,107.22015493871146,113.83568529739819,129.99472229128128,138.45738588315083,136.46200180598922,122.75483143726888,116.76874687113968,112.15017509435727,110.53434428259088,100.56409415381592
2025-01-26,91.30974093367834,86.3966874679466,75.9670449061561,73.29376676538433,77.43783582324134,85.64731171994451,96.47717229109409,97.79759549585712,101.11814124174656,92.0513815741583,85.75543262326669,80.07597133920606,73.42460727778118,74.01604762232562,72.95364477641263,81.73304276416867,94.78109789517539,103.90345489751961,107.08066474446188,92.87983392345551,81.55447042347157,76.17780823429914,68.303471258953,52.87941872398568
2025-01-27,67.19959649089758,60.76712534073148,51.38775237446089,53.32615210037311,65.37846171842655,86.87591881593131,110.58726426994755,115.15572984776492,114.60824412614544,108.28806380250651,102.22062417550849,99.09610017534733,91.15707778340371,89.47003334094681,92.91447433568506,100.19449066890714,120.56203054945652,134.73516076130807,132.76404515255763,117.85003960486706,106.83676174191034,103.30490967257273,91.33226115843111,75.09388164923911
2025-01-28,66.02304413699649,59.56017360964323,48.88597258641106,50.58038171982314,62.274074469971694,81.89554789203595,103.76023700761779,111.39612271121491,106.66698463157032,96.828431726752,92.54932512792973,86.9943874065976,83.55781909018644,82.76596536507033,88.54253195309828,98.0145820312659,114.96421736312143,130.13559435483893,125.969280916438,109.4635223661485,101.08574835877715,98.68831435247755,84.38019981748201,72.18459369996724
2025-01-29,46.55592950690408,41.19093218638896,29.601131053947427,31.693714985907818,45.25012700525642,65.56589820363968,92.91114371778482,103.58344179259826,98.18553635559306,89.07509224738021,83.67927067970255,80.03527158376066,77.98796549977439,76.94888024666382,85.76273994492425,98.1299112462594,111.35588945879601,120.35148086003726,117.12221880904207,102.4010962550743,96.27934461675325,93.2730380426451,83.20732898270593,77.881652487006
2025-01-30,76.24694602533714,72.67300424346581,66.45235089558611,68.05723861809389,76.67143448090529,94.76936157324762,112.54141875557032,123.53236722445573,116.44755889163781,108.6676943657546,100.88594157995215,95.5509355352253,92.55319241685353,98.04488560551142,102.73187118905537,114.42524803673493,123.47608069683113,132.28582963986784,127.44816726782523,118.27959451681298,105.94704709310483,109.71251364174213,99.94900478566417,89.54859301322048
2025-01-31,85.21912526230473,84.18499830899532,79.47097717493051,79.16182574906489,82.13840984088694,96.86580263835667,110.55080717490665,125.08531067213403,113.02684268221742,103.71529118180372,95.01601462744529,91.28271000855138,90.29488794644863,91.79536997576339,97.22083523371144,103.60378184817559,110.517065429369,125.84086404545297,126.01663953678556,112.48678654986517,99.37078515404559,100.87395617054071,93.45330824295561,91.82594843348636
2025-02-01,94.93498350098653,91.18776225192335,87.0910980390318,83.07622046940199,82.81739201504271,88.53689106599597,102.27697737454994,117.02898590057589,113.7480773822962,102.73858374506219,95.22760264179465,95.73468730881854,92.1428872496989,95.23846832391901,99.32897804506175,104.45202541514959,116.84796496073145,131.0835865175662,131.59814100501117,117.29972467054006,107.85307852533924,103.39350325471761,93.62070980522549,93.73798372384286
2025-02-02,113.69311790835928,111.06201064759694,107.09252156274071,106.90075598130062,109.66068865755318,115.25476021461603,118.61307227636078,126.5125974220662,128.24157056078036,125.16491376171419,117.04274451944204,114.06265688246556,111.21880953865113,110.44016077386551,117.8760808955089,126.16823900552068,145.75576800683848,158.6396295966184,162.91996263499118,148.0333659360321,141.21182160456618,136.48852458016796,128.8460395688336,120.8971890476999
2025-02-03,119.80473216539602,115.50403829502062,109.95248793700078,108.30723789696304,115.5337709631243,128.97383989011445,147.30591066249622,160.73224187850352,148.94262661809512,136.97529566173222,127.42806467324965,124.3516726139319,120.15823204560675,121.143944873596,125.40567629528812,137.7178018289329,151.2021830111904,172.42286154967815,173.69063385177031,152.50970374188188,144.01197916561568,142.55999338042426,130.74048380526875,126.12034328888306
2025-02-04,126.98309337869485,120.65260223746597,114.7894166296358,114.72494985715915,123.85470611805678,136.15723935992293,154.3178463335,167.98196887623075,154.16345708627333,145.99417655555357,130.99240524646237,122.69961716019941,120.32221634198586,122.4401684376135,128.89847588416268,138.3082247123078,158.23181603531123,181.38723110030813,179.6388299037578,159.99235627635136,150.9707898845793,146.37930491989002,135.52365507023853,130.79197514960057
2025-02-05,125.62399733413366,122.72463219356149,118.8226619481988,119.48435076694513,122.83019053337745,138.26408765280658,158.22033557382485,179.83154314222037,162.5055414012246,145.9156954272667,135.9168226527895,129.86676739451195,125.36242655974077,128.759975945493,134.07037381777428,142.24766770854274,158.7945993133754,178.24728847572862,181.11916254567373,161.19022760548788,145.26411874419537,144.6951977670587,134.31467175995724,132.14449853433018
2025-02-06,118.97929516153522,116.5323470478212,113.03414172468489,111.33078957526047,115.88807647187345,128.08127960000036,152.48507710277966,167.93547318092357,158.54266455185092,147.90492354596233,134.61859921291187,122.24845149557893,116.36870164228525,119.33788424083366,116.47166346696268,116.9359910275366,132.73550231016162,150.38686187800056,150.9618275283912,135.433775768637,121.29122816971439,116.33754257055276,109.0271389001488,103.10700021046709
2025-02-07,101.18705025895127,100.43006636914279,89.72462773082657,87.67822645842442,98.97195776053721,112.2072269421386,136.35537686166347,151.46394741292423,147.84688359807217,141.24790144203234,133.76328354804423,127.04438817168693,120.32540874364503,120.35027058657154,121.08791315422368,120.95896918688034,136.411279806894,146.17299180588623,150.52145650361285,136.8388605080583,124.63092527317625,122.55072618375095,116.34045881569844,105.21215085444491
2025-02-08,103.64574896999085,103.47930565488821,88.4625957653407,85.60280850120054,92.0070358196572,101.10669255441863,117.64868643441156,137.17264805836757,140.78515324504622,130.4528203516602,122.2263252849802,116.88435803482174,111.94317244835183,115.03714517142144,119.3553437962206,123.65161535475261,140.67778926745493,149.04314532458125,150.8937531353493,137.1319968384834,128.57465597535318,122.9213077764887,119.05085222549573,110.34198512391103
2025-02-09,114.54279235323516,114.70757170614701,106.46099213329737,102.65431860964127,101.43742930572293,109.546243052791,118.08933519327059,132.02076118598143,134.51813487234705,126.0198587663379,122.97869201263072,117.50993388933045,112.62023211115894,114.77481734509314,118.16290456559626,126.17921818843257,143.3207837676004,155.9005789221061,159.70428541339447,147.33691179486283,136.5987423634437,128.8908241539301,120.22656594735761,118.48132970994618
2025-02-10,115.3650699769411,113.34740751542385,110.10789916243553,105.4468124204999,112.29307856598184,135.0707275306689,164.00579521890043,178.37741528440046,169.7708441864843,157.49369883519003,148.46318401353867,138.55495489638116,132.5329309505213,134.1815399852215,136.08781164615755,141.81362930854272,161.3359830545396,175.2758341612763,172.607221939152,155.6015370846843,142.98474059020367,136.90638702518777,124.94662206802397,125.73391008692857
2025-02-11,120.36944331478455,118.4289932236627,116.67725464745747,110.9971287122449,117.19970296528268,133.90061043214104,160.268420471066,178.50852114069488,166.055640588947,154.08896988921504,146.77863036942853,136.18851089534084,132.26302665835573,135.3329945544841,137.29928660515824,141.1427398700618,157.82813346554522,170.83534022314728,171.65504442866637,156.12805545917297,144.54272372952218,137.78044590672084,127.78310812025526,127.10634238265423
2025-02-12,123.71956331773703,122.14326318509376,116.48926970831776,112.74606353730684,118.09187785842026,136.19981344530441,162.22635501720765,177.35658127956972,166.1941984783122,155.56964523624202,148.61492025203498,140.63254920286616,135.85136305521638,133.72681031703948,141.0924073033743,147.52124772562772,165.21133000018315,177.62139238496093,180.7601818578466,164.1056359746183,151.55475098662328,143.79028084380656,131.28707979405357,132.68035622740672
2025-02-13,133.49252798076077,129.53604773020328,125.71702876086279,123.25246582334968,130.02802147238413,144.4619510475393,168.074195159835,185.18600093992893,176.68153613453686,165.06089025328902,155.10770902613734,147.42749155196813,142.49018426655647,141.70637769876114,147.0471712216335,152.2882286717861,168.06463937969045,185.02592375573514,185.0540293991298,170.0654325596633,155.89887914741297,150.52774302483186,138.52427938970703,139.93804946973404
2025-02-14,127.46232012955436,124.71108676534188,118.54064148446734,114.0979122326719,119.7604067538731,133.30071307451973,159.0395426152729,179.03754669174867,165.0961936060288,152.10681815054375,142.93301752113666,136.59418527406265,128.88808755503183,129.3430101046707,134.9419140956951,137.8753824337254,151.03737354128384,169.75394868403396,175.5545498445002,156.39201523845315,143.11097446201597,140.41968845097585,131.89059429418938,136.42163975664434
2025-02-15,127.63648804075723,125.27212713720641,113.54197022353881,107.81444482718052,108.58141254802092,113.94824528238405,129.6705419875943,142.03157120508268,140.7303805627595,129.6052450104629,121.8082625764585,117.51749893346172,108.88236634834576,108.24554739368247,116.88052083107193,121.64695044930237,139.8994210679343,155.81552474089506,167.65779442121925,154.36557550924647,138.95085932925252,135.47946814432328,130.26677468012198,127.41547058753324
2025-02-16,116.83598640040361,116.24077255328024,105.91106207438213,102.1677816945829,102.20987277637418,110.50871599315701,119.37883716382191,125.73113325147163,124.9088679275857,114.97785740720627,111.20209208897063,107.9457809205276,99.63942441452308,97.87710370156492,103.07682071664627,110.05817470097486,130.151492316214,147.89388720286598,156.64149410315167,142.72372377050633,129.23176229326302,124.77463477877696,119.09582598202454,116.05949958260092
2025-02-17,112.6130519598342,110.1152347255518,104.55260182377617,100.55799321109595,108.09643529108351,130.3244920917839,156.88988584341098,167.80141478171805,159.61754976792977,147.32945129480714,139.22445237205596,130.87471353239894,121.96492089777085,121.45780181440199,123.68979602931189,128.32354835779876,149.73682398298374,166.2607277030605,172.99529294359462,155.6403322553229,142.85535450927523,138.56309347937622,129.3256646133341,124.08839414418796
2025-02-18,116.85430681996752,114.86806754101406,109.82234031807317,104.02438941071506,110.67340732730396,127.52117756162136,152.68368120532293,164.66464686566405,155.51955447471224,142.87661623702076,130.2693852987533,121.6000234538835,115.61954698776788,116.42782827649876,118.74614154103968,120.16891694266047,135.9186753650466,148.4017512449399,150.8073297104803,134.14229138229345,122.61303439140099,116.03289719106868,107.00033040372895,100.56602654784356
2025-02-19,98.84783869876333,97.56488059097003,89.48077439054421,85.63329215458,95.66831945417226,113.76565135949636,137.45675490576573,148.5583814694263,145.66536125421368,134.6135899964856,129.6186751030314,124.7225696781564,118.00864348257431,116.60288249804518,119.26217951906781,128.06396569965935,145.54213169812832,153.67219358188976,158.24806799512822,142.67898873495272,131.30061005593393,126.35540499453704,118.19897227609566,109.55027606402183
2025-02-20,95.09874393954739,94.75287878323655,84.31388255768498,78.7810943665218,84.52007177330593,102.28247485290478,121.41804857213884,132.67420059967276,130.35847507835592,119.17643656795825,109.36501965964132,105.82554030619033,96.83918336873225,96.86108153226542,96.97036104879787,106.34063027835832,120.86935753881306,129.6928878593647,132.60497170064968,123.12240943546122,110.04620954103096,104.20456832004828,98.90112823669546,88.18748401289285
2025-02-21,78.06542365381365,76.88421717215445,61.90363940485124,58.65480867903376,66.28162925766055,80.36834622007827,100.36001672959519,106.02324950073351,105.22331027589762,92.71499441598542,84.69292145962466,83.35552739151998,69.6948541460634,69.64357674400858,68.52052829348736,74.44409861298426,85.4969055968697,96.94043242044329,103.05311838395352,94.16477450648661,80.24528102385732,76.66070581327514,74.1887462908743,60.11911952490773
2025-02-22,47.683945371259796,49.198738107743495,36.93773854336804,35.30190865936018,40.35102636830209,53.77696779438499,66.77629775376845,73.75780931062866,75.7152624070244,68.30540440477093,64.05634615835916,64.98165414205475,54.630518615559296,58.15771516678579,65.60688868775209,73.68690575064613,96.76955629808766,109.04529794581183,117.19730923735756,108.4665864786822,97.67534238039438,96.35397763765347,97.57710398668489,89.90414386560086
2025-02-23,86.24201952629004,82.46727398360093,73.1117581335528,73.34751882516659,72.97414302618394,80.45265743535784,85.22545793518775,85.24456737749355,83.2452271007584,70.54411063043176,67.15752884737783,63.694549250700774,50.72043225272185,52.1952665186259,56.08861666014188,61.02742877076744,78.22507012280396,95.40834414985441,97.22133277936976,91.28067445755835,78.4757844267157,72.05502048110017,68.42576289780997,61.036133045222954
2025-02-24,56.61907248386696,53.28013112202562,42.906870874202255,39.86797549954706,53.576513332715265,77.49578342914175,94.85841237854852,99.49247001475918,93.58956426859476,86.51085837772952,82.27556685083485,80.53734035903551,69.72057528089475,69.40765445700849,72.00452331530465,81.47229876877024,104.56994023942907,123.2936552737224,130.50810103786756,116.30301308237473,104.36853787694393,102.75207978498048,95.23486077119053,86.19589540036141
2025-02-25,88.57182656913923,85.34632220282884,77.87588483914976,78.1475491158362,87.421503772395,102.81105851104668,120.63203906708416,125.85124769858332,124.19630432562474,109.94566504008992,102.3410886016687,95.06215644942242,84.88308218777159,88.85004604501177,92.71141873079837,96.38008909624558,106.60436850629054,121.59158814189283,120.77884102150514,113.34202154520833,101.55819767849704,94.06003666057936,90.27673786611555,81.34499145058103
2025-02-26,70.0970132319001,65.36807297973183,57.129281272979924,55.461380500193144,65.81693340720335,80.42156961341819,101.8146778998382,107.29314466042538,99.4459572075826,90.90907358686692,86.65677633401627,83.84177363788334,73.16821478532968,70.90267168281328,73.59994328111726,79.40259621598777,92.14778716847086,106.84623865690652,116.25596400843061,102.53692742620744,88.30772087148902,86.10684527503658,79.0319420870673,70.67696965705927
2025-02-27,85.48136460560431,83.42796683095901,77.84558548613538,78.67548914733484,89.82793302425486,108.41455316195655,124.09771820285994,131.8545703449529,122.90637119424005,112.65948523340245,106.04681701265065,99.55185077958382,95.48364356409343,98.35316939648801,101.32681401852014,105.62507721604146,123.68158541923111,139.8706946327579,145.67362916691516,138.7022147613094,124.70142131577137,117.93291808588381,113.82355248118037,109.24068317787572
2025-02-28,105.88462663060913,105.39016710471664,100.27910107379692,100.31806251948298,106.25235404957984,119.88125386837983,128.56850891607178,135.33413780275174,125.417646354552,115.31428407840866,103.83989951891772,97.42567280517379,94.66268366436069,94.7173339411211,99.249256361484,103.27332986227336,115.38731815138877,133.4551686583311,138.1148234359867,127.9390908652198,116.61787673625302,113.46972737546338,108.07597645986795,103.1826524234767
2025-03-01,111.47705011717863,105.23803592513269,99.00503915485092,95.1895404564579,98.01779414576919,101.97308975296517,111.84360702349663,116.25148527299167,105.48049149044964,95.32021299873806,88.37098046811685,83.14472562094316,76.9282296424479,78.56999241553821,80.51738749129258,85.75165659187267,101.90561054888384,120.08774822292429,129.53957923688034,116.78091187636439,105.39495243540982,103.58493274825543,93.57381001254761,91.40452111421689
2025-03-02,91.70383477244684,88.02427534541064,78.38240340485946,80.37286663871788,82.9167290978516,87.1188525612985,91.38326679859267,91.38891467265142,88.41920638492837,81.211817685716,79.2049691778966,75.22935990536811,68.43547600805073,72.88339135545283,80.42136431594889,87.13691835170482,113.81633296982767,135.7756715381534,146.9064977450995,135.15754476658122,123.25222032681117,117.98997012445304,111.9186866470483,106.71577423700361
2025-03-03,107.44259081614646,106.02945215813338,101.74385229363844,101.85891789427976,108.41417526451457,130.85220799787635,149.71728501459137,151.22313853791064,134.29033498349895,120.63896481247528,114.34981988533704,107.89664910067316,103.35668445441524,106.19913949291072,110.53118840325874,116.17725362573785,133.61547183515725,153.8933185374411,162.09103765027908,146.3339727660296,131.18782157729544,126.6203104323302,118.95449669594151,115.2537824426712
2025-03-04,108.62464281170764,107.69654830945505,104.51789424802813,106.4396820832672,113.61661979186661,125.70818994929397,137.28570673612592,139.85857462301038,126.30738800793182,113.29207849386127,104.38212731691816,96.43937428134373,93.23397272894996,95.12976592088486,97.11815786602425,103.3056639652048,122.1160987365655,142.02385910462414,155.23390045745936,137.51675888020105,125.85789817051699,119.69225696965063,112.79675131177129,108.95460795809983
2025-03-05,109.47380974403816,108.03204054300727,103.53469884120017,104.86778583510704,110.44103906163058,123.11973905364447,136.56406851071625,135.93066357090822,112.94510084049554,100.217975278141,91.15426977201528,83.01303626179458,79.55176874539387,78.31323426001028,83.0932014400295,89.81385890660258,106.75954125558631,129.6218226068525,146.41812893473298,127.63627773375659,112.06757352215067,108.23938169814909,103.76587780167591,101.91816085850019
2025-03-06,88.39576554286586,84.00360476701024,77.90699892735377,77.30229305741017,83.99512469812771,101.81005109837123,117.16705786713521,113.9003218240652,96.91466223426943,78.99422962728708,70.02078145143038,64.45333491312014,56.56681900126783,58.61646071889379,60.27326048709041,67.79674135045423,84.68886371453215,106.08972448135886,121.7078955331461,107.70780762894456,93.30547911356744,88.75105815603028,81.80054255685705,74.74691321413059
2025-03-07,54.506632636652526,50.00514281447309,40.46596883121258,40.18534676082547,49.435748230981204,67.85145121925065,87.91852185639425,83.15373996468935,71.89564882786584,55.27437108067255,45.87474164759794,42.89655417248535,33.36755213456864,37.48181567436359,38.14159097099551,43.68886842536537,62.96459700436969,87.7510107696329,101.1911267706083,88.34805470987658,70.4254548305422,69.68019751705339,67.45765408657407,56.88181632638285
2025-03-08,43.41580236825202,38.7132810665898,30.13998134620587,27.72444535634368,31.67528731608391,41.767378738512946,55.241706733973615,50.890711857831604,44.05526056148477,30.754344278061694,20.386980561804137,16.624583917921115,8.652807209502981,13.586894932854506,13.696224303901914,20.6524403969494,41.25023544223549,64.65134133288336,74.34169710581577,61.63586136669349,45.161369559208055,43.79180228847949,41.13722400367554,36.19023902691194
2025-03-09,24.36457472599254,22.46472006115019,12.878533881182108,13.676916931107996,20.570639274228427,32.569084024381056,41.25969474932313,36.988587292513614,30.26288366642345,23.20328570320646,19.30306722505759,15.356321223388704,11.113603531670492,15.750110057426582,21.44827658392188,32.33370408865457,62.18918739783672,83.11200192291898,91.01099810669972,82.03290045579732,71.90765669236293,69.95615873171147,70.92013368323543,65.62130252100913
2025-03-10,77.70133271911547,76.15233323893293,70.86086573386277,72.49645309169685,85.73584572565728,106.25150171578507,117.89670419972225,114.3079588985754,104.89252838226784,94.11585606114642,91.5841897476793,84.30026971611892,75.50442338741739,78.05471147742071,79.92560108209518,88.70744898145855,107.21491523069523,131.6828778762501,134.99671951364758,124.38482638853439,112.11581164692821,107.32832556956326,99.81829553052091,94.5104788012602
2025-03-11,82.00999954779104,79.38353689541735,77.35790262090313,73.41370932017071,81.43478396037061,97.14137165117857,107.8924517806887,105.0021585704481,93.17821558354544,82.60910646139381,77.36821161376868,73.32028404404974,67.64999212087653,65.98433185261403,69.52219934770386,73.86062916644497,87.15986473134785,105.6322823308492,114.54040627457626,105.97750371529374,93.90732893846851,87.26423935040619,79.2629381760582,78.09176096456137
2025-03-12,88.29040865547026,86.70939667050155,83.14738627899956,83.84499447878989,92.33172134322149,107.12235408743933,121.3934240291473,120.01484499373325,108.44678971641562,98.68253615521007,95.42963152298026,89.70912395024052,88.11172273419223,85.10711549853903,89.22151370113266,93.69083563563456,106.20743485669452,125.74064306189624,137.23862603191694,124.86401953242918,109.30243854443447,106.087192946654,97.45214717227984,95.41982254883501
2025-03-13,98.85212932076575,99.6991687119322,95.18302026423035,95.4082198748759,98.96412066420592,111.23800648682615,125.70891082644002,134.08817931291765,122.24349623918783,112.60688605607919,103.57880078695939,99.90144333337685,98.50277929788612,96.42486096596619,99.594583451673,104.70510978865317,114.78656220838867,135.65385678985632,146.31610786077493,132.90581484223725,118.91971472750934,114.70890110336211,106.79181708653422,103.30453041902231
2025-03-14,109.36398096343171,107.03193787585482,102.5525593925577,101.46532703485515,106.51771246290795,118.412902001332,136.11532364485413,141.79017047703076,128.83250499633573,118.49768340760518,106.91822136617164,100.45015832122023,97.57916690375943,97.37458457220855,99.93187895283849,102.82232318636578,112.745017161968,133.3290143476392,138.99775172391622,122.89507491200841,111.77851289311643,109.5841562041128,102.13590593405446,100.7354938047077
2025-03-15,101.65688230781913,94.19841102100426,87.10892661891098,86.58648068282194,89.84161116682395,94.70194971483778,108.83204860973288,114.28317533399857,107.18284381423103,97.49148849228897,87.32316946322987,85.04109580239293,76.47101748087249,79.95969898872437,79.20847583957382,83.95650234083301,104.51563669898434,120.01994300475604,127.16673934122755,113.86829150093419,107.48844682309847,105.95583798706357,94.96330632566858,90.39206137681182
2025-03-16,90.97370343373254,87.17297542623652,77.80413660405583,78.74069295879735,84.14753049201397,93.66835997831373,103.02851754961,99.70644657380294,93.36938852621586,82.81769857902913,83.43509283551145,80.83597389108121,74.07782985328083,76.98075143386953,82.51225573280968,90.78860355694837,119.78020555211833,142.31991309205827,152.81205258808518,140.08539255732978,128.79773862534873,125.88296878285209,120.12561263138295,114.00271135065549
2025-03-17,101.85852043088903,94.02212738636504,89.75179196273027,91.86116359726441,99.31088219719715,119.15753132574697,136.93078986803488,133.25647273178993,114.20698209677349,95.55492009405877,85.3908151809839,80.08525800425787,71.09873214848918,71.98975748192723,72.4518795705618,79.16789454880565,98.82507440193754,126.52448038088839,139.16088257730803,118.31005901664813,103.94339851191583,102.30181525900575,92.47763082876054,87.46087300067887
2025-03-18,80.41444515941392,73.18866069500191,69.0480652690753,68.42537183636142,76.70439436726205,94.3288093393008,112.61384241938609,111.42363577557286,93.81655708904259,75.40146184643935,67.32762476635403,64.36217530047855,56.63202283048457,59.62485117032912,61.179138922513516,65.06598899764472,87.8722625156565,110.66882978293245,127.46992998941897,108.81093595252953,96.70224744718394,93.60949246091502,84.04419067981813,79.48032568424736
2025-03-19,71.21189118433811,66.31461300587274,59.48798541987817,59.5810371210311,66.7352241458923,86.43633878206501,106.71509959769159,99.24270360654484,82.68832754112267,63.35702901702166,56.96697560638067,52.25014216402667,44.55053114975665,47.45102721753642,50.44783032221525,57.255878675858796,77.07650516066101,101.4090782448047,118.4613901989537,100.42698787527985,84.8287141564261,82.2119105682977,78.94536850756941,75.31544250559816
2025-03-20,67.58271133810344,62.52509745162199,56.581275889757535,56.487804425912586,62.59401799529611,82.0473594417955,98.35561059693781,90.97634401770223,72.88149735019276,52.20569855023392,43.8952686045876,39.5451119485012,29.896231484553383,33.45925669037116,33.74495232753661,40.604617054718744,59.731917641784406,84.1220497108325,104.41684162728787,89.50168288661835,73.98107349911048,68.82791052988772,65.84740087444968,59.37678698429097
2025-03-21,43.333813176790585,36.02763399010283,27.906724363153273,27.005517388431542,33.298153147923244,51.932307296549425,73.03874407191265,64.70482510284053,50.74048818171437,33.960802862636,22.343240346110377,19.487660949378295,9.779046209506959,13.179967109979856,14.047404672782648,19.449358452815574,41.17434832495991,60.97707602658491,75.9799598237692,65.00991258241476,48.37785202902356,45.30505399112761,42.237299072553384,35.2443484567703
2025-03-22,38.10899511002695,31.095720266909282,27.901842599084134,26.834266352539203,33.27594212481732,47.66093245414676,56.508293385691616,52.58626455293614,44.32606365441876,34.1877344830385,26.074937042907294,20.819672616927107,16.381435068123977,21.751493053542447,29.662237140276233,40.989511731958316,62.15326043067853,77.5733584717702,84.44664787102366,76.76355119068457,62.05783264369764,63.96343472447468,63.73103192421054,59.26956943261486
2025-03-23,49.634682948640275,47.97759906522013,38.078810827862256,36.78839982399046,41.832285798935416,48.57630053505106,52.204804149592206,45.50552522407472,38.93852868188921,29.899504209106425,28.81393108268216,23.673651811527264,18.90970634308087,20.664466695706324,26.180464779883977,37.81963046063527,54.09780424402706,76.51744762524311,86.3925392019346,84.11688896195777,72.03913393567045,69.83949955612447,67.5197197077464,60.277099177530914
2025-03-24,76.41819458502157,73.64664963676728,67.8275614673828,66.96301731471692,76.83616514408276,97.22815097645854,108.43105295337129,105.71851417132845,93.66054070350631,83.3833481721603,79.66311783211837,74.14972218652498,71.01024518958303,66.78058894553232,72.49592079724022,77.04259720543656,92.11866567214572,113.91605684025305,124.04609015325524,114.2851357318783,95.26126376535674,92.93866697295074,84.65451963353507,78.87549719164537
2025-03-25,87.92935255795608,87.30819957033751,81.65217812640638,81.82262890279728,87.41718015374741,98.94689818228858,111.23672633727878,109.14073927197265,94.83785183778252,82.72523798451272,74.48508816922987,72.19604347149635,67.32180024362108,63.0140105460423,67.52559934866007,73.46646344705958,88.60765595211947,108.9805706085653,119.36162674487872,110.84439918784419,96.95475169218957,95.09189186483883,88.82532323201585,84.92251923544806
2025-03-26,88.81682663003772,86.2065313456601,80.36465657631825,83.37624526744106,89.73154889837889,104.22152128482858,118.42276150660076,107.40879230655754,90.2095039110494,76.52731090926905,70.12007543279252,65.63776730202153,60.81124651828992,57.40291074137059,61.53436587176476,68.9217805088619,84.0332893568921,108.5112573290938,125.14386948907185,114.6441423815014,98.91714881226429,94.37744987093812,90.87546952292307,87.4796185140492
2025-03-27,93.45651589725384,89.71010091926607,84.07134643649417,86.1030054355127,92.83444912222699,106.24900841547827,118.85060428788177,106.67741389492919,90.7848905302006,75.72052562552602,68.20399584237764,61.461223524803245,58.39432475730986,55.99591964155964,60.58614093720249,67.8895196752494,86.90965362628353,111.64405729142531,132.32256083226218,124.22982014629788,110.22688882410407,105.084892208071,100.52025343149884,95.07701092302892
2025-03-28,87.71802785881735,81.67218242360009,78.79775708536005,81.17895945966055,87.96938341629863,105.24154373130933,115.14459981865718,105.23985484395602,90.10953287040144,77.48191116650501,65.30917936025355,58.97559144275522,54.366716014237454,52.049569941364624,55.38344927926195,62.12880473715177,77.76385192435181,95.59548149213398,107.67614827993594,99.12260778205048,89.43939031962643,85.10694552565461,78.14759408911382,75.28924527900963
2025-03-29,46.96491859890277,39.45255422221895,34.78920953728645,33.13042076949854,36.78212790962385,38.64076129962919,47.70476140292831,40.120801337041854,28.415931955938873,16.5217894023626,9.784814042635134,9.477430549163415,3.4360929842270593,4.511245801864362,9.814185846293839,22.230243588935878,48.491300400555474,73.49420929806936,88.09772312071644,77.3104547156029,71.37061960612523,70.14535314584515,59.72604568290589,52.79764445077565
2025-03-30,39.00008900971241,34.83860370345778,27.517894081859183,29.37863904085961,27.45402319372863,33.59241908425349,38.887450482989465,26.31310710665798,9.191698600665035,-0.11683669436047239,-2.0857795902890643,-6.3211744169176995,-10.253203838884843,-10.664573917103297,-4.442328278398691,5.380480594166215,27.76382933189555,63.55686947122865,80.86986447015403,72.43064258242003,65.40905815047043,61.552407607062776,56.407047169560826,51.599617971820635
2025-03-31,47.941240503039126,37.3285416522086,37.73871966456787,44.71110189572883,57.465822466416725,79.99576092011873,97.5526786324102,84.46782663458028,56.29348645766355,42.16592149092108,35.80169714902502,29.931446651245125,23.325578872537903,23.870802354766113,24.455081619693715,29.88640014205359,53.34390419628815,86.72338217140447,104.19982927367859,87.19591613719574,73.03240199058628,67.06786598973879,59.58328298942776,53.612687523507475
2025-04-01,60.24846307018733,48.43189335386862,47.93080895496111,49.728800047193005,59.21097176545911,77.40145598553019,95.14783441975857,82.36668391746423,60.77786833422081,45.734211497857785,35.532962358330906,28.77519165473305,20.540021481237773,18.685480337991663,22.852707090840994,27.440542344567092,53.459205405857375,75.69194086727936,96.1909652855353,77.85501734200159,63.56254089972862,56.32786480209731,44.65701527949116,40.04374716577786
2025-04-02,34.09742298643742,26.46817431378544,26.330099994979975,27.438715785163026,41.45267942201386,62.79803435040597,84.53451065886775,76.20916080022387,54.61860987983337,42.28779163830865,35.089518293900056,30.31782123528086,26.125348000934494,26.73840338306954,32.75257251036666,33.66499363122102,61.31733204600906,85.00540485757512,102.87230798565943,83.076392575413,68.74090441486302,64.45831822616198,55.70662682048241,50.69060346170387
2025-04-03,28.841541233763536,20.51158660802875,15.977637802041016,22.573661132568546,37.607276027802044,69.74280293598717,85.04096479480717,72.57010760477081,48.64346114874132,32.99137924282053,24.8382880909717,19.730557207129806,17.210803749952618,22.053646590957612,28.643458512811634,37.370809182993526,64.77151941737984,90.65835633935268,103.11603284619792,90.77399010528433,74.49743570860511,73.3676952612119,71.15077086002151,66.14741042937119
2025-04-04,50.44742268882118,39.67323111969776,36.46562291973291,42.0560252510723,52.41721691652393,75.95064886316626,85.3556062647435,67.3440346096977,43.560866026945774,27.631523151325865,13.848812768817567,6.072117523810164,3.2948484211020457,2.9448024430369344,9.962876898697175,20.54215001972773,41.45730152422834,66.8152089753221,77.91027491508467,66.59668994966466,57.09412069252559,53.87655657375001,47.261797062829174,42.05588242382987
2025-04-05,27.179877894298244,18.90810699070927,15.584921405897063,18.976675358582597,26.877894859986554,37.71514676953964,39.47619233726405,25.97474988734396,7.32562783103711,-6.3640852391908425,-18.335715337340844,-24.4200585951952,-26.57638119727625,-26.195292053395917,-15.475231787863123,-0.38512459374203445,23.12358177129329,44.944653513143805,54.43149717159545,47.249607866173534,43.26582686883245,42.16760400126273,36.54027648695427,27.01369694424153
2025-04-06,22.193487720992096,11.879926564850052,1.7020642258620455,9.85363127442065,11.393542502439772,24.775053053499107,23.867849222690523,6.861454465371651,-10.844611034470233,-16.911838394660464,-26.49284793534204,-36.21140680147033,-35.4119689837315,-36.798671020894346,-28.61430646906922,-13.265706801552028,15.122723789790314,44.87054357624024,56.46391033425539,51.11943287047433,53.5081773575977,46.49532805977796,37.52264063441672,29.898132872223613
2025-04-07,42.78596066719146,30.49371336595435,26.086636955701053,36.666320157580884,61.83482685591875,95.09092666102408,104.38245702491004,81.9519604032691,53.623041739870956,36.80219561122394,23.800376626736693,14.40097259916871,13.31808769289853,13.637642126676752,23.70030259412013,39.57278048769186,71.2014973012466,100.2450026253741,115.0355137515901,100.6093437523563,89.392805014475,83.4753291868374,75.51067716106907,67.52517665154777
2025-04-08,81.34617812734379,72.09018342568754,64.66501625906392,71.08965095884344,90.20530083127122,120.44905616369712,125.9209625537899,108.85924685919633,88.01810785328209,72.12748049467402,60.663247715347325,48.181113968218284,46.67254694219537,46.23570288096607,54.938484791002054,71.8601910419059,98.47838471714724,116.73962330363214,122.96591543238361,111.85733237625423,102.3559505927548,99.10481080273738,90.77806996422126,85.29642837179077
2025-04-09,64.94478444062891,55.28438621170761,49.12116795041486,55.09949512860287,72.46385188231254,100.68217508750202,109.9904440768983,88.19669412443368,66.03190697775592,53.9042208642302,41.55425831506767,31.85562337165544,28.819572030030017,28.15346409085973,36.004266602237735,48.854496251457704,72.29234562868518,87.24829721564691,93.4431149695184,89.51972418584822,78.79455751183865,73.48054481514602,66.41824626672985,57.960844114449046
2025-04-10,34.14957497800927,26.871472547862552,22.708204208466654,29.626945592828662,47.82065751500245,73.05208045585822,82.36865274974693,57.89046717122548,31.005825499707385,16.54443206528245,5.631430147772221,-2.6343784444862877,-4.696360431662953,-6.353794195617468,3.4208713458716886,19.173393452691556,47.188068085448776,72.31054447147753,90.07542838028243,82.67435534361867,74.9640575181609,69.76743520774896,58.30003950796099,48.11726009682447
2025-04-11,37.41917954278797,29.579902213077844,26.48089260066942,34.198873203523235,48.41268642695553,78.27926568364943,84.49301745379908,59.489800069106764,30.336272650261805,13.947801851351954,0.2974164090552165,-7.558602752966948,-8.85822194462952,-10.636882612161997,-2.2061450130360356,13.008528758127369,37.584737662500714,63.29119711317665,78.93186712511744,70.95423702747709,63.042334587009805,59.600262960685356,49.42259465900739,41.71668039502629
2025-04-12,21.198503962203105,11.073802633377156,6.371142240468274,10.704875750457305,17.990811066158955,27.348083596621223,28.870508341921408,17.362789741408818,-3.873063059572189,-16.47643559479303,-27.49981538812017,-35.087347894788394,-35.45123999287273,-36.43624256142809,-23.84832544921528,-8.880895410492599,12.506959070430497,33.5671503755062,44.538154057754554,41.81463256690844,44.04905702944487,39.11837899252902,26.860380289767534,15.909885311570548
2025-04-13,29.872271828753455,18.61479694634089,9.289618567275241,16.69982962435283,26.013324024323936,35.99107247475959,35.570458020002405,20.357639759557657,6.818302121708825,1.1478450837670096,-9.878860679265387,-17.90832869254706,-16.570909435652965,-15.141262626880604,-1.7054287420156413,19.699521097963327,46.83749514865232,71.5365967823308,77.61138454436318,78.89491768257346,82.57285385757923,72.06631961102873,67.19174138757839,58.64272530327385
2025-04-14,56.08858404872984,47.938225867560206,46.672809470746046,52.97254725027193,71.21541399858896,98.54319753498933,108.58089896052341,91.52741394583438,66.71192572919603,53.35129920461037,47.40761463857274,38.84233800190434,35.22490234245794,34.96930821153161,42.201891633893865,56.91865982523362,74.25434461336545,98.65676128934456,105.82029690445616,96.7548128839716,88.16076306093068,79.45127352761098,73.12373292728877,59.29969868969056
2025-04-15,38.444494817176746,28.780743348051757,20.804181563579164,28.218256175155318,37.5223016630562,64.15053643327832,76.98578472608196,61.77794136747414,42.451598749127555,35.279638165629365,24.571349049488617,15.184241224030359,11.536788962334697,7.850273217703574,12.724386765427823,21.450355891440637,40.39160321256756,58.10194661582153,67.49447852484934,65.6200401656734,64.90540620902522,59.115303291504915,48.64198463085751,37.16744190990144
2025-04-16,42.614464514108505,33.729004613155794,28.28516230845456,36.480553061193646,58.285307124391494,80.66234031802762,88.77015510511113,72.62235418448431,52.3972984602124,45.6452758221574,38.47058012607104,29.673836431358893,28.393982417609152,28.627300461126367,34.38067597226363,47.58005109191009,69.05288622997236,87.59791922203735,93.47866582841517,88.83134793656507,82.98320394097259,76.92470941492816,70.20242889432423,59.90719015825712
2025-04-17,57.591984900562224,52.20524877769762,45.3031739100843,50.34741930910987,62.2421339070642,86.92198689747907,96.08787746761699,79.44211088391909,58.62638459017808,47.137879500639144,42.16355706128357,31.251589629056554,28.58291287037902,28.660415954658205,33.64501866897932,44.968419048189986,60.712304564394884,83.61837099147135,89.84947269154563,86.88698306177976,82.40546772376909,77.11805091986777,69.53639902489526,57.45327199791154
2025-04-18,57.81358089952742,47.184442799822264,41.122201042749026,47.6122126546216,58.362742160147846,86.57929939471451,97.2591608209582,75.73686618016387,48.452369000298575,36.106348922599295,24.003135143142543,12.967004463077274,10.597465489740358,9.972563159903046,14.562353000622181,22.89615065222472,43.642049404350104,65.92640044273111,77.62366768568165,71.87666673726065,68.48348984797566,63.75769176847011,49.14294019152935,40.297729681575504
2025-04-19,19.438943294589293,9.983912313320232,6.955829379795446,10.535793184565023,19.61125920023403,26.92153820033346,28.158170614485442,20.94147373251772,4.823087570943244,-3.999578471428464,-13.626862382924799,-18.617509328993833,-20.688248641751443,-19.024972916032453,-4.46934574663274,8.304682658206815,34.381389627196626,51.9472085253484,58.51214150443934,53.93906810490219,54.22685433006501,50.09501265154506,40.18033087051187,31.723013628572474
2025-04-20,24.384431033925964,16.25584076467827,7.65175942915964,10.040462288937206,10.835171889449384,15.313295460727375,14.702586077818921,1.4333244076544247,-10.178096549331599,-15.545312465560102,-16.865543411912256,-25.47359305322621,-25.473532317337714,-25.72647894092188,-15.735695756847036,-1.912853946886031,22.031720404152196,53.44608612454303,56.97660046923136,57.251733062317754,64.3629229928171,57.09295110673166,49.032416874664634,40.6344305823561
2025-04-21,36.068151175067015,27.088505742447154,23.228384328396388,30.208896013903683,40.87915346241695,53.01422432061928,63.706433605385556,49.05143650501091,32.19181439230147,19.715119245933693,15.110497207485224,7.774902504422812,6.265633243836419,7.706390123654103,15.518907462437625,26.60509297682728,45.891980837349394,74.70500359355592,87.05205208505114,82.34210591701255,83.00446476844328,72.08128798884348,63.70276327607358,52.45194163029224
2025-04-22,57.71491794426046,51.691158680748686,45.80916632151079,55.84209513178972,67.56136824246215,87.82122100209622,97.99447995044748,78.39023211400581,64.26877890862735,55.426141150164995,46.597077261015244,38.07132197723968,31.04069642721862,31.920216996450776,39.592504845160875,49.693360383642926,70.90131065868627,87.27133468604367,92.08207149422631,90.69856274078515,86.86646473224613,76.0673360256394,69.40092507461765,59.323036778848916
2025-04-23,56.116597240279276,48.859160633173445,41.775979948276955,45.11855438678015,51.57602250004257,69.78209140047684,82.83105610584516,63.51374518954185,43.165638943070235,32.706113351440536,29.30273791127783,22.94576269094526,22.01969735030366,19.004372198077164,24.110760868438973,32.250551981138244,53.33133977429247,79.7316665808705,90.33255534818147,85.54175619334421,82.00755849594589,75.38678341806,65.80620528059649,54.83640497788048
2025-04-24,65.67190245773169,57.78450988085224,54.03064720520389,62.11332916387603,74.08372050501397,98.33387381656975,110.05243556273722,89.56948785344646,61.96926636821816,45.74784172837565,40.0755017714267,31.9998000527234,27.02725898107279,28.53911919089542,33.8453039331052,45.49008505202889,66.05835162552168,90.74886819338408,109.21722995901942,106.00802079189178,100.97830226307609,91.13464676468489,82.85415105313795,72.01840107097097
2025-04-25,70.97650126497209,64.0188991620067,59.05207789637063,67.05154685393414,77.50356637673323,100.95955128541158,108.61867804089246,84.12906060670164,61.102175591166684,45.73556486063694,36.591935452524524,26.541565581602924,23.40362124893815,21.876657133198734,28.277215307148566,42.65037679783043,64.26732738904025,84.23702655137123,101.8952246828306,98.61114972057864,91.71480441039752,86.86326680357864,76.48524663211347,66.98260331949177
2025-04-26,52.15772412866896,45.76418285819186,43.88752090580735,45.488933733766075,48.34712579166367,49.67060061726744,50.55911973456372,44.060755232303904,30.911140744757773,17.549622581887974,11.725237026852085,5.502718186974363,0.9998906319962089,2.068663279354382,15.072291009478931,28.836596468890804,48.77765763683712,61.908725041391676,68.48089982169432,68.8850163863404,72.38894855906845,65.78103349907236,57.86146906828503,48.28162007582928
2025-04-27,42.165203944597735,32.754709054076756,23.702093034722736,27.008983656158776,27.463890394168672,29.91627978079191,30.105939184290577,16.787807332894488,5.080605729551905,0.33272385296783114,-2.659772468879794,-14.897184212325982,-16.3699591155831,-15.192206806470097,-2.271154659033982,12.171882733523347,37.286601971522316,59.04138968079084,65.8539542602725,71.37046873765271,75.91324862066467,68.41137547368565,62.1921102004988,53.243079978728446
2025-04-28,48.48882908795633,39.35947298185934,36.09829130562228,44.21932095895791,54.697480521175876,70.57222850586675,77.01888257624277,55.25831680031584,34.38737223256118,22.1437957091602,18.426585334837284,9.34244027125402,7.411447691771144,6.6547396194004875,13.052380295601779,26.00569231477658,52.38683074098671,76.5363357302227,86.54725536816207,84.7691393162167,83.56726247616098,73.09288549723166,61.34765663651507,49.86174689634662
2025-04-29,41.52631902868086,33.49941480966899,29.89937917481248,38.1293806285187,45.90161426104896,67.90502583195024,76.89436578445336,53.814088799946774,30.642924858232504,16.17139888852475,6.6839597333694485,1.525620541526763,-0.7159538316645637,-2.251877522194235,5.163331374267187,17.922577556915797,43.55873056516708,69.32019068618166,86.7522989118267,79.81842739214378,80.07909257376136,69.69133590505183,56.58384592504646,46.99683238940786
2025-04-30,47.16221095489672,36.97490227047098,32.00226155358058,41.16550545201305,53.82322804671459,78.28596836584603,85.20684709840306,59.35960988585967,32.02003514720707,18.11573229125372,8.118866654821346,-2.114977403898962,-3.206463379197288,-3.045909017974992,7.46224509120907,28.093587609319997,54.702987411876904,74.39574856809918,88.12362065267536,86.6076286305902,82.9516880597766,74.23217621986083,66.60004682939731,52.15221571673949
2025-05-01,46.45692432942772,36.7173784758474,30.194675690804303,37.04486440367276,43.883306789743955,62.018661144349636,65.34734091967152,47.28302884942423,26.87400127806316,10.402572017124612,2.4557629107121954,-7.06889270095067,-8.049384183018873,-2.507750546941935,8.329458586512004,28.016404739060278,53.746807993504774,77.83143981928845,95.07709429107652,94.62443311268217,95.72659535170521,84.13900070499548,70.09539532843601,55.0296810597621
2025-05-02,45.63951763017812,35.13387027921377,30.458323391222905,39.46662117329211,48.69309515322348,71.8992151396819,80.20716551469027,58.63750798964725,39.3076913631686,25.460929988333135,13.496421273970668,3.8501858668763873,5.821976520964711,9.533990893028005,16.093966211592857,34.02579272883571,56.180502429554934,81.02105844308977,95.1066071951802,94.71732301668172,92.72814634951979,80.96230251775879,70.2051161075093,53.984635536433785
2025-05-03,16.381563919664586,8.689100883221585,4.308386844218603,9.864764841841549,12.493866410720756,19.029411491843604,23.965877846314754,10.663978332000994,-3.2838929558948564,-15.914917683741919,-24.27923601648672,-28.298454103321347,-27.01002060398156,-26.768080285488367,-18.23387713537707,-3.7305854879941194,17.29101285882308,41.67162497843043,51.81196661920393,51.80565131271237,59.19853350715965,51.575665268994186,40.45091320013512,26.76218797320479
2025-05-04,24.336179592999954,13.123384902671745,4.912423677314308,7.882488897847992,7.837727850958828,15.238298535389077,17.101092544881197,4.554314984013473,-7.869183474047418,-14.417288175288775,-19.586892952177777,-28.986288758202363,-28.214539412983783,-29.87908696693279,-21.609606267567244,-9.919367101280926,9.294727222064807,36.7989231403449,45.26429295492102,49.5445195763906,57.56383252111834,45.637523702299546,31.71202529767092,21.062840034841457
2025-05-05,16.042485517397523,4.779612699509528,2.260384549139374,12.768708939302854,28.0982595117448,46.50177471736423,57.79420558764099,37.72920077420278,22.098345369724285,15.0922906133774,1.997832402499057,-3.69492777090133,-3.215413278024897,-4.149831465268164,-4.1766027913985795,9.98566457197444,35.16885443045214,60.601301772333244,71.20886853005865,64.97620898294645,64.99805604765227,56.8293247425115,41.83914815214976,32.93692167352535
2025-05-06,11.086179606767274,2.1365620200797935,0.3662236123032301,7.177652986137474,19.07433054036747,43.8498627931145,51.42206705953126,30.214431838748112,6.9339935531564265,-1.7961327399983702,-11.58734783411711,-18.550564046446055,-18.027952128318844,-18.294161652785903,-12.959190557899234,0.6062510331917395,30.780684279224516,51.61538163922279,63.58260477940581,55.756447083567735,52.035286372054884,45.75281799807473,36.06816169450963,29.755267660808656
2025-05-07,21.059783503586075,11.653489296732332,10.856901572855577,16.82454766607225,34.46434275260492,60.8635902266908,68.43931851353445,45.01317027097514,15.646849070838329,6.658687686247362,-2.306672564988247,-11.258563276566576,-9.33994885552886,-6.5544180581462115,0.4942392811595937,16.499293515063925,45.43283589507055,69.64504986675357,78.86049954996463,80.16797022060878,70.36456975645763,61.63442462511172,52.19339216541445,42.282186779365276
2025-05-08,33.08062741954734,24.614159981571532,19.758912844993745,21.275171771168445,27.05784341660268,38.26434591326134,43.55488438319236,30.423638384639645,11.507972178536107,0.9662402813309825,-2.7136097792360374,-15.225936875629827,-14.77551145028167,-10.098418818326337,3.525532810800513,16.123988535991003,40.140687298598635,61.6713210824484,68.76672347758279,77.22806289786416,80.7891803041443,68.61166817680498,55.08183426722478,40.980482477142644
2025-05-09,18.91028563520854,10.32539742158201,5.112344342585843,12.210493618522904,18.523388050407675,33.82348652919029,41.08644088480875,21.797974407017847,6.178566908976876,-0.016038623997189916,-7.633306536026652,-17.22211194170876,-15.112258177224476,-14.180626214776225,-9.34186177026129,0.2156015376931748,21.39774666341296,45.483577973861344,53.96188307123231,61.42031535922541,63.388886251107664,52.267423153528654,37.92249472482399,28.13735759601323
2025-05-10,7.884572084619947,1.094771956749554,-2.083342202774247,1.0274403902945437,5.477253709126359,8.208233279055491,9.448234233371721,0.2848793093823758,-14.502367166023532,-24.527640139843555,-30.603006789895517,-36.98460902321759,-36.05686997377333,-34.83070795036238,-24.31500822603175,-10.768269554827299,8.241368363142499,30.573667790534273,35.73790939469035,40.60154260225866,47.28938797924289,38.36891046237366,27.500456911107932,16.435095636560646
2025-05-11,22.965307896839818,14.456730507314688,9.284029224493153,11.518823731487984,17.253337561014035,23.348936175160077,24.693925251287112,12.721610558533854,2.1881568164220084,-1.799778012383399,-9.472422624678245,-16.83691170412564,-16.344824409454787,-12.684226452122118,0.9386533402393127,12.29426028158008,38.24895716021135,61.938914278832556,65.61860942173476,70.09724513428583,77.22924645423377,64.32629378142413,54.96967081839726,47.11575654540029
2025-05-12,38.441505424839235,31.894784648223734,28.38909818084626,36.036495773772984,50.386185803884686,73.91168689101312,80.28359158019536,62.95835184637906,43.37835366778839,37.84275830005174,32.159560382662875,19.69506760850399,18.031241845471953,18.376340730420026,25.460103054508835,36.95104258735586,59.49837571135194,79.48297377584646,86.90263288713885,86.23064159250771,84.58971115526661,73.48178037945937,62.99208363614966,50.52823793784731
2025-05-13,48.527766320837216,43.664415546773526,37.51645836385812,43.82765397115149,57.091277685813125,80.49730629258552,88.43428443849079,69.92146395433296,51.89091498477191,45.595956422979384,36.21114067374171,22.651162689084117,19.407646666243437,20.32397420212186,30.416400735620016,45.68422386582205,68.9727606003176,85.62441224544534,92.06711876455128,95.54389578156791,93.05390057022912,80.30936896843114,74.56295335341964,58.42348207755528
2025-05-14,50.78943661934221,42.25889456860281,35.04213099585361,40.723147108597374,52.78214277355235,73.72927912975729,80.4420866085066,60.62746262487934,39.050151785498,28.807804849621476,23.099071430723654,8.928629500985494,7.876246851797077,11.572489863652208,17.919930264432537,30.44973240651393,53.06169675666564,74.30115190053397,77.44659916244919,83.25159922868701,83.99099667128053,69.87732073141704,62.06837485031093,44.73881600128519
2025-05-15,33.86539267358721,25.47079450788334,20.07646403779455,23.98345665565151,30.61544085932219,43.018459450008265,49.49148928323544,32.843705975812526,15.018890583880562,6.909159261255098,1.1671655310161384,-10.787716152640797,-11.77259021745158,-9.139082733963875,-4.172446045422191,5.096471705891219,25.429315860408735,45.68397127973728,54.73534701592851,61.09748992687199,67.70037466846755,57.46010188371737,38.038819492818476,25.25243040678872
2025-05-16,8.304979064941307,3.294567286531617,2.705082654735577,8.074641348987527,17.060805808194687,31.680190460559743,36.046008332006096,18.0389381970773,-1.2887208365129084,-5.22429710359927,-14.734727079413801,-20.06705566528356,-18.191650232466912,-18.866848408798177,-13.013374715241866,-2.0622363820065743,19.15419026837867,41.880854403919926,50.933236351395095,56.037608035528706,53.81683453745691,47.452041726019814,30.356600946257743,22.1469121081808
2025-05-17,18.900101194063268,15.27479240056293,16.95082501184531,17.084542156239024,22.93015879217043,24.964056916546184,23.9739288992011,15.25551978495946,-1.6866461966377528,-9.960326852124695,-15.328676650768728,-21.808435030112435,-21.33769441074773,-20.433043979816034,-9.083379680142002,5.023101834851332,23.79483443482195,48.959594581714356,54.20804782491115,60.85847455858183,64.17575082714438,54.24351575134969,42.60373043031021,27.816695860432475
2025-05-18,23.89433749774608,16.72908301963652,13.457461006941386,16.172036262075082,16.289347183726164,17.329367463190266,14.36764023376901,3.2868350149237813,-5.0477602011081615,-13.604512796269404,-16.73936818770366,-24.39047522576081,-22.153130606279035,-20.855696184467888,-7.627348187011279,2.8134395429643178,22.170763213431115,50.219955940115995,55.593394839858746,68.56680651304964,77.27439675846597,61.65192340843939,48.120981423848406,31.031593556923724
2025-05-19,25.42287191273813,14.380797486038503,13.073304501953999,21.347976599263177,32.62969329623695,49.37762803067724,57.41300405740671,43.865282975140246,28.61485842935204,17.465940461062814,12.140202046795906,5.239421032476798,6.478406642192738,7.895883160379157,13.253373052733338,21.60842792283492,40.10541251295433,62.97946476569342,70.98764371092489,76.86487206307355,77.42544767831298,63.794715819481596,49.35353678802092,32.78282004802064
2025-05-20,22.80580285804072,16.46474325128972,9.609072800829068,15.059229118775022,24.726685619808677,39.127282397919544,49.1953396076899,37.6613176847562,23.81353738800337,15.693086620015805,11.34187385543001,2.7965182132086284,1.5058720767970328,0.6683761356612763,3.2579002230210676,10.023468540814207,28.60675080524942,51.40490947726991,55.18018256608491,58.70800859924131,63.498394855246346,53.40628237429584,46.00046571831189,32.77068669788895
2025-05-21,26.252388357174283,19.33105873574604,15.257154633982665,22.186480573746536,33.75081087744843,45.927851477371604,52.2493641496429,37.569376651464296,20.340704557267998,10.775582195881213,10.435288982697813,0.21203882576830324,0.43125262465997594,-0.12078366911330818,2.109133975168618,9.113137294259786,29.60523189094684,54.45350641189651,57.10550207755023,60.94603400246439,64.10097301109761,53.970170048682604,41.69737594016178,28.117280116066468
2025-05-22,30.971230645499347,23.152567434164737,15.905818834578696,23.32802000051258,34.2877578165797,51.3358722351512,55.9341310313049,38.852721377343045,22.701819895455287,14.872903741856305,10.10628810088184,-1.5077150957831975,-3.6619144479326167,-0.6292048389875902,1.0293812498945556,7.95041438283198,29.39073843868411,50.6567903744739,59.722997404703136,66.59541112777617,69.84689496821282,59.58252503401262,45.422202251359025,29.755643494285707
2025-05-23,29.941487554936103,23.41263718412182,23.58962836602889,29.46524068367671,42.54327175264581,62.679577223353164,62.252463691770174,44.059827801272405,27.29342023495917,20.917358522314714,13.153341270466228,2.6381272075928734,3.034236103673493,4.031002755623149,11.155627205629457,22.233368684740697,39.935410977943945,59.65513134464379,70.37864599169674,80.00327039915278,76.88620785537775,65.6932277649788,49.329010965547724,34.73904327203418
2025-05-24,28.703582738041234,22.162273042178256,21.061741845946543,23.88912538823179,25.194328587304767,29.22134490854387,27.867399933732827,21.221388517671443,6.649799902535733,-2.8936750775641826,-5.979241423476026,-16.46595033858594,-16.623022970543303,-15.511135305719932,-5.945175944615755,2.4434479924948107,16.685111418781418,38.33981997847991,48.31299127947497,57.75109468111705,66.21535704450497,53.75037850020064,37.18423601357958,18.00281717225471
2025-05-25,18.43673661400331,13.724123419611118,11.080478973203043,12.355138564178375,10.176461182681493,8.687352658825546,8.503583224414825,-2.861149212970645,-6.476154162124033,-4.513590076982865,-7.106297866498949,-12.257655237955959,-9.340278786916542,-10.089633676808774,-2.3428404889667434,-0.008638406895727258,11.849775342117027,44.265383605792266,49.348280730022424,57.616551428032295,66.1425571750176,53.06224492594751,36.26302207104695,21.711305271737217
2025-05-26,12.105448215389174,8.302328997464727,8.842933204535385,18.007989318358412,31.711811886840906,45.3815775827138,50.83717203764698,37.78372151542459,23.729703919218167,18.14093984846548,13.495301550859267,7.296005324694306,7.6360666565111615,9.128286518997669,13.47873189141086,20.54564251516129,35.232725218529396,65.0545095151083,73.23558122640574,75.54208642602501,74.39775373902326,62.483783445811724,49.98509917017395,36.12841285738851
2025-05-27,15.362365466933653,10.644923689616576,7.873990678692593,12.392219233702093,16.860966884371805,29.521736820926378,32.181384956380185,20.554253662152632,6.776806373664584,0.36393950691433474,-7.151348805468302,-12.21573569573502,-13.347757615893215,-15.421495154944637,-11.081709757777901,-5.458157376514379,7.69997908617205,30.750556919159862,35.73690289871786,36.65777982668263,41.50661417597911,29.25461950047,17.630178306969157,2.2836848165079573
2025-05-28,11.159983542939017,6.8721115372105,7.927486885696581,10.629917337092948,18.709398499821162,31.39502171620569,38.80658334535363,22.3464090681679,7.65983776846528,4.479351707826083,0.2788627954131755,-3.9011567447592768,-3.2224715642847173,-3.712007100105751,-0.3602517133980143,5.920215017590351,23.121859681239727,54.559920199551925,60.04235772355841,60.83283137181371,55.2028229887255,48.356092237339936,36.414174238063396,26.07695559466397
2025-05-29,43.207495122896745,37.00802669765993,35.04503473498414,40.623511573597455,53.261612918759084,68.2196855182892,69.17561120417601,58.59076970599875,40.81357257807949,33.70192604185334,32.44214918212117,19.906624720534637,18.089878535953858,23.582845410537033,31.413490524625757,43.119879407956034,57.51676713279255,80.09763070758098,92.14385615611997,99.41545720344917,95.07585127523856,83.83972462030542,71.20525897205661,54.850218313390485
2025-05-30,45.075564163477196,39.77168276904321,37.67675131935543,42.93772194824085,48.84527518584707,62.84960521955216,64.5076419722453,51.24503799654897,37.461603585285985,29.36820303988503,26.125307889488425,10.210236039222593,12.335592838431637,15.667745480202967,21.360809061642414,34.85130054607214,50.06780898479727,73.24976814469389,90.69901852110684,99.88673793104638,104.31987037351723,87.5251812756642,68.90235290508883,49.60333465746966
2025-05-31,51.560044614418075,45.23992488831897,41.99037600275844,45.93520082771599,49.23292839830421,57.56122959018184,53.81713228272736,48.26440969313293,30.530862454496884,20.853734171062655,15.550283103030324,1.583398575001496,1.3266223637699284,7.539155400935783,19.656905440651087,33.60010527224986,52.938190777406334,71.79914038324728,85.39819697842256,92.32058859790565,98.11932902878046,81.68163933772958,68.50579470534849,51.87371657343323
2025-06-01,45.760107224661596,35.471799154378175,30.506233334000356,35.120596678193536,39.42245898958852,50.26579619987304,46.45872171065392,37.812224288893105,22.868353101490897,22.134685658328692,16.456934500189618,3.486672507830775,1.3624408179747434,6.470430935209578,15.740497094667063,28.810185628241385,46.912936500001024,68.24698651398182,77.14177970189627,87.43345356972551,93.20284492037815,76.15944079978682,64.23353363989771,51.44361928302632
2025-06-02,33.20771658651822,25.931473951184827,22.60223316803436,30.31245150563609,42.570516567516876,57.400792311634476,59.84204803311836,46.96230655778962,30.10160129374478,26.15524866260327,22.39224834325259,12.826305830729297,11.591218168621538,10.982024814544332,17.493672581842418,31.830428556023264,49.89243185799515,70.36981957391745,80.89795645582103,87.7226328343704,88.7009638030232,75.29235236989078,62.48988210421605,49.20485367729431
2025-06-03,45.108263865827396,40.76023684375869,34.34620617520433,42.302713484780696,52.541234785882224,76.42787235731065,76.24762811351023,61.96735168186569,41.72961752196673,38.56666584301675,31.654502701310747,22.30412892845345,17.909042544024004,18.30993094374253,22.116552504152082,30.992814277346383,51.637518915954445,74.3802762722375,83.41763181144367,85.8434434739997,86.09976658560659,72.74967834903627,63.218187853985384,50.275015888645996
2025-06-04,39.96034385824828,30.548732737056554,32.338110809288466,39.05419990933247,56.76279394205247,76.5014343473542,76.6227833908464,65.34338926637992,46.250796405983465,42.390847056585756,36.067750084970726,26.945372504326997,23.00584173262044,24.309232101300296,31.74091168060292,46.86166333515767,60.37808402085318,73.95443546522765,80.75080119998682,88.65815574066656,86.05414507986967,72.99796822364675,58.89218593151638,46.77648418778432
2025-06-05,34.635440804241995,24.94822061454643,18.692273830623392,22.993038541407543,26.90788464810133,40.66657180173914,46.241756678296866,39.224063964562276,22.206223513672512,19.43436669174531,16.173661711061527,7.27166166420173,5.356021174187958,5.671546841621563,7.345520435145119,9.813434392743034,24.913846698727667,43.113060041305914,48.57934583664897,55.57720358308828,64.41434567131103,53.04734987956124,32.46660041968909,16.01652289103248
2025-06-06,17.33504723762512,10.682487034026266,7.356710555736598,13.821709474711852,22.408331510383775,38.671982610321066,43.836139154545066,29.737321680668998,16.443588159484506,15.200603664550187,8.21665249479733,4.382909230109959,6.2382972052324135,7.4826126738231835,10.044532029506342,19.14694266804389,36.356036062164634,62.05106510894268,69.0326929279708,78.06855982736853,79.10553332369194,69.71049372683193,52.15276207745099,40.50111924249752
2025-06-07,32.302426999660526,26.34918090496447,25.349416406487748,25.01821740576517,24.051986644342477,24.558454848585086,27.234250795379154,19.418776401503976,10.830714602102205,5.70046579166447,3.8127147074820584,-5.300354479761978,-6.533042160220589,-5.712748520605345,-1.819019434584959,5.688204192576478,12.583664248516925,37.05086218916168,41.25794470080922,48.64736442832509,53.10756902114724,40.801161766026496,31.293280562967993,14.981869325609352
2025-06-08,14.264739114696084,11.946722616473053,9.968483409022198,11.935300148504567,11.999186626092438,11.716337027966631,8.860321054988844,-0.44227996817363646,-3.5370223983923665,-0.3102475950491339,-2.6653146549421933,-6.975767575252661,-5.2048969696679706,-4.796506771727621,0.2415111240445924,9.160439488270839,22.72882386268722,53.79767063083929,59.97543580966013,70.0901860707717,73.91410678355176,63.575016880952305,50.01158144593349,37.35849727518735
2025-06-09,45.26852845638459,41.10277423102252,41.85561170332204,47.76992170102223,55.10419469015888,63.79463976077456,67.8184036459028,57.226572004773374,45.80757054469163,39.77572819248783,37.38611139927352,29.36268228381607,30.869225594784126,34.33985530620183,35.7632319267873,48.438605487697885,62.9827492852537,97.3701773640214,108.74098930697204,112.33026459436873,108.7640372986243,93.52614510531352,82.06488431992024,66.59309103937677
2025-06-10,38.450476819439544,32.640023964407916,30.093716274615602,37.686240951758506,42.900780162888864,61.83101019912702,63.92562022270472,52.36689985145688,35.17314808074485,30.065673975144875,23.325080476328395,12.516315784820279,12.744530708983234,14.359129403700933,18.177603133516413,31.740176951006106,51.64320659291215,75.51960152367369,89.11136079770921,97.44598190571024,102.89385936012572,81.17322466653498,65.38035946756555,49.10518138787201
2025-06-11,35.085951524224015,24.468241698029033,21.755751799023315,28.96837017121956,35.48887013110658,54.92937815532403,57.320531374470534,42.84122457321425,21.375266501041665,9.285834197063934,7.061985781403223,-0.48380458700944473,-1.085912203165833,0.38111779739099916,4.205385259016083,13.402041873191052,31.959525518943366,52.00861117649313,63.25253811227978,66.14155923685993,71.02485846815286,55.53398454735,38.283710179376,22.978518028185007
2025-06-12,26.65291614422037,16.595672288874226,11.830507208963994,19.113353622891466,32.50342248086288,55.133784100783856,57.76640732671413,43.5396293338988,22.056254958335302,19.803707860704662,8.958161797284049,3.9665794053956063,2.893522314386331,7.826980297441111,12.478834943103521,22.876752014683007,44.946430634447154,60.876354248298725,70.15358150625332,79.16805197539422,81.77677205488183,69.45029833239519,48.67106622004802,39.19162166420365
2025-06-13,45.81850745045685,40.83474928991858,39.4081521453802,43.74945013526006,51.89308626115681,76.13723884864665,75.4743445953873,57.34960665069383,38.687808860243024,32.189071575819014,26.425758954988083,14.366696918159477,13.284026361530266,17.003091884753673,22.00133922503116,39.57482995656909,50.79827619083207,72.06956803198707,80.55681387801312,84.134537201927,85.6246861747908,72.65341156510443,58.097581228412295,45.010849269460024
2025-06-14,46.09760908442534,36.19807268574006,33.19375449511156,37.80925994385517,42.60175294956666,50.83082158966822,48.50670701070621,38.78407638580964,24.292720242236868,18.59974658094103,9.77628602367281,0.821040503200237,-2.438416116238585,3.532975177403273,15.179158828142192,29.150104878864823,51.44659543487762,68.26359788427939,78.51797442222218,82.17036713278812,88.99649883528373,74.16251195869711,61.70975115679546,53.51422234639388
2025-06-15,50.464746907258416,38.62139037713024,35.65784672644806,39.37157178362585,43.12651256687229,52.248591456594895,47.62243461500688,38.89200800713235,27.30798740249304,29.05478413196076,22.215491259005233,8.561699345008748,3.7625660925848763,8.747735328840264,17.858498762557474,32.765083763456516,48.54138088024291,69.91183361892945,79.6241599088732,86.64957346976287,93.81555672671942,77.38282277720434,65.17202559581322,51.32702491926905
2025-06-16,39.44089053769642,29.33991013190439,25.238083046863352,33.9440712575788,39.76647871486202,49.96182767742198,54.78488011577355,44.599347866579905,28.349399382282115,26.13768602916184,22.103450726160702,14.124905754701501,12.207375539888858,13.545172642304124,14.891972175048835,26.84247611461072,49.42424464085204,74.53210569587563,84.57480451842073,94.75191885531979,99.48107968880228,84.83834734568548,61.57809604165752,46.44064544461199
2025-06-17,43.55256337173108,34.78502132115776,30.047633977784187,37.8841785188491,45.32432720264583,66.8411857498204,69.9941736244372,55.79149270774684,33.92704881185384,25.278705228542492,16.936491501944516,9.088331333058107,6.7429292546683826,10.839338395132614,16.47723346293418,32.49041031174036,54.10401383966129,79.04797727844925,92.7828976477243,96.2763640393861,101.6858126243286,83.42100463896082,63.91179496151244,50.81291579297968
2025-06-18,52.85613714654879,39.96396724358483,35.354054815869745,43.362585327504476,53.75124520354892,74.92010373503489,78.38930575170842,59.47629944389857,35.76199636630966,23.77701862406147,18.936662955843644,12.044986969611529,10.020395779071606,14.529329287220122,17.937078017935505,34.800149482427315,56.12306102224369,82.4961046954983,95.08031164222184,94.12791495971369,95.85245756117176,81.05435007739588,57.88129671242682,48.72619611776794
2025-06-19,52.28210003486767,42.47257948368335,37.827067796610336,45.480063591696066,54.05277829656437,74.64835197295274,79.68445201660388,65.72688436994632,38.54598779026014,31.614628618108384,20.41678074781086,15.188759208017075,12.087721046376203,16.40577391631055,22.618211284487188,38.71017690464214,58.57361068546311,79.13642494991817,93.25199064990001,94.01347658590414,94.35100631608451,82.41863309339888,61.226035753091864,47.393390011729224
2025-06-20,52.21095375927541,43.7234054305237,36.61429529680743,44.265242407859674,52.24416531675962,76.12646056118251,82.56701199582906,64.41515828340545,40.77836245101287,30.800364700778914,19.896399564181053,15.653432301853456,15.28868895327173,17.849567723349992,23.9505076209241,41.46477712532072,64.87136284837604,87.87823410623093,102.34632555898891,104.50243026399778,104.21463939295882,93.88738117879146,72.26821379022397,65.51151071119345
2025-06-21,63.48387467162665,55.67085265214426,49.83957176215603,51.29416544856301,50.95303082122413,53.861806201520054,53.593285322778314,43.02092941247355,22.876371743157165,10.089875090249166,2.2413346736743165,-4.045783412216508,-5.278842529263699,-0.663070312829035,11.243592788100415,29.79537043874845,53.28077979900203,77.48083489608192,90.36909466712575,89.88637042886307,94.59858316099621,83.40189535078056,69.25768027108789,57.87935657428868
2025-06-22,56.752862314961575,46.35225352125967,37.79068445362181,41.98431510670609,40.338015693608654,42.01377472745749,40.62485615326841,24.934265095341175,11.80314150592136,4.437421921652117,-0.18299704695317587,-7.932423652023573,-10.686900002514506,-3.341939684317481,7.606761363582876,25.24529907504902,48.305128140251156,74.25826641279946,89.32562356619866,94.03319993072134,100.97472765849818,85.75825085134788,68.12785629162556,60.0912730667622
2025-06-23,54.037552573701504,42.58509310476259,38.62038336695808,48.528128491409234,56.39338424581928,74.00931632405059,82.66754865265938,63.87578228779182,38.450842601866185,35.81009718647192,26.18562078098404,22.7269915498793,20.233256238526394,20.05736258922167,23.631464097068942,41.561950177190226,67.49107891412382,94.99023975206963,111.41731638806492,112.82195563536604,112.92779814738938,99.41382770551016,75.0408006827129,63.361922216494946
2025-06-24,64.87283624266638,56.87098678156924,53.492468716468224,61.61896086740535,70.27792662600505,93.17890653065635,97.27784722688706,80.69124924856078,54.2630915383628,46.94381163964893,37.637318844330565,33.207927776108775,29.53408182374612,31.163715098820532,40.63695456025005,65.32606405349061,88.40674603302388,113.34002293220085,133.38338672017505,135.67186360265347,132.11065873034102,118.09337150729749,98.22310806318728,85.44363855392605
2025-06-25,70.78092737826533,57.93773243972018,54.02185297167706,62.61411213626336,72.7385007770637,94.34039068407337,98.14065247551002,79.38290555370239,51.80163954790453,38.72532392141568,33.50697047795947,26.257248330375376,24.321084255639136,24.221561435098238,34.09133405589574,56.21446502204205,78.44157577015542,103.7184378506754,119.75385813842064,117.45840797472272,118.55836811903663,100.86930015335767,82.08793410408461,70.87840466155455
2025-06-26,66.47600109055087,55.00841294130869,46.47030711778871,55.53546998290312,63.08432232596857,80.57382354574784,90.46582023060108,75.20600848876663,45.7809886519845,39.79069078627384,29.177236825483618,25.134577289331247,21.57101907963505,21.704323986738842,27.94768166369147,43.14768692119401,68.86635566645666,87.71457902442032,107.12855145451488,107.19907547355055,110.60619901191099,97.73137177810452,78.87773029787908,65.8179865080522
2025-06-27,79.5985734049696,72.30357650690796,68.74218701994731,79.54709363745482,90.28089834502816,109.00236641364712,112.18261049897464,94.75342384161345,68.29565239722373,62.41886626114598,50.316513296903565,44.67370641254229,39.99902870200708,40.07512639411371,49.6647929273615,72.53321222395601,93.83322361365359,113.36304066926206,134.46990127226087,135.04032035085925,128.14712824979844,119.34800433926753,101.70576384008169,90.46290077399844
2025-06-28,83.47277287530099,74.23253928162845,70.31434010614365,75.45521600244825,76.23740454974097,78.03078623426114,76.07396059769152,65.36328752525033,45.86498368049939,34.78146797190192,26.761002235929453,17.47769011772911,15.580729831155196,16.908879041232524,28.507983118162855,54.291134662662074,76.81901266629352,96.86905061036681,116.24917188921847,115.88583059534865,119.58269876952853,106.05843369164167,89.57355830531611,79.2889136931887
2025-06-29,56.1578848782068,45.56865537139572,39.018818950221046,44.90249086417592,43.49470522564687,46.02860760292876,43.30247941888257,28.516503992233282,11.777149214408581,5.868888253988985,1.8510807802412899,-8.035961456705735,-9.348289681871364,-4.941366290027929,7.784378999909677,31.268823466909964,54.126334805687975,80.84154009542351,99.26406134413284,104.63576086312219,108.30322240496363,92.55164388549483,74.54748514510325,63.77108518078171
2025-06-30,75.13563760818798,62.369289219267756,59.76716884763806,69.60372076978643,82.35246810553953,107.24534844997333,110.26925637311764,91.48668009087034,62.90343786515588,60.71136512838159,49.886969804816744,41.32593812215342,39.47958162908908,39.72302114282927,48.09295999558597,71.4419227750515,98.19456546199535,122.78302018505113,141.84499406702568,140.7878664450003,134.47872195653048,119.31212080189528,104.63233722539924,91.46566799360859
2025-07-01,107.19361965169028,97.91072092818413,92.84777439957477,101.24800019347944,111.75887220913302,131.72187507862785,136.90380602021366,119.62200673561992,94.91235617302162,82.90325769803717,75.57469724246907,66.49140313584842,63.33422592119412,63.345175384824145,73.60427817996681,95.79128954290682,121.03789937815547,146.9874406566356,163.78094913132222,158.28342647103977,155.1534374951871,136.611844747239,126.70820089390111,113.50471417229622
2025-07-02,116.15057528672759,101.9223078142501,96.64234369497999,105.46121455787346,120.39516650988472,136.29263351098697,147.27705130515898,131.73826007550502,103.8457361808191,89.01646127845872,83.22632185392523,76.83299126968934,72.46506698786726,70.55636206888934,76.687140374563,95.76966595110895,117.7846961328577,141.86990825304784,158.47418201395243,146.80628910725804,141.52551862833923,125.81786105996352,111.32712752693567,100.68448725894552
2025-07-03,90.27360911862282,77.64115992854434,72.1849537278597,80.37058182689942,98.47463854685815,117.5071300935841,123.9339352305666,115.22261743435398,90.02912767863664,84.61700098757962,73.90142541000941,67.48200924852371,62.52423327619792,65.1708010276581,74.21792928514107,89.93504144313218,116.1021959772469,131.31777817936472,146.8903922394416,143.62210270141287,136.13598776011452,125.72853701497456,109.61636563280904,101.36805733484186
2025-07-04,87.37991015820221,81.01627478105422,75.4613338709141,84.92519155573542,96.10945958057962,114.95483064973507,118.4533446655675,102.37507927602512,79.75463699665748,70.48676282244158,61.48242196160312,53.67171248388419,50.04005863542868,52.57127774105484,60.352339628593015,80.15183133167496,102.76540938605537,121.6613816386696,136.49680364390764,136.47070225114783,130.23156292495497,119.66859372166921,105.93497514694019,99.0457254074627
2025-07-05,69.61563830531594,60.74623001017349,56.383055996703064,59.96283585688076,61.111092558866645,59.67879969844074,62.482224932779275,52.71616698701072,39.51962889211032,31.352875566819876,25.753149400187596,16.44841662383334,12.181077523893322,14.61146782256526,23.600444948251067,42.17340049078285,58.90995095429756,76.61625129358075,90.20443091643844,95.74668043185227,99.88463577334556,88.52734943709473,74.79137698171458,65.78200084969055
2025-07-06,48.285192937707166,37.60940644770314,30.21240440572545,36.19836684848924,32.92201623734435,30.316669459625075,33.58983502921467,22.187179468106876,11.617179134791968,8.79619776791904,5.785529200001747,-0.8654544664133255,-7.097483230712868,-6.969945465518265,-3.1377691868738964,8.529966237540151,25.078299059893084,48.750477624589905,61.771680797385955,71.86631310659018,80.69551249155259,71.32456536345582,53.268865856392324,41.44560985977705
2025-07-07,46.01319308662623,36.41652827272766,34.99077779795155,46.75674169336794,58.39218834217364,73.32478814200033,82.01908731227309,67.42893210898009,50.0356059883419,48.51798636318077,38.95671329275598,34.3591607157546,25.47672430958255,23.932292035420716,25.273994964788074,37.06985895751083,56.3627840587381,80.4768598818506,95.07646531562258,100.08059243331692,96.76728715162679,87.25337480808247,67.81182915002182,56.155021456020364
2025-07-08,54.21921562946247,45.89913096806154,43.09244189916164,53.76945330629296,66.54784105303376,80.16917429103424,87.30686097774716,71.04176480787098,51.898211457041356,46.99828986593673,36.66490063571976,31.682546105211998,24.781641941982144,25.28511990212965,30.56665637763797,47.39349441833099,69.7039100364932,93.13398803000362,108.26616389637951,116.88958304259504,114.51605083662477,99.50830293452834,83.16882256659613,71.3706075563
2025-07-09,65.55258893091323,51.62843839598263,51.02746803880548,61.911279970682145,76.46285488000167,95.53158678864801,96.84386244038019,76.97695864472514,49.675045519131686,41.06836936512465,33.99510819197084,24.837750955223612,20.352111369245733,21.46982343248024,30.889770872305405,53.027282266776794,71.74982066934216,95.31169264381181,114.40917141177401,118.64764691775021,113.24995553534326,97.55373318364279,80.63921593695345,69.27908548028246
2025-07-10,56.8420243900802,45.888116681343845,43.91800036228108,54.071285137998785,62.57693007928431,81.334094043942,84.90090801720494,63.34707686256698,37.70478682451943,29.195124792485473,22.94224487185727,14.424347183760773,11.307030347911308,12.483072634731002,20.191290632320772,36.03683799879991,56.402152075614936,79.19542532417262,97.79609091613749,99.04296819339075,104.2420462394273,89.19609385764888,70.2453899842486,56.0209854057603
2025-07-11,57.456416553910685,47.187224465979654,43.45017161162569,52.51670383831612,60.89013519548392,78.88675201584802,81.91511389854975,59.4560618508838,34.23979493877832,25.69045111312127,17.679049892185844,10.274470802930779,6.47903283247507,8.622310955178136,15.515672614403968,31.210319428534802,52.325824848358735,73.95670719769541,89.7536786861009,92.89375626770261,96.43282018708926,83.81343507801306,64.42308658825115,52.14706837375587
2025-07-12,45.60849428049863,36.4481025948547,31.46675986112146,37.35433471657683,37.57439394094172,38.01766540244998,38.30078146808509,24.167945871358768,10.209672504147221,2.4578075918665263,-4.609220353834331,-9.59685280300431,-13.025845527234253,-10.693876930958481,-1.4027592850527526,14.815312077751571,34.46473833519494,54.55594646603009,70.35415532882911,74.85767593187359,85.3787712757582,74.28862865020253,58.597671496122075,47.61285517157492
2025-07-13,56.4367548921371,44.74039158421027,39.12735947547415,46.40847647541831,47.410671468350145,50.033196002828404,45.44115380801409,26.85693832071476,14.417998005464767,10.143920365859543,6.65432497106471,-3.2112612041468367,-8.408546320139891,-3.4797745763356716,5.326524534401443,20.575914165620134,42.74701651315212,67.95575898526528,85.67082606488424,90.91104477180818,98.92333490329004,84.85204092644219,68.4170763250616,58.29702834405131
2025-07-14,54.72340795831539,42.423133432983605,37.94714915026597,48.67622738400793,56.17774244123231,69.64754873074679,69.97291401711614,50.070640695832736,31.441367822380556,31.112427983579067,22.06083164412931,18.994413062570374,12.717700638456392,15.174982870750426,17.6749911978888,30.23505938334887,51.600316928417016,78.04310692694679,94.2540919678027,98.46574088791799,102.74867367249755,88.3682766949328,74.22674696975146,59.83077254743699
2025-07-15,59.398245912709484,53.608998570601614,49.71791896266926,57.94983962125076,67.44397620713801,80.94020481160464,86.39282538203707,64.5747067111196,51.76708497956176,48.30144951091084,42.46602437693775,35.313695234321045,27.626203564902966,30.053729687662667,33.65570759043558,47.31732724714831,64.25876429979397,87.15762443100871,95.87712688120098,103.77600742204146,109.5051276308844,93.48599269104119,79.25528059683522,62.087497731451506
2025-07-16,52.47395895378712,43.88614766231399,40.91229088797925,48.43745765978251,59.631352206840745,73.48481803111987,78.52167055171354,57.83422147799905,37.52951157626117,33.35812913741108,32.13054477457953,27.462013499083554,21.071083093211655,21.106061074353903,25.235490483304062,39.99062602926065,62.4260692995274,89.94054501077198,98.40768841512754,108.50147703311605,110.93153732926393,96.39276818920983,77.4953384080301,63.67584904998016
2025-07-17,77.55575199673642,67.34821714839788,64.86296036226113,74.36091447782056,85.92169621241868,104.49518689973712,105.68317783299713,86.97091301564906,62.58351998568264,52.31596693375262,53.52515222303259,40.9174936278021,34.982666461406296,41.38583518762809,49.31513618592621,68.9945771343237,87.73775634831097,113.0465178813859,125.47237816025118,130.35289807952083,131.3539454359468,113.21048418792363,98.42627765786064,86.5842085348293
2025-07-18,83.2772071509841,76.21594384633897,72.64340948136093,79.22359170847363,87.92048254658857,104.89548952844319,106.2352090826456,84.94709316926911,66.93231890793595,56.58679946318101,53.69188209760728,41.53289080702319,38.86504528003593,42.155985395409175,47.80154015767761,66.61768138619485,84.48328152504655,105.31019752952163,116.93616461416501,114.8606318710508,118.70297197561118,107.63205703266593,92.57803558022249,81.31564386517306
2025-07-19,74.7106574230592,66.1674987689973,59.21344844737679,61.097353234234475,60.18825724178589,57.54718945069024,60.96293608513446,49.54857802209909,40.01800042462281,29.181336406514504,23.713598128598676,15.502640224539562,10.36474828323017,13.771487621598084,23.458263558947948,39.479193931744646,57.524108741772864,72.90417767129026,85.01736197417844,88.97936296771017,99.42281211377764,90.94122535782846,78.69483644711282,67.57446789299433
2025-07-20,51.1670815975763,40.77050996639741,33.01729571610278,35.63021929755665,31.147766460864702,26.019953701143464,27.442045474668248,12.948568584063509,8.04077840504263,3.830984030068123,5.109536304148463,-2.898354326952557,-9.13152809076459,-7.266403671616473,-1.2928704846744097,10.241925569408096,28.733963488366868,52.771724811006834,64.79877751208457,77.5204193186483,87.05197704978387,77.6738393165713,59.42610184043052,47.53900304228894
2025-07-21,41.07070965747651,34.391627444612965,29.89988128651676,33.90434167116088,40.599232510722686,50.508257539913544,58.77238807257234,44.435489463924,34.43801932480304,32.2374790014357,30.00292789793184,26.850637725613012,21.61178581739364,19.35244911372064,22.323704247183855,28.154164832672905,45.38372281010314,68.6303289545265,72.40365570483723,78.38121531408127,84.24450020548586,74.34411857912811,59.30894402752587,44.213981686322285
2025-07-22,49.964551522006815,43.463218577112855,40.17468241260383,43.76048384228477,55.51996626939757,72.73155554333493,75.95864684753576,61.266189984233364,41.90293990504051,37.094025213906036,34.0046400586146,28.813315614530325,22.49319701597193,25.59562836458727,31.500309835643577,46.6492121510685,62.55576814667609,86.4533711085476,94.36073971829566,103.54965456783171,101.20363149665147,89.70103433581525,82.62683983598097,71.88249980794697
2025-07-23,72.55940879851781,63.16975777639638,64.96836646186509,70.03176765311218,86.81798420530532,104.2832638367011,102.02259078254649,86.91369509337699,65.98566099305376,59.3157645008971,55.15113093945729,42.831140724410346,37.18602734146515,40.08819407938802,53.308027322297136,78.1253766119413,93.16875975027764,112.81561931156028,119.1685287829165,122.98465354026092,115.99041700154461,100.5967489572115,91.36748324596604,79.80262031693957
2025-07-24,72.41298721561682,64.46163294022969,55.90255377647375,62.987231982296635,70.3253869768382,83.24459153939445,88.55313698649562,76.26310614732381,62.19589366086724,53.70642745587537,52.028584338352985,42.31165335336405,38.87263976292337,41.71632977142356,45.513535165810225,52.34256049881198,69.42134919848871,84.69976459216119,94.98037231573184,100.61452724058235,104.65779785107567,94.65858273586528,82.14513508905546,69.95916372780596
2025-07-25,74.37415598298014,66.28268399568253,61.982074133441,70.24123640213313,76.529948022658,88.17721196356976,90.16638101940515,74.3867255348469,61.76670694930681,52.53836314479031,48.317119838940954,37.648014698933565,33.65623852419725,34.80045528094391,38.08690708256708,50.78028867729236,66.85023565437754,84.20302182727792,94.30629390431989,100.82323479347889,105.7210106002814,96.67098536403364,82.8721912500578,73.22254846099418
2025-07-26,61.55051642893916,52.08187639320711,47.00962048087156,50.11515862566999,47.081796251852026,43.23393634505824,46.1134557560498,32.27971614196383,22.652969831122732,11.921893175059466,9.141821944253962,1.0023496428481735,-5.064885439664579,-2.997885904056375,1.980349481833457,17.552125210153633,34.51536090990825,54.03289641112147,67.57021566891365,74.57900629639397,87.15684578603599,80.71696046650376,65.86491655924368,51.02202896334353
2025-07-27,48.01762566014132,36.81616010258237,31.33188073497513,37.0042879584787,35.56075053258482,32.189699102979944,31.814935279743707,16.929505813840905,10.587662210718378,10.205333589043647,9.278148141137592,2.5869858497474354,-5.234790992300532,-2.8422133619454826,3.760523691869082,15.1044042511746,31.257609696575514,55.45730122132582,69.83472494718356,78.65194940392944,88.75105803869643,77.78271600386864,58.180769358009556,46.99175588307381
2025-07-28,48.96867028901552,41.111358812469376,38.636026237114194,45.28229934214855,56.88902998965361,71.28934188029748,75.48311982929988,56.31058260592883,42.66540966494023,43.426154884546435,36.98694979820027,30.28131011629239,25.603586481921255,24.70690754187615,26.737704813391673,34.23130793108015,54.90396936427848,80.2344155771871,86.74483044383271,89.69031087597838,95.66291048092533,84.06046146469222,72.03058386053664,57.251419209545645
2025-07-29,47.76667277507647,41.87717088457896,41.10032278921196,48.341887508333045,59.21560724291629,67.79315567748908,68.19542667284007,45.95367122266427,32.75831197470569,29.92162401843109,24.41625953745674,14.152004952663447,8.73350722602629,10.279942910546879,19.21269506342128,38.06297445574506,56.42614201207047,78.19156043564894,86.42595951392602,96.05267161156664,101.92754160746755,85.9620070009193,75.68071415315023,61.32709558603847
2025-07-30,52.52078340106452,41.23918419297628,38.668407451238934,48.172269345405695,57.93835837821062,69.80467075004951,73.98405429595898,58.76936481845706,41.619733704390285,31.910346931257777,32.77792329909411,25.489978594307587,21.576721044967968,22.175106054563543,25.967555432259275,41.15978112198789,55.35167884170636,79.77696314104892,88.3925867028311,92.59010947270144,97.58173418243263,81.92397466233454,69.14637843585884,57.2077774180884
2025-07-31,51.406589231457815,41.33339047302668,35.5248567343548,44.240681709397606,49.31784341689945,61.76046647345018,64.64135520335991,49.04292163600053,29.09133220022494,22.77836805059232,23.095650992677292,12.869161952618867,7.291855100323204,11.764695126310528,15.748607060953162,25.17688172576146,41.21021464655891,59.6435765327673,71.03985636514275,80.16622144602078,92.32618666875251,79.00872530892815,62.81614392193373,48.25127753016278
2025-08-01,60.508459589888474,50.13287068730611,44.87628258429052,53.62298581560094,60.64527205448354,71.83049968179381,73.24022659471646,56.905585901286685,41.315272275396495,35.63089084084808,31.30590662744848,20.064744595133646,14.96816878383143,19.211174517274458,22.109183757621395,35.49528995608043,48.269943781608106,66.70843022971425,76.32712188177018,88.28195330979733,96.46401333629561,85.18640550281472,68.90645184411972,56.61610886758328
2025-08-02,56.674664924093534,46.31095157613744,40.335874224895775,42.66157898204375,43.413908448584905,37.68890605093972,36.484520838679174,23.199214360836606,11.863184296766661,4.359999200235791,1.7889123396818434,-6.726060685778322,-10.507399788888932,-6.143853267487685,0.9585211104700022,15.256603283160558,33.424963569812604,56.505120410055326,69.11798110232272,79.66331545065124,94.4645367251632,83.7693903663443,69.43368997310917,53.12112691504829
2025-08-03,53.029039829519064,42.19915226240431,38.45941403422569,42.80961056778156,40.3888433170853,36.87731240751995,33.50295792215951,21.48131503239219,12.918285920222246,10.551464032542071,8.43635542753239,2.059242658623077,-3.198504575067261,0.20905746949259196,8.843705983073619,22.220781636536685,37.04897499245837,61.65565804940866,79.05700007023938,87.40311307098978,94.3932088208395,79.42569356001977,66.72619983381375,55.6671117144746
2025-08-04,48.24321224048845,36.71025769917543,34.1823149718368,43.49034659362036,51.842703482060585,64.17142635581814,68.44747232748433,46.33247062665063,32.2635636593335,31.46222826997476,28.455033402390796,19.70979760080911,13.108192041730007,13.288690222793349,13.939339846928846,23.232238492065875,43.88124490416641,68.101546548915,79.10996930229922,87.14745752759549,94.76593763508744,79.82602917752519,66.93794698489417,49.30123922170269
2025-08-05,38.46772065838684,29.74824144144489,23.977652191840633,32.61985959404586,39.33163548460607,45.10326361372856,49.196947219784846,31.512353058587337,20.521621471284192,17.43852657977294,14.38331100910807,5.812959433965773,-0.8533378939074225,0.522841180266596,6.624116166909175,18.072412639348784,33.57303272067796,55.81290954230178,63.95330581029205,77.90824174652073,88.18868134895769,70.72920523490629,61.845993933816516,44.94324532471538
2025-08-06,40.110289174361455,28.688791734622257,25.483225305441906,33.88427009816681,44.765739090223306,55.84653180041707,58.018071975448095,44.845864342842845,30.983661482990527,25.519252330938087,23.867129717701516,16.33073698099105,12.265375759734013,13.284589122175504,16.379873957586426,29.90470135295479,46.887869026972794,68.88763022187823,79.08618768864974,91.21319055269893,96.65142558271913,81.07445284216078,71.19300529265922,54.86815768234898
2025-08-07,58.882316696174115,52.85384256278206,47.03430003369843,53.39579289316569,59.40883626294104,72.9499330133819,74.77927362211585,57.478644019345836,40.59469594440614,33.68769602741915,33.96686559467915,20.427112097211733,17.971691411342675,21.349455325435343,25.33134827092104,36.077475455973,56.87608840994176,77.51128339304017,89.70542948594081,97.82369941493116,105.38333389446308,89.55691005396585,79.96373215642689,62.546644614734674
2025-08-08,58.297396518875715,52.54090421034766,47.48824428149618,51.533519068594686,57.59694498388943,71.64521636370475,70.80714089070649,53.97280753022687,39.38651370152127,34.23358111165825,29.62203180549625,16.674806165901373,15.612775900764916,19.523888012078714,25.616264949950676,40.39054410031716,58.63735466086737,76.90657494491896,89.53770899633867,99.9922771700512,105.19958660073695,90.63491012747353,79.67852387623246,67.00584120350588
2025-08-09,61.23393773228506,51.524744702737024,46.35927698729711,48.572185878259916,50.746819520647335,52.691911119162114,54.50855577054716,43.0204872090919,28.07665688199299,20.203261381347346,15.742371619637112,3.138184656793186,-1.7646507473281758,3.94064096195396,14.254591016601694,28.819395712207495,48.69306196845366,65.87034191771207,75.9628769151278,82.19773673375398,91.58039391639194,78.89728943767523,70.6145155201942,54.44768673070338
2025-08-10,44.44988460210253,32.53667105346139,23.896674838704698,27.410862566685964,26.407934319493137,25.05252489855846,27.014380940954794,12.55059602453619,2.1081490262664317,-2.05224560872108,-3.1681089822371575,-11.341260525900054,-16.213982498199158,-12.03501106348844,-3.608144152404492,6.561616459970963,29.587571825758857,53.8183753727356,65.43571048155198,72.20274701207023,81.95029731337948,70.48247292797932,55.29210413820719,43.994661996999966
2025-08-11,38.98124728314983,29.015748483270386,22.16952051561738,31.996904597724978,43.45877984909663,56.722860366201914,63.3801752330467,40.073397514177714,21.754763314196737,14.877844873803411,11.535293531164172,5.432799854922251,1.8922458828405126,4.035766076055978,7.906169291581392,18.509687511802014,44.50793481343379,75.7196999555074,81.83696519139303,83.39362498975895,88.9945567532583,74.16147347786936,61.478501801748536,46.30399613495216
2025-08-12,51.15017048427002,44.8210128072638,37.147038076846655,45.59529444669532,50.60262072844968,56.77189540460736,61.227004507528704,37.74942650489845,21.410926513334374,14.887954294960707,10.140155235290024,4.164313174499597,2.408078763372231,7.4248788704861965,14.996585948533152,30.959533175468295,55.68418736667596,84.50016060218493,97.39610427446638,105.55489998998401,112.54514380716562,92.58931656942144,81.38435113451207,67.46587901805678
2025-08-13,80.62102050836339,70.26753015489794,66.81928871557412,73.53582331694895,83.58578775576821,95.54396900870752,96.36237802688906,76.01856159051968,58.67321121992859,47.571668560719786,45.97303542262739,35.796742572902176,35.011413934359666,39.70882871072499,47.231668801090095,66.49912289746379,86.26440901434083,114.1093718680234,123.34122577154237,124.72529149184382,124.52682720614933,106.15090314439936,95.83938424843694,81.75284253514252
2025-08-14,84.19815273146534,73.83848340807353,66.07996002593717,72.57023612138494,79.13758544264053,91.8087928818533,98.56975213494613,82.44165531155903,64.25142292957628,53.23242420804161,53.21713521985859,42.362053475181966,41.966615950845124,47.94476351794884,56.09585906178495,66.33979960878335,90.39912431347693,111.26982326117835,122.6514587609233,123.1674617065392,125.96419908033599,109.52711921940868,95.06864138190036,82.90862503122494
2025-08-15,76.31551013491247,64.51911161617052,57.84418936149281,61.28810803343089,64.01375982784413,72.74500461814804,77.43682183123587,62.13022100952611,46.23266757479391,34.713018352427014,29.911939908552142,18.769194912896722,20.35668479782902,25.131558057083197,31.24206896681028,43.47234040436399,63.38974639050721,86.99131442118698,96.22055669522221,99.59177997033808,98.67588855044488,89.25687452353581,74.35938718542812,64.54783407569968
2025-08-16,56.58260059599495,46.020989378063845,39.604067765581604,44.40861539932858,45.326696151732946,45.83600067578075,51.21384809185889,39.467980083788746,26.949429254350264,16.837418933911124,12.393831758321511,9.63778479260813,8.351721418968197,10.310394502731327,16.27777436791331,26.564949164318506,44.57224295859038,70.9253267731662,82.2796450153931,84.2707662298889,86.63763091280761,78.18551240203402,62.53920356580353,52.58514235933485
2025-08-17,38.4378883659635,29.748483213186702,23.517168543926218,25.818342199261707,23.789506894284045,22.311916360539243,20.955272686584664,5.821022908575969,-3.171865407349287,-10.334655090730251,-11.479226691460383,-12.933445891212642,-15.3050561131206,-11.414049071938194,-5.652703055775987,5.821000571589138,26.045116891957292,61.02146013790505,71.04434365342797,75.47449085297265,79.45702037306214,70.82314456750746,54.60313822316968,46.96534677144645
2025-08-18,44.44099492971925,35.52619481723063,31.921069107011093,41.422992923022235,52.46207951261421,64.0730979121336,68.50709904028288,48.608006604452925,30.04521374915305,21.292207744749675,15.968039130464518,9.297186093077983,6.330405071711311,11.683280627649367,20.189545772992375,37.773782044716114,59.55037143789926,88.45883321515754,97.24174694967216,101.02005876063937,98.04872807226825,82.89553188727916,70.3056378123773,60.432111516110595
2025-08-19,72.24420822862628,64.07109721552526,57.212065785721606,67.24508758556739,80.77917536976199,92.28582933177609,98.93161327177928,83.96781596885239,68.64250259587443,59.356597329696044,53.39998967562441,40.92155792752844,36.05957857432985,43.133969892704,56.92705692433846,74.59171507354837,93.87613324362742,114.71869112747396,118.83865493609065,119.10876564287494,113.48459189870695,98.11774669244357,93.57137755581486,83.60472877613874
2025-08-20,70.90017601882542,60.90563305888783,53.79143340804039,61.47133256200661,72.23010679826346,86.35887802742664,94.11453608324494,78.75194575140422,63.906679176116285,54.19123172816036,52.6862119070756,42.83577012665155,39.522452133413154,42.23282961435321,46.61748385290839,56.78040715934206,77.03445522876746,100.60599106523733,97.87118272503626,100.09010218704995,95.91188255150733,85.42729116223356,78.40433511305345,69.75626332240608
2025-08-21,49.837119040347275,40.20129630984742,32.9492617004975,41.67681932294123,48.478114518238456,60.5560054364081,68.75627637422389,56.997349118495265,38.03931677516536,30.126246992483885,28.14932070818898,19.455080394908464,14.109614105487367,18.122509995644236,22.865558948485273,29.9662969676871,46.59431974524941,67.74979948505916,72.37125395035784,77.11528816434439,80.11698113668389,70.32943938181975,56.39316247655128,46.39892666437602
2025-08-22,43.51438473452188,37.07507949086998,33.18403016064394,39.41729159995165,46.55394852611626,55.49987102988085,57.43376351782237,40.794849348291336,24.767908250276435,17.084794520672233,11.215178364832497,2.1956044545094926,0.5934206975315419,4.920376551862773,10.510630752558228,25.83041094417615,44.30674658668184,71.61164619233998,79.47252294471159,86.77665663628734,88.78574528394417,78.87537508776954,65.63502441163659,56.89475375388267
2025-08-23,56.36084712296095,48.37413320087863,44.75937166840636,48.962507684945294,53.14284179257173,54.224709344421214,50.669904414292034,34.90748081096061,20.216267682781393,8.838419531123435,4.484382501989643,-6.112711872032605,-6.516158670239463,-2.367614760201178,5.716688416814833,24.007754290546387,42.84105491034626,69.57117523461741,82.69279327913506,83.68257592277516,90.91412289524258,77.85138042488131,67.16797388201222,55.066473576996245
2025-08-24,60.028633611189974,47.17207359302586,43.010527585477135,48.09690384824188,50.88972152225308,50.930340558312,45.65688908310324,28.289755216724643,17.11452145310716,11.552713940976048,7.612863601878331,-2.365108164642436,-6.068070881182308,1.4020103773704307,14.088378509208752,29.364809806267118,49.177803463549765,77.56670173218589,93.72173839836235,97.86192400579246,101.65761877298365,85.98223608898547,71.01143470000375,61.339924673409485
2025-08-25,70.61241775493811,61.48002429045816,56.64177671331578,66.17798734238856,77.58690119449868,89.80370846198498,92.94619868287894,72.17453286119475,55.58911706745066,46.24957594414592,42.07365394385576,31.440290125338237,29.76502437250724,34.20917734052394,42.01265607492006,58.19775309069874,85.21492497839527,112.93458454553523,124.08855831218803,122.9002140586909,120.12979153057977,101.07580364725989,89.72925876407469,80.37483755897459
2025-08-26,74.7415403416631,67.92338685006462,61.02819802279417,69.73853550007965,77.5439486587144,90.2560667588255,98.51903762391426,79.72904815808617,61.58276859657934,49.554280176654586,42.174389166261165,35.67562601021625,32.777521280810305,36.64638094460294,46.088270686241245,60.725950724814666,82.41397304626535,106.03890546038151,118.24200478146064,117.84212301987496,113.84342222105663,97.36496553416023,90.8634150660212,81.45153851100093
2025-08-27,78.224060515225,68.64872298544682,65.04819078981294,74.7447354929723,87.04460443940314,99.815003177081,102.51302114192833,82.87332972974943,64.22063894908581,53.337673095584066,49.699035245433976,41.88265220157248,38.39981095679113,40.5714019475044,48.3639452383794,67.26218572689086,85.07214575719415,110.7854209707798,117.68627189333205,118.64248463785975,113.92162834494664,100.19514606592398,93.1010355454122,82.32738777983838
2025-08-28,77.85620648821116,68.22877662767166,61.6073765773431,69.47731980464582,75.90940508591466,91.58234816182984,97.9142407787558,81.01674505522308,61.11930919974118,52.69000108500107,51.36565770320057,40.371688204423876,34.31522738194256,37.6787749302181,41.252924627093236,48.45968088576946,64.1467301916162,83.94314745559171,93.11237072151167,95.15303152452164,98.29184652212899,88.49108835576475,74.18037560907443,62.44304030629205
2025-08-29,48.52690289847037,39.123863292795164,32.922849931767104,35.97793188685101,42.1058020651201,53.229362100011,58.867511655651384,44.86182005814135,29.283099266988444,22.414255442899133,17.094458417477682,12.980169326135268,9.600778762494002,9.056747456446914,13.04144459805957,21.875564771726744,42.839635161046715,69.76593513319222,74.29475494956048,80.19794030244734,82.81506726911172,76.52887164727588,59.63293219828937,47.14381194315672
2025-08-30,48.45479641846802,40.02458022211796,36.285008023618104,40.53646552780319,45.0629140442728,44.58376598404361,49.6097554889196,41.308919651612854,26.974203910149896,18.00027572417821,12.527096835198222,9.631853844071372,6.037052617058208,10.04654716829188,17.008363774223,26.933087389477265,44.405886303771155,69.84189271238307,77.21682980087843,82.23210926637083,82.97514422232238,75.08308471506402,64.33216397273758,54.495324140608446
2025-08-31,34.46775994263271,25.429807593553107,18.172946998958352,21.991332926479515,27.193213348433943,26.91246936391522,26.901684226527834,20.02068512321867,8.533041123366502,1.9808538242157283,-0.3866114963440168,-6.087141474552624,-9.095191778008143,-5.047208848464322,7.991531002434471,21.58704727966122,43.874804968298776,73.20828475251056,82.46396435201603,86.17339425148596,89.11837366886989,79.47351236569624,64.671318116656,58.2465955917813
2025-09-01,42.04902707675241,34.17150142422152,27.66126483179069,38.61448390182046,51.06700810108224,67.8315659042454,75.82309409174042,60.641810469504634,42.500067511984554,32.49014304977817,31.4492341929608,20.459371069159943,16.656821439538305,19.05742450800338,21.599884179072887,30.1090257011098,51.95865558314196,81.4507391860972,80.7301387557583,82.99980872340468,83.01330679771179,67.63699018783748,58.513866100056546,47.37009023450146
2025-09-02,31.94640518417812,22.71860266376524,16.26283938455336,26.003456956985943,34.197425823607105,46.4003561028197,54.09331481445176,37.54998616583035,16.568942555293603,8.723944220312745,2.2818881984114228,-2.5732759998019787,-6.882226204092007,-4.942334716024192,-0.597019361534791,7.384478890960054,23.840156478890236,47.66467525094461,53.40492061585584,54.982979831973665,60.385634885123466,47.244835767869944,34.817151707645195,22.529157808326772
2025-09-03,13.740336197077028,6.9541306949136015,6.331863591647846,10.60016544157132,18.690541799240094,32.38528639625187,42.09511877632187,29.060011317851718,14.202043458006557,9.682718269951664,5.695072218893841,5.84559075459569,1.7502004173720422,0.9555417134213258,3.0060795301324674,11.755618977831602,29.622464508476952,54.056660452525904,57.11276776642518,58.40255006286685,58.250636036567215,50.67043843152004,39.04635422256493,28.613463006784357
2025-09-04,24.95374302080782,19.60035345979003,15.168534438466935,21.77705147265945,35.25528198337028,52.039130810290146,60.20335493242952,49.74195302387761,28.0743734375678,21.781322845534334,16.56711832819684,11.839625871234716,7.637961395968773,14.348987344725174,18.846979728878893,29.479774780890494,47.95773937383663,69.32974492671951,75.96725911502645,82.37949739502494,79.08230720093243,69.73671399846009,61.37993809057454,54.400348797871004
2025-09-05,43.03596541794235,37.14353715036013,35.826560273920634,41.257770315390204,54.5764715322433,73.68836667862566,71.81343873800992,49.685857117485256,28.66819755496391,21.49453212591237,16.648126013159015,4.387080675846306,2.988184683205219,6.778741119655763,13.989138394828188,31.985072838055743,51.16773986369779,73.50302688273595,80.69791862608037,86.00388531906695,87.03433018856599,74.73632129178911,63.01323691235012,52.76953282594468
2025-09-06,51.754407296904645,41.70321117503897,33.22656971519237,37.61911594322086,41.58315493240602,46.12918811297487,46.132669951324345,36.26310206755508,20.75231486850882,10.64940785172223,3.6063771819302133,-2.926481927377182,-7.316495501293701,-1.1859230190795245,8.193199773871214,15.411337242302608,31.058527830413283,49.47821558754089,54.925420865119975,54.72655124348742,61.90398542242505,51.95284151751832,42.39761077155666,27.753477233787777
2025-09-07,13.922994977297435,7.007511916580597,2.182542427013985,5.1049115617225596,8.836169361682181,9.247650348721749,7.920050337064282,-0.6308959029095149,-5.514743337902843,-7.006544915853368,-9.955043552133958,-13.648936958054804,-14.925243286933409,-13.777423722272658,-2.635997158914421,11.591852814502602,32.53280688252667,60.41334854205985,69.08347622881351,69.22399456024951,76.1229903816192,66.86323346442164,51.229513359623596,41.69489082244435
2025-09-08,45.301247575363575,40.513955290751554,38.07971113706671,46.34271965017895,59.96348882916233,81.50526436754642,86.49906477137831,72.66579499479526,54.94043894604087,43.64728972750814,41.52882887268581,31.704222623068432,28.11546952682079,31.489663164290576,39.292955186600864,54.034387221928924,73.67942089337807,98.65783736165872,105.47018200072597,101.32424392679539,98.06406143956842,81.54785835469495,75.33428319000372,63.9499880191283
2025-09-09,56.44174659704632,50.32827167114944,44.037480336057556,53.05681374155105,65.65292658105929,88.21794708703004,95.06568053707822,76.30244123729435,58.03158362206658,49.82098695158125,42.77025843987005,30.60063126957104,25.489213911876092,30.378405367908655,35.926470658607045,44.92264981590333,70.97893250559792,96.31973136384525,100.56881102538296,95.2470453735025,91.96657432179326,79.18723900990653,71.79295324708659,62.26383642384019
2025-09-10,44.213218476425226,36.092268602386696,34.056295850515525,41.60573181985808,54.598370156912466,74.6624669014798,78.8111207987812,63.13157247725232,46.762865595150686,42.293972241609566,35.741093768013855,30.745966917417462,25.51510615696108,27.454803726255165,32.5564031271649,39.78184753459698,56.774072289735756,74.88461919496939,73.36414133865858,70.89429975809952,71.16537261527111,60.90315048545877,51.716032782632965,40.10197157133709
2025-09-11,3.52331007874119,-4.334563144990284,-9.407156895475296,-3.7698612551235726,5.989266430512174,22.60539886479853,31.021667605544877,22.08350387877283,5.368082225596567,1.8218039248922935,-5.558599603368322,-8.292493538827443,-11.325816585627763,-9.944103878844999,-7.797019075660046,-2.3453548746671515,18.873277935366872,34.57319751505514,36.35045308882388,36.51042748771877,41.2214857916027,35.39625856124502,20.804753796863196,6.161196091204346
2025-09-12,10.774372631348967,6.25517302947361,2.502850208362659,6.624157204109224,20.516901156431828,37.245262241952275,41.9440574246519,26.833706148938717,7.609561872862997,-1.4540453720307482,-4.424368835488082,-7.990649567339943,-8.207306377419258,-5.611188386318247,-3.8122703822874087,7.0347127069343856,29.17593829865666,59.9280861537849,61.603341571669546,63.34259555663277,64.27787540571305,53.86050637078651,42.810257531293914,34.02993123191381
2025-09-13,18.05049050248236,12.360713107549927,7.476095329876344,12.224496802393247,19.556653333126178,22.143793155234192,23.036646859095526,12.488635481409034,1.0315785291118118,-6.939593992580626,-14.736244235853007,-16.120684879618807,-16.591768726707443,-11.335770471547818,-5.301991291494517,2.806675963202906,15.966579203640606,37.77586732077171,43.347287944666704,45.61527773248093,53.672307741075116,40.70762823630028,33.409123513396736,24.622496848687646
2025-09-14,36.46141165701407,26.471999048055878,20.99941906116524,24.365547323655832,29.315651740563013,33.05768795430873,35.11215799404141,27.03085992772202,22.67724499626354,20.76422099642207,17.38925322256236,12.914262887370853,9.056198146693362,9.461668739213337,14.396307992128385,12.74008612361331,21.918628655162564,46.65056839097639,47.157994968879365,44.7161253839391,49.54799053386316,40.572661503134725,24.576429002805526,13.657879193972576
2025-09-15,33.19664955168659,26.251949065980398,25.872316347904643,30.10840322130636,39.64900485835625,52.700612883340824,64.12839300906796,59.82663654259852,48.99518493810271,43.165433106197156,43.05426000803402,37.116747534865624,34.9442518587565,32.40333078533652,32.064688799049634,40.86468772399593,64.23519726480376,91.45155554743656,91.07479460775949,70.8600380004689,71.5780294162862,65.7203364780384,43.79180600409234,33.160547821341225
2025-09-16,16.375014457743504,15.71882099525402,11.21671873805792,18.141169582702304,37.59888327849026,56.56559268365524,67.36727938369775,58.67078389783407,43.43541540964739,39.68062716537165,33.04805821434232,30.816376686945233,30.111494333018584,35.133646837749836,38.021012500296735,48.14884457554774,72.13748900503612,101.42641706279117,105.1066995432331,97.54718241373502,85.37946273296347,78.88928166912444,72.78091173613049,68.3355355569227
2025-09-17,50.03902942959384,42.699972101578524,39.38951639330628,47.190562896865046,64.07931715692966,78.7164493548248,83.86484611883606,65.92502209557745,45.06421574287273,31.863992447545115,28.981673368141173,21.01714551243333,19.307185125308223,22.295209949341483,23.567531509353728,38.16542203261574,54.41872451206123,85.34465353729559,91.05224641765557,89.38848329349754,84.90473719048468,71.69423225386535,65.52500902729378,52.339562698344196
2025-09-18,46.9401556992095,38.732069668580536,36.28515804686617,43.95195870800741,58.44954924028305,80.37278981339016,81.41450044800001,62.28082121626204,40.26733538055265,29.647551640274372,23.36181489011318,13.064734967123172,11.483322640711208,15.04099820673818,23.51406588307907,38.37646846830987,60.27219738970061,84.0624656575988,98.49886419103282,94.28538896964446,98.42802838957273,83.2227687224213,64.91804819819242,51.29039218346212
2025-09-19,50.262551440010284,40.44611406715016,36.00628783542726,43.523874683104324,56.84813159481081,80.39533682907154,81.74364769073105,59.80870677925171,39.017876321831665,25.585868471990125,18.870824246059357,9.535971466894779,8.86954810984065,13.889898662618066,20.831647994080384,38.51920381035478,57.02071600927698,80.19486171929725,84.6321175598417,79.05167062183855,78.1204619931132,69.34491150291643,54.04125035322694,41.39112377346619
2025-09-20,27.58937473207591,17.234151533678244,11.389581050549694,13.072072764223009,19.042988028573774,21.068859609925255,23.872489150674397,10.298230457835189,-2.62041478143135,-13.032731394756212,-22.0465755512775,-22.819910650856826,-24.742258663895115,-20.936940680330338,-11.224098100296715,-1.086222053386109,19.91953332536127,39.66907364149927,46.50978077120206,44.587943544498614,53.02019948837784,46.342657896046745,31.800397301242356,18.068418427652006
2025-09-21,48.13678533866363,36.068423005304425,34.03216511588461,40.81170053414874,51.32047119359959,62.83318590066634,65.85900254244899,62.623905687284946,50.679353008453916,43.034010670144,36.40574564720387,31.597366997447722,26.4120058254384,33.49371411807775,42.1376850297697,51.45135386226178,77.07170499262483,101.07495944389231,110.20045627115528,97.26834987967595,97.97096356616103,86.1271599880289,74.39753798493766,70.03042168453484
2025-09-22,52.59632408093465,44.974373760228545,40.54287795692491,45.466864972906805,59.837098376575184,85.05728921944115,96.03656203365286,84.74128441011833,72.7265427841735,68.72470294159801,61.504767564946846,55.97320456127066,51.90051015106768,54.85754286782647,55.3786520137857,56.33824455994811,73.54606596550887,97.9053807146531,97.20262265633956,86.24224941730976,87.62394978148178,76.37551010876719,64.60337047038395,52.212417560879445
2025-09-23,13.400807022768788,11.991449459155177,9.90911184128798,16.375214771368377,32.37778857335836,47.44606773408849,52.47574054110905,37.96677482216276,20.413733309154082,16.01070263152522,8.588082050718555,2.3298946731484307,-0.7624673886381572,-1.7084539613429115,7.669306719639934,17.716994887210546,35.89489420807769,54.619063587581394,58.155210026896356,57.10694168807029,56.611872350432236,46.037070199387585,33.50405646930963,23.481663707556734
2025-09-24,16.41693259409368,6.246451435129018,2.829648708594604,11.595480062074927,32.220449327687874,52.48612594988546,60.61733212571289,46.5901978107178,22.38290794875988,13.22896794189188,9.085078023290066,3.8774178790452254,1.7547623955668996,4.639781959694801,11.608887392879552,24.47403618159487,48.858670419252036,74.04650039766597,74.62828322136292,72.98412778225332,72.7785092886622,61.551783905928886,49.41118631838171,38.935694177760695
2025-09-25,47.81651761495222,37.67736466346604,31.987129717753604,40.75032364938811,60.23039834998089,80.9445125722516,90.8212545098988,78.07484333567966,51.78370343402912,38.960313235061165,38.97902214068088,26.46137733652185,23.012577002891646,26.628671308152306,35.70212160806234,48.85687557901909,71.84360910040476,97.12672546630972,100.42955935801521,96.06307359983752,95.07342804653278,82.93018136964234,69.62713917097662,58.938139051184976
2025-09-26,68.84842189751382,61.57646025712607,55.267443362706246,62.846274431947634,79.18638669146068,102.87544953241368,109.51394469155055,95.95588870586086,79.1546255793995,62.7562249756683,59.727472716358974,45.869914666765325,45.66494390821646,48.191348863300135,54.51355179760128,71.0226241648642,92.63495896057862,116.27485558583068,118.84369093026092,107.24565021926195,102.45009242299868,94.41092126720228,82.91268505497548,75.37544796297671
2025-09-27,73.19981003794122,64.43496100671126,57.09967507789523,60.25465053311214,70.75182199534063,84.39857209772374,85.49829436538458,72.79212069684202,59.13329629831888,45.800087826421745,39.26484072853111,25.04566221387327,23.78889173801788,27.899281863151174,36.276528653581565,53.78780294296239,78.47330450733885,101.20772140065016,104.34358190005128,91.21479815797964,93.48995336577185,85.91104574459509,78.861633240034,67.79416673523008
2025-09-28,58.329018691856604,47.769705487255436,40.6847942352958,41.324416696152426,47.38715441035933,56.288051333577,57.689362104348035,43.8279655048421,31.228897086523546,20.692866277097664,18.34257314485572,9.576508585347057,6.629136155880985,10.575296825160677,25.436135631101052,42.40264910798939,70.53976234381796,91.7150625733518,100.48530728746965,89.13267437198029,87.50079487479623,79.60553075172446,71.68790597119697,62.49841600708112
2025-09-29,56.493433313309126,49.20863741389407,46.305120347119555,55.81704411382562,67.59471722422867,95.42001376239368,102.8654029645733,84.45998800408155,64.81316236551191,51.827447462767694,46.37950464348931,38.674255830967766,35.27938369660738,36.02952848876514,38.905892624760895,52.15295584982523,76.65327957278491,101.87539943042653,109.27328867440816,94.68293424114452,92.32333645879494,80.31439266537545,69.49514473571709,58.26539737421285
2025-09-30,54.37364597073369,46.098399188742945,39.604529473549846,50.54234525459822,65.41147680431365,90.16571094064585,98.25510601968634,80.55878391416752,58.69238861758208,43.49508006393987,35.944222305538744,24.919402836845734,23.185781978828857,24.00832746629797,31.164497891084608,47.537075656185635,72.30747279323458,94.78276826498164,103.33364435250812,91.29730100861275,87.30505572024401,77.39985525812662,67.70248783889618,55.90950610802503
2025-10-01,62.06623400006353,51.70905611814128,46.070394255730776,54.16768380526672,73.4480129116764,96.96065015118658,104.06021137228602,83.80425071329066,59.41149701382382,41.269637650345715,38.35555885804101,28.60830055881408,27.43232865611212,27.71775272374464,33.685438015152826,54.317410606327655,81.42326164892589,107.32352633242726,111.30442798194842,97.98796376855242,88.69032808192728,83.23907329261125,71.96096505126174,62.06480904688134
2025-10-02,65.53324792092927,53.4823012696077,47.82138515362445,58.097692295320016,72.99810809988585,97.77216385536367,107.87043135569796,92.78681727055888,64.16553402419545,44.601590853947954,41.66851899095221,31.120509104771884,29.544833295743587,34.06536301246095,40.89491395785423,55.31753740555243,78.2248995125291,100.16279357952062,110.4917595041898,96.34941419680011,87.8017113357608,81.16431744834661,68.46734003152488,59.40014418563271
2025-10-03,59.125528712434644,43.879439946299684,41.717718260198325,49.309707672986136,59.92186521699509,85.86413570054765,100.68567593004929,93.83485900075455,69.14234063834112,53.02691341640757,42.83926856085134,36.331876274443786,32.502746200970535,37.51591111395325,37.33911333139447,42.64864353157668,57.20287215454789,78.05842383081804,79.34318803575238,64.41942022270445,56.76429702101615,53.61942859640706,33.91492263233451,25.49180143618399
2025-10-04,32.78294049214176,26.340861370880532,25.512558054620342,24.33289652783901,27.35234204171023,37.634493925223495,51.977143374433155,51.15959915886097,45.71858274191982,38.89272787643583,35.323573930634325,32.433737403412835,30.617564948936092,26.873630220220477,30.18944326949496,41.358752662783274,61.72502773364897,81.56293887707889,79.88422843402847,60.429460920807145,60.295829022123456,58.44727274770791,39.140592319472006,28.87185039029582
2025-10-05,24.32188924411308,22.142794499108888,17.88505134285616,23.092991049014614,34.51484837547892,47.632558363495704,56.98634193602837,53.86903196878325,44.870399371748334,44.771200331526416,43.554260614889,37.40371058391884,34.9159163759943,41.080264122175535,41.09794367623549,51.78577254856047,73.59400376655246,111.24893284945769,106.71295122432313,94.18164144245944,88.26205573343712,82.47964340267552,78.91245215825255,75.48315466863234
2025-10-06,40.12352807466988,29.73697250522332,27.733603727111017,39.71259721125651,62.85300627835751,83.68632115512514,97.79556697849821,87.38150318864004,62.93993491524785,50.10895422182621,50.24205445394415,37.80260587419346,33.134490047762,34.32033837302883,39.40916687476104,53.95105362594481,78.29525839764446,110.53431127491373,115.95792942207444,104.01293832279542,98.59622153531114,86.78365965630198,77.48468652272703,67.61849211327998
2025-10-07,72.2161295999538,61.79609126501822,54.69439349508514,63.21620769894473,81.11015671081816,103.6290657185492,118.00516699861838,107.42237597429535,86.32044467153489,67.78699207453613,60.80476795779009,48.25763908695704,47.74603322361483,48.95355234306052,56.32918284741979,69.76081222222322,94.82800730948478,123.62875798040271,127.52438820955751,110.93064303954944,101.17719061971165,90.94051900731326,84.9381065088272,76.33501409578733
2025-10-08,84.03444951733573,74.23261611583453,67.10325086707789,73.35886434199367,91.83300116229577,113.41596959234536,124.81571556290959,113.37062194938832,94.06006200678232,76.8060206866082,71.93553906132775,59.843079251623834,58.63438312777956,60.224292475875416,65.91060546008104,79.98175598498875,101.97388037807553,129.3841516317814,129.83239365844918,114.04939314579133,100.49953532020774,94.41524025433554,87.26285289659435,79.49732646214642
2025-10-09,81.04041443758265,70.92550507130376,63.27795340614588,73.06282695950277,88.19496467788076,110.59981652762583,124.12188606268985,114.022073938431,94.93454167074341,79.23987865074126,75.36417128758391,63.318313511421266,61.31601722304514,62.089751256991875,64.8563963684223,76.43291280494397,97.09444891147581,119.13581362771934,125.66022472269795,111.08742042967151,97.39656982173288,94.84343020783787,86.32880161570026,78.32222042659943
2025-10-10,85.85076731392003,77.00204616209176,70.49468472642654,80.48652389730744,96.33156988485715,122.9937685468625,135.16963193372,121.10877108980141,100.96959915389714,85.97983985244899,76.88250748014535,65.78633216537713,63.54506238606943,64.3061999624303,63.99921897895693,81.1884927391577,104.80857178339535,126.00009722195519,133.00743739807814,111.23225458377284,105.74294977641436,102.18083777638113,90.34336526377,83.63520730719473
2025-10-11,79.34675748601619,73.33951901014774,71.6570796943269,71.34212803765615,82.87009045844651,91.72102344822292,100.33747649411129,95.56955128507528,86.23650318008723,73.52755257123968,63.95497118790868,56.70948873289419,54.400121034990576,59.330830107274835,62.760280921592,77.46438072621848,94.38021206904432,113.78222184198327,116.4599986079418,103.63121839156761,107.9746699681227,99.8235537808444,87.97872262222836,78.1927981253989
2025-10-12,61.28968560238866,46.05472042695004,39.11105624578178,42.96610782564724,47.74309310687579,53.55559639840783,54.1312252880156,38.737992678493214,24.89707221652074,12.088145104420988,7.047980911081709,-1.0394531175337818,-3.2097969199626277,0.21055908826099312,8.152548370877696,23.40230581063517,48.44529466496567,77.34787732992123,87.72907526038404,81.48950670182835,78.55211327602439,74.24999717347511,60.32699063190108,52.256017829596544
2025-10-13,59.63839042836588,46.344537295949024,40.49532771115571,52.60278150145615,72.22393926253665,96.27448610344665,114.74897283471428,101.9637557764053,74.92883750601182,57.06261484273065,50.45749733362439,41.61047494300608,37.02196888662294,37.862761623735096,40.14863291223405,55.33731054476682,81.80805237318701,112.71506892383258,121.54696780427312,106.5554851565593,89.82119421879091,86.94212213818051,74.52474918640557,64.93616932359178
2025-10-14,70.21407597658082,59.56145167005164,50.72275102618032,60.94238152671144,82.58669604950974,104.12014366299611,121.03044468008935,110.16926517715608,81.80250697127782,63.4313833741045,55.146231682211024,47.22536350422813,43.929065560650216,43.905187340489505,48.69489256792595,64.06890761590493,89.98809075370606,119.41931427423809,126.66673055763808,110.07641559598282,96.60529611845452,92.05751749543717,82.90551778964023,75.63507736165413
2025-10-15,80.54572373145436,68.98455122279046,62.62161928584542,72.06481328296434,92.52574740529283,115.48644365362094,135.20530338385151,121.0958722452221,92.69177239836722,75.19796582296209,67.2619528464057,58.96163235041524,55.50930340415741,55.94249550135305,59.57949729796846,76.48272729394952,101.70527258913651,131.70115017478747,134.2267768577103,114.61781061511778,99.8563721005103,94.08955556651713,85.63416944650098,80.45589849237649
2025-10-16,78.17520406984235,65.48103141895565,58.49339579883882,69.75938614744459,88.30393732171063,112.43119160004238,131.2009311779077,121.56326779023365,92.88990294376629,73.62501788383416,67.87252819989241,58.126361129280625,54.74301464553376,55.02434566601987,60.87883915008746,76.53703087846478,100.7242482138778,125.85254617970408,133.35482703932954,113.5744182469082,101.65673677620168,95.97987397294453,85.06851559626949,79.07009031097274
2025-10-17,83.12944656728493,73.02250051605489,64.0855064177291,75.61954198502039,94.29527862855,118.55258992771346,137.46576686843687,126.80639923942513,99.32267710177655,80.87264873172856,71.31987948568377,59.75380409769559,58.73986689816343,58.634199578202285,63.99549063322462,80.64371306510728,102.2824266812271,128.17010872896302,133.60146373907452,112.7083055725509,97.44267040734488,98.280156733397,88.47420796597709,84.24538276817117
2025-10-18,84.96751862017025,72.85689803273439,63.337849480147824,67.73126700545784,76.57315674629443,83.01020432480261,94.65410929371087,89.45546295023756,67.31498295723965,45.60019394630791,37.524409276455714,28.44891038250171,24.89328204735419,27.508761490612628,39.877229723067856,56.23132969546053,84.86875359010357,107.7006276261457,111.46865225726967,94.13926692559136,85.43130825002693,85.1513448627672,77.14279426984429,73.1064204186171
2025-10-19,68.80112178858526,52.555618155896084,42.03582476080945,42.45469937011276,46.562409587770034,52.00665296532368,61.67137908531372,54.05753797408954,41.174171347042574,27.50271913285522,21.28199096552038,16.851201988766547,9.129826867349237,10.931217308832458,17.736154748308905,24.27649735382883,47.02334511049952,71.93339922583101,76.85890934125788,64.83227927967471,56.56389444128902,56.992384814364286,39.101844796654106,34.86227552055817
2025-10-20,26.98763288260524,16.322370676244972,13.96977355393804,16.067736317392118,36.14416178546651,51.976205489620156,74.55373010621112,70.74600542590083,54.73759221889232,43.489003698899,39.897491824807986,35.556457990561185,29.849781055744245,27.64069347030437,26.572960523142257,35.37777501472584,58.25549003337102,81.07153658561447,81.38909221165875,62.12369245899052,54.19641369834855,48.850807395032604,31.59403359536961,26.381587510623774
2025-10-21,13.684712741824882,9.100640965385026,4.479105530270203,10.65437424970051,32.243957772460064,61.76742215490728,81.51476073435518,81.34959204444442,62.83585089325433,53.52612414406153,47.697169580643646,42.39296990810817,40.64576873790077,45.939010480781576,50.06256803077632,64.84652420011193,99.04903197256056,120.11029589328825,119.66165342315259,100.22556540729369,88.57623876758123,83.90537498789683,74.31898716041081,73.60248052310853
2025-10-22,71.24312118783332,57.972693324885626,53.861510421640276,57.227612310610056,78.89069185385907,106.47505586842094,125.02743649539413,126.63050697369515,108.22608257043721,89.61387813247693,88.09137900948953,79.13185964461569,72.66642433808661,74.59340743394475,81.41082888970143,91.01856858396965,107.64011832434504,129.62511578789497,110.49199649254079,88.29102372702583,72.94660598442628,68.74771384489506,56.28639657218632,52.34868038491797
2025-10-23,56.553176830921146,46.11004981403312,43.127909541957095,42.931553007165945,53.6404205950366,74.48323674398443,92.27478653892446,93.66775795486944,86.62336263990007,76.57123511177132,72.44319069819997,64.65492418124569,60.23271640673491,61.80515603514513,61.652669497536905,74.3158228434648,97.14276006074824,111.92096483018786,107.92340625778937,88.67089588994276,79.77409787546405,74.89261380627973,54.09609186736104,40.665713428434
2025-10-24,21.921132188155497,15.590362522825927,13.304891428547236,16.016340653973018,31.114298552361774,55.47034147802083,81.7135685884021,77.70566415357544,62.30650054983677,53.42797142944386,48.72773236726562,43.913762469545816,41.00878690507123,44.659468321310015,47.54939075878157,55.128801916512955,79.43652123983945,105.96358803924011,106.33129215733686,88.30140167102907,75.40752379254432,72.28691354520356,62.35537723729918,60.78091292795507
2025-10-25,6.281078083844818,-1.285218341967294,-3.5877200494663555,-3.3372981473659706,3.003841001890521,19.588008428064626,40.51560804224391,39.61605089613926,27.699248557404246,17.256544682542597,12.897576114401602,11.20405517699669,5.545364692362881,7.931750556877461,13.074643774396549,23.62510881597538,48.428339122386774,77.73133659028736,68.3273996184848,51.34599451818812,45.498956241430164,42.88206571165685,33.62746946916553,34.38063682448063
2025-10-26,28.586136271836466,18.17055686178486,12.818144867696887,14.295048936045589,25.78237573257539,37.331727168288666,48.43121538414806,43.293775017751756,36.49081842183108,27.309659912983847,26.308391498873846,19.481529812003174,12.818539151124497,17.581185373812502,19.96754598495977,25.69788137641649,40.05069476654225,68.70740706734398,65.5763909630094,58.07966304751335,53.27984454967756,46.21918354627735,37.49931765016265,33.296735723461666
2025-10-27,41.399823454466755,31.083681222772128,24.176226138605855,27.86999680856482,41.44208720850398,56.98422175035705,78.98087061888936,74.36675351753418,63.56585436695954,54.29098037724319,49.54539525321954,46.59462414596601,42.90399479602641,42.781339944303554,43.931318287690615,53.09401585934771,76.16626990641046,95.70795246064779,98.56973095305523,87.71660921472242,78.84991842193082,73.35188670699421,61.28999403287301,51.5422256895569
2025-10-28,41.08399877184331,36.78872675312343,29.499153315372098,33.87668963442455,48.409326860553136,69.82926273998923,86.75305286471811,78.0680544307872,69.27395863505446,58.88503376672598,52.54370790757558,44.911843990434974,41.093447644837894,44.32212248145676,49.72886974475635,66.75631307336559,90.07712670900847,114.16409358300965,114.15014251588595,103.23523156122761,86.04093205677941,79.87920121081503,77.47270036720106,70.8254234728098
2025-10-29,66.27492947036306,56.23626186858334,52.36893414446628,57.51641532405145,72.9002038948353,91.68240388993183,112.67612291435373,114.96039907321656,103.47564939912087,88.90917015845898,81.1553788090047,74.06103534022927,71.01745952767436,74.28346809630571,81.21401349335494,91.04498092485323,107.97751546604175,130.4706773122682,125.90694461046516,103.8410623698687,91.13507813960629,80.7904797120832,71.34262554942576,66.34511523729651
2025-10-30,71.10572384563932,65.36860803957231,62.29791908051586,62.769713646319815,73.43901184020523,86.38219271699727,102.68869002535946,105.54146104875356,95.61585225818509,88.67505249789954,78.67930632569399,73.68872317695092,70.75492889085051,74.94313340626657,77.24348906795358,86.19210722257851,101.35028307213334,113.74693103459988,110.46906732898198,100.80704603656852,98.39177273273368,94.14547223191617,81.73851427181002,70.62240081742107
2025-10-31,40.887330271717474,31.996698488839712,25.209237338992423,24.946798829367765,36.58209887354367,56.08093340028111,74.58547480169403,77.67101427109478,70.42236418879155,60.696435500386656,50.59486990423649,46.01210360525505,40.10915064420057,44.013400364051506,42.04592847050348,49.05314843893689,63.43670969063896,78.92881838998639,73.45687036471753,59.191370348174615,48.34289773339955,46.01418058168349,33.69381312796088,25.208428353522336
2025-11-01,9.598929929713591,4.231600760438425,0.6004245082261974,-2.7092544085647887,3.268946811625227,4.606326782205059,16.475223472220108,20.98122164874988,20.53265319887373,12.751182183008979,5.916930681129713,2.804088843384733,-0.2236329914500459,-0.3021527080901478,5.869243678216094,19.723181091320527,42.900582770573436,65.4561134581379,60.998808921902366,45.912233673779554,39.98388051911496,37.462741725101665,29.054348963094185,21.624677779419244
2025-11-02,26.226977269135062,17.635081266955467,9.00463235686587,11.272577197714156,19.987144520965828,31.891837845958037,37.61031789179185,32.187702217045626,27.410647942000026,17.67043769805099,15.695726753688035,7.521623704542293,3.070743260198043,4.494976325442167,9.773302395540014,19.008382355062793,32.49885220012783,65.69881771500908,71.73838780103077,66.1771188351558,53.673257484534474,47.52471062240065,43.26346496336994,36.60439616692261
2025-11-03,43.06251840600147,35.10033995524559,32.934836642856055,36.48373266152525,48.59261938987663,68.95076645422255,82.27563576919341,75.54870846007229,61.27828612965912,53.25526025526095,45.522183855880385,37.45402640269569,34.08288876309216,35.75715720803841,39.91341517535143,49.977406176419834,61.60404810122182,86.6842012839864,87.99013371997191,77.8309912245229,67.92776075429082,64.14575876602568,54.51231605730159,46.12713713480295
2025-11-04,32.60358756409262,22.254679841561213,14.947370574745165,17.593335025391,29.71004551830218,45.89990579691181,64.17446220864812,62.64250753663649,48.37177948715936,34.940664463874526,28.144579207672678,23.174868041889,15.364076811739352,15.688069102938016,20.158759993460166,23.619954354604374,39.96209646147423,62.83941420795321,62.4831006218802,48.42289828138959,39.51217640290875,33.8231172726822,22.15020583035465,15.089081311614052
2025-11-05,-5.692643084622148,-11.809596793372691,-12.440711377834376,-13.584650150590505,-5.566013267532412,8.925130720075089,29.89453500711508,32.10422888039332,20.76775601153051,10.967531642136692,6.735047167204812,5.324132930672249,3.5844300171155794,2.961626847753621,8.051991491519118,13.858699131422526,30.850374756765092,54.093603620452285,55.01669538685644,35.20660536941142,24.729328956668382,20.42712603777818,9.874419902833381,3.590324408043301
2025-11-06,15.932981833760763,9.93468779500293,6.229842950494671,8.5414473109861,25.25776834197356,49.70404443826558,69.33069815952936,79.52115572760474,69.29455196923959,56.081656986491495,51.428111155870056,44.972153703816474,42.508053738359564,46.44165981523078,56.945243067275726,68.64765834379224,85.7923129633727,108.41082285101055,108.0746761951782,88.48775562152309,74.75777938832456,70.69862553756067,66.54474146283398,62.42783604835722
2025-11-07,60.91210320809493,57.30459837172704,50.36190041994017,50.34997033070735,57.5851035828685,78.78948947195961,90.54467464535968,90.50076332564437,80.1549491298321,69.5112067608462,63.44748459525158,54.62121469903795,54.18557731346661,56.52179935271843,60.54280045939946,68.2729002174733,80.78497463299068,100.32930404020918,100.34753091979113,86.72157566326158,81.11571030321329,75.75061690557034,68.298368202035,60.98394143614372
2025-11-08,73.41538539481145,65.90131990858842,59.829582331585115,58.81169546383684,70.23516945884285,78.6407114263967,85.17653604843602,90.38936903038365,79.97493444677585,66.85669037018599,61.753476389650075,53.04591523844627,51.28289020103753,54.14107930398299,64.75281561010144,76.10513928921742,91.8671193953574,111.25540637061081,104.21401547145646,93.84309879954125,93.09887959031678,89.66125748358974,81.78311329224499,74.60079485700984
2025-11-09,65.30709976738005,55.48029569142598,43.42629711848063,45.28433716950245,45.42665305553433,58.39208770448094,64.31776639592556,61.07027260458452,54.60776676630525,48.94000972078776,45.53490621186444,37.68605429508851,35.945113036468314,37.20371162947853,38.87434984290891,45.287809833590615,65.39268054020238,94.3903249360094,92.54174559571545,83.80649344798621,79.17897671308809,76.13451565325305,69.56227749592225,64.95412525411673
2025-11-10,52.82855615250901,44.470054093829745,37.478142310672794,39.427009924820396,45.37823555111257,67.6308098661049,87.80206126784965,89.93113790246412,79.73138320758193,66.63464346870045,60.54020809677159,56.1149827675527,49.428466813843045,47.22031827866357,50.67749880116149,53.27529357603261,71.89665654574932,94.18233173881892,95.86133643101275,78.02936049774627,67.00267224657061,65.245823905399,58.21231128638907,50.99103453453897
2025-11-11,37.71008950691538,28.278623191748437,21.478806491710912,20.75452506527806,26.573056968783987,36.35881186722702,49.11414872391484,56.32086356658172,52.431020827701005,39.23412042353087,31.76528976413846,28.854693714246707,20.856314690411125,22.49754435663465,26.194326803636756,26.79790467007291,42.26046308935102,57.112016262637724,62.80141212663861,48.564914125697186,40.826153242417035,34.52881688754232,29.398522969162627,21.989810865320706
2025-11-12,18.920203441608038,12.094159143386761,4.806419662393239,6.505821888001805,19.77643444116275,31.413393712642346,50.42383247525302,58.184891887463294,54.77729026834396,44.42442880770619,35.237646329195144,31.99451123769805,29.06138990081125,28.631330433250298,28.112068144291158,33.4067336891367,49.87556788655692,71.68734260113828,71.72527996106473,55.482590160192785,40.77199943627417,36.03955129752404,26.331174460842846,18.105663884887775
2025-11-13,-1.2912961758131587,-7.2327552195890235,-9.790083518647165,-10.41420705567711,0.3183536785787737,22.272939927300968,41.26309537085157,50.29430699500196,42.97911318215375,31.886792539207704,28.663713475995536,23.604464960642446,25.232490075016045,26.472161796727164,28.233539915307716,39.50528268753149,58.05486413520782,77.54463637824972,77.54476256883265,57.560716090078074,45.427631946814074,42.340958470034536,33.80751876497027,29.527406416188597
2025-11-14,12.471424567684721,6.449991829372692,-0.613580618251305,-1.3739522535975937,2.129433613341007,17.57752058909898,34.04121439824834,35.78734663893266,21.922252773673875,13.93128143750235,5.3037824884686415,3.6666553665417325,2.4455136336837597,4.0491345833036405,3.922152761799282,12.859626619776122,26.202142062745992,54.5165319058361,52.84239820739589,37.23757859114005,30.761822916880277,29.718413753901558,23.797465274872337,19.69266213818827
2025-11-15,45.32933180303277,40.44523513381738,34.94138460070839,38.627454128187864,47.179625340701975,60.01284961475457,71.064141993935,78.59594881014041,70.59449282926863,57.82877209352955,54.909473162068,49.84440584404081,49.634225892223114,51.53051661366452,59.26361899308591,67.71828742529195,84.6035845392014,112.69124871963,112.63819865094439,92.93214366729826,89.61034961760609,86.64687316529759,80.33166149352081,75.75304429172172
2025-11-16,50.700909517223366,47.34292275089582,38.42011539359605,37.40384787355988,37.025006310579684,45.69782249639336,54.95970903179463,57.14113443818775,53.779699989883014,44.718247706348095,45.494816177128214,40.38187650213685,38.50618009753383,34.39070399040126,39.06927463552064,43.603914383069025,59.05664561513731,87.77357047492788,86.95593682145221,75.53460630248459,71.20362012464939,67.35775675790684,60.5235750629362,56.37387814362599
2025-11-17,51.62967787207701,48.26229953466692,39.26615635821969,39.8028620815941,44.82242874865889,66.45287672419664,86.31458528795172,86.18047346781486,78.04442939136555,65.85490948330917,60.67585071575212,56.18709186980111,50.36012274837678,48.034523852021024,49.38309251534278,55.214544569251245,76.09572892166233,100.47604857231424,108.00319542009281,90.17763639695278,85.84072785944197,81.70972416811158,71.42912351155142,65.2012328200024
2025-11-18,80.72408387998605,73.97423692500365,71.69629748181386,73.79242031336467,80.7414284336689,99.28128495020385,119.41342452361046,127.25137096100941,115.31692873812803,96.85654021709857,87.26499362910809,80.58563465618379,78.08542343693256,79.7874077086445,87.82187351804282,93.23063431760924,109.8228287521342,127.23664255101721,134.94614860230624,115.38341376232256,103.4460466849279,96.01021872298035,85.8000227797482,82.29640656307475
2025-11-19,72.97431951047996,65.99045377864144,62.40889294997973,59.51706082631648,63.59709370811086,79.07068113685034,96.73218856493999,112.08657709917212,102.71892964558917,96.71752437762699,82.00562337776368,84.8912705023767,73.39836160730967,77.0955603822585,81.88632644126477,84.52718983037991,98.53385433109302,110.75299442667763,114.59876387027089,97.21792195672747,90.00176645752192,88.16848745734492,78.23488223252224,67.99532755966432
2025-11-20,85.38350337573827,79.29549461564673,78.38363170673924,77.88902039459683,85.88190476804111,106.68996731320382,129.39628193882487,147.19940519966187,139.66440109929704,129.0637343369494,123.21981982999563,115.32829966018892,118.27084039404319,121.45515337386774,126.70336110458956,135.1946025820391,153.5607814583349,158.4346886763684,161.49333450419326,144.39227693866408,132.85705410730785,129.56434680400324,115.88025321816603,107.07528337283358
2025-11-21,106.4083160716182,101.49402552797511,99.11999915272835,97.69621697389331,100.29435326053847,121.26819183597435,137.37516294578478,157.51931980102987,143.77043322035775,137.6440542530416,126.56485068626202,117.11354366074399,115.35916604291978,120.25879381625795,122.61782131912759,128.2433897948036,144.25537284022994,159.8870446821147,160.10498552916033,139.16950994000516,129.41897194128808,128.5722932993059,117.59643119791535,111.60002799119353
2025-11-22,113.07792603270863,105.8176110604351,105.12097058278374,103.1730163066208,106.91272220210436,111.59962200875121,124.7823673605567,140.57509280207665,129.59680868635868,117.13098216660788,110.01472661477649,100.92132563864592,96.42469691303002,97.15476483750942,102.34850342411676,104.63383268438247,122.6493419859669,136.86884120787136,141.03394685620574,124.01442700034471,114.94954381365488,113.07405576819522,100.30633941535648,92.55265968719912
2025-11-23,88.73670346334424,82.74475250585152,79.20648467145968,76.13864843964481,79.51290637078746,82.94149066334853,93.54949656237778,102.32302395669677,97.43093897538117,88.40019976338702,86.36370195886849,82.51564526044005,78.09940827923559,78.3437585177663,86.10142193318788,88.50892099499782,108.81545009111976,126.44851375545127,136.5624274190418,117.47968620079524,108.09102423618336,104.71650613242669,96.199498146922,86.65341907472683
2025-11-24,76.0322350638763,70.66124888859042,64.45302506382416,62.43154042087738,73.15114875173677,94.09542761392737,114.12229231745272,122.61405267765161,112.57707849797616,101.73632807546889,95.80861366622224,89.85031738844883,83.22447229061952,81.30337730099632,87.42908064809083,88.46285823863073,103.63231215820207,115.15068981301852,123.72142725105539,108.42975341462133,96.08297341667719,92.11844863636409,85.41243226498162,82.48884883581869
2025-11-25,60.164134322476016,55.29375573388114,51.916304549838216,48.30039571180836,53.654025986701626,68.6375512239304,90.21255064687018,103.9614224362759,97.66536355147029,87.99252819082002,81.59054139599024,79.42082926497574,72.76377940627007,72.88645058213781,80.706378887604,82.81751849886982,96.6686508464515,105.74065731491191,113.92366738135823,96.01374120808372,86.70960945284949,82.32789881865115,75.97854737498263,67.7784452988854
2025-11-26,74.0584749079161,72.65031884230865,68.00253928336721,67.66071601904402,71.13400555379941,91.69735340965602,115.32161069371692,131.19317113525722,121.82582911532188,113.69737684795948,104.93998615311052,100.43451321655989,99.549348709961,105.20968765971666,109.96287568349693,115.98395669540109,128.13852530241783,138.18595476732395,141.30322872518084,124.88417670718341,111.46574516195129,109.06545056321698,101.87101233798488,94.57725846076569
2025-11-27,77.29898801326634,73.44529220879359,69.87116834694697,68.38018599924496,71.12152276951316,85.46153036588966,108.31462617739935,126.01421142047084,112.57215332513911,101.39012688905105,92.10798237596826,87.2666234329157,77.7780900044578,81.85072897880232,85.87072815086745,94.3042994729461,105.85276542015352,112.19423457996967,115.75418560826664,101.22219395486472,92.10797915550945,89.47449818723773,78.27843757285058,72.96311931549758
2025-11-28,66.03227616650642,63.36807155536168,60.0170983096877,56.795081532740795,60.211829140369076,71.21136851566226,96.28781690349254,111.34605376779196,105.92449498512389,96.01332400712896,86.37997129208098,82.93806512834999,74.82700070912735,76.14560308765338,83.25864681997547,85.81498573158372,96.70263156516047,103.3641700068275,105.9097868398424,96.89181712825894,87.2588176705782,86.40904221029547,81.0813077788523,74.76553389278492
2025-11-29,78.52964494380191,72.52526256372353,64.6667721523483,59.61798935561714,58.07295428800933,58.894389441619964,68.98806360842545,77.95804495674793,81.44272475481304,77.81816795575634,69.93201085729659,65.52696351704623,53.36961204809165,54.195249712666836,58.456640230587425,60.627525235691195,67.88725996512346,82.99066609148852,89.90750004014905,83.28619710451646,77.80064844302954,73.88040527113024,70.04963891868343,66.92997601201463
2025-11-30,71.74911416683733,71.68278975595621,66.304445135305,64.5309111433476,63.76851007413521,66.74191155349149,74.95064734227003,80.65543227475916,85.58033883852124,77.35582588756549,74.76139316379727,72.74916207726477,69.09874148268406,68.52877733921812,76.29441543029242,82.69514332493748,89.20014461911761,109.33330600839167,121.10942467503949,112.2384763269724,99.1114181553807,97.71126116708822,92.60073373155413,88.10134194957561
2025-12-01,79.12292433082958,72.89504716556428,64.82215242536208,59.33658902339805,63.81834700491332,82.2430483714643,97.38163961583187,108.41887848565868,104.41990592944187,97.25788581043646,91.4326900926281,89.19418743922884,71.09119442732198,74.47455920031516,77.75187702696647,84.67086248149838,92.26722830458444,104.54283221834612,109.03169600963733,89.70193360317087,83.24842068409642,78.48712424018508,70.90603411153238,64.90242083009338
2025-12-02,57.96857843783674,51.817197654085064,48.30649072763619,46.02355085390829,55.060566829782815,77.30922408456954,98.8131175954767,110.12658875860342,111.50201491846016,104.33047537180235,96.76843056232718,93.97594995991062,92.76069939740242,92.10425692738491,100.67794953343521,108.95492523341332,124.07883620562876,131.2835316559183,138.0605207807222,121.9725533463313,111.25823173613882,106.69146855105124,99.36043468961259,90.72576459907603
2025-12-03,83.54065359948396,81.76314415013303,78.04184854089004,76.99239815248171,80.17835875827602,96.33519353577267,114.46978771654241,132.5052945548848,127.44414767920777,114.03052518682368,108.01535442346014,103.5104398272275,101.30596376584826,105.70527374996631,114.11962848956674,119.78372213193165,128.4321689438572,137.81878994116016,138.13027368596028,122.78407843712311,108.91480215976654,104.24400649189505,95.83186741576918,90.02429541761744
2025-12-04,74.74798615268597,69.54376299440392,62.26302135215607,57.201769925713634,60.28342974865011,71.69778292318406,91.50913789524093,112.27811242403128,105.70046534297748,98.6655660806451,89.69151710633122,88.58294685202235,79.41632301862545,83.9354108228209,86.94320864439347,95.93310321986333,102.00897964936456,115.22338265089287,120.55490250542533,108.5893055418269,101.98825268161296,99.18605899625913,88.22908840009008,80.2098267155634
2025-12-05,76.74181851164866,70.55725998842303,70.71104232851835,68.5561884960371,71.1190974628428,84.2181849965914,101.08985487068712,119.4209480797793,117.6690653546581,104.08764894402039,94.47145767181934,89.30813046218275,82.06670786369865,82.76116821013134,87.32003349979433,89.75235257583623,94.39531793313323,99.50231953577598,99.86404529984176,89.31703279544541,78.29869699668679,75.43545976956342,67.02266589346287,61.65356534456522
2025-12-06,58.02024242982742,47.00151881472445,41.699672433207326,35.91744326497788,37.35241629749589,48.23101982632397,64.89163167762263,73.85330272057747,76.92561177450216,72.91961137215111,66.8724819308694,64.20816363998459,54.23578070933594,53.20447156241116,57.83733239474691,64.82395373384881,77.573920380593,95.77582999622494,100.3512215759871,87.43886871661157,77.33686412992479,74.10746327953282,62.858701322592765,53.48666094470873
2025-12-07,20.93932354810056,16.877150173148664,8.992231449349788,6.296336462453624,11.58216401759654,17.614675232305984,33.286417013684826,40.953543383796614,40.650106315843544,32.002311934610645,30.51676322754585,27.26232181506211,24.333553614310617,22.773635930372862,23.139672166198352,29.73133615801578,37.26279177773381,59.466586745470124,62.78276821694851,46.7881364897722,36.284554165717054,33.487619118951386,29.139665289734722,20.782339968603935
2025-12-08,24.888261138141075,16.581757971732443,12.137967738329678,7.529407030127402,19.2274766201882,42.67216248402234,69.96643832167648,79.60768465022568,73.62415367562335,63.91428320608378,57.07113249801574,53.60791998879289,49.20980924721381,48.15182095168305,54.66151034596869,64.57739227845977,78.11738178008449,90.64424459077573,99.44049784695227,84.44714405369128,69.38338977450232,68.25401646973204,64.20687589793009,61.83206701985357
2025-12-09,37.381617114038136,33.42620234289393,24.703391076950524,19.387184938411423,26.43426964129621,43.63118670699819,57.37810109922985,62.12873164065827,60.26719274623257,51.15164151759963,48.71462899377023,47.19245659434438,36.56171235299388,37.84222050194204,38.3641558308686,49.092520588232844,58.75637774384947,70.69651495649435,76.26499148352605,63.571371556740246,55.68877217464214,50.101662610972795,45.38447890767645,32.83716279536564
2025-12-10,48.917331686446516,43.02849237903432,40.20350017316497,40.7494935983859,50.1870081747923,68.70716510916877,92.00930740825028,100.86684581300246,94.90106497709819,84.21076672708327,79.79862814082713,74.56813191593135,72.32580500406296,72.92530218271587,83.54333250892331,90.7484325603335,102.46112014503633,115.29001976717699,126.91334448032642,108.71829535415583,95.72919294392368,92.93990514233847,90.2128639784071,82.91541066840017
2025-12-11,67.51300433809651,65.19224052254752,59.732449264994685,54.780913295969555,57.79396693103297,72.47411837193671,86.62760517302353,100.7454492840489,94.00177859917763,81.00718859594032,78.68835050078638,76.45261021146867,72.24989658874723,72.91592516736411,73.77069293654431,79.58514880726733,84.75834641955383,99.69267344159717,105.05800444004221,93.45069595964435,85.25595849484765,81.50397495763391,68.25340148500344,66.98651638878869
2025-12-12,77.03233367599222,74.76141061898579,69.91474291691316,66.45547400771713,71.2185479481422,80.07367556355159,98.16900760279601,110.530209999395,109.76868998363533,101.0799035476655,91.32729051624005,88.17352836225807,83.38072661572319,86.12538172939405,89.98279611249268,98.283298160636,110.21062660248423,125.81931392759994,129.4235594991664,114.00626008098936,107.86318703747598,104.6909854058271,94.47859510402843,90.24605807392942
2025-12-13,88.38393030073178,85.51168716738573,82.02792921810828,79.50215339382783,83.90854622071248,82.52672595923809,95.04122191113113,103.71898227745011,96.94261862027965,90.27538634471044,82.53026799811103,79.28945188903107,84.06997185477974,83.47878393466388,87.52671914350978,96.94179960174777,111.11348457349412,120.5840021179596,119.51834461180907,112.44837293013964,103.8302885220382,104.51071266296871,96.79340176948863,93.8277675016759
2025-12-14,82.6240246637874,79.32058383649523,73.45957445433898,69.47829353740366,70.40604568602626,76.84154574727224,84.78342648043238,92.49080897308896,90.04015364589283,84.03689500334592,75.82231262891803,73.51308770741906,73.67725851461854,70.24426036799791,72.2355920529372,79.19520443791312,93.53096860365447,108.49107953940877,110.05901192929666,98.17788661233787,92.43581856682883,93.05527979881087,84.71997727198108,83.8099859833083
2025-12-15,59.72483289439093,53.3983939854981,48.39358304839183,41.130465639003845,43.297911248681174,61.09069990237835,80.09698157758478,94.16863998581759,92.005797643175,86.51862569216404,73.19870643147965,73.47418549982538,62.25774300395652,62.69574150215365,68.4859553526474,74.36555968780343,83.9583771702223,99.35721314128888,105.56716631909023,87.47119950602809,77.867751404147,75.85913016179077,67.2876495485331,60.44407646328237
2025-12-16,72.42591242510501,70.96675192622656,68.09051076521301,66.9185394082493,71.4209259857584,85.77815804812666,105.65748905399305,114.84048582139681,113.42474340566083,105.09866793254007,94.48895534338695,91.13934897987741,93.50164605112376,96.42834878042979,105.70539970656556,115.281120927557,130.4923716701329,135.296087915582,139.33503782406316,126.37203157739826,112.59138165249482,110.09190793834401,99.20479945131946,94.70928812880918
2025-12-17,83.06655032741955,79.2968815679132,77.97599186597276,74.94576554667177,76.16603461330892,94.04595110078002,108.91099029554097,126.17964590999,116.79573908551899,103.7563362189951,100.1803002811932,96.52135331212924,96.20390646221777,96.85914099989614,99.02057115646568,101.93247796279154,109.75447307889492,125.02319887621985,123.922024605305,104.78594419324294,88.8620327317934,85.1116058842227,77.13976387780367,73.37971420456923
2025-12-18,63.81937635225718,52.73370911568961,48.95411949382995,43.34918288735712,46.46970848508525,61.045140232116694,77.20036232482153,91.1014567007797,84.74158389591474,76.92417842342815,70.4355899734254,67.85774366382626,57.123682280045685,57.709824119564956,61.10785672116219,68.70967037290117,78.13920214432902,86.43434094714382,89.65478316711454,74.49154424163565,65.4191037000292,61.828569117467794,46.79833815661324,34.076784690188035
2025-12-19,50.48309009402227,45.381771559152995,38.10972655812927,39.67280948957706,51.71286503529508,78.84308723946249,102.20660169744825,115.0890410197472,114.10320642227991,107.44374667396173,102.04199439229882,98.23888056582257,98.56762535031473,94.69460528327099,106.30584759841595,116.32880854083677,134.36250449679025,143.26075966203751,142.56691195987378,126.64222765735614,117.78514108826393,113.84060094596342,109.49978260795066,102.71773950512633
2025-12-20,83.48947768647557,80.42349601841961,75.05961411745216,70.48154736788732,69.07996904214373,74.6978340436979,82.48016543133032,95.50810735361928,95.20543661019245,87.45897538139978,85.75686409548719,82.10049745022995,78.08727659362738,77.68870344622353,80.17502241636339,84.71998071015368,92.49599003981741,112.17335436448444,108.29686368769437,99.741969240495,90.16746978951159,88.37326315923902,79.96830123747485,75.8133142849869
2025-12-21,58.865915514191244,56.820518431823814,48.768766957551705,42.59806756137769,37.380534987671766,37.40229735250182,43.511617378916526,56.33705247631897,61.90932346166369,55.319587674815295,53.50383068574928,53.75152832215093,48.11344734047694,43.729634189884734,46.97519707009408,49.933283719992545,57.44378779113893,77.41706957197229,83.57039691303797,73.83714278962916,69.9523696697934,66.42545908701564,58.23855436887422,55.213524043217376
2025-12-22,56.902418459462794,55.866979036627015,52.321559940289674,43.98758216944631,49.245752159824036,66.90315732332311,82.71675309140335,96.2800865940886,100.97410233633386,94.17300530363192,85.48266186669449,87.58856905079094,83.27012182004188,83.61939978570277,91.13135654752494,96.71458753972945,106.32397523952235,113.30737352617129,117.88954538595209,104.42183721022116,92.03488576778204,90.71448855564421,82.34578974573165,82.77214194250598
2025-12-23,75.68380169890504,73.36974857862104,69.96052380044262,63.032642648411084,67.98103958357278,83.11607975512547,97.04305239228322,116.25785769686979,115.52285600678928,103.41693411379099,98.35927289787232,97.45593591747715,91.07555541543064,91.88693323031387,96.42467398291348,95.40123710393065,101.71047231513947,109.19931380738646,107.44578001545565,95.3976815203595,85.542619119926,81.0313159750537,73.0614600872081,65.40151275098836
2025-12-24,60.80839589475852,50.23293170341029,45.490571205998535,39.793343762344875,41.377712564388474,55.53371205596537,69.56020287154396,86.78818656696612,89.03626019580184,73.31642246519556,68.50946506952732,65.94781883360415,54.26892872484734,54.73551552186069,60.37033116673203,68.95306355604731,78.66872505975547,88.94986247331605,89.26164816435883,74.26964669581332,65.5950581663117,60.40576282719955,47.961032500175904,31.58362699063929
2025-12-25,55.91668590642233,51.6849449692254,44.74441626454613,40.956729576866536,47.52661376126875,68.2952573890684,93.59175702225114,105.083024575624,99.67935316300611,93.66384590907306,85.57987759672795,82.42455434766138,81.45096874907566,79.47747771426391,84.21689090136245,97.68629604072312,114.86860921580231,126.35118152962242,125.06211677767688,118.61159821878611,106.69836192273411,101.06755944335221,90.50243401214486,84.1196012144882
2025-12-26,65.47856091236125,63.055658723074785,52.64154703681916,48.70260734924176,56.967502164612924,76.42069294843698,89.23686317566094,99.69548199883857,99.4818389129729,88.59109488272571,81.7602192233699,79.32280546753778,77.60418841677225,78.17631808297193,85.39582377849295,90.8194446509232,100.58877802090602,107.66780578653258,110.86900082944754,97.06641071229936,85.61321186302689,86.59212196588378,82.2553435411571,71.62669331679268
2025-12-27,69.02167416790539,63.938685715554925,62.49691426586411,57.77781084449556,53.12479841428191,58.9508611540317,64.19408306407149,80.60526840253294,81.2729998379952,71.72635171180019,65.4398681970008,61.54968339110289,57.88253288514274,57.375271670509406,66.13334213155272,69.6328195517612,76.26774879185882,86.33707198283696,91.16818620161251,79.05388757096684,72.5506171227847,70.41159551366007,65.8055811050056,63.01369921945488
2025-12-28,71.98679935731613,68.15388118720645,64.34459628098628,58.72019831467655,55.138198295893545,59.820620581415625,62.47809719942906,79.10550863925255,82.30257033537752,75.99426953756553,69.02752877352073,68.48518527970859,63.658267923554774,63.659866561096294,72.05911312383525,77.1270778008991,86.73239444467868,102.28791570853846,112.45608366965746,98.40102607051735,88.9247855505418,86.06698756256239,83.84838773191424,78.1706728277923
2025-12-29,84.77076069587173,81.8880785618227,80.48905475534656,77.07941402645672,81.02880291937889,100.64364648089428,117.3143143683351,130.96484340064347,126.61902521007423,114.84439180963683,104.95712181153947,99.27571446511001,96.32034391490859,95.37441003405054,101.92340447391064,106.60526117771461,120.57421510944029,128.80648275535674,138.15112775975334,118.59179873946773,105.55813108164335,101.58738951597898,99.8072382406438,95.55095632341708
2025-12-30,85.48232290386738,79.19398734934865,75.67624124784625,72.21027560537867,72.59630974619218,85.07733242478433,100.32388517986517,119.20431065637231,112.9193507372807,100.36972209502642,89.71476261154493,82.37145376102524,73.53264573002322,78.48339059562389,84.67537670385634,90.13676383279875,101.68978966983364,109.29933823960026,117.51842184247766,103.30438920413592,98.00375887291612,93.21730561514478,84.66036174149988,79.5397442193341
2025-12-31,98.73146569296772,95.08585263767617,93.66142113300687,91.62951648669598,98.01536259921133,113.67044806456897,129.75205935733075,145.4973938911288,136.69071873266662,122.66813246960147,114.0325376492509,107.77266316053945,106.32261363180592,109.11814304769601,113.23920734387964,120.71480175087942,139.79814419620678,160.48481170760687,159.17241457867982,147.40922137465606,132.55840800885989,129.53121163944877,118.87821790865014,111.95280477120355
