forecast_day,y_h01,y_h02,y_h03,y_h04,y_h05,y_h06,y_h07,y_h08,y_h09,y_h10,y_h11,y_h12,y_h13,y_h14,y_h15,y_h16,y_h17,y_h18,y_h19,y_h20,y_h21,y_h22,y_h23,y_h24
2024-01-11,77.77540222136432,74.093732358763,69.8116915351547,67.75142825614306,73.35882738502956,80.82498677146955,94.51800145171352,108.47036939624485,107.4466821768984,101.13910556960913,98.09387101952386,93.04396722398691,88.64969806135196,89.29303794013731,89.91615863620984,93.89490162151714,106.58856698460673,116.25052912791539,122.65295762991133,120.83804911369977,114.62240721221372,109.29453100630754,98.93939642521036,89.25752303887339
2024-01-12,95.33474319879005,91.85243290946798,88.88935803771827,86.81993426178585,89.91141621240747,102.32056420570686,112.73637785408485,119.35883082622743,115.27292746309587,109.18142005997488,105.16713911355401,102.81432800615377,100.5246118805184,102.7890684729494,101.6657991970979,104.3489354318894,121.39238711018895,132.11364874497193,136.1530230574937,133.51446296452693,124.47326739805764,117.44472038206422,112.4978946655284,105.03408385182195
2024-01-13,89.71258408811345,85.89533712830851,81.67229376201175,79.15207664602,81.51676626318068,89.34769246559591,93.45069118142547,99.67556361356696,100.08524691566765,97.24895630374742,92.06606968968455,88.16183793135949,88.03056803478151,88.25303781186778,87.99626362150893,91.59671213066156,108.78940355673274,118.75276202242637,121.30288826994283,118.87378363263414,111.33017352729337,105.16312458909887,96.23347193054742,87.51381089689363
2024-01-14,72.13590305823207,67.86280233266017,62.82984505302525,58.20131425083459,59.24901279512791,56.92898655199038,59.491750092358515,65.10788298288641,67.8309320365984,61.75602325688608,55.28268304593094,52.501560966982396,49.748494433104185,47.47749339767984,45.72023056056129,49.763920957988844,68.80359149429125,85.99054194454366,91.99356666848011,89.69337299623861,87.3907984265181,80.70934043408923,64.36683542666373,55.32845653197796
2024-01-15,56.039966018343755,52.78425588057771,51.37234431104405,51.15875322744543,56.887534356565816,65.22514987329481,90.15362236910627,100.42355996322746,98.63353118287505,89.02199344880177,82.77033429158747,77.28039727114412,73.3788301993186,71.58732051577047,73.23810097451872,81.7564013664915,94.51537072077188,105.2988403652893,113.61884592643162,114.870704853217,104.77037062209692,94.67068808298026,84.19977469182575,77.85671886675512
2024-01-16,74.4112014231297,69.49642089910463,65.7312515790268,62.52281865621447,64.56008460712849,72.54124161630061,87.98198391769755,96.7477042628731,96.20201795863926,90.40109277109623,85.3999138839318,80.30407197740475,76.57575270345274,74.7049060347008,73.26336008693737,76.90669375734032,85.02504742571408,94.832015972223,99.38990193956877,103.25168754273093,96.03070993188041,85.66489232469284,71.68247165892632,67.69049765231624
2024-01-17,51.17811784407066,46.55813074415506,44.51698073756463,43.3256624624839,44.449480416447805,50.96379169844479,66.28040104859903,75.28076299207167,74.34404139773973,64.29809341854431,58.055239082705555,52.74855924725898,51.36668107428787,49.09216749583507,47.63625447754197,52.43150989174746,61.8828139683731,71.42446752031971,83.80309695640345,88.64223238247253,85.97284517602985,72.28665037384462,66.91363701923997,57.10185330466612
2024-01-18,32.23058188423592,27.36278607762661,26.867887670188694,28.33040797667401,30.81526239501619,41.46393767141146,64.55668884610799,70.20612787281374,64.92840604299916,55.398868490196335,49.23550602387408,47.834462395978534,49.135794615519075,48.78574247009813,48.555367058355344,55.84487032401539,70.23716096264509,82.86325195249344,92.46693867964615,94.92012787906152,90.81864676354668,80.15205565252175,73.72490185453613,72.46965363540816
2024-01-19,62.53612655577128,56.166278675494645,52.07193412498436,50.42529726262269,53.23370109228235,63.19890348019327,79.04333948619524,84.12560355562394,80.3990261491881,73.6732683069978,66.2784428615145,63.98690454534692,62.685038684401924,59.31071707123994,58.56124386700594,61.6556486276065,73.50580401182705,80.63783420420793,85.02989974736778,87.45084863277854,80.24244801322811,70.28587376329787,63.727210224698,57.217348719606974
2024-01-20,51.79655037192096,47.97039564431786,47.11104317352466,48.709564107048735,51.94869349122524,56.68904684289941,65.43031896791568,75.46386905717719,77.41529821248508,74.06174742703043,69.78579220407005,67.17422108454117,65.6437394298466,64.61563785129897,63.47375430933178,68.66893976053231,78.57929279927116,87.11224323654304,92.96685439308786,90.69632336783708,85.96902356956768,83.01374890821253,75.13356669871392,70.4445091114904
2024-01-21,72.12459913004295,65.7930782972455,62.46179677760008,60.35187500974432,60.57860115041182,59.43752261559077,64.46899313458441,70.35095201551007,69.42254336478203,63.90645134435204,59.1220518763534,57.96888714796702,55.87464995307008,52.55090492931518,51.216826093260295,55.620709962756756,74.05922449527534,89.82200215642874,95.58628236588802,95.2211692654913,92.10602902289153,85.67103176961913,75.86434177807689,69.26956921656893
2024-01-22,53.22566760765935,50.435447722683236,48.41471373401503,46.74484419701719,50.84074695493718,58.67248512083635,77.07819606012964,87.13040589359436,81.1152240449872,69.07108926139878,64.54513316024853,59.49913724124343,56.269330023356765,53.95502340506127,59.8018459776447,68.41181786959987,80.76948537227577,94.45527330866145,101.80714681945604,99.39065501520126,91.40118115641721,85.54059177064596,76.40784719610733,71.04054066092992
2024-01-23,71.7471869369052,69.0568378821417,67.81271083710553,66.50699646825646,68.1718544695216,77.2626473839171,93.81318010559755,101.14116672564418,94.7357836672399,82.88503763833135,77.68357386740342,76.10649996361124,75.1739090885022,76.64207364746208,79.65605592968379,86.32701950853624,99.77163842722892,110.63740015957953,116.83998775046496,111.64005124848156,105.7052401081636,100.0897383379732,91.1882464789589,87.80814774302897
2024-01-24,76.50138205795606,73.86947860621103,70.90482481121012,69.46877189773659,70.20448525873452,78.57676575502511,92.21137189837073,96.54369635362316,89.43885654678961,80.24909776064987,74.6541526773687,73.3776375042973,72.37717980249838,71.10618642626591,71.64277400300553,75.0241563056314,86.00114676229717,96.57983399296691,108.06597692937605,107.66687584780121,97.61358035216321,87.56413859857832,79.17511596303251,79.85032322135189
2024-01-25,78.3095612509041,74.35036144108581,69.8841144372765,69.226282888403,72.78195198140982,83.52501566045719,95.68541571589397,101.24049652928754,94.63709435399782,83.8579559000772,76.62986344636083,74.59956575821377,72.83469022666245,73.21838120491864,74.92529437689618,80.22080479335843,92.62554701843808,102.2855788785952,115.46068124936299,113.9447402730728,104.72651698854732,98.15577195158322,87.04005412530412,82.41137452634098
2024-01-26,77.19394914182743,74.27021431343593,70.2726154691104,68.87346628592292,69.84410079149472,78.08459398169558,89.07141447931377,95.23964946494819,89.95595772806803,79.42904746509842,73.16369288914214,71.35680751300825,66.80317869494276,66.09022183417487,66.69710625306797,73.42708725121824,85.85541099869194,95.05303684590277,104.22792199935813,105.89360565095004,96.01559613441324,87.99325494825783,82.11953332308036,78.89272746593147
2024-01-27,66.02786951371962,61.44822836377348,58.05433627363704,57.73389995619166,56.86298767769891,61.77980770381687,67.02005849744995,72.19291423366539,71.37851294606651,62.404687386503745,55.83962475074949,54.334153572971125,50.19277735613718,49.484474076366425,49.16408528407574,54.191467639814356,69.6627166675483,81.59048426791648,88.95332285878075,90.47634434518083,82.50815055085248,77.581578452501,71.15061394932778,66.62693937305944
2024-01-28,57.18459327851896,52.760784277785945,49.055321884672416,47.155246870252995,48.823519351351806,47.99779275342446,51.6968783302474,53.02329856286477,48.89023148047724,41.81595250258236,34.86149737817152,32.98046705023772,31.23052202159016,32.38463855496764,31.832562855610256,38.27682534439002,57.648892484871894,74.52278956452479,82.32636628172195,81.78062113316896,76.90183220047496,71.12080209545312,63.25079851084646,55.00835991553732
2024-01-29,53.64568720000828,53.55858206733182,52.70604878462915,53.094520371049924,60.48552401081179,66.8707624618655,83.85201010011323,90.48709552694898,85.08230991681465,76.45901579571377,70.39878494638747,67.65191077866714,66.00252715957322,64.62994401120461,67.00340844801012,76.2725501644745,88.05773524417963,97.24239712959711,106.90742184325684,106.47839239779661,93.48806070579113,88.39589489391673,84.3836048080577,75.4708190466122
2024-01-30,72.1302513093573,70.44003632410673,68.9009744286287,67.47009266778832,73.02368103387997,80.7314486878756,92.21881481792565,98.10782520339927,93.66378603644719,83.82085863707945,76.97514285468745,74.56484245955639,69.8769394106372,69.49921337340675,69.47081773906325,78.54843123186359,89.95388184142766,97.9621512940668,105.38612991529783,104.72179197160385,95.41799926704974,89.31038882354409,81.29374003930238,74.05252583833636
2024-01-31,68.54131552581693,66.0337245122751,64.69375866281483,62.702111590271755,67.28861808571591,76.75570428179782,87.03495218543155,95.1195293354419,90.84056397448356,81.02694592671436,73.29554740054233,70.78566674112957,63.66391217429947,65.03281971693613,65.0697877250168,71.0779645122945,85.22437971182904,93.49044917830881,102.78532190311066,103.18863219589474,92.00990225603897,87.228617642827,77.85904036711341,68.82871333670127
2024-02-01,70.18309874162753,66.822774680712,63.73350702216414,60.69777273330185,64.22116826463454,74.18983994447314,86.45568044094696,94.09225342010063,87.69045912412952,74.33452797545397,64.5428335599742,60.13788935624186,55.61995564257112,54.60399760568595,55.68772425777272,58.44952619838615,73.50203487095791,84.5890288117761,99.01686113484041,96.29377575975911,85.41373001989234,79.2111411731881,66.21864553143644,54.96447855719084
2024-02-02,51.2603186154862,49.006343242630734,48.01325398146669,45.1615178787995,51.749081712127094,61.258721668669345,77.24987572324721,83.56862748058902,75.10803734528588,59.801481540084325,52.98489014325956,50.96584715554343,46.878644970494335,47.15667071532957,48.37838702938814,54.32590041151175,73.80123418243873,84.94001683299585,97.61073753927744,95.3915977818898,84.14857040450195,82.93378679958137,74.18797655759778,67.19215551389198
2024-02-03,65.07424439890369,64.57497573741611,62.802978900856196,61.128711672413,63.62182625880938,66.12072771415674,75.1958162594958,79.62866275266083,73.20673221396515,62.09723692705232,54.20902153597877,53.7848712551224,51.334960892830175,50.79371260331827,52.61726233376141,60.53947061304355,77.26171110603937,94.23578267350862,102.85073795680967,100.94614803551787,94.35884831213451,89.56892923104586,82.60923793759704,79.57490813056114
2024-02-04,69.1917808921472,65.95918087632595,62.33680717272274,61.74972474162314,61.91550985686095,62.72667841273503,65.88977019505664,68.66042060117256,61.85025757821427,53.55178299072245,45.97353060091566,45.55629493679007,44.74089097360651,45.902364076553155,46.97769993723378,58.10160107096118,73.35286603946082,86.75117966840381,91.33533013323466,93.72943475883339,89.55210330122588,83.88285160106393,78.09388670815609,72.87381091253977
2024-02-05,68.45357932000331,67.3265199094705,66.74449170118842,66.36967197758084,69.71353465529472,78.68656567261681,92.73312241829063,96.33765735104674,91.44288200983462,79.86402383257082,72.50999958323644,71.938531211222,70.00476342097923,71.14750177845043,72.13693427132233,82.49830013064913,91.79139441948857,98.87988165778123,108.98388823876294,112.37371082446258,98.41765412106315,90.06566632596528,83.5722105585331,77.8430775212209
2024-02-06,72.00459917931039,69.86969235478631,67.22271802472044,64.69156044417375,67.3567489630949,77.84605556012718,89.49755240373099,95.59836252173005,89.610205782208,78.48484530426713,71.25159857679245,67.32125957893183,62.46146410117966,62.383991552863996,61.94676017274192,66.28111266810322,75.73739435374831,87.65487484433518,99.9795230356977,96.86888801353366,85.13774591488193,77.4536126182793,65.94653627093729,56.48052624660905
2024-02-07,51.09660992353526,47.248935381164415,46.253879722983925,43.56994969942948,48.51797240434995,53.50434034802054,69.58506872845899,78.77074568856267,71.7757502634791,56.42107109802065,48.85538824239745,42.651650225814876,37.014758054251566,35.67212005657761,35.178693603832095,39.087022092798435,52.41752885111511,65.90359019072125,84.02147436489257,85.53780706576417,76.51625910761334,70.11217965402787,57.62614335485061,48.26315646000498
2024-02-08,36.2813616308521,35.01614990801487,35.0290789824149,32.597179176454745,33.24545775800246,41.12046499463844,57.296027446064784,61.54336804973417,58.42824311757225,47.56259445995683,40.92993561815456,37.200021324097975,36.53129959286312,32.46805566296518,30.51969235435557,33.42478302209018,39.94273042760493,47.24963591332131,57.7966476566385,58.17619374122346,52.73968590374983,48.43867106856699,41.18832253158219,31.712942068734137
2024-02-09,24.69140900600631,20.243710415251286,19.52807954766115,19.304273496879986,23.098367276350714,27.57128207320524,37.835307336691955,43.81402983366735,44.92562508813883,43.20265208288589,40.64016545008883,41.408191104063036,38.97130100660496,38.568903635906494,37.57380064189705,39.30053358488314,45.0673427625936,46.93192139306167,51.79719953249948,51.858915220566146,46.942209362198966,42.65636049834674,35.57432741245185,30.662613613302995
2024-02-10,29.421823875619793,26.146454186842334,21.913493938532184,21.90464400448353,22.959266283399515,26.107846793580833,29.882654240196743,32.23239963459049,26.78733549200649,20.8583578565746,15.501179800702758,15.226856094208074,14.21808467891752,15.52973886231014,14.167798320434585,14.873800397042615,24.436366102791922,41.86629818090029,56.56379196681972,63.38446674361222,59.006087944512814,47.9650476584097,41.242921086402376,38.97466724170755
2024-02-11,41.268699580505626,36.55995209962214,33.98000571862276,35.71107060179328,38.91382666646946,46.58756822008009,60.21755810736052,57.458059578642704,50.15488759448277,45.47420588809163,43.931523929221626,44.72409684338851,43.73237120356784,44.62233895739691,43.25652800335321,49.90165026076791,66.11666546918495,88.1789735033428,95.75537513271415,95.47820887227087,88.60809665051255,77.13900467683699,65.8140236531877,65.6903321282615
2024-02-12,44.36215826595499,37.012417175868904,33.0269378408115,33.368901482247594,36.79217744269609,47.76993117310323,68.13708594436548,69.36344849942,60.564718254302484,55.87909508413014,49.427995787399084,45.87761344526092,41.54673302785766,40.35079217132389,40.83381291628882,48.466019114612656,62.13077414592835,80.8447081565539,92.15198201262976,94.6208580078974,85.5608977675018,76.66331714142953,65.47916231763625,64.36649473833656
2024-02-13,59.67336209645799,56.959656052614456,55.63797200377169,55.81946155258348,61.7165165635732,71.64464109175002,87.97857982460445,91.31011442045025,85.06338796809942,75.6737593083875,69.46497580540937,68.022821948212,66.41547726636489,64.40078248402092,64.4506549889306,69.42992791771476,86.03469902478886,96.38664034435213,105.79646744929906,102.37956205378947,96.29065957631558,89.18933084173442,78.94811452414567,78.4700850683397
2024-02-14,56.68329397190182,53.79585459257979,51.254698741040244,50.27443370479128,54.206102023418566,57.95618647698758,69.41328086161602,74.98457180748886,69.25845023296222,60.78286097523041,53.35013350573793,49.91439443098224,47.8210449555911,46.053751497642196,46.081570984032254,48.672224599994514,58.54481259465111,67.72113109982375,77.0555986596628,76.03075923244745,67.84947834405327,61.17984728427271,50.66465229720691,42.90361751915526
2024-02-15,35.98454653900373,34.09180487462878,32.94420980162056,31.890192716887256,33.9998028217134,38.80657382835767,49.12844480362088,57.08608128117973,51.09229977594029,39.79451194383529,36.34437715442226,34.21793522132056,34.25588633690522,31.710565116091885,33.723223117955705,36.74681418973775,46.457509645875405,57.70977094173527,67.62180710674717,68.0814415610335,61.9632732867875,57.389953624182425,47.39653613268308,39.99547535951547
2024-02-16,39.039640469524755,35.79684140263129,33.49527891435099,31.786931845586565,33.94314008610645,37.615309219365614,47.42066784190729,55.96245859666779,49.3959790375971,38.479499973296384,32.472129372314555,30.20732949505397,28.828039297493717,25.51674578060593,28.968675495720575,32.103232802124,45.440970238899936,58.89592082544159,64.53622806851166,66.9307648800733,61.60104052024056,54.263967894991936,46.07150236700379,40.121305341826215
2024-02-17,62.87562057743682,57.64143150905764,57.02376202905687,55.122899067782654,56.64997361599667,60.149376634861596,67.7580563430102,71.67259745991493,57.19130221548335,49.639400321448065,42.77571430027423,42.12999422210953,42.61882202482816,40.89152946134689,40.09050598108577,50.542791576326934,67.17037322412276,83.38708422523794,95.767189350646,99.09503121505304,94.94324106978003,85.64682040215044,77.4612245014191,72.497072078148
2024-02-18,66.18813321828785,58.395491031846646,56.69718316194078,56.204644447088114,57.61544942896256,56.75059916109961,63.47059958762307,64.82630976570051,55.39097603457073,46.74300805544779,39.53013322298334,37.98068195917632,37.83428327171357,35.66929847489887,35.1803574490144,43.27906001991826,56.999798619598806,77.31362173512686,87.77830520252581,92.13650286671994,88.27247695821508,75.77365116358536,66.38354586271589,59.86701583117753
2024-02-19,51.429086041399295,48.90833653260629,46.479789595505345,47.07255014318035,53.01795996611211,63.846650548128245,76.89388318916272,78.00663275004439,64.69952376555402,51.69830387238619,44.20483628919288,38.63367468313513,36.99886817567539,33.0902456995131,37.73454826415137,44.44950608495111,53.1116628140324,77.56909369827355,92.86052163399808,96.80019553964615,85.77010982897687,77.59957130719118,67.52610175349977,56.13094692813666
2024-02-20,48.646494879979294,47.111889585360906,47.37289292498474,46.690923745819724,53.129950373952816,58.57369198493088,76.17554108720739,78.92541527702141,64.28551132143565,48.69902151420391,42.44630117940714,40.871791127269354,39.12481663333114,39.21704981327292,42.87859097735187,52.14600444804501,68.07755638275879,85.85266210008535,101.25856585406677,102.66906719953516,92.88072169344647,87.32551761088286,77.61799943550758,73.6900632063809
2024-02-21,64.32839481391727,62.05113095364559,60.25463758446418,57.66429467770386,60.632232837670664,65.09570865705007,76.93244980708974,80.76767342118978,68.71169564448903,53.98244152719153,45.11633522329338,41.46581776821964,36.82554877821172,34.763421549354796,35.32961834969962,38.8196610461347,54.069689444099055,68.3056350164561,84.48999523022951,84.47524898709109,75.7323433145208,65.81836091500385,56.73940780148362,47.559084802068185
2024-02-22,28.518921738121193,25.66786962071255,22.222311985869425,20.102082661391506,21.6149792482597,26.44489772150817,36.95707216468941,38.998664983168496,29.55331257916123,15.192226322173127,10.817048174444196,7.476355791520291,2.306638333715995,2.3140448307593147,4.207885904037951,7.05650502978024,12.931867125457131,26.766177371348647,43.38407808348819,48.472511589911804,43.220440221586244,36.76856177997847,28.436873060408004,19.57018868985034
2024-02-23,14.020894697415244,11.48214848184766,8.111254803888372,8.311373247721932,12.221740678596575,18.027699340257428,26.24929714012646,25.1653455817967,15.197205563542141,5.659643419101116,3.878801591883928,5.344207123797659,4.5969592559898445,2.1075782124166977,2.092340090669694,4.273323414684711,11.394708651470182,26.870143843355535,49.511134043786114,57.37921824661716,52.40158440063108,37.72252930518788,32.34980319220135,31.562514290162795
2024-02-24,23.748615004178333,20.269122513658672,16.493532917057024,18.04709668546053,21.8795763964864,25.357720267959138,33.90426690898656,29.256622293971134,21.339320784831614,13.520680585701328,12.877726128611584,13.747839676980377,12.571424786901119,12.3086000972651,11.476577281641411,14.926718980573142,24.895388013031294,43.930853415324364,62.300672477342204,68.67293120800525,65.42900122959166,52.537116878388815,42.680318905510504,43.417398773069124
2024-02-25,23.72384049354706,19.30001372920306,14.194563091463891,15.614068147378774,17.97244802557877,26.12177805970761,33.67077100362616,27.628587830355713,21.06066623712998,16.52223338124182,15.316870495129436,15.945839442695885,13.074044914741904,14.215577740192131,13.164604088236047,15.55927555858851,22.13125630213689,40.48788990101313,57.396162530637966,63.12875610330998,57.59295282628453,45.15572997070382,38.37815773910357,37.359217290507374
2024-02-26,18.04182022208775,13.93444403025704,10.283050785915577,13.069803590590553,17.109201108569323,27.009737622425774,38.96702520348154,37.18448422880017,27.109638829536337,21.019027895968307,18.625376562922753,16.61199308996963,13.616342922468888,12.667981669626727,13.344977224784415,20.109009761771986,24.661250679046617,39.474932642686824,63.213583204073316,69.9331189950514,60.72099607480784,45.23301625120756,37.182632813721824,36.604510180949376
2024-02-27,30.863680940170852,25.85894510204713,23.91958275659644,26.04803157080545,28.512108036075617,35.522664990289954,48.91773206048033,46.563797750352265,37.329313939086845,32.7041758443859,30.068243910862392,29.203776417232774,26.46142459501607,25.968837940994717,26.611559537322435,31.074154862043002,38.35562588884872,53.02733920631606,76.35513476244516,83.83240183161556,77.5532095180835,60.26510773415346,50.46021764918291,55.94434731573842
2024-02-28,37.266044910217516,34.861865737072065,32.94301133203045,33.98249874783862,36.13214859307662,42.26573269589997,54.42443542679469,51.76905862939685,43.7857903130342,35.07567307965303,32.82769365878595,31.986360411119136,30.174943060228628,27.381647396918098,27.124383084540653,31.744412579202077,42.718282941959885,56.44884008425008,75.34035481827176,81.02667455120984,77.09331271401821,63.140045351001206,57.25658976784928,61.43462704371446
2024-02-29,47.42277644878361,46.30444343677566,42.80160795459989,42.496760709428045,46.013991783785215,49.258556368231254,55.67207845096161,58.51731156532756,48.24498454798871,36.532027657420414,32.5355779097051,30.54472511318191,28.736076329013443,26.571599718731903,26.922910219035728,29.619566950453162,39.34975088942019,52.03230074485353,71.27274694208273,76.51722510770391,71.40486315320462,57.93335876795045,51.139674401745324,50.58845161016778
2024-03-01,42.23916936133294,41.088134783115585,36.765317261439804,37.04598258415073,42.93180803641885,45.776176722016004,53.500730980673524,58.97733189805767,47.124868239989055,38.13991500814954,35.72710737880806,34.891574735941376,32.058160655013936,29.920346292692912,30.768410032141638,35.77998005255708,47.09701132083508,60.02723471017241,83.22860946833538,86.42538402604208,79.76516581275972,63.06457943855206,54.50578596644097,53.47511999048545
2024-03-02,28.491987669237105,25.106891048063474,21.120530505033145,21.187664004762766,26.23886063926544,28.541324556200834,31.303845422557117,31.463765428989575,25.84275153435763,19.43598186077608,17.195520295979208,17.094048821507215,15.85071400620214,14.89530174345704,14.55632021378105,19.606816020115986,29.785717797372016,43.179438444351746,61.07327134250944,65.0668210576439,61.50927865188186,44.68134156127009,35.58035320579526,33.53141136810842
2024-03-03,18.49082241056678,11.788098452039222,9.32785431547309,8.919097172322324,11.282258634597923,15.267943231717794,19.391493245157832,21.356275325908584,12.659152058959066,6.19246130056338,5.017323064498399,5.762134954652183,5.370014087501161,5.470475015095218,5.422422800088981,9.691715039766237,18.0048574481974,33.10224176368685,54.610532666948174,60.955876349335725,55.787707317072815,38.21412215006508,32.10056420169647,29.70176961848992
2024-03-04,39.77566444184461,35.35898133915772,32.903848790416575,35.08679477021079,39.378686548763575,49.58840314630023,61.836170473684206,66.07007540799225,52.422709148280106,41.737623086502694,37.58840629879148,34.24622306301556,31.99672402675361,28.866131155099367,31.1184425149823,41.801499068245114,52.05330956059986,67.707649825569,85.42912841764465,90.17530086378014,80.2429340400917,62.41411119104673,54.16281209281294,51.63463215602947
2024-03-05,42.95958850894623,41.75153753505024,40.255163936675366,39.70476347850474,44.24965203103299,50.40444286799572,62.895631856616326,69.5631439805804,56.987278114166365,45.641574712350824,44.46842835607397,42.99548743346018,40.41681267740889,39.08786159027692,40.43491220276656,44.669362895359576,60.256585188042685,73.46345615123249,90.9813203091972,97.14295720846076,89.44212238787537,73.26980782954635,63.48039719204346,62.80097169689167
2024-03-06,64.18467094969013,61.64822197293966,58.70028129704281,57.87521529660567,60.719237257853024,64.5267618528639,75.08951925400122,78.29265466380059,65.6580214126838,54.1462174690481,46.524421782869325,43.724057164217434,40.76262661601248,40.85076819978499,42.02752792061345,45.498240614951854,59.01916096516526,70.18508234501206,95.33166818086062,99.58631229079614,91.05434700837806,74.06913076946127,64.960818443651,61.259421276799614
2024-03-07,46.08748197377922,44.19323663922306,40.42071768113827,39.32141762200408,41.941619773452786,48.41034617604791,56.34913745529789,62.190705945165305,46.634645030322304,33.09087552890999,31.552065117803863,27.371157397608016,25.352307624705162,25.132496648170502,25.622737842582595,28.125489190763474,35.9641916428144,49.36142152405908,72.66537322688741,74.10072269619029,64.74154235453584,56.2657267034858,45.93472718057885,39.35348410638626
2024-03-08,20.68167242476116,18.641580542905984,17.464166023107012,16.610824915121384,21.345536370400367,27.3876021664627,33.15517681954947,38.1317824835247,23.37039027670295,13.747567040251738,13.95020622411512,10.58333989923355,6.217038280339949,4.836231065853511,6.474396369774013,8.957959913530189,18.811919401535377,31.547138515996807,56.950243456683836,60.998237682764696,51.50805016098441,36.01846930981732,28.2531936658183,24.378879995571296
2024-03-09,3.5796163039737223,-0.48033144290531027,-0.5240838009479063,-0.5388540195747993,1.8160820257465673,4.160978059515259,6.591550700041708,6.304106337006829,2.9190983132949953,2.2269699835899672,1.991192058824268,1.486854500503327,0.1598403358780729,1.0587582133181996,0.022465209691674204,-1.276088719379885,1.897961605253741,14.820592027144514,34.21042870986206,35.882722690749276,29.57736438607658,16.72305333806493,9.64132921775871,5.496192311783162
2024-03-10,3.6387630898183545,0.25773875440017946,0.09232452543106717,-1.1557520737032547,-1.4379720006920564,2.3356631135612247,5.691859585092118,6.305310265469316,-1.2868927626219744,-2.3472939908519947,-2.714860460969163,-3.316468795592826,-3.6082433737515487,-2.869335420354247,-3.045708573936537,-3.8864791023421787,2.4758825138941347,13.93363326761488,39.255971932142955,43.702153385731435,35.931162180415384,20.799736245243537,15.438433290719587,13.043025550305416
2024-03-11,13.097987966332695,10.820441999675396,10.702292278388072,12.310528407674497,15.341097356942356,25.712532694345825,39.905271648556464,41.934568162101996,26.704043709868515,18.598165470435035,18.203471587377805,14.4131977262347,13.534154896488332,11.630865206124426,13.950457263086534,23.700564749481032,32.52679817416795,43.52588771618505,67.87879674231851,73.53031801913116,61.65821572207078,47.88553741316528,42.72312325045411,40.647887804393534
2024-03-12,47.66792940469951,46.32589264203936,44.95571638364282,45.2420566513224,49.8193223634151,59.59494643426076,73.64686287739376,76.41312399125908,60.0064172587974,47.60049940714862,42.80795543980655,39.95438411178628,37.431327197172095,38.61083111309087,40.75619697462548,47.86849384061162,60.98452750714846,76.32536380305281,104.50938664479614,112.01086147550397,98.22367843689291,82.91669791059928,69.33595859968038,67.90068434934321
2024-03-13,56.143399598803946,54.14334567847908,53.00621230979426,50.832604085315545,54.05432102317137,65.37107703389938,78.54889051405448,80.201979279937,62.459585979932676,49.07161383047647,41.75394147268179,40.02365402687891,35.376527690099905,35.196971480599636,36.96072664298247,41.679598164731395,54.97808717151978,70.88318868341159,96.23688623114262,102.27954050872879,90.30123462977775,75.381312769602,64.31538193774647,57.32066126034661
2024-03-14,44.33936373878982,43.315430388655585,41.354887421263925,40.43140870674861,41.899849168647,51.77503754422739,63.94441054658172,68.94340373862137,46.985613252312874,32.3355305926986,27.386127000248734,25.201710720595017,22.732055515645257,23.552011104007676,23.26505127487745,28.22854278779981,38.82936197828862,57.174978705533405,81.55563437914479,86.48985891670262,72.96600447838674,60.981915228112655,48.750901509279316,41.11532278857692
2024-03-15,39.48391339301946,39.16979013856604,38.1930239167047,36.58850306125822,40.65994768147283,48.90535486640192,65.84982553301785,69.00864445966306,46.80481136727302,34.423093206606964,30.801580681312515,27.659073157753156,25.149023558445023,25.12733605013149,26.068798196918777,32.04824981390534,44.5536430930959,62.144222364154544,89.5152083901527,92.65500502086833,80.04501468417057,68.77716414284019,57.217171175432966,49.71786407543304
2024-03-16,49.463791278459986,43.502086820161814,41.83012615977778,40.4417754122085,41.52368441367464,43.63655932936064,52.24888175199989,53.37594826577069,35.84233223083142,28.409761679661287,22.25684246141755,21.535017678132306,20.75332938592868,19.389146610128677,17.20849532403372,21.757127610715457,33.218494101122715,54.55480466286082,76.10369175311448,82.98312066687966,75.84284025410192,59.0283256570349,51.47447375508294,41.54770561512707
2024-03-17,57.78752212666,53.76116569226875,52.01889195525904,52.33791943375797,54.40624294931104,60.63741554490927,64.31253618161381,59.04053269904577,40.49692916688791,36.82221041303835,30.998202374834804,28.258743927825876,29.20470785381613,26.440311639066977,25.573797939728465,32.3692055070038,44.27623314496063,70.4244391314898,92.42297934010355,100.48726513444294,91.84774234100169,78.22107554642406,73.2953688090988,64.30648857285755
2024-03-18,61.552505084564,62.23804367815638,61.48528651567278,63.262214094382266,68.46981297885995,79.37158822304886,87.96152890874669,84.55013394325232,65.93932886377561,59.22961536595741,52.16652998513076,51.21012901757331,51.91193522203137,50.84665076342023,51.52003176948841,57.851146276912715,66.0389405527211,85.8388558251203,107.82214267797161,115.47434350802973,99.87385916145226,86.24047214546417,76.48341604114103,67.06017636333891
2024-03-19,62.27704727468667,62.08286231106965,60.36005436327416,59.91694455197954,65.88930921276388,73.17693384443038,89.23500900808054,85.60371717842139,66.41928810400583,57.17174799532014,48.99850108403384,47.93763395978646,45.61458626942608,45.12843586801244,47.098241723937555,54.26270884091575,63.23984111280097,80.76163595450274,103.22346751000308,105.70776216771199,91.54885919171457,78.70100388166935,69.51546941602754,60.00913133901417
2024-03-20,56.53108601817816,52.335826098379634,50.53016693877418,49.754992569155235,56.85333674906621,67.28106511402103,84.1919379335596,81.64015652574815,57.47628711734702,47.82527132022751,39.05014985279115,36.69302738978881,32.86252877251065,31.032403134556027,33.34003092696855,38.11169813017518,51.91528269476788,70.11449329681388,94.9120427744831,95.39177628815236,80.80074154135924,73.17186415049282,61.229353502419485,51.44478595591366
2024-03-21,43.18378870854107,41.751302010217316,38.97612113109926,38.093006629355436,45.07920805937863,54.93145192312581,70.3862980845698,66.69173455475864,43.888491918495475,30.925861223968766,23.432169490210754,19.968384420810423,18.909798052359932,18.514287930139815,19.99724849350578,26.657448768107898,36.51300539287085,56.36622332484664,81.57511655425134,82.56842435773314,70.00916081111944,65.69864777130289,55.65735401160449,44.67132694994173
2024-03-22,37.81545616010574,36.08886870936601,36.27413417534112,33.54463514415829,43.231960607126666,51.81735856383066,65.7763042035157,58.60882451198583,40.81737650878415,28.750227223097525,21.717272654042475,18.648322132712323,16.262260140134188,15.222949923546793,16.946314781359476,22.78322256963378,31.132692190875545,48.725600320343034,70.2834043306959,73.76845860368093,60.28256121536015,50.42703139566845,41.922504209344154,31.426193036135828
2024-03-23,17.582764950111837,14.69719396915879,13.315044476859327,10.704305575157164,11.570649388881009,17.584139270728812,16.834045746491512,6.560160524564054,-4.007310133335707,-8.919767818715002,-11.488061156688133,-13.27167891329644,-15.223748847901717,-15.114594166261611,-14.594880679904463,-10.520352792239834,-6.7728008599174245,13.891334185112285,37.81511054522774,45.458858974276396,38.2043209031054,30.51742548949072,22.824623760650866,18.463556796126497
2024-03-24,19.91894688638034,16.079601533311305,15.46742647724679,14.995715587988087,16.313915625370882,20.251927772178803,20.877631056202148,10.878842916161318,2.0145531859951973,-0.39088964350031574,-0.5763622142740132,-2.065609375443074,-1.4771743739955667,-0.7871563758326374,1.1427760862610654,4.66946349332521,12.770782440312374,32.3373292224755,50.41144658439602,59.392162582614176,55.10935941077928,45.51451039791847,38.707564125426146,36.73766506553228
2024-03-25,33.093840297058875,30.491865166343928,31.412338984330034,33.37778790549666,42.058259951744176,53.410945941722915,64.66523846406409,57.43786399267162,43.729599599423835,39.22750955135369,36.920583666610106,34.29797036109545,32.2735940322345,31.12208890696892,30.72486082989414,35.416318449519764,45.06145830088049,58.742288822059905,71.12897568388792,76.93872102090509,63.7754793572181,54.79039147188743,48.02798433035872,44.25053694628386
2024-03-26,28.674980070477304,25.02275433933123,24.235412345028152,22.583838433712387,22.138092831101076,33.60221866131451,44.75849789612589,36.465720086400594,23.800583334383845,18.86655875115099,16.531032803045363,13.036645734912412,11.019540555913935,9.383938345316778,8.190421521972226,11.153898479304502,16.983175195201426,31.49126161886508,55.63478864055105,64.36138387748211,53.344614081050636,41.70529733087305,33.58455312721419,32.820727674220066
2024-03-27,-0.5477582450376843,-2.2333224050931193,-2.2797577995965668,-3.2960898840913444,-4.202563862909642,6.3955249179254565,11.573241219814605,5.4377132255764735,-1.718776317723865,-5.297477013549155,-5.5523074176648635,-5.49429919444141,-6.346833412985674,-6.224251299143106,-6.328726217471555,-5.054780329996802,-4.440446607639402,6.269393458036234,25.026545744093198,33.805434518466896,24.429203709579426,13.463647234716532,6.829427297920475,7.260529172883793
2024-03-28,-4.587314408875116,-5.9333887152114215,-6.126071754184167,-6.29017270539596,-6.180418151604314,-1.766725236090096,0.8381702411333549,-5.345360697986877,-6.5957974507235235,-5.717885907152592,-5.611606142580726,-4.7254400107123615,-3.930544737977357,-4.08565228184618,-5.490742137986231,-4.862682055434675,-5.0602786101629675,0.2217267255962838,18.871398587438108,24.297857754286326,17.937737708966893,10.92821390233091,3.474061614594447,1.2835175519513768
2024-03-29,16.840500790432472,14.410995137167475,13.820138557087347,12.389826394738165,15.514279302534192,23.664720462204215,29.732471619416643,25.74113876159032,17.98742169903086,17.81519696754043,18.17984447776729,16.247848950530866,17.679285057832942,15.413317416774063,13.99151413992135,16.158054077625223,23.32832812242914,34.98242377545846,47.79192813234374,51.48185582087595,45.24451792625035,36.440625659384324,31.22330575500945,29.65880885611243
2024-03-30,22.476145691873512,18.74665476948101,18.962004804298658,19.01762615553001,20.77826460140774,27.622289634359703,31.925404298283112,26.678435099730393,13.086257517728882,13.039677975660723,10.176468140992057,10.031468744117774,9.70849944642761,6.332383870747549,6.9836514710075335,8.319527246248313,17.03541400615275,29.866555047912343,45.0664751379164,51.68543296426867,47.51473395698173,37.05681391295268,31.22977299268902,30.09083171409266
2024-03-31,7.906834584021723,4.761815202081493,5.147676354462689,5.972428609872196,6.099371000045636,10.553124005430774,11.229901435989845,5.913953980944854,0.11724286346969848,1.6694499786790828,0.5575264481585833,-0.9420523470243012,-1.602013920287277,-4.046094405295719,-5.218442669063947,-5.430889036242817,-1.4910592452751246,7.281202414656121,25.185090145677947,33.57992411012866,32.88034146625945,24.025784798299,18.466680462909565,20.457442703476232
2024-04-01,7.549454438982934,5.241410535222698,5.03656110279141,6.225798771188138,7.0214499802607975,18.03779750703451,22.840021411398325,15.875621614237573,3.453273116570088,1.7786577926242444,3.330244425788379,1.399168386562593,1.956758763268141,-0.2852089749701605,-1.7986596309970224,-1.0013577104975013,1.9565446437926255,13.02297807890588,38.87111388711931,48.12331269509569,41.85419464705005,31.671037377525764,27.20947926936512,24.897810002025764
2024-04-02,22.8494689514919,22.388250854796752,21.261129697096848,22.41667030916227,26.92649744892232,43.800959713833294,53.27640895938393,47.58828019134813,27.14727122502397,23.48614954808903,20.242107956768464,16.85263914995741,15.626054123586115,14.63096430354797,17.555413382485966,21.398110046711125,26.237339246640516,34.89225262808665,65.87138668899789,74.39924257144375,61.31076682953935,45.3423936526614,34.45753189229569,33.52524517721358
2024-04-03,9.419257252226515,8.629441854847798,8.402381488220442,8.967537614796555,10.82310728943618,18.3248094044323,27.069352566127634,30.269653321214847,11.265225167852236,7.536760499918515,3.929217831676638,3.8459536667635916,0.5825916469393349,0.10540622555849666,1.3685690706601719,2.7148102503142724,8.072925440325804,16.778712718174546,50.165796699171395,55.3332815045075,44.67098563270007,32.50693636746203,21.109951642835597,21.62116781227043
2024-04-04,22.7026133773458,20.844721343182798,19.613175420237596,20.125781533644655,24.12057713094552,33.296851835153674,37.91337762183744,32.66658037639273,16.977831668609497,14.625180556215597,9.471414129280078,10.017350364343585,9.561804370867108,9.283843324605257,9.218360461379092,9.590974615132808,10.4212728723804,19.50122608467217,48.42424287195891,52.45247371211144,45.0924396788582,29.978259449684202,21.35291755296184,21.626138674110493
2024-04-05,18.02249921404217,15.865380027778087,15.10614850392416,15.674272881520821,17.707072702155784,23.306335365378303,24.9643896823477,18.848700140055882,12.067459188342937,9.376385661228042,7.714615318467565,9.016793716612924,7.614424906396664,5.789809475974934,5.2967821070183305,4.641767291593325,1.902752594117615,8.243076315430642,34.98265938193542,39.02973294342151,35.014433233769694,21.12829801157403,15.99669647933483,17.29825025568583
2024-04-06,4.982459089299596,3.2308336650681184,2.5795935712271643,1.8140073260061342,2.392142001610509,5.946969153148288,5.396287195088348,-0.007519728882215304,-2.8184879248464796,-3.4305948772461647,-3.4546121494067705,-1.304418801228195,-1.694009336300681,-3.850180106316188,-4.128510047522283,-3.746034882485162,-2.698430679250208,4.644234797066872,25.397948152328837,32.735275229191274,29.53249006106421,20.614922025541375,15.680066139697118,15.678086118883556
2024-04-07,29.068577669331674,26.79492128374173,25.88800489163451,24.944036802312965,26.84235628948899,33.29493568025178,38.47080528725034,34.198945784405126,25.082633822662615,25.9307104283709,23.612855201657766,22.568670427114725,22.245938056208132,18.48884687612899,20.009315049407405,18.795783863425356,28.56295313728002,40.438822728686375,53.09389422368744,60.37878358546209,57.0138248149475,46.48468320109771,43.29178988236666,45.39634450584978
2024-04-08,23.28330590481245,21.156772459939987,21.436701665491896,23.214232285806105,24.359628727143374,38.51600122132194,44.68170885700923,37.80763824894767,23.282918087594865,19.35733282769253,14.215768758532136,14.303553287482544,13.40182384891446,10.947083582407785,12.23895037305627,12.466953308685333,16.428230630945336,23.83663073212648,46.58453382470341,52.648556947452334,47.02201858815249,34.87107781680979,27.80877998186064,27.480235647356537
2024-04-09,4.848443025053697,3.543392535969204,1.9839346361923162,4.286847984549794,6.167715809780091,18.980560075017053,26.77183043049591,19.720138004755427,6.02064842353127,2.143195573240945,2.087511177438344,1.4643785709053674,1.976987858676324,-0.129950897257757,-0.08841063760762324,2.085634267969482,1.7693889957690487,8.65516689191952,36.69815113691425,45.36064703436111,37.162935620370064,26.393690516977017,21.779952322407055,20.62764367188683
2024-04-10,20.01238023254959,17.926058397402016,16.936800689146736,15.940769562549463,22.19666894244638,35.720710758583294,42.743848952603955,34.65718942206058,14.040501519079768,8.960100086102628,5.385017179540895,5.508696292412068,2.486106909644647,1.2718241503114882,2.250975013322389,2.165108227985627,2.0901824436663787,12.422381419698823,45.325843260598376,51.547223335300245,40.350774643191585,25.755587938872267,20.023596369572587,18.55358621580828
2024-04-11,12.141586242984545,10.658600221210833,10.792520475186166,10.865935414346566,14.605847282342438,28.302205654054774,35.64928169732737,29.434425397676833,11.565984164180904,11.254999590699413,8.073488749297667,7.785418584546008,7.324231221748448,6.822107840796221,6.892201432099398,7.990607912563718,8.566919144545125,14.491635416392867,42.67259272193532,48.74375457148007,40.41375564346734,32.06421388823743,24.34415640538522,23.426016384989993
2024-04-12,32.20410457752759,29.758322674516194,29.57724129486226,28.607615772622054,34.61431545189485,48.12197752140265,54.11970790043402,48.48847809039712,25.487550561684344,23.611187117444004,19.600138293674448,17.40653332816447,15.91246323985554,14.574781933445877,15.281110644263038,16.72440094711655,19.947712408960015,34.14181187077543,70.15538639422057,74.6753896341589,65.10191544365422,50.98415387970418,40.12573452964763,36.909085678265185
2024-04-13,35.80277806628047,32.13961926939568,32.83058381360994,32.24351191399742,36.01885659130545,45.056998193308175,46.691552484250636,37.953484404757816,23.241331338357682,21.3247509056267,16.696092633258274,15.018497353603081,13.986344876168602,11.929185792558187,11.991906559717691,14.667914750442364,19.432485902359176,33.84737772328924,55.70556482568759,64.07153459960941,57.70741096966654,47.3709293453083,39.5531405532128,34.74751912874656
2024-04-14,26.562205296222302,25.603089882754944,25.611075582872587,24.482451080114856,25.2616866271823,27.99136070248359,27.94130252930634,20.868699771438187,12.20579599475819,10.567287021900825,8.241917394172091,6.497765374793559,7.440112108246765,5.360980187924355,6.863119064979543,7.410656966453246,14.176900938633807,23.487239057521492,37.65728159847406,46.68539677529584,44.2763635154454,37.347322011180395,35.82028284132555,31.534178500223703
2024-04-15,25.875855373418645,24.58884907288825,25.380144029975696,27.2195990631283,31.26537165676946,45.40139823836536,49.568947107078856,37.375995315263765,19.83614488560788,17.970001244858096,13.25633272102229,12.127314076159607,11.889005696331438,7.97003680552541,9.057400171042758,9.10415398002614,11.513867054274627,22.821708365190588,49.49224726231846,60.348583085169295,51.91477176589167,43.40766053615113,36.433279847210855,29.6527744680928
2024-04-16,9.168942998631579,7.325334848845927,7.394751243869678,8.061098562019836,11.541819374530931,26.153526236173022,26.081301407305574,12.155989628444374,-0.7680361632082793,-0.6269772974563494,-2.755147483750619,-3.360070176185573,-3.6153059962055067,-3.9357192918976835,-4.205175579080574,-4.579720410210285,-6.293653554629159,-4.597325615808927,28.02192515183478,39.87320292781693,29.622235252780627,18.545225282654314,11.43659141095064,5.746686231390498
2024-04-17,7.144648550175702,7.344341478504816,6.734753772151038,6.271160527621518,10.669210168333066,24.90431892087463,22.75233057992091,9.044536806462773,3.640233443707544,3.39443125697251,3.23559120998803,3.1886055691007016,2.317795076384229,1.6753265838369487,0.6982785338497308,0.43392585026190034,-0.5202696789516921,-1.0632515637774134,23.430677823384343,34.9117781703405,23.91296850005888,15.966482356032259,10.679070644407972,6.74968244627091
2024-04-18,3.726091122549917,2.69686998332908,2.8943482055402683,4.059289689852207,6.40889927889792,18.79240874417758,17.327217043060614,5.234828802038393,-1.0928215739702836,-2.5682401671828927,-3.548100780425287,-2.9990722420793503,-3.3051974645580344,-3.040811241955126,-3.080851392113672,-2.34713599710706,-2.747511323588384,-1.2172374536434347,19.12320222015404,29.662673177458643,21.477512265964393,14.202286525987986,8.998906999638052,7.259197758757139
2024-04-19,18.36672355192357,18.215591517536694,18.84187437022443,17.256903919869018,25.54631145274908,41.2082533084743,40.76407655760529,29.475305928283618,22.47384259892766,19.691690288418002,19.24497215780869,17.73186461685532,16.642488905558594,15.412955508095138,15.505962916548157,17.716840780701233,22.206307718618717,30.067952374406516,42.190804045873904,54.01875204861257,42.24753077893604,32.91616641773369,32.83176840475798,26.92643821401336
2024-04-20,16.69209624941098,15.561575568801018,16.08313230447864,14.755954881466664,15.59535847826615,19.760725121516103,16.395267274841174,12.02191679821162,6.807442662147295,4.22989557433533,3.2334728687813765,2.788872738575705,0.2825878607382464,-1.7261438944350402,-1.4142949412392767,-1.2569016943866558,-0.02085341379151373,5.877827941480604,16.666678676658478,28.862143853687783,22.517828253173548,18.89178721804268,12.556633159397677,9.133411334955028
2024-04-21,8.360013029049426,8.747824572219358,9.143267451170146,8.8385993414186,8.780000277816924,9.173617656588064,5.179663273490206,-2.935825299618884,-5.4062142263837245,-5.1541095964554415,-4.400718441144207,-6.325674300936598,-3.559236812380405,-2.890695452566831,-3.6522717043486352,-6.231014894327487,-6.3247098869258735,2.1970985825764444,16.04938651370668,30.276423932560434,27.60294777371216,23.50865855534711,21.416471140752037,17.8936136038119
2024-04-22,10.410830384890943,10.952715792078067,11.057229731121922,12.981567394693855,15.760968233567695,29.621319638062985,25.456922305189877,12.920910994408601,8.703872384450051,7.582652370194353,6.923068275250287,5.157463973189579,4.926490365634123,4.085784848987217,4.608898637966149,5.604934304947676,7.656772006169874,9.130275293788998,24.340385818899335,40.49429100475574,30.870133297975613,24.24210565600363,21.858429554810044,18.361954472343527
2024-04-23,7.134476984440951,6.942430378499452,5.022926382586718,7.170760537755342,12.511615818382637,26.395769482305596,18.846121499688238,6.629303012058514,3.948108232280717,3.4391557933566475,2.3567353169418084,1.1812136990897528,1.960275855884447,1.6524651012605176,2.279825686131204,2.4080219101037557,2.8079425730590373,3.9984221718828223,20.73272297025028,35.4695350723657,23.456507951366248,15.100985717059771,10.254345013730415,9.865633564775194
2024-04-24,4.011562281921698,3.300936706082169,3.0744992088276604,4.04709668142975,8.742213846963367,24.27280689517795,16.083946404724045,5.287830217038646,1.4372533136940007,1.7669683873284043,1.7705968853479277,1.8773503680768187,1.7935217404847492,2.6028734449411672,3.2726664762155764,4.491290521647187,4.022116063532323,4.702532411832266,23.525995431372934,37.5553434604938,27.065932943684416,17.70415181763221,15.035065073583056,13.686381874483104
2024-04-25,21.61664714376377,20.72101323014641,20.60187492997811,22.835016892291534,31.617252415795477,45.18406733603747,42.75555885593977,31.449429276113932,18.895307016106855,19.17424560411166,15.469294275327044,14.608581981889344,13.560703841693865,14.496308721144104,15.051968177421472,18.048645553749083,19.489098089505035,27.582833181339325,47.54680884407969,60.61994058500851,47.51842651002987,40.174591996722654,34.39858163763327,30.636637871802577
2024-04-26,37.76413599820448,35.53644427217111,35.423049384855965,36.01839562350502,44.59605666593756,53.37888524581151,53.357174289434056,45.227050053986446,31.978857832325033,28.2142991002967,25.58944101829438,22.511707706523538,17.18756208706573,16.027665044148065,15.41918746478018,17.79501352650351,20.249251306823794,32.29865223739003,49.71946317360933,57.90773284554486,48.29101198903574,41.06186268868355,33.453824983961766,26.354691140607798
2024-04-27,39.87643607380747,36.84905143948177,35.56070044824229,36.336974788066115,37.295684952319405,41.86912910108481,37.19206328840059,29.22561627924712,20.25891084362759,15.847625015916293,12.221224548195352,9.744138565566828,6.6939187642915385,4.0520104899534175,3.7318558525322203,8.120058695221744,12.94552039172305,29.6492850896648,49.496846295689494,64.21355891799303,60.044186351984536,55.50544622039979,46.16602287786944,40.70315048653109
2024-04-28,52.10172573624876,51.89342858734275,51.96891563626453,52.91011106335003,56.95985257002798,58.735352726308356,56.2202178696636,43.35301828807782,29.23043549438013,27.580345745230318,23.555358793011465,18.569906546780345,18.89938747847097,15.451158416295058,14.83085436844388,18.628855065746436,30.405923800421135,51.528519736839584,65.69433912776304,77.51939546208365,74.66031753191785,68.27976833762193,65.24561202456553,59.51644402558318
2024-04-29,42.892546045365016,44.14538348550498,45.04308282643409,49.139580458361294,56.250092875128054,65.73812965798854,68.88013594814328,56.90782993563343,40.87427195417612,39.22794726733095,35.54007983721084,32.79502531717344,30.40043732960696,26.727932665532293,27.94868703822766,31.623144154093836,35.807124563297336,50.99475189615177,70.2750074688052,81.62551146202065,71.60514032700446,62.81195584710932,58.88839588805662,51.648490289015626
2024-04-30,45.79773784630352,43.34557304993888,40.651885818799784,42.92102277832514,46.57152477862412,59.36269996741882,59.195086076143255,45.23285312607317,32.65256997809274,27.330359957839917,24.962839161594346,22.867833420673875,20.452073372197248,18.537109057055574,17.085658696623383,20.43761178698705,21.591144675807243,37.26012514436306,56.4710836206726,66.74805875616826,58.827616288931125,51.38919027430234,41.329146799610385,32.34118467578375
2024-05-01,40.0854485608976,37.16861472123819,35.68529801016496,36.092707468628184,37.55132824359141,46.329082258851486,38.0440470225751,23.93305647404388,16.735810198859596,9.915178241280898,6.558913681082288,2.7159578462092924,1.2430668553419935,-2.474549545948932,-3.3201847696963256,-1.4589265098926205,1.190039313909324,21.32093504727932,43.15959437861186,60.76475123112948,56.07518361387355,47.79141145574722,41.44551610100342,34.7256174263661
2024-05-02,34.073773162927424,33.006481255509556,31.95142549740399,34.96900192169866,40.8538031869531,56.77276256807855,57.25343286549513,42.164993246895946,29.063714810876547,22.96856621904665,23.9688249374081,20.60544658671074,21.091317255025672,18.673546950857315,18.323280061859748,25.14318936858318,32.35904344714501,45.65057927065581,66.27989768862248,79.41530362369737,68.09948064694105,62.32777462836479,63.004424263556054,54.02024346374152
2024-05-03,41.12104358554558,40.63166102985437,37.39447785662104,40.242509529986904,46.5520728647293,59.62864059816533,57.109122140785814,42.04644247827953,29.360924527583265,24.466969894880663,24.855748185687077,20.940480238966956,19.474324691787047,13.799566177700044,13.171939490282654,15.98519624121272,20.026320372452574,34.42847945014509,51.748753658717675,63.99111193862487,53.85356933969689,48.43225102163538,48.11592523073952,43.33366977643382
2024-05-04,20.02345898093955,18.53910775772755,19.019908843382424,19.236642447998747,21.567105485183376,29.02643662714162,20.36319476392653,4.7110326628883,-1.130702837492521,-2.9643718483419406,-4.414925781568527,-4.99254975067349,-5.74299741191912,-5.243111325351606,-4.469378979761061,-3.1649456930023803,-2.487373773489381,9.760425922820787,24.49899958369383,44.31395221392718,37.924225798619986,31.723541227342082,27.72391707335673,20.681142687520065
2024-05-05,19.473501787693735,19.410055662458504,18.34680764695571,20.380630348915886,20.729852748421848,23.79034702103519,19.6923274842123,10.12149727175239,0.5245616187625615,0.6200664693073463,0.7900617892114639,-1.828689711619873,0.02758424197871534,-0.21797307337133986,0.4537985798969544,0.47374056745341875,4.478015105333981,17.685453479070446,29.75510431374063,45.04257332006215,41.47305588772524,37.205896157507055,34.07635222598127,30.481508739854263
2024-05-06,32.74801291759991,32.584738615122404,33.22747141971795,36.717791133702285,43.158914517481755,55.23476602221683,56.61112145597245,43.57624367638425,29.33241331594256,25.760352403915718,26.1822686068528,23.310822684576593,21.026164015523364,17.74683756535329,17.425689663012477,20.04022297659843,22.752734316006652,31.066742366626443,50.34513567774144,63.666168559944396,53.66353239731123,48.38413851010583,45.06904434896812,39.40838479441504
2024-05-07,49.86231128791681,47.19410937046624,43.660988265199926,46.44585730938248,50.285365456187456,61.832663843944005,58.92810514493746,39.83104224005423,28.92521249305085,24.379918002651024,23.06709500463475,16.727830863173637,14.494086066255974,11.186380942228197,9.57125828176872,11.424640732078643,9.751072636226112,25.61701925261457,50.465400866766856,66.70705046642698,58.07377422365549,48.333013487412316,41.00337629339768,36.846956435079036
2024-05-08,41.92330396846022,39.57985067729157,38.27808093300214,40.88390842986097,45.8191233619789,56.384402999644045,51.71059864544381,36.672918782516646,29.112137021766188,27.7387369877448,24.84902305207909,21.770549492897487,18.46773728501111,18.62676696154908,17.91061382897753,26.348422085824808,30.52397346498347,40.835896420563444,59.74896031787085,74.61830363819426,67.67885069584537,61.453085521865916,57.067649823248516,51.862224013154034
2024-05-09,36.90744851788355,35.98899547533287,36.764207872181785,40.28141767786565,46.04925075698304,60.61336483051985,55.50618650809008,41.58598767548064,29.605950675990158,26.297314181510842,23.108072092204367,19.996954229912433,17.75726008112342,17.732197846188726,18.45725321628794,26.51828016153206,32.08859077072735,44.11089712606858,64.85819268399364,77.64555710250484,66.40780241172617,59.72912482055146,52.69557376878464,49.20913339384724
2024-05-10,41.166343616122774,38.739717402180965,37.378599698207715,38.83439836794569,46.58447882909762,60.03747608527467,53.255481483284115,34.70147025630773,22.80370696517791,19.542857584173873,18.20925827947393,12.918060941250332,8.563284173041438,7.876335086973327,8.24816981978644,12.138755937131918,13.110916662270085,29.571491624764008,53.35461026713921,66.4795297165769,54.86139448188146,49.93865746984372,39.133247061958755,34.665452283617185
2024-05-11,31.26904139705475,28.715911378033695,29.0143260805973,31.704454794166793,34.958748286011,39.53505380633142,27.233607124397437,12.314731006213336,6.581801352420584,4.229710537793224,1.388273835540474,-0.33140843753636773,-2.384637175513703,-4.417442876209947,-3.8687229820128834,-0.7444870702203445,2.432618814906249,15.01933606409014,35.37602870584065,55.55661086399955,49.09449184764756,48.213252496799484,38.71876519947055,32.05729227386702
2024-05-12,38.39519781840265,37.345202774601546,37.99950706532745,39.251713680306835,40.897654920854194,39.923779635026605,33.63287436902496,17.76134190941181,7.854577956557563,5.428176474966591,4.629201787095269,4.137609523152378,5.030421199320699,3.0075134432211996,4.0900858925723185,5.599805966856806,10.527184787398241,26.111945309239104,42.405024034118895,60.73176366192453,56.967024361825395,52.800930418200835,50.378416128512995,46.20510885467648
2024-05-13,40.45461947712482,39.268116984705344,40.592613273434864,43.551502533253526,45.75797338188981,62.320161508201764,61.05357051906746,41.78143271631292,26.983464699627604,22.091044701401046,19.718046214127767,16.68343743044187,14.616470793866469,12.026067198153882,13.060663703859404,14.615992890415257,15.577918277863247,31.754301452783594,53.09241860509229,67.24092679178816,58.23563249015683,52.55645861351978,44.056614955142464,37.77627790773279
2024-05-14,28.753529677297294,27.583006733648162,25.095300554120016,29.207218946747872,31.94554855480561,46.693308374555414,40.63440000807367,18.731007706114497,11.370267696730338,10.190728407749774,10.645306263173495,7.124151525490348,6.086503766644569,4.6738511697219565,3.6018177440614068,6.4959460913845675,4.833543140265689,16.076571721636057,38.743395069383794,58.9998027067186,47.98075374069255,40.40082763392088,33.98912636689829,30.20694006246596
2024-05-15,14.35351890966487,13.662616486034125,12.709359182071353,14.35852991677875,19.171541977804225,35.3540036577085,20.635554630935218,7.002414261398769,1.8262322973928633,-0.8241656146249312,0.39018005687684365,-0.2802998299606543,-1.2401551445280177,-1.6536226224054076,-1.376961463834931,1.1369618208355377,0.874549689660526,5.43284388106693,26.131329153613592,44.74952017193257,34.35265655290823,26.960327232618255,23.318571027467982,22.300808838325935
2024-05-16,25.076177423473,24.481111504042502,23.477894213670552,25.843769024143413,29.135908637454506,43.3378120083904,33.08138147444345,19.62926669456698,11.038245481736567,8.609751821630724,7.632039733513764,6.636204728890945,5.261730223814709,4.304587855063602,4.017823519504006,7.041825858893901,9.23798189944469,17.590011082953893,38.5773368856981,58.76808768052335,47.294115716594135,42.863208853018264,37.993200292882136,34.573614519439715
2024-05-17,44.474627785803975,42.895282523861226,42.63357364772348,44.01984044027495,51.708068717028226,62.8202947434007,55.719823673178084,38.65212377905783,26.395623743808997,22.638836743230513,21.464369317602902,18.731506863779558,14.6109965530527,11.841973293308456,11.655799628227953,14.40428548301793,18.667499375143052,33.44904768647403,55.33097291879689,75.85032378240868,63.450694574793786,56.26145033717168,49.05316128387889,45.04552992626779
2024-05-18,51.191964814314076,47.54844467705466,47.51534230916852,48.798720967124765,51.78476265076932,52.610035331712474,44.487885169957224,29.386155239020525,18.533829772258812,15.428414871759585,13.033565960933458,12.020612535256603,10.272384417827283,7.434732722210313,8.32231331843522,12.09575217110826,16.331274153793316,30.536454807962627,50.24058648970612,69.04622189406919,62.834481795740146,59.88980704828856,49.374049516773326,44.99743507171394
2024-05-19,47.624474158832946,47.612324126597976,47.504368031762475,47.982658506052246,48.220516359572805,47.80441636653802,39.311970787392525,25.8901282319636,13.602581102261027,11.259083618849616,9.447738165946035,8.027272963538621,7.353023374858267,6.92222393709153,8.426916402132761,12.402303602921506,19.232178612284216,37.02657789729142,50.46346329293851,71.40592629894655,68.1643936073855,62.21435689249682,55.66516906204639,51.54284278054533
2024-05-20,45.70761184775355,45.95257113532293,47.078486494246945,51.32811866846039,52.57359623591667,68.1703581145664,64.96024342785918,43.20246475260777,26.561759823681115,23.1294638176212,21.67758648255321,18.024324593357974,16.492337127309767,11.576881188430818,12.019889557728035,16.122713203753094,20.126003841553256,37.4019956435728,58.82061433168984,77.32990763852584,68.76863712898768,63.654264461643095,57.87231283754241,50.23443280378433
2024-05-21,41.44174820876428,39.93101346780862,39.27184656174348,43.76300697156889,49.61496143068164,62.59639531519071,55.45027833175702,34.05641530967553,20.95524411870298,19.335694135319372,18.60857730432366,13.909619498565092,13.32937698725074,11.709708983488213,10.770194004658237,14.389087643549132,15.497157533378981,30.164094692224438,54.23653239549533,72.16989366457966,62.96794847701662,54.491617609233316,45.33895938921823,41.57837580471835
2024-05-22,45.150954415087966,43.50482399058521,42.77726238243804,45.96796163394458,52.25547683292616,64.19929283837432,54.36205735796824,33.31979806171631,23.040553789323084,19.948292868883726,20.938268039298308,17.07386415688191,12.943766180296777,12.912986978837083,12.361009327932095,17.842618436818313,19.888794383243365,32.65918258511354,55.032011634040686,71.61349716210705,64.94070713507534,60.99726684469579,52.530934392304786,49.21294511312392
2024-05-23,53.88268564672536,52.55980046921492,52.80610141187343,56.12552266554468,64.27874648932205,77.30415532790701,68.17528764744851,49.94228753783504,36.43518324658427,32.38702026383767,30.575056049723344,25.735002109937057,19.8194873251191,19.290919275274348,19.33729322707684,26.98745928367417,30.364707201469983,46.30382174625478,67.37580144000285,81.7503915890313,73.27548216132345,68.19395130649221,59.91307484751228,55.1049303553837
2024-05-24,62.57674793843251,61.685985568422964,61.400311097529055,64.02129722340479,73.07173987559601,82.30549857423756,75.39332857887717,56.41115154740811,42.95955461044207,39.237564391389796,40.706325305578304,35.01852693768832,30.372052378915185,28.199374206236115,28.44193069987351,35.64841611507114,40.0528626217619,58.245022412382866,76.90123886323457,92.93609936933942,85.48682053045566,82.1540246237338,76.77476249328332,72.29677716444385
2024-05-25,74.74411620241997,71.79366693454514,70.07326559041715,70.86727402213506,73.08341779679037,72.1325436633667,59.811488688952124,44.10845155914721,28.81452834466215,23.363842159846627,20.495977456505287,16.230249334591235,11.350023300223228,8.991041707455153,11.854225529332226,18.623169464513012,26.683147783363353,48.388343963426365,68.94885290253187,89.74766959392953,86.37533938385292,82.06161515220433,70.10238689271651,64.33338953652702
2024-05-26,61.39558152531455,60.58186028463732,58.78562257744575,57.47947767847813,59.962409607208585,60.11614797464558,45.71905100318406,30.156533981611602,14.469728887948477,11.821235858822703,9.704169524997056,6.471453553424411,3.7669836387999425,2.4791731305408007,3.6168295365798,9.19315411986048,17.402477106583163,40.72984754023335,60.170489557980034,79.36698077163419,77.55314726458143,71.34280410362757,65.33435658794694,59.0016313671923
2024-05-27,42.56353045730134,43.40879156373549,44.92372140325079,48.62230624609478,55.69776405003429,67.59785320652782,60.620718191765505,39.201375292216596,25.962732979696682,22.656542771102693,22.982846071318946,18.596374949825275,14.078055331512658,12.26877848544683,11.590864307439617,16.73281941298042,19.08249976757483,33.14631202077584,55.009130396935376,72.00641181430404,66.39753922804218,61.25911666340484,59.85314144575384,51.19168090473943
2024-05-28,43.21282220656954,43.82214079580035,42.11290582848596,45.841959924204666,52.22125965500448,62.5338593667174,56.88649374495829,35.8957323641492,27.713414785661058,26.473927452581933,28.364603103073463,23.85057825705431,21.81447445837003,19.74375875540862,16.92074539844856,23.7856906992549,26.428774078591147,37.87845333506857,54.817575767421886,74.14439253418483,68.41881410204947,60.57460610081766,54.79329830322388,50.92179069643751
2024-05-29,42.12816001364335,41.83131707932401,41.18997232319493,42.79191664335132,49.28012685238161,60.98326658104195,52.43172949084422,34.830464353246185,25.031563279515098,23.177977317056502,23.30958174888501,18.600792095986947,12.748109911524878,12.927141235620667,11.514621671915222,17.295131391590218,19.3887553915212,30.185688061342773,48.176646687378934,65.0756766502823,58.66774213210367,52.53877668638029,46.03571963826488,43.6722681081219
2024-05-30,44.99796688151909,44.04886145298007,42.483936830187154,42.80916594255873,46.81390429450891,54.89859952224689,46.14910649538514,30.72345617183727,22.638745692112295,19.40429698533086,19.96294495936438,15.32012623139046,12.914217150845445,8.429415255112062,6.218907142441708,9.816076632754587,9.378798886288223,20.67485374661574,38.10020927186444,56.03931202677035,49.84825652115529,43.73207878326539,35.78734635479336,35.20248313220881
2024-05-31,34.250634815589706,31.578976876643566,29.25990400890194,31.664274995412896,34.30881275800327,41.217832104731556,34.37808379342374,21.682287591173903,17.186688389998196,13.17660627570821,14.559480190635313,14.469162897117954,12.922374084955848,9.077657860266001,7.423771883855679,7.739798011866668,9.970680204903232,19.02387281208614,38.11038636881841,53.38693770209055,46.06628659054786,38.32527320803696,38.00870142277715,35.86834096883618
2024-06-01,41.3597712779775,39.52237164957474,36.32194177990968,37.90726227666498,41.1394927022738,43.87091409733509,39.46026509808091,31.146010635477765,26.63293050958208,23.9835954801582,22.8187745831505,24.40690411659297,22.367631763903447,20.21583556928465,19.973725354506257,21.493473093848436,24.756367739192285,33.795368016686425,52.684208246770964,67.61292169328753,62.045269010773254,55.730191330386205,54.3730018175342,49.33754170615509
2024-06-02,54.47473887830215,53.05151125264092,51.48191551904823,51.45659356342638,56.484839416244796,64.21898314679856,62.02043006025785,52.81442853107028,45.061906449846035,43.489453444226484,39.14831008864597,38.973618884076714,37.83686438236832,35.63915507724843,35.93503124512397,37.144126754130525,49.63918316289194,65.67190295214918,77.75200370155119,94.81966683883486,86.30827219387896,73.93216368808346,72.19365598541754,67.57996969139356
2024-06-03,22.070526617531513,21.239277756181068,21.705024829152322,22.4241216059349,24.622469059369635,37.47993739407953,38.04610680134796,27.470559210300962,22.488684773024872,18.34301472690042,18.700336485233493,17.812479991853735,16.293451501038447,16.217995913405503,16.32361691119722,19.001244250451194,24.87956463293,30.103931791773192,41.54138882230701,55.72764024964654,47.54301477835065,41.451874356265094,38.06040851516461,33.900711910499396
2024-06-04,43.5405588469794,43.09903296578655,41.739991290670226,43.428789910902296,50.33504882384739,61.706629877122886,57.465731941078005,44.12838037299933,33.51717767224396,27.53372602163722,28.380546623621257,25.16420460882786,22.45216049244361,21.828623306736205,21.96318363023296,28.11755170204748,32.86691121715279,43.51263790079393,61.546043588536634,80.20888058220035,72.06816146847954,60.52713120255072,55.00128228697935,50.36389931963426
2024-06-05,84.20296502884003,82.56920107349981,79.69351129710975,79.79649164802069,89.11446532581378,98.07487500042316,93.93495350764479,80.70648183039616,61.862539755570005,56.69421625178839,55.695608333248735,50.072057043744515,44.40392017841369,42.25112295792839,42.77678170006335,49.59301212558827,57.911911665631834,77.79191462478961,100.01529612480387,110.8621061620579,103.96231945031235,94.69691520914606,81.93253700411222,76.94089399292588
2024-06-06,85.03413707979581,85.12224723831278,81.09242321648148,84.60740224669499,92.1902933239598,102.95335971428429,100.75551106376183,90.50193491029042,69.34202576065161,62.29682377519078,57.17565802033103,51.46835581072496,47.70975759634638,47.00075810405603,47.16130859889061,58.42607081959265,69.42540325506238,90.20495906604116,111.59142652983508,114.80476813842516,108.1004147069109,103.25499023340706,88.19549922353387,82.29850400852203
2024-06-07,85.95551424445662,86.01004574380947,81.8449596179738,85.35441589292068,90.70578712568283,101.04300102638169,99.83789645150324,88.18306973642478,73.04651452053645,64.7309202608758,60.28277969289748,52.8502819842693,47.2985957903373,46.88759846200912,48.98909283078392,60.06130760500167,73.18337881269322,91.18272872488785,112.88090852366557,114.20520405146651,110.40640780273759,102.17375033660075,91.76595762560635,84.5609946639617
2024-06-08,86.44509851308408,82.29124373316023,80.08417148683276,83.07995465055338,88.35321630538267,92.75876130739833,92.07590347379409,80.55330385608156,70.37788821740205,63.44654443943291,55.520636980429465,50.89419689622014,45.195544709740304,44.69163787877339,42.998480616311646,52.97761860099489,67.2882305736869,82.89708851839123,103.5869748849516,107.39313426036313,102.99466970446356,94.7174610859513,90.12012389370287,82.42380451437364
2024-06-09,48.07126170030866,46.56812424968453,43.34589542056891,42.41687512196893,42.6634036283983,42.91459745179037,34.14916807196704,26.738027140456595,18.78849012831691,16.574057563867115,15.594314013151276,12.065972982180327,9.823566506600045,10.02004793067485,8.273481600092225,13.829146905461926,21.18962670203564,39.03331061241272,63.808832773986325,79.68148022283458,76.37119752992778,69.4926076233034,59.60641075087551,54.06534447282412
2024-06-10,34.25082972829348,35.75066314934412,35.49544758573308,41.928497717035384,49.52236400970159,64.25827899015616,65.13808716971884,51.256448468681455,38.93860861613709,31.30718705825619,30.48545621458875,25.72285631620464,20.7075433517076,17.12039973403904,17.915006240142347,31.931612380475357,41.36826173919877,52.42399069037445,69.35261564757923,75.47780704485402,69.84137903815902,62.58010704226966,61.208306669943376,53.10198079477857
2024-06-11,59.59872846022624,57.83571483936576,54.21459833613374,57.22227708053461,64.75638698287992,74.41403477483782,72.32570110383256,53.87072904812628,42.96111265750524,37.336427387896464,37.94781989749846,32.5010895976763,28.703918477514108,24.892616959875255,23.97767056010892,30.68868794402404,32.0119024584221,50.78476940419114,70.33983032590254,84.16957485481468,76.93699042326297,69.2939111712228,66.1212057957679,60.4111429373663
2024-06-12,64.07300892293041,63.762240193603816,60.37692839056693,63.65910495174963,73.02477106540931,84.36061379270731,79.95418034887561,63.85877424221839,50.61725089237214,43.185381488455306,45.37890426692543,38.96664263663453,34.289190783396876,29.847089330905916,28.984547940853403,36.530411699501016,43.24191675569662,62.40071194297616,79.44265147731511,95.91741998010959,89.57408769433795,83.20529086395425,79.89208810302327,74.69357742495146
2024-06-13,80.6207805727824,81.0597211754574,78.19905870298437,83.09426581989975,92.1626653590991,102.67611142469023,96.53309109817255,77.73369844755908,61.274652962368776,54.67037658437848,52.81627985667992,48.05871247617673,43.430198288558266,36.988965849616115,36.34405234096844,46.350541711301396,50.59543512587446,73.80260402042927,94.93822020816982,108.74264067221384,104.04691220985663,96.70702552339267,91.63269235446913,86.50285822982389
2024-06-14,78.26655977744169,77.10240648307455,72.6674508291775,75.85729193361796,86.53817626044675,93.28856000309757,84.48437203065136,62.53061565699727,47.651289508684926,39.65919321792133,39.4546461383051,31.54076753551753,23.550558339315472,16.654700278449255,17.36775647474707,23.07726024276053,28.42162447632569,52.48873145676244,81.1949607430827,94.20367361605335,90.4520723131069,82.81204809077217,78.18834892396671,71.17892898124543
2024-06-15,56.49480195241202,53.8934726509982,52.63729415728672,57.212960090019465,60.56122857374119,63.260435854594846,54.477047978135204,31.29402264959215,18.82590339648928,16.339895688488497,16.179930724140092,13.518352771122622,11.677652435826843,6.430313248501193,4.8827357758874115,7.163432394587346,11.957963673548193,35.178613093962696,60.995634345633164,81.32156200023712,78.525465182234,70.90340754909508,65.13354406351905,56.9419218773308
2024-06-16,34.55727521985135,34.00099108455092,33.72053746301417,35.9470052786547,36.80511344583539,36.57084696758659,25.415166451223527,6.880922536922782,-4.270890862368859,-7.511186702510983,-6.510320264675997,-8.44969054541302,-9.806975089934625,-11.778862033523325,-13.562538099328691,-11.032808335275064,-4.183298039817501,14.013013666857134,42.22582270641145,61.09060452124913,62.25585721391187,53.78678887279024,53.18376315428257,47.38908929336701
2024-06-17,34.02714850079177,34.16215682720377,34.56328813965285,39.67877341359026,45.083359147635996,55.359303927236695,51.70608983281788,32.84017444443258,22.686698596329478,17.89422907391581,18.183281403093204,15.063995026805841,11.83488582335184,7.640037227778635,7.108422335093309,12.599179467665579,14.705565727162607,25.87767713378439,52.89245929693756,69.22898929496742,65.06785488806905,56.47675857377064,55.40840363889036,47.684742621037316
2024-06-18,48.35210764026556,48.75442954401384,45.93282746130183,50.51101655176048,58.79925225823874,71.71922977556315,67.10151160579102,48.96262962240773,39.03434092921678,32.80379725998152,33.71986190909368,29.73772798452137,26.077989017487326,24.398120020947914,24.16060119661701,30.851315375536785,35.03807928614604,47.15183955692096,68.06557083061239,86.96548230366511,80.64610509813248,69.03268221245162,61.45599823765703,58.49386864990538
2024-06-19,67.12285539698165,67.39100701480129,65.64743505090141,67.31433882341898,76.70709082598137,89.61871467029117,83.2446642255363,65.41948130645963,51.101051796855444,45.897236372100224,43.95013916000088,38.07584781590774,32.296526767656644,31.73395918386762,31.009320421496497,39.396286626756286,45.008014109747464,58.35770506093766,81.48239166890008,94.89634721043478,88.68781735881805,81.07753319165131,71.46434472965385,68.1655963701698
2024-06-20,81.72370380525385,82.39889567363645,81.60656964911112,82.744027655966,92.59331131338315,103.8910148892492,96.1357984077305,79.76470078665356,63.86183040363765,60.34668452683389,57.13823096865032,51.82044159058425,47.06300766593391,44.09404519500157,43.92564649153073,50.218218724417056,58.03939569660877,77.53552613902585,99.89805707547421,113.9205550732612,107.79168738620967,102.97687084646341,92.87055490221294,84.88464011059702
2024-06-21,99.50497351774474,98.69063723718698,97.69589996320126,97.49717454884336,106.32318963327141,115.31935141523077,106.31752535010666,88.46931274649619,70.61234353176857,62.43498070100716,60.94662492246454,53.33117361061477,45.70896153056853,43.810850508320314,44.755798582287255,53.553633739792076,64.38038545704492,88.81420445647554,110.70663629059867,122.30672729725585,116.16602863752523,113.68112186119976,106.9536001688038,98.85850582319553
2024-06-22,87.67932077005896,84.7616065279797,83.45411412261687,84.12568348817113,86.34591148720841,84.71309029944813,71.85666967159929,55.11541587817062,40.79313027046018,31.70110138000838,27.934833671183796,20.916526044519742,13.899280230301855,11.092433844211897,11.763549698735261,19.349030316497178,31.306455315846904,51.97844600009478,79.03108047888432,92.12674372609544,92.58549862688736,87.60641708822581,76.166242463591,67.49213516810462
2024-06-23,50.35914500114943,49.75980602540186,47.81606655569709,48.883177379576,49.361146929573266,44.99852888503723,30.638892690396958,13.723272834835853,1.9060067147611477,-2.2724105513997586,-1.8768553010727373,-6.680914572691833,-10.69532851041427,-11.570644370817547,-13.821293546862648,-6.97823677561783,2.7745397840230197,23.408719793276518,53.27814604471931,73.39355559977969,73.63030628120241,64.30497987395063,63.36122064748282,52.303214192399665
2024-06-24,47.465861699785414,48.41230708733455,47.103002584452405,52.315017114794195,58.45406198155309,69.61901691327924,64.46507365620147,47.55165167035085,36.51756999000597,33.605348277165845,34.76964239217597,30.732306560939733,27.44409485533687,23.57590655194413,21.130355114118075,33.70789779832657,41.6132035020772,53.41096054074093,74.71422803301866,92.541041334472,86.21172764968907,80.80664316575849,80.87518021512703,68.78959808411943
2024-06-25,67.85860915473282,68.76962167401088,66.44717095578729,67.8196764607146,76.87501750872212,88.18007093967513,82.46283289106302,65.93195166946322,50.3175892320634,42.53496716549604,41.814829021611246,36.917275526706305,34.92589332465046,33.3446426956788,32.45232486673135,40.30159232923847,45.655089700376664,63.29318077757215,84.40470922617943,103.17106004964634,94.29981820530254,85.18940141986891,78.5416383932631,71.94637986434975
2024-06-26,82.30345619688325,83.26974042829495,81.95111062181728,81.6619752827415,91.02725940859418,102.42148348361374,97.1415195722021,84.29664517618222,68.18231511320622,61.449858099035275,59.707100529645636,55.25009158088097,51.73643613788809,50.39630150639851,50.595934546855915,56.000216436609854,65.00641667554981,83.47542434615387,101.09173079512905,115.11860107775189,108.50984274158881,101.41200238193082,92.42798708810989,86.87289373524825
2024-06-27,99.70980117011838,100.05999439082619,98.87407705912234,99.35316419771095,106.77658824821188,114.39026845129536,108.90861209495213,96.41867198606046,83.06469394552332,75.71081386258925,71.73936540217599,65.6468359941909,60.642646729285964,56.513297941990935,56.54979930648886,62.049997179225606,68.4998651795325,84.38024280820035,105.65201339179106,115.02897632390032,111.9860495492029,103.00586593024121,92.86731036285201,83.57890606913833
2024-06-28,87.90172257731317,88.34557559216469,89.31008869478553,89.40452004758575,99.6644151086281,109.61965077355347,105.2137730945012,88.55665401858577,78.19587408253224,73.55044786720134,72.49428239888256,67.92662814580785,60.02094727700572,57.01469416933622,57.19247206425927,61.48122657387563,70.48568342727677,83.39910427200908,104.47190450657804,113.02324891630053,111.5651613007435,107.32473177583954,100.35149871144091,92.92334559190033
2024-06-29,84.8221522711102,83.4795941442735,83.7279000214661,83.88153110979647,86.94911081999149,87.85634021778759,80.15412600064684,67.05698732808168,56.51891915922388,53.48029105900659,50.93402512760224,46.30004032186516,40.28894890841716,38.6404705453695,39.56896184259114,46.122717444083044,57.9546752450615,75.5064293228755,96.01035547857941,108.04823083637174,109.98545219882982,106.77736494282703,97.82982050291383,91.01061922485731
2024-06-30,78.1633383688389,77.67010205597296,76.67620118094241,77.75401373054018,77.3926619214934,75.15468644386905,63.89639477188139,52.44994996752837,36.90989912110855,33.33439656966219,32.30120537592437,26.406136201061443,21.07199854058591,17.123297305175953,15.012896519885231,25.388673372926206,38.165314704438956,57.93071232685267,79.75929157188105,95.02815526223704,95.45088536206252,88.20538214741374,82.96637411059592,77.6582715760061
2024-07-01,59.981888120408726,59.92064147695232,60.20222544883129,61.048272755500555,66.33833663999158,72.34773150239508,67.2194582112829,57.19803022865267,43.475530038140505,33.941611788601676,31.98399780873747,26.039212117199924,20.234288163820224,18.487601298903087,17.668622308778694,24.821546967781927,29.831050052048624,48.84100122811148,74.0972634571643,86.689280526494,85.20016046219109,76.03807026496978,67.53151413363847,55.891306883404646
2024-07-02,56.50920997310456,57.20100113326776,54.174688557760916,56.79591502386466,63.650681388400756,73.91377446403345,66.84232329596401,46.62063421911154,36.622573742932545,31.77501240805006,29.971793165914093,27.247112109609716,26.152675361981366,23.50646709058067,21.260290556825694,26.8608013737379,34.105424278880264,51.127052187235705,72.91296585204957,90.0372060090883,84.93241881572138,76.21198255155298,68.90701713904016,64.69415300763764
2024-07-03,70.2345380595327,71.23435439245124,68.67982794407465,70.12759869198311,79.28756947850049,92.62582505164431,85.63727405227765,71.21501850168026,58.004130807630666,51.42694861927641,49.32948202109908,45.66536199044276,43.91659138617513,39.929098938068464,38.2612327700878,43.5312298446743,53.794608238652415,72.2396682593869,91.27517860198276,106.69076970766703,103.29625532837332,93.59151727410189,90.05312497141487,86.63050597297908
2024-07-04,76.54092050598805,76.69179344607639,74.84313828337353,72.90032825586846,81.70590292026411,91.5761104505547,84.75429021317217,69.38306733998718,54.59127377368142,50.12865634845548,44.91031723790808,41.977653419668016,39.143427426093545,36.7519225044208,35.94930843175076,40.315160506692415,48.767577606657326,66.8039654528094,89.29568423934349,104.04580092628817,101.59537252647559,92.58690451415356,85.17713446901763,78.62405061668767
2024-07-05,72.60546517538886,75.1437952970136,74.68632070577648,73.46692340891767,81.77878725735863,90.91593594580047,86.03709252770189,70.54081694344481,55.242815540297315,49.35837323438785,45.84258868691364,42.20110033329545,37.9611394831145,36.504575731964565,35.369121719728646,39.22610887204348,49.51874042996741,66.72766212997347,90.34865267955698,104.12192734444673,102.1566879007315,95.08478085398178,86.99253014508443,84.20761136437457
2024-07-06,72.67415149965998,73.12388142103194,69.93795205023272,67.85887218286172,72.90074749496458,71.91379478173059,61.522925672327474,42.85770279636179,33.59055059497581,27.478812896975143,22.780477901455882,19.44818098111776,15.060775993469264,12.781686926334842,11.639515492187755,15.019011453042424,23.158078774158184,38.37172830601939,66.26773765619134,82.43385766154192,84.26876709272811,74.7815935711485,63.283855308366725,57.236056533774516
2024-07-07,48.384596545872505,47.89365353998036,49.205573395614095,49.146121674864105,51.677532470709615,51.01699588165427,40.95554298226919,23.49458735790894,15.513196266516374,16.21911029157323,15.129783102886506,15.058029593814766,14.755795788194277,13.42746048000025,11.272483823500892,14.114829158574281,19.18869450544402,38.31795669207612,62.494438606546865,86.32356982231214,86.06929964485472,77.72704567088809,69.11179997865474,63.49805303963274
2024-07-08,65.89803364527216,67.73358232370506,64.97830377370465,67.33001183556105,74.47508590624075,87.14126365740397,77.99574655547465,61.606288785660894,45.92994027077539,37.63508862148656,37.19349076835472,32.55566824782862,27.50709836050642,22.879020775535736,19.935525741037523,26.94908811345489,37.05469427297939,51.90276128486124,78.98175198732989,96.83641649966981,94.56977470026857,85.28341188019441,75.01933185220622,68.98848538443457
2024-07-09,74.90951298178442,77.21044194664768,74.79878984410536,76.41995312460429,85.52309476853023,96.88155089091367,91.01179020421043,76.63919929437762,60.55217780051708,51.274340039475895,48.17784870841248,42.54495877694381,40.45523156853135,41.46008448629896,41.61996675614288,47.776058952299515,61.07654078201407,75.39852811150448,104.93584176551221,117.6777388196245,114.4559613790895,104.47992600857961,94.89152111510398,90.58313780421105
2024-07-10,95.76288225908411,95.99690807607055,94.53229926312129,91.53562850170734,102.98479790178725,115.27253595631095,107.49072156395749,92.12936953145817,71.94937882329225,63.25522908932471,57.94865306907183,53.99196566644439,49.569553459388395,49.43058142713945,49.84364418522869,58.13371845886926,70.35738492275422,91.2505360807611,115.7794227297399,128.80424769624847,124.55935908749669,113.63962362742117,105.8966359606872,101.12593739516615
2024-07-11,96.38386096499013,98.47879704716195,95.9872109909602,94.32414824534392,100.68045424029992,108.45943194060531,101.65467923321981,90.39491059762588,73.47923534563917,66.82594720894687,60.35070003999526,55.550655041054,50.4244477154646,48.730030009731415,51.05369714384082,57.68785790781996,67.85651278084666,84.8677808105565,106.79908138138448,112.98330417494645,112.84785085668875,103.03602116279342,92.39214779978089,87.18447344342059
2024-07-12,80.62066929326278,81.66733661594604,79.70645885751242,79.64335604551371,85.01527049286554,93.85339081195525,92.35978235588527,77.4719104488008,67.16300168708281,62.428560069846924,56.78673898140239,53.113789698783165,47.39910634111736,46.448428729077705,47.07324436180555,50.41555506876423,60.069896781775974,74.4365659097528,93.234426052225,99.82774452187553,103.51897059775618,93.75685295621192,86.75125061089234,82.67174466708056
2024-07-13,75.26404371624784,76.23829826370351,74.55235765269106,74.87533749641827,79.65995151221445,82.5146893910284,74.02781892435024,55.65905687838746,47.83375555647409,42.77839831442515,40.07562340453942,36.16449703014173,32.607374685300016,30.546094284353885,30.65448403980966,37.99612724889096,48.42986126432834,65.13560044791059,84.53633370694942,93.96789370229013,97.98735604760837,92.3450155378912,85.86349017002573,82.13808670226877
2024-07-14,65.85885982268253,64.52386781883462,64.93451543662607,64.61222122253622,64.57910113608885,58.67199441946889,37.98041857451041,21.059552676000948,10.54303119840813,5.513499846443267,3.099899315436616,1.5347328209027324,-0.2761535607695862,-2.233086860117737,-2.392783899522314,4.570413646480759,13.145731717684313,32.88010740333965,60.79058184825328,85.03922842846012,90.17353658662955,85.33913504382606,71.03826186354655,64.23506593731108
2024-07-15,70.4783527106251,70.97616172217644,68.33827007123463,71.79272322088542,78.71827563229868,94.6661169236966,85.83617990179498,68.15322905078598,51.56054683859793,43.32138739049469,38.85154006059096,36.56901212178403,33.50652473522804,27.863521614064382,26.860939777895823,34.70420083743838,48.94103607701916,64.98526209412391,92.28564152354593,109.10641199156323,108.76679354649454,98.20996213564213,88.96969443706675,84.24199604964663
2024-07-16,83.54607871981803,83.4251257465179,83.2119438676203,82.00304429585852,89.78239344263812,103.77537679523925,97.5704756679842,82.5436388396137,66.71550807049087,59.32962781475836,56.00755129111935,52.47301947212773,51.756480426163236,49.5844601727597,50.80893397465556,58.14817041934295,69.27791925934542,83.43688832721801,105.86086511860694,119.12412064430293,117.72976279108386,102.50518580073532,97.08403055613708,93.17499984704044
2024-07-17,92.87755638169173,93.21994059013903,92.71755774935801,91.64145950998504,101.44287552817264,110.82798565040223,108.27008158833226,94.32694595246463,77.60840571716003,73.71753139286714,70.62897646035715,66.96896328454017,64.76400670055403,61.45583410476582,61.77400831108619,66.1004544660015,75.09762240995074,95.74239696628493,111.9191914235806,122.98115172834291,123.32111617316585,111.64079893134125,106.50125122674174,100.09290889398997
2024-07-18,100.15225914147068,102.6459712899567,101.56139923612346,103.84968499488811,110.36248064764172,117.75332803845525,115.6772986220367,106.77444760645035,92.77760036163058,87.81853400276336,81.52532661989564,78.05278323409053,76.81272323582904,76.42864424181907,78.18976631333841,82.8270051157383,90.31247615576973,109.50138117081426,124.14543123031874,129.00830540599424,127.68295804047267,117.5596655842562,111.2151431492812,106.3875815749178
2024-07-19,104.89450753599992,105.88535875322037,103.50904434240216,103.60317419276426,107.26152783778976,114.87688478175009,115.82760540352028,108.24703615045632,97.42067716050991,90.1972632006691,84.80709006599943,80.18089414182998,75.89917101079274,76.13134726671329,78.06078710625084,79.97869670956285,88.37109912940352,105.33590854893521,118.4079617348128,121.95046454680707,119.47267217602115,110.09021518556857,105.57845562131408,102.00220874551036
2024-07-20,94.88209714141574,93.78961861158368,92.20108662250045,88.7505597333404,92.01997564866585,92.96584652365563,86.47214135400502,71.59100906112087,62.708811306283216,52.27748400018314,44.46610478892744,39.95794210279565,32.47204658926829,31.630189046530255,33.50761194526676,37.94533197231965,51.53538687457396,70.30649572715481,90.99458579986916,101.664988625352,102.96334033881925,93.11568460856921,84.43401730685072,76.69005503926778
2024-07-21,59.07052239853806,56.67650004662742,57.863483574256584,59.89445426680967,62.191999980659595,61.83738734861156,45.16756138638475,25.48481370267541,17.825427317235878,12.093444402466062,7.4976549188425565,8.153621166462884,5.885879840670839,6.638442662827103,7.802435213602962,13.290230964523033,24.106872738031626,45.55939886844165,72.91983031639639,94.97213846351995,96.43304981487248,89.74830612033077,79.79881735578277,74.64249817142795
2024-07-22,68.96175322491592,68.39679713106837,67.22435058877488,69.8540231806891,74.92771607665152,91.48303331471472,84.65506563804762,74.46075543576774,58.97574454514055,51.15331226944947,48.43155134167406,46.96701984165966,46.07030874273857,42.26673581084921,41.41699796687164,49.98806196590457,60.44339121733734,74.6720800293239,100.7016332894352,113.18247346412508,109.30337812970882,97.21810672483758,94.72290126374855,91.37562652062947
2024-07-23,85.08778105526899,84.5035221588321,83.1326444289526,84.57100804676638,89.51922162698905,99.62339675154472,95.61169667568669,82.3662355427886,69.186017149984,63.58730506361997,61.0145185854769,59.134285509554545,58.24043630362363,57.06078477059835,57.28761240829795,60.646445582262814,65.91049873485647,84.30455569926235,101.92884135681842,113.3963753668203,111.22751799553455,98.5934516301975,95.6398089495398,89.42613343491934
2024-07-24,88.73934658312177,89.06075126712369,88.96624853010722,90.84323497064051,97.31828130514161,106.25361433620188,104.88269007264003,95.2099264476906,82.20770514387941,77.70411199961426,73.48184193039145,72.05856811049203,69.88319123273712,67.57285239599506,66.94303791526166,70.04077640018066,78.97305837131856,95.09926267934719,108.00758811703344,118.74374377138695,117.2723874467707,105.7674924109788,102.79503626700316,96.15394367979329
2024-07-25,88.9472919159266,90.23646523045086,89.98189294625689,94.88123481805998,101.15043002041243,106.0639328064751,106.76541752869932,92.84378242494873,85.64792694517051,79.75017089589399,77.47078514979331,75.03673490688479,71.5809091343096,70.99133667281744,70.22258925376629,73.17841290115851,77.33162897202996,92.25501480488586,107.32641611488933,117.11011820837078,115.18054793584753,107.90210957559412,101.11861390829809,92.88212767859643
2024-07-26,92.0038914983474,93.5082847840454,93.40567504130331,97.74636768230897,105.43074982661486,110.50617209524646,109.72906467672908,95.19566968041241,86.81273284415514,83.65893675304733,81.88197883477554,80.9831890044845,78.53769837980168,75.2115181147873,73.30412933792162,74.9830375382838,80.73359475609146,96.64354392758915,108.86207927329903,115.09488577671152,116.03670073299438,109.93301053776264,108.23337446767582,103.87018160525818
2024-07-27,98.94393751396001,99.78482533556296,100.59224485875994,97.84060403023703,104.65064348455765,103.75428389430698,91.71239421755256,76.74459636455857,67.01555767729666,58.03379446390339,52.71665403252106,50.45454594511504,46.61687999948444,44.257012221410164,44.332447455222706,49.82252045832175,59.64804808461706,82.56261838989204,97.99694443881596,107.27934741355004,106.12350142820988,100.59754122813311,93.93112296239637,88.35715790967437
2024-07-28,77.96695754708297,78.0966884164208,77.65337663049078,79.17775316537737,81.69119178472275,79.6527111520029,66.27856289446113,49.360238329594026,37.972599171591526,26.03562928793022,22.436120772801075,20.244333348534596,18.3297696528209,18.335397167942986,20.125357503907324,28.40492197180231,43.590615243022285,67.20562510392774,91.86275281003768,106.64670571336856,109.33169136752235,106.043577556712,98.1220812613804,91.3125544848886
2024-07-29,98.96187832810969,99.2884620793396,100.2850491075742,105.7993659420861,108.81293315668064,119.97367386977471,121.44892275265175,109.36938898472218,94.520100863478,88.36262067532468,86.07159363686375,84.41809164468108,86.33191039012631,85.67942718221741,86.00736891467201,91.87453051830592,101.6413496491653,118.34217687500562,135.47419616451725,142.52045303201612,136.0601733265509,126.37356270279581,123.91341012606111,119.11547632432564
2024-07-30,102.59755060630201,99.38420899856496,98.44109895384675,101.01437136029851,105.06793047159744,112.85611135956248,114.60587615141175,101.20154300852204,92.31193106330468,86.42196066552444,83.01027752616791,80.60933783685034,80.57158615864554,78.20016512622686,79.88421369270732,84.38797506357348,87.62830181329974,106.42629893153217,120.2667068810874,126.95303631917962,123.7472091669708,115.61102298507271,107.37620118966686,98.01836352194697
2024-07-31,104.11582849949552,102.95016661534103,102.15443634627482,105.32494456674416,110.78308189843031,118.39859474619966,119.43999414674468,109.46817721357448,98.98675130116493,92.04678242471675,88.0006325108194,86.25847725185393,85.55639333291002,82.50966844389305,81.61236181556399,85.59385935167221,90.4308012992517,111.28368116699014,122.60729452907199,129.44150493673783,128.03488200108197,117.87388469195932,113.61923191609398,108.17351835849426
2024-08-01,106.7230456041302,105.78313898910454,103.5001695561097,108.0312752724012,113.5533665353495,117.96915553411786,115.10088798895757,105.0916058367621,95.22048852428105,87.92276371389372,82.84776168744912,80.09779306961886,79.80097941897496,77.66235201727187,78.02735746097554,81.14083738309976,84.24157797694613,101.03060099137569,115.20550997731733,123.68320656017411,122.93837169159067,113.61961808423428,109.83155950970347,102.2615136464801
2024-08-02,100.69665649717079,100.2957688679985,98.11517329311535,101.24020138232743,107.5629936512468,112.5883775658294,110.7606243020142,97.66610288747056,87.91824653506357,80.8807116581692,77.47368012118895,74.66546179730578,71.8332034154632,68.70043513060781,67.60517947285032,69.9675466331345,76.45446213185829,93.36025291338511,107.48313717911697,117.48434388982245,118.66206706749293,110.48260001900789,108.62363732551194,101.82232546096546
2024-08-03,98.00572953089497,97.07361897870341,98.6810519524978,98.6389229657163,103.71108580376716,104.64547321132086,94.13739439321276,72.68821928243815,59.951817502162555,53.463690106318,46.61733503712118,47.41037105905032,44.21228309460899,41.98321502771135,43.514512747680456,47.8712455543955,59.9460238730384,87.03958672053119,108.35441829341671,120.79798070752723,121.48514688693929,115.88512979915994,108.82124304902864,102.15974537518933
2024-08-04,99.87988396034432,98.26668140430334,98.72095540325608,100.77310815568404,105.6853512642808,102.09370220334316,87.37833753770295,63.673597943040164,44.33977456948348,36.081897719091614,32.213168519141846,32.51852714970552,30.718967142413447,29.00347448326535,32.18288656026115,40.20747403583381,56.13357156835609,88.420190053471,118.3130176938046,132.93806265496838,133.4787241245236,130.92256510287555,121.2811054785924,113.89047202598822
2024-08-05,103.86565406276867,101.60931655644697,99.9499186886205,105.82409158383248,112.65518059268764,120.06432874614359,123.74439524189508,112.27761887440121,95.81512834667693,89.21473679391679,86.70749012243294,84.94149579130408,84.88567711106631,78.66668032305742,79.03400936192176,83.89638425009714,94.02541596186336,109.94956888078758,131.67377708987786,141.12206396302184,136.0491414999749,126.40111646974687,120.82671485618316,112.05829380266864
2024-08-06,109.42761464455117,108.6402607569238,107.12725959427647,109.01156287512947,116.9263691103432,121.55361435837874,120.75631287077567,111.34711686645173,97.34419597506559,90.27996696588372,86.06917391569598,84.91566888083469,84.4558053703496,81.14249204937065,81.97717949860072,86.20736485813546,91.06452593544581,111.6702167832182,126.34127246606946,134.6895736866928,129.82539933327283,121.7223165218812,114.40551908469524,107.70669098841898
2024-08-07,98.27317871672497,98.85671394718813,97.27451685144045,100.27483694569194,110.65504152002572,114.56305492329872,112.71197189711728,103.90972739244968,94.04787691343901,84.79881532343838,80.55103180532892,79.93738342704435,77.06181547777148,74.0785312140914,74.07301764993598,76.16183802743679,84.99207074086013,103.2077343415834,116.4776466345572,124.95241902226209,124.90523473369271,116.79826420346694,112.66158847462853,107.05685127914757
2024-08-08,104.63650936931752,104.94828654408374,100.98198845437399,108.12058361487925,112.8486419512269,117.8911578809656,114.52612986325659,104.0627471805856,91.27892843708432,83.34590107839892,78.86265796692092,79.03687302974554,79.04638851232374,76.71493454634212,76.22722376550334,79.9210760026219,85.22616249399573,103.1461514415582,118.51193073490171,128.89796270618496,127.45246167464498,120.3701097691654,116.90126026047507,111.81813725131146
2024-08-09,109.23149995551658,109.90439614901494,107.99152483490155,108.83184933338525,114.57474750592513,118.82909627141323,114.77119478154272,105.45402193446802,89.03935982533568,81.36313324998295,77.61690198267445,76.88485604377505,74.7271645758771,72.38366930806905,70.49692889821513,73.78320612679285,80.21631417099641,99.55125228189479,113.39227328803219,125.46813704538816,121.79357692838667,114.650547171793,113.29684800834006,109.84613823313455
2024-08-10,104.21169676870768,102.066511662126,101.94481716870465,101.80857109327194,105.60974373646988,105.9426048011039,94.998738753299,74.16518280362558,56.607577332644745,46.60827593466373,40.53376582278706,38.71432161761159,35.35464779252786,34.731224726390366,37.91750856977977,42.82479944234345,57.68993552102975,82.23410264157843,107.85012796064768,120.24956678950608,118.29848634372543,113.44727805091125,106.70399153107644,97.38182336234436
2024-08-11,93.21621540539992,91.8110195224544,92.22296940143505,94.20689957509387,97.68327023745408,95.38363611656543,80.23700929562567,55.445661419950966,31.148457135792796,21.50766290177701,19.02639641971483,18.63638188353758,17.63629421270592,16.303047623765067,19.71929392573395,25.474233860053985,44.76368357663371,75.967461122928,110.18765258984047,127.28353495859307,126.9131122467085,121.65425441614784,110.50712955595783,105.81514066106507
2024-08-12,106.28101986657762,105.45822122629448,103.82882893999064,109.48965749293198,116.2817003947949,125.60904618478719,122.38342450379392,107.39417954667204,88.47324993123993,80.80744776924757,77.47874328170185,76.8826442234911,76.49347436689419,74.59894355828763,74.64741053197045,76.69671680044246,87.33005288426243,111.266365393115,130.32418356233708,143.6158356172188,137.22400350670654,126.0364068022354,120.60342216990333,114.41493477966827
2024-08-13,110.66417077026044,113.60119621907053,112.65114491923244,115.62730139579644,124.0843720810606,129.48025031252442,125.29604208176607,111.95925640442871,96.27058724742365,87.33172248276779,84.3953106668688,83.88447037780438,82.81548845052131,79.82987833704482,81.39257334885059,86.4476108028451,92.87356993828398,117.49727314478986,131.77350591862202,142.1211732363268,134.0050174386804,125.49961665641167,117.95601950768689,110.71143972829437
2024-08-14,101.68045459701122,100.90732368287925,97.5268152715793,99.44508860432792,107.86140789947953,110.33511396620189,104.41129896278684,91.9468625955646,77.2125487190638,64.58550412898133,61.099811728755085,60.147916238920374,53.403907658913695,49.300802649150654,49.54598942683364,53.56911914894869,65.83281057799587,87.2581467312969,107.27548256165551,118.70466778936044,115.28920848390845,107.70055079292291,101.33924290345796,93.01752760728156
2024-08-15,84.96884633602158,82.26039716521277,77.1763670435847,84.38333531168043,90.1508844111379,96.84652662077737,93.18812474870826,73.4676703304539,55.6426236206096,49.3827918762869,44.19759158455915,45.95296432224053,43.13156631749261,41.148415793793866,40.511548952434126,46.85103033291793,60.8367726910877,87.38150941337868,115.32746668979786,125.46351488495745,122.28792884471619,114.13907275189015,107.34601486409132,100.7782391963678
2024-08-16,89.9062565436808,88.20157120668779,83.77495049351022,90.8911054475977,101.37123917977154,108.81569304647496,106.4283980793613,90.00642641396736,69.67318882923169,63.06753160286419,59.80934008931298,59.08557082846728,55.949617628267134,48.662311611308965,48.090087445666185,56.480190833516986,72.2354272859654,98.57399146873423,120.60699802538171,129.8697521962909,122.45509504093326,113.83549597769881,111.43197675762205,107.71011804268984
2024-08-17,98.27870315383116,97.90610931539682,94.66190371908891,98.18311605387717,104.33912806686574,108.64975721246147,94.8870923925048,71.4475582080695,50.82864384401607,42.306786795063815,36.426128786899525,33.11691346028613,30.71096646127748,28.60572300844653,31.47642219235007,38.00569986029306,51.22937499345177,83.30332127441618,110.48558856621138,121.10670789133374,117.81303325328895,109.46831966793854,104.38078736025545,95.17527857995665
2024-08-18,89.12952106941196,87.402265667098,84.28185517134496,87.15055818604232,91.27412556613642,90.72850056438378,75.84866891948808,53.10061191652629,31.59801010857683,20.631116756896034,16.48536220634564,14.005375921542893,10.59658108975907,7.286481131789188,8.45414800806897,12.407221328712808,28.12690377673688,61.800361603376686,93.70985117776664,111.80831284186934,109.03504074188203,100.95533788178528,94.8829350068144,85.65023725369792
2024-08-19,78.71475087491525,81.02647858080998,78.67150182953353,87.27448578539742,99.02197793949435,112.57889531953039,108.46831509087468,94.69738266246185,77.72113257089946,68.12949790834722,66.19952240956309,66.46099381734356,65.02221272480303,61.809455428281396,61.50155649252573,70.4164427477471,84.07156694625598,108.53698100764738,127.17140596160016,138.10461994521987,129.33206732250997,119.95092451704247,116.51493400104438,112.66779286905329
2024-08-20,106.53297279928562,108.2259268256141,104.66046493741646,104.65265918139187,111.86759287914204,119.00275261481409,112.74868766752539,96.24678427743773,77.99690988028922,70.50270979754502,66.41923396957745,66.43328795006504,62.84756123568302,59.21176977377175,58.866266660481486,61.885720434493635,69.59609134382153,93.58525604250087,111.18041287511204,122.77088688650666,114.96030917034443,103.73020148983632,96.99223259064867,88.56386497016848
2024-08-21,84.82107756597372,86.72689733685543,82.87561086724752,85.78143115529842,94.92300590442589,108.4847755549681,105.0971505429471,91.9580407296063,71.59485334939285,62.32182710076506,61.77518838933121,59.311640744569644,59.33437489450918,59.700503480096984,62.7317890490493,71.29512532719362,87.89235239929172,111.66728143259475,130.66975436961863,139.38245743496338,134.97955211012004,128.89307959598918,124.34899201684087,117.37480224688316
2024-08-22,113.50029924534869,112.7644792975536,113.90190263125308,112.15043559933628,117.50877520847409,124.51011592861997,117.71559577421975,103.62017702987973,82.4538663978538,71.91625449464479,66.63564429160317,62.45439957247654,61.33915033388492,61.85263596255047,65.17429344892764,76.28628425512855,92.42487558185027,116.13591598807272,137.51086844344536,146.07727952521736,137.82158445495583,126.53525071299381,119.25442337936066,112.49539512180559
2024-08-23,111.40933845348206,112.18125252662935,110.86099717156742,108.18480855457427,116.80026347848134,122.94317167232171,118.74290725816618,107.45994660816805,88.54411240173965,78.68414073250283,74.74256449687323,69.87522850526486,65.95093448472979,64.81676003930258,70.75362154791696,78.28640034994672,89.66071809141565,114.1548010928471,131.4810526152564,135.94260006178953,126.96079418841691,121.58840276191486,113.38490392957986,103.36424950848192
2024-08-24,99.1340823008924,97.1890295145944,94.51409878262119,91.8341025859275,95.26532655739591,97.46515310618778,87.2907991632375,66.31865142295916,49.36844626280748,34.876984114099244,28.825940260486803,26.555448564946744,22.992355802343866,22.062107238874546,27.712710539097586,33.33241910172106,52.050517127995946,80.10640179092394,104.69117158787532,116.6002564634666,112.85569122630778,105.05110689236982,95.95728243984186,84.4356167844819
2024-08-25,69.22705501627424,68.91279697070583,67.16700305454545,70.59934688532606,72.21497564203511,71.95658894971284,57.90441105583042,33.75963042190669,14.377648223582128,8.76981754417011,7.263828511044466,5.891543272304759,4.098266477761484,3.4171018010102614,4.6019275264426085,10.157616895642533,27.061363111745933,55.68153290786813,85.27495327852424,103.06512893018898,102.15203846484474,97.21538889226991,90.30963791778511,84.89008817402818
2024-08-26,74.846828128513,76.60753145321097,76.30605877597067,78.89191261129523,86.07255494042325,104.59042975348115,102.33733612293251,90.54813105176754,73.53681536005467,65.53094378617462,64.82863130349622,63.79134865570695,64.7347300613008,64.47172542935685,66.28630930465569,77.04087540924056,88.78588753081954,111.00995343928997,127.53161614382962,138.80766131813436,128.88447457460794,117.41834555933113,113.61600612482097,109.62499154862596
2024-08-27,112.59024730303123,115.52584484649267,112.66027218633221,111.69511184403406,117.08824859782767,126.1856300698988,124.87214230113811,115.77698273614847,94.08461802593864,85.94942460870067,80.95554924582041,80.31341320972187,80.36368940134504,79.6446330411367,82.4551996399866,89.44700245548069,99.95669281788454,126.95751829068051,139.27625379528564,151.52934493529028,137.72177404048688,125.51277140434564,118.39162585264953,109.925017163567
2024-08-28,108.20959159915047,107.68286956828244,103.95366101085817,102.33168105962507,110.46663236137127,121.36998981432167,118.33830693555369,112.50430133050861,96.61457752557226,81.31084204551136,75.4402339083562,71.6480205823734,68.85137714060286,67.28418413212427,70.10710128983871,75.65712581952437,90.45492854677707,112.35073918338867,128.88361989109808,136.0088760706898,124.58829902019822,113.85352932095815,103.17872676607988,96.12441485685767
2024-08-29,98.97596833273215,102.45961981061728,100.91484124343692,103.99056943964486,114.39954464749333,125.55560128128256,125.25034496698262,116.77787206757644,105.40433662179205,98.98721769989217,95.72755381774137,96.21697065413737,94.69548131515862,92.98783509123663,95.67037369104467,99.4887505109714,109.57097621610843,122.5872408919004,135.4367881655355,140.19609748691767,129.12902072423822,122.344556061059,117.11190168316452,109.32199221292723
2024-08-30,114.56953471309026,117.01453487735542,114.28654719627461,113.55128740740392,121.42036342103287,128.83941483417308,126.62923847353939,117.78217797647844,102.44789528392226,95.51105376680584,92.32352954145998,92.15334221860411,88.67750880182022,84.74511201676118,87.14554901953288,89.01369581079294,103.46404583289959,119.42232594629397,129.87505943247982,136.98640072146964,128.7109114587025,125.64437920050598,123.21415713626666,114.44177581281691
2024-08-31,115.89858137453689,116.85241861370548,115.45332104965854,114.68632364412656,118.15206398173473,121.23157242352244,115.25026657858837,103.67751087757098,88.59845932526339,75.21101971986593,67.93966244113713,65.45655509138786,61.264375629372196,62.18684362945778,67.87896985116268,74.24905786797447,95.61962000828746,118.06948983961507,135.79988094544288,143.1172735851112,133.02695439588135,130.96146437616903,127.56302680023416,119.56135514818145
2024-09-01,126.63798222057181,127.01138585972028,122.90918568934467,122.86329927457842,126.05539097136607,122.10819801451176,117.95204552105531,109.5710210271881,92.21013836105413,78.47611014591243,73.02397784028045,70.17888661920969,66.07921595691298,65.4470700093396,67.81853828579867,77.1738096959684,98.80035051299328,122.44200833066597,142.9240375931146,149.00286183566715,140.39264411713114,135.7365945805162,130.5545463329817,124.20747263033775
2024-09-02,112.72311503749869,113.49910972281329,112.68519557676343,114.7801604474406,124.16500248145519,132.85604098719924,135.8158120641537,127.19444646634375,113.65481291209491,100.82833048686294,95.23687356828336,93.25757226175858,88.36061008488517,87.26298895005255,91.56967314316626,97.32924471765924,109.44315462188665,128.42497711247788,141.07037345281,141.7577371462909,130.03145091331123,123.47022114626176,120.67541996134455,109.6595049534998
2024-09-03,106.28033208729376,109.77568695662302,107.64121549358025,108.0541229152616,117.90423035523136,127.6437507043414,126.335273733265,112.25001508054677,98.31751853118875,88.14310751564324,85.2530463061155,85.903242739218,82.77572572855891,78.9662199833871,81.21478753380663,85.01588311981502,95.32903023666032,112.02453888472603,127.78163732847099,131.9846207455618,122.83592547586912,117.89774989533423,110.73492929694959,101.49294156141228
2024-09-04,98.81482520043488,100.40592738206885,97.14025406737879,99.06828294879088,109.14596792564332,118.60587046902448,117.68732049504945,104.69584900727247,86.82517990176987,78.1883246013073,72.80625358776615,73.34754148391235,69.60369667943242,67.40415881725778,67.46570361652012,71.99723465905778,82.72848976166594,100.88815471986942,119.35111946111928,126.56592525081982,119.27458452737747,112.51251723315559,109.59929666623732,101.64738968711819
2024-09-05,96.15228325695222,97.58085430207244,97.36748292154505,100.28059204971183,111.29744934590867,121.17435155188524,126.11581903299906,115.65171030982398,99.85156994674918,88.51522273883309,84.62216757354003,85.49734261897969,84.7916449002399,83.33331952583731,83.96410316784761,92.17637724399749,103.49033812299282,122.54265543221614,136.32699092675705,140.03570434474278,131.20752546397625,124.89800244960816,121.44050635417143,117.8834846879976
2024-09-06,107.46332315379297,108.25048141141379,105.1856348115036,103.02264079023799,113.75891430631727,122.05191172051748,119.96485473643067,107.18822586538204,85.38970925759139,74.24391974270046,68.63735902701177,66.28849533808187,60.357384180961134,56.34866154095519,59.91772442335938,65.45790235937068,80.91715793859873,106.52097956619065,123.6239575709294,128.8341739254593,120.47199905712094,116.8090927444541,114.24887874787183,107.28405161424712
2024-09-07,103.58054419419253,100.2896370890046,99.75857251379102,100.57194152938317,108.57235627924874,112.61631682065895,106.29244350142211,88.14712961026802,68.04444270376854,53.864318683162665,48.16892744251467,46.95159458578277,43.594783405237195,43.403263876112945,51.31957375967191,59.640769321412705,81.14992819386379,113.18476837683573,133.11394508782283,142.02200654073582,134.47315532200392,127.57520156100426,123.8014531267817,121.67382804310398
2024-09-08,108.99419063244565,104.05371979607897,103.47767427148679,100.37838207702572,104.93390710222393,103.94684549205087,91.83448254641262,73.54541989824014,45.93250031079317,35.41650259556481,29.94704600147095,27.269606005399837,23.807018246551195,19.75686720678941,26.449329873695618,34.35697508838355,51.89177062407539,88.75828060203307,114.26950080033504,124.75201141333943,118.3021596131808,107.91674711260305,101.39741470400023,92.00200911876196
2024-09-09,86.37113335241546,86.38648519113323,83.29637805047959,88.81173828233275,106.46862035148231,120.72090144256454,121.83695680683748,101.58908554214987,81.26816502204471,68.70585676832786,64.75415805445103,61.82249816939225,60.04507923498959,52.44853584150588,54.27001072861296,60.54601302378658,75.16259687397468,105.91433539192413,130.25377890419227,136.5845852523365,124.33832199108998,114.05110897570282,110.79172889965119,99.44521332073757
2024-09-10,93.99408348567283,95.56554749747488,90.5284187858207,92.98561624900779,106.46037265047309,120.2405836116336,117.41964608212804,97.05412280160489,72.8387761972555,58.9972252144385,54.671338700403695,53.73742236700666,51.82785156898201,47.01138525043167,49.985449546068224,55.868633301597896,68.22146272493734,100.51945082849211,122.07873213698582,129.4300844366818,117.0975256958537,105.0908043073126,102.56132663636986,94.9751653753159
2024-09-11,84.38372180985415,87.31613410234603,83.75491558718873,85.45413930203374,98.70590644143552,110.21596542039264,107.64173156668281,90.76676053451837,63.81709872342849,50.49489006802047,47.028931351643244,44.14593266060082,41.10514189739993,38.031563182538704,40.95249103099561,47.532315799223106,62.632585401387445,91.69544808863378,113.09284936499644,122.31511029144224,111.50448632438635,102.76034151856167,100.56683623720892,95.32117500438004
2024-09-12,90.70690471670613,92.9095469092708,91.50281605924135,92.14590406516668,104.14106973003733,115.73101504855951,111.55258783183277,95.0757242863339,69.47545410317083,54.16851330682715,49.13212479522444,46.86354396681196,43.66231070949813,37.03911005276758,39.965900145541184,49.18492848291653,60.67850872628088,87.76065018304509,107.28966939509598,117.42047592774138,106.04057827767346,95.94381799007817,93.92288946665195,85.58383327950419
2024-09-13,70.84934950660389,71.24078682874237,68.2626521288235,67.98963607112279,73.78227595711039,84.16845809416867,79.8312480740463,62.62881475618519,38.54013672298245,27.391625261292575,21.195079636471178,17.271924805787705,11.722990986698903,6.532392100573887,8.293483440244017,14.054296016592104,22.9579780676536,49.37042389448568,75.10323397498233,83.74912617983227,75.60372524125172,66.22433291135141,68.1416326966742,60.62656484889587
2024-09-14,57.96002233575697,57.03241559040679,56.99919184864829,60.810207311970906,67.23702622788613,74.83704450140647,68.80713329613303,47.23413319004953,29.072656640348086,18.53696992826235,15.575313307161323,14.048524534916638,14.53048581370247,12.43784480559377,14.649545989588518,22.31166510800081,36.33736350847795,62.37442312282222,87.1093745741564,98.50113155625773,89.10176974843048,83.43875030739224,79.11125805377826,73.49502126423292
2024-09-15,54.5420716841367,53.185708687479014,51.01296895059673,52.14579451296476,54.276534461417455,56.136367234305524,41.95302296634101,19.6033346822246,-1.3576880615168676,-8.380146066342448,-8.819346187201276,-12.121635405187462,-11.019799298514428,-14.021116045270247,-12.17393846591547,-11.163156117986233,-1.5968606880381913,29.24431855970549,59.50370533265047,78.89936323615376,73.47181601939646,63.64776984885856,63.52782764949958,53.861669105563095
2024-09-16,40.15610411154604,38.81689699403479,34.05651760198384,38.825753760884545,48.437783008229246,63.88139594495133,66.14029430973041,46.883861478925866,26.759597479141092,18.292910477378058,14.434085756279742,12.167397268796293,11.961066096603261,5.262467332601133,5.482788540837518,13.149662984148009,23.41292399690586,44.68291679655313,71.31799614922147,85.01375401854263,74.30038313099853,61.801583798863575,60.558709460398475,51.84604549799123
2024-09-17,32.97715301837984,30.625258649960927,27.27629051274552,31.021908335309206,38.153517790566525,50.62804256773272,49.40751138780479,37.23918452252501,16.639114349746492,9.27863760704085,7.091664690305194,7.309302176485801,7.506839940959296,4.436426420122885,5.535861240992091,12.340961402590224,20.909462965256566,37.69758906791864,62.042717211835594,73.80329944090879,61.31413433774689,48.30660648503503,50.89517528395035,45.38052506583348
2024-09-18,51.59794828685405,52.943236450985665,52.21947692740406,53.813343060224355,64.65758553374857,82.53554801913326,83.87375079790887,71.14257768380914,50.20632543681681,41.14871114933186,38.28194133616411,35.89198398282588,34.9665711601677,31.942606035049536,33.8520001906429,42.45528267307242,56.39430484516204,73.81764819169175,89.67237336538443,101.84409333992738,87.24118814366571,77.83915045398732,74.86355222556158,71.9430035707398
2024-09-19,88.11906379965474,91.63955747236571,89.95231608539422,91.0008102598905,98.35656703792819,115.01635325875252,118.88497080986865,111.44276409512611,92.07587038058253,82.25071122381505,76.12741713488256,73.83466938293988,72.63780421536715,69.45412034604922,71.36279128532368,82.12831280807728,92.72719389255654,113.31791040664038,127.80960582015278,131.84173180856223,116.83389417987374,109.17621334826777,102.92193573783251,96.09802443732511
2024-09-20,104.54319318125111,103.81120075905513,103.62811974149383,101.8617637291635,106.25190994236334,121.55205637735024,130.05049074749695,123.33226400988013,104.0757616465503,92.23001620174506,85.7708430647643,82.15049959205122,77.89614710747972,75.74549772552561,75.44121598453208,86.2110767837957,96.05747575687832,119.81871113589004,132.94939186771052,133.17290532235756,116.7658353016391,111.25056154358138,104.3258777464504,98.90361122313868
2024-09-21,96.95021102139184,94.59246668363947,94.19599780891193,92.46004214329034,95.68215245025068,103.30389530294315,101.84192614679245,98.68037753348783,86.29505507707213,69.78955636783579,64.10144380425598,58.435437480723145,56.072102518296234,53.2060563478799,57.965009645052916,68.19928435486815,88.55105110781054,106.35118723387123,121.7489330145383,122.61859709864939,112.48198931960967,107.57945919893193,106.34518956020537,98.0886149885818
2024-09-22,102.01316906156016,101.33405725403462,97.91321593866502,96.12204993678307,96.85072273152859,99.83687588167504,92.09532499832262,84.42999734344716,60.68455147012744,49.237069722828416,46.62057725496427,39.26581309585338,34.765149867504945,28.194755606155027,31.75626915692034,45.026848397835245,68.42663262739987,97.7201147867187,115.0903759330146,122.10180395156794,115.40294509056574,106.62043647761905,102.38609737105845,96.68732299047838
2024-09-23,92.24434777493029,95.0908916035207,95.04948962990579,97.03790998951433,98.96302641067902,111.11350974287217,118.79382223745155,107.66885081072972,83.58873576233074,69.97248246771052,63.754168886770934,60.71633719178599,56.35002298917114,48.92308665428928,50.621199809007905,64.92640833503518,79.96932435540862,108.59806346568419,130.9408453085267,127.57160589109674,116.01212497557322,105.40010228887807,102.35573019615369,94.0150381958635
2024-09-24,89.03310905897075,90.32273854336259,91.3602466707484,93.0152234320032,98.12943483582153,114.7249473998016,121.90911539552462,109.16752923296622,92.39958991899385,75.44230176068234,70.47725942966856,63.98278626644427,63.15741065298252,59.648238993940126,62.02352074805051,73.89918407909585,88.51736712769721,112.71897900674614,133.69097208649129,129.4463473776061,112.64692324114606,106.57809732031866,98.95526327834307,92.03554614057136
2024-09-25,83.20303045291408,81.21605737747201,77.02246195449744,75.47681851386794,87.20950078869423,100.60156040935287,106.13793829375498,95.05992788859687,76.98249680146938,59.5288994873935,52.473249491567245,43.99200587045543,37.65511259270836,29.16374185038657,32.09768678288377,41.980536772939736,56.53515881286003,80.82972111100956,95.39444427033956,92.14978137582818,83.50969856080332,72.14530429538785,64.73884688793052,55.94576943475664
2024-09-26,37.608271147083656,33.35135189669336,30.07576519128324,32.2067215059151,37.49357834066265,55.3162817173217,65.3281536874506,56.91746580970249,39.96988504519052,24.057046969819666,17.22024085226778,16.01438918216691,13.03444637164273,9.931286113637384,10.911917411942852,20.52817545952189,33.98200244866183,52.7646927171875,73.02164073758863,77.29015472755265,67.17812381113555,55.361485582092286,54.635105126052196,48.83361750560114
2024-09-27,42.27599612473051,38.72058791479087,35.860746855804,37.60729317181721,44.35882081710632,60.59273120591606,71.27874447668628,60.50571414568124,39.6615361919316,28.105563432129614,24.558750646975184,24.860086141728758,22.85653665820331,20.313892647014825,20.245188061491803,27.545252617639548,44.736706279973674,71.0263189828039,86.11336345105973,91.22940164422887,79.44701195921748,72.93717232522549,71.0441013648556,67.60020590372051
2024-09-28,57.82628287109307,55.21871610703819,53.009035556181544,54.63065348212022,59.67780271021317,66.46051389793863,66.57816564202176,54.30370674152894,35.8617708221329,26.585508518729497,23.05107002297902,22.501289239663834,21.493370640367402,20.01253106407357,22.24056479972168,27.389663049942698,44.61269252006677,73.52352711872616,89.49357798456602,97.348435858961,86.84813131960244,76.58475073792499,69.99263670748627,68.93852436797587
2024-09-29,57.910069539902466,55.66409940854097,54.04594137494285,53.72209769366887,54.403293239215785,58.376322375031265,49.047511826803245,32.313994770192124,13.88779099217065,6.4661701473904145,4.135754181588126,5.0500520017848345,5.357983597844736,3.5052002314951523,8.835202240629357,11.993267642516727,25.951382645819592,52.63417382317242,75.0268888016858,87.62107666879454,79.93790089121708,71.01491972463153,68.55219056095768,63.59254593732697
2024-09-30,71.60499419738483,73.26239564711283,71.9810228162705,74.31122483013374,88.86109990041672,105.05830802403464,111.30242524250166,92.5910577017379,64.06744286375591,51.667620943026606,46.638905318323296,44.04342441831673,41.7345374794113,36.580121758147754,40.69239451420077,55.37129136966264,72.8121855791627,98.8669860416343,121.23967540543848,127.72655889776813,106.90298571902758,97.70646471052751,97.29979994835875,90.61021813182275
2024-10-01,92.16354859354345,90.15566125792868,86.1476360478864,86.54220920318815,99.75144956520936,113.19718714787281,120.23175472267866,106.81215209392559,80.03456791914854,62.32996754171618,56.728805760570104,53.294762229539025,51.65534914788787,48.09256132412195,51.358480962206436,62.970463099325364,81.10474306377796,106.51861764990477,128.41345281947525,129.76234881299027,112.41496656492339,98.22894244259038,90.26932752863962,83.72414333822846
2024-10-02,87.99185643704958,88.34288999741406,84.86650724584635,84.33822082400839,94.8213040308791,109.54251170432615,116.44362871356675,107.14115235691952,86.04431086195365,69.26969634397872,60.71201137176902,54.57062094872474,52.15568784844726,46.35790204853244,48.79085138241663,61.965617407171294,76.24655604699694,102.87358880593781,117.06877202341875,114.05589526789181,98.54173227760859,91.39758166689913,78.81362455164414,73.27285802379471
2024-10-03,67.04153114591134,67.88084029308477,65.70265519935913,66.44678165593744,71.49666098657318,87.43490725166143,97.94406092661701,94.35929575407988,72.67635556202654,54.73923555037776,47.06383143116267,42.45755530980063,39.84847915043955,37.85690539774151,41.47782408942203,57.39769232871,76.40395012891133,101.99082154067008,119.3289121742366,119.95416693992465,104.99754851434747,99.35241599719302,89.68780019496242,82.74274704278082
2024-10-04,85.94197290224662,85.69720931812417,87.48738358248298,84.72685470639325,91.75763234106645,108.9656833650208,113.47036812136,102.77153999656667,84.5265160381616,67.16413591482836,59.350645541571595,51.67017560534585,48.66020344510859,48.272450344716376,52.97344517492476,68.42763585617891,86.90895946869018,113.00961886401555,133.8800260999974,137.70152223022768,115.05323173481389,105.90286735628528,102.80020739051191,99.04265026582482
2024-10-05,91.84096654594407,89.140297751958,87.02446928334646,82.79633510316027,84.33443571852872,88.79408125970664,83.63870618488752,71.44384912314706,53.872506128968894,36.2601868928476,27.239459254085006,16.349193690133347,13.407548966048068,9.616994301626917,14.441893962921782,25.613737083791307,46.36556993642681,73.25340486809236,95.30553306164629,93.85389233919952,84.9302598674527,77.98611490121948,70.4110833244086,60.965121410848845
2024-10-06,45.11889562339776,44.82829631611697,41.221321049096716,42.89737284664939,46.863167387810364,50.3220439152219,46.20345654206227,29.96949829849393,14.099011067750055,1.5480329931490644,0.49057203892829193,-5.311089546346295,-8.003873104440885,-8.605796091937833,-5.92808959256655,3.8876489976873074,25.86781732668821,51.96167583163867,78.97832457219079,89.76701495065508,78.57796650572472,72.7436704372252,69.86935809500602,62.80830185000315
2024-10-07,46.319859761302055,43.7491479143152,44.50501184886575,44.1472279175041,57.34915303158887,79.12132604763792,88.80443824083993,72.0228440610993,54.528635315297066,43.90261574909201,38.2681091721073,34.15792960116339,28.170159733447875,23.450044066800913,25.000393785771806,36.228321740952836,53.25735633046203,73.92453849894106,89.49305684223835,87.20071187684316,69.24724128037249,62.798221760539306,59.65812398345777,52.13382836705114
2024-10-08,28.759026274755243,25.408921947883584,20.82623541350091,22.31674051510376,29.202810335621095,49.45783369733603,56.76845674933108,43.83959430361503,28.716153055316994,17.047770643004128,11.90357115258675,8.049904602689779,7.319874119582806,5.119485730680836,7.6719493760353,13.842220556729146,28.135778686278798,48.140769716043465,62.27026056388493,63.28365543976008,49.22306726827014,40.66070062192348,39.456599244096424,34.78392239049509
2024-10-09,19.890344983063713,17.07440561526147,14.956020911719762,17.357793543163055,24.316122281111234,39.80852902842345,48.35693495639546,40.48691336106489,25.730192754829815,15.271836366167264,8.970748848271427,8.53834033339163,5.467566955545408,1.9859527780098887,3.4553638089987544,11.922125789621916,24.33819214037696,37.491690662542794,48.2323740931906,51.82280192022171,39.776062175705675,33.14181055226956,31.508767595228647,30.15312170720216
2024-10-10,36.2354208759718,35.464893528417676,35.46621909732731,38.300840324890615,43.3242650423759,66.26121460439519,73.78041560658608,70.69053830907652,57.20062881757837,44.07870172307163,41.17560531405868,38.22477700269953,36.91164245897477,36.131220989445644,41.426202074858,53.74147063438468,72.3143860689221,90.8746337893399,107.90728472454282,113.08262913854321,96.13818516270823,88.59443363185305,80.77326392021148,79.15503065178697
2024-10-11,96.51122960309071,93.84454019072442,91.0759914775614,88.31592452294778,99.26704999751274,114.66396684928516,119.6112825819297,113.6270645176111,97.48712431027758,86.80255833047791,76.24108963943777,70.92422726819278,65.6133961177191,62.530669465567684,65.02451795901369,73.48081540354116,86.53510199781269,102.5864996447674,113.24600094381725,111.36839846630181,96.16891183220079,83.08397923055165,77.2796853602592,72.35558307678528
2024-10-12,69.66678421309996,67.25587307213135,66.04236764259923,69.54479340915152,72.61717301636676,82.24985221150047,86.0663028173839,85.89366807053361,77.30123360547776,69.3542449425639,64.61978061822634,61.70987091974926,60.4911506060759,57.639621677988764,58.93530973341574,65.19844576962203,82.90380921094267,101.04326960891574,108.24373596290535,113.98496866951172,104.32318201861995,100.5138400661734,97.88189800111391,89.08792219983009
2024-10-13,78.13418419658063,74.7569242353666,72.74393469654957,72.30956284348906,71.17938894384676,79.23772654549941,77.26093419257843,71.00061810674626,55.17583084007941,44.9251465612802,42.47627050461249,38.139676988742586,35.23459137964306,30.155501880555846,33.680310153888335,44.79053723670571,68.50771581480431,91.69899815054463,102.53143173160171,103.68491429677351,98.80641194195209,91.56662666979247,85.75612625917259,82.07632848540234
2024-10-14,73.86592968264047,75.68706352324813,75.83274761532945,76.82958974620801,84.16849002981263,97.22594514481591,105.11849083740273,99.28420384389226,82.28179041674953,71.24767932656253,65.39248049296951,60.22999606070837,56.505434209889245,53.70838793417859,55.422144912529006,67.97396538134454,78.4802862208206,101.36989413585391,115.05759569488097,107.45051413568365,93.33608812517048,82.92624583724226,78.46911018205871,71.97370240434124
2024-10-15,77.90115240781154,76.49660582963631,75.13271734876069,75.01593646851869,82.81376091980631,99.24412028168709,113.08942993704146,107.7972099962603,93.89758645742833,81.2657950907273,71.90075655960135,68.05764837550203,68.42219757674903,66.66611272898422,67.32574874507452,79.47335264483107,90.85459152952049,114.71134170676336,124.35778161284017,117.32349445057332,99.75423503164419,92.72381522146593,79.8378239540506,73.65066948610212
2024-10-16,61.51342258589206,59.615765801787646,56.72336805505498,55.23516947052481,61.66513003834038,78.14295582535559,90.15940888402247,88.29248350910603,72.05618853239524,57.35970491980866,50.14703197080957,45.06657249806239,42.20011008891346,38.900435557474516,43.06114485563773,57.29439285062869,78.00584193021045,101.4978882077663,109.09664491373499,107.8993005798115,92.96644271001634,88.68538504797706,77.94782616641135,73.32092915741596
2024-10-17,63.677006679998364,60.73622674274547,59.786622617290426,56.326398432041564,62.67980223911949,81.6204973442031,88.76225032899961,76.69294544719574,60.03660853688877,38.66577976988458,25.959567457246607,21.67488615143735,16.646386729166608,14.87901660233996,19.05739012738502,30.61576088931588,51.07994480910932,74.63736485362854,87.94256524958664,85.9267451812404,70.50741689532762,60.27023155457675,54.62370107200826,47.29862312153668
2024-10-18,48.483057070661786,47.27880545252894,43.707857525604645,46.43837372542831,56.67352162051197,72.29379436538619,78.23092257511328,66.79443454398259,49.40355428616701,36.15690630187308,32.13799882172415,31.11583013071413,29.22588311434825,25.618181982083982,26.92517526155727,33.4171796842453,48.8876015437703,71.53178594854711,87.3353525416418,88.85516282198026,76.88290073652722,70.03971170839152,71.65181537943891,67.16777809540766
2024-10-19,51.22619279909252,48.51738922956904,49.50757627980814,49.968929432087,53.32960666882768,57.94079286381693,62.57902315141112,57.99873247737824,48.351662131389745,35.92298415892955,31.33462940027421,27.32419075315893,27.29480917110959,28.098176130613837,29.17176874277591,38.23781982788874,54.388192886073185,73.86650774637434,83.60751176285929,83.07551284442327,75.03844642185103,66.68916398213995,57.14764583553966,60.26437641792826
2024-10-20,46.82897612453562,46.17940301053438,42.21913553008921,43.02587663505844,46.15942764324906,51.974306561174345,49.50139162500591,39.80389660939019,25.527130746817974,20.064918802229244,17.80951309325195,14.285827504518863,13.89662869902287,12.70615661953994,16.436254042984174,23.983103713601707,39.933023947020644,64.25998318612397,78.15536941018577,84.00477581285304,76.49085811480407,70.87140471054943,67.43130491893533,65.6680506545187
2024-10-21,71.05097881244521,67.22715359457501,65.82052570699398,68.12834518851574,83.49509831810116,101.03581255229486,111.09090041515373,101.79490484817228,79.92740886626876,67.18059997291896,61.353774721912245,55.664798811758075,52.62479905455355,52.03235448663522,57.671122385653014,68.7831794068597,88.30503343448166,105.98233319363058,121.9135047303364,120.00806103146225,100.6702400727531,91.90773324581212,90.99764013927907,86.10686092136436
2024-10-22,78.51126614222154,73.8119558974614,66.40438952077817,68.26490423811411,81.56008015168416,95.58622421883237,107.07294787850952,98.6395543443868,81.16532923057665,66.74493298664298,59.388068646645124,54.78715088997249,54.06695127381698,50.065706257447324,53.089190872064286,63.76282847039821,78.65331918860184,97.00870540917899,110.16133832033135,104.87812495231279,92.98151365510327,80.2347393974389,68.18076026497408,62.55573576463728
2024-10-23,65.64491456826799,65.01948853854691,66.04709947864566,66.61320709308852,80.76471679811081,101.24598732299347,109.95909918021036,105.98845444659548,88.13785093394944,70.07999302151816,62.11969658776708,56.60094553182812,54.94471982093925,53.80602097254008,57.86822679229971,73.824589037943,94.71618480374691,112.54156990845956,123.35963247664341,117.47254072346107,98.28331042593543,92.82433187085394,84.6559292703309,80.71550203887098
2024-10-24,77.42950045736839,76.48536001076964,74.54462580163442,72.28461559371716,80.4668933063103,99.79773434289605,107.33712714154875,102.31047329102775,78.37936122317168,63.85791525745456,52.136933877550625,46.448912763473075,43.67807353592683,40.65188150349932,44.020656828333266,55.902303075757054,74.77486977535946,106.67297666267828,114.81043105265766,105.91222110363779,86.85307328021416,79.04336484788722,70.83585299734017,64.58445906958573
2024-10-25,59.94333819587496,58.838552326223656,59.8673128447726,61.260713541664146,74.49127151897896,94.45076101408469,107.34669671245442,103.2113142273316,88.21786807176503,72.77148504470642,65.20871702010608,57.578321336588665,55.70478182340212,54.75584073519511,60.20005031729286,74.10263275250517,90.2893840985056,105.76868324829303,113.50045014740955,105.55979632572252,86.1024721952098,82.79775891517531,74.6755499326687,69.19476822271787
2024-10-26,50.030058587311444,46.16789114010969,44.338435358393525,46.556961991444766,47.81247115099793,55.30544938707011,56.581488714079725,55.254402159387894,45.59914337364128,35.920937086590044,32.03476561907701,23.375186332855222,23.72472631282001,21.52834116666986,22.406313975394013,32.72875088939395,51.55637197266128,69.41064434446626,76.69712915965899,72.26373864966403,66.83439845849725,61.16099149673353,55.89996273328744,50.81507803304616
2024-10-27,55.90502702105654,54.133582963325686,51.542599769208934,54.49738926814015,58.367618895890246,62.6296294252193,59.90858819099813,55.199766754592844,40.65875400058279,34.419920318312165,30.676888529599083,25.186068647968725,22.623581650258302,21.74321346717244,25.75292201136004,35.44378966027416,53.29807778279873,69.8794593548387,78.64876501715284,79.2477389282733,75.84019225951054,69.17401538847804,63.38797711797464,60.842691808865936
2024-10-28,57.78832018081585,53.02438994586639,52.64871965690317,54.837304568369426,67.26881796763305,83.70146047189562,100.4086537555365,96.00046467120916,83.22110852903162,71.4635951409052,67.28602528140055,60.750513673054336,56.67027777402147,54.704153474778714,59.578021057354896,69.13197268538951,85.36190213756251,98.95895126322262,109.89012247659755,104.13922012969476,90.39956167786198,85.291592838517,74.31916040475141,68.19916308309712
2024-10-29,57.04966489059157,53.632290087258966,51.11059139889541,51.66009026069757,59.99554568013119,74.35509455432178,88.27820231644684,87.5087933391766,77.61488074345235,65.41670323641472,59.17789004281384,54.371448164770484,51.994578837514055,51.81407120477225,53.82454065673865,65.30727426700335,77.48023733790701,88.86919654604094,89.29464116400479,81.45372042492546,75.26238315042512,66.1669278461393,50.15429375211163,43.088714381861436
2024-10-30,43.995383776321134,41.742189479101235,40.7752316664326,42.45025541853668,51.59967631273857,69.3514351124746,81.65852950243367,90.37788898335104,82.3006938152037,69.26108459598305,64.4141250653022,60.626981872266555,59.829015242539505,60.36625256163923,65.17851039305714,78.7245478374365,98.91562705952606,110.54682710233696,112.49450505247194,106.475219204549,95.77072558829437,91.84761402345094,81.36706927035827,77.78552408251635
2024-10-31,77.87536738975983,74.7941410398768,73.42535739809233,72.24107170679687,79.82441689714246,94.85506175007986,104.69039919366395,112.66544121940981,102.76866598499555,91.89899056621907,86.13467256277262,84.5864228938118,83.97272787467132,85.55564115921314,89.80658654670357,102.17056515509101,117.32364104168236,130.43770977766235,131.36925820732108,126.31005400279888,114.46590284832696,106.99305576963353,98.65836122453148,94.02182850889037
2024-11-01,82.62522784563423,75.79581691812723,70.59320711795885,70.9322007000911,75.17377148424505,81.27483382777659,88.36532399466566,92.82942118667144,86.5618108812721,78.54757804302801,72.5071090715909,72.24318407941702,71.30671264779689,70.59245175005739,67.76246354313564,78.97957614771249,94.64719765912622,107.47769727834634,113.32390983068854,111.11835383145566,108.06831891136957,96.2094069287671,92.40012665938315,85.00669258693162
2024-11-02,80.47898979168484,75.26163683107674,72.19412852892344,72.26204510575131,75.38629277017525,83.65471361461813,84.4695455653312,87.30586571439206,73.20971513859247,62.046568204612946,55.82585960441951,51.88583186767627,50.41676501512895,47.69718923574648,52.0422756390942,65.29012457562456,86.57111335579384,105.84571957627529,110.85553375439318,109.18841321727828,103.05729382987887,92.11213960708125,86.11806071342605,79.37236567752991
2024-11-03,88.28702808885541,82.74356835657613,75.08112888377352,77.60460978700303,78.39173040020054,83.18515252571362,81.11268273376228,79.49486801251038,64.41868685777416,54.3812718636607,50.72073468928312,47.61160663072277,45.07821274891973,41.995817006376924,46.6824645977403,58.521059239665725,82.85393432925017,107.11031662636084,112.45386397899546,111.17447417372824,106.29080849628201,96.48385461656675,89.78910402624427,82.91719298655184
2024-11-04,69.91498681520338,68.1681964274517,67.43936107763814,68.67973532605656,80.49912822632622,92.06588424668713,107.38661549117307,112.00714442731044,96.73771159815779,83.28170095596019,78.33106558118288,73.69413965362281,70.2878678099554,69.38292888118389,75.40619156760792,92.8365273094955,110.36084223733451,126.42369211792759,135.27484812140526,129.67930447905852,110.89868853958222,104.29031199332816,96.2944570307492,88.12659679389877
2024-11-05,94.59845981081769,91.9923365960569,86.45479182349465,89.13284238373602,93.09294727380305,103.05682844868933,119.40405712798628,123.71034038612423,113.38219489015825,101.9182701645542,96.32293679811022,97.31886510684815,97.76828118745105,99.14957095190535,99.72789687438461,114.92019110254247,126.07247752073242,142.5079730207524,147.22186086391093,142.47551508735256,133.41390073382564,120.56851931687689,113.77761422070675,106.3523353808925
2024-11-06,103.62708893284464,98.84406597729107,95.35730614696605,93.302131817075,101.97734733287122,114.93763364188892,126.38938225707076,131.48790997158318,116.57605200752667,98.86289064932225,89.16526126941625,86.95657761925168,86.81668188232801,87.9016930714541,90.85057407382442,102.04858138801904,123.77034717459443,141.4109402286095,151.523687588637,143.81864148745893,127.8435629223381,117.57758970361776,103.93722359200996,98.55050946689607
2024-11-07,95.73762601854276,92.66641621445262,89.004699033873,88.60182311591917,94.51946176266458,107.41578179511379,119.85200819899933,126.42103389456028,114.55759449025848,94.38077359590207,86.99152633150996,84.88984920203255,85.86135159033155,86.52083127626031,91.24983006008105,104.6518113236182,126.97397577156183,143.85085807808,150.57688882091554,140.81145027735428,127.67227751152986,120.48040672479438,109.53154181871406,103.65895010807793
2024-11-08,97.69782020500011,94.6895215766607,89.82807378631317,91.32383632644266,93.90333951845152,104.00385148828491,113.36131897816587,121.59042205820654,116.49447083459289,102.04776656082288,94.23329749649147,92.41565952218359,94.78229928539672,96.32985117359962,100.11939356247592,112.97907095025148,130.68386481866474,142.43542345923825,142.40106268416739,135.45071238879933,125.24598610814627,120.50206292351959,111.54090729400745,107.2385801153411
2024-11-09,108.14726059400742,101.36409894147216,96.15703989525943,95.30994293910499,92.7568756831767,97.42326032059282,100.18828783530466,107.29123075300839,102.85952799040987,90.04387255794016,81.44816609155681,76.76150430074041,74.37048178390938,73.02467599345873,74.28657624662516,89.53222236964835,109.47465174212633,124.56224851370834,129.96109048537483,122.03315616449814,117.51762098884268,110.82945135849207,102.82280745878833,96.64738864953127
2024-11-10,95.7766959988144,90.6804540559925,83.60103049901551,81.06345063281263,82.03241852406848,84.81539709999697,84.97406538244817,82.23117427077395,67.69101623260354,55.650606934216334,52.176811625299216,47.94855318377065,42.617793934983936,40.36256059236238,43.99742835837764,60.67608276812043,90.33223643663652,116.98499815987824,129.49208181483294,124.50823107594665,117.7082326927195,114.63017599353421,105.21105676184624,97.64037456157895
2024-11-11,84.43582249491598,77.64460702701058,75.6449055798073,74.44197571656034,85.22593561829106,96.83595205862372,116.75633798411752,116.91897680341144,100.77738654458145,81.34586998224022,72.10646523810061,65.38338754854931,59.301760656451535,54.26092198007839,58.13724184588359,72.22888156460343,97.07489312800058,119.64967303558655,129.7616418761737,119.45788480004488,108.24601034335302,99.25224796026204,84.80194219496236,73.5354177545674
2024-11-12,59.09415754064994,55.24187648544669,52.48312039253694,53.44585776652385,56.847495414290506,72.27768326583572,92.75727424085359,90.11499123554128,74.71278197872365,54.31787578282276,46.71201718249385,43.91300143118948,42.716929968251115,42.23805313183842,41.97988993223186,55.942171289915,83.43650607263261,104.60516446596712,119.72499358219443,118.63089055215104,104.72823495627523,93.22714540875344,78.13990722333156,72.15020903478306
2024-11-13,77.92014182118585,77.21718222606947,76.90939820417177,74.16430354866355,81.17930183452675,97.9579012298839,115.94698153420592,115.77782876381904,96.92785754473036,80.81338705251918,75.37356601749711,72.89481572660168,69.19660102215651,66.44163878089519,67.61349291463199,76.63538436662184,97.27008603251404,115.28291473430255,122.02743057438671,119.0541416394453,107.69997581795884,97.35122588876854,82.67977934408204,76.38176096843125
2024-11-14,76.8524900330131,77.78775210938907,74.90720039981248,74.57660874356287,85.26729996026899,101.23617940532831,117.34791897278042,125.20195328932544,118.80570705881154,104.74411571395174,99.79905748776004,97.79600483124852,97.62487567352625,99.39204901894013,102.74326773792532,114.77765652003016,128.087536133904,140.2108101182903,145.15704645260482,141.03824526968737,129.38660418123126,123.0532437587549,108.59652085318258,97.66547884612451
2024-11-15,104.13727858541326,101.64184732021596,98.02579825950497,97.92521712139553,105.62967174885581,115.9451559806756,128.01711082573127,137.5569594040905,134.85407609500243,122.4909961965348,116.49423787883843,112.54153010719526,109.44158915641316,107.91757939517652,110.96981456704819,120.24930516560188,133.93120812324685,144.50169092542242,146.88358071861117,141.48938421082616,133.43445029868207,125.33146010853284,112.29595847933084,104.37613924453186
2024-11-16,107.92963863097401,101.99551117901898,99.66861079235208,99.06053273560404,97.65871234902505,101.64771373085685,107.3511625348226,117.39332440943922,119.12994599177333,110.892756053245,104.58791120568736,104.34393625060699,103.95078335857752,102.87453140561422,104.96981847137907,118.13706663813062,136.38743739828897,149.55172118285063,151.27273900700203,146.46956689934984,142.44353050480416,137.5659275386138,130.88109380645068,130.20501892691172
2024-11-17,122.846824462767,113.86163976124875,111.1812970164259,109.07437498615563,107.08865108642068,110.73008863029213,111.7775621385334,114.29614330582051,103.70786488227463,93.84831878039834,87.9763868151372,87.98125164656645,85.46012822442519,82.56996622040212,89.06233864756219,105.99799595616005,132.62756714970405,150.0965888563215,150.55793483692304,147.71651332798686,141.37732556149757,134.862558401387,128.09517556598487,125.3070488331987
2024-11-18,119.52589902046277,117.25692073441499,115.84977629136037,113.68918574612051,118.5198083003833,132.18748358284248,146.45118510684006,150.78791782731227,133.58997006697075,123.13024649569759,113.32999397800262,114.06229348275676,111.76488292680861,109.67114767692901,113.74735308442672,127.78834657104753,148.44851505652585,169.1866137106937,171.21207002522465,163.9206421667078,144.15356369141193,134.792001545597,129.58911853288208,126.17318231325292
2024-11-19,125.12672077131285,121.52079096720487,114.53570943019795,110.9712062967335,116.40958295949677,130.09280452229217,144.81880950431292,147.79721358879135,135.05218768044125,119.91850153866386,108.92883604588309,105.14043147300895,102.47416499374074,100.69269145398813,102.9440414252563,112.47740477823996,126.24292214467614,147.2146744179347,151.80111284634975,140.8439948234405,125.47154712425423,119.27379374676367,101.57303424056602,94.53742447142416
2024-11-20,83.06572776192417,80.1097649418516,72.59261045351604,68.02069878634722,75.75512325825338,88.96716990207969,105.80626394826197,106.28175320272902,96.68182525087795,76.51330153846718,68.35930102736714,61.40624458493528,58.865369823338035,55.76590534507387,59.64331834594075,72.51531456174894,98.35731119546841,118.44072027326939,128.67210386945817,128.76594881984312,123.37863747598817,110.02655204526357,98.2287116370868,87.3419723452434
2024-11-21,70.08458414849903,63.6903953540875,59.869452863300324,60.08694387352054,62.140566333916965,78.85446687124222,102.92227212522172,103.39861735291242,91.37862171616109,73.69543380553334,61.46484391666314,60.502157852833705,57.56727645009518,55.07021998854145,56.032632694390955,69.4685799606037,88.63141118655817,109.85062305767173,120.29048306236089,124.80413245873139,121.19106495984789,104.56807796382175,90.93504185421375,83.16530154280645
2024-11-22,76.38973591214739,71.61041441414082,69.75551524976672,70.3340134303537,82.46179442665287,98.3730607446108,122.59729773386061,130.9645245251404,122.21648764230494,107.94195546722607,104.97997356790484,105.82245289841188,108.26571339476425,107.52897713008272,110.86069180140792,125.6026689990073,144.40636338740435,167.00927322118724,176.6163122616524,172.53116111323777,162.31195705327556,153.18349390907372,138.0340854979153,135.9448297288457
2024-11-23,113.40542764355897,105.6574858652417,99.201252156114,93.63478065872326,95.41409016045132,96.28291496841183,105.20915031734965,108.20737351154763,97.48140112641069,82.32215241291479,72.41518454740658,65.3192631588447,64.13659884320627,62.92193655165166,64.31061806976479,74.6889362463215,94.55800541963684,122.42479635318742,128.72100951418196,123.9509173663611,122.25005576054393,110.06998862919784,92.10921553559793,86.34426674186223
2024-11-24,50.99830570361067,45.6298279401674,43.08360559805946,41.955870416024894,43.452009745377225,47.04764697322244,55.06427474926083,55.729885077308495,45.49824151593657,35.023022536704715,27.326940397939225,24.40322618799553,21.205975433534434,22.268970469733276,21.736942848771392,31.769170397993747,56.059161723235505,85.3938913117587,102.7990635077044,102.44964109052484,94.02846899240149,83.30763134296673,68.76938115428287,66.3682778260668
2024-11-25,41.35989183843347,34.94368986469692,34.24801453088527,35.909127329275904,45.1388941040987,67.52452675607458,93.88462523231503,98.2330966231657,88.01688332299508,74.82643046320553,71.1785233979002,66.55880366497166,64.65243577762539,62.39031635676115,65.81385201585273,82.83674977088569,108.13968001544785,124.95717153006052,134.38539743234375,132.7246735246922,111.83295036960534,105.56918845489457,96.23619106159025,92.08137537782255
2024-11-26,102.34628173265085,100.05364000016583,94.86233888513058,95.11294285241426,100.53130204579575,114.51961497153535,133.89601709201972,137.63304122920272,130.7595693272996,121.03613159315763,111.32812431859229,109.76443482583215,108.34942765894452,109.02346963967742,113.1644182571525,124.63058104537345,137.85035486699937,151.28521521233873,157.393398740439,154.336492034201,142.00725935441713,124.82584663341042,117.51695029548921,109.84158752083886
2024-11-27,115.44739476863833,109.01861529763083,105.62773095936693,103.8361352487308,110.76817851896146,124.97416134763881,136.3042865872266,145.5570679637346,135.94681103647048,121.54322749264838,110.74114280221143,108.18906418443899,108.31884314138242,107.21086603123442,112.47426749973678,121.8623313371263,141.11466576932355,153.92012688669737,165.64122186921406,165.61302934218304,147.87062228955392,140.19059027338,125.7140344060364,121.11727663786314
2024-11-28,127.34541235347054,122.53392261333903,118.14934731254712,116.10206576678591,120.63915154729841,136.18776651525118,144.37267472648136,150.8539767869922,142.24622150728823,125.56645077865107,116.24819590608735,113.50113459852795,113.78188384553144,111.7744956195699,115.03844915342746,125.22702836802728,143.87447781728497,161.6631441045599,166.82321473523126,172.0963566436837,151.68624799438777,141.7511716782241,129.41234169269367,128.3246945829009
2024-11-29,123.1725643869365,123.06704269798203,115.02076263738729,112.89867083721005,119.55335265004284,132.43310940565937,142.5501078782457,149.55950686195064,147.9776207341414,132.6514489801607,125.41083639087276,120.4171534694351,120.19637822212347,120.18402348604947,127.02422066100013,134.68129831281846,153.60699521276734,166.68700603540685,169.48601485160387,168.22962512628362,154.5065108640916,151.10485294890609,138.8641578508717,134.92520534879552
2024-11-30,127.43681444536693,121.21116520341187,118.09402917265622,114.03803820407106,112.4245154450375,116.77214915165426,122.78311030955473,129.85143139525377,123.39010885900751,109.62831884343807,99.30408490680335,96.3647759479676,92.84471742170003,89.94422943658893,95.92122896739423,108.75026235902865,133.20504033462086,151.77193409640614,152.15859823223195,150.51600298864756,140.5434833183316,132.75746551375784,128.65536147510744,122.79593116263236
2024-12-01,107.46868401344653,103.93174973089113,97.40847235757694,96.30734650967915,97.18462495223108,104.53210977981833,107.88372173128182,114.04751121771521,106.29395378264894,97.43066883826327,90.10280699242239,90.62899619790473,90.34020474944745,86.18345236941119,85.6970032659766,99.24368310832648,127.2699827972148,142.08880532606406,147.40804496219195,148.72630302118435,140.04961583636685,130.93373676304898,122.93014503619727,118.41374205537943
2024-12-02,126.37447248244818,120.95215346358485,117.2443673967608,116.99049693254747,123.14406532123945,133.37793710962913,148.81003249154517,154.03456960652693,150.00967009326797,139.49110502035722,131.16340041100963,130.4184585328074,130.37943184015424,124.56167446598167,125.18833678051612,137.35302608792614,150.59952508591252,167.3487215404777,171.61428970380652,162.48704744862067,149.49641791691806,137.71069368080288,126.99677580959981,120.99849802083958
2024-12-03,127.19301819463873,125.25285092396207,120.13493662023774,119.31615678268432,125.3408188795752,136.9792455323741,151.4726389239704,158.1883773608401,154.434351153828,141.23497473345464,136.43368693919845,130.31767455081143,124.51152815434475,120.76140683373637,121.08674577750634,135.00666713770127,147.7162835637199,156.35854197635646,163.79984089786004,157.18932155733512,146.06551445572362,137.04170801926804,123.88585213305865,118.1896552140485
2024-12-04,108.41087686515787,106.37665339211568,100.37811964828366,96.35726617631605,107.19934452193634,124.18609879021116,139.51308276745843,144.45250553557352,139.36484017487803,123.67917976165052,115.93149214871032,110.28980659728079,108.80989378319461,108.00140524290597,112.7950897327718,125.86984182020694,149.27238611354588,163.6207208553143,171.07848810542615,168.36907898964284,157.36159759399231,149.77513670382712,134.66199975431607,129.0887607226587
2024-12-05,134.89415133753687,134.23051024840427,127.90954583344757,126.47157285085453,133.47898019081086,144.17741535521748,160.72435800225472,168.29785452561538,159.75992539629138,145.0871220960066,139.140780267427,136.32813560627358,132.78615540128658,129.91876418345498,133.22519936280906,142.38759392838182,157.770712555009,169.6551985943344,173.11796861844988,169.42752296315544,161.82892596541092,153.60696472861454,139.57426187790944,130.50207245362824
2024-12-06,113.85557839288246,109.9257619800037,104.1666597723689,100.12250960052333,104.58228967585363,110.76504178954464,121.38940252387249,122.80301196131933,121.20350252322815,108.24597254733497,100.46725053488548,96.99459416881312,94.87828494938522,94.6108573287868,97.31133617805533,106.93444898771133,127.24642304629003,145.51540205997347,153.93087959117702,150.9640421162672,147.34287865059994,143.63266182956818,131.869741009253,123.564640338734
2024-12-07,105.70570013344411,95.93616413382178,89.76544277728358,84.22984617161485,87.01064956601527,90.91920476288259,100.5944369037848,104.28009233070344,103.99422410068115,92.34097511045296,86.24063638017128,82.34934348265047,78.56258722380574,73.62504961339432,72.68744458628024,82.30119126458983,97.49575363020254,117.22951753646154,124.69891052509918,118.51644132945191,117.56821347909754,105.87591426770709,92.72102139158224,81.68354030278952
2024-12-08,39.46048276041016,32.74126532066276,29.428555813264268,28.81228522679511,30.9149835107676,40.197328314456584,53.30657073691462,61.874777282797524,64.92270761298039,59.686169100449845,52.9288448778843,50.11420991974563,46.79946212548485,47.138412508180565,45.81368588365042,55.28170813047622,72.39911874559951,92.5223505875928,106.40250597324888,103.11120657649272,94.77372614157655,83.60852749970688,68.13319227587898,67.38957798783389
2024-12-09,45.19225341993642,36.789848470469934,34.57340247605708,34.97904670550943,41.32044288975068,57.389385197061486,80.61694372126384,90.3538428972089,86.16020477382546,82.45988246349613,77.47237115979135,72.80695806268045,70.74949188529735,69.47661044936198,69.37053825551662,79.23400547641042,91.45323776924856,110.46395112425022,118.57302654818926,117.52214406844028,106.39126871396407,95.25971752581917,85.14142782870314,82.6667818474596
2024-12-10,90.3734949867318,85.40937105017804,82.8183876545237,83.54632477838008,90.91314832222416,106.51022302109386,124.74509229180137,133.15337248808987,132.6491259112731,125.85370250141997,117.066173063642,114.73424818638148,113.83870400959546,112.78767808592205,115.94493427439906,125.58624037525115,136.75781032877634,147.12398230447772,152.64349062305007,151.42142598415066,141.19109338012856,127.8190987789291,118.81483406862199,113.50149452151447
2024-12-11,110.0827878936018,104.71059266065208,101.51496294348755,101.35746710758276,106.34231734363256,119.22327003843347,126.26345867586447,132.3404516686225,132.50995244092763,127.09511482166015,118.7949847414821,118.62504649119606,115.73287689243841,117.37094321078837,118.30553486178276,125.21331576982938,132.79336089004417,139.33154483912853,146.87696993203247,148.97813335646276,139.09602990659596,129.46206285104458,116.52683814945038,115.99754373525505
2024-12-12,117.69511979298096,114.39631333300177,110.79672109208654,107.28302096341127,112.76551070554078,128.23612051174635,132.05224459089203,141.66863374162264,136.64549094159418,129.18641626253276,125.49839650180056,122.11150336763333,118.57788585278824,118.91572397465693,121.03793423112656,127.74476809665806,138.72421185310426,149.67809559907553,157.6194706361519,157.42836587072668,146.12945579909282,137.71706099500642,130.6281555481191,128.43276298984495
2024-12-13,125.88284405832418,125.45747903317503,119.33846479711315,119.3165671147614,119.98137464650375,134.67895868998724,138.14130924026188,148.78480432664998,147.41173322383315,137.85586534367317,135.01847840853776,133.25157050758003,129.2553439664831,128.75414166116772,132.57941393205354,139.83724062693284,150.07889366171318,161.9187835028716,166.60925759344354,166.7781383011745,155.39350744523617,146.96973175615858,141.12718925395424,144.99434650646705
2024-12-14,122.04407088642952,116.20982918052202,107.22786830687073,104.74756850288112,104.73333130531367,116.71924722858456,122.58278100047366,132.41676683227362,127.69212582572847,114.95213225538414,107.99261212708522,105.57776187140502,102.00548431955312,100.7440803366213,103.40338354347041,108.74487815520828,131.5610105004147,146.31873067322024,152.0752035390303,151.89205373562302,140.26206604754182,128.87964046582312,120.4535049729224,115.98967197628986
2024-12-15,109.8253676905834,107.26228352495025,96.8639679006716,94.53073964578137,93.6222136476683,99.63084830615301,108.217081557562,110.72517354017512,108.42216771269739,93.09747219075616,85.12901138347709,83.15343066716372,83.54519846106409,80.90013134694075,82.22068564816297,92.60483129559631,123.35367006577754,141.2437668013874,149.10492412331783,147.8244844389679,144.47910455601448,133.81125831419004,122.96669437861118,113.70550376896465
2024-12-16,118.43722457500566,114.44738393114184,113.2354163887444,113.31806553053971,116.04828172654094,122.1460797172339,140.66144492574145,148.49950603990425,142.1961353039747,125.79011763333662,117.87728315259872,114.4186508856007,116.00067261753965,113.83210764031801,120.69740451758693,130.79397699633643,146.47807468611245,162.69511792558,171.38657529715837,173.30313988473856,157.9324537904101,145.4842563590693,138.24214240378788,128.53717501450248
2024-12-17,109.77452012555601,106.90894640911341,100.60520734383913,99.46490877801494,104.97207975526179,114.35384051226964,125.92035897973844,137.32255312741984,133.02791555723914,122.30630935100147,116.73798534576727,110.4927905344853,106.49818320703086,105.94304889157821,107.38549750207702,120.08576982740239,130.43893954408486,137.13032045794418,147.9447451661074,147.40806882418653,136.03825939525103,127.34250286776789,114.98194700282012,108.70074958975343
2024-12-18,105.53183803681635,99.3927381737947,94.78161447332401,92.91094918476665,95.14018679421633,104.97222441297448,123.09146922288733,132.93579312024016,128.39317051268807,114.8946120653314,106.97877257764968,101.03187592541192,96.5957537385948,95.3789279070323,95.45538616212922,105.23108389097568,116.49195352964371,124.18047914306143,130.67935251845694,132.31133100387683,126.92529832263995,117.0938477822188,106.08113164901292,97.44813227859245
2024-12-19,87.463865366823,78.88715142597793,75.75946139162453,74.76652573676965,77.89184776577628,90.9659084652211,110.30801058997685,121.08367814216282,116.19943201001462,99.7834365621878,86.80498672910093,82.19189699377634,79.85298382821694,80.49568545800787,83.12673352074208,95.31613690125255,105.84989302822856,120.60779781207748,126.93687416557027,131.71472299167075,125.64559926736038,117.40143174414746,101.84513164135713,94.01074667429367
2024-12-20,91.83126650205107,85.14689120298581,83.512999760962,82.65397435837282,86.21821976853018,99.07490577160644,120.14386839265798,129.64392872882866,121.7448633110271,108.04803108004388,99.79713996490403,95.44295692004081,93.45160121934006,91.0831692142255,93.62663889854122,104.54201953733998,120.75354356917086,133.9227627613846,140.28618115829966,142.29693170901464,134.62915084293869,127.78184315784574,114.32176321766131,108.90135631030682
2024-12-21,107.74820246312424,104.6788556801602,99.54351267081756,95.43317792366385,95.00345276925675,99.69821878217664,113.12599317499388,120.20600751359217,112.6493583548073,98.85119321926722,87.92045188272428,83.68516613296886,81.42957357138496,81.23102335423927,85.4626995251549,96.82817571518353,118.55670078722251,136.6747097346036,140.56948845272348,137.38413956056257,133.81161968217742,125.74299025643307,115.27900942816382,106.83441661620745
2024-12-22,87.80686273815719,81.52258871435541,76.04454642026417,69.66239866880682,68.38497769671109,66.70267505219164,73.51136336789148,73.50937795129924,57.2323213942188,38.37319360940975,29.495063445464226,24.0721670761574,20.58767680073693,18.184748886403497,19.730772792055532,31.28577197049509,60.199601150153,89.0235645686909,98.56578333952424,97.53151938763612,97.38622666463053,87.87999457488999,71.75942406688613,61.131690759833035
2024-12-23,43.10547862265736,36.06319542475758,34.226696113748645,37.44456427602903,41.82113238930502,56.002793903942376,81.02908842676766,89.04396448185855,70.0847975788223,54.689544908443374,44.38055386787886,39.576315814491764,37.276832090904506,31.89391434626326,33.395937387251365,46.72815944213293,70.4365996161564,96.71242385605578,107.50878288904306,108.50846526378129,96.63412128534316,88.4481501659966,79.11823573619459,71.80863116502891
2024-12-24,58.11777941485724,50.570551183533205,48.2478006087752,50.00504916943229,55.24955705330653,65.60285887921913,87.45059999134979,90.32394330226313,71.78526763823831,57.874893584639246,51.08985194638839,49.65097515678329,46.83051537431121,43.940487308563796,44.68623147463023,57.607130414355325,79.39109084345894,102.8601720054666,113.64460034454888,111.46348865156882,102.892703463463,92.43883153179772,81.76529784109232,77.67469739540198
2024-12-25,79.98796127921312,73.07493723726128,70.7907326470602,74.44861635931093,82.47113977293137,89.44147418288408,105.26106893078399,108.7047553708367,97.04912647016437,82.65082759296784,77.30047852413173,75.5443799015627,72.1052726215465,69.12094612493794,71.02040824315293,88.78194030894807,106.31303580829362,135.1765913702557,144.27883178341918,142.5211244422861,129.91344498326941,119.99889115908736,115.11716990146392,105.58590040597699
2024-12-26,103.87628280327972,95.99779916981359,91.02692795096198,91.27624596697439,101.42912550350508,109.20454510308731,126.19026958698376,126.88773214871345,114.62220431678855,103.37241625473476,95.71034479194402,92.15202455268071,89.18194242562589,84.99391303480864,88.34766324988777,102.4256240001722,116.11253740081708,139.94792891533845,155.51242859669847,154.33399918655581,143.0115021748793,128.3786034810623,119.11653518396018,103.9591571576394
2024-12-27,117.96476401048484,109.30921933713894,104.51558599850243,104.07819596921502,113.30207407726647,122.04364330831379,136.59147351720864,143.33325142830574,135.3622058594069,122.88129744197164,113.91821841998001,107.84310378485782,105.50204724141778,103.89654489346228,108.47222771284109,124.32800583703204,138.34340994766794,154.53411326626076,160.57122813095432,158.15153223228603,147.20405878600303,139.25076337324316,131.2235080256786,120.91228680576104
2024-12-28,125.97870028100718,118.54954951268121,116.08888144079748,114.66317704664573,114.71481409270909,122.68719293019261,126.90937606295336,135.4251463009278,127.92391182142143,113.54940346468241,101.69686442888006,100.28409802907694,98.81088008005747,100.29225530229145,105.63000102043262,119.62808526000265,142.03845045844446,160.6527349645123,159.08496047835663,159.28277102294396,152.54626707049212,144.4436627730202,140.27112341645136,136.68905464354185
2024-12-29,135.93751182615725,129.22371507725143,126.70243098476932,125.0173155904058,125.02443629535033,130.96173633174558,133.68118979374646,137.24218505924946,122.58929218666952,112.9673923187993,105.05988421531076,105.14939170561522,100.52493783101293,99.93304787416531,103.09146064788503,115.50370896258146,139.98910813761412,162.01453990621127,159.8191047600987,167.53518168598663,156.5144840732906,146.78807601643325,141.0035773902309,135.89728812238738
2024-12-30,137.93867835994254,128.97077015774113,127.72100974570121,126.65995839635892,130.7938272691009,139.1861633470092,150.93754379294887,152.4760080085266,145.36830276947776,134.91391841203034,125.10665449639282,121.4064637256077,120.10278140690883,117.35179213207121,120.14397585542163,132.51546547925653,150.23387935675044,166.27451665900034,171.81644992071472,170.8785038391034,160.15269050614543,150.00674211762123,143.20292036858993,136.24504469747367
2024-12-31,134.1073999207363,129.5687292540518,125.04899828395016,123.32431468752088,126.03550105722336,141.86601495383064,149.77607667245957,155.7205787873201,146.92281144837932,133.14711687019087,122.61825023839289,123.98551343515787,120.24900661389898,122.28690265696936,123.84696404389541,136.67643844715886,153.08631408970257,170.1341852625979,168.2312086834014,170.2251669285276,160.89820337864327,149.8202774799933,144.59085190264287,141.07666101820212
2025-01-01,127.75841241763482,118.57259708993685,115.5627730402319,113.46970147430453,109.20128072487441,114.75316174581394,118.51561081294415,120.92362408128677,115.08534154547912,101.2024345373469,93.08062936897709,93.2053609978402,91.0078178049543,91.55865465989085,95.08620225354139,107.88734040296004,131.5088677169226,147.6213348867692,153.38203911350885,154.80035514180815,149.79323563478218,141.34339967059717,130.48779875586865,126.67599525519383
2025-01-02,108.74069820048824,100.79186021798093,102.16813901559074,100.84925559780883,106.59042442103326,120.24939958586474,141.29613357388735,148.04208983170622,136.87786961953478,119.25040448540499,109.51410256551698,106.37849367342677,103.79816196101652,100.80730322110664,105.61353390303891,119.79539238258651,144.00949322841223,162.3205037934325,167.03613141035487,163.97974107978786,147.96816285886442,136.47799353045883,126.45149039041587,114.83087160356584
2025-01-03,111.18586053603158,106.03749448717927,100.17923131232692,97.37766450732052,101.34732565315038,118.16396852685106,136.92729047816502,146.33624915825345,137.92633414076585,121.85781403837491,110.97136689328633,104.102086704317,104.89875997021704,103.4988198476831,107.20989875877011,120.2154000563246,140.73590733393044,153.24943302004922,160.18240056677922,157.70964713549938,148.31640637391317,137.3866625457261,123.93796818902293,113.03844497311943
2025-01-04,102.23509564914565,97.06423878274293,91.96800378031693,88.45175394178298,88.77657822844128,95.28099359591886,106.30733807739539,115.96692509691167,112.74683662354424,99.97666674717473,92.3370726331277,86.69763584949237,86.58081217703817,85.64452279685801,88.0468152997444,98.18573701914153,122.64580487441232,138.37260681190975,144.06821010658024,143.94135511831743,141.86778280692428,135.0325316499671,115.24545882371288,104.51375949625312
2025-01-05,87.56546394408127,76.96295491359199,72.96120046881353,69.25895561892477,68.01482956810668,72.64933567963593,83.92907383526148,88.16605657227427,86.73159072288391,74.1724977923044,65.34209553810751,58.85214833986388,56.35038623070296,55.69512593237088,54.133352112341356,64.74640639591598,90.72006539446909,112.45406439048799,119.04535092093869,119.20019545981214,118.3335156765251,106.98906996016015,88.36379228467464,82.21313249463319
2025-01-06,37.6410846082845,27.847778600809377,28.265662910518856,28.13181217539747,29.99274642038526,46.067598843607996,65.55602829547523,76.77024831009072,69.00889996154717,56.90043864084037,50.95732538293207,46.02433654173514,42.01724110778823,41.251002661159525,41.899598595057626,54.23836677035247,84.68265726332532,109.43418793808632,114.76906321566418,112.19481512328976,103.70895415642785,96.91644037290438,82.20058790735699,80.81171837109568
2025-01-07,61.76751376988002,54.179536591904636,51.955601766074395,51.00821979465175,52.09132602520501,71.24466777151852,97.92142118855205,107.65117651135137,92.01735409540727,76.94395082584077,66.97366102616543,61.787544548532324,61.4949582426426,59.77749765110902,60.11381327549027,70.62577033457684,98.16037258091282,117.72113384281572,124.12526110509657,129.01109337967628,115.70585704502207,102.00979092817084,89.6535272944981,86.85523114744394
2025-01-08,73.29131858633552,68.73061074584591,65.27341334844927,64.48531540518657,67.69214440428576,79.97738396712296,94.15864006248444,104.74977001297616,96.43447459166225,86.93333355459964,74.31564332082098,71.43739196398201,71.89206505649808,71.18895190587257,70.51580047052018,78.23092319250699,98.02971658773001,110.16200279329641,118.61820827334836,118.40872609407077,111.94939395617568,95.63988844541606,83.16510541849672,77.44589941831364
2025-01-09,57.98906927100824,52.212707871318486,50.43858408143662,50.06818040707464,55.803081122107585,68.06962681268722,88.49653903455089,103.34977786650637,96.62256423674073,82.7281769246347,72.8048347771284,68.96211377703568,67.18798490611834,68.25707269572703,71.18566875197038,84.81319460330175,108.20152052306132,123.08968068992263,132.69765860041304,136.57381038422042,128.31392033190815,118.70257815164518,101.32423000173146,95.21688397035003
2025-01-10,81.89559130775551,75.18001860568727,74.35078436143488,71.3504194757584,73.62495791809495,83.00076300995386,104.65473684135911,116.26216252618062,109.23188554016346,96.34175422555896,85.18212662121434,80.91292393745275,78.01645453907383,75.91520969679289,79.11809741821565,88.75479820100534,102.94080514403836,117.30100199180829,121.75035460032942,126.51584455018744,121.1722961521364,107.66036808864521,93.95153728670878,86.93088968339723
2025-01-11,68.60832538082946,63.46614080118644,57.3700941973415,54.846085553252024,55.773585152317594,60.732089053468144,72.90792144506091,82.8466314920552,83.40748529749399,71.08008593562563,62.25117548092133,57.26246879068569,57.03729762297024,59.86563030148156,62.14732335284103,74.21002955045074,96.4723886781358,113.92446879149917,113.45457523986082,113.04898476169699,114.77605120633388,105.57715883068961,92.69876124357606,81.2543816810383
2025-01-12,63.04713058701526,60.74042568730796,55.13079952848446,54.41312138014695,53.398220245296145,48.56653082968292,56.39967288956102,58.81728078501013,52.51042944723126,41.37000857137852,37.515562300851315,34.05234655414699,30.938666568104253,29.4975738351652,29.788182887633155,41.10639884001691,64.74770973237842,88.67619304812914,98.0224289821512,98.7530741759258,104.26963168848215,94.14270108669382,81.43768817693191,74.21555141869946
2025-01-13,82.67501699599771,79.10330382766921,76.7561456543305,75.69580011079918,80.7323822812399,88.8033314881603,107.51914997162108,114.45089473822465,102.79974845033641,86.33947190858564,78.97289653311584,75.610414583676,74.81977981637922,73.5909185658297,79.6537379965248,92.47207266252053,113.9849005604513,135.01325164016205,149.055274872456,148.04307534278934,137.1664689399444,123.01743430630114,112.64313161274153,104.12985147735645
2025-01-14,111.39927969398164,107.20473797190252,104.52680209973413,102.22287849478992,108.53506383308722,116.54397426864237,136.3881354186552,148.0559492396787,137.94817565221268,120.71509000686945,111.21816702186396,109.26841691455695,112.02865124985144,114.29568727658135,117.68676110637759,126.85010938288961,143.21832461917572,158.14538614180702,169.745088144332,176.3659928599769,159.18940303599732,141.17159920649593,128.67906396112807,123.3207442145044
2025-01-15,122.61619322886692,116.86105111607804,112.45336445237942,109.78474263554423,112.10080905582502,123.08483046255333,134.5266800845459,144.11213733899925,135.85769660988538,118.28936991898134,109.51772240361264,106.52742454191242,102.77872547773872,101.20680945746851,103.87027019506961,110.99695406794231,128.35058843791572,137.7236785501147,149.02368892901734,155.0800968164118,139.07444478012638,127.87672759825257,118.11340366014154,110.30452006558237
2025-01-16,117.07992128763662,112.39297792305877,108.18245054683081,107.0018422607574,109.90209384106382,121.82139940152511,134.40509605239305,145.61717123599988,139.6275678056404,123.49811046349653,116.6206324872334,112.76551744768916,112.71244006504148,114.87402158622187,116.68130054789256,123.71477272133168,139.43583292970612,152.65079894415925,161.49260151840465,165.52269603440502,148.60104362328497,138.08863545313994,131.74398416547527,124.40373047936777
2025-01-17,126.88753087125271,123.44724992386642,118.10253707404742,117.71757147706315,122.7814293524952,136.01150814260407,147.35902306806696,159.29857121992802,151.8873468388895,139.28768643785764,128.73046164511592,128.8191121637367,126.71384487714771,127.24306812656613,129.9143980080611,133.92658643633013,156.32197980489968,167.32612637127718,174.91616561429007,175.77099854868018,160.37525736780242,151.30878364154773,146.6179198615273,143.59165193073815
2025-01-18,133.0169381546578,130.28652909554648,125.06410243100652,123.17567683776804,121.34108160672471,129.20728678381664,137.7567711168601,145.66240152825216,140.47382667788065,125.39492491643641,115.85208812000147,113.83556165992914,109.7241346521523,109.8811197847868,114.2317863302926,120.97288058948394,142.78936782290486,157.55095363967314,161.86392020201217,165.35819637804317,152.41010328706741,144.0299018930455,139.65763588220085,135.43140287610493
2025-01-19,132.9080597869483,131.9519806064284,127.42950435599892,124.11189207032395,123.98890680965461,125.72763183342568,131.04425890996907,135.91709464169844,129.405495503883,116.46114389123345,103.65536933844501,103.38095278087067,99.83918774910147,102.4494475086501,106.12305322440928,116.67116842257232,138.93783675086215,153.98255780681265,157.86319003419237,160.0281288199602,150.15572980473402,147.5638315639488,139.34198994670646,127.08791253311688
2025-01-20,123.38268454521489,120.32699293392886,115.35952202366877,116.92565441136472,122.84915838205798,131.625497775552,149.9917450771523,161.2503846310233,157.40338541962848,150.72171983306498,140.19118348048048,138.05852971979704,137.19120594984136,139.4245044105312,139.37648338194967,148.09143737549113,156.24479280232836,166.3561760023884,175.08955161414832,170.64136376965155,154.93507840057887,147.54012605602227,139.01964512764457,135.47380433377285
2025-01-21,129.76052185882133,123.77278737691397,117.9342179056898,116.70621170505461,120.89001442676769,132.0630750119166,142.00375730197297,154.9017524033089,147.95037867848112,140.07271646029483,133.67216796933556,130.40625860209977,126.50857171582032,126.67265410800064,127.37283122449233,133.73215333146476,140.3605172453393,148.3543428939999,157.53219628118507,157.95951352370665,150.2687274235205,141.9841063588742,128.74348044638353,130.26103353626613
2025-01-22,119.07628693346969,112.64888352886487,108.30174767065434,108.16631952053939,113.38025229933663,126.64829182580752,141.23359240475878,151.50912233796691,145.93683083832676,133.5278176455467,125.28584703140733,122.82448022757298,119.18936478460802,118.75209812433542,118.23378185436673,125.43321506918325,136.71222433917188,146.84462039003526,159.57159929675586,162.074937686135,154.09353458024714,146.2407448200672,136.16402478235514,134.45290215646736
2025-01-23,132.37378318640316,126.29912478799736,120.91376873295582,121.47843127051036,128.51085355527735,136.02407259588827,152.07340872178216,165.7685128370913,159.87432831607146,147.8395091626629,140.24420577777013,137.1027913181052,136.04017165643208,135.40331487842636,134.77385091069763,139.51658026319387,154.13699131899477,162.4517396097834,168.46754305943327,167.11449042459503,161.70653357926744,153.125968457244,144.747686059662,143.7872057850799
2025-01-24,123.85963758955103,116.08521566155648,106.04290569357545,102.64293740364083,107.79220355630521,120.70252711740359,136.1107155819362,150.39518460461142,145.33132465044912,132.86242398225,120.36745631364192,112.54244635980216,107.9855444442844,104.69983858333747,107.09589686947753,112.50732152499796,126.48430962087849,135.9099744353684,145.1308604482875,146.11540703704617,141.03780930220765,135.93972918246337,122.8186811516416,118.62738548531968
2025-01-25,79.79852405685244,73.12078547118998,69.75229985908308,66.8765854646099,67.37079605821975,75.49343347722063,87.79774489657345,93.72300032537228,92.82016831290686,81.01770278704976,72.1745940799629,67.43577555054404,64.26108887512859,63.76563409712489,63.13597539804309,70.47447310059846,90.2120056288489,107.37942931521653,112.92224742361427,117.70571006164931,116.27306229385717,109.98245952592364,96.22861662218152,89.58408123939563
2025-01-26,45.514578629882266,37.49442029109434,36.50261765422377,33.013311202472636,31.799148524278394,39.27913519565959,48.28443109578019,50.707134353505666,43.92034456498112,31.677660395573085,25.883878906686704,22.91602111251194,20.601213564431745,18.946202986199467,15.840717690447576,21.394202614482467,42.03223673781447,66.13704886428162,73.35559531727004,76.50803514601952,75.45631964553544,64.91452011816963,53.16197392552998,46.40979241290661
2025-01-27,38.410911635240296,31.939425707794115,29.981327234408994,31.07222247119293,35.611844790991796,49.234922938805,73.3054314148309,85.05727281760734,75.4969043585224,62.89483160806928,53.18830042977516,49.33848954602838,47.34287885879311,45.03709722532764,44.32600821331199,53.511526691462905,72.04549460117045,91.21852467949999,100.60587995575476,106.84928657907672,95.62755748495076,82.94697492589405,73.16862282505068,70.50893745644487
2025-01-28,30.868881200332297,25.32798759971243,24.116805386502293,25.896750154366444,28.72285658210896,37.40384529019664,60.31045012822693,67.42987453312702,59.363383885659914,42.8807188533568,34.132579704310416,34.1651067765298,32.77655144304366,30.399562324624867,28.144570919083776,38.5010461065592,55.41736805842933,71.83678226857477,86.90618136597416,94.25088940908279,84.78621083004388,69.81386558317759,56.190724160729474,60.629326716744956
2025-01-29,38.46605991518827,31.086834280663453,31.384371259016376,33.70338575763061,37.450998352392205,48.824697916625084,70.03453219641774,78.02685068843081,73.45597059385571,57.44556239674315,50.82479237675354,50.71040239431501,48.881136378817196,48.409170474849105,46.13359758179675,53.35376190833102,67.81004383857228,81.88500820566817,100.25663064783448,103.29155529773905,95.67430745894879,80.56924595667755,66.49812857963572,71.21948894184345
2025-01-30,47.44793009927156,39.885869234100596,37.79975286745105,38.46739307415585,40.09296623335085,48.93873272096023,72.9800324743766,78.40851568566995,68.16742413356519,49.080995898778696,38.947044536197396,37.08884501983745,36.454133539119894,35.11722036399557,34.08356856037585,41.82681741923979,58.00089144617225,80.28404735891343,93.93762661219102,103.31915913495746,94.32227744281393,81.0624574453546,62.976593994724126,68.79329559174639
2025-01-31,50.298698553118484,43.228445956637785,42.67232142445837,46.53759516273792,49.181767917775495,58.25000648869076,82.70010486422534,93.69315282908016,75.57756053447632,56.377573447717204,51.87577336815822,49.35837223212585,46.600765934040595,47.137167425198164,47.49282221951473,53.84479377696676,70.99657555107618,94.3167251572153,111.1820370077698,120.94929376622059,112.63611202532542,98.17240312085227,84.06244361995681,79.1604465745142
2025-02-01,83.94400697782561,79.21669725104906,75.58999727310722,70.8439525081248,72.30065611466833,76.19906907180064,82.50471698569582,86.63459542602628,73.70850221053209,57.37096351201379,46.08470423639832,43.27416148062484,42.976584328456234,42.74337222742234,42.595561197268026,51.31275586153285,75.02810693540805,99.2536763906345,115.2188636760701,122.4270617419839,115.44187418549788,103.40115464091926,92.6330553724556,81.1115094552521
2025-02-02,98.9464053331779,96.28613594956218,92.64714100434382,88.59569081528922,92.92038393443599,95.93019690114892,100.65291236269488,104.90751415708036,91.0280500263789,78.77883826737836,67.55812016826341,66.657278980835,68.35545964022197,66.97880309229687,69.13257083187926,77.97638435532343,98.02315060347877,117.56940549818762,135.39239707962497,139.92755138287401,132.1204746675456,122.36272083817946,108.36530102382378,99.79773470240383
2025-02-03,109.7476634141288,105.0900360201595,101.36824791887545,101.597951514081,105.24437697929079,114.02058541625766,129.6713747141666,137.00296171345212,125.31026869402793,111.97326594251984,100.55946308541418,100.92759683483733,99.81637101722329,100.40183261050787,102.18905143618483,110.09076884174533,123.43735085854651,141.9989221589817,159.85591462893655,161.17214815819472,147.73774227557124,135.24708914686565,124.47873560882925,117.23444279905348
2025-02-04,118.86274203164946,113.80735194076443,108.5056094013654,107.35063024729529,109.88394561866025,122.44888810135159,138.86761729310203,144.3282834429305,134.73723206786926,117.23750512834965,107.05061978508556,108.23343889680612,107.16018201278818,104.47451478359591,107.16641620507,112.9414585176142,131.5060281375558,148.8276430239006,166.23416124364033,169.59639438345292,146.29083737786243,133.163331672089,123.85125018539671,117.93532861544581
2025-02-05,120.96472476608446,115.07603022694548,109.53710353298597,107.6092758948341,110.48942510824754,125.1560339412724,140.09673152608255,148.0708574216068,138.43420361881724,117.9708627030225,103.21894483449647,100.6901769266519,99.24362487729525,96.1398041058116,97.83689581909734,100.53272083711555,128.83863511244328,147.632889958296,162.78369694631357,163.93768815773709,146.6049389208423,134.78227872084545,127.64912521408223,121.33474169012268
2025-02-06,121.98889936235135,117.89897476140897,114.60606083621109,112.28122345816942,117.49298203366253,131.57249253263456,149.65199190443764,155.66368514341764,142.86674715660845,119.69770485235074,104.80896641447654,101.34148614545758,101.32264047683915,99.06521017887971,99.1857908120238,104.12713573949095,133.1009764556681,159.13159561208877,174.76223064913904,179.23501213745212,153.02286915856925,141.78042514747222,132.32219399136343,126.13689619193752
2025-02-07,120.90960033719777,120.24260349663098,114.09504695216036,110.51982842556895,116.58030050000735,131.35538566172605,146.2123167916852,154.41205415475287,143.46322046904598,118.60860049949335,103.97391330970805,100.18524678610366,97.33465989962258,95.5156304504599,96.52920370081556,99.88651356210879,122.42838858252101,143.43711115149586,156.87527411939803,157.8234155748127,144.87722138198143,137.10750105378307,127.4072471009129,118.89758024070362
2025-02-08,107.56368177737137,108.62126206130931,105.36994481403208,102.19470157545754,106.33235854490682,113.95306316115789,122.30784443824625,122.92481284253732,111.40346915612815,90.81365614432778,75.162621697528,71.91949371490949,69.25620120554805,70.65270904611728,72.56008458770711,78.18869307318764,109.9239956920648,134.2049033628964,145.35409239329297,150.59280123618095,141.46236390617466,135.88360885262588,128.9387997297906,114.77391266593838
2025-02-09,116.53461397405898,114.22916639871958,110.1731087282203,108.48710470857863,110.20241629433077,110.83971717132015,118.22530455397286,118.41904639497596,105.05036648204775,87.46860033348597,83.43745499294526,80.21132092164818,78.21820615790347,79.60218196173324,85.25185702948139,93.20658581451987,120.91010764077673,145.48666361790546,158.3917957012742,160.71511513886256,158.25545041605207,151.5607133928687,139.2727376484877,131.5123597861435
2025-02-10,114.44119367827307,112.39904149253067,107.48800361773782,107.14562889195089,113.08527805961349,128.20467446056028,146.79846846364876,152.8956360380371,140.82352915058732,126.00288273472341,114.96773279157668,109.49290566352198,106.2552521434171,105.10693685122803,106.28977673270012,116.33744529903677,131.0361982697807,146.09484375043147,161.44517171138494,159.44884083194745,147.12077958876338,138.1069484158027,126.6141509389428,114.75953721487842
2025-02-11,116.26579420497812,112.87632806024021,106.50473130865821,103.48552633238491,111.29191936560377,129.2881739999882,146.53628150544705,153.53825125513595,142.5140358754427,125.66752757012306,115.85769234472798,107.70821441275592,102.06539101139937,102.01190056736633,102.93648774495956,111.57781769168434,129.6937336137542,140.4004144596975,156.1701846544845,156.29183305456718,144.81319872043943,136.9056080842004,122.82648505747443,113.53689229045584
2025-02-12,114.89798247370183,112.06447983829035,108.37731111543278,106.95322481013436,110.46129621210291,126.82509907784684,145.22778344173193,151.11843193346755,139.87626956004155,115.61941174771403,105.20176961769002,99.18076202330819,94.53250590335473,92.14140556129304,91.56159838973642,95.00962913722405,119.96668192366619,137.63115506889318,152.13133896981114,154.95679702113694,143.72697189726335,136.9938362183046,126.7135740590681,116.370097210409
2025-02-13,112.06388903791925,110.69163875973429,105.04134334623971,103.72968868587243,109.14862014952706,123.96345741376514,146.0739407564654,151.53607116296655,138.98781581959634,115.15457180198867,108.33582946286016,99.82693454555151,93.5406599419182,96.04500207129547,96.11584274088693,102.97035695629486,128.02340092162373,147.74493178259544,160.95629631563492,162.5090123477315,153.9312458858538,146.96618877939568,135.61801576836407,127.24260253591325
2025-02-14,122.10754498516668,122.05120821422214,117.07986806433108,114.37795231561662,117.62137477458903,131.62327527229598,152.55779958486667,162.40622471663616,143.34850998749377,116.79065118446685,104.16805839046754,97.33459018760684,91.77862744137165,93.05879148814483,91.51289423513728,102.26887251984022,131.68636408056094,154.36842278589867,168.14294761228368,171.93693833395048,157.83568439892125,153.2848734473455,147.66269747323648,136.92408902910424
2025-02-15,122.52785645175307,120.5406933146715,115.33125198461414,109.58009990834469,110.7742052998885,116.07015944276311,126.81486991066866,129.02906790540496,111.93432293464487,85.42363953716796,72.65566256540683,64.12134417109772,59.136905431341056,58.93112993045438,62.49820358795011,71.92104881107772,105.68320097386564,136.55368357991347,152.49472658619777,154.36284987649162,143.5424256604177,133.47252403405224,126.55482599611115,114.88670470706086
2025-02-16,105.37323560391448,101.59405581060828,101.25591507551086,100.31479502149557,103.82094148582769,105.5320165797505,110.15296287820836,107.32378445928592,87.7935456281131,67.81387325340225,64.09700577444309,59.83738657880644,57.51179744326057,58.768660504323215,65.73998345392708,78.24201629287136,99.63576135311516,133.11131833415098,148.67684484390213,151.76277058674592,143.1844092441117,134.9286027897572,124.93619217578629,117.69341653683608
2025-02-17,106.4308847032739,103.3373821390383,101.18405186073593,100.68354208860774,108.18117525930319,123.97492911299857,142.19765284677513,145.79589251596306,129.26094868530112,113.52916852167354,106.43240703022113,101.32447439016312,98.17769710737578,97.81946889299823,98.74957274671394,110.14041013222011,125.91704748217404,145.44635866646513,164.83517254329038,163.80958074956507,144.06736836266302,133.6120346415859,127.72272584656483,115.78431864992336
2025-02-18,111.51856052022765,108.37447149867594,102.25795810755368,97.81872261087081,104.58519728745553,118.42072806021045,141.7452440934364,146.63741473344464,129.64947118842278,101.85672771430163,92.58936365412846,85.55954722444297,83.03896335938592,83.0125453811056,85.09324477515828,97.16411982203448,119.50221208482084,143.32608167273753,158.68406469593265,159.57570301978666,148.1092178745006,138.09585069772743,123.39502549280175,111.03245237322918
2025-02-19,101.5159830294347,100.93104983723461,101.25734806076375,99.00444583150403,105.44733336350214,120.95991455833648,140.07871524081625,145.67702153924995,129.93732675843714,110.00430533208268,99.79543611524598,93.18069961715261,87.44025824535703,87.95521188035248,86.33244602738738,97.38340671086785,122.47497512819358,142.31616092098915,158.66749137677053,160.98355626309416,140.0143806240404,132.37718343500828,122.92828688271969,114.71623673469028
2025-02-20,109.69192990447101,107.05632865242784,101.34096283192837,96.41623824175697,101.3688386042274,116.8081109614916,138.22297273243092,143.20691415428377,126.54000418637888,97.68358871851856,87.7610103114936,80.8527549676432,76.20245446887023,74.91430211370135,75.9152783965938,84.86916074228171,106.32380126122553,132.48314086265307,152.62783391352653,150.12160405683176,137.9649544791867,126.20283206011645,113.85499858915779,101.01113249052365
2025-02-21,74.1496096498233,71.66726553761805,67.86651397900914,63.34076152536819,69.55376042681704,85.20294821157269,106.57683091941053,109.4084516800289,94.11678645624686,66.2767139945978,56.943920280596885,48.31034003702324,42.67687834460009,40.08970937477474,40.87408632964934,47.54551818159855,73.06554731933392,96.80654669850794,111.86786163639204,114.0409935032473,101.51330827868777,95.40367167524886,81.57469540642764,69.24692040354753
2025-02-22,55.379067585388796,55.81375972631535,56.097394261261755,54.469585234044,58.794466590341976,66.33491221901882,76.18329641037761,74.15755503357629,62.263127454626826,49.41302743302434,45.84245883231437,40.545206131298414,36.46408248019367,36.399951950414675,39.92888863526898,48.15372156299298,68.00010624430712,91.3357053350276,103.04160957621082,105.8737555494546,96.5280255312039,93.36778441494428,84.5102153240299,73.47141087601102
2025-02-23,72.96986243451173,67.17587366817972,65.09818683939504,62.10010180051016,64.96344235054782,67.36384013181716,71.43783616659702,65.30254213459843,45.6399949483213,28.559777879660302,26.261547127983917,19.704433194321865,17.714171203588336,19.379882176968735,22.772166106374527,32.9982608383511,53.968083799456906,91.08586267204451,109.2641339889693,112.71958985015542,101.63618497032367,95.19676220530084,87.95391243070158,78.95622791095171
2025-02-24,75.33555715325303,70.19024108797072,68.97726970922906,68.5838789511744,73.6356353739831,90.38412338594753,114.30485542978735,118.463380831666,93.97885292016872,71.172413573847,63.014101350396174,58.5284339409221,53.60228802205913,48.3996470864875,48.49237298912698,57.335803352963836,82.634132032802,105.90847510748127,122.22133958162814,122.12807175594229,105.44547443292004,93.714516256096,82.27190061731322,66.47168529530956
2025-02-25,49.33192953818984,49.18321232676475,48.00107056919358,46.24947704481917,53.14321613178787,66.40616578191195,86.90214777256372,91.2743253039622,77.88508996632775,58.16618763621123,52.244415394523074,49.254512249933235,47.419754305635685,48.716826570792826,48.89138862977533,55.9841225669214,76.38721715936157,95.44171336074402,110.91107568451568,112.43903395555714,100.01399202335708,92.6231965282493,78.41935050132054,67.1700637441925
2025-02-26,93.56891508474757,92.05764757967799,89.37567201999701,86.33901728304068,93.05809973523782,107.68744155199684,126.73995779443396,134.17607733004462,114.39758184293207,88.89973001643219,79.8995536190458,72.4602620605222,67.92344273745115,69.48858814682555,71.5414779492418,80.91118021444316,114.79310413922448,137.688910274412,150.78247499082676,157.448477542875,145.97985012337307,135.76775878114006,121.50169218713768,108.9330486179002
2025-02-27,106.27001082420914,108.11909075757376,101.93601113822258,98.03588746910229,102.81258380130012,119.30071816872103,138.91261766148844,145.838842593062,124.66018212875308,104.52197528838667,93.49384678918094,89.30186558291874,86.183620615228,86.94545806314574,87.82749580289479,95.87540449402306,117.40561578843275,138.66709581435637,157.9452365332062,162.37937136967156,137.0384931087067,126.23468336070249,112.14663025379316,102.0069255041816
2025-02-28,97.58564623558624,96.04425646575433,91.11115791535018,86.58830474538249,91.0921976782123,99.54190774103637,118.38919454915435,126.61497546620379,113.32590271651412,89.71040604654105,78.96812500400736,74.52380465261797,72.5448705255649,69.45916987795295,70.66475859351326,74.21860977494444,94.0245198430585,112.55194956131245,128.00753621804841,125.8190486343913,111.30447689148266,105.50113384193966,92.66313846522064,80.095392560493
2025-03-01,82.87281153073992,79.68383617255137,74.62316796658558,69.6173303378799,68.34697338355048,69.3069164649607,75.35935559869787,74.40503129269159,70.1030378411058,49.68499071168546,41.595583908572536,32.237150200725054,30.030369741869904,30.0128740258792,26.99790052339084,31.613178103747828,57.36254951596827,80.31028359219329,96.8026720237055,96.65651834529923,96.1543350100023,87.24068568998328,76.48420170698097,62.93299119518993
2025-03-02,50.036981968637704,48.977789098828495,48.11665816764467,48.59423834490039,52.89220158478861,56.482906660075415,60.27584352405427,62.29690227844665,57.67491275681772,50.00588436627254,48.72283972327324,45.52236356207899,43.275554700155666,42.68048372493305,44.246906680265006,51.06886637750838,69.29498817340348,91.25957991607389,107.05024508813796,106.70160189450694,99.48936605775059,96.98760927627123,85.91913515453531,76.34272282624624
2025-03-03,63.76516468776207,61.32955447724548,60.99306066476311,58.37965048026559,63.57393230046182,73.72511313712758,94.11099543716223,102.77085077117101,96.51387969395964,90.65842423941353,84.59765779734501,79.75510531978207,77.51039086840169,76.92171720558852,78.89776289003484,86.00252915367253,91.41636780928172,105.95114548625693,112.94933936877322,110.06088979307334,101.94399079252983,91.95357355129272,83.36115858525628,74.79603775559744
2025-03-04,71.7320579949133,66.75434454608163,62.896725135979466,62.21464706116759,68.18702623066024,71.79363450165454,89.31475337178433,97.2849897513382,84.5850832969536,68.50614630999377,61.27125545030426,57.81093526991617,57.77921185441935,55.928482641470445,57.12697598973608,65.22074565841464,80.59232910038189,94.86528043128155,105.92129224253144,110.05007534579974,103.59275270197227,92.64729163523103,81.20503270649661,71.51934853803644
2025-03-05,73.77134720156857,72.01387090756201,70.163646042407,67.69401124434422,74.14499526182729,85.40644942459897,101.6724478651524,107.02812226217506,95.94464981897063,77.71878442296256,69.93877881673104,66.34921504244588,60.513588902107514,58.449824135640135,58.79762589316539,64.25888692769192,85.453673227185,99.76165327439125,112.45345921678488,115.7441944050124,106.48410829483149,100.15978185969485,86.48007956405448,78.63120203066153
2025-03-06,68.14423121110241,68.88038971159298,65.73751471133318,64.73271371300822,68.30661128905327,83.83378934390339,103.46047773270564,108.95773362225638,99.21037814648756,81.8328077627234,77.23314081325684,72.21872084576694,68.10214115026835,69.05633161841361,69.26954759991368,80.13256190687044,97.7444703889045,109.24008035560317,120.20392885588834,121.29080975745939,116.35441936277034,108.92800861589296,94.93816906343818,87.63654475031709
2025-03-07,70.77070547968387,67.89773250102064,65.47947642989564,61.50228441712968,66.5987551415371,71.87259057172696,87.48538834307803,90.49516605092798,75.8399125112474,63.0250147540098,55.40203941093254,48.100214680370534,42.73511781562708,37.18853697162356,34.681081218809666,38.356044123922416,47.10378486750575,58.69825613707421,72.59941348837384,76.21475661160528,73.87149617541435,66.18204805626671,56.98929418627047,45.87426929944125
2025-03-08,18.766466356760773,18.61130342975271,17.73462466936246,19.27489882437534,17.602341629664124,18.65131352631299,21.01977025395071,13.128618053672298,6.398901544829911,1.2124732689803182,-2.6945997340044414,-4.131296280491071,-8.544687968962549,-5.984423064552345,-7.233844697183997,-3.325268571260395,9.44348816838776,25.547882737940768,44.53751823551258,52.03041676055187,51.69286655298866,46.59059789576527,45.62138312903805,37.41149846758715
2025-03-09,29.344024595216055,27.31158048718825,28.064212464154267,29.363234920795676,30.23215445547119,30.661761516957853,31.234105024252102,30.741937864519542,23.499244166345704,19.448369106839067,21.298728892368473,20.91429964878347,22.259624045119764,21.426897444807025,25.243936758239244,31.302337055060164,45.84754983406481,67.54567690577657,81.35243354427568,89.56836483712841,87.20237116271689,77.26881571881417,65.66537805156318,65.52999717762246
2025-03-10,74.00151511446238,69.73860026769506,67.59084071614845,67.7639399194356,74.26589763578073,83.41378301507702,104.51940375518917,108.79281987323125,90.90666508804092,80.52030523475332,71.6605916732332,69.20031180192576,68.98193488070198,66.88089772169063,71.607966375531,78.887467171812,85.60301358532155,105.24861126738587,118.67521461939147,121.26557508294815,113.65536125160534,94.89722749463475,84.1160116309605,76.1980829720481
2025-03-11,75.64350421580016,69.75260786846601,69.51884949487939,68.27659671594552,74.26648889449086,82.4402984126146,102.51903444372601,108.06119798356784,93.47105055647862,78.28347939083908,69.11061609102232,67.76267745305367,66.1442209844379,67.83372422774828,69.72855988173897,79.37563647488709,93.10199655991532,105.18857739170866,121.06040847713798,124.07249167815169,109.38955485651499,101.07453381968197,87.62875053781703,79.75275216277835
2025-03-12,75.08441964698945,69.67129618406652,69.5574591814487,67.34587620073978,73.81596238452923,81.82772134578576,99.26373500253536,108.52305955910262,93.41250324368394,72.78467283792969,62.87415638302801,59.560311374696155,58.847586713643864,60.04064278894294,62.67174445631089,73.44692595952617,94.2917282838093,112.49853194845583,126.19190226677637,127.58403395674947,115.76824438194012,107.1120865617815,98.03212575706146,87.63387295099777
2025-03-13,100.58110349650354,95.74169773340653,94.33886818365673,92.47542060396754,94.14899850746889,99.92894869837193,115.59590518976817,124.81769637725421,113.9576232398415,101.55682374599022,92.5027332004986,89.26920206309161,88.02305904078129,84.42883320250289,84.30116835510455,89.27205891954128,98.27509350196779,107.8514093990043,120.93738150101854,118.21261048975364,106.51531034268439,98.9216219164542,86.64723698966742,78.33088233879221
2025-03-14,75.9390344952803,73.64682900577128,74.01013963999115,72.72172460911837,75.83155286307351,83.36793062598825,102.58712755445325,107.70916024110917,96.7710387616445,80.41460805797209,73.13608875107919,69.17615812840708,66.65257824755803,65.63505334351267,64.86656468072945,69.99333938562916,86.67846220768513,103.92926799195436,120.39210666822919,119.69964715150903,111.19024813725122,104.57987415601332,97.14215090476499,84.58223518294996
2025-03-15,68.09552550111005,66.35525254193833,65.53092798320563,61.95231115919299,63.30297627701064,66.1209566803555,69.89557886397496,67.22466057764696,49.390868464256826,35.6222389324857,24.088047962185087,18.865129891220036,16.951388978022024,18.092745526833156,20.689005577899238,29.692919830464277,55.041724502155475,83.05024113894355,107.13124789506264,110.78086555889404,99.6175589588299,91.06445126057989,84.05662162435489,73.7874954973195
2025-03-16,73.2219120375847,71.3333444399607,69.24295455540093,65.48137052540224,68.15282648916784,68.73266599254855,70.50437058257988,67.195467320679,51.073124748369196,40.38424981451418,32.90841873141592,27.52659379822846,29.552330037357905,30.765242971957505,35.777616983850294,48.82266081200997,64.06875823179948,91.37936030019156,114.07222395101681,116.59868441930723,106.03578019942248,99.17965001277372,83.69318723178341,78.84365009877854
2025-03-17,74.49183539361923,71.65078122130507,71.71724625898929,69.30184949149583,72.9649874108374,88.97055716045377,106.72266418525689,114.22959208543224,100.5524621300638,86.13941524202582,78.6987530351051,75.96217404556724,75.58164131933759,71.72296188598774,71.29040027532756,77.71939558550422,86.86632081563988,105.1826928017492,124.14465076432337,124.74761468278784,109.5721953025853,98.83293059715258,85.50835055772711,75.49186459866624
2025-03-18,68.5971666230745,64.36723828607158,64.34320310298705,64.44324921021772,66.2316932247486,75.00803697704225,94.18291716799027,99.22678126795046,86.74052508412892,72.65897635833541,65.18289869552665,62.149577457103746,59.78365190500695,61.059540917447634,60.39073251079412,67.14085789163126,79.1697014861162,96.32705221401741,113.0625172123552,115.6846547153286,105.12505057785488,95.52014212005878,82.3999710120255,72.20574184177056
2025-03-19,53.771218500298104,48.26776849878067,45.060933960099156,42.904387792951056,46.19344581290841,51.70936452109048,62.81849397869722,65.41910817483246,44.769486429868465,26.214260458282624,15.949398657022755,11.244339008169902,4.744735175185468,0.576411582497883,-2.054051297816656,6.588029477213155,23.494583123863364,49.607240543677946,69.09147658217877,77.33674655833998,71.4585163339253,58.015005245201635,46.969893615017014,40.461824803687236
2025-03-20,22.235985402423992,21.0554257049927,17.982624666474862,22.603605206979054,22.928624832379697,34.777036968336844,53.27390457738568,57.82541742874599,43.94622748452342,26.72386744028904,20.272933516701542,21.68426100597759,18.103079391728713,17.50243434466229,16.905843976434525,30.63770082707063,47.847644383761974,65.87321568120993,81.78394114947383,88.86042635691004,79.85704735378756,69.26716251315503,60.57213251628228,54.85482834393157
2025-03-21,17.635171093219896,15.243354709314161,12.464929610228353,12.492734369690695,18.271093095993578,25.041353651561423,39.009486309402064,42.65542888708464,24.844321824018436,12.639730773566043,6.8384740315592865,6.278610607660653,4.019349875828993,2.51253707897844,3.5829149260982973,8.097460405020797,21.877772084315353,39.785640942171696,58.08006624755629,68.18274572585577,56.94471190738858,45.30407664144087,36.42417481980016,31.643128585065654
2025-03-22,4.308405841224257,4.822701219648081,4.69698374999777,5.294320706562175,6.317153172272597,10.517069553616523,10.81401971413942,5.878652654996927,-1.3088378034350683,-5.818683362756801,-7.507732274000247,-6.7624947300723335,-7.025471397310582,-6.748932955908529,-5.5313779587299905,-3.7879306124757193,10.744280542026956,24.912039819053888,38.143230518011165,48.86725480662014,37.90860889748596,34.24883894505717,30.089233236017122,28.38351823866634
2025-03-23,19.874483313371627,17.997537424226422,17.232183981755043,17.243913509041803,18.770341007024285,27.894396839386005,32.50468723567997,26.18745033247771,16.56461973088848,11.469838563540947,10.235247007645398,10.4483190605401,11.112660007329154,10.263483994561895,11.822784525230489,17.44962807641204,29.705875943869614,51.55339781717464,64.8624320724302,79.64105556629909,67.68665730451352,58.23707192591888,49.01598196285164,50.05337443706591
2025-03-24,47.18764044153362,46.834576179635846,44.688545010372586,43.71924917546411,47.22019530719501,59.85439040925773,82.64593915955757,84.22558834163056,59.420487064533816,44.0581788072534,36.59193727654021,35.09065620490679,34.28242024386613,32.68299398606379,32.12393242736343,36.60034240911344,53.89765675073694,80.10945165681454,101.48698743337323,116.04883154903878,100.59737974870659,84.19832369578364,68.70947931862285,63.53055705149073
2025-03-25,51.06237547890477,47.728768378984256,46.76277704082318,44.66011768521953,45.90606840119273,57.786651233857896,75.83309206501042,76.7305221649657,50.73239017632798,36.816374229100504,27.173287317518543,27.197096766567,26.194172660513985,27.811993269676563,27.583355719584475,30.84510130607839,44.95878271594084,70.90187892311839,104.9334713618907,119.63034926720626,99.34812449518691,81.35111865158525,67.18424883284612,59.869349544966624
2025-03-26,52.22189949245035,50.50045594000208,48.619591399535295,44.76996666457222,48.16956296632584,59.376097107674184,73.60049930180693,63.906112394015594,35.97417750328438,26.04684509765761,17.282750302890136,14.623174366065015,13.263710474996856,13.07982720103611,13.433576557960194,17.472494025007038,31.535084807763468,59.89671709167246,97.7059127836429,110.3452861070451,90.37512915707174,77.60658358224833,64.50757931420165,58.0097419870915
2025-03-27,52.96418211713072,49.049760447634355,47.218086509094235,44.61796657620027,48.53787013900012,62.13070526514511,75.91237239482366,68.49613806611598,44.577588137013535,29.520601211297503,20.733689066325198,18.026077931259508,17.97077097475335,18.248431144163916,20.09509343818094,24.974204238504086,37.72536237951762,66.97964378954286,110.70142190321383,121.53619331326749,100.58899202825584,83.29079902349618,65.03987282390419,63.8858623926846
2025-03-28,50.00412085535393,46.551811337859434,44.055649995668404,41.749205748029866,45.47885214017148,54.7110475524164,67.63946437338139,48.48502663517455,23.69612795792952,11.144035212691577,3.210592125806727,-0.019923288340237377,-1.5831217189321762,-2.243803617057239,-1.7193416982556613,0.5796548873906318,11.138302226176734,37.06102853983394,83.6134010814856,94.05213859370242,77.76796902757195,64.63259224170659,48.15322315341838,41.67182186474743
2025-03-29,17.577654190412844,14.088694539236585,12.492135861505133,11.752227759296474,11.644616338756492,13.777015360734907,12.431072279393419,-4.109341191008781,-10.820024338048938,-13.943708230699187,-16.16912417125252,-15.826970021882119,-14.98052245685463,-13.059835288036098,-14.579121463003304,-16.27998731296516,-13.563764580090208,-0.898160906115578,31.226796707561505,39.92202573962993,33.37145820945807,26.562750591904063,21.757251711166745,17.67130500338149
2025-03-30,16.905718339716955,14.096167142065212,12.135052392888099,13.258080836051747,12.505590380167675,13.990862048545083,7.764697381508711,1.4376723819863741,0.08443152159094325,-4.493512016317169,-3.22236376131427,-2.403434755365325,-1.1624649110495682,-0.8710467304464515,-1.093941101568788,1.4938083824438593,7.149342393063151,18.872826776813838,47.449096125351076,64.39133736721524,57.394365162455344,51.793585678500236,49.0993937430806,45.124378026177524
2025-03-31,66.27935904802527,66.85272003032011,65.00365529900031,64.04858937376738,70.84846803301153,92.58820310542637,101.72552240070428,89.78249457249333,70.0888426441543,58.683731536985434,51.88899741400196,51.21644960580464,50.236692206303466,49.324261260392156,49.35774698182362,56.992244264625874,70.84680694508478,95.21879048806726,130.54187506233848,144.83835832715488,123.78365961042527,107.53501330680186,97.5214007185518,87.05995781659749
2025-04-01,64.75300654837179,62.67617789896413,59.12180893466001,56.53542537889204,64.21367297110831,83.96307310311303,100.85958084959181,89.03112832000568,59.53413680353685,47.201033940707134,41.03267592302612,37.20413857465613,36.73581360875913,37.601305442333896,37.365556057679655,42.003285050797416,51.95279807722609,76.91663089474726,118.0546627921781,128.22860253948454,100.63199280199605,83.45161770323314,71.75322992105743,62.568941969312846
2025-04-02,64.26949741078208,62.35418701694498,61.24036697254999,58.4479773714429,68.68516178664028,83.54484981396757,97.34428023977523,79.47590341954304,53.706053923741905,41.16942115559577,34.91871123017627,30.223583517722304,28.7114374249107,23.71284872652997,23.896361183146723,29.35382095211429,42.82010653375552,64.24896137745786,97.35209370328893,102.48448954761547,81.6977732725783,71.3375092000194,56.392332949930534,52.12838644258207
2025-04-03,35.417401694664306,35.45057416655666,36.63883973779673,35.336468256294,44.11951654823345,63.63286738207729,75.82855791413512,59.01837356565643,44.93627587255031,36.929186142168916,32.324673515780376,29.543907699048958,27.877984846245113,26.360522076657702,27.728610252763175,27.863851031635434,35.409219591444256,50.96564418044116,76.09488330121398,81.01472815687494,60.104629815551945,49.88439656435567,42.42973705458826,35.08767756591402
2025-04-04,13.880396174843824,14.796492696360971,15.472416228614065,15.156022729293838,21.649395307080297,35.91776539926927,43.1990141352785,28.09666732382587,17.764871784452893,12.28507912768083,8.917286812343406,5.699754950215038,5.047014533254654,3.953754413994673,7.3448332468973945,6.77769430720673,9.84839677338394,22.675510429929943,49.27334955384852,56.694779939144226,35.83750871983662,31.25417721030398,28.28966550455506,22.364646273468068
2025-04-05,22.887158395199634,21.777638054833105,22.64563047824872,23.55749734017637,26.015651013220904,37.180685953608105,33.15006135519842,18.917392325949166,11.305660687625547,10.49290953007322,5.446841509620967,4.149216762324841,3.821353395759658,2.3766520934974835,3.8127958728281897,7.085001034601959,12.68944320396669,24.596215774865613,56.15301831403589,63.81895244654196,53.49031467583359,45.3644031475623,41.47486013469994,38.10709892046938
2025-04-06,37.105009064485515,36.46227953673724,34.35946088133073,35.212168699309416,38.9381683368465,47.37899072543904,43.61890238332394,28.121711425522435,17.27509511320082,14.523657838483032,11.307257739285944,8.759619742961803,8.842047031629647,7.852369125422314,8.585547726109596,12.977654295312973,24.78577094002415,40.03930945165585,65.52356573885437,76.24519757669093,66.0021511980869,59.68470496607213,54.18813298693392,50.83179420132646
2025-04-07,52.4350220727093,52.16928552220002,50.83301800353819,51.77283540032504,60.909560714171725,76.65966118161816,85.10873540440346,71.79363504837876,50.44019759668578,40.06512361178734,35.52932660681847,33.79068213537779,33.71008961262474,31.00304986808851,32.50211538554291,38.53834205433459,51.86488684369152,71.51350374920666,102.59204780032287,111.34781763008144,89.34326037409055,80.72801879091041,74.79729192430912,66.58885754421709
2025-04-08,76.74141939659958,74.33258891524878,69.26408428421834,69.34556564313618,79.55860948619151,95.34340892650485,100.56050213526765,79.27359417591775,52.06265077820834,37.69841080730245,33.52139228909138,30.537494044280095,29.214124838554454,27.821708979394842,27.60731189478217,32.18277343917492,48.35855182643169,75.3340961766756,109.02346785757966,118.81847284413018,101.00635272121363,85.05208646783436,74.4203489061517,66.71846738301336
2025-04-09,55.71523570537555,57.977826583619034,55.95468209873745,56.05306807204802,67.66970525356888,85.62372062503913,88.71084853886109,64.82114396823395,44.31834566629894,34.59635922973746,31.739999187331435,27.57993937102853,25.462911497602818,20.48971107998082,20.994623408721324,26.357248172251545,35.88191356014107,57.0875613926315,86.93349799598373,96.49820832420514,77.40337569097386,66.34580926234992,55.64635321843069,50.26250106077926
2025-04-10,28.505254404235117,27.888791848964885,26.93943228372021,29.395998586346366,34.09380494861446,49.68384151205676,52.62970942126378,31.651128878511898,18.830530454240304,7.572751472529049,4.91213923705341,1.248452702391404,0.24523397741174335,-3.853012575300255,-2.2958843360079584,-1.405693187276924,2.1885376485117973,20.70886609387628,50.9971241290463,57.88001796419452,44.548244189602556,33.01569010912421,25.922311582640404,18.003574830575886
2025-04-11,14.936242832786675,14.967213715372395,14.796619207261514,17.428319129687566,24.868511774343787,42.60099167520221,42.77917869581961,24.46431514776694,14.863470479384645,7.27629836533022,5.359139711780898,2.6665801917974647,2.143185921507822,2.7809260515161185,3.966567298470295,5.3976893495843115,7.471218770315616,17.95174723409292,47.439787122029514,58.553451513426154,44.02293844785075,36.71916530271422,29.571938007466414,22.646512943808972
2025-04-12,30.060353302383163,27.712031696436043,28.57105427064613,30.34669061589804,36.28977036786205,45.46256257721146,44.87371553870082,32.97493644375338,23.06204861033612,21.086172327984215,16.59265283828661,13.173016995384543,12.234824445182838,10.748967401461158,13.178299968010208,15.964479994835358,24.97919564145917,39.602405965918976,63.75617151808197,75.95310104750982,65.0259971141033,55.85459430032208,49.45157899530332,43.74021064985442
2025-04-13,44.19102591123925,42.384561896790956,40.38755960808186,40.60258282834671,43.797331305603265,47.44858128345953,45.79286787582349,34.49557239850577,24.839184355891618,23.054351004441102,19.571180333116246,18.043708467611538,17.28557451687253,15.014672913485938,15.396091354136757,18.88676420151134,24.00182031095231,40.96827731086597,57.96502358925369,74.69017490226312,65.32272980317815,57.520133998111646,52.01055928544744,42.58794261667177
2025-04-14,39.4204051526885,37.17246433493146,35.126703588024654,36.97255294063632,48.15676287261934,63.389037362484544,71.85266303841674,54.19242707065639,33.154185645947564,26.143365731996667,21.552002723512885,17.657663083787682,13.643311524671802,10.466542167067217,8.818033578108384,13.42566469281121,22.504756038819693,42.499299983770854,69.52868153550499,78.18274236152143,64.56310220804247,54.64670351320497,45.65692878314235,35.96264727144862
2025-04-15,16.181458352412562,16.63695788116702,15.692456776887795,20.64369497215091,26.945368426066167,46.30816130879529,43.40284675948212,25.002882734506855,14.483421160836272,9.071053674565121,7.704396369027975,7.306066104985945,6.417856532286237,4.959330676440686,3.501197420026699,3.9668194696163255,8.482903713375393,20.88500482013464,41.55427181249772,54.33086372355773,37.74153014116919,28.55497517779945,29.430533097008848,22.341336734677967
2025-04-16,0.42370550895380177,-1.468209845053238,-2.7299404268928242,1.5451367934319933,5.337437502183803,17.8376813005615,9.567181144938786,-3.2408224450367413,-8.898583646547507,-12.912283896477291,-10.79349039310192,-10.110512004352032,-10.435756495359996,-11.736459434039531,-12.126748484004992,-12.461814899256794,-8.44015349718299,-1.3768860380814658,11.695025171737456,27.81162464381248,18.62236963458747,14.115332545656543,16.064388178550004,12.667997453689509
2025-04-17,16.058425748462184,15.316381237081572,14.449563977457188,16.421562053590534,15.573473322429379,25.20319700386193,16.19651953620496,3.8974162413382487,-1.4343852384608624,-3.6377380915596547,-3.5170758666139648,-2.212484796102885,-2.43197435878173,-3.185385584396826,-2.503671240986492,1.9663708685363872,4.559786053324757,14.043186057823931,36.60882750378127,53.27677885959977,44.3066548428576,39.40052772011708,36.91222622107898,33.40292289600801
2025-04-18,25.400599714373286,22.489522935911253,20.755425288324645,18.909092758184386,20.965488408518397,27.273147854659513,26.8054876218807,7.541582298871418,-2.1477911836624344,-4.129536474564645,-4.088234763839026,-5.19389645421883,-4.273233946557255,-5.184114875458391,-6.0287225500284904,-6.229991185619255,-4.862745452279967,9.904922943441363,29.453936124413474,44.09051930757167,40.18769519585999,34.80272049193459,28.68058364211167,21.10136036211776
2025-04-19,18.718221960116637,16.535212777570337,16.66392086622207,17.418751109096817,17.06332077727795,20.278928638556067,23.921428574871314,13.267348553060685,8.626745392707392,5.672993222732558,6.088579028557206,6.9487683712681445,6.761027035147109,7.594681795378818,5.9175269403364155,6.037649860843658,6.587060022365819,13.739908340908784,29.82604046189158,49.09792559756838,42.273761559883866,34.00719591344853,30.859857052288646,26.31329305745558
2025-04-20,20.299531247187204,20.694720757754013,20.320485762240523,20.943283695313923,21.262068781178968,26.506530467747538,25.84053104122168,14.241627523539407,10.870408318705927,9.866927584865593,9.885706846817328,9.282260336135977,9.85269930135162,9.285400854667103,9.15472708005666,9.290950050538811,14.846319204705082,24.61735084674146,41.19791809742847,62.64335760195662,54.08056092468395,45.126123858205275,44.64083160138907,39.24405251472449
2025-04-21,38.854824762240185,39.08678154373874,40.3774780569087,41.87208300670824,44.98404735157318,59.71456065424678,61.731166621771564,43.92952924752386,31.165021738602533,27.041314427251578,25.71843863216526,22.68762244757717,23.00204721572014,18.145633068114748,19.505873161053714,26.719672951031356,35.21848153434374,55.04876195614358,81.83472800842618,95.80098673419896,80.0061967653057,66.88804158058188,65.30741395603476,55.87525923706241
2025-04-22,57.7283158369132,55.35159885475869,52.92515072448228,53.91313459107993,60.442081745313416,81.48288413203777,87.6762547984447,63.138404970659025,41.18955479188965,32.558084405736636,27.620448448758125,24.46091609786987,24.38250293323658,22.05808548173036,22.625011880026648,25.027967101165245,33.92662810842644,55.28358451685716,86.33572102439297,93.38377303879166,82.57335757042918,69.31858022885632,54.49035755476238,48.307359825201914
2025-04-23,55.91187659088881,56.59734019055117,54.31500372121114,55.22635626201472,61.23130574428771,83.67869285224671,88.13282666887844,63.75748682762489,44.51386685142296,31.212895071633554,27.365379879089872,21.686419538604554,19.64318905664355,15.95730235830537,15.88270215235859,23.21889171633977,35.223612025120914,58.272842168261874,87.85297535601457,95.25742084392262,84.16242510040497,75.49881570378294,61.417015181228194,59.26389117875537
2025-04-24,53.78166630711961,52.258456474558265,50.96697339211904,51.89806695448211,58.515220581003895,70.29655617784869,61.55791435973285,44.2796372417927,27.537744575786235,16.914116802244564,12.03751207116808,7.864956544167015,6.867151576555258,7.771284947810528,9.390476658342337,16.770315614412695,26.9551500780411,49.14271534771609,80.14007831298022,96.44897389594016,87.37994746002894,77.3251059434069,66.2110077568889,59.61541621661115
2025-04-25,65.20222670075371,63.79861013289593,62.115615390414916,67.32778583671835,73.75353346973063,82.71557510418899,73.76451670424166,53.65418281415674,39.574967738987084,32.39189338302096,24.082086289838315,17.629660131689562,16.337526963418398,15.808758429003376,14.513598684054145,20.62566562202369,27.357280787506625,46.261133160718316,71.51413687290778,85.4765472432232,78.64381340475346,67.45062352631379,60.18304045193868,54.43591556730925
2025-04-26,36.030375713828874,33.84503788829504,33.833088907937324,34.74394580153333,35.459305741451345,35.938139283499694,28.948444755899246,17.29478534973329,7.263362572528067,1.1103373692143208,-0.7485498075162269,-0.9956602424907572,-0.1404717994209932,-1.907212626740943,-4.603512988557526,-3.1140804313198203,0.9018606776628246,17.379734195968297,43.64128368046312,57.25581140373319,55.07914885480554,45.656866247954596,41.193655648866766,33.025489265701324
2025-04-27,17.511717764276796,18.466436022782958,18.76134335184446,19.425547481603687,19.976598403738805,17.23357936300239,4.3642394321977065,-7.324535953450834,-8.809466372703923,-9.438112105398318,-7.230393408827666,-6.537699446809171,-5.7862001175507345,-4.56813545049755,-4.855958258317287,-5.821758825172424,0.6114086509545587,6.340863440892548,32.696865233793574,59.64662101287573,56.980706742973126,44.68564812093754,42.81171224485166,39.40835683072993
2025-04-28,35.63455486174685,33.22752918951066,32.022007910952226,35.03406397082013,40.75136631286297,55.59399118976684,57.901101986069875,40.33116904241959,26.449148752474258,17.8356617275808,15.675590475788425,10.194462521716844,9.21655855099604,7.661162372836131,7.09806219528906,12.501073157253842,20.884692729463126,33.146945387765626,61.31724678029286,79.80305463831664,70.68758501155648,55.16131753072531,47.500067152721485,40.007602142924085
2025-04-29,23.21211741070455,21.49791311600832,19.32500050889901,25.7508972682991,31.26558211202544,48.08434330525394,42.12793276370296,23.34327036371765,11.383990712449489,3.274806976429545,2.6322443836128144,2.5611117283788047,2.1695876406365358,-0.7503087077000856,-2.7991550039640742,-3.2324223482013252,4.641781940352871,18.133094165289464,45.014885815048444,64.74926881780506,50.11993485932905,36.91506409088423,35.55251321106785,29.42566642662807
2025-04-30,18.584084765355044,18.031170920441227,17.25041537678183,21.267670191806545,28.218665835662122,46.5190174791981,37.558861741721614,20.76165352144301,12.447818637441543,8.57309255315434,9.996588700495607,9.461813313386543,8.166618220807223,5.28442738512166,5.245114693330791,6.304520532545837,11.805713377238348,20.94147389958505,41.838850091937076,61.89822075281377,50.50917838551794,41.724233524185024,43.79274929254076,34.88875016067843
2025-05-01,39.46792440873283,38.79997496712211,37.83678450702412,38.28054648054149,39.49122184032615,47.51428083009539,43.323346561327355,25.756157430972493,13.071867793382339,9.695719865673595,9.481764906676545,7.288396898381677,8.52441972148003,5.830472768135365,5.978245770809295,5.451967983003698,10.786024584605059,26.53935439175453,48.541393761932184,65.56880284796189,60.088263732508736,50.675762083463326,43.45470146104989,32.793512287003296
2025-05-02,29.906656153079865,30.383437386566087,30.05493145967057,34.63934749326975,40.03955873261535,49.08062483508401,47.077291656539984,28.427370155728852,17.886286577256897,14.520090799826733,14.99615657858422,11.553147139289663,11.72107119818125,8.824484948391046,7.590450446519412,12.977677444686094,19.14298114041698,37.61107365372463,61.07355283366479,79.91168687095733,69.38784002054282,58.635166605150346,61.58177232199911,48.05816389577899
2025-05-03,37.68633122137038,35.60798429326742,38.10435147007003,39.369745594228874,40.4508028274948,44.887718476774424,38.15198225181764,23.940757684609224,12.415369403098538,6.717983905662209,4.257030922288749,1.6293727350013967,1.404611689801854,-0.8645469124839735,-1.6456854097972524,4.806988376158827,14.475461236667797,32.21778625605387,55.875321006787544,70.22889279205853,66.6935371795296,54.92524524582174,52.021924942639956,44.17284486343124
2025-05-04,31.438470656933873,30.724204928325378,29.627492308695082,30.334964399229293,31.20683003629388,33.45279723196282,27.623149207766446,13.871357769378122,6.532156588843762,2.113778367406951,2.8105135891270265,1.6042894601587818,2.1766039727476283,0.501816273606849,-0.1686521780729322,-0.3905000638386724,10.14445798675375,22.675753683420055,39.78390217770257,55.68663820498769,53.20982183437329,44.11602535956932,37.92431538451687,31.26147108443125
2025-05-05,17.05208713833686,17.734927613634596,15.921120642353685,17.965527998033807,22.69538895876218,33.84948742786497,33.9219032702801,19.316576236627213,9.527374117363635,5.968703694797441,4.387705934019181,1.1685768275371373,0.012368816450504028,-1.6837874491533427,-2.7672861443925285,-1.3225679433100765,2.600527510955274,12.262095563770458,29.244859761693675,44.043304869060734,38.87278100055859,27.39725273488824,24.182450623339307,15.721622739355809
2025-05-06,5.676570664733305,6.170077770874215,6.48098289592717,10.7320322969544,14.788643875625851,29.133777546487593,23.35180541155674,11.419983043208106,6.355334837619665,4.012541373654827,3.376316746006225,1.3406234137898991,1.444151581747633,2.1933829790513784,2.413951057971957,2.8753004606503367,2.4292316101865623,7.840120504485526,30.816135393360668,46.97146566709955,39.15839096034374,27.19464743141741,27.78099230720622,20.78876560297097
2025-05-07,19.090432237372895,17.831354493253016,18.810419610023544,23.175246098189405,32.13179022713837,50.4904339445458,44.610584570881485,24.77735282672799,13.75481642096861,11.40677381254595,10.52985924376921,7.523333474141552,5.473698651461248,5.5105343685049775,6.069121784073943,8.389482255163813,13.544314437354075,23.226494733635775,46.010059288898276,68.19939717520793,57.786588242432,46.018903216612955,40.77365025991904,33.15363927128391
2025-05-08,43.67619484937086,38.847727533548166,40.58947879398326,45.01838704218266,51.48509597374236,62.769212173143046,61.64796511091109,41.914055505623935,36.44365196190411,33.528566358688465,27.45775638048113,25.184899371655206,22.673349659894214,22.77702867973774,23.311530265073813,25.332133102361453,31.99950596229823,46.0670258758588,69.23740838171264,88.50649741711828,73.74662889415848,58.47704592791813,52.7797997136188,48.862028048894246
2025-05-09,32.38434806040816,28.256932274539196,28.776502126453735,32.73031711091146,39.696000066992724,53.65296446603841,53.68728398567782,35.03299181116472,28.00496024851671,23.780215104935408,18.384053582944972,16.19733606620524,13.386865882782956,14.160935341979553,12.706045659720075,15.539585811978299,19.874492891373023,32.940213140004204,56.47608831093632,74.05548560338829,62.22265517054079,47.850497327472254,39.328463961514814,35.81029725567521
2025-05-10,27.39162863372465,23.379986974207796,25.094830442620108,27.000359948455497,29.963075008788977,34.01698596240678,27.84371450087407,13.24741593289609,6.669107182754587,4.261470162388562,0.9055787669502706,-1.1206326739494301,-1.684398677732375,-0.5644978151000402,-1.1912607106993107,1.456118118086863,4.301892025262973,19.294066783883324,34.094292299915395,53.008469714452644,46.16029834339432,34.04393087092909,26.64275954142623,22.94067614311406
2025-05-11,19.07806474158228,18.968255373177143,18.942595016189856,17.96074625618688,18.67131855435261,16.89080500576725,7.3269463085388224,-9.0909211644572,-12.533200838569712,-12.367899356969446,-11.487040497890646,-8.632118351290899,-8.239093668393693,-7.172204036699412,-7.998590037617802,-9.421157173048812,-6.242815063970028,6.537702616222475,22.79784742987485,44.69089394615267,42.785975899056425,29.467634315319742,26.246922381026963,21.732900080512678
2025-05-12,26.879541762202734,26.356614466880288,26.914616682466985,28.814408420553946,36.58256311837894,50.51547597655761,46.74858382899595,26.523479420988792,17.135593885781475,7.630110875614278,6.9728868038948235,6.394664372869116,5.55498325544373,4.142395182101595,4.634773838250254,9.812258743493004,18.61037104322341,32.7099657761928,61.92474559681901,84.09100990077496,71.72003108371912,56.72904261296158,50.45913240557661,43.413018469782955
2025-05-13,43.134832469554425,41.26855816155947,40.229207166323604,42.39730549753993,49.87522252982197,70.00887441833653,67.09323743032058,43.43811345917,27.96552450644458,19.474357407362874,16.341505218869386,13.828094287716922,13.431631789620496,13.912818258016316,13.173032356172115,16.00431191164779,23.826195424435483,42.76997268271279,79.68850346269821,103.12850963689415,85.2790188322087,65.90670508431589,56.383045600057315,49.664657355203246
2025-05-14,47.30031727036274,44.707992561228636,43.16498300378764,45.74007644390734,58.246047948962044,74.06367368329572,74.71389776510172,50.06916106737515,31.322448575946737,22.150205215757907,19.50351952696313,18.42723108756634,16.336227174800698,14.810375204856186,13.808927032552248,17.141549633798817,25.805343987923976,44.81038693145416,74.6672765309068,96.10879074134226,78.39609009536542,63.77977098986038,53.611229598050045,46.4016215824374
2025-05-15,32.93573612345726,32.1150439524921,30.5860330976206,33.0487175325019,37.816506321890884,53.59016969161458,50.36932443043385,32.1334883324423,19.95667180756014,12.36639749400483,9.196388652326533,9.112179666295006,6.552140782247804,6.981027435294408,4.9076110950407354,4.012568226425714,5.789556135554577,18.55425772250055,42.98724058173238,57.56355498896038,47.746327621338494,34.477509175001344,23.340903532523228,19.293402417447325
2025-05-16,10.438811138877227,8.771689258962354,8.255092551945467,12.918682933856985,16.27477079635314,25.65966328754,15.055751138037508,6.636128732055994,1.6576409156853913,-2.9359392882170994,-1.4131882967509029,-0.952776013267993,-0.8053667250619867,0.6976177832847981,-1.0156734429319414,-0.7491999637416313,-1.896521891559189,5.735439619461914,22.249017454407863,43.36246856863505,36.321531060272775,27.00494384164753,28.86510474538953,21.91309236024449
2025-05-17,23.948752427616682,22.5166032487202,25.143529942420727,26.163102542426685,28.84518688774071,31.298071517694552,16.020250671501856,7.373398816506693,2.8211117561789365,-1.5523220039512893,-2.8732460759069767,-2.979429387680838,-2.5793155876911698,-0.6006913468858102,-2.1803376744074967,-0.7035813145525935,6.651549831520441,14.172438310386468,34.77166775262583,59.794843226215534,55.669485748338786,41.860126117264144,36.07995803262196,26.59652403057629
2025-05-18,21.919829566519212,19.45892048769022,19.661043028151653,21.754514224202296,26.43166719572966,26.89941779049954,14.987728366506133,3.2807107647215332,-1.9911291318178144,-2.684039068815835,-2.6473299664751835,-2.463831232748035,-3.1394058327722405,-1.84989651829963,-2.512637626846285,-1.7096091851919653,7.496050267487789,14.665845885173411,31.975542072242376,51.01052801205748,48.11435901990089,38.63504075374968,33.65415249092946,28.785655917715644
2025-05-19,20.9766021041884,20.138677882019564,17.932500920852277,21.39939323325433,30.335543958033455,45.051743369215785,42.05791145555865,22.74919628170177,10.40223112252609,2.198910483838361,0.2294801509312947,-1.2226537587633146,-3.627311223320575,-3.3085154929588896,-3.454972390011065,-2.2062754792271306,4.536585031819129,18.735658247840206,41.56276459357346,64.43036812025316,53.00339322226907,43.222065726819395,36.37864842792081,27.81995038691089
2025-05-20,24.97615379320345,24.151027340525545,21.865393097020757,26.238305147880666,31.887072289909824,47.06316247137342,37.508659957361004,22.957180895129966,9.870439752146154,2.0258109718821657,1.9094547760481078,1.6913305807950678,1.9684151832786227,3.3897398643041043,0.6894457461026349,0.12170216505123221,6.460308166879457,18.27209038851217,42.451259307815576,69.42845211976595,58.74653314693765,43.86327036405058,39.56707364901854,29.27302836525746
2025-05-21,28.806838465817393,28.731460032294137,27.620660868363984,30.21331146248494,38.18330173577414,51.99623290410483,40.41779290136472,24.339442250472246,10.522446466276932,6.654944825838541,7.659286938958118,7.536483965225301,4.965658063893343,4.3945266122495354,1.7384689389081274,1.1569190611627675,5.732028401313954,15.673782112309226,34.39728488364466,62.57124971970816,54.639260028325424,40.00800276666578,35.79705901624169,27.34175959915389
2025-05-22,11.273817493823785,11.240113776793862,9.571279414526032,14.58621423380599,17.30993150158548,27.3741187521249,11.53489677893981,-1.5117039440499411,-6.959788249596585,-6.074193727005323,-5.225376831701851,-4.451786287821648,-4.575878692360348,-4.612491639363796,-4.7444752605254905,-6.2774372371927,-10.560538508517226,-10.169657156936609,8.842184239391827,27.950022187846855,25.047852076256788,15.264439373095598,12.012841238340883,6.369142125271509
2025-05-23,2.460194324874635,1.0682458732553357,1.8940594076409383,3.0477492913434645,5.846064730535005,15.512615413605673,0.427385047349361,-4.762874957881763,-7.580303391964122,-7.981957719014076,-5.713373531070516,-5.636418309405769,-5.569873414817039,-4.420260475063927,-5.516757849695509,-7.074222017051966,-10.240560627372702,-13.10413541338636,2.811521259855482,19.87027338955008,18.674670164900164,11.881838616865991,11.390287331117676,4.560444317197266
2025-05-24,9.49238004082261,8.933246108462825,10.463268197619186,12.816057851063604,13.019812507048115,12.073237415665275,-2.5169502829893986,-5.8591375172419475,-6.726445121172304,-9.247662992880393,-8.55571246050485,-8.08479885318134,-7.253490757357625,-5.058006490834785,-6.897160950764942,-4.988913520880047,-3.4751779366282562,1.5011556495985587,18.848475142840954,44.42872137749717,44.90520400700285,34.659047902506,29.248536812580724,19.838131990725216
2025-05-25,20.652186999136944,19.57409881261961,16.139886948455384,17.279731531469082,20.112724926739034,18.2143710238455,9.00054939340879,-1.9559838175506457,-3.117779009972452,-2.740254351126495,-3.3857819512304133,-2.5944399357151298,-3.702415385158247,-1.624233985178293,-3.497651828014895,-2.687762003675445,0.21787988042757434,3.6545501253191333,22.294295539465082,44.862212814265064,44.245500344119165,32.10143695326681,28.13900687414582,21.730085254124035
2025-05-26,15.240540922723596,14.072702561731447,12.7485302620953,17.008807256641006,24.1135967999749,37.30448572746879,29.900793592714052,17.17142460945979,10.00604049639928,4.353195605048526,4.594265136929209,3.774054752110544,4.022195166043858,2.294725494298092,2.002434383696368,4.57445883068749,7.121635592036441,15.39487694026866,33.01843320571945,55.79954899321851,45.603802629994306,34.82150044473471,31.77684172666079,25.7249653310526
2025-05-27,23.882650967099494,22.87607419533751,22.80844722882503,27.305636533525828,35.0690531729155,50.62275168300107,36.352302413964466,19.855476742583107,11.058957319976443,7.18216604982662,7.976268276829458,7.004327562548312,5.990344370910208,5.27858358255105,5.202525221022995,7.293284323297897,12.761704503840093,20.678827273979408,51.14679813658559,76.43462819398651,67.77386963922825,53.55000934696494,48.87530730601564,39.54997059400333
2025-05-28,38.28409030499424,36.22704667307572,35.12205021590083,38.28126935598259,46.454996213816926,64.85244646854343,50.70256763082361,28.857105505074585,14.439107134809404,11.699690501504833,11.486768824674954,10.115320906426874,6.047237260565808,3.8674814900353027,3.8226465541116568,7.098038120462036,12.154280273576859,23.326879820263173,48.84567650330149,74.96804515344246,65.40125620393894,51.858527196800466,45.07585323590777,38.2679510019604
2025-05-29,39.090182717776344,39.24130495603033,38.98844790370211,43.093504311004786,48.35685561100005,64.04340241551603,54.08033530399743,35.2797078466626,25.000966379668057,17.942630204847006,16.863871781307807,16.202510747295165,14.250594798967427,12.587892442916214,13.211113021446678,18.788070232547256,26.309947278203353,38.407574574559646,73.8481079291249,96.02391973367273,86.06063361061892,72.3520158560138,61.538982104591085,55.941220486330906
2025-05-30,57.33305318631476,54.23831299236263,53.04493994371764,54.1945428827905,57.59604617004385,74.73121672533246,69.17923189675918,47.89116968515627,35.15806746032439,24.744982840202013,21.51278092508717,20.851002421650364,17.814600668454247,16.074247605634966,15.715222296643788,22.414619478895617,32.722955354805265,48.20063607380891,83.60497947249219,106.22994228346278,94.56069360121249,77.8961524118777,66.88917488137953,61.78870177879686
2025-05-31,60.291214054934976,56.39660672096517,55.92702588881712,55.9570745680708,60.67989829762807,62.18680107221638,49.809189604863164,37.32253569573932,28.325486041150597,17.9982835640223,13.167325165897083,11.945019573001744,8.018316367707229,8.731937950282145,9.00566195147087,16.116356139190287,26.040448179523466,42.24526194953468,70.54749354945547,92.90789143253643,88.45800930320847,74.80698749469205,61.35153142878211,53.81865700469113
2025-06-01,40.50805917607478,39.07257031950614,36.074341749049154,39.00969152621764,42.99134116178496,39.060304444184524,21.909246258889553,9.047791860761635,1.8789932964592708,0.800888375802856,0.43354999167696917,0.1903304093982996,-0.9165080722958976,-0.8659790153203488,-1.902706336682627,1.4112270872329873,5.788439404511351,20.777430381260587,40.971040212381894,64.83264167442876,63.402780204131815,52.75777272354587,45.32244759980729,38.64915031409663
2025-06-02,24.5143784235197,25.023479318822766,24.149762749943278,27.95172672962245,35.23162037554418,49.94942192558183,37.81877628705975,25.465735896503517,14.84427010578149,9.546788149388306,10.293414370494446,10.608388569346175,9.423776211734435,6.475022541617278,7.918084844155089,13.477162375110936,20.0600005077836,31.073768830248014,51.31010610695776,76.2844951357171,68.36146822929184,56.89760276462833,51.96380861997223,45.78827777848416
2025-06-03,55.86748505058212,54.1522379545776,52.960078188307186,54.4839879137718,60.77929389037326,75.5034289423924,64.48109694830319,48.5409930850831,32.11667007753644,24.091731553322248,22.915891201766968,21.25209486598959,17.558381529522123,17.221420945121935,16.248025102825025,20.025411700116635,29.60554482238709,44.913513633382166,71.89207497471108,96.10962545558743,84.6476877254915,68.56628310239773,62.27583236444717,52.13870548405177
2025-06-04,60.90112121731253,59.33257705231774,56.5946917922654,58.79232460394331,67.20541442264755,83.46271411646669,69.59306282723668,49.365177571156096,31.72898373732407,24.876189052537953,24.353916578199446,23.077695522809506,17.432822956076592,15.069054564069802,15.038669407277183,21.608491198779163,30.766886527984312,48.632757214963874,75.4717831502815,96.7296505116665,90.16038359826663,78.22123653852101,69.40271531633047,61.75301013864326
2025-06-05,79.12351485299538,78.68831441786489,77.06182739873985,77.45357738916701,84.01967674845494,96.99076665571303,82.69558323455698,63.98494624750906,43.972112219092324,32.78655589045982,30.39647662437487,28.94262811031794,25.85418836327021,24.241740169856726,25.234067957149207,30.615363018959513,42.30378927251628,65.91954975438632,94.20604798271363,116.95997026797671,111.88342761675634,94.41336942643684,84.3742340910828,76.29559169817205
2025-06-06,92.97511468388862,93.52810624216798,92.01636178790217,91.5809634985178,97.58399384444895,109.77150003270621,94.75160177676274,75.58851690934192,55.792422457334055,44.875603985795166,41.03035874587097,37.4669157231442,33.58188995185729,31.613526894396458,31.74905029081191,35.92797195756275,48.130985555548165,74.61881757034456,100.57194604926477,118.12395402287856,114.97874201559446,100.73166335638544,94.07298354562687,86.08096748469393
2025-06-07,90.03345554499839,88.39693362571927,87.78386067632458,87.7580198807154,90.05881585143268,90.3738288720125,68.98846865036161,48.00602220679724,30.033601361149195,21.7161116794623,16.83556292242777,14.144312688953036,10.653516401098656,9.555353960564517,9.717506734601898,12.238837860675204,21.29623338916872,49.56084091195696,83.11269460282635,104.30983753305283,108.10188389896838,94.21297126540888,84.58289193895969,74.55287411371042
2025-06-08,58.09867450319715,57.17717647668084,55.11495629771703,58.23832463531335,60.38818955639478,53.168103371060425,28.756331217880415,12.56249239323732,0.7057159477550385,-2.0427248106134925,-1.6916699751884323,-2.569409730751943,-3.392984762786824,-4.6950062955008605,-7.243785889902412,-5.575608889589233,-1.7736783710969064,23.875649009262702,49.18822544381125,78.58545190573012,80.35194583535453,68.88940435650403,62.39473490919558,55.455824129194085
2025-06-09,67.69843724367101,67.48750727019075,65.93005591617602,70.26378739286525,79.34122010719763,93.04993113872125,82.03008009097734,67.54421219604363,53.116561733187524,42.776941371638,42.26236264714508,41.351102675665935,40.6192714275775,36.56827056377503,38.54108416637213,47.37050913376535,54.05380977159915,75.45885838517067,101.33086026261589,125.46047611104117,114.09325031874565,102.70467220062056,96.68138709929488,88.06859745732476
2025-06-10,96.84854797893028,98.50507852519114,96.4520051984566,95.91863076916664,101.84984186602091,114.72655435057794,108.52769276290107,92.33830223544788,72.80669033190892,64.96669383437873,63.01882531767785,60.434933286305274,57.45877440593777,56.32150787938713,57.29251947833641,62.785128237671344,72.37319979599837,92.32734248943613,115.77087107157999,134.97453042324233,121.44843091996654,108.23788930513369,101.99932016923759,93.45673725031607
2025-06-11,102.60769406656175,103.54367868184244,101.10994052555532,99.86095000250688,110.47259876990398,120.56967740980062,115.00463629796077,97.91170576419933,80.99773360975121,70.82143982798155,66.04670080660387,60.88999512473035,56.16954753444795,52.88319883414026,54.1269200897615,60.77866671942687,72.79864858801204,94.85254975632847,113.76078660316318,124.45245739289624,120.21103150423816,110.71355550519229,101.53718395172734,94.00781637344062
2025-06-12,96.2585131223949,98.92416108166063,96.6800154100484,97.75023871950775,104.51421416671644,114.22964553649534,102.289707121275,82.4638591779501,62.1674096169871,49.333535646587805,45.154948340511275,41.36412827460722,38.32083591556574,36.47715312467845,39.666340596481916,47.38106215640018,64.23556061820888,92.63033669168772,118.26269791638501,134.93687642491156,132.3442462900839,117.23986021881365,110.7513879595983,105.52404053321716
2025-06-13,111.68601208104823,114.13583257164858,113.09884199438922,113.16423012709359,115.96995587277756,126.22076157312478,113.26319818565253,91.1928363257388,67.62025823981998,59.497424800987005,53.36823236229442,48.23149672539695,44.991905358829975,42.968381071006775,43.507559603397034,50.185608058390756,64.40317886954652,92.25007332682546,115.19408564422788,130.69884745898963,129.23934525280515,114.57115645815328,113.00593496938016,108.37465122446108
2025-06-14,100.38331562532885,99.9601172686494,99.45019876602744,101.60651695192344,102.55350961783893,103.4397488123295,82.28185661743115,60.0185902715434,42.89344564083345,34.6536991780014,25.698054089388435,22.864941113468475,18.754432435413932,17.72296226615569,19.860152793274096,25.724088356055688,37.503418896073015,64.57287268484481,95.52070372644225,117.02482198496877,115.09913957506004,102.21150722710505,94.23647012815196,89.91454828990419
2025-06-15,64.78867610842141,63.19542102946532,59.536165234133506,62.15252292117794,62.154732072839444,52.782881331861375,28.15989878253174,8.81539518990553,-1.832797490934098,-6.62574210351417,-6.825832139275832,-8.000226684571544,-9.509821365928843,-10.519274731301948,-14.10890508326851,-12.565069285552255,-6.997199989372177,19.57561178789757,50.5371332327079,75.9935969505535,80.03800796920817,68.94244397563949,61.4778872793521,54.35837704758444
2025-06-16,53.91522213691941,53.425523757128204,52.10452720559431,56.55616136054638,67.72336946157749,87.28832213193414,82.64290692535786,68.208174434193,53.976960576981995,46.46451796106602,47.81482260529815,46.50597364629765,46.38787133043067,43.00687744604137,44.912404791924814,53.295076633213554,65.84613560385584,88.51799597211824,108.21705458172777,134.12398603473036,121.37768964960246,108.64656858370878,105.87472815294748,97.16565316842443
2025-06-17,105.25469794485831,102.47041252786958,97.45640099368218,95.25133319650423,100.37629224234331,112.43410137373556,114.7890595342091,103.7235235744908,80.12279343176428,70.64034642457318,66.32140850002315,62.84246565447296,63.12354695880458,61.881589469140415,62.49274314982645,69.15976402779364,84.71994786195067,105.1100867630267,123.39551285732799,137.46387324283774,128.4411992060222,112.78998276547293,110.90461094065404,101.48038358479138
2025-06-18,110.62958289022997,107.65189963771046,104.37935222319048,104.36860893741172,109.08872402947043,120.16530379693334,122.04415921694435,112.50221922050684,93.71645302232176,79.79357593060348,71.06976183925553,68.98529796047171,67.37411550501801,66.76765087132449,68.27129819354607,78.78356192526115,98.13709763927218,121.43134701402879,139.42394216755304,152.36385437754114,142.01700909307408,127.60356549276162,121.23963075455754,117.01738433294543
2025-06-19,120.65492613170905,117.51143527935555,115.71440711787059,117.62482967850761,121.02252684109995,128.87441058918267,125.3317289205758,117.37768481976357,100.85187109069997,86.2562059330664,78.11439835646064,76.44535897236352,75.24052902175654,73.50191935144099,75.56981448073188,84.02050100022586,100.2052453237336,126.76394934651913,139.67884834373376,153.6234107176419,143.34969957953643,127.89295657387936,123.3822255963275,119.239056700278
2025-06-20,118.05993924555155,118.65235289293095,115.16213757009147,118.47744442059765,121.73089226894713,130.32023066493772,126.33539255034869,117.93806805350779,100.6544163709227,84.39718638774679,79.85983877835136,76.74231041814036,75.1454661199381,74.47192966253974,77.15050248484907,83.9269221014129,100.4663505455778,122.83309749026256,132.96880026678525,148.2095159608768,141.9740459413858,128.92276843608073,126.71894057301857,124.34896732415939
2025-06-21,122.37495191242151,123.45887321228842,120.17433953770325,121.9602599578428,122.29213512048922,123.78488656731378,112.51577389633658,94.66343249547587,77.31541411127128,65.24704680571537,56.10614705503298,51.9277380234918,48.06478404084153,48.11176203603098,54.571072870852674,62.52622710761666,83.14003627973051,107.3383837589744,130.6387405839239,150.36949778912938,145.27875552157414,132.66740034711373,127.75720991885245,122.21971828867369
2025-06-22,107.68475146175606,105.77321749697838,104.07152797484537,105.66358855463115,106.94796524291678,105.02955307846585,86.54282847877118,66.52505193878855,47.468784615690794,35.27993015911156,29.56706787712116,28.10829704031663,24.634354656093535,24.355367036874725,26.41057258593092,38.563561241800855,58.51820345602829,90.23706010692794,117.66834819091113,134.87776661246306,132.46844884635487,121.96654638196618,113.15714651164635,108.8266914855328
2025-06-23,108.40662550223738,107.93613812273165,106.11322403994293,108.30777030994203,112.6560459096786,123.43207658581846,117.86682885320404,104.27556899463909,88.41699043419548,73.69675825326257,70.5222033080754,69.84269323176402,70.52933050948154,70.66791455905616,73.39481643375588,83.67661276839056,95.20408568142223,120.08191508535123,134.80029884655505,150.02800521098135,142.82749210377986,131.43021486313344,128.53030986217078,120.53334168943208
2025-06-24,123.05625078547706,122.31030379575006,120.44512772021689,122.78712399415781,125.13899856796792,128.97812265826784,123.54332928835547,111.83382044938392,93.95459042953478,81.74748198309565,77.00429445816218,75.59637665313812,74.02279944448432,70.15735626722858,72.80145390865987,78.92544895320401,92.93248883574924,115.11454445612917,128.8871156811806,142.81676942419608,136.7709198213591,126.05129519440408,120.73905772350432,115.30329960810683
2025-06-25,112.5595942643039,113.71408168588796,110.79083606073299,113.74666107393614,118.68210331290452,126.16463711469952,118.72106020612756,108.24280801386834,89.54073567951797,73.85575905664754,68.97339405543978,65.52971114609016,60.62890876132251,59.03925917153096,60.65436496281911,65.34966269267761,80.13026812148857,107.95650742733893,123.8782223897038,140.5208069983844,138.95996555991783,122.72119905409458,118.54331215942094,116.19366578736697
2025-06-26,112.33577001677357,113.87578051210578,112.56969620614788,116.19951919943516,120.05099144879267,126.71663824179883,120.75323787199193,107.47013179643733,91.08136239592571,80.65300994589892,77.60776165756388,74.82228210005651,71.99882699771976,70.71464813906485,72.14338939518755,78.01752784768249,89.8802688528393,112.25982079090218,127.7796309296767,144.80482790467738,139.82072998065223,125.57457964345485,118.791829349429,117.38676308341137
2025-06-27,115.26638807240312,114.89396195717556,114.06883560922351,117.22802468763176,120.20981917505527,123.73331037390759,117.55747130557015,105.93063845700746,89.97628658444539,81.41740837462814,78.40981418027698,74.36673091795092,72.45835418607373,70.22956563840678,72.47231386437723,75.10644712995911,84.148419699446,105.72887683157893,116.38829823001768,138.64003948144716,134.58457966480535,119.19077027127892,115.85884671214669,113.6498274538894
2025-06-28,112.98031003777182,113.1885715201296,111.87149053863403,111.77579940524657,114.06913273200921,114.18116258267916,100.61145746772857,80.1391469157874,61.388795698446586,51.558364815804964,47.73087406766116,43.12297862099211,40.01359897584755,37.85994798897038,41.969003749218224,47.248718194678716,68.16851016107987,95.43715785624744,114.28561601231291,136.62757328357876,133.571672942562,118.79425948102542,113.18327837041619,111.44431133837503
2025-06-29,108.72087910921223,109.98610105496613,108.27161330957783,109.5150271212606,110.60746058562898,110.2288586940623,87.33096324982758,62.187984143435756,34.174153777313066,27.83411746469622,24.82125181711318,23.353304970978556,21.515969215848827,20.806911460295012,22.74214571371624,31.062169596841102,54.865121359108244,92.95059830563909,119.04254469198949,145.3249027524257,146.58298828280445,133.74061588345648,123.41833475764771,120.97156184632486
2025-06-30,117.5490973583026,114.34957754724964,113.58164969830527,116.22581884351068,119.29630929718759,128.0900734416652,123.57703250889088,112.71806015554061,99.29078566345869,90.24623507389146,87.40718627992307,84.21711837068177,83.52345943919221,85.71749746216864,86.62174744907766,93.39905999799585,105.96226213018797,128.9958710772925,134.5957886027786,160.73453042050545,152.2816021463426,130.8881100759097,128.83631479933732,122.70895478978757
2025-07-01,119.45062797141068,115.18244775829035,113.52983669057984,115.97851704933873,120.57941664044895,123.86448663205235,123.85799673062388,114.80081694079895,98.5291401917147,89.21594393185867,86.04290602510143,81.00827137724744,82.51459101675847,81.9159931535134,85.39704840775605,92.50030723168973,106.8552277804423,128.07369834213637,135.77252503849303,157.52793301991505,145.3864084803006,126.88528579798283,124.86355940452832,120.02068183633978
2025-07-02,114.33966114744244,113.03402785960189,111.02699479644997,112.4136006277265,115.14091466804423,121.87383383604852,121.02438935837334,111.71041448767724,101.11432351790229,90.03447044823358,87.46668260221679,84.81269646605011,83.82398539777562,81.55995104889368,84.66093698557954,87.67987678610164,98.21216545399642,116.07002346692123,129.13961383915188,152.21222677196883,141.6508061045748,123.3188787241522,121.26866936300264,116.01220049448608
2025-07-03,103.72580470489243,102.07210355934083,101.07311903065298,103.37507732039475,106.04198397677517,114.97002015724642,115.70070938661291,104.75814193185812,94.01008937557596,84.14702753667996,82.78695936222752,81.77722232701518,80.94777073806472,78.79369664899312,79.67741884459753,84.95932012245156,94.49307388925254,111.15646865895488,128.1806136163152,145.66139543312474,136.55758803813242,122.7406119960469,119.18123559714303,113.51862115784436
2025-07-04,109.60591791790475,106.02201672059726,104.64836615407354,106.5834467662172,112.2172106250734,115.23388962998219,116.00638447069011,107.75069842698555,92.16257642707298,85.08211125310703,82.54645099928548,81.65645480495854,81.84373790406117,78.85767622268116,78.78586798185358,82.87140236928951,97.68734816616512,110.64550306213438,124.11437788992768,144.92054361186186,139.6928957343611,120.50156617431753,119.4836359263685,115.36196134255277
2025-07-05,110.63709757913223,111.68124592652882,109.90749072267876,109.99270711399782,111.53750837964101,110.68584593829684,100.77105757416761,81.88091806016483,66.30112912025405,58.12995965570577,52.92305593465016,51.21874511003411,47.48865045938809,44.96528197834858,44.14077003574277,51.020430210567646,73.69461917583736,97.38127469747826,113.1182321921728,131.62362729283984,131.9048813244179,120.25259730212734,117.90094289735777,114.41326749383042
2025-07-06,104.55214846971158,104.13350311807956,101.52838275341955,101.30247328547324,102.7838632984668,101.46199876461644,78.47793440170405,52.60489734383576,27.583266916771663,22.509425366408394,17.560670361250942,15.411008674333559,12.08339931292005,10.526584838412518,8.796268208408222,14.301494784111668,40.55098847096188,76.20361390362552,102.88000440040517,123.04206701687708,130.40246863706182,116.09329490998121,107.50032438474395,101.98091495860226
2025-07-07,93.6770666083723,89.84108443684627,88.91072830656992,92.15250921058637,96.8204931160723,110.16617656043846,107.44163597179755,97.02495535687169,84.82046429336967,77.59320774965423,72.05239373397879,71.43343503548182,66.14586599144508,69.18298139093496,65.36498564520328,66.78035635797258,77.04208748873371,98.93338957999819,115.77799613890268,136.63501616022754,126.87177496726491,106.95362294741236,102.98013751782577,98.94515749462771
2025-07-08,89.31607886914198,86.35095616170427,81.8195333349612,86.86982327204338,92.55935189051677,97.68491073567289,99.90761679966725,92.97359763815166,77.85577864543747,68.44751652737634,61.608619208430085,64.38206148645824,62.02168943149776,61.20790486691162,57.56671293897894,68.37261144009739,80.55559070823044,99.75148560801644,121.39501583936598,140.40575409173675,127.30555850481664,111.83598088889897,105.11310866357002,103.20938428231477
2025-07-09,94.20212257943314,92.92551567337327,90.85172001793971,92.95823695322862,96.10823159585306,103.36439761716284,105.3774977640428,102.07486320206817,85.97873130380476,77.26956302904249,69.87894564817753,71.11319319557046,69.86966759168702,69.99301083776555,67.24227568299787,76.60370822665426,89.13953645786356,107.45171427576561,126.32100976747755,146.77159114355396,135.07091013105406,117.34788302036972,116.67825274406152,113.4000441408515
2025-07-10,114.93190805814746,110.12584689089057,109.62749363886893,109.85382368550273,111.16089070420884,115.37095788697724,115.08772266113746,108.83969739802059,94.1653718157708,79.96639650603723,72.88343309871897,71.1519124063702,69.71189656581078,71.51838521456331,70.98761987671071,79.90805827682101,91.37931875150724,111.73011094666525,124.96356902338415,150.27129323649385,136.83593192016065,118.33408728671235,116.14721797601264,112.13421398332265
2025-07-11,111.87067429699918,111.53474567889481,111.31524893653751,114.04053659522968,115.50719853677843,120.74830014926545,114.88918002548323,109.49942372664748,97.81953290995159,87.39840560264257,83.44934791225815,80.00946585754977,78.67675978094243,77.53944366883842,76.9062355864837,79.00672483435152,88.80487996255107,105.89297999490017,117.86374295376694,140.62775609043698,132.70863233834456,119.58329450651311,116.48751860323273,114.9576373906379
2025-07-12,114.11979421017365,112.5894758275152,110.46870573930269,110.6379405136665,114.18957756679319,115.74958907987534,104.44438503213,89.2670247086759,74.9546347928523,63.857632343535414,56.0020876228012,51.596466437517705,46.28239550617408,45.29305730290862,43.94210900871779,53.63053761171453,78.73434207400544,105.2958463639844,121.4248153282413,137.33091050799655,138.4677010055824,126.49564495930665,121.17615561277935,119.9843304834967
2025-07-13,114.97260193018826,113.10839091933731,109.81899575985985,112.16402008697605,112.92862173381712,108.41871278260821,85.05887347176017,64.16564050942056,39.411689324127295,32.782783591042815,26.459230987274154,22.066032644456882,19.889530761732715,17.309873321240772,17.758869451852846,25.796751923474417,48.969874243853454,83.45559605626005,110.0440019416642,130.00263337990552,132.49483820198589,124.43578709742323,117.36485506323295,110.65109572463109
2025-07-14,105.95513317202787,105.75155212849032,103.24382765273641,107.75811001619543,110.7827469374096,121.30998186287374,118.05081638781341,106.49921769687856,93.53154934692992,84.22131840535143,78.03912111917232,75.11141311869429,70.19965011981463,72.22240222203968,70.53477332602847,79.10549326114509,88.90658819888961,111.44446689247474,130.1199668531863,145.37938914919528,136.2990245808699,122.6954953285444,116.55319894141076,112.76680338055267
2025-07-15,105.82670412545869,104.40077191461381,102.6688897492795,104.39510394823658,108.57321461366897,114.3030355467395,108.04730044314326,96.39372844741911,81.7628860211386,68.61847703697097,64.83954026717842,63.729677748961905,60.37521743317547,61.85783862177926,59.732833144929536,67.84486149745783,78.38576890686919,100.55436722861576,120.53298371834421,138.0774292407108,127.90442843758817,113.1571750952578,109.75378569428332,105.7047762798884
2025-07-16,109.16093463124668,109.56499864915129,110.40194768323595,111.62203946101744,115.02662457449613,118.76234882500408,107.10240049246944,95.96598992543707,75.43089032981658,65.96466870198165,63.79648431215806,61.66467575176572,59.754347566211436,61.90986678156952,61.360838133277454,68.80091246950256,81.63629417281061,104.39840285352786,113.9107901379675,145.09827734345834,140.19300233068532,119.12066140562513,119.47758396031801,114.89045276233344
2025-07-17,115.01902497697552,116.00660635810004,115.27443715277079,116.46953065765615,121.33314649937174,123.29087373760274,113.41901561464266,102.96730868765243,89.4110894059744,80.91847446550675,77.47478096792749,74.09813939847943,71.8199482829201,73.57983778437237,74.04749912133161,78.6984072797331,88.3221439101452,108.0005622366452,119.05756347743299,150.83523348004584,142.44341852998298,120.91077085843882,118.81894120042395,114.6220250662947
2025-07-18,108.36538639009984,109.42640069125446,108.42281386133189,110.2632696617293,114.4159319965401,118.87053171236693,111.64613257189166,97.9602735165792,83.00762317702561,78.12506766170375,77.80968878019642,76.2810120577289,73.75024197436434,72.32570614931083,71.41616357200877,74.51433713981734,82.26044006328479,99.238313904293,112.27111444713957,131.62958936402245,127.64090637356966,113.80290563497289,110.77611472375204,108.340947594684
2025-07-19,95.00704694512237,92.20467316027734,91.86625898216077,92.41887404356254,94.59668948049273,96.95393967739447,84.33810317772631,58.48624600068888,45.36916672798914,37.76103309850444,33.717229121282585,31.12038817945532,26.951146939159628,29.107539025278513,24.637163270052213,30.413340199777238,47.35977530963747,78.35952068522793,101.82676621282712,115.57992017331,119.0734073857339,108.17380972181954,99.67787566225377,94.14379995426722
2025-07-20,65.3596130757341,62.09260967975775,62.31356665686781,64.11713781739932,63.967717971896946,62.886175923761506,33.72394636524379,10.323033143347459,-3.074665429391061,-3.5743397516922215,-5.379538847904982,-8.240862876103108,-7.96590774634528,-7.779668450291965,-12.733172039786496,-11.68104403076876,6.577901784396545,38.77106429964604,72.63018063639777,95.27276467520221,103.05939528189157,92.60388857707642,85.82470205311071,76.6389740164779
2025-07-21,75.13543134947912,75.54955285792065,75.52909022718092,79.93788821919236,88.84452233658573,104.99055810287798,96.23144414675023,75.71319326505125,61.430979023226215,57.67271571793639,56.84733351988677,54.40873993968005,51.532852654995615,53.51170433994281,50.644399106901865,59.988820716693496,72.77716279326006,96.23785882573681,115.12915483498875,138.98754791605117,130.35776759744198,115.46782932199544,115.32427438438299,108.04141383695033
2025-07-22,102.07411200621065,100.6793526771503,99.34222989455297,100.25227239632358,102.63973316691893,111.53258783809319,105.52721494364027,85.87536212865709,61.12133901499948,55.13115903091002,51.329216918176165,49.2643263544774,47.98515408446212,46.72168470710217,45.44186834554118,54.11348055222269,66.21015468446211,88.27571207214302,110.50769104950683,133.2275419710706,126.17381624997938,111.81785215733368,107.84324667307611,101.26706397788266
2025-07-23,101.12129852336453,101.28274718696667,99.54924931286307,103.21790228364156,108.82315750622723,117.68779407201106,107.67573950890939,94.28238010672666,75.80508378026317,68.02944575835224,65.22265352321467,61.6227044227396,57.29579862215208,56.391616760732305,54.04664425385124,61.11575425397619,69.33379386546659,91.06588093317833,108.99390902516257,127.7299145127804,120.60701643725177,107.59073509725955,102.45311542886,100.00138018686395
2025-07-24,86.45962593524615,87.63576775982528,83.87688497746959,86.72315241239423,93.97020541613162,101.47415141173627,94.2058569156888,79.07459752339813,69.67239616768353,64.78189791889905,59.48892774329014,56.677564862569575,52.681417911973035,51.796002807554565,44.981038125443156,53.701404550361126,58.255888756643486,77.89972351434358,97.21966609245823,112.19708522437844,104.81005785532153,94.69809622566207,90.84603681570954,89.71040876673149
2025-07-25,65.60694961689529,65.13830576741718,63.375749853317934,67.35904602336024,73.22406908915193,83.01671119881468,77.13362516786209,62.186657896231,49.50460492810363,46.46222570611792,40.95519157765237,38.77229377009992,35.338735040853926,34.07912387418637,24.446229085817478,33.55298591869604,36.32832271260824,59.494162765803964,80.89122085297626,93.60752755493533,91.24701190756332,82.22628853411157,84.97903369238946,82.06745429596918
2025-07-26,60.46783084622582,59.932046677768625,61.416489933600346,62.07112564900167,63.788068050934086,67.73308441730525,46.756304556445755,30.61736333050952,21.25877577356988,16.738278581351935,13.790897973232646,12.801053220975405,9.951668399562948,9.131706346870928,5.166683129060118,10.88745648655933,16.697194094487386,38.80308172678018,67.4963591104315,84.77530675445927,86.63519651072762,78.26736038490654,80.80222355777614,71.30521647585512
2025-07-27,48.49619454097946,45.793662960793895,42.03708808065052,42.96637167391316,43.813223901650716,39.99402280865206,15.599762861249985,2.5033644331743687,-2.2824419611284696,-4.293001365739997,-5.018026649001527,-5.996177979956784,-5.9457224894778875,-8.424564539626388,-10.171840629539076,-10.845137578797718,-5.036561401708923,13.13180792413661,44.68731300972361,70.89506946942338,74.12226842353054,63.62330076980366,60.41532825408032,49.74051822746772
2025-07-28,53.17817513103745,50.35009603287454,45.288773813170415,49.361571046247626,54.17684602252961,70.2062061438325,61.2044386211372,42.83182101391982,31.50379019655975,27.4193915218342,24.208569844976225,21.087173921589752,17.54815174748795,16.533924751332606,13.401426943431076,16.50362499117351,26.342436472116304,43.37101547375134,68.81870598371924,89.45055727810605,83.87989102458272,70.44880686735158,70.32333990409325,61.71539973777966
2025-07-29,41.76712684061859,39.99787923376357,38.139042608313176,41.7392998414965,48.187862593264434,60.6621778122213,55.94514854515299,36.574932052576926,21.25599161267347,19.222880461142935,16.983235222247686,15.547769710843866,13.529850647758323,10.389981583318303,5.343615398471414,14.99471939650303,20.785816838032872,37.87526437397236,67.76108048680358,84.286011745619,78.31505434302103,67.0825097629126,71.6312819435871,62.597533026699
2025-07-30,44.76884324169137,44.035222583427625,43.24750699695628,45.07349165095992,52.21926967167455,67.44618747928304,65.57571753938986,46.90219535297362,30.211251462038362,29.371341036808857,26.31311622809592,23.70780593491213,20.91044210633642,17.390814220299077,12.56453263096671,22.910202247202832,26.391333538027283,44.02668660127523,73.16770403562019,93.04139155533147,87.45035904000748,75.01174172738718,75.42159392267894,66.27580259715535
2025-07-31,48.82717862734913,46.83541630176384,46.2654041466179,47.01881405613267,50.972560474811495,64.55495580711928,56.76058542302644,34.93386073724372,17.812889085340473,13.359848376835288,10.205103873884184,9.054574702061188,7.796773427790484,6.8418513118919435,4.216070338548718,12.98429947512281,21.110480551390197,36.61544413916708,71.68446694655516,92.60116753399265,87.17064837183143,75.18569845285403,73.68581945338197,66.8158215393841
2025-08-01,69.15192597227347,66.79319455823037,66.7379912322642,67.63899546707718,71.26496262781224,82.99276396400515,77.27287546627352,52.80534520072128,35.07115000046605,29.165587505573697,25.68662479941557,24.24124165048832,21.43675696200266,21.245443420553215,18.220539418610244,25.358124689708106,34.55963075909432,50.079876784067224,80.88212833138788,96.15751156685788,92.75639364993573,84.48486409444577,82.31912884831223,73.47028124986242
2025-08-02,54.9201829644274,51.2002161834215,49.51791325746548,50.14590855334529,51.245078220983984,50.788725813729826,32.217196916712794,14.299518528252207,5.155988432661317,-0.8750286933632054,-3.5851968269305274,-4.620775355728853,-7.335819877590225,-7.279547784463418,-11.136466575880434,-4.611725197223407,0.9829606926086285,19.10102241681531,46.131993098224996,63.477342920408674,67.45494542108207,61.2575258384379,56.475939119770814,48.0162955328134
2025-08-03,40.21941819917157,36.28587242944653,34.2102261671226,36.941884465205675,39.37668074793095,35.493293598949975,13.327821249972303,-2.9561234452075382,-5.92555102318336,-4.35335978926409,-2.9609522209321852,-4.049175450092321,-4.690441505560543,-5.372118818513968,-7.69836219417644,-3.670819938403696,5.396236996832968,19.03712299858492,52.29900480194783,77.53805433435238,79.32049293442829,69.18251561835875,65.65656617603801,57.3432954027209
2025-08-04,70.72974939229022,68.5045001274166,66.7604643855847,69.53807130695617,75.8288431714357,93.67412842525465,87.46662280074074,66.05972431411817,52.12281318066226,45.62486678329617,41.61708217397921,39.247047366207454,35.514944457086195,35.87150455398349,37.46832974125694,47.556792958615915,58.16550229533685,79.02131559233814,114.00885845341462,136.00822132249695,124.07638394342462,110.61881201131177,104.11122252658629,96.42449495253848
2025-08-05,85.77738271717942,81.85918546265643,76.42426681181422,79.29439322815335,80.39913886645743,88.53321113297068,86.5211715972338,59.16562542205054,37.84377882188883,27.373948924951748,25.170307204910827,22.81816441641685,18.538570073699333,19.117642762676255,18.055526482944714,26.26196767118448,40.13199220208796,60.81760981260601,93.48769699821672,109.44284800133197,106.51205503153727,92.67577243188316,86.73668400518997,80.03382412043138
2025-08-06,86.29636614041544,84.45208525436232,81.35092290465298,86.37397703764304,92.0759760630689,102.0271437815413,94.1178457242452,72.83226714211894,50.69708285883699,42.0204652834874,35.79628290270833,34.31298273163857,29.759813864306082,30.107207736404845,28.535279467644926,47.023202081545726,62.71280979429492,84.7114021321473,116.33445403062962,141.84202305161472,134.2512508589846,119.60200169679517,115.73509434814883,109.18457025388663
2025-08-07,114.12811260776265,114.52180112689173,114.6460981449458,115.67064436915126,118.78097808824832,123.0703352153569,114.03566930947781,93.43837849043837,69.97209296314202,55.558486624120704,48.75399612137338,46.46685073251011,41.53114019292504,41.92783818504631,43.10750345955554,55.98769343871098,72.24269764065718,96.30111519180383,119.51034929893913,142.98351247586675,132.13358945477594,116.15410681514872,111.50348894857481,106.60818030159619
2025-08-08,104.8072924888981,107.10953554693161,106.57049146056697,108.65152484385416,110.66126306207809,116.09951462693776,109.891406841699,89.79970329636383,67.29296912879754,54.2372340632963,47.88516209174669,43.071173219557934,39.34857662783409,39.43364442376381,39.758453995676014,53.889181551575064,70.80923314202484,95.70956233928806,113.1223387181485,131.61842965844676,124.00198640054897,111.86523888137663,107.88479629134352,105.61974442778875
2025-08-09,100.26793246543522,97.17098223952885,97.89601546580883,97.8155113083548,98.75918572386577,98.93964897651382,82.53981981304814,55.70193636508316,35.40154153661173,19.17733400607179,9.445598850108311,6.281782370483853,1.554839567895371,2.644735807030358,2.631569703107715,15.451758315775294,36.101711654599214,69.41248276433545,96.62541650757848,114.71577589964056,108.63739778434103,97.98141528732168,93.91673135694955,87.96143235470308
2025-08-10,83.91062250861822,82.3653366778227,79.42323371563555,82.6483278100358,86.16862868958813,81.25620680073496,58.433510043983674,33.669805839039626,16.29195579794282,7.96572290648723,3.309288359424002,2.4373501618983653,2.4124236742628966,4.914037425987772,4.0545939035108916,16.62287879033667,34.41428898758771,68.51915474920105,99.73663843476022,122.92643658469353,120.5005105536838,111.5854451233033,106.77422449214619,98.40384979341928
2025-08-11,101.97007397631165,103.4626699015502,103.66386770503004,104.46182009032258,109.26185144789281,119.96305711776058,112.39879457737062,89.05023941602599,64.27273090941759,54.28081378931861,50.82349412652563,49.08893635930201,47.20543931014405,51.93903535996878,54.403258158478714,64.20851381104292,81.73765563128686,112.13654537173085,129.98879806903153,158.75969066922494,145.75976416450442,128.51308210071554,126.41827880737654,117.14230457555233
2025-08-12,110.63051273222656,110.87072507745243,111.87246814117853,112.0042585691535,112.83688690877568,117.3993743320394,112.62168021353845,96.62546661782002,75.40718877353635,60.996725836264666,55.07675580814591,52.94198553190868,52.29846993702218,53.008808277648356,55.587540455693215,69.37783034838024,90.84002702597851,114.74343891686428,127.78267697427971,152.02547084400183,136.9306847158141,121.33307235105171,116.44872335659193,114.38197028668209
2025-08-13,109.4527098873705,109.54090216904014,109.83175881536611,109.4794673663039,113.14057621437709,118.74414409057486,112.8451282680312,101.40425382223981,81.16247299523458,66.85970281759575,63.02955010154005,57.293175431230324,56.56804276895299,55.48194436524169,61.29349386191092,72.6726382107537,91.08843259359384,115.14913367631294,124.15384223866002,144.28679475039763,132.26510080419092,118.6645012157303,113.97132115417809,111.18362334962188
2025-08-14,106.41452206834492,108.17575630623091,106.20170863488211,107.04971727486107,112.31256056514367,116.68491008686998,110.43181432242272,93.29546148441611,79.0389927588837,69.48862841878346,67.64086110053915,62.121519031631145,61.130717956344675,59.39824418494829,63.96540552943842,71.63519653049282,87.80711222469853,107.24662726187286,122.68525060812539,134.33247318169603,126.62613166430697,114.52405891669531,108.79473141770356,106.14089171035177
2025-08-15,102.54824720081484,100.91494274983364,99.30470690124119,99.47043778429267,101.82077474929201,104.34137712800623,95.50325927565385,76.75596232934677,54.91545307521682,46.45808401191623,40.00340692519094,33.90931380971297,31.860808193241596,32.924523980601094,34.05744106293302,44.28364207682435,71.19949072961853,104.32039851125765,123.62108671957228,138.48574359825875,134.63394098761648,122.99233262954473,119.64565422727331,115.7727327754209
2025-08-16,116.17793712649764,114.07733721760879,114.52802168171655,114.52753623773187,114.76696795511587,117.50238027431686,101.09841870951198,78.29941905420584,51.60810315886192,41.96312758558156,33.07501835274077,29.567437731049125,26.870617943314983,29.162989777634664,31.95326640587983,46.05207927545443,74.5710736687304,110.44180807805171,129.08654372511805,146.8269066712536,138.87711721948457,128.5490095859223,126.67622081345394,122.32020490307255
2025-08-17,110.9866808090832,110.50596541733513,109.26748178402276,109.71837008466223,111.04768818810133,109.83368093281597,91.95667260813813,64.64503251921867,36.58207293573065,22.87333933597114,16.030391689378547,15.05488680932018,15.59736747041211,18.08988075158277,21.923226268556064,34.97809559571667,63.82329402210355,103.63867115582872,125.48845950958928,145.4555389780469,139.3220148900848,128.58927650692968,122.95677643723582,115.70949319590662
2025-08-18,105.11321225644903,103.13422422945555,104.69048008861195,104.8453714136317,106.20356402802044,114.13273262457672,114.1764934074178,101.60163875530003,83.2379913961219,69.50113198069246,66.7223415229907,64.91337836214579,63.777976303354606,66.69279852527626,71.39078249511496,79.69989021983814,93.58261789026739,114.97526185138324,129.93351886032335,146.0718703103018,130.768335631831,115.3466113760588,111.93580772905968,104.2125619186404
2025-08-19,98.55781584942241,99.58272860486419,96.66091408294923,97.5452389481454,101.49806209804645,106.39059441265866,103.85960454400444,89.02178897399665,73.40864568020297,61.898932711014616,59.91398371923015,53.22157313709766,51.9665178367812,49.42366775987234,51.43209289015742,59.756177123795545,73.69427135862085,96.6728512367115,114.2769946813653,128.36267421308153,119.29396479976165,107.47813470113722,102.55844388095161,98.23669127618435
2025-08-20,88.8931294816764,90.14972606435259,88.2986402883204,91.08043740498925,98.50868723882596,106.901755010996,97.97635879637315,79.07426413581516,60.983602404472975,54.60785010188651,52.083251577352065,45.146193162618296,42.04035510197038,37.818005444726424,36.22101234280348,45.06035027031388,61.06978436554617,84.9518109537189,101.4070454365748,116.64152201359921,112.34302304388154,100.01758265802259,97.27597189407518,93.74287127815461
2025-08-21,83.96355205491187,85.01222243080318,83.0513170321243,85.15240168707663,91.9575615601344,97.87344798287563,85.6551189625751,64.65472905614394,44.501109812490455,34.83614021388003,31.63956805798999,25.083865855570735,22.677443935428528,21.118110427278623,20.124595089422797,28.139565017379894,42.890073579693336,68.60597831791246,88.19376060585074,101.90126797581765,98.50668870893291,86.50630056552005,83.90258964319892,80.22205133127471
2025-08-22,70.46778428606817,70.44331195081068,69.64217889390574,70.6917682738215,76.52458135553752,84.01768478869275,69.81955444581851,43.88366520231209,24.488215779312455,20.40794206499784,14.773055381654771,10.520281088130332,8.62096646667058,8.7822287480558,9.447323751068453,14.62163711896899,32.106358569131146,59.6561004322289,81.16184202309603,97.66817995437894,91.0950105661172,83.86144535871931,82.86917093003753,76.45629233636438
2025-08-23,80.41782611656339,79.36769099469065,79.54282631711799,78.91396088284459,83.45371796161245,88.26140043971745,74.00335763903416,51.391035947539876,26.32041010492334,18.95665141291512,15.168223735209509,10.561410358850125,9.126036196906739,7.9671773552970535,11.287815869045403,21.08231144191754,45.382651159051264,76.60051824388663,103.15943775577338,121.62709846512578,113.67902521786675,103.723395437862,99.1567660332961,92.71875487002583
2025-08-24,93.93396334460044,92.89978632925866,87.61195945576348,87.47474333059057,92.70096033929747,92.60543283603388,82.37053537805522,58.683415443068014,27.94309880718039,18.773650495451335,15.087816061032058,12.679742267281753,13.374403115345714,11.877885994072813,17.29338254140228,23.945174427999277,46.34939785570448,83.8288252697808,110.63477163329313,122.53267881132993,111.96756336894637,104.84900711855246,100.17385646911325,92.42846851661228
2025-08-25,92.51496377510747,92.64250685755403,92.26659032100875,95.0626158736936,102.8646911829444,111.07797250776646,116.11753065618967,106.65638979537569,83.99255742503203,69.82145879810031,67.24412855725325,62.50783218955656,59.98501303339229,56.21580439657813,59.6085377230006,69.92355715853833,85.96183396083126,115.53473490063274,132.3465426608274,139.57413222958263,123.7267287393591,113.98583463032938,109.27182463433033,98.62076719881486
2025-08-26,103.74291411462877,104.36936007595475,103.62722536238485,103.57626413414184,108.0716305231483,114.68276937819839,116.70309715241407,104.001180404876,79.83574352629853,65.38878403194137,60.91465877981583,55.261425574849056,54.47323810692139,51.94644483294144,57.84101303295866,70.40858437707347,89.72691505840936,113.0104230701439,129.46050728463894,139.43944520962452,123.48489139741568,113.5486835179679,107.52832930952607,103.6936135449506
2025-08-27,101.6859727554457,101.80122125767625,101.26321881221233,101.7988213093102,108.50774874800842,116.25033217245081,112.17578710462368,96.18972532683503,74.56526345890052,61.84131073404475,57.67904085279605,51.706809847720194,50.77068749528435,47.75877498437199,53.11177477507062,63.244435901998365,80.1626344129109,103.78659149058814,115.94905375729564,127.51162886350048,112.9601482994262,103.73850557984014,100.98695301407346,98.03929971206756
2025-08-28,84.9933902583481,84.52958547143143,81.35366186620541,82.76234924320693,86.66168453308323,93.26738862015009,85.07780720834074,60.92765609920447,36.328572991995884,23.56454145173069,17.05948347668668,10.522404215654035,11.672002007094463,13.708731183994857,14.687029914290278,25.09721445864993,45.13016894266303,77.20336054086428,97.29437883649129,112.13431848293703,104.76547986177025,92.7847822315099,91.06838245917298,85.46548338772348
2025-08-29,78.13023538071357,75.29523842490292,75.11960321184827,77.02029787663835,79.99277422758374,88.1832484207648,81.74162019905071,52.73931664538563,21.931667417558586,10.027362492321984,5.101745323753974,0.7175012033603565,-1.2894931102515415,-1.8126066783768096,-2.2970673639715216,8.855352167170352,28.286455422038387,64.15219679493045,88.70782300191966,108.47545867054743,103.93373269735409,93.80229526083735,94.1374564096743,87.67761830678148
2025-08-30,75.39232464290244,73.20806771118498,74.84490558948863,73.26856329704334,76.79643030289134,79.31758830807406,66.75316107624772,39.817942424513134,10.81721608708807,-2.183774687943071,-5.9607706417430535,-9.18074418592144,-9.41485080512166,-8.013278779792543,-4.875072167290966,2.9627063062549297,26.847140082115445,62.03754572763741,92.10263916091992,112.89099543133048,104.02825080635799,95.43642305543986,87.49789265667101,80.99346781719447
2025-08-31,69.85999640965073,68.43154941591798,65.31584572231225,64.26485729082601,65.52652775853312,64.92906993138274,42.75186453034215,13.374252336988192,-5.3815455091828,-12.587949912376146,-14.018542793318787,-15.714131217453357,-14.35707234751142,-14.16928929247105,-14.15624345658864,-17.52134047275331,-4.636503038136169,29.883682089986962,60.15927914365696,79.02301669516973,73.8709412559242,65.37285593196533,59.26729863893026,50.817934828014174
2025-09-01,44.34856597940657,43.91368435711665,42.706500039566905,47.642257126685536,57.50644554051329,76.59855913929299,74.24673976047984,53.742474237646064,32.68599731788005,16.590534556730987,14.265938967972914,10.634624224537646,9.1185468325273,6.65500761671413,4.778440906467395,13.108364566514126,39.38296072476463,68.01218137538558,95.74434474121897,117.15179958648068,99.93916822866292,87.50980518705387,86.09487914356686,78.62828338520308
2025-09-02,73.93763974183877,76.09154514124074,74.22288815533577,72.74317519176134,82.45183732305223,98.9913581512767,96.56190835880722,72.27388613440394,39.928039592796466,30.83199586395517,26.410533420768346,20.795522697304975,20.24309613496122,17.72084584895171,21.02840062889223,30.794929809944918,55.30097477783069,83.87409855955187,111.45585673412901,130.44775007614524,111.27722953414329,98.71988525668695,96.67480192144819,88.44344700327781
2025-09-03,83.77591675643525,83.30867832280526,81.09687723510736,80.09442379714417,87.37393628653281,102.45198965315777,96.9811276344377,72.49548170445951,42.05933731005979,29.08206079959885,25.16129982518443,16.0131381151363,16.5100351444257,14.051109781555823,16.882605032253394,29.427599357310754,52.75435476055476,81.94801764369006,106.10427323256951,125.5971349112091,112.47886861389391,97.95029286729084,95.5724888063689,91.4341440265955
2025-09-04,87.2873863903149,84.78765383999155,85.62346134594465,84.84315077103159,91.35574544935128,101.89969174788573,99.65634491142043,70.5665795915384,39.51853796910683,27.718282865742665,21.04588385575721,15.674344527465891,16.12991090898025,14.69496944455787,20.59024791774071,32.413119610704314,54.19662463641326,81.83775950843344,109.82446292988783,134.14067793224538,113.54732835327258,100.38213202447979,94.57136335358982,90.03434621211228
2025-09-05,76.17808102398911,74.95139230505595,75.18923427607027,74.44272812786934,80.32290256504459,91.59323444355118,89.91924942492192,58.79323786013636,32.68249534066214,23.763561835175352,16.959682631045098,11.329462079371623,10.37599759346078,9.149854136051971,13.104198706969285,18.598893088745456,35.8127099844305,62.60098304599583,86.09507437901014,102.4854580769232,85.30268610269832,78.41062632999174,74.54489172369645,70.78555710675329
2025-09-06,55.81368620224001,49.619126168768744,50.83538211826371,49.36540763619492,51.33735135436811,53.1306513846546,39.50811753865342,12.818113923079892,-6.296482455298133,-15.116099750969013,-19.7404957076223,-24.279738266544214,-22.228071807842582,-21.53139527507483,-20.627459401616946,-23.89283334313562,-9.004991930618345,19.077024026691902,47.44227236014095,63.50857976689824,57.865881538787434,51.5690978803935,46.71678842893802,39.17222386368036
2025-09-07,36.42972393730416,36.34054719630055,35.38366660153814,41.605910470876594,47.69063467492619,50.06485391257755,35.421868838848155,18.552286093252263,8.589073281626384,5.488425257955612,4.233405983442665,2.6961361535854422,3.7762549914370283,3.8770566527933,5.917988933395648,12.263132815652739,28.415518357298367,57.054617671041754,86.61545905380956,109.95594928031808,96.49594097464924,86.88206306676483,85.21541146353721,76.74472657276456
2025-09-08,71.14730899248073,68.63591128073679,66.33217633738403,65.4704143437545,72.5306812796461,92.57255425533626,96.59850041613475,72.16365228850884,49.78303895823775,37.21958052736396,30.035324136052637,26.147417093497836,22.730173173200143,21.826574343523546,28.324930707352138,33.21333106259212,50.837157321070706,73.42924105933551,102.42991972870861,110.89578517353617,90.63171830143055,82.88111245631974,76.249985622433,65.98815096514906
2025-09-09,73.1255713698068,71.42361162029383,69.26137579716155,72.26578353104537,79.36455225481242,95.54064977913893,96.02024752218472,77.5179359450243,50.63131004535954,35.41448399857828,30.41225524920607,23.69159733879866,21.945232548660712,20.681707761372564,26.465815130878426,34.445188452150006,56.933483894048564,79.94157198425323,103.43830378107016,116.28320054922908,100.43088388748734,90.67162760587956,85.17666371645339,77.00575362894193
2025-09-10,74.31037300709505,69.67742980863167,68.66636146172453,67.91174724236558,76.79516150008862,92.93339576236782,90.25421489565534,63.63002046104775,32.13029041900292,17.307241425253125,12.411162220861215,5.396532141876676,6.20216755717702,4.667204976012371,9.066180083667419,16.497823631423856,44.07441713169821,73.40893835935799,95.25975443915452,110.49288223524542,96.51634572662294,85.53155667504635,80.33370865992705,73.98440602628631
2025-09-11,73.1532357979881,71.31460830729083,70.81285509803048,70.24247021983787,77.86822863884309,88.97722806015483,83.63033592517232,58.48296801156397,21.88299508184798,4.931178476803893,-0.7954679261791568,-5.122363305128346,-2.924947579478527,-1.8976877760295423,3.34971810955156,14.112414224993458,44.57227919824993,80.35223909898309,104.67103130643291,125.43192694109828,107.89625107341072,97.06742264799301,93.97868898255788,90.15467210233726
2025-09-12,94.03329228197744,93.73391542146229,93.6848926625058,92.62419043773833,98.24334804660127,112.64858107163428,114.66610784871015,83.93624052505342,50.5856494603286,33.29360103878838,26.04836053935935,21.128543047921355,21.012846180924356,18.81291612137082,21.88609291081673,33.90357871992768,57.68324875213976,92.28649298058178,116.26408797552475,135.20545032378777,110.88699222972855,99.37734174666508,93.18022428012506,89.54745961195857
2025-09-13,85.47875461623893,82.11681043188626,83.03067223235178,83.9989856642264,90.25666037097633,94.9871536554601,88.15463370947187,64.99074678637277,38.0404181820539,20.262342440271723,10.30993171608084,4.842069714060273,4.691330651058408,3.6963314513662766,6.379370913711,14.139277905223324,38.98237599503055,73.88126234983805,101.59535946679732,113.13279792090476,96.6545044679626,88.06815633427162,80.88819559266182,76.5717356679049
2025-09-14,67.4776659743847,65.74268706205395,65.678416439009,67.19772489663858,72.56134944209757,69.13740294896493,57.2055871272688,31.280671912118237,6.779711670725504,-6.320293476965773,-8.557123183819115,-8.600876046762309,-7.134812597397712,-7.533976100421512,-5.517462024298126,0.055488862060826705,21.840573143772374,59.57878047300591,89.35001863307544,103.02919901886747,93.13102143142343,86.62506309003442,77.69187521137002,70.75996965632837
2025-09-15,81.78029389176916,82.3012111345121,82.52812658842198,84.67554378508227,92.97000021498407,108.35850822183284,110.35007294707663,90.07033110533449,61.940039942934845,41.41017687170908,36.9655911808741,33.42935182965665,31.331379888876285,27.455732233574466,30.20018322641512,41.10030023362864,59.63165454303386,92.09794733577898,111.0905265777318,119.13712317265534,99.02188005297778,91.15702112439874,85.09500252634369,79.62240865948678
2025-09-16,78.11666305229353,78.59285139709228,78.52747888457237,81.43285831519157,91.67607283707514,104.08774445173941,106.0076701798888,84.65627982674711,50.78018283242194,30.2921528932106,27.806444064713233,23.530518692142778,24.553720691836944,24.114310660135942,30.88528984458317,42.37799093888113,68.76825494037757,102.84436236159799,125.28611748436094,142.38411560382204,119.4530909171733,108.77357658445058,103.39547563446739,97.09515380029873
2025-09-17,101.51763818539143,98.72817109171811,100.06200909404058,98.01176394502409,106.36033341949926,119.40568778514273,124.33261385741497,104.04233246078971,67.50544967508895,45.99360043422054,38.63457491212093,34.37158371404375,35.64838780210249,35.07002293027786,42.56478264900591,54.57581413775899,83.93994442512562,117.20855061568363,135.46657000122462,155.2023895306929,126.49161141398753,112.13067340799863,108.31010642203015,105.4179514961236
2025-09-18,105.23808501882914,102.05356989028267,100.18389134811304,101.26815359945418,105.8042618477542,116.26588304836888,119.39013860684233,102.12555971736367,69.58059753062682,45.623299199587294,37.47010074650021,32.78255485158,33.94733051502372,35.070997605911174,43.336947275608864,52.84967723809356,83.34928117699224,116.80742269030314,134.13663459360498,151.0692611981703,124.03026425094335,108.49455927413554,105.835289554106,101.34553453279378
2025-09-19,102.34661608763952,101.23165731590689,99.64225862676044,101.35733930401881,105.53834699812722,116.10440287413304,120.74557948439195,107.35286520439297,75.07080881265588,58.323841302028725,50.35682841860033,44.055294224870885,43.63318642222691,43.20295102957853,49.045872470854086,56.17776882543139,81.86680616190571,112.91587058779434,130.15454950226814,143.0574344572729,119.97172230355548,105.9731880339163,102.8444473450883,99.3001439526665
2025-09-20,89.5054758343818,88.2506399034215,88.93470984613627,89.4903559607429,93.79819987907993,97.30377872196658,90.91511580833487,73.47636402991304,39.98451099135477,24.072359612205133,15.745584831391426,9.973026636935415,8.321965238228202,11.954928104325205,18.00634906374316,25.852966249743545,57.262478991161686,96.9304528499342,118.08879281921392,129.6196731627385,114.28254627018214,106.18168840865454,100.76218557793993,94.39942479528516
2025-09-21,81.44602291702573,78.9375298345716,79.10361050235005,78.9845811928909,80.28760084563253,79.7976472407582,62.21883632823216,32.40995973696475,9.18976588939637,-5.171497463092038,-10.46938465089896,-12.478740864474233,-13.454770152754634,-13.324838398734983,-11.20730766608645,-10.788678205136776,11.859038663318287,52.34467522902415,82.28797034734232,89.71461133210221,85.08252177377211,77.88395537813493,70.94102810790075,60.875083098182415
2025-09-22,46.93399267165972,47.59251512561927,48.450766165270224,55.677684583972706,65.47391485011163,83.18201555651873,79.52093846988076,55.49769410908071,31.632602347414405,11.685317218220675,7.156431643368563,4.5193522118711655,2.573808053413998,1.90657845685719,2.819373885796722,10.809504263561209,37.44125427141529,71.39960349326931,92.98470679749853,104.34923682045816,83.75918885292099,77.30664315843629,80.1452304879705,74.73161725403384
2025-09-23,57.171921286819746,54.82562515015847,55.03399500884091,55.31185522436518,64.616956428488,82.83480868890412,80.05221809863068,55.631403857090206,24.222142437533222,8.548153073594023,5.1898399454272806,0.9137265784438711,0.7539115498758804,-0.7038972990836925,1.039227702153525,3.5143492831837477,28.07641554759823,60.952334935984624,85.52903104732054,98.90662486045836,73.88653978892279,67.34601167621928,66.78527555384873,57.732529168955466
2025-09-24,59.69748053605109,57.94564507319778,58.5346827444298,60.40601817574402,73.09888458684358,93.62284922171655,91.7477543795996,67.8654624827515,39.33502188134109,24.186903356005402,21.14024260846692,15.70563510029281,12.45725146541001,12.029877956257408,12.781509577667691,21.832880768149494,49.1449113458187,80.44122155552107,105.69292456881344,119.393040591078,93.79965983539775,87.54402121712201,84.75954651651257,76.54397961770388
2025-09-25,74.2266888784741,73.95644823249441,74.61549288530716,75.88355749424352,87.20546689594784,105.00089970604768,106.75968403945453,83.82119189798365,51.90968887594619,35.668194574078186,30.834052986119858,25.605094384240203,25.10786671429011,25.546764345472724,29.45650414628541,42.42360080963395,72.31461675015696,106.01405666787053,134.10098145861826,146.74384320337944,116.32470615251788,105.54442578338602,102.51952918060323,95.7405627730738
2025-09-26,101.99344914125456,99.58377394770588,98.97162298386046,98.93150496182827,106.80356213927614,122.6429283995878,127.02148753994209,107.27415403679927,76.72504973957199,53.105669102932666,46.31948837782987,39.559200103941365,37.00380939153137,37.777683920149755,43.61727717500057,57.804082364434635,85.28850531831765,121.12487074652388,143.24647119170106,150.42788423534833,120.80808792734291,110.65588582955189,108.64023055764474,105.48231751142536
2025-09-27,101.62549725734212,97.35886950428701,96.6496221150312,96.06848814514376,101.1740346415155,109.17577009405949,105.01740776114414,82.36105325169717,50.00906515851085,28.756106678975613,19.675487762392322,14.50412491108409,14.539132878486896,15.40531432149136,22.16230757732903,31.137026719760797,59.99934295105764,99.10491286309414,121.43821953152928,121.38260944108723,106.54875442931353,97.51716938273093,91.96748031018866,84.81718519640339
2025-09-28,75.5060607200378,74.26272260387863,71.94055176042498,74.97015587023702,80.33297797890943,80.90799235284393,73.83733435941932,54.836397276457404,28.40919171144961,21.929238142820353,17.988395995678843,16.424518283321206,14.9380578715421,12.010010010881146,13.917725716698584,20.979931150705298,41.92744349212681,76.50910203350665,93.14810401545789,94.31615288641983,84.9796465100945,77.69622087543992,77.69228313898844,70.28292594926575
2025-09-29,48.71844322896685,47.5163212589318,48.36317303910683,53.514657444711695,65.04291770608182,82.51658467748345,85.00917103362102,70.93898298961341,53.62113008239979,41.254216473665124,35.54805135066823,31.94096427666166,28.43188156882114,26.611561602033476,32.364386628084226,43.483462156857705,62.78112008908061,85.76825221397335,104.31085224577855,101.65778999073072,82.11850336164277,78.13627119804198,77.07553082089848,70.29461479200765
2025-09-30,74.33244388923231,73.40196142884706,73.84205456145759,77.29790620904338,88.69757247023225,107.74378796232176,111.21457115486123,93.18042836627492,66.10314804012941,49.37332809695273,43.10375418918046,38.690350531056005,36.77070685659551,38.577636807394846,44.41691281114742,55.22189543328381,75.72691784428555,102.63284818556437,124.31449324801419,124.25612822778115,102.51491933874374,93.74587195242837,90.15430707583113,81.37200820632007
2025-10-01,87.28563434665853,83.5532418260108,82.18255763806712,83.5993793835796,96.01578686778575,115.66724245902665,118.55880222969036,91.28924019338925,58.408093790797835,35.04813199722447,29.086633116400108,24.154438332060664,23.27988032617263,23.75900579371536,29.339900612101886,40.873286339903956,69.67578513892553,103.49161041631189,125.89041526457598,124.4033883112343,102.70557593052004,95.68181603534252,89.18806827480644,82.67711200659241
2025-10-02,97.3370724321211,96.56460827384447,97.50994596988907,99.71770820979255,109.84208681128989,130.3077897508213,133.62054743636966,109.65452954861118,71.11133888770124,46.35459193199145,39.15626744551113,37.17619158047559,34.35090846760941,36.31590709522015,43.25474469967721,57.45408111497205,87.75867355391452,124.73612885519981,152.69572781918856,155.41082391747432,127.17166915096686,114.504228725351,111.81914452105201,105.27768460850295
2025-10-03,102.67687686178482,100.87038770664327,103.89631497538883,104.58703774784864,112.23613527099678,129.7340436034502,134.46411634034035,114.96369397544518,83.71222396928104,58.13643390476041,51.041933599294026,48.844382625481614,44.541575210559756,47.30999095619191,55.16450158362018,68.06005703271424,93.10502128878422,123.66564983712004,150.29987527557776,147.91829773018844,120.32690909866933,109.21558111249992,109.86075646275049,105.75047569269044
2025-10-04,98.62344564874982,94.57798276465672,94.40923114868431,93.58047446031853,95.15494214710564,99.84095337545087,97.38085939769653,76.4579959523422,50.657527702523765,31.950903019566155,19.08640801109148,12.947096608497176,11.400638920727687,10.935295576148036,15.804493276813858,22.060701022595893,43.45085202393277,75.66056927022184,102.31310336784523,100.39278573085465,91.67331744921532,80.88731906238132,74.38955447565903,64.96076549084009
2025-10-05,45.71821340877146,43.6440548602946,42.505281535283174,45.33681111063015,46.36263941004279,43.75190920001447,37.31434788063628,17.46855734584797,2.1566839771608954,-6.73662447405529,-8.265528212173692,-9.845825606519412,-11.067920726299604,-11.884457638110746,-12.247034981038283,-9.07744344393275,2.4830862911178286,34.01605874690682,65.68816803857364,79.04469682965052,71.30603003291483,58.61907761477971,55.438647921689565,46.159338189257
2025-10-06,54.406673506374105,55.06529719744416,57.00853154175158,63.757681220865734,77.38661187850536,97.00986525076587,104.95765972039524,88.3621523902514,64.10442503006006,45.07538221608456,39.575729624262166,38.587250334603326,34.83576258874163,34.599324180917876,38.560599503499695,57.65373189171173,79.53432614110446,111.05492260021148,143.33402445156648,148.43462313133517,118.13269948307291,112.22690242358875,108.73631882425778,99.74463252843493
2025-10-07,101.14073818154526,97.97640469625156,94.3229714996563,99.43105180384718,108.06624515299038,127.82294905643276,140.34758703736136,118.32992373045619,83.42235588360111,57.57449802335097,49.212672735776934,45.70918739873085,44.077267002979625,46.38050011641502,50.57556484062956,64.57553960481378,91.73382037874018,123.61980621023281,154.71774808077333,158.35093011379453,131.066516508183,113.91997845846825,112.97655160882549,103.85473819032562
2025-10-08,106.5282327191158,103.14420914299303,101.78071728726766,100.34027302565181,108.36747415485692,129.3523190285322,139.71785696995454,122.36470339044368,90.2733069191267,64.00804389924633,53.85403328191966,46.503369150588405,41.12876611126376,39.31059945134421,44.520743583173534,54.626417541325985,79.31202658928282,108.63738797640866,133.07801720673885,127.17568196637814,106.70083828375775,95.56787320878885,87.50745863072723,82.6898061934867
2025-10-09,76.52087479356479,73.29447051200276,73.71139181419396,74.08746857928438,83.5629666055076,105.0843757660918,113.12560037426918,95.94041645411767,63.66018729016191,40.65546130977823,32.72785761025237,27.567818336434215,24.579283589149128,24.036444300085662,27.383262907490277,35.63866148926709,58.915873570687424,92.4268197441707,120.70239218168655,116.14346518522196,98.37783208391593,86.6753250883082,81.21572156567802,72.68279884358067
2025-10-10,69.71723663434537,68.76854879133475,69.92618697525648,71.43608218012085,86.96332120867388,108.09706311030507,117.35324059151051,99.98135393303122,69.52241417144212,49.459982572725536,45.12087558609153,41.74078305655886,36.176650991953174,36.487439797329905,38.393416425336454,51.02976566668042,75.47156139840475,108.7167461781936,132.55097554121383,125.41558386325505,106.63424428135369,103.21720449571681,103.179032100992,91.91837405515179
2025-10-11,92.36424639438374,88.15223008647641,89.45666198407373,91.15069292525541,94.46865230556945,97.77536164423424,94.96542856275406,79.7645964956714,47.39330003103508,32.35680066060091,22.51197264719775,18.14405571568966,14.054066449372911,13.0188460821865,17.94441393501191,30.05588502746805,55.18334968707468,86.29285955479145,109.52913575487327,109.31685590940636,101.04055885511312,95.32859110303428,93.73659826003184,82.75375155643168
2025-10-12,79.25722044795114,76.35949922404208,75.03880188050329,78.50038789363742,81.8524647529218,84.07239269654798,79.56819109049857,61.963891449642915,30.169681949364545,22.771441701208204,15.77977004453453,11.536064592294835,9.69722498377125,7.53689358688969,9.710373731692343,17.80855576882037,44.82797741183104,82.59993708906764,104.43044686007772,107.39008578711069,100.22584047036524,94.04249114769559,92.2669643091304,85.2478619258455
2025-10-13,88.65389918132072,85.4935086139602,88.67451228077181,94.15104780185263,105.69542164055581,123.2421303245533,133.19954693180395,116.71352165681844,90.87624403142945,71.37165051234314,64.69855524201128,62.14744391935804,58.70088946697486,57.63575543532896,64.43106137864802,80.97932287199886,100.57041320467242,129.03104629690583,156.5045034953439,148.75780329198,123.54585776243945,118.78617399304628,117.10653955596288,107.57817783315463
2025-10-14,109.86887678600071,107.1970002971358,105.59148047648692,110.37629313097311,113.8883745982225,130.20711977696092,145.603990057326,133.57208065427784,104.47976289241242,82.25578660017482,73.69899066646653,68.73500426895757,66.47302876102982,67.09440039392497,73.50472445392377,85.22608477422337,105.88249775965855,133.592684869853,163.7733572739288,153.4317308996399,130.81732449175345,119.87401840829638,117.48312022626747,111.95215168022429
2025-10-15,106.09216077123679,104.50983197439453,104.33551799017977,104.95517390650677,112.31473656724901,130.73297812851595,145.98927411021933,136.67287253911363,108.42963425316098,85.5427535579395,77.29658517605743,72.8233768464363,70.29173714771603,71.77291109874972,75.77190877636482,88.93439821375131,113.08687603543929,140.1073856328744,162.14959669922706,153.8007376918042,130.7392516246573,120.46726087792396,117.5991686854811,116.12240491133451
2025-10-16,108.1259317075063,107.48934259120968,108.87464818155799,108.27816252709513,111.90239396220684,130.62179320880935,146.36650649948288,139.27064314537353,109.29264083849097,87.38170408816333,77.0103085809021,72.34997216265016,70.04737542767072,71.29731709551055,77.07350461460204,90.90103173194981,112.36320179194382,141.78425510792115,157.7666741126199,153.46009730743313,126.82146356167151,116.34683241404267,116.62806522200701,109.37944389209656
2025-10-17,105.80917389340155,106.1704778909209,105.37531848880647,104.326611028357,110.16075374649904,125.06712697643904,141.89284543862243,134.19476197155655,108.65945988142492,81.23689595116765,71.681926607875,67.60743974303833,65.24640039590318,64.78217410833815,70.75618850638934,83.72594961370113,104.97315260516142,135.73734528491522,151.47442963750964,146.88328266254427,127.02252675794234,119.30775025964002,119.31089630633397,113.78209830573667
2025-10-18,116.01923386972686,112.95960876842523,112.2244211622004,111.16946873467549,107.70082113084939,116.29037728190839,122.2656142338061,109.02883323162618,77.59992435594398,58.353891566922684,44.22180568301577,38.03713870431896,33.78627567569362,31.223676809882704,38.32925435849591,52.121463152842885,79.8413060402078,109.80045065413375,129.70004180879198,126.6226921938749,116.65073694135401,107.41468937292882,104.5373311295618,94.92288685738211
2025-10-19,76.62471405718816,74.22865140992079,69.2935883099166,69.20037421763688,70.09418265622331,77.17571386333066,76.66934769068973,57.305500567324216,32.51026899510711,18.574361005356266,14.186729848038937,9.79987757774559,4.625167855806296,3.623716972622802,7.4691979591748066,17.744333567894344,40.02777268537403,76.55000914095385,103.72232927771759,106.829359634041,95.54627195525964,86.3851496306805,79.48138373586052,70.57454364965183
2025-10-20,46.85307236856204,43.655080608418245,40.31359243224375,44.83996150482142,56.84329081291437,79.8766695965218,95.7138875573342,83.24512235948183,59.182546030800836,39.64893171854574,31.924943511407918,28.065470305083494,20.589946370891184,17.67159832662371,18.977596041727296,28.228442372336033,58.25678612404758,83.07242257773444,109.29206059953461,107.09094548580387,87.40875445826677,79.17731927947901,72.13685964158167,63.44118685281734
2025-10-21,39.532148027690425,34.90167042842289,31.943187355596308,35.07347965441694,48.49638819656896,71.27963896317982,84.39881236973052,75.63556282868001,44.79344146219009,25.13240904162906,18.572071953297367,17.30745778120854,13.077078259617124,10.89951297508567,11.615001143935359,17.831570094111797,48.035253442409655,73.42633696546463,92.49453225916918,89.21757239948599,67.25590437125095,61.42974867496186,58.45986571366622,49.12781132701562
2025-10-22,31.667194438550652,23.937930345135385,20.579619502638153,22.522470650376818,36.04472843420042,57.05607179618332,72.42154784983299,65.21500565637972,39.98283840831573,21.921336505207933,15.142975564497931,12.7912134822012,6.221196284459879,4.669424438739625,4.097571759211007,9.103324986942795,35.88930780101353,56.95674962580365,78.31704733913685,76.55300412276694,63.97294802170397,52.29880052219157,47.97723525861046,44.04546697293445
2025-10-23,32.78442702772604,31.32727287590751,28.22813898846377,32.45240672475735,40.85632118350709,57.23887559393175,73.2630806967053,70.84263372850002,44.69760903074972,25.286134105241402,20.46825718978387,20.974163089730155,15.952226231105897,15.627239252443673,16.707693067082985,24.810560696240827,55.95348892906745,85.1234369045769,110.05757846527908,118.00499254810961,100.70676458065701,86.68530870496991,82.02750439653636,76.20248705338432
2025-10-24,88.05852285699676,87.51271641255842,83.33032409848451,83.28281255546091,90.62542375542655,114.70159435538181,133.2232991313938,118.76551674577631,87.35604378107136,66.4191417247792,58.79490609753219,56.54715814209166,49.61421853120332,50.17055719716305,51.48684255296766,63.7178863130031,91.8416229385897,122.53889238666488,149.4111369401151,156.98000475721082,134.29171758842992,117.68942657249475,113.41575001045979,102.36737102591948
2025-10-25,86.86850954231701,80.5790995979379,78.10942482759755,80.01706120901063,84.08560596558036,94.0740059095042,105.90326159936699,95.07804833057438,69.34636383065423,54.39116094454711,41.21039718261773,34.78300917092314,31.268890758760747,30.801937804803742,32.79533459879304,46.602980327526026,70.86653401252288,97.88315174344676,115.43559039373989,109.60444300938912,97.74378740956436,91.37529792254381,85.68421607163882,79.88493297350465
2025-10-26,65.72760322173511,61.2501604395308,57.95909179039789,56.804521408967815,59.303323923178354,61.38931991960519,64.93461559434283,54.29174014312899,31.440968685251562,22.530547891864117,18.393144319597837,12.524564402121939,9.248739551653017,7.7243949735333075,8.777749255554696,17.727036741509167,44.31059611982249,75.80849372549129,92.26189449579077,93.36897206197547,88.81403140796506,82.97132307082467,76.15999148011898,70.27542884679832
2025-10-27,79.67135258140841,77.72826546461687,79.791353546566,83.96672752439598,88.95089327765484,104.52801935408408,116.64596365144875,107.97581356971624,80.74232254775121,62.56834493387126,52.15289241270925,46.302871807882994,40.09329451341628,39.9130189788071,46.60352032938958,61.36880487846797,86.89618572025299,119.17386771211292,147.721634328968,142.75896464029785,121.57786146901186,113.92302353421574,108.74398266153302,102.47787768259553
2025-10-28,99.44115686962644,97.16467758903056,94.88012157190308,94.25453085637889,101.807962633193,114.5102110817463,135.1770959252663,125.72938316391162,98.12307241769233,79.68190554340785,65.50431724801733,59.44957674239686,57.87015079837879,57.04122994499821,61.97249122573871,74.98932115207087,91.59980045169004,122.9000332874958,144.14188746209874,137.64485992797557,116.26128060993187,107.0782281846584,93.88798886483647,86.52836075324092
2025-10-29,88.7777141099943,84.5912631734892,84.02363648118128,81.2142093960246,86.96074139574347,102.78230853430652,123.22850265455017,119.12295915900212,104.3315847974703,90.74536589871094,82.2735763176581,76.79577410005238,75.80232866224401,78.34972194829197,82.21618440075989,94.42032512690892,113.33264722533076,134.35866044394433,151.74799181327484,153.78966571089694,133.11482404121793,125.53830168913709,115.94174214225734,110.66770300953492
2025-10-30,108.82789388625045,107.02264748507545,102.06820182131293,96.71239955147723,99.44879186041508,110.22732885428164,122.947596588216,119.09010185305056,102.74439332069093,82.55860980835371,67.66977035261834,63.64604783419349,58.974466182696936,56.22762850530997,62.117155309954306,71.43917133620252,97.75779895537886,123.08805563721344,137.6040613724515,134.0095711482406,121.06533523657131,112.34796298716418,101.11104073590766,89.81857264725934
2025-10-31,71.25775707004793,68.47119900516623,65.52791699647304,63.93221501015187,72.00398929485563,86.78415968834094,107.13550946929628,108.60514419825735,87.42070255613203,64.39554235488617,54.72688134376537,47.590821279748454,43.43210523186883,42.0304263260535,47.04949319603473,63.38237978677506,83.3122631042516,105.51797600456237,116.45313264213779,107.06059100878427,98.09820131266193,96.0977315818485,84.00521226986605,73.38110990833711
2025-11-01,51.004632108014846,45.279578063752055,45.351828518214454,44.35366402924108,47.53509397980868,50.42963243659274,55.64145682003665,55.908892441515974,40.19210891312517,27.34719165338629,19.992881275863624,14.066570249370784,12.070516944023368,14.315070492428376,18.678293428935774,33.90512595940051,60.285110788796246,85.71779166984444,98.54532923637393,97.51135230078711,89.33037945675675,88.06814795784962,76.66668098999008,70.3580948063935
2025-11-02,49.045779276424526,44.439213591872104,42.28024295803333,41.54466763810801,43.23393840313686,40.776378970464435,40.44143141220016,27.64527759703222,11.119869558113436,-0.49013673297594096,-5.144933285044033,-9.873232458305168,-11.268853467007176,-10.289935090357616,-7.905351363641827,3.211999480656033,30.356122024680772,58.05001190015939,84.9286519862886,90.95504821003158,84.49625376125272,79.6822979206725,69.58720764304014,67.40469801361021
2025-11-03,73.195188105846,70.69134048889998,71.66936918493155,72.17395596623743,79.43893465159505,97.29280066430259,119.06190574233499,108.1253502904645,76.2039052556008,54.7025449715674,40.28187038538158,34.79472212179229,30.185446612214577,28.98333035173303,33.56909675743361,47.46983015417349,74.64235732082254,109.6466438188122,139.47919614993762,132.4094026202541,108.7361293192067,99.87233319049838,91.44265051416488,81.90994996041056
2025-11-04,68.09573548341533,63.3161110656069,60.33522966747211,59.36479508487711,62.13746563852123,76.41901024412675,96.98857213756301,93.85908620687903,62.815252801624446,39.2397456710065,27.675534739666688,20.018202175785632,18.84159731220818,16.932316389434774,17.520580284706767,30.0524935421807,55.873317194827976,85.81743384185793,106.05090844819225,103.00969290253978,89.1562088157051,77.85124346086506,63.82614049332555,53.550614356610495
2025-11-05,25.840184567431393,22.107112723488683,20.226283232157144,17.148257979638146,25.668200337174724,40.20977238119406,54.06139324072386,55.30606554013164,38.0251165388848,19.16590546730258,12.953447804031455,8.186272560209147,7.064655415851746,6.259484130314533,7.172216933672814,17.917232443896026,40.84352518224716,61.19538114154233,66.45047017309015,71.00840893737839,65.29404952075535,56.818983775052374,41.197890240479765,38.85004695767768
2025-11-06,9.313817994550973,5.6879478098865945,4.157953174991576,4.0167804793339315,13.14823714823487,23.856449223886784,37.580542164939914,33.96563314762771,11.405033815476443,-5.706981095102208,-9.579543918202901,-11.663625581849985,-10.181576782728897,-9.133370965351446,-7.102216808435074,-0.03087812697144443,21.017328434525595,46.15044952864196,63.44775498361986,71.26014311191526,58.317854732732044,51.83389330416401,46.52447801219046,39.81899239469914
2025-11-07,36.20466463282554,32.93018002999655,31.35365130883916,32.87725627284085,40.91790126349537,52.95166512520798,71.01887950905076,69.59897307930393,50.68229885481358,38.099629355560964,32.04475882904167,31.155791886011556,29.684570268608184,29.064002515309298,35.38992516743919,48.269196020372135,62.66236725459183,80.07349026682664,100.06321836219075,104.40991493105263,89.11469028432651,78.26367450798917,68.92764003011244,57.78879211118385
2025-11-08,39.827096237958145,31.994156891447346,28.76095140573669,25.46315247850471,27.25087247685721,25.507056262949504,27.999274915139978,28.746815808775793,18.71613543566886,6.827452226082357,-0.6950522402376151,-3.9969563132366375,-2.7103441604019167,0.6602414839454127,0.4990980616598222,6.057955661022234,26.709940010173867,48.87542728444849,61.41607352382509,65.9738064390591,66.34880219400792,59.69373346723546,45.77722402714703,44.015504345000366
2025-11-09,56.111937097991664,51.35026978432074,50.10851570530684,50.08340064562422,51.439682496303924,53.23551337940917,58.61331590376385,50.4474550112743,29.62769989767061,17.86528547687189,11.898912861839563,9.765751755769827,9.755286319742467,11.428616738784584,14.65926604095921,22.47272225268715,53.4586619522173,83.25465416471657,113.62781561006743,118.97936364938639,108.6924581528047,99.40815506973141,89.67023493719014,83.38290721386875
2025-11-10,75.16999653380974,70.14605041055583,70.77206143355247,68.87213328960651,74.8625664081506,87.79782430970155,111.32354862420564,109.7792121953577,82.4598889604624,55.079219875742865,42.83954153329762,36.89873794886999,34.7852562087774,34.56282168080972,41.85565455341323,58.417707591041165,90.45124720153672,118.5023243943156,138.54765134117477,129.79865936547492,110.64330892955559,104.30491366681146,95.39943728819289,85.00320232917753
2025-11-11,75.80387780135453,71.3294058772361,67.76304685441852,62.69168463349375,64.56432949692785,72.97654597155757,92.90394144403504,87.11991620981381,58.399131748410454,33.332668758509016,22.108059766391648,16.94605382162743,17.30164064942602,13.853720970808354,20.700092690493193,29.36030874497125,53.732299877099194,83.03241632672155,99.54470360133439,97.91582435014985,86.55120284022607,78.50151565738106,60.81729265588871,50.98287698509432
2025-11-12,39.03369536605251,34.835767548842455,29.828414520823188,31.14797028453664,32.92600687142935,40.07299842632571,52.392393257692845,46.39734535471683,25.91658939356077,9.12642945512441,2.975130663506775,-1.2722415552239,0.7482750376072289,1.0219344234129153,3.072231490583519,13.743051813185616,31.870612642505606,52.21029981403551,68.604891733054,72.84650063934014,63.777989251279635,56.36210950791505,47.66656880847877,38.920481553495605
2025-11-13,29.804645740589905,26.620976620041375,24.161493553959403,26.00538369934017,29.732285569291932,39.187253644814064,53.10578607034287,55.055347967858864,35.59467744394625,23.759385141867483,16.2391632168289,16.53043133580161,14.550145098667343,14.893617709701914,18.430867308720735,26.785768950748306,38.822281394551354,54.12186948998834,75.29740345278476,77.59143683692628,65.10886074708337,52.48739420545387,42.658570645401795,35.91581603533946
2025-11-14,-1.2136291525649767,-6.676354533316186,-7.780532838962287,-4.913084967381025,1.1392221275391137,10.517769777016227,24.117840865519568,34.866679257800186,26.995837306236808,15.470825446873349,13.38613864020013,11.530449557450979,10.115014966290389,9.94709667758957,13.590945774387109,20.40102205474423,30.198661680033837,37.81967079086675,41.68373956487403,44.90440894675646,38.29838014242634,27.101265472634353,17.74400712770067,13.920456414350241
2025-11-15,18.956321550575694,15.355603317210466,15.114275803803167,15.209328735989587,17.766113041130325,21.28516198337914,24.393033625384334,30.059957692763845,24.71461018754988,18.840687817303774,17.355107938345057,16.91366851958267,15.334328369924876,16.228299148321412,18.301451712289747,27.143134177251838,41.188443279996406,50.34691677230086,62.28113454224933,62.63789723906791,59.83461302649198,48.75906615719029,40.893469599834674,36.535626703294156
2025-11-16,27.364680507832176,22.17193321839723,19.126384099573585,19.89118281174774,20.972495226524998,20.572958227453384,23.10304563207022,26.562467893647863,14.047393712602727,3.438100998160607,0.5142857241116161,0.39386818850502436,0.15696769827542312,0.8861077196099529,3.3395105325682977,13.546355649050724,40.491924038329344,61.163824619910585,76.1147129706871,79.9925072781811,78.28035587950978,71.88273849793053,61.45256289348151,59.759263233220665
2025-11-17,65.40887062145735,58.927465117830664,57.67199509646683,54.709046452264616,61.31945034631587,75.50254690977683,102.21248556053416,104.06679026843643,78.39774415332926,54.55093750797255,40.466948837013234,37.12575172545589,33.47567915421204,28.779193236987524,34.39683641835326,46.85061938972763,72.09384585107327,94.38936280875507,109.16099658527905,103.78283646063899,89.24485964526609,79.74356814387738,66.63134221307806,51.16057141015641
2025-11-18,60.14105160114201,56.81274679139071,55.88649648395636,54.966594578977066,60.76843564662912,72.04992841907503,95.9204685775716,99.19300372478938,75.64988712688587,49.578846307569876,42.70147275014977,38.95200086713682,38.42115330828748,39.96730249004887,45.617726814817395,58.05954359487707,88.44508936169258,111.14108882152051,137.12182948665384,145.60157634269842,127.21156105325377,113.30724012562588,102.25605550704438,92.62366894939038
2025-11-19,95.77185433452219,89.19845457108114,88.92761568401085,82.09581140090316,84.25334618353928,96.9745451475117,119.96622749233339,117.75152624124387,92.35141043331055,68.33804106158229,51.30538890097179,48.46275071785553,47.3713373292033,45.16459366837677,50.967221960404615,61.0181772026566,86.43948109690376,110.00906142382881,136.22344150943064,137.55799325529313,115.61416733567185,105.11307453378292,89.36718041469511,80.15343612441892
2025-11-20,77.5350451501002,74.95402541578417,71.9960220569814,70.63251872838171,71.97076075427124,79.57046124493517,97.41688442560326,103.16755110868594,85.39832711609442,57.93827896993946,48.07110163826721,44.67150046951366,43.684156868089374,41.38912236952919,45.14672486628899,54.30202029682023,75.6289409655584,100.47474028249894,115.05547786439946,109.41725342911698,98.59323919991218,90.24012189718886,77.4884440635491,67.03360049217676
2025-11-21,62.83125712024103,59.450100608847414,57.375519374129,57.41510411425912,59.0797739247553,67.60511242838533,88.03089433882016,96.94063378507693,72.91543529155783,49.49931160205374,42.20961835107441,41.788672840914295,40.232124537252524,37.655579727465884,43.770354260669336,54.95907763731896,78.98850527706259,106.91803078945344,122.55619910857642,124.28092350553025,112.3605206026518,97.76397645867942,89.00132120339106,78.1918104215745
2025-11-22,70.22845160019435,66.22337468500842,64.78312240498401,61.343188257697165,59.61519815927645,59.7459116984852,63.05403197642562,63.98771902424308,44.63256285110994,25.927999549159665,15.324988374795936,18.58552967039742,20.071216043481968,19.500882847170914,20.820520218698434,29.663285313216022,53.62359672827665,85.60381767148425,98.19280134612717,100.4088010576574,95.5886993544409,87.35589707883253,77.04969185256492,66.84944047890974
2025-11-23,45.23073306615608,40.635107465993826,38.294767069811144,34.62460333054568,33.13344350101137,31.241706100587933,28.833892532005734,29.31983222472084,20.461669682062833,3.052160310233276,-3.7297652533289494,-4.365856863535882,-1.6570271970544752,0.5160614725870118,0.5579277034943004,5.451631168013108,29.73203190906395,49.542559355195266,63.94745185284246,65.99472390516685,66.2879666720258,57.99826037521974,43.803624693489525,38.5994170822929
2025-11-24,21.034951859984616,17.429892165136437,14.539839867537765,13.413223105429239,17.662430864714864,31.484383550369927,57.45635087992568,68.08471076908006,56.019757163218486,38.349712592744055,32.85153741659229,30.804064511108308,28.980038810843993,27.864882514814767,31.97267762952101,40.91088345010526,63.32173296213884,81.65315323541007,93.78229911208904,95.706219792514,85.98027882064851,73.63142166634049,64.75014775868019,56.30389679768801
2025-11-25,37.99000301475277,33.0286764356872,30.970336743038374,30.635505930200807,35.67870852841905,43.74121637301862,66.37782663006521,73.11588975496625,53.83786843269853,33.917182160619845,28.39307248640715,28.038776481458413,26.924717882925165,26.321648504349284,31.181922882204162,37.134479497279,61.846360431952654,83.12755577903482,101.31734395514587,111.60123743364036,102.69997544426877,86.00641449314884,73.24125445283076,66.09625637922498
2025-11-26,49.98551793907177,47.930663248314566,42.8706486189089,42.29917686715545,45.07749991321842,58.69735337252588,83.13333284118258,88.32897103013651,60.173207757598604,33.57355177275416,24.603615801720522,22.77616345207879,23.45449589289504,21.10332445667133,23.871139395576918,34.58554607604117,63.78880819252121,88.52338343903631,110.22282000027153,120.49486963530262,109.76286444297591,98.38270517455675,88.60389226907215,76.48159667402618
2025-11-27,78.44882439805453,75.16878389387898,73.41871590707345,71.26181252955385,72.67043219983358,86.21063478846071,110.37195632145924,119.39259904443152,90.57569535212767,61.681959762801306,47.183463121928675,46.57182892891429,47.95972588631383,46.060208114677145,52.89157115337864,69.62211242924539,99.96744161796815,123.4644201238717,149.04907366842681,162.0584840664171,137.10881872586754,121.18326592588042,115.31259905540718,103.81652101481365
2025-11-28,104.59516624539634,97.39041937008095,93.87270726835561,90.67150327681011,90.59560233000694,103.19018655473114,125.94574701768747,141.2540097909237,118.96152085145924,88.11528153101264,69.86721283960395,66.73788826536811,68.25758444494471,67.00574905210297,73.41613963946557,82.33515122338167,110.40030462284736,133.41971005770392,156.7736968723646,167.7698205826506,141.26698782010706,126.41911156205197,115.59846713869184,107.33297955480914
2025-11-29,98.74349374998357,94.33378434112463,91.90534027559335,85.85057595295459,86.27711392983528,90.8966605135964,104.83344054887239,115.40080873393194,101.00846377779375,77.62046511360339,59.38035383023781,55.005100463538724,54.50729900043238,51.936466420769214,54.951626386863545,69.42238623852262,97.54820212734742,117.10523274324811,126.77801342450027,128.97381895720787,114.9295309759494,108.23777453853216,97.73622850381813,89.49956272829826
2025-11-30,77.7753883706446,75.81490562159232,73.31037385270699,68.32743836895133,66.20603357966544,65.03692334256863,66.9824455022543,70.80236046332095,63.77314144841399,49.09519211225546,39.93882144655323,39.069442470618554,40.256674394860816,37.97640451088215,38.72687134355919,53.80896036316059,77.14817234483624,95.61421188320733,106.17858430348933,107.71014212713219,105.61835137155745,100.52296286331051,92.06932417401384,81.6090393025685
2025-12-01,92.7414222120806,87.50213898584876,85.87783634372983,85.17870116007967,89.10876218122135,94.9894285827701,112.00363559904525,121.76189614066868,110.3613096323651,88.56962191581094,79.322136495947,76.7595455531179,75.66900768974395,73.33864739675514,80.26836420069337,89.34815937275866,103.22653524584784,123.96791625243586,143.37763570195062,142.20971358438197,127.99931899348567,116.27378724351587,103.95127354679266,97.85031509849446
2025-12-02,90.97902052488253,85.71271265229907,81.62623055937938,78.66262130393986,81.27842404038545,90.70109247579106,108.46884945900291,127.83037874626561,114.82497985841566,90.78874108154298,77.68958922054145,74.77689064627924,74.48960734075419,72.77205235584654,76.37091659303549,82.92467266214523,105.98870593892745,125.45337882438201,146.9410861658488,139.77029110043435,122.92170386311413,111.85905605950126,97.61210070857163,92.64594421682867
2025-12-03,80.40477537033853,73.76331449861394,69.4985019312041,66.43696143726493,65.30275050682641,76.65743211320665,93.29860585304331,103.33360937762691,88.95461962455782,62.67965506608106,48.29163392171213,46.02646022772502,45.328125488518715,42.51742231746415,42.32742066187172,48.8015249655128,72.0466400196172,93.44410853990644,113.86749090166352,115.8975464379462,103.19399773166828,91.069444162162,81.2262950522125,74.81741143129878
2025-12-04,62.334400810666644,57.14583767054815,49.96506203501248,49.564159010192604,53.706542590434914,60.83220374910843,79.53086278066397,90.06049472444884,82.2285406817687,61.53379028486148,48.904364355774,45.450608432312784,44.79364256597115,44.94623443136672,45.123776803545525,53.996046104391,70.16597784537905,89.11960174192276,100.56383470061913,106.5952969990386,96.84499975771988,87.62562540252324,76.37827669039395,67.69534704492821
2025-12-05,54.11726210734139,48.954586978767445,45.48507463854937,45.53339672071631,48.93938800616981,56.81502370820125,79.24681243719792,89.93460495291862,83.72069935651336,66.73960362220228,54.737951991396386,51.4008042736229,49.635846447260576,47.67078766612039,50.025664307329286,57.64560099790801,72.54995864212185,86.80765237732074,98.81981713046228,106.37706415459792,98.57486850727352,89.55251884641416,79.72020619544784,75.73258238169646
2025-12-06,43.20804856971273,40.85553245844048,37.89956352843821,36.9248862362533,37.655852570635844,40.8631914275001,47.08021790712512,55.14232797507486,53.254712674294055,43.32052242959324,34.87868079752455,31.038066064712623,29.969889866627284,30.33950022557883,30.29403931080148,39.87680432214677,61.43828223273741,78.0717776816908,80.96849809521035,86.05785523497985,86.87079855518215,79.2679798751202,68.81073487508624,64.37358918944652
2025-12-07,31.540314810431397,26.938664120922894,23.720960912794496,22.329879747120515,24.341549118289166,23.650415884857097,25.053509487968213,29.263643414630693,24.870708668492625,10.676524689435198,9.235443751205466,8.483380822371217,9.477578374033698,8.126725786853726,11.550676863406338,24.04794680365498,48.62412430845308,71.7039264370208,83.38769027871896,81.87698284806389,84.4618185348887,76.73555920344764,64.67379337397168,59.392501958539725
2025-12-08,60.25214034819194,56.53126346721249,54.02679906101468,50.88940066352619,54.52143409062335,61.6691471559246,80.17950938629534,85.74659830251774,70.22991044846414,50.00303387686261,40.69444050078486,36.19511845877881,34.40882256740672,32.410366193847686,36.48132829252807,49.01687280913523,73.85615572649753,98.45641267886327,111.93006040263225,112.25523818208428,96.84175794197641,88.95041018271155,79.59734808380256,67.17678587942544
2025-12-09,61.5340050515316,56.09624997752673,53.74895585772006,51.55821082202206,55.44741945567919,64.4467158472846,86.11468979665885,97.91492567530008,78.33849952827887,56.435710923961445,46.869309001370674,43.567138405302124,44.49966600304493,43.91567862839403,48.908805920647666,56.5183377002208,76.27308101009578,101.42380593674551,120.79805531079921,130.1336774981451,117.55550243352349,103.37464582650367,89.23369860702341,76.34482774853288
2025-12-10,97.93028053538627,90.4394547087183,89.47651100494653,85.87888407560192,89.22000797362281,102.45309603426156,122.60284095703516,141.11954876462724,127.3823096272086,112.78719818593852,98.8927804043161,94.32533591448822,97.23030300693358,100.61055066430156,101.28664367935954,109.80341664027358,123.48291800655052,136.81990324012432,158.07919946085428,165.2235378785407,143.04154591208194,126.74066948079411,113.70518697264313,113.76871668746392
2025-12-11,99.07141178688268,92.14461526985696,89.12721042208729,88.7275458720139,90.96825464020819,97.54997132790554,116.98386532456006,131.45528018676865,119.66964063586634,95.77070684562145,86.81898466429043,81.1421965206568,81.66129651434308,79.16016225450517,80.67626198526057,86.60007204243182,108.315376692347,125.97571039921863,144.94288640129756,147.2213548564021,129.8486607821927,119.49456603571176,107.51488278993449,102.78414019546462
2025-12-12,94.33648029934636,88.74810931309082,83.2044245572837,82.5797112472024,85.4143498398536,95.20858502225644,113.00318331387115,133.09440559953813,126.61881234963869,109.76126876915455,101.6851124845581,97.07749247788632,94.00821940801112,90.8494980846411,91.87896928545264,95.54084792284351,108.98424632698965,119.68287927822244,133.0410470875366,131.5763776979366,114.90426329378357,109.38067837649449,98.41590838451327,97.37915675981061
2025-12-13,81.9559329867483,80.03561165098478,76.18254732473702,72.3259501953637,73.61270163179819,73.9995146478559,79.16844186147726,88.54099095348664,88.48354488247168,70.95237871570777,56.492536496701774,56.98175259383835,55.70562416286157,53.39717204208738,53.6288540861524,65.0648997454571,91.26191385932042,108.86903651603191,115.23412830555735,110.69939498199557,105.62546688872027,100.64904238422002,95.16398939420452,84.48790396291923
2025-12-14,77.76636808535076,73.24446669634438,69.77812259911006,66.64608053619338,67.070633755524,62.244620387413505,62.86899444209433,68.93720662360272,65.79759900500446,48.646106282220885,38.87111749867282,36.559879161987396,37.85117816805307,36.24531285488216,36.64763074161688,52.076196616179885,76.4969753009515,92.24159777534678,98.59371650248445,95.8910519663744,96.31710811615038,94.43381820833217,81.3626932649139,73.06063585433935
2025-12-15,76.74603320644619,72.66482960420161,72.05060023160408,70.14473120472688,75.8156101412398,88.98236764346947,107.54956228923757,124.21909880969903,117.35560505815695,103.44170566814604,94.91997357855753,95.07550630559153,95.02117775478004,94.96349287207957,102.36060994736866,113.85299099682729,126.8361536708356,136.79934144639864,141.31915519849693,138.65168187259982,126.24026716078643,120.26952497956222,109.96386229004759,101.73368300370822
2025-12-16,94.64840460089181,88.8968255223986,83.67007963208471,83.46552584842964,86.903147525888,92.61701857609924,107.26109210290107,128.82821456827705,120.95592409414776,109.4302439907004,100.73253973339811,96.9660153743531,97.27456212108243,94.22878605101491,98.49410032308613,103.48653910615859,118.39100680523487,124.39256639531297,133.35317653473348,131.81807906870205,119.41506705144069,112.26521916244441,100.12467982198193,96.05531362059301
2025-12-17,91.95884795302209,87.89296096892292,85.58144511834894,86.30956619136333,89.92364300078893,104.07505950357117,110.27383136503741,129.35899755357352,116.38948965156423,101.13339889684813,87.42354591120784,83.032793856717,80.7860009338782,82.07154743695573,87.23534433962084,95.45956193908442,112.12148686467782,120.25024778192008,128.3527918666729,132.93347160446612,119.33352173292617,111.2452740599518,102.63140732474938,96.27569665322953
2025-12-18,91.54251148231396,84.85093324130872,79.14941293685777,77.2766042712772,78.57368302056724,86.87660468960152,104.77864431765128,122.98131608267765,108.76262403658981,84.21939296651377,69.39874496322773,64.0594564726466,63.66147928555348,63.43430963354818,66.6790439276182,74.50613445481294,100.01410665860033,117.42825023314792,128.3772075532081,131.62309033860004,121.04206610857788,114.3061997348656,106.35903373481679,97.967358768496
2025-12-19,100.66189216245391,96.70066103493866,91.73604020761374,91.75311535432742,96.75842158877326,107.46918253799518,116.34338043999765,135.03779901053963,125.76614238537903,115.78974050061068,112.24806199868934,107.68757082737525,102.54053246292891,106.00571918051983,105.10761266619063,112.93148085903296,120.74943425369065,128.79804884179774,133.19447595656013,141.0897128793547,125.26566283659598,116.84667284226629,109.21859516765814,108.54351918284532
2025-12-20,96.3653499142746,86.89519706220557,82.14481354858859,76.5353146083202,75.99886428833815,75.20701738220384,83.12100671362218,92.25776846858695,90.88097505109666,76.98220183294936,62.46597618815859,59.42786714936047,57.859117044308945,52.754599796571874,52.4915595534174,61.18373819625511,78.81926221550916,92.93226358462368,100.58806474320232,98.44023484912336,96.05504974190389,88.97839760810405,80.81441343506674,71.86357553944073
2025-12-21,46.9373115935266,42.21493831735894,41.20765227028562,37.88197943694328,39.37563427079937,37.75208566335802,40.93947907257143,51.85216752157886,55.81417891450207,48.49615274297597,43.680644208812566,37.83524864551646,39.59902486755604,41.11929074605818,40.51856274922837,53.794157060406825,70.59394787005823,85.74865990044218,87.42184440342058,84.52055165449045,84.97507878997402,82.66248758505563,68.17209821511612,64.60842661292443
2025-12-22,59.43817845232731,53.154808165480176,49.166909916494056,46.995309579078864,49.78644917998653,56.79811944376743,77.52346647338491,97.1967694274368,88.3937827947165,69.8698028498294,60.790646410362214,56.17924109034871,56.506125314405494,52.928330078051374,58.91876416778231,64.45089603102109,83.23394132011705,98.00095398546209,100.20527793999531,101.56181881721093,102.35955670353198,93.151018012002,79.28777235866804,67.1576458618411
2025-12-23,67.69985360232371,63.2384547086006,59.625588979181224,57.70334735240015,61.702222560145394,67.48822100867258,82.64840980808765,103.00405378499619,97.92187369919972,88.13772881539448,78.57406955696638,75.3931432959763,75.74929911401291,77.48571019774192,81.84405483417696,90.40764817056211,105.32285887812326,111.81502650459458,111.95733687065511,115.45951317168613,107.52412960657972,100.83412744848505,90.23165040785722,81.4186286245297
2025-12-24,69.20987940403292,61.86128175672275,56.70177552279213,53.403365721686804,55.92107774231991,60.091308670967216,71.76840321927679,83.2740486627855,79.18559256483047,64.33156988736218,51.3937675450236,44.08154400405096,40.99476859631326,37.798234740776714,37.400845853338446,46.15105915292816,64.42189038194024,77.98736001898925,80.62465737240606,81.3594712002266,80.69655759468586,73.60841490394581,62.99887180661622,54.65241653929442
2025-12-25,56.528709451886826,51.66292521120329,48.548690546874575,46.11771926799522,49.49633174278514,54.494482315332036,69.4934508643357,76.86389766729792,71.58975034177777,58.34633196686829,51.28624952935211,48.66872886824803,49.62894875608342,51.971530182677505,54.42135996386116,69.36150415164977,89.76760986815941,107.2815909914091,116.67918061480952,122.38143672858129,114.44294703387891,100.4539989048481,96.72212379899963,89.02872700264366
2025-12-26,85.15948531263506,79.06694736246023,73.80344276585038,72.01912959791234,75.40048941026072,85.8920484045243,101.71646384393702,112.42999881233987,100.13044848995129,88.62182329136616,77.07692771341344,76.16106192273011,73.46723844721842,72.20475177297348,72.27761248906154,85.52076672060025,101.15054407956825,126.14849446588143,132.1288369066855,142.1231292261902,123.88954606937287,110.34554248982413,101.77376505825558,88.53410777375703
2025-12-27,83.85146069857527,75.06840904278978,69.71348278200604,64.09090683883397,63.03716465843992,63.17832214299443,73.10432016789332,87.11100460953283,79.8020438116922,64.75587971999933,50.664563437280094,46.30896371234364,44.07582767213182,42.51083317610135,43.479276870100385,54.03924437391882,71.73633113646916,88.11506035032171,89.40839029305626,86.02039346319407,85.9644649665521,78.11600766744725,64.47479869966142,55.218328129030496
2025-12-28,55.01142743013288,48.22284213666282,45.92857129180368,44.398629816248885,47.04686606581157,46.221680765635,48.81008186122064,61.46199665313016,64.57326888137555,57.44455064837493,53.11234706324515,50.72188191764198,54.857053835744,56.45587045134636,57.866890968640334,72.2481392369691,86.72985021705131,102.62908210911064,105.74041036760197,108.65934764937482,106.69112542782608,102.37872696107985,93.2663279848815,89.74557319055948
2025-12-29,99.23573471972591,93.45959678137278,90.28298610187406,91.02985061117583,96.86312728041246,103.40582420641536,116.419175976617,134.55035594881417,124.41491543136016,113.06461564668314,98.8858015979582,96.82994122314291,97.41355711357093,96.97247592654355,102.25588865892941,113.12963766465703,124.13664446287166,138.88228545302172,148.05945012025822,151.36982451309774,140.33272815974948,128.2912566952503,117.39858917035588,114.52309303676027
2025-12-30,92.921064815741,85.01107552802327,78.88518772164677,74.68075647551512,74.50499093097552,79.04311572434382,88.92947801031985,107.55005428482231,102.0240061156118,82.76201147912008,68.37312234783325,65.3981390087004,63.083740834756895,58.96184100461831,61.023623936288956,71.18210736250623,89.66164491949817,107.34943835060793,115.13079104025027,114.85811796610528,110.23408261947387,100.79977871346182,89.43984382396212,77.90609996346836
2025-12-31,78.53759888267734,73.15117576577998,72.17173164736818,70.4930689728761,75.68763068933576,84.12782416858154,94.50008120324932,111.94076035198302,105.13390577729425,89.66217675381914,76.63826476122689,73.5379220305375,73.97544578571623,76.5731355271861,78.98459037804281,94.26482147401039,114.3781786913366,127.69862765262582,133.84064561739515,135.67233215718218,122.50560759403669,120.17005101696766,112.19475398902449,108.39496548497826
